Library_Name,Symbol_Type,Class_Name,Symbol_Name,Usage_Location,Line_Number
CLIENT:client-code:N/A:N/A,NameExpr,com.wdbyte.bing.BingFileUtils,README_PATH,C:\Users\tyin363\Documents\repos\niumoo__bing-wallpaper\src\main\java\com\wdbyte\bing\BingFileUtils.java,142
CLIENT:client-code:N/A:N/A,NameExpr,com.wdbyte.bing.html.HtmlConstant.MonthHistory,VAR_MONTH_HISTORY_HREF_URL,C:\Users\tyin363\Documents\repos\niumoo__bing-wallpaper\src\main\java\com\wdbyte\bing\html\HtmlConstant.java,82
JDK:java.base:N/A:N/A,MethodCallExpr,java.nio.file.Files,write,C:\Users\tyin363\Documents\repos\niumoo__bing-wallpaper\src\main\java\com\wdbyte\bing\BingFileUtils.java,130
JDK:java.base:N/A:N/A,ClassOrInterfaceType,java.lang.String,String,C:\Users\tyin363\Documents\repos\niumoo__bing-wallpaper\src\main\java\com\wdbyte\bing\html\HtmlFileUtils.java,56
CLIENT:client-code:N/A:N/A,ClassOrInterfaceType,com.wdbyte.bing.Images,Images,C:\Users\tyin363\Documents\repos\niumoo__bing-wallpaper\src\main\java\com\wdbyte\bing\BingFileUtils.java,35
JDK:java.base:N/A:N/A,MethodCallExpr,java.util.List,size,C:\Users\tyin363\Documents\repos\niumoo__bing-wallpaper\src\main\java\com\wdbyte\bing\BingFileUtils.java,57
JDK:java.base:N/A:N/A,ClassOrInterfaceType,java.io.IOException,IOException,C:\Users\tyin363\Documents\repos\niumoo__bing-wallpaper\src\main\java\com\wdbyte\bing\BingFileUtils.java,198
JDK:java.base:N/A:N/A,ClassOrInterfaceType,java.lang.String,String,C:\Users\tyin363\Documents\repos\niumoo__bing-wallpaper\src\main\java\com\wdbyte\bing\html\WebSiteGenerator.java,92
CLIENT:client-code:N/A:N/A,NameExpr,com.wdbyte.bing.Images,desc,C:\Users\tyin363\Documents\repos\niumoo__bing-wallpaper\src\main\java\com\wdbyte\bing\Images.java,40
JDK:java.base:N/A:N/A,ClassOrInterfaceType,java.time.LocalDate,LocalDate,C:\Users\tyin363\Documents\repos\niumoo__bing-wallpaper\src\main\java\com\wdbyte\bing\Wallpaper.java,52
JDK:java.base:N/A:N/A,ClassOrInterfaceType,java.lang.String,String,C:\Users\tyin363\Documents\repos\niumoo__bing-wallpaper\src\main\java\com\wdbyte\bing\html\HtmlConstant.java,91
JDK:java.base:N/A:N/A,ClassOrInterfaceType,java.lang.String,String,C:\Users\tyin363\Documents\repos\niumoo__bing-wallpaper\src\main\java\com\wdbyte\bing\BingFileUtils.java,137
JDK:java.base:N/A:N/A,ClassOrInterfaceType,java.lang.String,String,C:\Users\tyin363\Documents\repos\niumoo__bing-wallpaper\src\main\java\com\wdbyte\bing\html\HtmlConstant.java,25
CLIENT:client-code:N/A:N/A,MethodCallExpr,com.wdbyte.bing.Images,getDate,C:\Users\tyin363\Documents\repos\niumoo__bing-wallpaper\src\main\java\com\wdbyte\bing\html\WebSiteGenerator.java,55
JDK:java.base:N/A:N/A,MethodCallExpr,java.nio.file.Paths,get,C:\Users\tyin363\Documents\repos\niumoo__bing-wallpaper\src\main\java\com\wdbyte\bing\BingFileUtils.java,27
JDK:java.base:N/A:N/A,MethodCallExpr,java.lang.String,format,C:\Users\tyin363\Documents\repos\niumoo__bing-wallpaper\src\main\java\com\wdbyte\bing\html\WebSiteGenerator.java,55
CLIENT:client-code:N/A:N/A,MethodCallExpr,com.wdbyte.bing.html.HtmlFileUtils,writeIndexHtml,C:\Users\tyin363\Documents\repos\niumoo__bing-wallpaper\src\main\java\com\wdbyte\bing\html\WebSiteGenerator.java,76
JDK:java.base:N/A:N/A,ClassOrInterfaceType,java.lang.String,String,C:\Users\tyin363\Documents\repos\niumoo__bing-wallpaper\src\main\java\com\wdbyte\bing\LogUtils.java,9
JDK:java.base:N/A:N/A,ClassOrInterfaceType,java.io.IOException,IOException,C:\Users\tyin363\Documents\repos\niumoo__bing-wallpaper\src\main\java\com\wdbyte\bing\html\HtmlFileUtils.java,51
CLIENT:client-code:N/A:N/A,NameExpr,com.wdbyte.bing.Wallpaper,CURRENT_REGION,C:\Users\tyin363\Documents\repos\niumoo__bing-wallpaper\src\main\java\com\wdbyte\bing\Wallpaper.java,70
CLIENT:client-code:N/A:N/A,MethodCallExpr,com.wdbyte.bing.html.WebSiteGenerator,htmlGeneratorImgJson,C:\Users\tyin363\Documents\repos\niumoo__bing-wallpaper\src\main\java\com\wdbyte\bing\html\WebSiteGenerator.java,39
CLIENT:client-code:N/A:N/A,ClassOrInterfaceType,com.wdbyte.bing.Images,Images,C:\Users\tyin363\Documents\repos\niumoo__bing-wallpaper\src\main\java\com\wdbyte\bing\BingFileUtils.java,102
JDK:java.base:N/A:N/A,MethodCallExpr,java.nio.file.Files,createFile,C:\Users\tyin363\Documents\repos\niumoo__bing-wallpaper\src\main\java\com\wdbyte\bing\BingFileUtils.java,200
JDK:java.base:N/A:N/A,ClassOrInterfaceType,java.lang.String,String,C:\Users\tyin363\Documents\repos\niumoo__bing-wallpaper\src\main\java\com\wdbyte\bing\html\HtmlFileUtils.java,24
JDK:java.base:N/A:N/A,ClassOrInterfaceType,java.nio.file.Path,Path,C:\Users\tyin363\Documents\repos\niumoo__bing-wallpaper\src\main\java\com\wdbyte\bing\html\HtmlFileUtils.java,69
CLIENT:client-code:N/A:N/A,ClassOrInterfaceType,com.wdbyte.bing.Images,Images,C:\Users\tyin363\Documents\repos\niumoo__bing-wallpaper\src\main\java\com\wdbyte\bing\html\WebSiteGenerator.java,157
JDK:java.base:N/A:N/A,MethodCallExpr,java.net.URLConnection,setRequestProperty,C:\Users\tyin363\Documents\repos\niumoo__bing-wallpaper\src\main\java\com\wdbyte\bing\HttpUtls.java,29
CLIENT:client-code:N/A:N/A,ObjectCreationExpr,com.wdbyte.bing.Images,Images,C:\Users\tyin363\Documents\repos\niumoo__bing-wallpaper\src\main\java\com\wdbyte\bing\BingFileUtils.java,55
JDK:java.base:N/A:N/A,MethodCallExpr,java.util.stream.Stream,filter,C:\Users\tyin363\Documents\repos\niumoo__bing-wallpaper\src\main\java\com\wdbyte\bing\html\WebSiteGenerator.java,44
JDK:java.base:N/A:N/A,MethodCallExpr,java.lang.Object,getClass,C:\Users\tyin363\Documents\repos\niumoo__bing-wallpaper\src\main\java\com\wdbyte\bing\Images.java,88
JDK:java.base:N/A:N/A,MethodCallExpr,java.nio.file.Files,readAllBytes,C:\Users\tyin363\Documents\repos\niumoo__bing-wallpaper\src\main\java\com\wdbyte\bing\html\HtmlFileUtils.java,23
CLIENT:client-code:N/A:N/A,MethodCallExpr,com.wdbyte.bing.html.HtmlFileUtils,write,C:\Users\tyin363\Documents\repos\niumoo__bing-wallpaper\src\main\java\com\wdbyte\bing\html\HtmlFileUtils.java,53
JDK:java.base:N/A:N/A,ClassOrInterfaceType,java.io.IOException,IOException,C:\Users\tyin363\Documents\repos\niumoo__bing-wallpaper\src\main\java\com\wdbyte\bing\BingFileUtils.java,67
JDK:java.base:N/A:N/A,ClassOrInterfaceType,java.lang.String,String,C:\Users\tyin363\Documents\repos\niumoo__bing-wallpaper\src\main\java\com\wdbyte\bing\html\WebSiteGenerator.java,157
CLIENT:client-code:N/A:N/A,ClassOrInterfaceType,com.wdbyte.bing.Images,Images,C:\Users\tyin363\Documents\repos\niumoo__bing-wallpaper\src\main\java\com\wdbyte\bing\html\WebSiteGenerator.java,91
JDK:java.base:N/A:N/A,MethodCallExpr,java.lang.String,contains,C:\Users\tyin363\Documents\repos\niumoo__bing-wallpaper\src\main\java\com\wdbyte\bing\Images.java,32
JDK:java.base:N/A:N/A,ClassOrInterfaceType,java.lang.String,String,C:\Users\tyin363\Documents\repos\niumoo__bing-wallpaper\src\main\java\com\wdbyte\bing\BingFileUtils.java,138
JDK:java.base:N/A:N/A,ClassOrInterfaceType,java.lang.String,String,C:\Users\tyin363\Documents\repos\niumoo__bing-wallpaper\src\main\java\com\wdbyte\bing\Wallpaper.java,48
JDK:java.base:N/A:N/A,MethodCallExpr,java.lang.System,lineSeparator,C:\Users\tyin363\Documents\repos\niumoo__bing-wallpaper\src\main\java\com\wdbyte\bing\BingFileUtils.java,72
CLIENT:client-code:N/A:N/A,MethodCallExpr,com.wdbyte.bing.html.WebSiteGenerator,replaceSidebar,C:\Users\tyin363\Documents\repos\niumoo__bing-wallpaper\src\main\java\com\wdbyte\bing\html\WebSiteGenerator.java,70
JDK:java.base:N/A:N/A,ClassOrInterfaceType,java.lang.String,String,C:\Users\tyin363\Documents\repos\niumoo__bing-wallpaper\src\main\java\com\wdbyte\bing\html\HtmlConstant.java,92
JDK:java.base:N/A:N/A,ClassOrInterfaceType,java.util.List,List,C:\Users\tyin363\Documents\repos\niumoo__bing-wallpaper\src\main\java\com\wdbyte\bing\BingFileUtils.java,91
JDK:java.base:N/A:N/A,ClassOrInterfaceType,java.util.Map,Map,C:\Users\tyin363\Documents\repos\niumoo__bing-wallpaper\src\main\java\com\wdbyte\bing\html\WebSiteGenerator.java,109
CLIENT:client-code:N/A:N/A,NameExpr,com.wdbyte.bing.Images,date,C:\Users\tyin363\Documents\repos\niumoo__bing-wallpaper\src\main\java\com\wdbyte\bing\Images.java,67
JDK:java.base:N/A:N/A,MethodCallExpr,java.lang.String,substring,C:\Users\tyin363\Documents\repos\niumoo__bing-wallpaper\src\main\java\com\wdbyte\bing\BingFileUtils.java,54
JDK:java.base:N/A:N/A,ClassOrInterfaceType,java.io.IOException,IOException,C:\Users\tyin363\Documents\repos\niumoo__bing-wallpaper\src\main\java\com\wdbyte\bing\html\WebSiteGenerator.java,53
CLIENT:client-code:N/A:N/A,MethodCallExpr,com.wdbyte.bing.html.WebSiteGenerator,htmlGenerator,C:\Users\tyin363\Documents\repos\niumoo__bing-wallpaper\src\main\java\com\wdbyte\bing\Wallpaper.java,64
JDK:java.base:N/A:N/A,MethodCallExpr,java.util.Collection,stream,C:\Users\tyin363\Documents\repos\niumoo__bing-wallpaper\src\main\java\com\wdbyte\bing\BingFileUtils.java,44
com.alibaba:fastjson:jar:2.0.47,ClassOrInterfaceType,com.alibaba.fastjson.JSONArray,JSONArray,C:\Users\tyin363\Documents\repos\niumoo__bing-wallpaper\src\main\java\com\wdbyte\bing\html\WebSiteGenerator.java,93
JDK:java.base:N/A:N/A,MethodCallExpr,java.nio.file.Path,resolve,C:\Users\tyin363\Documents\repos\niumoo__bing-wallpaper\src\main\java\com\wdbyte\bing\html\HtmlFileUtils.java,47
CLIENT:client-code:N/A:N/A,MethodCallExpr,com.wdbyte.bing.html.WebSiteGenerator,replaceImgList,C:\Users\tyin363\Documents\repos\niumoo__bing-wallpaper\src\main\java\com\wdbyte\bing\html\WebSiteGenerator.java,118
JDK:java.base:N/A:N/A,ObjectCreationExpr,java.net.URL,URL,C:\Users\tyin363\Documents\repos\niumoo__bing-wallpaper\src\main\java\com\wdbyte\bing\HttpUtls.java,27
JDK:java.base:N/A:N/A,ClassOrInterfaceType,java.io.IOException,IOException,C:\Users\tyin363\Documents\repos\niumoo__bing-wallpaper\src\main\java\com\wdbyte\bing\BingFileUtils.java,35
JDK:java.base:N/A:N/A,ClassOrInterfaceType,java.lang.String,String,C:\Users\tyin363\Documents\repos\niumoo__bing-wallpaper\src\main\java\com\wdbyte\bing\Images.java,72
CLIENT:client-code:N/A:N/A,MethodCallExpr,com.wdbyte.bing.Images,getUrl,C:\Users\tyin363\Documents\repos\niumoo__bing-wallpaper\src\main\java\com\wdbyte\bing\html\WebSiteGenerator.java,33
JDK:java.base:N/A:N/A,ClassOrInterfaceType,java.lang.String,String,C:\Users\tyin363\Documents\repos\niumoo__bing-wallpaper\src\main\java\com\wdbyte\bing\Images.java,39
JDK:java.base:N/A:N/A,ClassOrInterfaceType,java.util.List,List,C:\Users\tyin363\Documents\repos\niumoo__bing-wallpaper\src\main\java\com\wdbyte\bing\html\WebSiteGenerator.java,79
JDK:java.base:N/A:N/A,MethodCallExpr,java.util.stream.Stream,collect,C:\Users\tyin363\Documents\repos\niumoo__bing-wallpaper\src\main\java\com\wdbyte\bing\Wallpaper.java,60
JDK:java.base:N/A:N/A,MethodCallExpr,java.nio.file.Paths,get,C:\Users\tyin363\Documents\repos\niumoo__bing-wallpaper\src\main\java\com\wdbyte\bing\BingFileUtils.java,25
CLIENT:client-code:N/A:N/A,MethodCallExpr,com.wdbyte.bing.Images,getSimpleUrl,C:\Users\tyin363\Documents\repos\niumoo__bing-wallpaper\src\main\java\com\wdbyte\bing\html\HtmlConstant.java,61
JDK:java.base:N/A:N/A,ClassOrInterfaceType,java.lang.Object,Object,C:\Users\tyin363\Documents\repos\niumoo__bing-wallpaper\src\main\java\com\wdbyte\bing\Images.java,86
JDK:java.base:N/A:N/A,ClassOrInterfaceType,java.lang.String,String,C:\Users\tyin363\Documents\repos\niumoo__bing-wallpaper\src\main\java\com\wdbyte\bing\Wallpaper.java,51
JDK:java.base:N/A:N/A,MethodCallExpr,java.util.stream.Stream,collect,C:\Users\tyin363\Documents\repos\niumoo__bing-wallpaper\src\main\java\com\wdbyte\bing\html\WebSiteGenerator.java,105
JDK:java.base:N/A:N/A,MethodCallExpr,java.util.Map,containsKey,C:\Users\tyin363\Documents\repos\niumoo__bing-wallpaper\src\main\java\com\wdbyte\bing\BingFileUtils.java,179
CLIENT:client-code:N/A:N/A,MethodCallExpr,com.wdbyte.bing.Images,getDesc,C:\Users\tyin363\Documents\repos\niumoo__bing-wallpaper\src\main\java\com\wdbyte\bing\html\WebSiteGenerator.java,61
CLIENT:client-code:N/A:N/A,FieldAccessExpr,com.wdbyte.bing.Images,desc,C:\Users\tyin363\Documents\repos\niumoo__bing-wallpaper\src\main\java\com\wdbyte\bing\Images.java,44
JDK:java.base:N/A:N/A,ClassOrInterfaceType,java.util.List,List,C:\Users\tyin363\Documents\repos\niumoo__bing-wallpaper\src\main\java\com\wdbyte\bing\BingFileUtils.java,92
JDK:java.base:N/A:N/A,MethodCallExpr,java.lang.StringBuilder,toString,C:\Users\tyin363\Documents\repos\niumoo__bing-wallpaper\src\main\java\com\wdbyte\bing\html\WebSiteGenerator.java,162
CLIENT:client-code:N/A:N/A,NameExpr,com.wdbyte.bing.Images,date,C:\Users\tyin363\Documents\repos\niumoo__bing-wallpaper\src\main\java\com\wdbyte\bing\Images.java,68
com.alibaba:fastjson:jar:2.0.47,ClassOrInterfaceType,com.alibaba.fastjson.JSONArray,JSONArray,C:\Users\tyin363\Documents\repos\niumoo__bing-wallpaper\src\main\java\com\wdbyte\bing\Wallpaper.java,44
JDK:java.base:N/A:N/A,MethodCallExpr,java.nio.file.Files,write,C:\Users\tyin363\Documents\repos\niumoo__bing-wallpaper\src\main\java\com\wdbyte\bing\BingFileUtils.java,129
JDK:java.base:N/A:N/A,ClassOrInterfaceType,java.lang.Object,Object,C:\Users\tyin363\Documents\repos\niumoo__bing-wallpaper\src\main\java\com\wdbyte\bing\html\WebSiteGenerator.java,105
JDK:java.base:N/A:N/A,ClassOrInterfaceType,java.lang.String,String,C:\Users\tyin363\Documents\repos\niumoo__bing-wallpaper\src\main\java\com\wdbyte\bing\html\HtmlFileUtils.java,26
CLIENT:client-code:N/A:N/A,FieldAccessExpr,com.wdbyte.bing.Wallpaper,CURRENT_REGION,C:\Users\tyin363\Documents\repos\niumoo__bing-wallpaper\src\main\java\com\wdbyte\bing\html\WebSiteGenerator.java,55
JDK:java.base:N/A:N/A,MethodCallExpr,java.lang.String,format,C:\Users\tyin363\Documents\repos\niumoo__bing-wallpaper\src\main\java\com\wdbyte\bing\Images.java,36
CLIENT:client-code:N/A:N/A,NameExpr,com.wdbyte.bing.Wallpaper,BING_URL,C:\Users\tyin363\Documents\repos\niumoo__bing-wallpaper\src\main\java\com\wdbyte\bing\Wallpaper.java,48
JDK:java.base:N/A:N/A,MethodCallExpr,java.util.Arrays,stream,C:\Users\tyin363\Documents\repos\niumoo__bing-wallpaper\src\main\java\com\wdbyte\bing\BingFileUtils.java,95
JDK:java.base:N/A:N/A,MethodCallExpr,java.lang.String,indexOf,C:\Users\tyin363\Documents\repos\niumoo__bing-wallpaper\src\main\java\com\wdbyte\bing\Images.java,61
JDK:java.base:N/A:N/A,ClassOrInterfaceType,java.util.ArrayList,ArrayList,C:\Users\tyin363\Documents\repos\niumoo__bing-wallpaper\src\main\java\com\wdbyte\bing\BingFileUtils.java,182
JDK:java.base:N/A:N/A,ClassOrInterfaceType,java.lang.String,String,C:\Users\tyin363\Documents\repos\niumoo__bing-wallpaper\src\main\java\com\wdbyte\bing\BingFileUtils.java,202
JDK:java.base:N/A:N/A,ClassOrInterfaceType,java.util.List,List,C:\Users\tyin363\Documents\repos\niumoo__bing-wallpaper\src\main\java\com\wdbyte\bing\html\WebSiteGenerator.java,111
JDK:java.base:N/A:N/A,MethodCallExpr,java.nio.file.Paths,get,C:\Users\tyin363\Documents\repos\niumoo__bing-wallpaper\src\main\java\com\wdbyte\bing\BingFileUtils.java,24
JDK:java.base:N/A:N/A,ClassOrInterfaceType,java.lang.String,String,C:\Users\tyin363\Documents\repos\niumoo__bing-wallpaper\src\main\java\com\wdbyte\bing\html\HtmlConstant.java,24
CLIENT:client-code:N/A:N/A,MethodCallExpr,com.wdbyte.bing.Images,getSimpleUrl,C:\Users\tyin363\Documents\repos\niumoo__bing-wallpaper\src\main\java\com\wdbyte\bing\html\HtmlConstant.java,62
JDK:java.base:N/A:N/A,MethodCallExpr,java.lang.String,format,C:\Users\tyin363\Documents\repos\niumoo__bing-wallpaper\src\main\java\com\wdbyte\bing\Wallpaper.java,40
JDK:java.base:N/A:N/A,ClassOrInterfaceType,java.util.List,List,C:\Users\tyin363\Documents\repos\niumoo__bing-wallpaper\src\main\java\com\wdbyte\bing\html\WebSiteGenerator.java,45
JDK:java.base:N/A:N/A,MethodCallExpr,java.lang.System,lineSeparator,C:\Users\tyin363\Documents\repos\niumoo__bing-wallpaper\src\main\java\com\wdbyte\bing\BingFileUtils.java,209
JDK:java.base:N/A:N/A,ClassOrInterfaceType,java.util.Map,Map,C:\Users\tyin363\Documents\repos\niumoo__bing-wallpaper\src\main\java\com\wdbyte\bing\html\WebSiteGenerator.java,45
CLIENT:client-code:N/A:N/A,FieldAccessExpr,com.wdbyte.bing.html.HtmlConstant.ImgDetail,HEAD_TITLE,C:\Users\tyin363\Documents\repos\niumoo__bing-wallpaper\src\main\java\com\wdbyte\bing\html\WebSiteGenerator.java,82
JDK:java.base:N/A:N/A,MethodCallExpr,java.lang.String,getBytes,C:\Users\tyin363\Documents\repos\niumoo__bing-wallpaper\src\main\java\com\wdbyte\bing\BingFileUtils.java,129
CLIENT:client-code:N/A:N/A,FieldAccessExpr,com.wdbyte.bing.Images,url,C:\Users\tyin363\Documents\repos\niumoo__bing-wallpaper\src\main\java\com\wdbyte\bing\Images.java,82
CLIENT:client-code:N/A:N/A,MethodCallExpr,com.wdbyte.bing.html.HtmlFileUtils,writeDetailHtml,C:\Users\tyin363\Documents\repos\niumoo__bing-wallpaper\src\main\java\com\wdbyte\bing\html\WebSiteGenerator.java,87
CLIENT:client-code:N/A:N/A,MethodCallExpr,com.wdbyte.bing.html.HtmlFileUtils,readImagesJson,C:\Users\tyin363\Documents\repos\niumoo__bing-wallpaper\src\main\java\com\wdbyte\bing\html\WebSiteGenerator.java,92
CLIENT:client-code:N/A:N/A,MethodCallExpr,com.wdbyte.bing.Images,getUrl,C:\Users\tyin363\Documents\repos\niumoo__bing-wallpaper\src\main\java\com\wdbyte\bing\html\HtmlConstant.java,63
CLIENT:client-code:N/A:N/A,NameExpr,com.wdbyte.bing.html.HtmlFileUtils,BING_HTML_ROOT,C:\Users\tyin363\Documents\repos\niumoo__bing-wallpaper\src\main\java\com\wdbyte\bing\html\HtmlFileUtils.java,69
CLIENT:client-code:N/A:N/A,NameExpr,com.wdbyte.bing.Images,desc,C:\Users\tyin363\Documents\repos\niumoo__bing-wallpaper\src\main\java\com\wdbyte\bing\Images.java,36
JDK:java.base:N/A:N/A,MethodCallExpr,java.nio.file.Paths,get,C:\Users\tyin363\Documents\repos\niumoo__bing-wallpaper\src\main\java\com\wdbyte\bing\Wallpaper.java,75
CLIENT:client-code:N/A:N/A,FieldAccessExpr,com.wdbyte.bing.html.HtmlConstant.Sidebar,VAR_SIDABAR,C:\Users\tyin363\Documents\repos\niumoo__bing-wallpaper\src\main\java\com\wdbyte\bing\html\WebSiteGenerator.java,135
JDK:java.base:N/A:N/A,ClassOrInterfaceType,java.lang.String,String,C:\Users\tyin363\Documents\repos\niumoo__bing-wallpaper\src\main\java\com\wdbyte\bing\BingFileUtils.java,100
JDK:java.base:N/A:N/A,ClassOrInterfaceType,java.util.Map,Map,C:\Users\tyin363\Documents\repos\niumoo__bing-wallpaper\src\main\java\com\wdbyte\bing\BingFileUtils.java,155
CLIENT:client-code:N/A:N/A,MethodCallExpr,com.wdbyte.bing.Images,getDate,C:\Users\tyin363\Documents\repos\niumoo__bing-wallpaper\src\main\java\com\wdbyte\bing\html\WebSiteGenerator.java,59
JDK:java.base:N/A:N/A,ClassOrInterfaceType,java.lang.String,String,C:\Users\tyin363\Documents\repos\niumoo__bing-wallpaper\src\main\java\com\wdbyte\bing\html\WebSiteGenerator.java,129
JDK:java.base:N/A:N/A,MethodCallExpr,java.nio.file.Files,exists,C:\Users\tyin363\Documents\repos\niumoo__bing-wallpaper\src\main\java\com\wdbyte\bing\html\HtmlFileUtils.java,59
JDK:java.base:N/A:N/A,ClassOrInterfaceType,java.net.HttpURLConnection,HttpURLConnection,C:\Users\tyin363\Documents\repos\niumoo__bing-wallpaper\src\main\java\com\wdbyte\bing\HttpUtls.java,41
JDK:java.base:N/A:N/A,MethodCallExpr,java.util.stream.Collectors,toList,C:\Users\tyin363\Documents\repos\niumoo__bing-wallpaper\src\main\java\com\wdbyte\bing\BingFileUtils.java,44
JDK:java.base:N/A:N/A,MethodCallExpr,java.util.ArrayList,add,C:\Users\tyin363\Documents\repos\niumoo__bing-wallpaper\src\main\java\com\wdbyte\bing\BingFileUtils.java,183
com.alibaba:fastjson:jar:2.0.47,MethodCallExpr,com.alibaba.fastjson.JSONObject,get,C:\Users\tyin363\Documents\repos\niumoo__bing-wallpaper\src\main\java\com\wdbyte\bing\Wallpaper.java,48
JDK:java.base:N/A:N/A,MethodCallExpr,java.lang.System,lineSeparator,C:\Users\tyin363\Documents\repos\niumoo__bing-wallpaper\src\main\java\com\wdbyte\bing\BingFileUtils.java,142
JDK:java.base:N/A:N/A,MethodCallExpr,java.util.Map,get,C:\Users\tyin363\Documents\repos\niumoo__bing-wallpaper\src\main\java\com\wdbyte\bing\BingFileUtils.java,180
CLIENT:client-code:N/A:N/A,NameExpr,com.wdbyte.bing.html.HtmlFileUtils,BING_HTML_IMAGES_JSON,C:\Users\tyin363\Documents\repos\niumoo__bing-wallpaper\src\main\java\com\wdbyte\bing\html\HtmlFileUtils.java,23
JDK:java.base:N/A:N/A,MethodCallExpr,java.util.Map,keySet,C:\Users\tyin363\Documents\repos\niumoo__bing-wallpaper\src\main\java\com\wdbyte\bing\html\WebSiteGenerator.java,174
JDK:java.base:N/A:N/A,ClassOrInterfaceType,java.util.List,List,C:\Users\tyin363\Documents\repos\niumoo__bing-wallpaper\src\main\java\com\wdbyte\bing\BingFileUtils.java,131
CLIENT:client-code:N/A:N/A,NameExpr,com.wdbyte.bing.BingFileUtils,README_PATH,C:\Users\tyin363\Documents\repos\niumoo__bing-wallpaper\src\main\java\com\wdbyte\bing\BingFileUtils.java,139
CLIENT:client-code:N/A:N/A,ClassOrInterfaceType,com.wdbyte.bing.Images,Images,C:\Users\tyin363\Documents\repos\niumoo__bing-wallpaper\src\main\java\com\wdbyte\bing\html\HtmlConstant.java,60
CLIENT:client-code:N/A:N/A,FieldAccessExpr,com.wdbyte.bing.BingFileUtils,BING_PATH,C:\Users\tyin363\Documents\repos\niumoo__bing-wallpaper\src\main\java\com\wdbyte\bing\Wallpaper.java,78
JDK:java.base:N/A:N/A,FieldAccessExpr,java.time.format.DateTimeFormatter,ISO_LOCAL_DATE,C:\Users\tyin363\Documents\repos\niumoo__bing-wallpaper\src\main\java\com\wdbyte\bing\Wallpaper.java,53
CLIENT:client-code:N/A:N/A,MethodCallExpr,com.wdbyte.bing.html.WebSiteGenerator,htmlGeneratorMonth,C:\Users\tyin363\Documents\repos\niumoo__bing-wallpaper\src\main\java\com\wdbyte\bing\html\WebSiteGenerator.java,48
JDK:java.base:N/A:N/A,ClassOrInterfaceType,java.lang.String,String,C:\Users\tyin363\Documents\repos\niumoo__bing-wallpaper\src\main\java\com\wdbyte\bing\html\WebSiteGenerator.java,29
JDK:java.base:N/A:N/A,MethodCallExpr,java.util.List,size,C:\Users\tyin363\Documents\repos\niumoo__bing-wallpaper\src\main\java\com\wdbyte\bing\BingFileUtils.java,93
JDK:java.base:N/A:N/A,MethodCallExpr,java.lang.System,lineSeparator,C:\Users\tyin363\Documents\repos\niumoo__bing-wallpaper\src\main\java\com\wdbyte\bing\BingFileUtils.java,76
CLIENT:client-code:N/A:N/A,FieldAccessExpr,com.wdbyte.bing.html.HtmlConstant.Sidebar,VAR_SIDABAR_COLOR,C:\Users\tyin363\Documents\repos\niumoo__bing-wallpaper\src\main\java\com\wdbyte\bing\html\WebSiteGenerator.java,131
CLIENT:client-code:N/A:N/A,MethodCallExpr,com.wdbyte.bing.html.HtmlFileUtils,writeMonthHtml,C:\Users\tyin363\Documents\repos\niumoo__bing-wallpaper\src\main\java\com\wdbyte\bing\html\WebSiteGenerator.java,122
JDK:java.base:N/A:N/A,ClassOrInterfaceType,java.util.List,List,C:\Users\tyin363\Documents\repos\niumoo__bing-wallpaper\src\main\java\com\wdbyte\bing\html\WebSiteGenerator.java,43
CLIENT:client-code:N/A:N/A,MethodCallExpr,com.wdbyte.bing.BingFileUtils,convertImgListToMonthMap,C:\Users\tyin363\Documents\repos\niumoo__bing-wallpaper\src\main\java\com\wdbyte\bing\html\WebSiteGenerator.java,45
JDK:java.base:N/A:N/A,ClassOrInterfaceType,java.lang.String,String,C:\Users\tyin363\Documents\repos\niumoo__bing-wallpaper\src\main\java\com\wdbyte\bing\html\WebSiteGenerator.java,128
JDK:java.base:N/A:N/A,ClassOrInterfaceType,java.lang.String,String,C:\Users\tyin363\Documents\repos\niumoo__bing-wallpaper\src\main\java\com\wdbyte\bing\BingFileUtils.java,101
JDK:java.base:N/A:N/A,ClassOrInterfaceType,java.util.List,List,C:\Users\tyin363\Documents\repos\niumoo__bing-wallpaper\src\main\java\com\wdbyte\bing\html\WebSiteGenerator.java,109
CLIENT:client-code:N/A:N/A,NameExpr,com.wdbyte.bing.Images,date,C:\Users\tyin363\Documents\repos\niumoo__bing-wallpaper\src\main\java\com\wdbyte\bing\Images.java,96
JDK:java.base:N/A:N/A,MethodCallExpr,java.nio.file.Files,createFile,C:\Users\tyin363\Documents\repos\niumoo__bing-wallpaper\src\main\java\com\wdbyte\bing\BingFileUtils.java,69
JDK:java.base:N/A:N/A,MethodCallExpr,java.lang.System,lineSeparator,C:\Users\tyin363\Documents\repos\niumoo__bing-wallpaper\src\main\java\com\wdbyte\bing\BingFileUtils.java,207
JDK:java.base:N/A:N/A,ClassOrInterfaceType,java.io.IOException,IOException,C:\Users\tyin363\Documents\repos\niumoo__bing-wallpaper\src\main\java\com\wdbyte\bing\Wallpaper.java,38
JDK:java.base:N/A:N/A,ClassOrInterfaceType,java.io.IOException,IOException,C:\Users\tyin363\Documents\repos\niumoo__bing-wallpaper\src\main\java\com\wdbyte\bing\html\HtmlFileUtils.java,46
CLIENT:client-code:N/A:N/A,NameExpr,com.wdbyte.bing.html.HtmlConstant.ImgCard,VAR_IMG_CRARD_REGION,C:\Users\tyin363\Documents\repos\niumoo__bing-wallpaper\src\main\java\com\wdbyte\bing\html\HtmlConstant.java,66
CLIENT:client-code:N/A:N/A,FieldAccessExpr,com.wdbyte.bing.html.HtmlConstant.ImgDetail,IMG_DESC,C:\Users\tyin363\Documents\repos\niumoo__bing-wallpaper\src\main\java\com\wdbyte\bing\html\WebSiteGenerator.java,85
JDK:java.base:N/A:N/A,MethodCallExpr,java.nio.file.Paths,get,C:\Users\tyin363\Documents\repos\niumoo__bing-wallpaper\src\main\java\com\wdbyte\bing\Wallpaper.java,72
CLIENT:client-code:N/A:N/A,ClassOrInterfaceType,com.wdbyte.bing.Images,Images,C:\Users\tyin363\Documents\repos\niumoo__bing-wallpaper\src\main\java\com\wdbyte\bing\BingFileUtils.java,198
JDK:java.base:N/A:N/A,MethodCallExpr,java.nio.file.Path,toString,C:\Users\tyin363\Documents\repos\niumoo__bing-wallpaper\src\main\java\com\wdbyte\bing\BingFileUtils.java,57
JDK:java.base:N/A:N/A,MethodCallExpr,java.nio.file.Paths,get,C:\Users\tyin363\Documents\repos\niumoo__bing-wallpaper\src\main\java\com\wdbyte\bing\html\HtmlFileUtils.java,18
JDK:java.base:N/A:N/A,MethodCallExpr,java.nio.file.Path,resolve,C:\Users\tyin363\Documents\repos\niumoo__bing-wallpaper\src\main\java\com\wdbyte\bing\BingFileUtils.java,161
CLIENT:client-code:N/A:N/A,ClassOrInterfaceType,com.wdbyte.bing.html.WebSiteGenerator,WebSiteGenerator,C:\Users\tyin363\Documents\repos\niumoo__bing-wallpaper\src\main\java\com\wdbyte\bing\html\WebSiteGenerator.java,30
CLIENT:client-code:N/A:N/A,ClassOrInterfaceType,com.wdbyte.bing.Images,Images,C:\Users\tyin363\Documents\repos\niumoo__bing-wallpaper\src\main\java\com\wdbyte\bing\BingFileUtils.java,132
CLIENT:client-code:N/A:N/A,NameExpr,com.wdbyte.bing.html.HtmlFileUtils,BING_HTML_DETAIL_TEMPLATE,C:\Users\tyin363\Documents\repos\niumoo__bing-wallpaper\src\main\java\com\wdbyte\bing\html\HtmlFileUtils.java,37
JDK:java.base:N/A:N/A,MethodCallExpr,java.lang.String,format,C:\Users\tyin363\Documents\repos\niumoo__bing-wallpaper\src\main\java\com\wdbyte\bing\BingFileUtils.java,138
JDK:java.base:N/A:N/A,MethodCallExpr,java.util.Collection,stream,C:\Users\tyin363\Documents\repos\niumoo__bing-wallpaper\src\main\java\com\wdbyte\bing\html\WebSiteGenerator.java,33
JDK:java.base:N/A:N/A,MethodCallExpr,java.lang.System,lineSeparator,C:\Users\tyin363\Documents\repos\niumoo__bing-wallpaper\src\main\java\com\wdbyte\bing\BingFileUtils.java,75
JDK:java.base:N/A:N/A,ClassOrInterfaceType,java.lang.String,String,C:\Users\tyin363\Documents\repos\niumoo__bing-wallpaper\src\main\java\com\wdbyte\bing\Images.java,68
JDK:java.base:N/A:N/A,MethodCallExpr,java.lang.String,split,C:\Users\tyin363\Documents\repos\niumoo__bing-wallpaper\src\main\java\com\wdbyte\bing\BingFileUtils.java,95
com.alibaba.fastjson2:fastjson2:jar:2.0.47,ObjectCreationExpr,com.alibaba.fastjson2.JSONObject,JSONObject,C:\Users\tyin363\Documents\repos\niumoo__bing-wallpaper\src\main\java\com\wdbyte\bing\html\WebSiteGenerator.java,56
JDK:java.base:N/A:N/A,MethodCallExpr,java.util.stream.Stream,distinct,C:\Users\tyin363\Documents\repos\niumoo__bing-wallpaper\src\main\java\com\wdbyte\bing\html\WebSiteGenerator.java,105
JDK:java.base:N/A:N/A,ClassOrInterfaceType,java.io.IOException,IOException,C:\Users\tyin363\Documents\repos\niumoo__bing-wallpaper\src\main\java\com\wdbyte\bing\html\WebSiteGenerator.java,91
JDK:java.base:N/A:N/A,ClassOrInterfaceType,java.lang.String,String,C:\Users\tyin363\Documents\repos\niumoo__bing-wallpaper\src\main\java\com\wdbyte\bing\html\HtmlConstant.java,93
CLIENT:client-code:N/A:N/A,MethodCallExpr,com.wdbyte.bing.html.HtmlFileUtils,writeToday,C:\Users\tyin363\Documents\repos\niumoo__bing-wallpaper\src\main\java\com\wdbyte\bing\html\WebSiteGenerator.java,62
CLIENT:client-code:N/A:N/A,FieldAccessExpr,com.wdbyte.bing.Images,desc,C:\Users\tyin363\Documents\repos\niumoo__bing-wallpaper\src\main\java\com\wdbyte\bing\Images.java,80
JDK:java.base:N/A:N/A,ClassOrInterfaceType,java.util.ArrayList,ArrayList,C:\Users\tyin363\Documents\repos\niumoo__bing-wallpaper\src\main\java\com\wdbyte\bing\BingFileUtils.java,45
JDK:java.base:N/A:N/A,ClassOrInterfaceType,java.lang.String,String,C:\Users\tyin363\Documents\repos\niumoo__bing-wallpaper\src\main\java\com\wdbyte\bing\BingFileUtils.java,131
JDK:java.base:N/A:N/A,ClassOrInterfaceType,java.lang.String,String,C:\Users\tyin363\Documents\repos\niumoo__bing-wallpaper\src\main\java\com\wdbyte\bing\html\HtmlConstant.java,60
JDK:java.base:N/A:N/A,MethodCallExpr,java.util.stream.Stream,collect,C:\Users\tyin363\Documents\repos\niumoo__bing-wallpaper\src\main\java\com\wdbyte\bing\html\WebSiteGenerator.java,44
JDK:java.base:N/A:N/A,ObjectCreationExpr,java.util.LinkedHashMap,LinkedHashMap,C:\Users\tyin363\Documents\repos\niumoo__bing-wallpaper\src\main\java\com\wdbyte\bing\BingFileUtils.java,173
JDK:java.base:N/A:N/A,MethodCallExpr,java.lang.String,substring,C:\Users\tyin363\Documents\repos\niumoo__bing-wallpaper\src\main\java\com\wdbyte\bing\Images.java,61
JDK:java.base:N/A:N/A,MethodCallExpr,java.util.List,get,C:\Users\tyin363\Documents\repos\niumoo__bing-wallpaper\src\main\java\com\wdbyte\bing\html\WebSiteGenerator.java,68
JDK:java.base:N/A:N/A,MethodCallExpr,java.lang.String,getBytes,C:\Users\tyin363\Documents\repos\niumoo__bing-wallpaper\src\main\java\com\wdbyte\bing\BingFileUtils.java,130
JDK:java.base:N/A:N/A,MethodCallExpr,java.nio.file.Paths,get,C:\Users\tyin363\Documents\repos\niumoo__bing-wallpaper\src\main\java\com\wdbyte\bing\Wallpaper.java,73
CLIENT:client-code:N/A:N/A,ClassOrInterfaceType,com.wdbyte.bing.Images,Images,C:\Users\tyin363\Documents\repos\niumoo__bing-wallpaper\src\main\java\com\wdbyte\bing\html\WebSiteGenerator.java,159
CLIENT:client-code:N/A:N/A,ClassOrInterfaceType,com.wdbyte.bing.Images,Images,C:\Users\tyin363\Documents\repos\niumoo__bing-wallpaper\src\main\java\com\wdbyte\bing\html\WebSiteGenerator.java,126
JDK:java.base:N/A:N/A,MethodCallExpr,java.nio.file.Paths,get,C:\Users\tyin363\Documents\repos\niumoo__bing-wallpaper\src\main\java\com\wdbyte\bing\html\HtmlFileUtils.java,17
JDK:java.base:N/A:N/A,ObjectCreationExpr,java.util.ArrayList,ArrayList,C:\Users\tyin363\Documents\repos\niumoo__bing-wallpaper\src\main\java\com\wdbyte\bing\BingFileUtils.java,45
JDK:java.base:N/A:N/A,MethodCallExpr,java.util.Collection,stream,C:\Users\tyin363\Documents\repos\niumoo__bing-wallpaper\src\main\java\com\wdbyte\bing\Wallpaper.java,60
JDK:java.base:N/A:N/A,MethodCallExpr,java.nio.file.Path,resolve,C:\Users\tyin363\Documents\repos\niumoo__bing-wallpaper\src\main\java\com\wdbyte\bing\html\HtmlFileUtils.java,42
JDK:java.base:N/A:N/A,MethodCallExpr,java.lang.String,replace,C:\Users\tyin363\Documents\repos\niumoo__bing-wallpaper\src\main\java\com\wdbyte\bing\html\WebSiteGenerator.java,177
CLIENT:client-code:N/A:N/A,ClassOrInterfaceType,com.wdbyte.bing.Images,Images,C:\Users\tyin363\Documents\repos\niumoo__bing-wallpaper\src\main\java\com\wdbyte\bing\BingFileUtils.java,67
JDK:java.base:N/A:N/A,MethodCallExpr,java.lang.String,equalsIgnoreCase,C:\Users\tyin363\Documents\repos\niumoo__bing-wallpaper\src\main\java\com\wdbyte\bing\Wallpaper.java,71
JDK:java.base:N/A:N/A,ClassOrInterfaceType,java.lang.String,String,C:\Users\tyin363\Documents\repos\niumoo__bing-wallpaper\src\main\java\com\wdbyte\bing\html\WebSiteGenerator.java,126
JDK:java.base:N/A:N/A,ObjectCreationExpr,java.lang.StringBuilder,StringBuilder,C:\Users\tyin363\Documents\repos\niumoo__bing-wallpaper\src\main\java\com\wdbyte\bing\HttpUtls.java,42
JDK:java.base:N/A:N/A,ObjectCreationExpr,java.lang.String,String,C:\Users\tyin363\Documents\repos\niumoo__bing-wallpaper\src\main\java\com\wdbyte\bing\HttpUtls.java,49
JDK:java.base:N/A:N/A,MethodCallExpr,java.nio.file.Path,getParent,C:\Users\tyin363\Documents\repos\niumoo__bing-wallpaper\src\main\java\com\wdbyte\bing\html\HtmlFileUtils.java,58
JDK:java.base:N/A:N/A,ClassOrInterfaceType,java.io.BufferedInputStream,BufferedInputStream,C:\Users\tyin363\Documents\repos\niumoo__bing-wallpaper\src\main\java\com\wdbyte\bing\HttpUtls.java,44
JDK:java.base:N/A:N/A,MethodCallExpr,java.nio.file.Paths,get,C:\Users\tyin363\Documents\repos\niumoo__bing-wallpaper\src\main\java\com\wdbyte\bing\Wallpaper.java,74
JDK:java.base:N/A:N/A,MethodCallExpr,java.util.List,size,C:\Users\tyin363\Documents\repos\niumoo__bing-wallpaper\src\main\java\com\wdbyte\bing\html\WebSiteGenerator.java,72
JDK:java.base:N/A:N/A,ClassOrInterfaceType,java.lang.String,String,C:\Users\tyin363\Documents\repos\niumoo__bing-wallpaper\src\main\java\com\wdbyte\bing\Images.java,67
JDK:java.base:N/A:N/A,ClassOrInterfaceType,java.lang.String,String,C:\Users\tyin363\Documents\repos\niumoo__bing-wallpaper\src\main\java\com\wdbyte\bing\BingFileUtils.java,198
CLIENT:client-code:N/A:N/A,MethodCallExpr,com.wdbyte.bing.html.HtmlFileUtils,readIndexTemplateFile,C:\Users\tyin363\Documents\repos\niumoo__bing-wallpaper\src\main\java\com\wdbyte\bing\html\WebSiteGenerator.java,66
JDK:java.base:N/A:N/A,ClassOrInterfaceType,java.io.InputStream,InputStream,C:\Users\tyin363\Documents\repos\niumoo__bing-wallpaper\src\main\java\com\wdbyte\bing\HttpUtls.java,44
JDK:java.base:N/A:N/A,ClassOrInterfaceType,java.lang.String,String,C:\Users\tyin363\Documents\repos\niumoo__bing-wallpaper\src\main\java\com\wdbyte\bing\html\HtmlConstant.java,94
JDK:java.base:N/A:N/A,ClassOrInterfaceType,java.lang.String,String,C:\Users\tyin363\Documents\repos\niumoo__bing-wallpaper\src\main\java\com\wdbyte\bing\html\HtmlConstant.java,61
JDK:java.base:N/A:N/A,ClassOrInterfaceType,java.lang.String,String,C:\Users\tyin363\Documents\repos\niumoo__bing-wallpaper\src\main\java\com\wdbyte\bing\BingFileUtils.java,178
CLIENT:client-code:N/A:N/A,NameExpr,com.wdbyte.bing.BingFileUtils,BING_PATH,C:\Users\tyin363\Documents\repos\niumoo__bing-wallpaper\src\main\java\com\wdbyte\bing\BingFileUtils.java,68
JDK:java.base:N/A:N/A,MethodCallExpr,java.lang.String,getBytes,C:\Users\tyin363\Documents\repos\niumoo__bing-wallpaper\src\main\java\com\wdbyte\bing\BingFileUtils.java,224
CLIENT:client-code:N/A:N/A,ClassOrInterfaceType,com.wdbyte.bing.Images,Images,C:\Users\tyin363\Documents\repos\niumoo__bing-wallpaper\src\main\java\com\wdbyte\bing\html\WebSiteGenerator.java,32
JDK:java.base:N/A:N/A,MethodCallExpr,java.nio.file.Files,exists,C:\Users\tyin363\Documents\repos\niumoo__bing-wallpaper\src\main\java\com\wdbyte\bing\BingFileUtils.java,68
JDK:java.base:N/A:N/A,MethodCallExpr,java.nio.file.Files,createDirectory,C:\Users\tyin363\Documents\repos\niumoo__bing-wallpaper\src\main\java\com\wdbyte\bing\html\HtmlFileUtils.java,60
JDK:java.base:N/A:N/A,MethodCallExpr,java.lang.String,substring,C:\Users\tyin363\Documents\repos\niumoo__bing-wallpaper\src\main\java\com\wdbyte\bing\Images.java,19
JDK:java.base:N/A:N/A,MethodCallExpr,java.lang.String,replace,C:\Users\tyin363\Documents\repos\niumoo__bing-wallpaper\src\main\java\com\wdbyte\bing\html\WebSiteGenerator.java,83
JDK:java.base:N/A:N/A,ClassOrInterfaceType,java.lang.String,String,C:\Users\tyin363\Documents\repos\niumoo__bing-wallpaper\src\main\java\com\wdbyte\bing\Images.java,17
CLIENT:client-code:N/A:N/A,ClassOrInterfaceType,com.wdbyte.bing.Images,Images,C:\Users\tyin363\Documents\repos\niumoo__bing-wallpaper\src\main\java\com\wdbyte\bing\html\WebSiteGenerator.java,65
JDK:java.base:N/A:N/A,ClassOrInterfaceType,java.lang.String,String,C:\Users\tyin363\Documents\repos\niumoo__bing-wallpaper\src\main\java\com\wdbyte\bing\html\HtmlConstant.java,50
JDK:java.base:N/A:N/A,ClassOrInterfaceType,java.lang.String,String,C:\Users\tyin363\Documents\repos\niumoo__bing-wallpaper\src\main\java\com\wdbyte\bing\html\HtmlConstant.java,17
JDK:java.base:N/A:N/A,MethodCallExpr,java.lang.String,replace,C:\Users\tyin363\Documents\repos\niumoo__bing-wallpaper\src\main\java\com\wdbyte\bing\html\HtmlConstant.java,82
CLIENT:client-code:N/A:N/A,NameExpr,com.wdbyte.bing.Wallpaper,regions,C:\Users\tyin363\Documents\repos\niumoo__bing-wallpaper\src\main\java\com\wdbyte\bing\Wallpaper.java,39
CLIENT:client-code:N/A:N/A,NameExpr,com.wdbyte.bing.html.HtmlFileUtils,BING_HTML_IMAGES_JSON,C:\Users\tyin363\Documents\repos\niumoo__bing-wallpaper\src\main\java\com\wdbyte\bing\html\HtmlFileUtils.java,27
CLIENT:client-code:N/A:N/A,ClassOrInterfaceType,com.wdbyte.bing.Images,Images,C:\Users\tyin363\Documents\repos\niumoo__bing-wallpaper\src\main\java\com\wdbyte\bing\BingFileUtils.java,92
JDK:java.base:N/A:N/A,MethodCallExpr,java.util.stream.Stream,collect,C:\Users\tyin363\Documents\repos\niumoo__bing-wallpaper\src\main\java\com\wdbyte\bing\html\WebSiteGenerator.java,33
JDK:java.base:N/A:N/A,ClassOrInterfaceType,java.lang.StringBuilder,StringBuilder,C:\Users\tyin363\Documents\repos\niumoo__bing-wallpaper\src\main\java\com\wdbyte\bing\HttpUtls.java,42
JDK:java.base:N/A:N/A,ClassOrInterfaceType,java.nio.file.Path,Path,C:\Users\tyin363\Documents\repos\niumoo__bing-wallpaper\src\main\java\com\wdbyte\bing\BingFileUtils.java,157
CLIENT:client-code:N/A:N/A,MethodCallExpr,com.wdbyte.bing.html.WebSiteGenerator,replaceMonthHistory,C:\Users\tyin363\Documents\repos\niumoo__bing-wallpaper\src\main\java\com\wdbyte\bing\html\WebSiteGenerator.java,120
CLIENT:client-code:N/A:N/A,FieldAccessExpr,com.wdbyte.bing.html.HtmlConstant.Sidebar,VAR_SIDABAR_NOW_COLOR,C:\Users\tyin363\Documents\repos\niumoo__bing-wallpaper\src\main\java\com\wdbyte\bing\html\WebSiteGenerator.java,131
CLIENT:client-code:N/A:N/A,MethodCallExpr,com.wdbyte.bing.BingFileUtils,writeFile,C:\Users\tyin363\Documents\repos\niumoo__bing-wallpaper\src\main\java\com\wdbyte\bing\BingFileUtils.java,125
JDK:java.base:N/A:N/A,ClassOrInterfaceType,java.nio.file.Path,Path,C:\Users\tyin363\Documents\repos\niumoo__bing-wallpaper\src\main\java\com\wdbyte\bing\BingFileUtils.java,25
JDK:java.base:N/A:N/A,MethodCallExpr,java.nio.file.Paths,get,C:\Users\tyin363\Documents\repos\niumoo__bing-wallpaper\src\main\java\com\wdbyte\bing\Wallpaper.java,79
JDK:java.base:N/A:N/A,ClassOrInterfaceType,java.util.List,List,C:\Users\tyin363\Documents\repos\niumoo__bing-wallpaper\src\main\java\com\wdbyte\bing\html\WebSiteGenerator.java,172
CLIENT:client-code:N/A:N/A,MethodCallExpr,com.wdbyte.bing.HttpUtls,getHttpUrlConnection,C:\Users\tyin363\Documents\repos\niumoo__bing-wallpaper\src\main\java\com\wdbyte\bing\HttpUtls.java,41
CLIENT:client-code:N/A:N/A,MethodCallExpr,com.wdbyte.bing.Images,getDetailUrlPath,C:\Users\tyin363\Documents\repos\niumoo__bing-wallpaper\src\main\java\com\wdbyte\bing\html\HtmlConstant.java,64
com.alibaba.fastjson2:fastjson2:jar:2.0.47,MethodCallExpr,com.alibaba.fastjson2.JSONObject,toString,C:\Users\tyin363\Documents\repos\niumoo__bing-wallpaper\src\main\java\com\wdbyte\bing\html\WebSiteGenerator.java,62
CLIENT:client-code:N/A:N/A,MethodCallExpr,com.wdbyte.bing.html.WebSiteGenerator,htmlGeneratorImgDetail,C:\Users\tyin363\Documents\repos\niumoo__bing-wallpaper\src\main\java\com\wdbyte\bing\html\WebSiteGenerator.java,49
JDK:java.base:N/A:N/A,ObjectCreationExpr,java.lang.StringBuilder,StringBuilder,C:\Users\tyin363\Documents\repos\niumoo__bing-wallpaper\src\main\java\com\wdbyte\bing\html\WebSiteGenerator.java,127
CLIENT:client-code:N/A:N/A,FieldAccessExpr,com.wdbyte.bing.html.HtmlConstant.Head,HEAD_IMG_DESC,C:\Users\tyin363\Documents\repos\niumoo__bing-wallpaper\src\main\java\com\wdbyte\bing\html\WebSiteGenerator.java,148
JDK:java.base:N/A:N/A,ClassOrInterfaceType,java.util.List,List,C:\Users\tyin363\Documents\repos\niumoo__bing-wallpaper\src\main\java\com\wdbyte\bing\BingFileUtils.java,119
CLIENT:client-code:N/A:N/A,MethodCallExpr,com.wdbyte.bing.Images,getDesc,C:\Users\tyin363\Documents\repos\niumoo__bing-wallpaper\src\main\java\com\wdbyte\bing\html\WebSiteGenerator.java,100
JDK:java.base:N/A:N/A,MethodCallExpr,java.lang.String,replace,C:\Users\tyin363\Documents\repos\niumoo__bing-wallpaper\src\main\java\com\wdbyte\bing\html\WebSiteGenerator.java,150
JDK:java.base:N/A:N/A,MethodCallExpr,java.lang.String,replace,C:\Users\tyin363\Documents\repos\niumoo__bing-wallpaper\src\main\java\com\wdbyte\bing\html\WebSiteGenerator.java,84
JDK:java.base:N/A:N/A,ClassOrInterfaceType,java.lang.String,String,C:\Users\tyin363\Documents\repos\niumoo__bing-wallpaper\src\main\java\com\wdbyte\bing\Images.java,16
JDK:java.base:N/A:N/A,MethodCallExpr,java.nio.file.Files,exists,C:\Users\tyin363\Documents\repos\niumoo__bing-wallpaper\src\main\java\com\wdbyte\bing\BingFileUtils.java,199
JDK:java.base:N/A:N/A,FieldAccessExpr,java.lang.System,out,C:\Users\tyin363\Documents\repos\niumoo__bing-wallpaper\src\main\java\com\wdbyte\bing\LogUtils.java,13
JDK:java.base:N/A:N/A,ClassOrInterfaceType,java.lang.String,String,C:\Users\tyin363\Documents\repos\niumoo__bing-wallpaper\src\main\java\com\wdbyte\bing\html\HtmlConstant.java,51
CLIENT:client-code:N/A:N/A,MethodCallExpr,com.wdbyte.bing.html.HtmlConstant.Sidebar,getSidabarMenuList,C:\Users\tyin363\Documents\repos\niumoo__bing-wallpaper\src\main\java\com\wdbyte\bing\html\WebSiteGenerator.java,129
JDK:java.base:N/A:N/A,ClassOrInterfaceType,java.lang.String,String,C:\Users\tyin363\Documents\repos\niumoo__bing-wallpaper\src\main\java\com\wdbyte\bing\html\HtmlConstant.java,18
JDK:java.base:N/A:N/A,ClassOrInterfaceType,java.util.List,List,C:\Users\tyin363\Documents\repos\niumoo__bing-wallpaper\src\main\java\com\wdbyte\bing\html\WebSiteGenerator.java,105
CLIENT:client-code:N/A:N/A,NameExpr,com.wdbyte.bing.Images,url,C:\Users\tyin363\Documents\repos\niumoo__bing-wallpaper\src\main\java\com\wdbyte\bing\Images.java,56
JDK:java.base:N/A:N/A,ClassOrInterfaceType,java.lang.String,String,C:\Users\tyin363\Documents\repos\niumoo__bing-wallpaper\src\main\java\com\wdbyte\bing\Wallpaper.java,56
JDK:java.base:N/A:N/A,MethodCallExpr,java.lang.System,lineSeparator,C:\Users\tyin363\Documents\repos\niumoo__bing-wallpaper\src\main\java\com\wdbyte\bing\BingFileUtils.java,130
JDK:java.base:N/A:N/A,ClassOrInterfaceType,java.io.IOException,IOException,C:\Users\tyin363\Documents\repos\niumoo__bing-wallpaper\src\main\java\com\wdbyte\bing\html\WebSiteGenerator.java,65
CLIENT:client-code:N/A:N/A,NameExpr,com.wdbyte.bing.Images,url,C:\Users\tyin363\Documents\repos\niumoo__bing-wallpaper\src\main\java\com\wdbyte\bing\Images.java,23
JDK:java.base:N/A:N/A,ClassOrInterfaceType,java.net.HttpURLConnection,HttpURLConnection,C:\Users\tyin363\Documents\repos\niumoo__bing-wallpaper\src\main\java\com\wdbyte\bing\HttpUtls.java,28
JDK:java.base:N/A:N/A,ObjectCreationExpr,java.io.BufferedInputStream,BufferedInputStream,C:\Users\tyin363\Documents\repos\niumoo__bing-wallpaper\src\main\java\com\wdbyte\bing\HttpUtls.java,44
CLIENT:client-code:N/A:N/A,MethodCallExpr,com.wdbyte.bing.html.HtmlFileUtils,write,C:\Users\tyin363\Documents\repos\niumoo__bing-wallpaper\src\main\java\com\wdbyte\bing\html\HtmlFileUtils.java,28
CLIENT:client-code:N/A:N/A,MethodCallExpr,com.wdbyte.bing.Images,getUrl,C:\Users\tyin363\Documents\repos\niumoo__bing-wallpaper\src\main\java\com\wdbyte\bing\html\WebSiteGenerator.java,44
JDK:java.base:N/A:N/A,MethodCallExpr,java.lang.StringBuilder,append,C:\Users\tyin363\Documents\repos\niumoo__bing-wallpaper\src\main\java\com\wdbyte\bing\html\WebSiteGenerator.java,133
JDK:java.base:N/A:N/A,ClassOrInterfaceType,java.lang.StringBuilder,StringBuilder,C:\Users\tyin363\Documents\repos\niumoo__bing-wallpaper\src\main\java\com\wdbyte\bing\html\WebSiteGenerator.java,158
JDK:java.base:N/A:N/A,MethodCallExpr,java.lang.Throwable,printStackTrace,C:\Users\tyin363\Documents\repos\niumoo__bing-wallpaper\src\main\java\com\wdbyte\bing\HttpUtls.java,52
com.alibaba:fastjson:jar:2.0.47,ClassOrInterfaceType,com.alibaba.fastjson.JSONObject,JSONObject,C:\Users\tyin363\Documents\repos\niumoo__bing-wallpaper\src\main\java\com\wdbyte\bing\Wallpaper.java,43
JDK:java.base:N/A:N/A,MethodCallExpr,java.nio.file.Paths,get,C:\Users\tyin363\Documents\repos\niumoo__bing-wallpaper\src\main\java\com\wdbyte\bing\Wallpaper.java,80
JDK:java.base:N/A:N/A,MethodCallExpr,java.nio.file.Files,createDirectory,C:\Users\tyin363\Documents\repos\niumoo__bing-wallpaper\src\main\java\com\wdbyte\bing\BingFileUtils.java,39
JDK:java.base:N/A:N/A,MethodCallExpr,java.lang.String,substring,C:\Users\tyin363\Documents\repos\niumoo__bing-wallpaper\src\main\java\com\wdbyte\bing\BingFileUtils.java,178
CLIENT:client-code:N/A:N/A,NameExpr,com.wdbyte.bing.html.HtmlConstant.ImgCard,VAR_IMG_CARD_DATE,C:\Users\tyin363\Documents\repos\niumoo__bing-wallpaper\src\main\java\com\wdbyte\bing\html\HtmlConstant.java,67
CLIENT:client-code:N/A:N/A,NameExpr,com.wdbyte.bing.BingFileUtils,BING_PATH,C:\Users\tyin363\Documents\repos\niumoo__bing-wallpaper\src\main\java\com\wdbyte\bing\BingFileUtils.java,37
JDK:java.base:N/A:N/A,MethodCallExpr,java.lang.String,indexOf,C:\Users\tyin363\Documents\repos\niumoo__bing-wallpaper\src\main\java\com\wdbyte\bing\BingFileUtils.java,99
JDK:java.base:N/A:N/A,MethodCallExpr,java.util.List,get,C:\Users\tyin363\Documents\repos\niumoo__bing-wallpaper\src\main\java\com\wdbyte\bing\BingFileUtils.java,208
JDK:java.base:N/A:N/A,MethodCallExpr,java.nio.file.Files,write,C:\Users\tyin363\Documents\repos\niumoo__bing-wallpaper\src\main\java\com\wdbyte\bing\BingFileUtils.java,219
JDK:java.base:N/A:N/A,MethodCallExpr,java.lang.String,getBytes,C:\Users\tyin363\Documents\repos\niumoo__bing-wallpaper\src\main\java\com\wdbyte\bing\BingFileUtils.java,127
CLIENT:client-code:N/A:N/A,NameExpr,com.wdbyte.bing.Wallpaper,BING_API_TEMPLATE,C:\Users\tyin363\Documents\repos\niumoo__bing-wallpaper\src\main\java\com\wdbyte\bing\Wallpaper.java,40
JDK:java.base:N/A:N/A,MethodCallExpr,java.util.stream.Stream,filter,C:\Users\tyin363\Documents\repos\niumoo__bing-wallpaper\src\main\java\com\wdbyte\bing\BingFileUtils.java,44
JDK:java.base:N/A:N/A,MethodCallExpr,java.lang.String,replace,C:\Users\tyin363\Documents\repos\niumoo__bing-wallpaper\src\main\java\com\wdbyte\bing\html\WebSiteGenerator.java,147
JDK:java.base:N/A:N/A,MethodCallExpr,java.lang.String,length,C:\Users\tyin363\Documents\repos\niumoo__bing-wallpaper\src\main\java\com\wdbyte\bing\BingFileUtils.java,54
JDK:java.base:N/A:N/A,ClassOrInterfaceType,java.lang.String,String,C:\Users\tyin363\Documents\repos\niumoo__bing-wallpaper\src\main\java\com\wdbyte\bing\html\WebSiteGenerator.java,82
CLIENT:client-code:N/A:N/A,FieldAccessExpr,com.wdbyte.bing.html.HtmlFileUtils,BING_HTML_ROOT,C:\Users\tyin363\Documents\repos\niumoo__bing-wallpaper\src\main\java\com\wdbyte\bing\Wallpaper.java,80
CLIENT:client-code:N/A:N/A,MethodCallExpr,com.wdbyte.bing.Images,toLarge,C:\Users\tyin363\Documents\repos\niumoo__bing-wallpaper\src\main\java\com\wdbyte\bing\BingFileUtils.java,208
JDK:java.base:N/A:N/A,ClassOrInterfaceType,java.lang.String,String,C:\Users\tyin363\Documents\repos\niumoo__bing-wallpaper\src\main\java\com\wdbyte\bing\html\HtmlConstant.java,81
JDK:java.base:N/A:N/A,ClassOrInterfaceType,java.lang.String,String,C:\Users\tyin363\Documents\repos\niumoo__bing-wallpaper\src\main\java\com\wdbyte\bing\html\HtmlConstant.java,48
JDK:java.base:N/A:N/A,MethodCallExpr,java.lang.String,contains,C:\Users\tyin363\Documents\repos\niumoo__bing-wallpaper\src\main\java\com\wdbyte\bing\Images.java,60
JDK:java.base:N/A:N/A,ClassOrInterfaceType,java.lang.String,String,C:\Users\tyin363\Documents\repos\niumoo__bing-wallpaper\src\main\java\com\wdbyte\bing\Wallpaper.java,26
JDK:java.base:N/A:N/A,ClassOrInterfaceType,java.nio.file.Path,Path,C:\Users\tyin363\Documents\repos\niumoo__bing-wallpaper\src\main\java\com\wdbyte\bing\BingFileUtils.java,27
JDK:java.base:N/A:N/A,MethodCallExpr,java.nio.file.Path,resolve,C:\Users\tyin363\Documents\repos\niumoo__bing-wallpaper\src\main\java\com\wdbyte\bing\BingFileUtils.java,157
JDK:java.base:N/A:N/A,MethodCallExpr,java.lang.String,format,C:\Users\tyin363\Documents\repos\niumoo__bing-wallpaper\src\main\java\com\wdbyte\bing\Images.java,27
CLIENT:client-code:N/A:N/A,NameExpr,com.wdbyte.bing.BingFileUtils,BING_PATH,C:\Users\tyin363\Documents\repos\niumoo__bing-wallpaper\src\main\java\com\wdbyte\bing\BingFileUtils.java,71
JDK:java.base:N/A:N/A,MethodCallExpr,java.nio.file.Paths,get,C:\Users\tyin363\Documents\repos\niumoo__bing-wallpaper\src\main\java\com\wdbyte\bing\Wallpaper.java,77
JDK:java.base:N/A:N/A,ClassOrInterfaceType,java.io.IOException,IOException,C:\Users\tyin363\Documents\repos\niumoo__bing-wallpaper\src\main\java\com\wdbyte\bing\html\WebSiteGenerator.java,29
JDK:java.base:N/A:N/A,MethodCallExpr,java.nio.file.Files,createFile,C:\Users\tyin363\Documents\repos\niumoo__bing-wallpaper\src\main\java\com\wdbyte\bing\html\HtmlFileUtils.java,62
CLIENT:client-code:N/A:N/A,FieldAccessExpr,com.wdbyte.bing.Images,date,C:\Users\tyin363\Documents\repos\niumoo__bing-wallpaper\src\main\java\com\wdbyte\bing\Images.java,52
JDK:java.base:N/A:N/A,MethodCallExpr,java.nio.file.Files,exists,C:\Users\tyin363\Documents\repos\niumoo__bing-wallpaper\src\main\java\com\wdbyte\bing\html\HtmlFileUtils.java,57
CLIENT:client-code:N/A:N/A,NameExpr,com.wdbyte.bing.BingFileUtils,BING_PATH,C:\Users\tyin363\Documents\repos\niumoo__bing-wallpaper\src\main\java\com\wdbyte\bing\BingFileUtils.java,69
JDK:java.base:N/A:N/A,ClassOrInterfaceType,java.lang.String,String,C:\Users\tyin363\Documents\repos\niumoo__bing-wallpaper\src\main\java\com\wdbyte\bing\html\HtmlFileUtils.java,51
CLIENT:client-code:N/A:N/A,NameExpr,com.wdbyte.bing.BingFileUtils,BING_PATH,C:\Users\tyin363\Documents\repos\niumoo__bing-wallpaper\src\main\java\com\wdbyte\bing\BingFileUtils.java,36
JDK:java.base:N/A:N/A,MethodCallExpr,java.nio.file.Files,createFile,C:\Users\tyin363\Documents\repos\niumoo__bing-wallpaper\src\main\java\com\wdbyte\bing\BingFileUtils.java,41
JDK:java.base:N/A:N/A,MethodCallExpr,java.nio.file.Files,exists,C:\Users\tyin363\Documents\repos\niumoo__bing-wallpaper\src\main\java\com\wdbyte\bing\BingFileUtils.java,36
JDK:java.base:N/A:N/A,MethodCallExpr,java.util.Map,keySet,C:\Users\tyin363\Documents\repos\niumoo__bing-wallpaper\src\main\java\com\wdbyte\bing\html\WebSiteGenerator.java,110
JDK:java.base:N/A:N/A,MethodCallExpr,java.lang.String,replace,C:\Users\tyin363\Documents\repos\niumoo__bing-wallpaper\src\main\java\com\wdbyte\bing\html\WebSiteGenerator.java,181
JDK:java.base:N/A:N/A,MethodCallExpr,java.lang.String,replace,C:\Users\tyin363\Documents\repos\niumoo__bing-wallpaper\src\main\java\com\wdbyte\bing\html\WebSiteGenerator.java,148
JDK:java.base:N/A:N/A,ClassOrInterfaceType,java.nio.file.Path,Path,C:\Users\tyin363\Documents\repos\niumoo__bing-wallpaper\src\main\java\com\wdbyte\bing\html\HtmlFileUtils.java,42
JDK:java.base:N/A:N/A,MethodCallExpr,java.lang.String,replace,C:\Users\tyin363\Documents\repos\niumoo__bing-wallpaper\src\main\java\com\wdbyte\bing\html\WebSiteGenerator.java,82
JDK:java.base:N/A:N/A,MethodCallExpr,java.util.Collection,stream,C:\Users\tyin363\Documents\repos\niumoo__bing-wallpaper\src\main\java\com\wdbyte\bing\html\WebSiteGenerator.java,44
JDK:java.base:N/A:N/A,ClassOrInterfaceType,java.lang.String,String,C:\Users\tyin363\Documents\repos\niumoo__bing-wallpaper\src\main\java\com\wdbyte\bing\html\WebSiteGenerator.java,114
CLIENT:client-code:N/A:N/A,ClassOrInterfaceType,com.wdbyte.bing.Images,Images,C:\Users\tyin363\Documents\repos\niumoo__bing-wallpaper\src\main\java\com\wdbyte\bing\html\WebSiteGenerator.java,97
JDK:java.base:N/A:N/A,ClassOrInterfaceType,java.lang.String,String,C:\Users\tyin363\Documents\repos\niumoo__bing-wallpaper\src\main\java\com\wdbyte\bing\Images.java,47
JDK:java.base:N/A:N/A,ClassOrInterfaceType,java.lang.String,String,C:\Users\tyin363\Documents\repos\niumoo__bing-wallpaper\src\main\java\com\wdbyte\bing\html\HtmlConstant.java,82
JDK:java.base:N/A:N/A,ClassOrInterfaceType,java.lang.String,String,C:\Users\tyin363\Documents\repos\niumoo__bing-wallpaper\src\main\java\com\wdbyte\bing\Images.java,13
JDK:java.base:N/A:N/A,ClassOrInterfaceType,java.lang.String,String,C:\Users\tyin363\Documents\repos\niumoo__bing-wallpaper\src\main\java\com\wdbyte\bing\html\HtmlConstant.java,49
JDK:java.base:N/A:N/A,ClassOrInterfaceType,java.lang.String,String,C:\Users\tyin363\Documents\repos\niumoo__bing-wallpaper\src\main\java\com\wdbyte\bing\html\HtmlConstant.java,16
JDK:java.base:N/A:N/A,ClassOrInterfaceType,java.lang.String,String,C:\Users\tyin363\Documents\repos\niumoo__bing-wallpaper\src\main\java\com\wdbyte\bing\Wallpaper.java,25
JDK:java.base:N/A:N/A,MethodCallExpr,java.lang.String,replace,C:\Users\tyin363\Documents\repos\niumoo__bing-wallpaper\src\main\java\com\wdbyte\bing\html\HtmlConstant.java,83
CLIENT:client-code:N/A:N/A,MethodCallExpr,com.wdbyte.bing.Images,getDetailUrlPath,C:\Users\tyin363\Documents\repos\niumoo__bing-wallpaper\src\main\java\com\wdbyte\bing\html\HtmlConstant.java,65
JDK:java.base:N/A:N/A,ClassOrInterfaceType,java.net.URL,URL,C:\Users\tyin363\Documents\repos\niumoo__bing-wallpaper\src\main\java\com\wdbyte\bing\HttpUtls.java,27
JDK:java.base:N/A:N/A,ClassOrInterfaceType,java.io.IOException,IOException,C:\Users\tyin363\Documents\repos\niumoo__bing-wallpaper\src\main\java\com\wdbyte\bing\html\HtmlFileUtils.java,41
JDK:java.base:N/A:N/A,MethodCallExpr,java.lang.String,getBytes,C:\Users\tyin363\Documents\repos\niumoo__bing-wallpaper\src\main\java\com\wdbyte\bing\html\HtmlFileUtils.java,64
JDK:java.base:N/A:N/A,MethodCallExpr,java.nio.file.Paths,get,C:\Users\tyin363\Documents\repos\niumoo__bing-wallpaper\src\main\java\com\wdbyte\bing\Wallpaper.java,78
JDK:java.base:N/A:N/A,ClassOrInterfaceType,java.util.List,List,C:\Users\tyin363\Documents\repos\niumoo__bing-wallpaper\src\main\java\com\wdbyte\bing\BingFileUtils.java,155
CLIENT:client-code:N/A:N/A,MethodCallExpr,com.wdbyte.bing.BingFileUtils,readBing,C:\Users\tyin363\Documents\repos\niumoo__bing-wallpaper\src\main\java\com\wdbyte\bing\html\WebSiteGenerator.java,32
CLIENT:client-code:N/A:N/A,MethodCallExpr,com.wdbyte.bing.html.HtmlConstant.ImgCard,getImgCard,C:\Users\tyin363\Documents\repos\niumoo__bing-wallpaper\src\main\java\com\wdbyte\bing\html\WebSiteGenerator.java,160
JDK:java.base:N/A:N/A,MethodCallExpr,java.util.List,add,C:\Users\tyin363\Documents\repos\niumoo__bing-wallpaper\src\main\java\com\wdbyte\bing\BingFileUtils.java,180
CLIENT:client-code:N/A:N/A,MethodCallExpr,com.wdbyte.bing.Images,getDate,C:\Users\tyin363\Documents\repos\niumoo__bing-wallpaper\src\main\java\com\wdbyte\bing\html\WebSiteGenerator.java,84
CLIENT:client-code:N/A:N/A,MethodCallExpr,com.wdbyte.bing.html.WebSiteGenerator,replaceHead,C:\Users\tyin363\Documents\repos\niumoo__bing-wallpaper\src\main\java\com\wdbyte\bing\html\WebSiteGenerator.java,114
JDK:java.base:N/A:N/A,MethodCallExpr,java.lang.String,substring,C:\Users\tyin363\Documents\repos\niumoo__bing-wallpaper\src\main\java\com\wdbyte\bing\BingFileUtils.java,52
JDK:java.base:N/A:N/A,ClassOrInterfaceType,java.io.IOException,IOException,C:\Users\tyin363\Documents\repos\niumoo__bing-wallpaper\src\main\java\com\wdbyte\bing\BingFileUtils.java,87
JDK:java.base:N/A:N/A,MethodCallExpr,java.util.Collection,stream,C:\Users\tyin363\Documents\repos\niumoo__bing-wallpaper\src\main\java\com\wdbyte\bing\html\WebSiteGenerator.java,105
CLIENT:client-code:N/A:N/A,FieldAccessExpr,com.wdbyte.bing.html.HtmlConstant.ImgDetail,IMG_URL,C:\Users\tyin363\Documents\repos\niumoo__bing-wallpaper\src\main\java\com\wdbyte\bing\html\WebSiteGenerator.java,83
JDK:java.base:N/A:N/A,ClassOrInterfaceType,java.lang.String,String,C:\Users\tyin363\Documents\repos\niumoo__bing-wallpaper\src\main\java\com\wdbyte\bing\Images.java,79
CLIENT:client-code:N/A:N/A,MethodCallExpr,com.wdbyte.bing.Images,getSimpleUrl,C:\Users\tyin363\Documents\repos\niumoo__bing-wallpaper\src\main\java\com\wdbyte\bing\html\WebSiteGenerator.java,147
JDK:java.base:N/A:N/A,ClassOrInterfaceType,java.lang.String,String,C:\Users\tyin363\Documents\repos\niumoo__bing-wallpaper\src\main\java\com\wdbyte\bing\Images.java,12
CLIENT:client-code:N/A:N/A,FieldAccessExpr,com.wdbyte.bing.html.HtmlConstant.MonthHistory,VAR_MONTH_HISTORY,C:\Users\tyin363\Documents\repos\niumoo__bing-wallpaper\src\main\java\com\wdbyte\bing\html\WebSiteGenerator.java,181
CLIENT:client-code:N/A:N/A,ClassOrInterfaceType,com.wdbyte.bing.Images,Images,C:\Users\tyin363\Documents\repos\niumoo__bing-wallpaper\src\main\java\com\wdbyte\bing\BingFileUtils.java,154
CLIENT:client-code:N/A:N/A,NameExpr,com.wdbyte.bing.BingFileUtils,README_PATH,C:\Users\tyin363\Documents\repos\niumoo__bing-wallpaper\src\main\java\com\wdbyte\bing\BingFileUtils.java,130
JDK:java.base:N/A:N/A,ClassOrInterfaceType,java.lang.String,String,C:\Users\tyin363\Documents\repos\niumoo__bing-wallpaper\src\main\java\com\wdbyte\bing\html\WebSiteGenerator.java,55
JDK:java.base:N/A:N/A,ClassOrInterfaceType,java.lang.String,String,C:\Users\tyin363\Documents\repos\niumoo__bing-wallpaper\src\main\java\com\wdbyte\bing\Wallpaper.java,28
CLIENT:client-code:N/A:N/A,ClassOrInterfaceType,com.wdbyte.bing.Images,Images,C:\Users\tyin363\Documents\repos\niumoo__bing-wallpaper\src\main\java\com\wdbyte\bing\BingFileUtils.java,55
com.alibaba:fastjson:jar:2.0.47,ClassOrInterfaceType,com.alibaba.fastjson.JSONObject,JSONObject,C:\Users\tyin363\Documents\repos\niumoo__bing-wallpaper\src\main\java\com\wdbyte\bing\Wallpaper.java,46
JDK:java.base:N/A:N/A,MethodCallExpr,java.util.stream.Collectors,toList,C:\Users\tyin363\Documents\repos\niumoo__bing-wallpaper\src\main\java\com\wdbyte\bing\html\WebSiteGenerator.java,33
JDK:java.base:N/A:N/A,MethodCallExpr,java.lang.StringBuilder,toString,C:\Users\tyin363\Documents\repos\niumoo__bing-wallpaper\src\main\java\com\wdbyte\bing\html\WebSiteGenerator.java,135
JDK:java.base:N/A:N/A,MethodCallExpr,java.lang.String,indexOf,C:\Users\tyin363\Documents\repos\niumoo__bing-wallpaper\src\main\java\com\wdbyte\bing\BingFileUtils.java,98
JDK:java.base:N/A:N/A,MethodCallExpr,java.lang.String,getBytes,C:\Users\tyin363\Documents\repos\niumoo__bing-wallpaper\src\main\java\com\wdbyte\bing\BingFileUtils.java,219
JDK:java.base:N/A:N/A,MethodCallExpr,java.lang.String,substring,C:\Users\tyin363\Documents\repos\niumoo__bing-wallpaper\src\main\java\com\wdbyte\bing\BingFileUtils.java,53
JDK:java.base:N/A:N/A,ClassOrInterfaceType,java.io.IOException,IOException,C:\Users\tyin363\Documents\repos\niumoo__bing-wallpaper\src\main\java\com\wdbyte\bing\BingFileUtils.java,154
JDK:java.base:N/A:N/A,MethodCallExpr,java.nio.file.Path,resolve,C:\Users\tyin363\Documents\repos\niumoo__bing-wallpaper\src\main\java\com\wdbyte\bing\html\HtmlFileUtils.java,69
CLIENT:client-code:N/A:N/A,MethodCallExpr,com.wdbyte.bing.BingFileUtils,writeReadme,C:\Users\tyin363\Documents\repos\niumoo__bing-wallpaper\src\main\java\com\wdbyte\bing\Wallpaper.java,62
JDK:java.base:N/A:N/A,ClassOrInterfaceType,java.lang.String,String,C:\Users\tyin363\Documents\repos\niumoo__bing-wallpaper\src\main\java\com\wdbyte\bing\BingFileUtils.java,43
JDK:java.base:N/A:N/A,MethodCallExpr,java.nio.file.Files,write,C:\Users\tyin363\Documents\repos\niumoo__bing-wallpaper\src\main\java\com\wdbyte\bing\BingFileUtils.java,127
JDK:java.base:N/A:N/A,ClassOrInterfaceType,java.lang.String,String,C:\Users\tyin363\Documents\repos\niumoo__bing-wallpaper\src\main\java\com\wdbyte\bing\html\WebSiteGenerator.java,54
JDK:java.base:N/A:N/A,MethodCallExpr,java.nio.file.Files,exists,C:\Users\tyin363\Documents\repos\niumoo__bing-wallpaper\src\main\java\com\wdbyte\bing\BingFileUtils.java,38
JDK:java.base:N/A:N/A,MethodCallExpr,java.nio.file.Files,readAllLines,C:\Users\tyin363\Documents\repos\niumoo__bing-wallpaper\src\main\java\com\wdbyte\bing\BingFileUtils.java,43
JDK:java.base:N/A:N/A,MethodCallExpr,java.util.Collection,stream,C:\Users\tyin363\Documents\repos\niumoo__bing-wallpaper\src\main\java\com\wdbyte\bing\BingFileUtils.java,131
JDK:java.base:N/A:N/A,ClassOrInterfaceType,java.lang.String,String,C:\Users\tyin363\Documents\repos\niumoo__bing-wallpaper\src\main\java\com\wdbyte\bing\Images.java,11
JDK:java.base:N/A:N/A,ClassOrInterfaceType,java.util.List,List,C:\Users\tyin363\Documents\repos\niumoo__bing-wallpaper\src\main\java\com\wdbyte\bing\html\WebSiteGenerator.java,35
JDK:java.base:N/A:N/A,ClassOrInterfaceType,java.lang.String,String,C:\Users\tyin363\Documents\repos\niumoo__bing-wallpaper\src\main\java\com\wdbyte\bing\html\HtmlConstant.java,22
CLIENT:client-code:N/A:N/A,ClassOrInterfaceType,com.wdbyte.bing.Images,Images,C:\Users\tyin363\Documents\repos\niumoo__bing-wallpaper\src\main\java\com\wdbyte\bing\BingFileUtils.java,155
CLIENT:client-code:N/A:N/A,FieldAccessExpr,com.wdbyte.bing.html.HtmlConstant.Head,HEAD_IMG_URL,C:\Users\tyin363\Documents\repos\niumoo__bing-wallpaper\src\main\java\com\wdbyte\bing\html\WebSiteGenerator.java,147
CLIENT:client-code:N/A:N/A,MethodCallExpr,com.wdbyte.bing.LogUtils,log,C:\Users\tyin363\Documents\repos\niumoo__bing-wallpaper\src\main\java\com\wdbyte\bing\BingFileUtils.java,57
JDK:java.base:N/A:N/A,MethodCallExpr,java.util.List,get,C:\Users\tyin363\Documents\repos\niumoo__bing-wallpaper\src\main\java\com\wdbyte\bing\html\WebSiteGenerator.java,61
CLIENT:client-code:N/A:N/A,NameExpr,com.wdbyte.bing.BingFileUtils,BING_PATH,C:\Users\tyin363\Documents\repos\niumoo__bing-wallpaper\src\main\java\com\wdbyte\bing\BingFileUtils.java,72
JDK:java.base:N/A:N/A,MethodCallExpr,java.lang.String,getBytes,C:\Users\tyin363\Documents\repos\niumoo__bing-wallpaper\src\main\java\com\wdbyte\bing\BingFileUtils.java,218
JDK:java.base:N/A:N/A,MethodCallExpr,java.lang.String,toLowerCase,C:\Users\tyin363\Documents\repos\niumoo__bing-wallpaper\src\main\java\com\wdbyte\bing\html\HtmlConstant.java,66
JDK:java.base:N/A:N/A,ClassOrInterfaceType,java.lang.StringBuilder,StringBuilder,C:\Users\tyin363\Documents\repos\niumoo__bing-wallpaper\src\main\java\com\wdbyte\bing\html\WebSiteGenerator.java,127
CLIENT:client-code:N/A:N/A,FieldAccessExpr,com.wdbyte.bing.html.HtmlConstant.ImgCard,VAR_IMG_CARD_LIST,C:\Users\tyin363\Documents\repos\niumoo__bing-wallpaper\src\main\java\com\wdbyte\bing\html\WebSiteGenerator.java,162
JDK:java.base:N/A:N/A,ClassOrInterfaceType,java.util.List,List,C:\Users\tyin363\Documents\repos\niumoo__bing-wallpaper\src\main\java\com\wdbyte\bing\BingFileUtils.java,87
JDK:java.base:N/A:N/A,ClassOrInterfaceType,java.lang.String,String,C:\Users\tyin363\Documents\repos\niumoo__bing-wallpaper\src\main\java\com\wdbyte\bing\BingFileUtils.java,172
CLIENT:client-code:N/A:N/A,FieldAccessExpr,com.wdbyte.bing.BingFileUtils,BING_PATH,C:\Users\tyin363\Documents\repos\niumoo__bing-wallpaper\src\main\java\com\wdbyte\bing\Wallpaper.java,73
CLIENT:client-code:N/A:N/A,NameExpr,com.wdbyte.bing.Images,desc,C:\Users\tyin363\Documents\repos\niumoo__bing-wallpaper\src\main\java\com\wdbyte\bing\Images.java,96
JDK:java.base:N/A:N/A,MethodCallExpr,java.lang.String,replace,C:\Users\tyin363\Documents\repos\niumoo__bing-wallpaper\src\main\java\com\wdbyte\bing\html\WebSiteGenerator.java,85
JDK:java.base:N/A:N/A,MethodCallExpr,java.util.List,add,C:\Users\tyin363\Documents\repos\niumoo__bing-wallpaper\src\main\java\com\wdbyte\bing\BingFileUtils.java,46
CLIENT:client-code:N/A:N/A,NameExpr,com.wdbyte.bing.Images,url,C:\Users\tyin363\Documents\repos\niumoo__bing-wallpaper\src\main\java\com\wdbyte\bing\Images.java,17
CLIENT:client-code:N/A:N/A,MethodCallExpr,com.wdbyte.bing.Images,getSimpleUrl,C:\Users\tyin363\Documents\repos\niumoo__bing-wallpaper\src\main\java\com\wdbyte\bing\html\WebSiteGenerator.java,83
JDK:java.base:N/A:N/A,ClassOrInterfaceType,java.lang.String,String,C:\Users\tyin363\Documents\repos\niumoo__bing-wallpaper\src\main\java\com\wdbyte\bing\Images.java,43
JDK:java.base:N/A:N/A,MethodCallExpr,java.lang.String,isEmpty,C:\Users\tyin363\Documents\repos\niumoo__bing-wallpaper\src\main\java\com\wdbyte\bing\BingFileUtils.java,44
JDK:java.base:N/A:N/A,MethodCallExpr,java.lang.String,indexOf,C:\Users\tyin363\Documents\repos\niumoo__bing-wallpaper\src\main\java\com\wdbyte\bing\Images.java,33
CLIENT:client-code:N/A:N/A,MethodCallExpr,com.wdbyte.bing.html.HtmlFileUtils,writeImagesJson,C:\Users\tyin363\Documents\repos\niumoo__bing-wallpaper\src\main\java\com\wdbyte\bing\html\WebSiteGenerator.java,106
CLIENT:client-code:N/A:N/A,ClassOrInterfaceType,com.wdbyte.bing.html.WebSiteGenerator,WebSiteGenerator,C:\Users\tyin363\Documents\repos\niumoo__bing-wallpaper\src\main\java\com\wdbyte\bing\Wallpaper.java,64
CLIENT:client-code:N/A:N/A,NameExpr,com.wdbyte.bing.BingFileUtils,BING_PATH,C:\Users\tyin363\Documents\repos\niumoo__bing-wallpaper\src\main\java\com\wdbyte\bing\BingFileUtils.java,75
JDK:java.base:N/A:N/A,ObjectCreationExpr,java.lang.StringBuilder,StringBuilder,C:\Users\tyin363\Documents\repos\niumoo__bing-wallpaper\src\main\java\com\wdbyte\bing\html\WebSiteGenerator.java,158
CLIENT:client-code:N/A:N/A,FieldAccessExpr,com.wdbyte.bing.Images,url,C:\Users\tyin363\Documents\repos\niumoo__bing-wallpaper\src\main\java\com\wdbyte\bing\Images.java,91
JDK:java.base:N/A:N/A,MethodCallExpr,java.util.List,get,C:\Users\tyin363\Documents\repos\niumoo__bing-wallpaper\src\main\java\com\wdbyte\bing\BingFileUtils.java,48
JDK:java.base:N/A:N/A,ClassOrInterfaceType,java.util.List,List,C:\Users\tyin363\Documents\repos\niumoo__bing-wallpaper\src\main\java\com\wdbyte\bing\BingFileUtils.java,154
JDK:java.base:N/A:N/A,ClassOrInterfaceType,java.lang.String,String,C:\Users\tyin363\Documents\repos\niumoo__bing-wallpaper\src\main\java\com\wdbyte\bing\BingFileUtils.java,173
JDK:java.base:N/A:N/A,MethodCallExpr,java.lang.StringBuilder,append,C:\Users\tyin363\Documents\repos\niumoo__bing-wallpaper\src\main\java\com\wdbyte\bing\html\WebSiteGenerator.java,160
CLIENT:client-code:N/A:N/A,FieldAccessExpr,com.wdbyte.bing.html.HtmlConstant.ImgDetail,IMG_DATE,C:\Users\tyin363\Documents\repos\niumoo__bing-wallpaper\src\main\java\com\wdbyte\bing\html\WebSiteGenerator.java,84
JDK:java.base:N/A:N/A,MethodCallExpr,java.nio.file.Files,write,C:\Users\tyin363\Documents\repos\niumoo__bing-wallpaper\src\main\java\com\wdbyte\bing\BingFileUtils.java,224
JDK:java.base:N/A:N/A,ClassOrInterfaceType,java.lang.String,String,C:\Users\tyin363\Documents\repos\niumoo__bing-wallpaper\src\main\java\com\wdbyte\bing\html\HtmlFileUtils.java,22
CLIENT:client-code:N/A:N/A,ClassOrInterfaceType,com.wdbyte.bing.Images,Images,C:\Users\tyin363\Documents\repos\niumoo__bing-wallpaper\src\main\java\com\wdbyte\bing\html\WebSiteGenerator.java,35
JDK:java.base:N/A:N/A,MethodCallExpr,java.net.URLConnection,getInputStream,C:\Users\tyin363\Documents\repos\niumoo__bing-wallpaper\src\main\java\com\wdbyte\bing\HttpUtls.java,44
CLIENT:client-code:N/A:N/A,ObjectCreationExpr,com.wdbyte.bing.html.WebSiteGenerator,WebSiteGenerator,C:\Users\tyin363\Documents\repos\niumoo__bing-wallpaper\src\main\java\com\wdbyte\bing\Wallpaper.java,64
JDK:java.base:N/A:N/A,ClassOrInterfaceType,java.lang.String,String,C:\Users\tyin363\Documents\repos\niumoo__bing-wallpaper\src\main\java\com\wdbyte\bing\HttpUtls.java,26
JDK:java.base:N/A:N/A,MethodCallExpr,java.util.List,size,C:\Users\tyin363\Documents\repos\niumoo__bing-wallpaper\src\main\java\com\wdbyte\bing\BingFileUtils.java,120
CLIENT:client-code:N/A:N/A,MethodCallExpr,com.wdbyte.bing.html.WebSiteGenerator,htmlGeneratorIndex,C:\Users\tyin363\Documents\repos\niumoo__bing-wallpaper\src\main\java\com\wdbyte\bing\html\WebSiteGenerator.java,36
CLIENT:client-code:N/A:N/A,FieldAccessExpr,com.wdbyte.bing.html.HtmlFileUtils,BING_HTML_ROOT,C:\Users\tyin363\Documents\repos\niumoo__bing-wallpaper\src\main\java\com\wdbyte\bing\Wallpaper.java,75
JDK:java.base:N/A:N/A,MethodCallExpr,java.lang.String,replace,C:\Users\tyin363\Documents\repos\niumoo__bing-wallpaper\src\main\java\com\wdbyte\bing\html\WebSiteGenerator.java,152
JDK:java.base:N/A:N/A,ClassOrInterfaceType,java.nio.file.Path,Path,C:\Users\tyin363\Documents\repos\niumoo__bing-wallpaper\src\main\java\com\wdbyte\bing\BingFileUtils.java,24
CLIENT:client-code:N/A:N/A,NameExpr,com.wdbyte.bing.BingFileUtils,BING_PATH,C:\Users\tyin363\Documents\repos\niumoo__bing-wallpaper\src\main\java\com\wdbyte\bing\BingFileUtils.java,41
JDK:java.base:N/A:N/A,MethodCallExpr,java.util.List,get,C:\Users\tyin363\Documents\repos\niumoo__bing-wallpaper\src\main\java\com\wdbyte\bing\html\WebSiteGenerator.java,59
CLIENT:client-code:N/A:N/A,FieldAccessExpr,com.wdbyte.bing.Images,date,C:\Users\tyin363\Documents\repos\niumoo__bing-wallpaper\src\main\java\com\wdbyte\bing\Images.java,81
CLIENT:client-code:N/A:N/A,NameExpr,com.wdbyte.bing.BingFileUtils,BING_PATH,C:\Users\tyin363\Documents\repos\niumoo__bing-wallpaper\src\main\java\com\wdbyte\bing\BingFileUtils.java,74
CLIENT:client-code:N/A:N/A,NameExpr,com.wdbyte.bing.Images,desc,C:\Users\tyin363\Documents\repos\niumoo__bing-wallpaper\src\main\java\com\wdbyte\bing\Images.java,90
JDK:java.base:N/A:N/A,ClassOrInterfaceType,java.lang.String,String,C:\Users\tyin363\Documents\repos\niumoo__bing-wallpaper\src\main\java\com\wdbyte\bing\html\WebSiteGenerator.java,109
CLIENT:client-code:N/A:N/A,MethodCallExpr,com.wdbyte.bing.BingFileUtils,readBing,C:\Users\tyin363\Documents\repos\niumoo__bing-wallpaper\src\main\java\com\wdbyte\bing\Wallpaper.java,58
JDK:java.base:N/A:N/A,ClassOrInterfaceType,java.nio.file.Path,Path,C:\Users\tyin363\Documents\repos\niumoo__bing-wallpaper\src\main\java\com\wdbyte\bing\html\HtmlFileUtils.java,18
CLIENT:client-code:N/A:N/A,ClassOrInterfaceType,com.wdbyte.bing.Images,Images,C:\Users\tyin363\Documents\repos\niumoo__bing-wallpaper\src\main\java\com\wdbyte\bing\html\WebSiteGenerator.java,172
CLIENT:client-code:N/A:N/A,FieldAccessExpr,com.wdbyte.bing.Images,date,C:\Users\tyin363\Documents\repos\niumoo__bing-wallpaper\src\main\java\com\wdbyte\bing\Images.java,90
JDK:java.base:N/A:N/A,ClassOrInterfaceType,java.lang.String,String,C:\Users\tyin363\Documents\repos\niumoo__bing-wallpaper\src\main\java\com\wdbyte\bing\html\HtmlConstant.java,74
JDK:java.base:N/A:N/A,ClassOrInterfaceType,java.util.List,List,C:\Users\tyin363\Documents\repos\niumoo__bing-wallpaper\src\main\java\com\wdbyte\bing\html\WebSiteGenerator.java,32
JDK:java.base:N/A:N/A,FieldAccessExpr,java.nio.charset.StandardCharsets,UTF_8,C:\Users\tyin363\Documents\repos\niumoo__bing-wallpaper\src\main\java\com\wdbyte\bing\html\HtmlFileUtils.java,64
JDK:java.base:N/A:N/A,ClassOrInterfaceType,java.util.List,List,C:\Users\tyin363\Documents\repos\niumoo__bing-wallpaper\src\main\java\com\wdbyte\bing\html\WebSiteGenerator.java,65
JDK:java.base:N/A:N/A,ClassOrInterfaceType,java.lang.String,String,C:\Users\tyin363\Documents\repos\niumoo__bing-wallpaper\src\main\java\com\wdbyte\bing\BingFileUtils.java,54
JDK:java.base:N/A:N/A,ClassOrInterfaceType,java.lang.String,String,C:\Users\tyin363\Documents\repos\niumoo__bing-wallpaper\src\main\java\com\wdbyte\bing\html\WebSiteGenerator.java,175
JDK:java.base:N/A:N/A,ClassOrInterfaceType,java.nio.file.Path,Path,C:\Users\tyin363\Documents\repos\niumoo__bing-wallpaper\src\main\java\com\wdbyte\bing\BingFileUtils.java,198
CLIENT:client-code:N/A:N/A,NameExpr,com.wdbyte.bing.BingFileUtils,MONTH_PATH,C:\Users\tyin363\Documents\repos\niumoo__bing-wallpaper\src\main\java\com\wdbyte\bing\BingFileUtils.java,157
JDK:java.base:N/A:N/A,ClassOrInterfaceType,java.io.IOException,IOException,C:\Users\tyin363\Documents\repos\niumoo__bing-wallpaper\src\main\java\com\wdbyte\bing\html\HtmlFileUtils.java,36
com.alibaba:fastjson:jar:2.0.47,ObjectCreationExpr,com.alibaba.fastjson.JSONArray,JSONArray,C:\Users\tyin363\Documents\repos\niumoo__bing-wallpaper\src\main\java\com\wdbyte\bing\html\WebSiteGenerator.java,95
JDK:java.base:N/A:N/A,MethodCallExpr,java.util.stream.Collectors,toList,C:\Users\tyin363\Documents\repos\niumoo__bing-wallpaper\src\main\java\com\wdbyte\bing\html\WebSiteGenerator.java,44
JDK:java.base:N/A:N/A,MethodCallExpr,java.util.List,subList,C:\Users\tyin363\Documents\repos\niumoo__bing-wallpaper\src\main\java\com\wdbyte\bing\html\WebSiteGenerator.java,72
CLIENT:client-code:N/A:N/A,MethodCallExpr,com.wdbyte.bing.Wallpaper,changeConfig,C:\Users\tyin363\Documents\repos\niumoo__bing-wallpaper\src\main\java\com\wdbyte\bing\Wallpaper.java,41
CLIENT:client-code:N/A:N/A,MethodCallExpr,com.wdbyte.bing.html.WebSiteGenerator,htmlGeneratorToday,C:\Users\tyin363\Documents\repos\niumoo__bing-wallpaper\src\main\java\com\wdbyte\bing\html\WebSiteGenerator.java,47
CLIENT:client-code:N/A:N/A,MethodCallExpr,com.wdbyte.bing.LogUtils,log,C:\Users\tyin363\Documents\repos\niumoo__bing-wallpaper\src\main\java\com\wdbyte\bing\html\HtmlFileUtils.java,65
JDK:java.base:N/A:N/A,MethodCallExpr,java.nio.file.Files,write,C:\Users\tyin363\Documents\repos\niumoo__bing-wallpaper\src\main\java\com\wdbyte\bing\BingFileUtils.java,212
JDK:java.base:N/A:N/A,ClassOrInterfaceType,java.io.IOException,IOException,C:\Users\tyin363\Documents\repos\niumoo__bing-wallpaper\src\main\java\com\wdbyte\bing\HttpUtls.java,40
JDK:java.base:N/A:N/A,ClassOrInterfaceType,java.lang.String,String,C:\Users\tyin363\Documents\repos\niumoo__bing-wallpaper\src\main\java\com\wdbyte\bing\html\WebSiteGenerator.java,174
CLIENT:client-code:N/A:N/A,NameExpr,com.wdbyte.bing.html.HtmlConstant.MonthHistory,VAR_MONTH_HISTORY_HREF_TITLE,C:\Users\tyin363\Documents\repos\niumoo__bing-wallpaper\src\main\java\com\wdbyte\bing\html\HtmlConstant.java,83
CLIENT:client-code:N/A:N/A,MethodCallExpr,com.wdbyte.bing.html.HtmlFileUtils,write,C:\Users\tyin363\Documents\repos\niumoo__bing-wallpaper\src\main\java\com\wdbyte\bing\html\HtmlFileUtils.java,70
JDK:java.base:N/A:N/A,ClassOrInterfaceType,java.nio.file.Path,Path,C:\Users\tyin363\Documents\repos\niumoo__bing-wallpaper\src\main\java\com\wdbyte\bing\html\HtmlFileUtils.java,52
CLIENT:client-code:N/A:N/A,FieldAccessExpr,com.wdbyte.bing.BingFileUtils,MONTH_PATH,C:\Users\tyin363\Documents\repos\niumoo__bing-wallpaper\src\main\java\com\wdbyte\bing\Wallpaper.java,74
JDK:java.base:N/A:N/A,MethodCallExpr,java.nio.file.Files,exists,C:\Users\tyin363\Documents\repos\niumoo__bing-wallpaper\src\main\java\com\wdbyte\bing\BingFileUtils.java,158
JDK:java.base:N/A:N/A,ClassOrInterfaceType,java.nio.file.Path,Path,C:\Users\tyin363\Documents\repos\niumoo__bing-wallpaper\src\main\java\com\wdbyte\bing\html\HtmlFileUtils.java,19
CLIENT:client-code:N/A:N/A,MethodCallExpr,com.wdbyte.bing.html.WebSiteGenerator,htmlGeneratorIndex,C:\Users\tyin363\Documents\repos\niumoo__bing-wallpaper\src\main\java\com\wdbyte\bing\html\WebSiteGenerator.java,46
JDK:java.base:N/A:N/A,ClassOrInterfaceType,java.util.List,List,C:\Users\tyin363\Documents\repos\niumoo__bing-wallpaper\src\main\java\com\wdbyte\bing\BingFileUtils.java,45
CLIENT:client-code:N/A:N/A,NameExpr,com.wdbyte.bing.BingFileUtils,README_PATH,C:\Users\tyin363\Documents\repos\niumoo__bing-wallpaper\src\main\java\com\wdbyte\bing\BingFileUtils.java,127
JDK:java.base:N/A:N/A,ClassOrInterfaceType,java.io.IOException,IOException,C:\Users\tyin363\Documents\repos\niumoo__bing-wallpaper\src\main\java\com\wdbyte\bing\html\HtmlFileUtils.java,68
CLIENT:client-code:N/A:N/A,MethodCallExpr,com.wdbyte.bing.LogUtils,log,C:\Users\tyin363\Documents\repos\niumoo__bing-wallpaper\src\main\java\com\wdbyte\bing\BingFileUtils.java,78
JDK:java.base:N/A:N/A,MethodCallExpr,java.nio.file.Files,createFile,C:\Users\tyin363\Documents\repos\niumoo__bing-wallpaper\src\main\java\com\wdbyte\bing\BingFileUtils.java,117
com.alibaba:fastjson:jar:2.0.47,MethodCallExpr,com.alibaba.fastjson.JSONObject,getJSONArray,C:\Users\tyin363\Documents\repos\niumoo__bing-wallpaper\src\main\java\com\wdbyte\bing\Wallpaper.java,44
JDK:java.base:N/A:N/A,ClassOrInterfaceType,java.lang.String,String,C:\Users\tyin363\Documents\repos\niumoo__bing-wallpaper\src\main\java\com\wdbyte\bing\BingFileUtils.java,155
JDK:java.base:N/A:N/A,MethodCallExpr,java.lang.String,equals,C:\Users\tyin363\Documents\repos\niumoo__bing-wallpaper\src\main\java\com\wdbyte\bing\html\WebSiteGenerator.java,130
CLIENT:client-code:N/A:N/A,NameExpr,com.wdbyte.bing.Images,url,C:\Users\tyin363\Documents\repos\niumoo__bing-wallpaper\src\main\java\com\wdbyte\bing\Images.java,31
JDK:java.base:N/A:N/A,MethodCallExpr,java.nio.file.Files,write,C:\Users\tyin363\Documents\repos\niumoo__bing-wallpaper\src\main\java\com\wdbyte\bing\BingFileUtils.java,213
CLIENT:client-code:N/A:N/A,NameExpr,com.wdbyte.bing.BingFileUtils,BING_PATH,C:\Users\tyin363\Documents\repos\niumoo__bing-wallpaper\src\main\java\com\wdbyte\bing\BingFileUtils.java,76
CLIENT:client-code:N/A:N/A,NameExpr,com.wdbyte.bing.BingFileUtils,BING_PATH,C:\Users\tyin363\Documents\repos\niumoo__bing-wallpaper\src\main\java\com\wdbyte\bing\BingFileUtils.java,43
CLIENT:client-code:N/A:N/A,FieldAccessExpr,com.wdbyte.bing.Wallpaper,CURRENT_REGION,C:\Users\tyin363\Documents\repos\niumoo__bing-wallpaper\src\main\java\com\wdbyte\bing\html\WebSiteGenerator.java,102
CLIENT:client-code:N/A:N/A,FieldAccessExpr,com.wdbyte.bing.Wallpaper,CURRENT_REGION,C:\Users\tyin363\Documents\repos\niumoo__bing-wallpaper\src\main\java\com\wdbyte\bing\html\HtmlConstant.java,66
CLIENT:client-code:N/A:N/A,ObjectCreationExpr,com.wdbyte.bing.Images,Images,C:\Users\tyin363\Documents\repos\niumoo__bing-wallpaper\src\main\java\com\wdbyte\bing\BingFileUtils.java,102
JDK:java.base:N/A:N/A,MethodCallExpr,java.io.PrintStream,println,C:\Users\tyin363\Documents\repos\niumoo__bing-wallpaper\src\main\java\com\wdbyte\bing\LogUtils.java,11
CLIENT:client-code:N/A:N/A,FieldAccessExpr,com.wdbyte.bing.html.HtmlConstant.MonthHistory,VAR_MONTH_HISTORY_MONTH_COLOR,C:\Users\tyin363\Documents\repos\niumoo__bing-wallpaper\src\main\java\com\wdbyte\bing\html\WebSiteGenerator.java,177
JDK:java.base:N/A:N/A,MethodCallExpr,java.time.LocalDate,parse,C:\Users\tyin363\Documents\repos\niumoo__bing-wallpaper\src\main\java\com\wdbyte\bing\Wallpaper.java,52
JDK:java.base:N/A:N/A,MethodCallExpr,java.lang.System,lineSeparator,C:\Users\tyin363\Documents\repos\niumoo__bing-wallpaper\src\main\java\com\wdbyte\bing\BingFileUtils.java,219
CLIENT:client-code:N/A:N/A,MethodCallExpr,com.wdbyte.bing.html.HtmlFileUtils,readDetailTemplateFile,C:\Users\tyin363\Documents\repos\niumoo__bing-wallpaper\src\main\java\com\wdbyte\bing\html\WebSiteGenerator.java,80
JDK:java.base:N/A:N/A,ClassOrInterfaceType,java.lang.String,String,C:\Users\tyin363\Documents\repos\niumoo__bing-wallpaper\src\main\java\com\wdbyte\bing\Wallpaper.java,34
JDK:java.base:N/A:N/A,ClassOrInterfaceType,java.lang.String,String,C:\Users\tyin363\Documents\repos\niumoo__bing-wallpaper\src\main\java\com\wdbyte\bing\BingFileUtils.java,52
JDK:java.base:N/A:N/A,MethodCallExpr,java.util.Map,put,C:\Users\tyin363\Documents\repos\niumoo__bing-wallpaper\src\main\java\com\wdbyte\bing\BingFileUtils.java,184
CLIENT:client-code:N/A:N/A,NameExpr,com.wdbyte.bing.html.HtmlConstant.ImgCard,VAR_IMG_DETAIL_URL,C:\Users\tyin363\Documents\repos\niumoo__bing-wallpaper\src\main\java\com\wdbyte\bing\html\HtmlConstant.java,65
CLIENT:client-code:N/A:N/A,MethodCallExpr,com.wdbyte.bing.BingFileUtils,writeMonthInfo,C:\Users\tyin363\Documents\repos\niumoo__bing-wallpaper\src\main\java\com\wdbyte\bing\Wallpaper.java,63
JDK:java.base:N/A:N/A,ClassOrInterfaceType,java.util.Map,Map,C:\Users\tyin363\Documents\repos\niumoo__bing-wallpaper\src\main\java\com\wdbyte\bing\html\WebSiteGenerator.java,126
JDK:java.base:N/A:N/A,MethodCallExpr,java.nio.file.Files,write,C:\Users\tyin363\Documents\repos\niumoo__bing-wallpaper\src\main\java\com\wdbyte\bing\BingFileUtils.java,210
JDK:java.base:N/A:N/A,MethodCallExpr,java.util.stream.Stream,forEach,C:\Users\tyin363\Documents\repos\niumoo__bing-wallpaper\src\main\java\com\wdbyte\bing\BingFileUtils.java,95
CLIENT:client-code:N/A:N/A,NameExpr,com.wdbyte.bing.Images,url,C:\Users\tyin363\Documents\repos\niumoo__bing-wallpaper\src\main\java\com\wdbyte\bing\Images.java,96
CLIENT:client-code:N/A:N/A,ClassOrInterfaceType,com.wdbyte.bing.Images,Images,C:\Users\tyin363\Documents\repos\niumoo__bing-wallpaper\src\main\java\com\wdbyte\bing\BingFileUtils.java,119
CLIENT:client-code:N/A:N/A,NameExpr,com.wdbyte.bing.Images,url,C:\Users\tyin363\Documents\repos\niumoo__bing-wallpaper\src\main\java\com\wdbyte\bing\Images.java,63
JDK:java.base:N/A:N/A,MethodCallExpr,java.lang.String,replace,C:\Users\tyin363\Documents\repos\niumoo__bing-wallpaper\src\main\java\com\wdbyte\bing\html\HtmlConstant.java,26
JDK:java.base:N/A:N/A,ClassOrInterfaceType,java.lang.String,String,C:\Users\tyin363\Documents\repos\niumoo__bing-wallpaper\src\main\java\com\wdbyte\bing\html\HtmlFileUtils.java,41
JDK:java.base:N/A:N/A,MethodCallExpr,java.util.List,set,C:\Users\tyin363\Documents\repos\niumoo__bing-wallpaper\src\main\java\com\wdbyte\bing\Wallpaper.java,59
JDK:java.base:N/A:N/A,ClassOrInterfaceType,java.lang.String,String,C:\Users\tyin363\Documents\repos\niumoo__bing-wallpaper\src\main\java\com\wdbyte\bing\html\WebSiteGenerator.java,172
CLIENT:client-code:N/A:N/A,ClassOrInterfaceType,com.wdbyte.bing.Images,Images,C:\Users\tyin363\Documents\repos\niumoo__bing-wallpaper\src\main\java\com\wdbyte\bing\Images.java,89
CLIENT:client-code:N/A:N/A,NameExpr,com.wdbyte.bing.html.HtmlConstant.ImgCard,VAR_IMG_CARD_URL,C:\Users\tyin363\Documents\repos\niumoo__bing-wallpaper\src\main\java\com\wdbyte\bing\html\HtmlConstant.java,61
JDK:java.base:N/A:N/A,ClassOrInterfaceType,java.nio.file.Path,Path,C:\Users\tyin363\Documents\repos\niumoo__bing-wallpaper\src\main\java\com\wdbyte\bing\html\HtmlFileUtils.java,17
JDK:java.base:N/A:N/A,MethodCallExpr,java.lang.String,contains,C:\Users\tyin363\Documents\repos\niumoo__bing-wallpaper\src\main\java\com\wdbyte\bing\Images.java,18
JDK:java.base:N/A:N/A,ClassOrInterfaceType,java.lang.String,String,C:\Users\tyin363\Documents\repos\niumoo__bing-wallpaper\src\main\java\com\wdbyte\bing\Images.java,55
CLIENT:client-code:N/A:N/A,ClassOrInterfaceType,com.wdbyte.bing.Images,Images,C:\Users\tyin363\Documents\repos\niumoo__bing-wallpaper\src\main\java\com\wdbyte\bing\Wallpaper.java,59
JDK:java.base:N/A:N/A,MethodReferenceExpr,java.util.List,add,C:\Users\tyin363\Documents\repos\niumoo__bing-wallpaper\src\main\java\com\wdbyte\bing\BingFileUtils.java,104
JDK:java.base:N/A:N/A,ClassOrInterfaceType,java.lang.String,String,C:\Users\tyin363\Documents\repos\niumoo__bing-wallpaper\src\main\java\com\wdbyte\bing\BingFileUtils.java,53
CLIENT:client-code:N/A:N/A,NameExpr,com.wdbyte.bing.Images,desc,C:\Users\tyin363\Documents\repos\niumoo__bing-wallpaper\src\main\java\com\wdbyte\bing\Images.java,27
JDK:java.base:N/A:N/A,MethodCallExpr,java.nio.file.Files,createDirectories,C:\Users\tyin363\Documents\repos\niumoo__bing-wallpaper\src\main\java\com\wdbyte\bing\BingFileUtils.java,159
JDK:java.base:N/A:N/A,ObjectCreationExpr,java.lang.String,String,C:\Users\tyin363\Documents\repos\niumoo__bing-wallpaper\src\main\java\com\wdbyte\bing\html\HtmlFileUtils.java,24
JDK:java.base:N/A:N/A,ClassOrInterfaceType,java.util.List,List,C:\Users\tyin363\Documents\repos\niumoo__bing-wallpaper\src\main\java\com\wdbyte\bing\BingFileUtils.java,43
CLIENT:client-code:N/A:N/A,NameExpr,com.wdbyte.bing.BingFileUtils,BING_PATH,C:\Users\tyin363\Documents\repos\niumoo__bing-wallpaper\src\main\java\com\wdbyte\bing\BingFileUtils.java,78
CLIENT:client-code:N/A:N/A,NameExpr,com.wdbyte.bing.BingFileUtils,README_PATH,C:\Users\tyin363\Documents\repos\niumoo__bing-wallpaper\src\main\java\com\wdbyte\bing\BingFileUtils.java,129
com.alibaba:fastjson:jar:2.0.47,MethodCallExpr,com.alibaba.fastjson.JSON,toJSONString,C:\Users\tyin363\Documents\repos\niumoo__bing-wallpaper\src\main\java\com\wdbyte\bing\html\WebSiteGenerator.java,106
CLIENT:client-code:N/A:N/A,ClassOrInterfaceType,com.wdbyte.bing.Images,Images,C:\Users\tyin363\Documents\repos\niumoo__bing-wallpaper\src\main\java\com\wdbyte\bing\BingFileUtils.java,87
CLIENT:client-code:N/A:N/A,FieldAccessExpr,com.wdbyte.bing.BingFileUtils,README_PATH,C:\Users\tyin363\Documents\repos\niumoo__bing-wallpaper\src\main\java\com\wdbyte\bing\Wallpaper.java,77
JDK:java.base:N/A:N/A,MethodCallExpr,java.lang.String,replace,C:\Users\tyin363\Documents\repos\niumoo__bing-wallpaper\src\main\java\com\wdbyte\bing\html\HtmlConstant.java,25
JDK:java.base:N/A:N/A,MethodCallExpr,java.nio.file.Path,toString,C:\Users\tyin363\Documents\repos\niumoo__bing-wallpaper\src\main\java\com\wdbyte\bing\BingFileUtils.java,78
JDK:java.base:N/A:N/A,MethodCallExpr,java.nio.file.Files,write,C:\Users\tyin363\Documents\repos\niumoo__bing-wallpaper\src\main\java\com\wdbyte\bing\BingFileUtils.java,211
JDK:java.base:N/A:N/A,MethodCallExpr,java.lang.String,getBytes,C:\Users\tyin363\Documents\repos\niumoo__bing-wallpaper\src\main\java\com\wdbyte\bing\BingFileUtils.java,216
JDK:java.base:N/A:N/A,MethodCallExpr,java.util.List,get,C:\Users\tyin363\Documents\repos\niumoo__bing-wallpaper\src\main\java\com\wdbyte\bing\html\WebSiteGenerator.java,55
JDK:java.base:N/A:N/A,MethodCallExpr,java.util.Map,put,C:\Users\tyin363\Documents\repos\niumoo__bing-wallpaper\src\main\java\com\wdbyte\bing\html\WebSiteGenerator.java,102
CLIENT:client-code:N/A:N/A,NameExpr,com.wdbyte.bing.html.HtmlFileUtils,BING_HTML_ROOT,C:\Users\tyin363\Documents\repos\niumoo__bing-wallpaper\src\main\java\com\wdbyte\bing\html\HtmlFileUtils.java,52
CLIENT:client-code:N/A:N/A,MethodCallExpr,com.wdbyte.bing.Images,getDate,C:\Users\tyin363\Documents\repos\niumoo__bing-wallpaper\src\main\java\com\wdbyte\bing\BingFileUtils.java,178
JDK:java.base:N/A:N/A,ClassOrInterfaceType,java.nio.file.Path,Path,C:\Users\tyin363\Documents\repos\niumoo__bing-wallpaper\src\main\java\com\wdbyte\bing\html\HtmlFileUtils.java,47
JDK:java.base:N/A:N/A,MethodCallExpr,java.nio.file.Path,toString,C:\Users\tyin363\Documents\repos\niumoo__bing-wallpaper\src\main\java\com\wdbyte\bing\BingFileUtils.java,138
JDK:java.base:N/A:N/A,MethodCallExpr,java.util.List,size,C:\Users\tyin363\Documents\repos\niumoo__bing-wallpaper\src\main\java\com\wdbyte\bing\BingFileUtils.java,78
CLIENT:client-code:N/A:N/A,ClassOrInterfaceType,com.wdbyte.bing.Images,Images,C:\Users\tyin363\Documents\repos\niumoo__bing-wallpaper\src\main\java\com\wdbyte\bing\Wallpaper.java,58
JDK:java.base:N/A:N/A,ClassOrInterfaceType,java.lang.String,String,C:\Users\tyin363\Documents\repos\niumoo__bing-wallpaper\src\main\java\com\wdbyte\bing\html\WebSiteGenerator.java,80
JDK:java.base:N/A:N/A,ClassOrInterfaceType,java.lang.String,String,C:\Users\tyin363\Documents\repos\niumoo__bing-wallpaper\src\main\java\com\wdbyte\bing\html\HtmlConstant.java,78
CLIENT:client-code:N/A:N/A,MethodCallExpr,com.wdbyte.bing.html.WebSiteGenerator,htmlGeneratorImgJson,C:\Users\tyin363\Documents\repos\niumoo__bing-wallpaper\src\main\java\com\wdbyte\bing\html\WebSiteGenerator.java,50
JDK:java.base:N/A:N/A,ClassOrInterfaceType,java.lang.String,String,C:\Users\tyin363\Documents\repos\niumoo__bing-wallpaper\src\main\java\com\wdbyte\bing\html\HtmlConstant.java,45
JDK:java.base:N/A:N/A,ClassOrInterfaceType,java.lang.String,String,C:\Users\tyin363\Documents\repos\niumoo__bing-wallpaper\src\main\java\com\wdbyte\bing\html\WebSiteGenerator.java,146
JDK:java.base:N/A:N/A,ClassOrInterfaceType,java.lang.String,String,C:\Users\tyin363\Documents\repos\niumoo__bing-wallpaper\src\main\java\com\wdbyte\bing\Wallpaper.java,36
JDK:java.base:N/A:N/A,ClassOrInterfaceType,java.util.Map,Map,C:\Users\tyin363\Documents\repos\niumoo__bing-wallpaper\src\main\java\com\wdbyte\bing\BingFileUtils.java,172
JDK:java.base:N/A:N/A,ClassOrInterfaceType,java.io.IOException,IOException,C:\Users\tyin363\Documents\repos\niumoo__bing-wallpaper\src\main\java\com\wdbyte\bing\html\WebSiteGenerator.java,109
JDK:java.base:N/A:N/A,MethodCallExpr,java.util.List,get,C:\Users\tyin363\Documents\repos\niumoo__bing-wallpaper\src\main\java\com\wdbyte\bing\html\WebSiteGenerator.java,54
CLIENT:client-code:N/A:N/A,NameExpr,com.wdbyte.bing.Images,date,C:\Users\tyin363\Documents\repos\niumoo__bing-wallpaper\src\main\java\com\wdbyte\bing\Images.java,48
JDK:java.base:N/A:N/A,MethodCallExpr,java.lang.System,lineSeparator,C:\Users\tyin363\Documents\repos\niumoo__bing-wallpaper\src\main\java\com\wdbyte\bing\BingFileUtils.java,127
CLIENT:client-code:N/A:N/A,NameExpr,com.wdbyte.bing.html.HtmlConstant.ImgCard,VAR_IMG_CARD_DOWNLOAD_URL,C:\Users\tyin363\Documents\repos\niumoo__bing-wallpaper\src\main\java\com\wdbyte\bing\html\HtmlConstant.java,63
JDK:java.base:N/A:N/A,MethodCallExpr,java.util.List,subList,C:\Users\tyin363\Documents\repos\niumoo__bing-wallpaper\src\main\java\com\wdbyte\bing\BingFileUtils.java,121
JDK:java.base:N/A:N/A,MethodCallExpr,java.lang.String,replace,C:\Users\tyin363\Documents\repos\niumoo__bing-wallpaper\src\main\java\com\wdbyte\bing\html\HtmlConstant.java,61
CLIENT:client-code:N/A:N/A,ClassOrInterfaceType,com.wdbyte.bing.Images,Images,C:\Users\tyin363\Documents\repos\niumoo__bing-wallpaper\src\main\java\com\wdbyte\bing\html\WebSiteGenerator.java,111
CLIENT:client-code:N/A:N/A,NameExpr,com.wdbyte.bing.Images,url,C:\Users\tyin363\Documents\repos\niumoo__bing-wallpaper\src\main\java\com\wdbyte\bing\Images.java,61
JDK:java.base:N/A:N/A,MethodCallExpr,java.lang.String,getBytes,C:\Users\tyin363\Documents\repos\niumoo__bing-wallpaper\src\main\java\com\wdbyte\bing\BingFileUtils.java,211
CLIENT:client-code:N/A:N/A,ClassOrInterfaceType,com.wdbyte.bing.Images,Images,C:\Users\tyin363\Documents\repos\niumoo__bing-wallpaper\src\main\java\com\wdbyte\bing\html\WebSiteGenerator.java,45
JDK:java.base:N/A:N/A,MethodCallExpr,java.util.HashMap,put,C:\Users\tyin363\Documents\repos\niumoo__bing-wallpaper\src\main\java\com\wdbyte\bing\html\WebSiteGenerator.java,59
CLIENT:client-code:N/A:N/A,NameExpr,com.wdbyte.bing.BingFileUtils,README_PATH,C:\Users\tyin363\Documents\repos\niumoo__bing-wallpaper\src\main\java\com\wdbyte\bing\BingFileUtils.java,89
CLIENT:client-code:N/A:N/A,MethodCallExpr,com.wdbyte.bing.BingFileUtils,writeFile,C:\Users\tyin363\Documents\repos\niumoo__bing-wallpaper\src\main\java\com\wdbyte\bing\BingFileUtils.java,162
JDK:java.base:N/A:N/A,MethodCallExpr,java.nio.file.Files,write,C:\Users\tyin363\Documents\repos\niumoo__bing-wallpaper\src\main\java\com\wdbyte\bing\BingFileUtils.java,218
JDK:java.base:N/A:N/A,MethodCallExpr,java.util.List,add,C:\Users\tyin363\Documents\repos\niumoo__bing-wallpaper\src\main\java\com\wdbyte\bing\BingFileUtils.java,55
JDK:java.base:N/A:N/A,ClassOrInterfaceType,java.lang.Object,Object,C:\Users\tyin363\Documents\repos\niumoo__bing-wallpaper\src\main\java\com\wdbyte\bing\LogUtils.java,9
JDK:java.base:N/A:N/A,ClassOrInterfaceType,java.util.Map,Map,C:\Users\tyin363\Documents\repos\niumoo__bing-wallpaper\src\main\java\com\wdbyte\bing\BingFileUtils.java,173
JDK:java.base:N/A:N/A,ClassOrInterfaceType,java.lang.String,String,C:\Users\tyin363\Documents\repos\niumoo__bing-wallpaper\src\main\java\com\wdbyte\bing\html\HtmlConstant.java,79
JDK:java.base:N/A:N/A,ClassOrInterfaceType,java.lang.String,String,C:\Users\tyin363\Documents\repos\niumoo__bing-wallpaper\src\main\java\com\wdbyte\bing\html\WebSiteGenerator.java,112
JDK:java.base:N/A:N/A,ClassOrInterfaceType,java.lang.String,String,C:\Users\tyin363\Documents\repos\niumoo__bing-wallpaper\src\main\java\com\wdbyte\bing\html\HtmlConstant.java,46
JDK:java.base:N/A:N/A,ClassOrInterfaceType,java.lang.String,String,C:\Users\tyin363\Documents\repos\niumoo__bing-wallpaper\src\main\java\com\wdbyte\bing\Wallpaper.java,68
JDK:java.base:N/A:N/A,ClassOrInterfaceType,java.util.List,List,C:\Users\tyin363\Documents\repos\niumoo__bing-wallpaper\src\main\java\com\wdbyte\bing\html\WebSiteGenerator.java,126
CLIENT:client-code:N/A:N/A,NameExpr,com.wdbyte.bing.html.HtmlConstant.ImgCard,VAR_IMG_DETAIL_URL,C:\Users\tyin363\Documents\repos\niumoo__bing-wallpaper\src\main\java\com\wdbyte\bing\html\HtmlConstant.java,64
JDK:java.base:N/A:N/A,ClassOrInterfaceType,java.lang.String,String,C:\Users\tyin363\Documents\repos\niumoo__bing-wallpaper\src\main\java\com\wdbyte\bing\html\HtmlConstant.java,80
JDK:java.base:N/A:N/A,MethodCallExpr,java.lang.String,getBytes,C:\Users\tyin363\Documents\repos\niumoo__bing-wallpaper\src\main\java\com\wdbyte\bing\BingFileUtils.java,210
JDK:java.base:N/A:N/A,ClassOrInterfaceType,java.io.IOException,IOException,C:\Users\tyin363\Documents\repos\niumoo__bing-wallpaper\src\main\java\com\wdbyte\bing\html\HtmlFileUtils.java,31
JDK:java.base:N/A:N/A,MethodCallExpr,java.util.stream.Stream,collect,C:\Users\tyin363\Documents\repos\niumoo__bing-wallpaper\src\main\java\com\wdbyte\bing\BingFileUtils.java,131
CLIENT:client-code:N/A:N/A,NameExpr,com.wdbyte.bing.Images,url,C:\Users\tyin363\Documents\repos\niumoo__bing-wallpaper\src\main\java\com\wdbyte\bing\Images.java,60
CLIENT:client-code:N/A:N/A,NameExpr,com.wdbyte.bing.Images,url,C:\Users\tyin363\Documents\repos\niumoo__bing-wallpaper\src\main\java\com\wdbyte\bing\Images.java,27
com.alibaba:fastjson:jar:2.0.47,MethodCallExpr,com.alibaba.fastjson.JSON,parseObject,C:\Users\tyin363\Documents\repos\niumoo__bing-wallpaper\src\main\java\com\wdbyte\bing\Wallpaper.java,43
CLIENT:client-code:N/A:N/A,ClassOrInterfaceType,com.wdbyte.bing.Images,Images,C:\Users\tyin363\Documents\repos\niumoo__bing-wallpaper\src\main\java\com\wdbyte\bing\html\WebSiteGenerator.java,79
JDK:java.base:N/A:N/A,ClassOrInterfaceType,java.util.List,List,C:\Users\tyin363\Documents\repos\niumoo__bing-wallpaper\src\main\java\com\wdbyte\bing\BingFileUtils.java,115
JDK:java.base:N/A:N/A,ObjectCreationExpr,java.util.ArrayList,ArrayList,C:\Users\tyin363\Documents\repos\niumoo__bing-wallpaper\src\main\java\com\wdbyte\bing\BingFileUtils.java,92
JDK:java.base:N/A:N/A,MethodCallExpr,java.util.HashMap,put,C:\Users\tyin363\Documents\repos\niumoo__bing-wallpaper\src\main\java\com\wdbyte\bing\html\WebSiteGenerator.java,58
JDK:java.base:N/A:N/A,MethodCallExpr,java.lang.String,replace,C:\Users\tyin363\Documents\repos\niumoo__bing-wallpaper\src\main\java\com\wdbyte\bing\html\WebSiteGenerator.java,162
CLIENT:client-code:N/A:N/A,ObjectCreationExpr,com.wdbyte.bing.html.WebSiteGenerator,WebSiteGenerator,C:\Users\tyin363\Documents\repos\niumoo__bing-wallpaper\src\main\java\com\wdbyte\bing\html\WebSiteGenerator.java,30
JDK:java.base:N/A:N/A,ClassOrInterfaceType,java.lang.String,String,C:\Users\tyin363\Documents\repos\niumoo__bing-wallpaper\src\main\java\com\wdbyte\bing\Wallpaper.java,38
CLIENT:client-code:N/A:N/A,MethodReferenceExpr,com.wdbyte.bing.Images,getDate,C:\Users\tyin363\Documents\repos\niumoo__bing-wallpaper\src\main\java\com\wdbyte\bing\BingFileUtils.java,132
JDK:java.base:N/A:N/A,ClassOrInterfaceType,java.lang.String,String,C:\Users\tyin363\Documents\repos\niumoo__bing-wallpaper\src\main\java\com\wdbyte\bing\BingFileUtils.java,48
JDK:java.base:N/A:N/A,ClassOrInterfaceType,java.lang.String,String,C:\Users\tyin363\Documents\repos\niumoo__bing-wallpaper\src\main\java\com\wdbyte\bing\html\HtmlFileUtils.java,46
JDK:java.base:N/A:N/A,ClassOrInterfaceType,java.lang.String,String,C:\Users\tyin363\Documents\repos\niumoo__bing-wallpaper\src\main\java\com\wdbyte\bing\html\WebSiteGenerator.java,45
JDK:java.base:N/A:N/A,MethodCallExpr,java.lang.String,replace,C:\Users\tyin363\Documents\repos\niumoo__bing-wallpaper\src\main\java\com\wdbyte\bing\Images.java,67
JDK:java.base:N/A:N/A,MethodCallExpr,java.util.List,size,C:\Users\tyin363\Documents\repos\niumoo__bing-wallpaper\src\main\java\com\wdbyte\bing\BingFileUtils.java,47
CLIENT:client-code:N/A:N/A,MethodCallExpr,com.wdbyte.bing.BingFileUtils,writeBing,C:\Users\tyin363\Documents\repos\niumoo__bing-wallpaper\src\main\java\com\wdbyte\bing\Wallpaper.java,61
JDK:java.base:N/A:N/A,ClassOrInterfaceType,java.lang.String,String,C:\Users\tyin363\Documents\repos\niumoo__bing-wallpaper\src\main\java\com\wdbyte\bing\html\HtmlConstant.java,43
JDK:java.base:N/A:N/A,ClassOrInterfaceType,java.util.LinkedHashMap,LinkedHashMap,C:\Users\tyin363\Documents\repos\niumoo__bing-wallpaper\src\main\java\com\wdbyte\bing\BingFileUtils.java,173
CLIENT:client-code:N/A:N/A,FieldAccessExpr,com.wdbyte.bing.BingFileUtils,MONTH_PATH,C:\Users\tyin363\Documents\repos\niumoo__bing-wallpaper\src\main\java\com\wdbyte\bing\Wallpaper.java,79
CLIENT:client-code:N/A:N/A,NameExpr,com.wdbyte.bing.html.HtmlConstant.ImgCard,IMG_CARD,C:\Users\tyin363\Documents\repos\niumoo__bing-wallpaper\src\main\java\com\wdbyte\bing\html\HtmlConstant.java,61
JDK:java.base:N/A:N/A,ClassOrInterfaceType,java.lang.String,String,C:\Users\tyin363\Documents\repos\niumoo__bing-wallpaper\src\main\java\com\wdbyte\bing\html\HtmlConstant.java,76
CLIENT:client-code:N/A:N/A,FieldAccessExpr,com.wdbyte.bing.BingFileUtils,README_PATH,C:\Users\tyin363\Documents\repos\niumoo__bing-wallpaper\src\main\java\com\wdbyte\bing\Wallpaper.java,72
CLIENT:client-code:N/A:N/A,MethodCallExpr,com.wdbyte.bing.Images,getDesc,C:\Users\tyin363\Documents\repos\niumoo__bing-wallpaper\src\main\java\com\wdbyte\bing\html\WebSiteGenerator.java,82
JDK:java.base:N/A:N/A,ClassOrInterfaceType,java.lang.String,String,C:\Users\tyin363\Documents\repos\niumoo__bing-wallpaper\src\main\java\com\wdbyte\bing\HttpUtls.java,49
CLIENT:client-code:N/A:N/A,MethodCallExpr,com.wdbyte.bing.Images,getDesc,C:\Users\tyin363\Documents\repos\niumoo__bing-wallpaper\src\main\java\com\wdbyte\bing\html\WebSiteGenerator.java,148
JDK:java.base:N/A:N/A,MethodCallExpr,java.lang.String,getBytes,C:\Users\tyin363\Documents\repos\niumoo__bing-wallpaper\src\main\java\com\wdbyte\bing\BingFileUtils.java,213
JDK:java.base:N/A:N/A,MethodCallExpr,java.nio.file.Files,write,C:\Users\tyin363\Documents\repos\niumoo__bing-wallpaper\src\main\java\com\wdbyte\bing\html\HtmlFileUtils.java,64
JDK:java.base:N/A:N/A,MethodCallExpr,java.util.Map,get,C:\Users\tyin363\Documents\repos\niumoo__bing-wallpaper\src\main\java\com\wdbyte\bing\BingFileUtils.java,162
JDK:java.base:N/A:N/A,MethodCallExpr,java.util.HashMap,put,C:\Users\tyin363\Documents\repos\niumoo__bing-wallpaper\src\main\java\com\wdbyte\bing\html\WebSiteGenerator.java,57
JDK:java.base:N/A:N/A,MethodCallExpr,java.lang.String,replace,C:\Users\tyin363\Documents\repos\niumoo__bing-wallpaper\src\main\java\com\wdbyte\bing\html\HtmlConstant.java,63
CLIENT:client-code:N/A:N/A,ClassOrInterfaceType,com.wdbyte.bing.Images,Images,C:\Users\tyin363\Documents\repos\niumoo__bing-wallpaper\src\main\java\com\wdbyte\bing\html\WebSiteGenerator.java,109
CLIENT:client-code:N/A:N/A,NameExpr,com.wdbyte.bing.BingFileUtils,README_PATH,C:\Users\tyin363\Documents\repos\niumoo__bing-wallpaper\src\main\java\com\wdbyte\bing\BingFileUtils.java,91
CLIENT:client-code:N/A:N/A,MethodCallExpr,com.wdbyte.bing.html.WebSiteGenerator,htmlGeneratorImgDetail,C:\Users\tyin363\Documents\repos\niumoo__bing-wallpaper\src\main\java\com\wdbyte\bing\html\WebSiteGenerator.java,38
JDK:java.base:N/A:N/A,MethodCallExpr,java.lang.String,format,C:\Users\tyin363\Documents\repos\niumoo__bing-wallpaper\src\main\java\com\wdbyte\bing\Images.java,23
CLIENT:client-code:N/A:N/A,ClassOrInterfaceType,com.wdbyte.bing.Images,Images,C:\Users\tyin363\Documents\repos\niumoo__bing-wallpaper\src\main\java\com\wdbyte\bing\BingFileUtils.java,115
JDK:java.base:N/A:N/A,MethodCallExpr,java.nio.file.Files,readAllBytes,C:\Users\tyin363\Documents\repos\niumoo__bing-wallpaper\src\main\java\com\wdbyte\bing\html\HtmlFileUtils.java,37
JDK:java.base:N/A:N/A,ClassOrInterfaceType,java.lang.String,String,C:\Users\tyin363\Documents\repos\niumoo__bing-wallpaper\src\main\java\com\wdbyte\bing\html\WebSiteGenerator.java,110
JDK:java.base:N/A:N/A,ClassOrInterfaceType,java.io.IOException,IOException,C:\Users\tyin363\Documents\repos\niumoo__bing-wallpaper\src\main\java\com\wdbyte\bing\BingFileUtils.java,115
JDK:java.base:N/A:N/A,MethodCallExpr,java.nio.file.Files,write,C:\Users\tyin363\Documents\repos\niumoo__bing-wallpaper\src\main\java\com\wdbyte\bing\BingFileUtils.java,216
CLIENT:client-code:N/A:N/A,ClassOrInterfaceType,com.wdbyte.bing.Images,Images,C:\Users\tyin363\Documents\repos\niumoo__bing-wallpaper\src\main\java\com\wdbyte\bing\html\WebSiteGenerator.java,43
JDK:java.base:N/A:N/A,MethodCallExpr,java.lang.String,toLowerCase,C:\Users\tyin363\Documents\repos\niumoo__bing-wallpaper\src\main\java\com\wdbyte\bing\Wallpaper.java,69
JDK:java.base:N/A:N/A,ClassOrInterfaceType,java.io.IOException,IOException,C:\Users\tyin363\Documents\repos\niumoo__bing-wallpaper\src\main\java\com\wdbyte\bing\html\WebSiteGenerator.java,42
com.alibaba:fastjson:jar:2.0.47,MethodCallExpr,com.alibaba.fastjson.JSONArray,add,C:\Users\tyin363\Documents\repos\niumoo__bing-wallpaper\src\main\java\com\wdbyte\bing\html\WebSiteGenerator.java,103
JDK:java.base:N/A:N/A,ClassOrInterfaceType,java.lang.String,String,C:\Users\tyin363\Documents\repos\niumoo__bing-wallpaper\src\main\java\com\wdbyte\bing\Images.java,51
com.alibaba.fastjson2:fastjson2:jar:2.0.47,ClassOrInterfaceType,com.alibaba.fastjson2.JSONObject,JSONObject,C:\Users\tyin363\Documents\repos\niumoo__bing-wallpaper\src\main\java\com\wdbyte\bing\html\WebSiteGenerator.java,56
JDK:java.base:N/A:N/A,ClassOrInterfaceType,java.util.List,List,C:\Users\tyin363\Documents\repos\niumoo__bing-wallpaper\src\main\java\com\wdbyte\bing\html\WebSiteGenerator.java,91
JDK:java.base:N/A:N/A,FieldAccessExpr,java.lang.System,out,C:\Users\tyin363\Documents\repos\niumoo__bing-wallpaper\src\main\java\com\wdbyte\bing\LogUtils.java,11
JDK:java.base:N/A:N/A,ClassOrInterfaceType,java.lang.String,String,C:\Users\tyin363\Documents\repos\niumoo__bing-wallpaper\src\main\java\com\wdbyte\bing\html\HtmlConstant.java,77
CLIENT:client-code:N/A:N/A,MethodCallExpr,com.wdbyte.bing.BingFileUtils,readBing,C:\Users\tyin363\Documents\repos\niumoo__bing-wallpaper\src\main\java\com\wdbyte\bing\html\WebSiteGenerator.java,43
JDK:java.base:N/A:N/A,ClassOrInterfaceType,java.util.List,List,C:\Users\tyin363\Documents\repos\niumoo__bing-wallpaper\src\main\java\com\wdbyte\bing\html\WebSiteGenerator.java,157
JDK:java.base:N/A:N/A,MethodCallExpr,java.net.HttpURLConnection,disconnect,C:\Users\tyin363\Documents\repos\niumoo__bing-wallpaper\src\main\java\com\wdbyte\bing\HttpUtls.java,54
JDK:java.base:N/A:N/A,ClassOrInterfaceType,java.lang.String,String,C:\Users\tyin363\Documents\repos\niumoo__bing-wallpaper\src\main\java\com\wdbyte\bing\html\HtmlConstant.java,44
JDK:java.base:N/A:N/A,ClassOrInterfaceType,java.net.HttpURLConnection,HttpURLConnection,C:\Users\tyin363\Documents\repos\niumoo__bing-wallpaper\src\main\java\com\wdbyte\bing\HttpUtls.java,26
CLIENT:client-code:N/A:N/A,NameExpr,com.wdbyte.bing.BingFileUtils,README_PATH,C:\Users\tyin363\Documents\repos\niumoo__bing-wallpaper\src\main\java\com\wdbyte\bing\BingFileUtils.java,125
JDK:java.base:N/A:N/A,ClassOrInterfaceType,java.util.Map,Map,C:\Users\tyin363\Documents\repos\niumoo__bing-wallpaper\src\main\java\com\wdbyte\bing\html\WebSiteGenerator.java,65
JDK:java.base:N/A:N/A,ClassOrInterfaceType,java.util.Map,Map,C:\Users\tyin363\Documents\repos\niumoo__bing-wallpaper\src\main\java\com\wdbyte\bing\html\WebSiteGenerator.java,98
CLIENT:client-code:N/A:N/A,NameExpr,com.wdbyte.bing.Images,url,C:\Users\tyin363\Documents\repos\niumoo__bing-wallpaper\src\main\java\com\wdbyte\bing\Images.java,91
CLIENT:client-code:N/A:N/A,ClassOrInterfaceType,com.wdbyte.bing.Images,Images,C:\Users\tyin363\Documents\repos\niumoo__bing-wallpaper\src\main\java\com\wdbyte\bing\BingFileUtils.java,182
JDK:java.base:N/A:N/A,MethodCallExpr,java.lang.String,replace,C:\Users\tyin363\Documents\repos\niumoo__bing-wallpaper\src\main\java\com\wdbyte\bing\html\HtmlConstant.java,62
CLIENT:client-code:N/A:N/A,MethodCallExpr,com.wdbyte.bing.Images,formatMarkdown,C:\Users\tyin363\Documents\repos\niumoo__bing-wallpaper\src\main\java\com\wdbyte\bing\BingFileUtils.java,74
JDK:java.base:N/A:N/A,MethodCallExpr,java.util.stream.Collectors,toList,C:\Users\tyin363\Documents\repos\niumoo__bing-wallpaper\src\main\java\com\wdbyte\bing\html\WebSiteGenerator.java,105
JDK:java.base:N/A:N/A,MethodCallExpr,java.lang.String,getBytes,C:\Users\tyin363\Documents\repos\niumoo__bing-wallpaper\src\main\java\com\wdbyte\bing\BingFileUtils.java,212
CLIENT:client-code:N/A:N/A,ClassOrInterfaceType,com.wdbyte.bing.Images,Images,C:\Users\tyin363\Documents\repos\niumoo__bing-wallpaper\src\main\java\com\wdbyte\bing\BingFileUtils.java,215
CLIENT:client-code:N/A:N/A,MethodCallExpr,com.wdbyte.bing.html.WebSiteGenerator,replaceImgList,C:\Users\tyin363\Documents\repos\niumoo__bing-wallpaper\src\main\java\com\wdbyte\bing\html\WebSiteGenerator.java,72
com.alibaba:fastjson:jar:2.0.47,MethodCallExpr,com.alibaba.fastjson.JSONObject,get,C:\Users\tyin363\Documents\repos\niumoo__bing-wallpaper\src\main\java\com\wdbyte\bing\Wallpaper.java,51
JDK:java.base:N/A:N/A,ClassOrInterfaceType,java.lang.String,String,C:\Users\tyin363\Documents\repos\niumoo__bing-wallpaper\src\main\java\com\wdbyte\bing\Wallpaper.java,40
CLIENT:client-code:N/A:N/A,NameExpr,com.wdbyte.bing.html.HtmlConstant.Sidebar,SIDABAR_MENU,C:\Users\tyin363\Documents\repos\niumoo__bing-wallpaper\src\main\java\com\wdbyte\bing\html\HtmlConstant.java,25
JDK:java.base:N/A:N/A,MethodCallExpr,java.lang.String,replace,C:\Users\tyin363\Documents\repos\niumoo__bing-wallpaper\src\main\java\com\wdbyte\bing\html\HtmlConstant.java,65
JDK:java.base:N/A:N/A,MethodCallExpr,java.util.Map,keySet,C:\Users\tyin363\Documents\repos\niumoo__bing-wallpaper\src\main\java\com\wdbyte\bing\html\WebSiteGenerator.java,128
JDK:java.base:N/A:N/A,MethodCallExpr,java.nio.file.Paths,get,C:\Users\tyin363\Documents\repos\niumoo__bing-wallpaper\src\main\java\com\wdbyte\bing\html\HtmlFileUtils.java,20
CLIENT:client-code:N/A:N/A,FieldAccessExpr,com.wdbyte.bing.Wallpaper,CURRENT_REGION,C:\Users\tyin363\Documents\repos\niumoo__bing-wallpaper\src\main\java\com\wdbyte\bing\html\WebSiteGenerator.java,60
CLIENT:client-code:N/A:N/A,ObjectCreationExpr,com.wdbyte.bing.Images,Images,C:\Users\tyin363\Documents\repos\niumoo__bing-wallpaper\src\main\java\com\wdbyte\bing\BingFileUtils.java,46
JDK:java.base:N/A:N/A,ObjectCreationExpr,java.util.HashMap,HashMap,C:\Users\tyin363\Documents\repos\niumoo__bing-wallpaper\src\main\java\com\wdbyte\bing\html\WebSiteGenerator.java,98
JDK:java.base:N/A:N/A,MethodCallExpr,java.lang.StringBuilder,toString,C:\Users\tyin363\Documents\repos\niumoo__bing-wallpaper\src\main\java\com\wdbyte\bing\HttpUtls.java,56
JDK:java.base:N/A:N/A,ClassOrInterfaceType,java.util.List,List,C:\Users\tyin363\Documents\repos\niumoo__bing-wallpaper\src\main\java\com\wdbyte\bing\BingFileUtils.java,35
CLIENT:client-code:N/A:N/A,MethodCallExpr,com.wdbyte.bing.Images,toString,C:\Users\tyin363\Documents\repos\niumoo__bing-wallpaper\src\main\java\com\wdbyte\bing\BingFileUtils.java,216
JDK:java.base:N/A:N/A,ClassOrInterfaceType,java.util.ArrayList,ArrayList,C:\Users\tyin363\Documents\repos\niumoo__bing-wallpaper\src\main\java\com\wdbyte\bing\BingFileUtils.java,92
JDK:java.base:N/A:N/A,MethodCallExpr,java.lang.System,lineSeparator,C:\Users\tyin363\Documents\repos\niumoo__bing-wallpaper\src\main\java\com\wdbyte\bing\BingFileUtils.java,213
JDK:java.base:N/A:N/A,ClassOrInterfaceType,java.lang.String,String,C:\Users\tyin363\Documents\repos\niumoo__bing-wallpaper\src\main\java\com\wdbyte\bing\html\HtmlFileUtils.java,31
JDK:java.base:N/A:N/A,MethodCallExpr,java.nio.file.Files,write,C:\Users\tyin363\Documents\repos\niumoo__bing-wallpaper\src\main\java\com\wdbyte\bing\BingFileUtils.java,72
JDK:java.base:N/A:N/A,MethodCallExpr,java.lang.String,getBytes,C:\Users\tyin363\Documents\repos\niumoo__bing-wallpaper\src\main\java\com\wdbyte\bing\BingFileUtils.java,75
CLIENT:client-code:N/A:N/A,FieldAccessExpr,com.wdbyte.bing.html.HtmlConstant.Head,HEAD_TITLE,C:\Users\tyin363\Documents\repos\niumoo__bing-wallpaper\src\main\java\com\wdbyte\bing\html\WebSiteGenerator.java,152
JDK:java.base:N/A:N/A,MethodCallExpr,java.lang.String,getBytes,C:\Users\tyin363\Documents\repos\niumoo__bing-wallpaper\src\main\java\com\wdbyte\bing\BingFileUtils.java,207
JDK:java.base:N/A:N/A,MethodCallExpr,java.util.Objects,equals,C:\Users\tyin363\Documents\repos\niumoo__bing-wallpaper\src\main\java\com\wdbyte\bing\Images.java,90
JDK:java.base:N/A:N/A,MethodCallExpr,java.lang.String,length,C:\Users\tyin363\Documents\repos\niumoo__bing-wallpaper\src\main\java\com\wdbyte\bing\BingFileUtils.java,101
JDK:java.base:N/A:N/A,ClassOrInterfaceType,java.lang.String,String,C:\Users\tyin363\Documents\repos\niumoo__bing-wallpaper\src\main\java\com\wdbyte\bing\Images.java,66
JDK:java.base:N/A:N/A,MethodCallExpr,java.lang.String,substring,C:\Users\tyin363\Documents\repos\niumoo__bing-wallpaper\src\main\java\com\wdbyte\bing\Images.java,68
JDK:java.base:N/A:N/A,MethodCallExpr,java.util.stream.Stream,filter,C:\Users\tyin363\Documents\repos\niumoo__bing-wallpaper\src\main\java\com\wdbyte\bing\BingFileUtils.java,95
JDK:java.base:N/A:N/A,ClassOrInterfaceType,java.lang.String,String,C:\Users\tyin363\Documents\repos\niumoo__bing-wallpaper\src\main\java\com\wdbyte\bing\html\HtmlConstant.java,34
com.alibaba:fastjson:jar:2.0.47,MethodCallExpr,com.alibaba.fastjson.JSONArray,get,C:\Users\tyin363\Documents\repos\niumoo__bing-wallpaper\src\main\java\com\wdbyte\bing\Wallpaper.java,46
JDK:java.base:N/A:N/A,ClassOrInterfaceType,java.lang.String,String,C:\Users\tyin363\Documents\repos\niumoo__bing-wallpaper\src\main\java\com\wdbyte\bing\Wallpaper.java,39
CLIENT:client-code:N/A:N/A,MethodCallExpr,com.wdbyte.bing.Images,getSimpleUrl,C:\Users\tyin363\Documents\repos\niumoo__bing-wallpaper\src\main\java\com\wdbyte\bing\html\WebSiteGenerator.java,101
JDK:java.base:N/A:N/A,MethodCallExpr,java.lang.String,trim,C:\Users\tyin363\Documents\repos\niumoo__bing-wallpaper\src\main\java\com\wdbyte\bing\BingFileUtils.java,48
JDK:java.base:N/A:N/A,MethodCallExpr,java.nio.file.Paths,get,C:\Users\tyin363\Documents\repos\niumoo__bing-wallpaper\src\main\java\com\wdbyte\bing\html\HtmlFileUtils.java,19
JDK:java.base:N/A:N/A,ClassOrInterfaceType,java.io.IOException,IOException,C:\Users\tyin363\Documents\repos\niumoo__bing-wallpaper\src\main\java\com\wdbyte\bing\html\HtmlFileUtils.java,26
JDK:java.base:N/A:N/A,MethodCallExpr,java.lang.String,getBytes,C:\Users\tyin363\Documents\repos\niumoo__bing-wallpaper\src\main\java\com\wdbyte\bing\BingFileUtils.java,74
CLIENT:client-code:N/A:N/A,NameExpr,com.wdbyte.bing.html.HtmlFileUtils,BING_HTML_ROOT,C:\Users\tyin363\Documents\repos\niumoo__bing-wallpaper\src\main\java\com\wdbyte\bing\html\HtmlFileUtils.java,47
JDK:java.base:N/A:N/A,MethodCallExpr,java.lang.String,getBytes,C:\Users\tyin363\Documents\repos\niumoo__bing-wallpaper\src\main\java\com\wdbyte\bing\BingFileUtils.java,206
JDK:java.base:N/A:N/A,MethodCallExpr,java.util.Map,keySet,C:\Users\tyin363\Documents\repos\niumoo__bing-wallpaper\src\main\java\com\wdbyte\bing\BingFileUtils.java,156
JDK:java.base:N/A:N/A,MethodCallExpr,java.nio.file.Files,write,C:\Users\tyin363\Documents\repos\niumoo__bing-wallpaper\src\main\java\com\wdbyte\bing\BingFileUtils.java,139
JDK:java.base:N/A:N/A,MethodCallExpr,java.util.Objects,equals,C:\Users\tyin363\Documents\repos\niumoo__bing-wallpaper\src\main\java\com\wdbyte\bing\Images.java,91
JDK:java.base:N/A:N/A,MethodCallExpr,java.lang.String,substring,C:\Users\tyin363\Documents\repos\niumoo__bing-wallpaper\src\main\java\com\wdbyte\bing\Images.java,67
JDK:java.base:N/A:N/A,MethodCallExpr,java.nio.file.Files,exists,C:\Users\tyin363\Documents\repos\niumoo__bing-wallpaper\src\main\java\com\wdbyte\bing\BingFileUtils.java,116
JDK:java.base:N/A:N/A,MethodCallExpr,java.lang.String,replace,C:\Users\tyin363\Documents\repos\niumoo__bing-wallpaper\src\main\java\com\wdbyte\bing\html\HtmlConstant.java,64
CLIENT:client-code:N/A:N/A,NameExpr,com.wdbyte.bing.html.HtmlConstant.MonthHistory,MONTH_HISTORY_HREF,C:\Users\tyin363\Documents\repos\niumoo__bing-wallpaper\src\main\java\com\wdbyte\bing\html\HtmlConstant.java,82
JDK:java.base:N/A:N/A,ClassOrInterfaceType,java.lang.String,String,C:\Users\tyin363\Documents\repos\niumoo__bing-wallpaper\src\main\java\com\wdbyte\bing\html\WebSiteGenerator.java,66
JDK:java.base:N/A:N/A,MethodCallExpr,java.util.stream.Stream,collect,C:\Users\tyin363\Documents\repos\niumoo__bing-wallpaper\src\main\java\com\wdbyte\bing\BingFileUtils.java,44
JDK:java.base:N/A:N/A,ClassOrInterfaceType,java.nio.file.Path,Path,C:\Users\tyin363\Documents\repos\niumoo__bing-wallpaper\src\main\java\com\wdbyte\bing\html\HtmlFileUtils.java,27
JDK:java.base:N/A:N/A,MethodCallExpr,java.lang.System,lineSeparator,C:\Users\tyin363\Documents\repos\niumoo__bing-wallpaper\src\main\java\com\wdbyte\bing\BingFileUtils.java,211
CLIENT:client-code:N/A:N/A,NameExpr,com.wdbyte.bing.html.HtmlFileUtils,BING_HTML_INDEX_TEMPLATE,C:\Users\tyin363\Documents\repos\niumoo__bing-wallpaper\src\main\java\com\wdbyte\bing\html\HtmlFileUtils.java,32
CLIENT:client-code:N/A:N/A,ObjectCreationExpr,com.wdbyte.bing.Images,Images,C:\Users\tyin363\Documents\repos\niumoo__bing-wallpaper\src\main\java\com\wdbyte\bing\Wallpaper.java,59
CLIENT:client-code:N/A:N/A,ClassOrInterfaceType,com.wdbyte.bing.Images,Images,C:\Users\tyin363\Documents\repos\niumoo__bing-wallpaper\src\main\java\com\wdbyte\bing\BingFileUtils.java,45
JDK:java.base:N/A:N/A,FieldAccessExpr,java.time.format.DateTimeFormatter,BASIC_ISO_DATE,C:\Users\tyin363\Documents\repos\niumoo__bing-wallpaper\src\main\java\com\wdbyte\bing\Wallpaper.java,52
JDK:java.base:N/A:N/A,ClassOrInterfaceType,java.lang.String,String,C:\Users\tyin363\Documents\repos\niumoo__bing-wallpaper\src\main\java\com\wdbyte\bing\Wallpaper.java,42
JDK:java.base:N/A:N/A,MethodCallExpr,java.nio.file.Files,readAllBytes,C:\Users\tyin363\Documents\repos\niumoo__bing-wallpaper\src\main\java\com\wdbyte\bing\html\HtmlFileUtils.java,32
JDK:java.base:N/A:N/A,MethodCallExpr,java.lang.String,substring,C:\Users\tyin363\Documents\repos\niumoo__bing-wallpaper\src\main\java\com\wdbyte\bing\Images.java,33
JDK:java.base:N/A:N/A,MethodCallExpr,java.lang.String,replace,C:\Users\tyin363\Documents\repos\niumoo__bing-wallpaper\src\main\java\com\wdbyte\bing\html\HtmlConstant.java,67
JDK:java.base:N/A:N/A,ClassOrInterfaceType,java.util.Map,Map,C:\Users\tyin363\Documents\repos\niumoo__bing-wallpaper\src\main\java\com\wdbyte\bing\html\WebSiteGenerator.java,35
JDK:java.base:N/A:N/A,ClassOrInterfaceType,java.util.List,List,C:\Users\tyin363\Documents\repos\niumoo__bing-wallpaper\src\main\java\com\wdbyte\bing\BingFileUtils.java,198
JDK:java.base:N/A:N/A,MethodCallExpr,java.util.stream.Stream,map,C:\Users\tyin363\Documents\repos\niumoo__bing-wallpaper\src\main\java\com\wdbyte\bing\BingFileUtils.java,131
CLIENT:client-code:N/A:N/A,FieldAccessExpr,com.wdbyte.bing.html.HtmlConstant.MonthHistory,VAR_MONTH_HISTORY_NOW_MONTH_COLOR,C:\Users\tyin363\Documents\repos\niumoo__bing-wallpaper\src\main\java\com\wdbyte\bing\html\WebSiteGenerator.java,177
JDK:java.base:N/A:N/A,ClassOrInterfaceType,java.lang.String,String,C:\Users\tyin363\Documents\repos\niumoo__bing-wallpaper\src\main\java\com\wdbyte\bing\BingFileUtils.java,94
JDK:java.base:N/A:N/A,MethodCallExpr,java.lang.String,getBytes,C:\Users\tyin363\Documents\repos\niumoo__bing-wallpaper\src\main\java\com\wdbyte\bing\BingFileUtils.java,209
CLIENT:client-code:N/A:N/A,MethodCallExpr,com.wdbyte.bing.html.HtmlFileUtils,write,C:\Users\tyin363\Documents\repos\niumoo__bing-wallpaper\src\main\java\com\wdbyte\bing\html\HtmlFileUtils.java,48
JDK:java.base:N/A:N/A,MethodCallExpr,java.util.List,get,C:\Users\tyin363\Documents\repos\niumoo__bing-wallpaper\src\main\java\com\wdbyte\bing\html\WebSiteGenerator.java,114
JDK:java.base:N/A:N/A,ClassOrInterfaceType,java.lang.String,String,C:\Users\tyin363\Documents\repos\niumoo__bing-wallpaper\src\main\java\com\wdbyte\bing\html\HtmlFileUtils.java,33
CLIENT:client-code:N/A:N/A,FieldAccessExpr,com.wdbyte.bing.html.HtmlConstant.Head,HEAD_TITLE,C:\Users\tyin363\Documents\repos\niumoo__bing-wallpaper\src\main\java\com\wdbyte\bing\html\WebSiteGenerator.java,150
JDK:java.base:N/A:N/A,MethodCallExpr,java.nio.file.Files,createFile,C:\Users\tyin363\Documents\repos\niumoo__bing-wallpaper\src\main\java\com\wdbyte\bing\BingFileUtils.java,89
JDK:java.base:N/A:N/A,ObjectCreationExpr,java.lang.String,String,C:\Users\tyin363\Documents\repos\niumoo__bing-wallpaper\src\main\java\com\wdbyte\bing\html\HtmlFileUtils.java,33
JDK:java.base:N/A:N/A,MethodCallExpr,java.util.stream.Stream,distinct,C:\Users\tyin363\Documents\repos\niumoo__bing-wallpaper\src\main\java\com\wdbyte\bing\Wallpaper.java,60
JDK:java.base:N/A:N/A,MethodCallExpr,java.util.HashMap,put,C:\Users\tyin363\Documents\repos\niumoo__bing-wallpaper\src\main\java\com\wdbyte\bing\html\WebSiteGenerator.java,61
JDK:java.base:N/A:N/A,ClassOrInterfaceType,java.lang.String,String,C:\Users\tyin363\Documents\repos\niumoo__bing-wallpaper\src\main\java\com\wdbyte\bing\html\WebSiteGenerator.java,98
CLIENT:client-code:N/A:N/A,ClassOrInterfaceType,com.wdbyte.bing.Images,Images,C:\Users\tyin363\Documents\repos\niumoo__bing-wallpaper\src\main\java\com\wdbyte\bing\html\WebSiteGenerator.java,146
JDK:java.base:N/A:N/A,ClassOrInterfaceType,java.lang.String,String,C:\Users\tyin363\Documents\repos\niumoo__bing-wallpaper\src\main\java\com\wdbyte\bing\html\WebSiteGenerator.java,65
JDK:java.base:N/A:N/A,ClassOrInterfaceType,java.lang.String,String,C:\Users\tyin363\Documents\repos\niumoo__bing-wallpaper\src\main\java\com\wdbyte\bing\Images.java,31
CLIENT:client-code:N/A:N/A,ClassOrInterfaceType,com.wdbyte.bing.Images,Images,C:\Users\tyin363\Documents\repos\niumoo__bing-wallpaper\src\main\java\com\wdbyte\bing\BingFileUtils.java,46
JDK:java.base:N/A:N/A,ClassOrInterfaceType,java.io.IOException,IOException,C:\Users\tyin363\Documents\repos\niumoo__bing-wallpaper\src\main\java\com\wdbyte\bing\html\WebSiteGenerator.java,79
JDK:java.base:N/A:N/A,MethodCallExpr,java.lang.String,replace,C:\Users\tyin363\Documents\repos\niumoo__bing-wallpaper\src\main\java\com\wdbyte\bing\html\HtmlConstant.java,66
CLIENT:client-code:N/A:N/A,MethodCallExpr,com.wdbyte.bing.html.WebSiteGenerator,replaceHead,C:\Users\tyin363\Documents\repos\niumoo__bing-wallpaper\src\main\java\com\wdbyte\bing\html\WebSiteGenerator.java,68
JDK:java.base:N/A:N/A,MethodCallExpr,java.lang.String,indexOf,C:\Users\tyin363\Documents\repos\niumoo__bing-wallpaper\src\main\java\com\wdbyte\bing\Images.java,19
JDK:java.base:N/A:N/A,MethodCallExpr,java.util.stream.Stream,distinct,C:\Users\tyin363\Documents\repos\niumoo__bing-wallpaper\src\main\java\com\wdbyte\bing\BingFileUtils.java,131
JDK:java.base:N/A:N/A,ClassOrInterfaceType,java.util.List,List,C:\Users\tyin363\Documents\repos\niumoo__bing-wallpaper\src\main\java\com\wdbyte\bing\BingFileUtils.java,67
CLIENT:client-code:N/A:N/A,MethodCallExpr,com.wdbyte.bing.html.HtmlFileUtils,readIndexTemplateFile,C:\Users\tyin363\Documents\repos\niumoo__bing-wallpaper\src\main\java\com\wdbyte\bing\html\WebSiteGenerator.java,112
JDK:java.base:N/A:N/A,ClassOrInterfaceType,java.lang.StringBuilder,StringBuilder,C:\Users\tyin363\Documents\repos\niumoo__bing-wallpaper\src\main\java\com\wdbyte\bing\html\WebSiteGenerator.java,173
CLIENT:client-code:N/A:N/A,NameExpr,com.wdbyte.bing.Images,date,C:\Users\tyin363\Documents\repos\niumoo__bing-wallpaper\src\main\java\com\wdbyte\bing\Images.java,27
JDK:java.base:N/A:N/A,ClassOrInterfaceType,java.lang.Exception,Exception,C:\Users\tyin363\Documents\repos\niumoo__bing-wallpaper\src\main\java\com\wdbyte\bing\HttpUtls.java,51
JDK:java.base:N/A:N/A,MethodCallExpr,java.lang.String,getBytes,C:\Users\tyin363\Documents\repos\niumoo__bing-wallpaper\src\main\java\com\wdbyte\bing\BingFileUtils.java,142
JDK:java.base:N/A:N/A,MethodCallExpr,java.nio.file.Files,write,C:\Users\tyin363\Documents\repos\niumoo__bing-wallpaper\src\main\java\com\wdbyte\bing\BingFileUtils.java,71
JDK:java.base:N/A:N/A,MethodCallExpr,java.lang.String,getBytes,C:\Users\tyin363\Documents\repos\niumoo__bing-wallpaper\src\main\java\com\wdbyte\bing\BingFileUtils.java,76
JDK:java.base:N/A:N/A,MethodCallExpr,java.util.List,get,C:\Users\tyin363\Documents\repos\niumoo__bing-wallpaper\src\main\java\com\wdbyte\bing\BingFileUtils.java,94
JDK:java.base:N/A:N/A,MethodCallExpr,java.lang.String,getBytes,C:\Users\tyin363\Documents\repos\niumoo__bing-wallpaper\src\main\java\com\wdbyte\bing\BingFileUtils.java,208
CLIENT:client-code:N/A:N/A,MethodCallExpr,com.wdbyte.bing.Images,getDesc,C:\Users\tyin363\Documents\repos\niumoo__bing-wallpaper\src\main\java\com\wdbyte\bing\html\WebSiteGenerator.java,85
JDK:java.base:N/A:N/A,ClassOrInterfaceType,java.nio.file.Path,Path,C:\Users\tyin363\Documents\repos\niumoo__bing-wallpaper\src\main\java\com\wdbyte\bing\html\HtmlFileUtils.java,58
JDK:java.base:N/A:N/A,MethodCallExpr,java.lang.String,replace,C:\Users\tyin363\Documents\repos\niumoo__bing-wallpaper\src\main\java\com\wdbyte\bing\html\WebSiteGenerator.java,131
JDK:java.base:N/A:N/A,ClassOrInterfaceType,java.lang.String,String,C:\Users\tyin363\Documents\repos\niumoo__bing-wallpaper\src\main\java\com\wdbyte\bing\Images.java,30
CLIENT:client-code:N/A:N/A,NameExpr,com.wdbyte.bing.BingFileUtils,README_PATH,C:\Users\tyin363\Documents\repos\niumoo__bing-wallpaper\src\main\java\com\wdbyte\bing\BingFileUtils.java,88
JDK:java.base:N/A:N/A,MethodCallExpr,java.util.HashMap,put,C:\Users\tyin363\Documents\repos\niumoo__bing-wallpaper\src\main\java\com\wdbyte\bing\html\WebSiteGenerator.java,60
CLIENT:client-code:N/A:N/A,ClassOrInterfaceType,com.wdbyte.bing.Images,Images,C:\Users\tyin363\Documents\repos\niumoo__bing-wallpaper\src\main\java\com\wdbyte\bing\html\WebSiteGenerator.java,81
JDK:java.base:N/A:N/A,ClassOrInterfaceType,java.util.List,List,C:\Users\tyin363\Documents\repos\niumoo__bing-wallpaper\src\main\java\com\wdbyte\bing\html\WebSiteGenerator.java,53
JDK:java.base:N/A:N/A,MethodCallExpr,java.io.PrintStream,println,C:\Users\tyin363\Documents\repos\niumoo__bing-wallpaper\src\main\java\com\wdbyte\bing\LogUtils.java,13
JDK:java.base:N/A:N/A,ObjectCreationExpr,java.util.ArrayList,ArrayList,C:\Users\tyin363\Documents\repos\niumoo__bing-wallpaper\src\main\java\com\wdbyte\bing\BingFileUtils.java,182
com.alibaba:fastjson:jar:2.0.47,ClassOrInterfaceType,com.alibaba.fastjson.JSONArray,JSONArray,C:\Users\tyin363\Documents\repos\niumoo__bing-wallpaper\src\main\java\com\wdbyte\bing\html\WebSiteGenerator.java,95
CLIENT:client-code:N/A:N/A,MethodCallExpr,com.wdbyte.bing.HttpUtls,getHttpContent,C:\Users\tyin363\Documents\repos\niumoo__bing-wallpaper\src\main\java\com\wdbyte\bing\Wallpaper.java,42
JDK:java.base:N/A:N/A,ClassOrInterfaceType,java.io.IOException,IOException,C:\Users\tyin363\Documents\repos\niumoo__bing-wallpaper\src\main\java\com\wdbyte\bing\html\HtmlFileUtils.java,56
CLIENT:client-code:N/A:N/A,NameExpr,com.wdbyte.bing.Images,date,C:\Users\tyin363\Documents\repos\niumoo__bing-wallpaper\src\main\java\com\wdbyte\bing\Images.java,90
CLIENT:client-code:N/A:N/A,MethodCallExpr,com.wdbyte.bing.Images,getDetailUrlPath,C:\Users\tyin363\Documents\repos\niumoo__bing-wallpaper\src\main\java\com\wdbyte\bing\html\WebSiteGenerator.java,87
JDK:java.base:N/A:N/A,MethodCallExpr,java.lang.String,equals,C:\Users\tyin363\Documents\repos\niumoo__bing-wallpaper\src\main\java\com\wdbyte\bing\html\WebSiteGenerator.java,176
JDK:java.base:N/A:N/A,ClassOrInterfaceType,java.nio.file.Path,Path,C:\Users\tyin363\Documents\repos\niumoo__bing-wallpaper\src\main\java\com\wdbyte\bing\BingFileUtils.java,37
JDK:java.base:N/A:N/A,MethodCallExpr,java.lang.String,getBytes,C:\Users\tyin363\Documents\repos\niumoo__bing-wallpaper\src\main\java\com\wdbyte\bing\BingFileUtils.java,71
CLIENT:client-code:N/A:N/A,MethodCallExpr,com.wdbyte.bing.html.WebSiteGenerator,replaceSidebar,C:\Users\tyin363\Documents\repos\niumoo__bing-wallpaper\src\main\java\com\wdbyte\bing\html\WebSiteGenerator.java,116
CLIENT:client-code:N/A:N/A,MethodCallExpr,com.wdbyte.bing.Images,getUrl,C:\Users\tyin363\Documents\repos\niumoo__bing-wallpaper\src\main\java\com\wdbyte\bing\BingFileUtils.java,175
JDK:java.base:N/A:N/A,ClassOrInterfaceType,java.util.List,List,C:\Users\tyin363\Documents\repos\niumoo__bing-wallpaper\src\main\java\com\wdbyte\bing\BingFileUtils.java,172
CLIENT:client-code:N/A:N/A,ClassOrInterfaceType,com.wdbyte.bing.Images,Images,C:\Users\tyin363\Documents\repos\niumoo__bing-wallpaper\src\main\java\com\wdbyte\bing\html\WebSiteGenerator.java,53
JDK:java.base:N/A:N/A,ClassOrInterfaceType,java.io.IOException,IOException,C:\Users\tyin363\Documents\repos\niumoo__bing-wallpaper\src\main\java\com\wdbyte\bing\HttpUtls.java,26
CLIENT:client-code:N/A:N/A,MethodCallExpr,com.wdbyte.bing.BingFileUtils,convertImgListToMonthMap,C:\Users\tyin363\Documents\repos\niumoo__bing-wallpaper\src\main\java\com\wdbyte\bing\BingFileUtils.java,155
JDK:java.base:N/A:N/A,MethodCallExpr,java.nio.file.Path,toString,C:\Users\tyin363\Documents\repos\niumoo__bing-wallpaper\src\main\java\com\wdbyte\bing\html\HtmlFileUtils.java,65
CLIENT:client-code:N/A:N/A,FieldAccessExpr,com.wdbyte.bing.Images,desc,C:\Users\tyin363\Documents\repos\niumoo__bing-wallpaper\src\main\java\com\wdbyte\bing\Images.java,90
JDK:java.base:N/A:N/A,MethodCallExpr,java.nio.file.Files,write,C:\Users\tyin363\Documents\repos\niumoo__bing-wallpaper\src\main\java\com\wdbyte\bing\BingFileUtils.java,142
JDK:java.base:N/A:N/A,ClassOrInterfaceType,java.lang.String,String,C:\Users\tyin363\Documents\repos\niumoo__bing-wallpaper\src\main\java\com\wdbyte\bing\html\HtmlFileUtils.java,68
JDK:java.base:N/A:N/A,MethodCallExpr,java.nio.file.Files,write,C:\Users\tyin363\Documents\repos\niumoo__bing-wallpaper\src\main\java\com\wdbyte\bing\BingFileUtils.java,76
JDK:java.base:N/A:N/A,MethodCallExpr,java.lang.String,isEmpty,C:\Users\tyin363\Documents\repos\niumoo__bing-wallpaper\src\main\java\com\wdbyte\bing\BingFileUtils.java,96
JDK:java.base:N/A:N/A,MethodCallExpr,java.nio.file.Files,write,C:\Users\tyin363\Documents\repos\niumoo__bing-wallpaper\src\main\java\com\wdbyte\bing\BingFileUtils.java,208
JDK:java.base:N/A:N/A,MethodCallExpr,java.util.Map,put,C:\Users\tyin363\Documents\repos\niumoo__bing-wallpaper\src\main\java\com\wdbyte\bing\html\WebSiteGenerator.java,101
JDK:java.base:N/A:N/A,MethodCallExpr,java.nio.file.Files,exists,C:\Users\tyin363\Documents\repos\niumoo__bing-wallpaper\src\main\java\com\wdbyte\bing\BingFileUtils.java,88
CLIENT:client-code:N/A:N/A,NameExpr,com.wdbyte.bing.Images,url,C:\Users\tyin363\Documents\repos\niumoo__bing-wallpaper\src\main\java\com\wdbyte\bing\Images.java,36
JDK:java.base:N/A:N/A,MethodCallExpr,java.nio.file.Files,readAllLines,C:\Users\tyin363\Documents\repos\niumoo__bing-wallpaper\src\main\java\com\wdbyte\bing\BingFileUtils.java,91
JDK:java.base:N/A:N/A,MethodCallExpr,java.util.stream.Collectors,toList,C:\Users\tyin363\Documents\repos\niumoo__bing-wallpaper\src\main\java\com\wdbyte\bing\BingFileUtils.java,135
CLIENT:client-code:N/A:N/A,MethodCallExpr,com.wdbyte.bing.Images,getDate,C:\Users\tyin363\Documents\repos\niumoo__bing-wallpaper\src\main\java\com\wdbyte\bing\html\HtmlConstant.java,67
JDK:java.base:N/A:N/A,ObjectCreationExpr,java.lang.String,String,C:\Users\tyin363\Documents\repos\niumoo__bing-wallpaper\src\main\java\com\wdbyte\bing\html\HtmlFileUtils.java,38
JDK:java.base:N/A:N/A,MethodCallExpr,java.util.Map,put,C:\Users\tyin363\Documents\repos\niumoo__bing-wallpaper\src\main\java\com\wdbyte\bing\html\WebSiteGenerator.java,99
CLIENT:client-code:N/A:N/A,ClassOrInterfaceType,com.wdbyte.bing.Images,Images,C:\Users\tyin363\Documents\repos\niumoo__bing-wallpaper\src\main\java\com\wdbyte\bing\BingFileUtils.java,73
CLIENT:client-code:N/A:N/A,MethodCallExpr,com.wdbyte.bing.html.WebSiteGenerator,replaceMonthHistory,C:\Users\tyin363\Documents\repos\niumoo__bing-wallpaper\src\main\java\com\wdbyte\bing\html\WebSiteGenerator.java,74
CLIENT:client-code:N/A:N/A,ClassOrInterfaceType,com.wdbyte.bing.Images,Images,C:\Users\tyin363\Documents\repos\niumoo__bing-wallpaper\src\main\java\com\wdbyte\bing\BingFileUtils.java,172
JDK:java.base:N/A:N/A,MethodCallExpr,java.util.Map,get,C:\Users\tyin363\Documents\repos\niumoo__bing-wallpaper\src\main\java\com\wdbyte\bing\html\WebSiteGenerator.java,111
JDK:java.base:N/A:N/A,MethodCallExpr,java.lang.StringBuilder,append,C:\Users\tyin363\Documents\repos\niumoo__bing-wallpaper\src\main\java\com\wdbyte\bing\html\WebSiteGenerator.java,179
JDK:java.base:N/A:N/A,MethodCallExpr,java.util.stream.Stream,map,C:\Users\tyin363\Documents\repos\niumoo__bing-wallpaper\src\main\java\com\wdbyte\bing\BingFileUtils.java,95
JDK:java.base:N/A:N/A,ClassOrInterfaceType,java.io.IOException,IOException,C:\Users\tyin363\Documents\repos\niumoo__bing-wallpaper\src\main\java\com\wdbyte\bing\html\HtmlFileUtils.java,22
JDK:java.base:N/A:N/A,ClassOrInterfaceType,java.util.List,List,C:\Users\tyin363\Documents\repos\niumoo__bing-wallpaper\src\main\java\com\wdbyte\bing\BingFileUtils.java,173
JDK:java.base:N/A:N/A,ObjectCreationExpr,java.lang.StringBuilder,StringBuilder,C:\Users\tyin363\Documents\repos\niumoo__bing-wallpaper\src\main\java\com\wdbyte\bing\html\WebSiteGenerator.java,173
JDK:java.base:N/A:N/A,MethodCallExpr,java.lang.String,indexOf,C:\Users\tyin363\Documents\repos\niumoo__bing-wallpaper\src\main\java\com\wdbyte\bing\BingFileUtils.java,49
JDK:java.base:N/A:N/A,MethodCallExpr,java.nio.file.Path,resolve,C:\Users\tyin363\Documents\repos\niumoo__bing-wallpaper\src\main\java\com\wdbyte\bing\html\HtmlFileUtils.java,52
JDK:java.base:N/A:N/A,ClassOrInterfaceType,java.lang.String,String,C:\Users\tyin363\Documents\repos\niumoo__bing-wallpaper\src\main\java\com\wdbyte\bing\html\HtmlFileUtils.java,36
CLIENT:client-code:N/A:N/A,MethodCallExpr,com.wdbyte.bing.Images,getDate,C:\Users\tyin363\Documents\repos\niumoo__bing-wallpaper\src\main\java\com\wdbyte\bing\html\WebSiteGenerator.java,99
JDK:java.base:N/A:N/A,ClassOrInterfaceType,java.util.List,List,C:\Users\tyin363\Documents\repos\niumoo__bing-wallpaper\src\main\java\com\wdbyte\bing\Wallpaper.java,58
JDK:java.base:N/A:N/A,MethodCallExpr,java.nio.file.Files,write,C:\Users\tyin363\Documents\repos\niumoo__bing-wallpaper\src\main\java\com\wdbyte\bing\BingFileUtils.java,209
JDK:java.base:N/A:N/A,ClassOrInterfaceType,java.nio.file.Path,Path,C:\Users\tyin363\Documents\repos\niumoo__bing-wallpaper\src\main\java\com\wdbyte\bing\html\HtmlFileUtils.java,56
CLIENT:client-code:N/A:N/A,NameExpr,com.wdbyte.bing.BingFileUtils,MONTH_PATH,C:\Users\tyin363\Documents\repos\niumoo__bing-wallpaper\src\main\java\com\wdbyte\bing\BingFileUtils.java,138
CLIENT:client-code:N/A:N/A,NameExpr,com.wdbyte.bing.html.HtmlConstant.ImgCard,VAR_IMG_CARD_DOWNLOAD_URL_PREVIEW,C:\Users\tyin363\Documents\repos\niumoo__bing-wallpaper\src\main\java\com\wdbyte\bing\html\HtmlConstant.java,62
JDK:java.base:N/A:N/A,MethodCallExpr,java.util.Map,put,C:\Users\tyin363\Documents\repos\niumoo__bing-wallpaper\src\main\java\com\wdbyte\bing\html\WebSiteGenerator.java,100
JDK:java.base:N/A:N/A,MethodCallExpr,java.lang.StringBuilder,append,C:\Users\tyin363\Documents\repos\niumoo__bing-wallpaper\src\main\java\com\wdbyte\bing\HttpUtls.java,49
JDK:java.base:N/A:N/A,ClassOrInterfaceType,java.lang.String,String,C:\Users\tyin363\Documents\repos\niumoo__bing-wallpaper\src\main\java\com\wdbyte\bing\HttpUtls.java,40
CLIENT:client-code:N/A:N/A,FieldAccessExpr,com.wdbyte.bing.Images,url,C:\Users\tyin363\Documents\repos\niumoo__bing-wallpaper\src\main\java\com\wdbyte\bing\Images.java,73
com.alibaba:fastjson:jar:2.0.47,MethodCallExpr,com.alibaba.fastjson.JSONObject,get,C:\Users\tyin363\Documents\repos\niumoo__bing-wallpaper\src\main\java\com\wdbyte\bing\Wallpaper.java,56
JDK:java.base:N/A:N/A,ClassOrInterfaceType,java.lang.String,String,C:\Users\tyin363\Documents\repos\niumoo__bing-wallpaper\src\main\java\com\wdbyte\bing\html\HtmlConstant.java,35
CLIENT:client-code:N/A:N/A,MethodCallExpr,com.wdbyte.bing.Images,getUrl,C:\Users\tyin363\Documents\repos\niumoo__bing-wallpaper\src\main\java\com\wdbyte\bing\html\WebSiteGenerator.java,54
CLIENT:client-code:N/A:N/A,ClassOrInterfaceType,com.wdbyte.bing.Images,Images,C:\Users\tyin363\Documents\repos\niumoo__bing-wallpaper\src\main\java\com\wdbyte\bing\BingFileUtils.java,173
JDK:java.base:N/A:N/A,MethodCallExpr,java.util.stream.Collectors,toList,C:\Users\tyin363\Documents\repos\niumoo__bing-wallpaper\src\main\java\com\wdbyte\bing\Wallpaper.java,60
JDK:java.base:N/A:N/A,MethodCallExpr,java.lang.String,format,C:\Users\tyin363\Documents\repos\niumoo__bing-wallpaper\src\main\java\com\wdbyte\bing\LogUtils.java,11
com.alibaba:fastjson:jar:2.0.47,MethodCallExpr,com.alibaba.fastjson.JSON,parseArray,C:\Users\tyin363\Documents\repos\niumoo__bing-wallpaper\src\main\java\com\wdbyte\bing\html\WebSiteGenerator.java,93
CLIENT:client-code:N/A:N/A,MethodCallExpr,com.wdbyte.bing.html.HtmlConstant.MonthHistory,getMonthHistory,C:\Users\tyin363\Documents\repos\niumoo__bing-wallpaper\src\main\java\com\wdbyte\bing\html\WebSiteGenerator.java,175
JDK:java.base:N/A:N/A,ClassOrInterfaceType,java.nio.file.Path,Path,C:\Users\tyin363\Documents\repos\niumoo__bing-wallpaper\src\main\java\com\wdbyte\bing\html\HtmlFileUtils.java,20
JDK:java.base:N/A:N/A,ClassOrInterfaceType,java.util.ArrayList,ArrayList,C:\Users\tyin363\Documents\repos\niumoo__bing-wallpaper\src\main\java\com\wdbyte\bing\BingFileUtils.java,119
JDK:java.base:N/A:N/A,MethodCallExpr,java.nio.file.Files,write,C:\Users\tyin363\Documents\repos\niumoo__bing-wallpaper\src\main\java\com\wdbyte\bing\BingFileUtils.java,74
JDK:java.base:N/A:N/A,MethodCallExpr,java.net.URL,openConnection,C:\Users\tyin363\Documents\repos\niumoo__bing-wallpaper\src\main\java\com\wdbyte\bing\HttpUtls.java,28
JDK:java.base:N/A:N/A,MethodCallExpr,java.lang.String,getBytes,C:\Users\tyin363\Documents\repos\niumoo__bing-wallpaper\src\main\java\com\wdbyte\bing\BingFileUtils.java,139
JDK:java.base:N/A:N/A,MethodCallExpr,java.lang.StringBuilder,toString,C:\Users\tyin363\Documents\repos\niumoo__bing-wallpaper\src\main\java\com\wdbyte\bing\html\WebSiteGenerator.java,181
JDK:java.base:N/A:N/A,MethodCallExpr,java.lang.String,substring,C:\Users\tyin363\Documents\repos\niumoo__bing-wallpaper\src\main\java\com\wdbyte\bing\BingFileUtils.java,133
JDK:java.base:N/A:N/A,MethodCallExpr,java.nio.file.Files,write,C:\Users\tyin363\Documents\repos\niumoo__bing-wallpaper\src\main\java\com\wdbyte\bing\BingFileUtils.java,206
JDK:java.base:N/A:N/A,ClassOrInterfaceType,java.lang.String,String,C:\Users\tyin363\Documents\repos\niumoo__bing-wallpaper\src\main\java\com\wdbyte\bing\BingFileUtils.java,156
JDK:java.base:N/A:N/A,MethodCallExpr,java.lang.String,substring,C:\Users\tyin363\Documents\repos\niumoo__bing-wallpaper\src\main\java\com\wdbyte\bing\BingFileUtils.java,100
CLIENT:client-code:N/A:N/A,NameExpr,com.wdbyte.bing.html.HtmlFileUtils,BING_HTML_ROOT,C:\Users\tyin363\Documents\repos\niumoo__bing-wallpaper\src\main\java\com\wdbyte\bing\html\HtmlFileUtils.java,42
JDK:java.base:N/A:N/A,MethodCallExpr,java.util.stream.Stream,filter,C:\Users\tyin363\Documents\repos\niumoo__bing-wallpaper\src\main\java\com\wdbyte\bing\html\WebSiteGenerator.java,33
CLIENT:client-code:N/A:N/A,NameExpr,com.wdbyte.bing.BingFileUtils,README_PATH,C:\Users\tyin363\Documents\repos\niumoo__bing-wallpaper\src\main\java\com\wdbyte\bing\BingFileUtils.java,116
JDK:java.base:N/A:N/A,MethodCallExpr,java.io.FilterInputStream,read,C:\Users\tyin363\Documents\repos\niumoo__bing-wallpaper\src\main\java\com\wdbyte\bing\HttpUtls.java,48
CLIENT:client-code:N/A:N/A,ClassOrInterfaceType,com.wdbyte.bing.Images,Images,C:\Users\tyin363\Documents\repos\niumoo__bing-wallpaper\src\main\java\com\wdbyte\bing\BingFileUtils.java,174
JDK:java.base:N/A:N/A,ClassOrInterfaceType,java.util.HashMap,HashMap,C:\Users\tyin363\Documents\repos\niumoo__bing-wallpaper\src\main\java\com\wdbyte\bing\html\WebSiteGenerator.java,98
JDK:java.base:N/A:N/A,ClassOrInterfaceType,java.util.Map,Map,C:\Users\tyin363\Documents\repos\niumoo__bing-wallpaper\src\main\java\com\wdbyte\bing\html\WebSiteGenerator.java,172
JDK:java.base:N/A:N/A,ClassOrInterfaceType,java.lang.String,String,C:\Users\tyin363\Documents\repos\niumoo__bing-wallpaper\src\main\java\com\wdbyte\bing\Images.java,26
JDK:java.base:N/A:N/A,ClassOrInterfaceType,java.lang.String,String,C:\Users\tyin363\Documents\repos\niumoo__bing-wallpaper\src\main\java\com\wdbyte\bing\Images.java,59
CLIENT:client-code:N/A:N/A,MethodCallExpr,com.wdbyte.bing.html.WebSiteGenerator,htmlGeneratorMonth,C:\Users\tyin363\Documents\repos\niumoo__bing-wallpaper\src\main\java\com\wdbyte\bing\html\WebSiteGenerator.java,37
JDK:java.base:N/A:N/A,ObjectCreationExpr,java.util.ArrayList,ArrayList,C:\Users\tyin363\Documents\repos\niumoo__bing-wallpaper\src\main\java\com\wdbyte\bing\BingFileUtils.java,119
JDK:java.base:N/A:N/A,MethodCallExpr,java.nio.file.Path,getParent,C:\Users\tyin363\Documents\repos\niumoo__bing-wallpaper\src\main\java\com\wdbyte\bing\BingFileUtils.java,37
JDK:java.base:N/A:N/A,ClassOrInterfaceType,java.lang.String,String,C:\Users\tyin363\Documents\repos\niumoo__bing-wallpaper\src\main\java\com\wdbyte\bing\html\HtmlConstant.java,36
CLIENT:client-code:N/A:N/A,NameExpr,com.wdbyte.bing.BingFileUtils,BING_PATH,C:\Users\tyin363\Documents\repos\niumoo__bing-wallpaper\src\main\java\com\wdbyte\bing\BingFileUtils.java,57
CLIENT:client-code:N/A:N/A,MethodCallExpr,com.wdbyte.bing.html.HtmlFileUtils,write,C:\Users\tyin363\Documents\repos\niumoo__bing-wallpaper\src\main\java\com\wdbyte\bing\html\HtmlFileUtils.java,43
CLIENT:client-code:N/A:N/A,NameExpr,com.wdbyte.bing.Images,date,C:\Users\tyin363\Documents\repos\niumoo__bing-wallpaper\src\main\java\com\wdbyte\bing\Images.java,23
CLIENT:client-code:N/A:N/A,MethodCallExpr,com.wdbyte.bing.BingFileUtils,convertImgListToMonthMap,C:\Users\tyin363\Documents\repos\niumoo__bing-wallpaper\src\main\java\com\wdbyte\bing\html\WebSiteGenerator.java,35
JDK:java.base:N/A:N/A,MethodCallExpr,java.util.Objects,hash,C:\Users\tyin363\Documents\repos\niumoo__bing-wallpaper\src\main\java\com\wdbyte\bing\Images.java,96
JDK:java.base:N/A:N/A,MethodCallExpr,java.lang.String,getBytes,C:\Users\tyin363\Documents\repos\niumoo__bing-wallpaper\src\main\java\com\wdbyte\bing\BingFileUtils.java,72
JDK:java.base:N/A:N/A,MethodCallExpr,java.lang.String,substring,C:\Users\tyin363\Documents\repos\niumoo__bing-wallpaper\src\main\java\com\wdbyte\bing\BingFileUtils.java,101
JDK:java.base:N/A:N/A,MethodCallExpr,java.lang.String,lastIndexOf,C:\Users\tyin363\Documents\repos\niumoo__bing-wallpaper\src\main\java\com\wdbyte\bing\BingFileUtils.java,50
JDK:java.base:N/A:N/A,MethodCallExpr,java.nio.file.Files,write,C:\Users\tyin363\Documents\repos\niumoo__bing-wallpaper\src\main\java\com\wdbyte\bing\BingFileUtils.java,75
JDK:java.base:N/A:N/A,ClassOrInterfaceType,java.lang.String,String,C:\Users\tyin363\Documents\repos\niumoo__bing-wallpaper\src\main\java\com\wdbyte\bing\BingFileUtils.java,91
JDK:java.base:N/A:N/A,ClassOrInterfaceType,java.lang.String,String,C:\Users\tyin363\Documents\repos\niumoo__bing-wallpaper\src\main\java\com\wdbyte\bing\html\WebSiteGenerator.java,68
JDK:java.base:N/A:N/A,MethodCallExpr,java.lang.String,replace,C:\Users\tyin363\Documents\repos\niumoo__bing-wallpaper\src\main\java\com\wdbyte\bing\html\WebSiteGenerator.java,135
JDK:java.base:N/A:N/A,MethodCallExpr,java.time.LocalDate,format,C:\Users\tyin363\Documents\repos\niumoo__bing-wallpaper\src\main\java\com\wdbyte\bing\Wallpaper.java,53
JDK:java.base:N/A:N/A,ClassOrInterfaceType,java.lang.String,String,C:\Users\tyin363\Documents\repos\niumoo__bing-wallpaper\src\main\java\com\wdbyte\bing\html\WebSiteGenerator.java,35
CLIENT:client-code:N/A:N/A,NameExpr,com.wdbyte.bing.BingFileUtils,README_PATH,C:\Users\tyin363\Documents\repos\niumoo__bing-wallpaper\src\main\java\com\wdbyte\bing\BingFileUtils.java,117
JDK:java.base:N/A:N/A,MethodCallExpr,java.nio.file.Files,write,C:\Users\tyin363\Documents\repos\niumoo__bing-wallpaper\src\main\java\com\wdbyte\bing\BingFileUtils.java,207
JDK:java.base:N/A:N/A,ClassOrInterfaceType,java.lang.String,String,C:\Users\tyin363\Documents\repos\niumoo__bing-wallpaper\src\main\java\com\wdbyte\bing\html\HtmlFileUtils.java,38
