Library_Name,Symbol_Type,Class_Name,Symbol_Name,Usage_Location,Line_Number
JDK:java.base:N/A:N/A,ClassOrInterfaceType,java.lang.String,String,C:\Users\tyin363\Documents\repos\apolloconfig__apollo\apollo-build-sql-converter\src\main\java\com\ctrip\framework\apollo\build\sql\converter\SqlStatement.java,72
CLIENT:client-code:N/A:N/A,ClassOrInterfaceType,com.ctrip.framework.apollo.build.sql.converter.SqlStatement,SqlStatement,C:\Users\tyin363\Documents\repos\apolloconfig__apollo\apollo-build-sql-converter\src\main\java\com\ctrip\framework\apollo\build\sql\converter\ApolloH2ConverterUtil.java,44
org.freemarker:freemarker:jar:2.3.32,ClassOrInterfaceType,freemarker.template.Configuration,Configuration,C:\Users\tyin363\Documents\repos\apolloconfig__apollo\apollo-build-sql-converter\src\main\java\com\ctrip\framework\apollo\build\sql\converter\ApolloSqlConverter.java,62
JDK:java.base:N/A:N/A,FieldAccessExpr,java.util.regex.Pattern,CASE_INSENSITIVE,C:\Users\tyin363\Documents\repos\apolloconfig__apollo\apollo-build-sql-converter\src\main\java\com\ctrip\framework\apollo\build\sql\converter\ApolloH2ConverterUtil.java,217
org.freemarker:freemarker:jar:2.3.32,MethodCallExpr,freemarker.template.Template,process,C:\Users\tyin363\Documents\repos\apolloconfig__apollo\apollo-build-sql-converter\src\main\java\com\ctrip\framework\apollo\build\sql\converter\ApolloSqlConverterUtil.java,95
org.freemarker:freemarker:jar:2.3.32,ClassOrInterfaceType,freemarker.template.Template,Template,C:\Users\tyin363\Documents\repos\apolloconfig__apollo\apollo-build-sql-converter\src\main\java\com\ctrip\framework\apollo\build\sql\converter\ApolloSqlConverterUtil.java,92
JDK:java.base:N/A:N/A,ObjectCreationExpr,java.util.StringJoiner,StringJoiner,C:\Users\tyin363\Documents\repos\apolloconfig__apollo\apollo-build-sql-converter\src\main\java\com\ctrip\framework\apollo\build\sql\converter\SqlTemplateGist.java,69
JDK:java.base:N/A:N/A,ClassOrInterfaceType,java.lang.String,String,C:\Users\tyin363\Documents\repos\apolloconfig__apollo\apollo-build-sql-converter\src\main\java\com\ctrip\framework\apollo\build\sql\converter\SqlTemplateGist.java,83
JDK:java.base:N/A:N/A,ClassOrInterfaceType,java.lang.String,String,C:\Users\tyin363\Documents\repos\apolloconfig__apollo\apollo-build-sql-converter\src\main\java\com\ctrip\framework\apollo\build\sql\converter\ApolloSqlConverterUtil.java,135
CLIENT:client-code:N/A:N/A,MethodCallExpr,com.ctrip.framework.apollo.build.sql.converter.ApolloSqlConverterUtil,listSorted,C:\Users\tyin363\Documents\repos\apolloconfig__apollo\apollo-build-sql-converter\src\main\java\com\ctrip\framework\apollo\build\sql\converter\ApolloSqlConverterUtil.java,191
JDK:java.base:N/A:N/A,ClassOrInterfaceType,java.lang.String,String,C:\Users\tyin363\Documents\repos\apolloconfig__apollo\apollo-build-sql-converter\src\main\java\com\ctrip\framework\apollo\build\sql\converter\ApolloH2ConverterUtil.java,69
JDK:java.base:N/A:N/A,ClassOrInterfaceType,java.lang.String,String,C:\Users\tyin363\Documents\repos\apolloconfig__apollo\apollo-build-sql-converter\src\main\java\com\ctrip\framework\apollo\build\sql\converter\ApolloSqlConverter.java,116
CLIENT:client-code:N/A:N/A,MethodCallExpr,com.ctrip.framework.apollo.build.sql.converter.ApolloSqlConverterUtil,list,C:\Users\tyin363\Documents\repos\apolloconfig__apollo\apollo-build-sql-converter\src\main\java\com\ctrip\framework\apollo\build\sql\converter\ApolloSqlConverterUtil.java,184
CLIENT:client-code:N/A:N/A,NameExpr,com.ctrip.framework.apollo.build.sql.converter.ApolloSqlConverterUtil,AFTER_PATTERN,C:\Users\tyin363\Documents\repos\apolloconfig__apollo\apollo-build-sql-converter\src\main\java\com\ctrip\framework\apollo\build\sql\converter\ApolloSqlConverterUtil.java,241
JDK:java.base:N/A:N/A,ClassOrInterfaceType,java.util.List,List,C:\Users\tyin363\Documents\repos\apolloconfig__apollo\apollo-build-sql-converter\src\main\java\com\ctrip\framework\apollo\build\sql\converter\SqlStatement.java,29
JDK:java.base:N/A:N/A,ClassOrInterfaceType,java.lang.String,String,C:\Users\tyin363\Documents\repos\apolloconfig__apollo\apollo-build-sql-converter\src\main\java\com\ctrip\framework\apollo\build\sql\converter\SqlStatement.java,73
JDK:java.base:N/A:N/A,ClassOrInterfaceType,java.util.regex.Matcher,Matcher,C:\Users\tyin363\Documents\repos\apolloconfig__apollo\apollo-build-sql-converter\src\main\java\com\ctrip\framework\apollo\build\sql\converter\ApolloH2ConverterUtil.java,270
JDK:java.base:N/A:N/A,ClassOrInterfaceType,java.lang.String,String,C:\Users\tyin363\Documents\repos\apolloconfig__apollo\apollo-build-sql-converter\src\main\java\com\ctrip\framework\apollo\build\sql\converter\SqlTemplateGist.java,82
JDK:java.base:N/A:N/A,ClassOrInterfaceType,java.util.StringJoiner,StringJoiner,C:\Users\tyin363\Documents\repos\apolloconfig__apollo\apollo-build-sql-converter\src\main\java\com\ctrip\framework\apollo\build\sql\converter\SqlTemplateContext.java,48
JDK:java.base:N/A:N/A,MethodCallExpr,java.util.regex.Pattern,compile,C:\Users\tyin363\Documents\repos\apolloconfig__apollo\apollo-build-sql-converter\src\main\java\com\ctrip\framework\apollo\build\sql\converter\ApolloH2ConverterUtil.java,203
JDK:java.base:N/A:N/A,MethodCallExpr,java.util.regex.Matcher,find,C:\Users\tyin363\Documents\repos\apolloconfig__apollo\apollo-build-sql-converter\src\main\java\com\ctrip\framework\apollo\build\sql\converter\ApolloH2ConverterUtil.java,227
JDK:java.base:N/A:N/A,ClassOrInterfaceType,java.lang.String,String,C:\Users\tyin363\Documents\repos\apolloconfig__apollo\apollo-build-sql-converter\src\main\java\com\ctrip\framework\apollo\build\sql\converter\ApolloSqlConverter.java,115
CLIENT:client-code:N/A:N/A,MethodCallExpr,com.ctrip.framework.apollo.build.sql.converter.SqlTemplateGist.Builder,build,C:\Users\tyin363\Documents\repos\apolloconfig__apollo\apollo-build-sql-converter\src\main\java\com\ctrip\framework\apollo\build\sql\converter\ApolloSqlConverterUtil.java,122
JDK:java.base:N/A:N/A,MethodCallExpr,java.util.List,add,C:\Users\tyin363\Documents\repos\apolloconfig__apollo\apollo-build-sql-converter\src\main\java\com\ctrip\framework\apollo\build\sql\converter\ApolloSqlConverterUtil.java,175
JDK:java.base:N/A:N/A,MethodCallExpr,java.util.List,add,C:\Users\tyin363\Documents\repos\apolloconfig__apollo\apollo-build-sql-converter\src\main\java\com\ctrip\framework\apollo\build\sql\converter\ApolloSqlConverterUtil.java,373
CLIENT:client-code:N/A:N/A,ObjectCreationExpr,com.ctrip.framework.apollo.build.sql.converter.SqlTemplateContext.Builder,Builder,C:\Users\tyin363\Documents\repos\apolloconfig__apollo\apollo-build-sql-converter\src\main\java\com\ctrip\framework\apollo\build\sql\converter\SqlTemplateContext.java,37
JDK:java.base:N/A:N/A,MethodCallExpr,java.lang.String,replace,C:\Users\tyin363\Documents\repos\apolloconfig__apollo\apollo-build-sql-converter\src\main\java\com\ctrip\framework\apollo\build\sql\converter\ApolloH2ConverterUtil.java,181
JDK:java.base:N/A:N/A,MethodReferenceExpr,java.nio.file.Path,toString,C:\Users\tyin363\Documents\repos\apolloconfig__apollo\apollo-build-sql-converter\src\main\java\com\ctrip\framework\apollo\build\sql\converter\ApolloSqlConverterUtil.java,264
JDK:java.base:N/A:N/A,ClassOrInterfaceType,java.util.regex.Matcher,Matcher,C:\Users\tyin363\Documents\repos\apolloconfig__apollo\apollo-build-sql-converter\src\main\java\com\ctrip\framework\apollo\build\sql\converter\ApolloH2ConverterUtil.java,73
CLIENT:client-code:N/A:N/A,FieldAccessExpr,com.ctrip.framework.apollo.build.sql.converter.SqlStatement.Builder,textLines,C:\Users\tyin363\Documents\repos\apolloconfig__apollo\apollo-build-sql-converter\src\main\java\com\ctrip\framework\apollo\build\sql\converter\SqlStatement.java,45
JDK:java.base:N/A:N/A,MethodCallExpr,java.util.regex.Pattern,matcher,C:\Users\tyin363\Documents\repos\apolloconfig__apollo\apollo-build-sql-converter\src\main\java\com\ctrip\framework\apollo\build\sql\converter\ApolloH2ConverterUtil.java,73
JDK:java.base:N/A:N/A,ClassOrInterfaceType,java.lang.String,String,C:\Users\tyin363\Documents\repos\apolloconfig__apollo\apollo-build-sql-converter\src\main\java\com\ctrip\framework\apollo\build\sql\converter\ApolloSqlConverterUtil.java,71
JDK:java.base:N/A:N/A,MethodCallExpr,java.util.regex.Pattern,compile,C:\Users\tyin363\Documents\repos\apolloconfig__apollo\apollo-build-sql-converter\src\main\java\com\ctrip\framework\apollo\build\sql\converter\ApolloH2ConverterUtil.java,206
CLIENT:client-code:N/A:N/A,ClassOrInterfaceType,com.ctrip.framework.apollo.build.sql.converter.SqlStatement,SqlStatement,C:\Users\tyin363\Documents\repos\apolloconfig__apollo\apollo-build-sql-converter\src\main\java\com\ctrip\framework\apollo\build\sql\converter\ApolloSqlConverterUtil.java,312
CLIENT:client-code:N/A:N/A,ClassOrInterfaceType,com.ctrip.framework.apollo.build.sql.converter.SqlStatement.Builder,Builder,C:\Users\tyin363\Documents\repos\apolloconfig__apollo\apollo-build-sql-converter\src\main\java\com\ctrip\framework\apollo\build\sql\converter\SqlStatement.java,31
JDK:java.base:N/A:N/A,ObjectCreationExpr,java.util.ArrayList,ArrayList,C:\Users\tyin363\Documents\repos\apolloconfig__apollo\apollo-build-sql-converter\src\main\java\com\ctrip\framework\apollo\build\sql\converter\ApolloSqlConverterUtil.java,298
JDK:java.base:N/A:N/A,ObjectCreationExpr,java.io.UncheckedIOException,UncheckedIOException,C:\Users\tyin363\Documents\repos\apolloconfig__apollo\apollo-build-sql-converter\src\main\java\com\ctrip\framework\apollo\build\sql\converter\ApolloH2ConverterUtil.java,56
JDK:java.base:N/A:N/A,ClassOrInterfaceType,java.lang.String,String,C:\Users\tyin363\Documents\repos\apolloconfig__apollo\apollo-build-sql-converter\src\main\java\com\ctrip\framework\apollo\build\sql\converter\SqlStatement.java,71
CLIENT:client-code:N/A:N/A,MethodCallExpr,com.ctrip.framework.apollo.build.sql.converter.ApolloSqlConverter,convertMysqlDefaultList,C:\Users\tyin363\Documents\repos\apolloconfig__apollo\apollo-build-sql-converter\src\main\java\com\ctrip\framework\apollo\build\sql\converter\ApolloSqlConverter.java,51
JDK:java.base:N/A:N/A,ClassOrInterfaceType,java.lang.StringBuilder,StringBuilder,C:\Users\tyin363\Documents\repos\apolloconfig__apollo\apollo-build-sql-converter\src\main\java\com\ctrip\framework\apollo\build\sql\converter\ApolloSqlConverterUtil.java,394
JDK:java.base:N/A:N/A,ClassOrInterfaceType,java.lang.String,String,C:\Users\tyin363\Documents\repos\apolloconfig__apollo\apollo-build-sql-converter\src\main\java\com\ctrip\framework\apollo\build\sql\converter\ApolloMysqlDefaultConverterUtil.java,53
JDK:java.base:N/A:N/A,MethodCallExpr,java.lang.AbstractStringBuilder,setLength,C:\Users\tyin363\Documents\repos\apolloconfig__apollo\apollo-build-sql-converter\src\main\java\com\ctrip\framework\apollo\build\sql\converter\ApolloSqlConverterUtil.java,408
JDK:java.base:N/A:N/A,MethodCallExpr,java.util.regex.Pattern,matcher,C:\Users\tyin363\Documents\repos\apolloconfig__apollo\apollo-build-sql-converter\src\main\java\com\ctrip\framework\apollo\build\sql\converter\ApolloH2ConverterUtil.java,270
JDK:java.base:N/A:N/A,MethodCallExpr,java.util.regex.Matcher,find,C:\Users\tyin363\Documents\repos\apolloconfig__apollo\apollo-build-sql-converter\src\main\java\com\ctrip\framework\apollo\build\sql\converter\ApolloH2ConverterUtil.java,158
JDK:java.base:N/A:N/A,MethodCallExpr,java.util.regex.Matcher,replaceAll,C:\Users\tyin363\Documents\repos\apolloconfig__apollo\apollo-build-sql-converter\src\main\java\com\ctrip\framework\apollo\build\sql\converter\ApolloH2ConverterUtil.java,297
CLIENT:client-code:N/A:N/A,FieldAccessExpr,com.ctrip.framework.apollo.build.sql.converter.SqlStatement.Builder,rawText,C:\Users\tyin363\Documents\repos\apolloconfig__apollo\apollo-build-sql-converter\src\main\java\com\ctrip\framework\apollo\build\sql\converter\SqlStatement.java,32
JDK:java.base:N/A:N/A,FieldAccessExpr,java.nio.charset.StandardCharsets,UTF_8,C:\Users\tyin363\Documents\repos\apolloconfig__apollo\apollo-build-sql-converter\src\main\java\com\ctrip\framework\apollo\build\sql\converter\ApolloMysqlDefaultConverterUtil.java,50
JDK:java.base:N/A:N/A,ClassOrInterfaceType,java.util.List,List,C:\Users\tyin363\Documents\repos\apolloconfig__apollo\apollo-build-sql-converter\src\main\java\com\ctrip\framework\apollo\build\sql\converter\ApolloSqlConverter.java,73
JDK:java.base:N/A:N/A,MethodCallExpr,java.util.regex.Matcher,group,C:\Users\tyin363\Documents\repos\apolloconfig__apollo\apollo-build-sql-converter\src\main\java\com\ctrip\framework\apollo\build\sql\converter\ApolloH2ConverterUtil.java,88
JDK:java.base:N/A:N/A,ClassOrInterfaceType,java.lang.String,String,C:\Users\tyin363\Documents\repos\apolloconfig__apollo\apollo-build-sql-converter\src\main\java\com\ctrip\framework\apollo\build\sql\converter\ApolloSqlConverter.java,117
JDK:java.base:N/A:N/A,ClassOrInterfaceType,java.lang.IllegalStateException,IllegalStateException,C:\Users\tyin363\Documents\repos\apolloconfig__apollo\apollo-build-sql-converter\src\main\java\com\ctrip\framework\apollo\build\sql\converter\ApolloSqlConverterUtil.java,74
JDK:java.base:N/A:N/A,MethodCallExpr,java.lang.String,endsWith,C:\Users\tyin363\Documents\repos\apolloconfig__apollo\apollo-build-sql-converter\src\main\java\com\ctrip\framework\apollo\build\sql\converter\ApolloSqlConverterUtil.java,267
JDK:java.base:N/A:N/A,ClassOrInterfaceType,java.lang.String,String,C:\Users\tyin363\Documents\repos\apolloconfig__apollo\apollo-build-sql-converter\src\main\java\com\ctrip\framework\apollo\build\sql\converter\ApolloSqlConverterUtil.java,404
JDK:java.base:N/A:N/A,MethodCallExpr,java.util.concurrent.atomic.AtomicReference,get,C:\Users\tyin363\Documents\repos\apolloconfig__apollo\apollo-build-sql-converter\src\main\java\com\ctrip\framework\apollo\build\sql\converter\ApolloSqlConverterUtil.java,311
JDK:java.base:N/A:N/A,MethodCallExpr,java.nio.file.Paths,get,C:\Users\tyin363\Documents\repos\apolloconfig__apollo\apollo-build-sql-converter\src\main\java\com\ctrip\framework\apollo\build\sql\converter\ApolloMysqlDefaultConverterUtil.java,49
JDK:java.base:N/A:N/A,ClassOrInterfaceType,java.util.StringJoiner,StringJoiner,C:\Users\tyin363\Documents\repos\apolloconfig__apollo\apollo-build-sql-converter\src\main\java\com\ctrip\framework\apollo\build\sql\converter\ApolloSqlConverterUtil.java,296
JDK:java.base:N/A:N/A,ClassOrInterfaceType,java.util.List,List,C:\Users\tyin363\Documents\repos\apolloconfig__apollo\apollo-build-sql-converter\src\main\java\com\ctrip\framework\apollo\build\sql\converter\ApolloSqlConverterUtil.java,154
CLIENT:client-code:N/A:N/A,ClassOrInterfaceType,com.ctrip.framework.apollo.build.sql.converter.SqlStatement,SqlStatement,C:\Users\tyin363\Documents\repos\apolloconfig__apollo\apollo-build-sql-converter\src\main\java\com\ctrip\framework\apollo\build\sql\converter\ApolloH2ConverterUtil.java,40
CLIENT:client-code:N/A:N/A,ClassOrInterfaceType,com.ctrip.framework.apollo.build.sql.converter.SqlTemplate,SqlTemplate,C:\Users\tyin363\Documents\repos\apolloconfig__apollo\apollo-build-sql-converter\src\main\java\com\ctrip\framework\apollo\build\sql\converter\ApolloSqlConverterUtil.java,288
JDK:java.base:N/A:N/A,MethodCallExpr,java.nio.file.Files,delete,C:\Users\tyin363\Documents\repos\apolloconfig__apollo\apollo-build-sql-converter\src\main\java\com\ctrip\framework\apollo\build\sql\converter\ApolloSqlConverterUtil.java,215
JDK:java.base:N/A:N/A,MethodCallExpr,java.util.regex.Matcher,find,C:\Users\tyin363\Documents\repos\apolloconfig__apollo\apollo-build-sql-converter\src\main\java\com\ctrip\framework\apollo\build\sql\converter\ApolloH2ConverterUtil.java,232
CLIENT:client-code:N/A:N/A,MethodCallExpr,com.ctrip.framework.apollo.build.sql.converter.ApolloSqlConverterUtil,getSqlList,C:\Users\tyin363\Documents\repos\apolloconfig__apollo\apollo-build-sql-converter\src\main\java\com\ctrip\framework\apollo\build\sql\converter\ApolloSqlConverterUtil.java,168
JDK:java.base:N/A:N/A,ObjectCreationExpr,java.util.ArrayList,ArrayList,C:\Users\tyin363\Documents\repos\apolloconfig__apollo\apollo-build-sql-converter\src\main\java\com\ctrip\framework\apollo\build\sql\converter\ApolloSqlConverterUtil.java,172
CLIENT:client-code:N/A:N/A,ClassOrInterfaceType,com.ctrip.framework.apollo.build.sql.converter.SqlTemplateGist,SqlTemplateGist,C:\Users\tyin363\Documents\repos\apolloconfig__apollo\apollo-build-sql-converter\src\main\java\com\ctrip\framework\apollo\build\sql\converter\ApolloSqlConverter.java,74
CLIENT:client-code:N/A:N/A,NameExpr,com.ctrip.framework.apollo.build.sql.converter.ApolloSqlConverterUtil,BEFORE_PATTERN,C:\Users\tyin363\Documents\repos\apolloconfig__apollo\apollo-build-sql-converter\src\main\java\com\ctrip\framework\apollo\build\sql\converter\ApolloSqlConverterUtil.java,237
JDK:java.base:N/A:N/A,ObjectCreationExpr,java.util.StringJoiner,StringJoiner,C:\Users\tyin363\Documents\repos\apolloconfig__apollo\apollo-build-sql-converter\src\main\java\com\ctrip\framework\apollo\build\sql\converter\SqlStatement.java,63
CLIENT:client-code:N/A:N/A,MethodCallExpr,com.ctrip.framework.apollo.build.sql.converter.ApolloH2ConverterUtil,convert,C:\Users\tyin363\Documents\repos\apolloconfig__apollo\apollo-build-sql-converter\src\main\java\com\ctrip\framework\apollo\build\sql\converter\ApolloSqlConverter.java,131
JDK:java.base:N/A:N/A,MethodCallExpr,java.util.regex.Matcher,replaceAll,C:\Users\tyin363\Documents\repos\apolloconfig__apollo\apollo-build-sql-converter\src\main\java\com\ctrip\framework\apollo\build\sql\converter\ApolloH2ConverterUtil.java,159
CLIENT:client-code:N/A:N/A,ClassOrInterfaceType,com.ctrip.framework.apollo.build.sql.converter.SqlTemplateGist,SqlTemplateGist,C:\Users\tyin363\Documents\repos\apolloconfig__apollo\apollo-build-sql-converter\src\main\java\com\ctrip\framework\apollo\build\sql\converter\SqlTemplateContext.java,42
CLIENT:client-code:N/A:N/A,ClassOrInterfaceType,com.ctrip.framework.apollo.build.sql.converter.SqlTemplate,SqlTemplate,C:\Users\tyin363\Documents\repos\apolloconfig__apollo\apollo-build-sql-converter\src\main\java\com\ctrip\framework\apollo\build\sql\converter\ApolloSqlConverterUtil.java,91
CLIENT:client-code:N/A:N/A,NameExpr,com.ctrip.framework.apollo.build.sql.converter.ApolloH2ConverterUtil,ADD_KEY_PATTERN,C:\Users\tyin363\Documents\repos\apolloconfig__apollo\apollo-build-sql-converter\src\main\java\com\ctrip\framework\apollo\build\sql\converter\ApolloH2ConverterUtil.java,242
CLIENT:client-code:N/A:N/A,MethodCallExpr,com.ctrip.framework.apollo.build.sql.converter.ApolloSqlConverterUtil,listSorted,C:\Users\tyin363\Documents\repos\apolloconfig__apollo\apollo-build-sql-converter\src\main\java\com\ctrip\framework\apollo\build\sql\converter\ApolloSqlConverterUtil.java,263
org.freemarker:freemarker:jar:2.3.32,ClassOrInterfaceType,freemarker.template.Configuration,Configuration,C:\Users\tyin363\Documents\repos\apolloconfig__apollo\apollo-build-sql-converter\src\main\java\com\ctrip\framework\apollo\build\sql\converter\ApolloSqlConverterUtil.java,278
CLIENT:client-code:N/A:N/A,MethodCallExpr,com.ctrip.framework.apollo.build.sql.converter.ApolloSqlConverterUtil,createStatement,C:\Users\tyin363\Documents\repos\apolloconfig__apollo\apollo-build-sql-converter\src\main\java\com\ctrip\framework\apollo\build\sql\converter\ApolloSqlConverterUtil.java,312
CLIENT:client-code:N/A:N/A,MethodCallExpr,com.ctrip.framework.apollo.build.sql.converter.SqlTemplateGist.Builder,build,C:\Users\tyin363\Documents\repos\apolloconfig__apollo\apollo-build-sql-converter\src\main\java\com\ctrip\framework\apollo\build\sql\converter\ApolloSqlConverter.java,99
CLIENT:client-code:N/A:N/A,ClassOrInterfaceType,com.ctrip.framework.apollo.build.sql.converter.SqlTemplate,SqlTemplate,C:\Users\tyin363\Documents\repos\apolloconfig__apollo\apollo-build-sql-converter\src\main\java\com\ctrip\framework\apollo\build\sql\converter\ApolloH2ConverterUtil.java,33
CLIENT:client-code:N/A:N/A,MethodCallExpr,com.ctrip.framework.apollo.build.sql.converter.ApolloH2ConverterUtil,convertIndexWithTable,C:\Users\tyin363\Documents\repos\apolloconfig__apollo\apollo-build-sql-converter\src\main\java\com\ctrip\framework\apollo\build\sql\converter\ApolloH2ConverterUtil.java,103
CLIENT:client-code:N/A:N/A,MethodCallExpr,com.ctrip.framework.apollo.build.sql.converter.ApolloSqlConverterUtil,resetStatementBuffer,C:\Users\tyin363\Documents\repos\apolloconfig__apollo\apollo-build-sql-converter\src\main\java\com\ctrip\framework\apollo\build\sql\converter\ApolloSqlConverterUtil.java,386
JDK:java.base:N/A:N/A,ClassOrInterfaceType,java.lang.String,String,C:\Users\tyin363\Documents\repos\apolloconfig__apollo\apollo-build-sql-converter\src\main\java\com\ctrip\framework\apollo\build\sql\converter\SqlTemplate.java,32
JDK:java.base:N/A:N/A,ClassOrInterfaceType,java.lang.String,String,C:\Users\tyin363\Documents\repos\apolloconfig__apollo\apollo-build-sql-converter\src\main\java\com\ctrip\framework\apollo\build\sql\converter\SqlStatement.java,78
CLIENT:client-code:N/A:N/A,ClassOrInterfaceType,com.ctrip.framework.apollo.build.sql.converter.SqlTemplateContext,SqlTemplateContext,C:\Users\tyin363\Documents\repos\apolloconfig__apollo\apollo-build-sql-converter\src\main\java\com\ctrip\framework\apollo\build\sql\converter\SqlTemplateContext.java,67
CLIENT:client-code:N/A:N/A,FieldAccessExpr,com.ctrip.framework.apollo.build.sql.converter.SqlTemplateGist,setupDatabase,C:\Users\tyin363\Documents\repos\apolloconfig__apollo\apollo-build-sql-converter\src\main\java\com\ctrip\framework\apollo\build\sql\converter\SqlTemplateGist.java,34
CLIENT:client-code:N/A:N/A,ClassOrInterfaceType,com.ctrip.framework.apollo.build.sql.converter.SqlTemplateContext,SqlTemplateContext,C:\Users\tyin363\Documents\repos\apolloconfig__apollo\apollo-build-sql-converter\src\main\java\com\ctrip\framework\apollo\build\sql\converter\SqlTemplateContext.java,66
CLIENT:client-code:N/A:N/A,MethodCallExpr,com.ctrip.framework.apollo.build.sql.converter.ApolloSqlConverterUtil,ensureDirectories,C:\Users\tyin363\Documents\repos\apolloconfig__apollo\apollo-build-sql-converter\src\main\java\com\ctrip\framework\apollo\build\sql\converter\ApolloH2ConverterUtil.java,36
JDK:java.base:N/A:N/A,MethodCallExpr,java.util.regex.Matcher,replaceAll,C:\Users\tyin363\Documents\repos\apolloconfig__apollo\apollo-build-sql-converter\src\main\java\com\ctrip\framework\apollo\build\sql\converter\ApolloH2ConverterUtil.java,228
CLIENT:client-code:N/A:N/A,FieldAccessExpr,com.ctrip.framework.apollo.build.sql.converter.SqlTemplateGist,h2Function,C:\Users\tyin363\Documents\repos\apolloconfig__apollo\apollo-build-sql-converter\src\main\java\com\ctrip\framework\apollo\build\sql\converter\SqlTemplateGist.java,45
CLIENT:client-code:N/A:N/A,MethodCallExpr,com.ctrip.framework.apollo.build.sql.converter.ApolloSqlConverterUtil,toTemplates,C:\Users\tyin363\Documents\repos\apolloconfig__apollo\apollo-build-sql-converter\src\main\java\com\ctrip\framework\apollo\build\sql\converter\ApolloSqlConverter.java,47
JDK:java.base:N/A:N/A,MethodCallExpr,java.util.regex.Matcher,matches,C:\Users\tyin363\Documents\repos\apolloconfig__apollo\apollo-build-sql-converter\src\main\java\com\ctrip\framework\apollo\build\sql\converter\ApolloSqlConverterUtil.java,235
JDK:java.base:N/A:N/A,ClassOrInterfaceType,java.lang.String,String,C:\Users\tyin363\Documents\repos\apolloconfig__apollo\apollo-build-sql-converter\src\main\java\com\ctrip\framework\apollo\build\sql\converter\SqlTemplateGist.java,81
CLIENT:client-code:N/A:N/A,NameExpr,com.ctrip.framework.apollo.build.sql.converter.ApolloH2ConverterUtil,DEFAULT_CHARSET_PATTERN,C:\Users\tyin363\Documents\repos\apolloconfig__apollo\apollo-build-sql-converter\src\main\java\com\ctrip\framework\apollo\build\sql\converter\ApolloH2ConverterUtil.java,123
JDK:java.base:N/A:N/A,ClassOrInterfaceType,java.util.StringJoiner,StringJoiner,C:\Users\tyin363\Documents\repos\apolloconfig__apollo\apollo-build-sql-converter\src\main\java\com\ctrip\framework\apollo\build\sql\converter\ApolloSqlConverterUtil.java,364
CLIENT:client-code:N/A:N/A,FieldAccessExpr,com.ctrip.framework.apollo.build.sql.converter.SqlStatement,singleLineText,C:\Users\tyin363\Documents\repos\apolloconfig__apollo\apollo-build-sql-converter\src\main\java\com\ctrip\framework\apollo\build\sql\converter\SqlStatement.java,54
JDK:java.base:N/A:N/A,MethodCallExpr,java.nio.file.Files,delete,C:\Users\tyin363\Documents\repos\apolloconfig__apollo\apollo-build-sql-converter\src\main\java\com\ctrip\framework\apollo\build\sql\converter\ApolloSqlConverterUtil.java,213
CLIENT:client-code:N/A:N/A,FieldAccessExpr,com.ctrip.framework.apollo.build.sql.converter.SqlStatement,textLines,C:\Users\tyin363\Documents\repos\apolloconfig__apollo\apollo-build-sql-converter\src\main\java\com\ctrip\framework\apollo\build\sql\converter\SqlStatement.java,34
JDK:java.base:N/A:N/A,ClassOrInterfaceType,java.util.ArrayList,ArrayList,C:\Users\tyin363\Documents\repos\apolloconfig__apollo\apollo-build-sql-converter\src\main\java\com\ctrip\framework\apollo\build\sql\converter\ApolloSqlConverterUtil.java,155
JDK:java.base:N/A:N/A,MethodCallExpr,java.util.Collections,unmodifiableList,C:\Users\tyin363\Documents\repos\apolloconfig__apollo\apollo-build-sql-converter\src\main\java\com\ctrip\framework\apollo\build\sql\converter\SqlStatement.java,91
JDK:java.base:N/A:N/A,ClassOrInterfaceType,java.nio.file.Path,Path,C:\Users\tyin363\Documents\repos\apolloconfig__apollo\apollo-build-sql-converter\src\main\java\com\ctrip\framework\apollo\build\sql\converter\ApolloSqlConverterUtil.java,174
CLIENT:client-code:N/A:N/A,ClassOrInterfaceType,com.ctrip.framework.apollo.build.sql.converter.SqlTemplate,SqlTemplate,C:\Users\tyin363\Documents\repos\apolloconfig__apollo\apollo-build-sql-converter\src\main\java\com\ctrip\framework\apollo\build\sql\converter\ApolloSqlConverter.java,73
JDK:java.base:N/A:N/A,MethodCallExpr,java.lang.String,replace,C:\Users\tyin363\Documents\repos\apolloconfig__apollo\apollo-build-sql-converter\src\main\java\com\ctrip\framework\apollo\build\sql\converter\ApolloH2ConverterUtil.java,178
JDK:java.base:N/A:N/A,ClassOrInterfaceType,java.security.CodeSource,CodeSource,C:\Users\tyin363\Documents\repos\apolloconfig__apollo\apollo-build-sql-converter\src\main\java\com\ctrip\framework\apollo\build\sql\converter\ApolloSqlConverterUtil.java,62
org.freemarker:freemarker:jar:2.3.32,ClassOrInterfaceType,freemarker.template.Configuration,Configuration,C:\Users\tyin363\Documents\repos\apolloconfig__apollo\apollo-build-sql-converter\src\main\java\com\ctrip\framework\apollo\build\sql\converter\ApolloSqlConverter.java,63
JDK:java.base:N/A:N/A,ClassOrInterfaceType,java.util.List,List,C:\Users\tyin363\Documents\repos\apolloconfig__apollo\apollo-build-sql-converter\src\main\java\com\ctrip\framework\apollo\build\sql\converter\ApolloSqlConverterUtil.java,155
JDK:java.base:N/A:N/A,ClassOrInterfaceType,java.util.concurrent.atomic.AtomicBoolean,AtomicBoolean,C:\Users\tyin363\Documents\repos\apolloconfig__apollo\apollo-build-sql-converter\src\main\java\com\ctrip\framework\apollo\build\sql\converter\ApolloSqlConverterUtil.java,349
JDK:java.base:N/A:N/A,ClassOrInterfaceType,java.lang.RuntimeException,RuntimeException,C:\Users\tyin363\Documents\repos\apolloconfig__apollo\apollo-build-sql-converter\src\main\java\com\ctrip\framework\apollo\build\sql\converter\ApolloMysqlDefaultConverterUtil.java,58
JDK:java.base:N/A:N/A,ObjectCreationExpr,java.lang.RuntimeException,RuntimeException,C:\Users\tyin363\Documents\repos\apolloconfig__apollo\apollo-build-sql-converter\src\main\java\com\ctrip\framework\apollo\build\sql\converter\ApolloSqlConverterUtil.java,97
JDK:java.base:N/A:N/A,ClassOrInterfaceType,java.lang.String,String,C:\Users\tyin363\Documents\repos\apolloconfig__apollo\apollo-build-sql-converter\src\main\java\com\ctrip\framework\apollo\build\sql\converter\SqlTemplateGist.java,80
CLIENT:client-code:N/A:N/A,ObjectCreationExpr,com.ctrip.framework.apollo.build.sql.converter.SqlStatement.Builder,Builder,C:\Users\tyin363\Documents\repos\apolloconfig__apollo\apollo-build-sql-converter\src\main\java\com\ctrip\framework\apollo\build\sql\converter\SqlStatement.java,42
CLIENT:client-code:N/A:N/A,MethodCallExpr,com.ctrip.framework.apollo.build.sql.converter.SqlTemplateGist.Builder,h2Function,C:\Users\tyin363\Documents\repos\apolloconfig__apollo\apollo-build-sql-converter\src\main\java\com\ctrip\framework\apollo\build\sql\converter\ApolloSqlConverter.java,99
JDK:java.base:N/A:N/A,MethodCallExpr,java.util.regex.Matcher,find,C:\Users\tyin363\Documents\repos\apolloconfig__apollo\apollo-build-sql-converter\src\main\java\com\ctrip\framework\apollo\build\sql\converter\ApolloH2ConverterUtil.java,295
JDK:java.base:N/A:N/A,MethodCallExpr,java.util.concurrent.atomic.AtomicBoolean,get,C:\Users\tyin363\Documents\repos\apolloconfig__apollo\apollo-build-sql-converter\src\main\java\com\ctrip\framework\apollo\build\sql\converter\ApolloSqlConverterUtil.java,326
CLIENT:client-code:N/A:N/A,ClassOrInterfaceType,com.ctrip.framework.apollo.build.sql.converter.SqlTemplateGist,SqlTemplateGist,C:\Users\tyin363\Documents\repos\apolloconfig__apollo\apollo-build-sql-converter\src\main\java\com\ctrip\framework\apollo\build\sql\converter\ApolloSqlConverter.java,77
JDK:java.base:N/A:N/A,ClassOrInterfaceType,java.nio.file.Path,Path,C:\Users\tyin363\Documents\repos\apolloconfig__apollo\apollo-build-sql-converter\src\main\java\com\ctrip\framework\apollo\build\sql\converter\ApolloSqlConverterUtil.java,173
CLIENT:client-code:N/A:N/A,ClassOrInterfaceType,com.ctrip.framework.apollo.build.sql.converter.SqlStatement,SqlStatement,C:\Users\tyin363\Documents\repos\apolloconfig__apollo\apollo-build-sql-converter\src\main\java\com\ctrip\framework\apollo\build\sql\converter\ApolloSqlConverterUtil.java,383
JDK:java.base:N/A:N/A,MethodCallExpr,java.util.regex.Pattern,compile,C:\Users\tyin363\Documents\repos\apolloconfig__apollo\apollo-build-sql-converter\src\main\java\com\ctrip\framework\apollo\build\sql\converter\ApolloH2ConverterUtil.java,209
JDK:java.base:N/A:N/A,ClassOrInterfaceType,java.lang.String,String,C:\Users\tyin363\Documents\repos\apolloconfig__apollo\apollo-build-sql-converter\src\main\java\com\ctrip\framework\apollo\build\sql\converter\SqlTemplateGist.java,25
JDK:java.base:N/A:N/A,MethodCallExpr,java.util.regex.Matcher,find,C:\Users\tyin363\Documents\repos\apolloconfig__apollo\apollo-build-sql-converter\src\main\java\com\ctrip\framework\apollo\build\sql\converter\ApolloH2ConverterUtil.java,87
JDK:java.base:N/A:N/A,MethodCallExpr,java.util.List,add,C:\Users\tyin363\Documents\repos\apolloconfig__apollo\apollo-build-sql-converter\src\main\java\com\ctrip\framework\apollo\build\sql\converter\ApolloSqlConverterUtil.java,381
JDK:java.base:N/A:N/A,ClassOrInterfaceType,java.util.Comparator,Comparator,C:\Users\tyin363\Documents\repos\apolloconfig__apollo\apollo-build-sql-converter\src\main\java\com\ctrip\framework\apollo\build\sql\converter\ApolloSqlConverterUtil.java,183
CLIENT:client-code:N/A:N/A,MethodCallExpr,com.ctrip.framework.apollo.build.sql.converter.ApolloSqlConverterUtil,createStatement,C:\Users\tyin363\Documents\repos\apolloconfig__apollo\apollo-build-sql-converter\src\main\java\com\ctrip\framework\apollo\build\sql\converter\ApolloSqlConverterUtil.java,383
CLIENT:client-code:N/A:N/A,MethodCallExpr,com.ctrip.framework.apollo.build.sql.converter.ApolloSqlConverterUtil,getGists,C:\Users\tyin363\Documents\repos\apolloconfig__apollo\apollo-build-sql-converter\src\main\java\com\ctrip\framework\apollo\build\sql\converter\ApolloSqlConverter.java,33
JDK:java.base:N/A:N/A,MethodCallExpr,java.lang.String,contains,C:\Users\tyin363\Documents\repos\apolloconfig__apollo\apollo-build-sql-converter\src\main\java\com\ctrip\framework\apollo\build\sql\converter\ApolloH2ConverterUtil.java,152
JDK:java.base:N/A:N/A,MethodCallExpr,java.nio.file.Paths,get,C:\Users\tyin363\Documents\repos\apolloconfig__apollo\apollo-build-sql-converter\src\main\java\com\ctrip\framework\apollo\build\sql\converter\ApolloSqlConverterUtil.java,133
CLIENT:client-code:N/A:N/A,FieldAccessExpr,com.ctrip.framework.apollo.build.sql.converter.SqlStatement.Builder,rawText,C:\Users\tyin363\Documents\repos\apolloconfig__apollo\apollo-build-sql-converter\src\main\java\com\ctrip\framework\apollo\build\sql\converter\SqlStatement.java,43
CLIENT:client-code:N/A:N/A,FieldAccessExpr,com.ctrip.framework.apollo.build.sql.converter.SqlTemplateGist.Builder,h2Function,C:\Users\tyin363\Documents\repos\apolloconfig__apollo\apollo-build-sql-converter\src\main\java\com\ctrip\framework\apollo\build\sql\converter\SqlTemplateGist.java,94
CLIENT:client-code:N/A:N/A,FieldAccessExpr,com.ctrip.framework.apollo.build.sql.converter.SqlTemplateGist.Builder,useDatabase,C:\Users\tyin363\Documents\repos\apolloconfig__apollo\apollo-build-sql-converter\src\main\java\com\ctrip\framework\apollo\build\sql\converter\SqlTemplateGist.java,47
JDK:java.base:N/A:N/A,ObjectCreationExpr,java.io.UncheckedIOException,UncheckedIOException,C:\Users\tyin363\Documents\repos\apolloconfig__apollo\apollo-build-sql-converter\src\main\java\com\ctrip\framework\apollo\build\sql\converter\ApolloSqlConverterUtil.java,178
JDK:java.base:N/A:N/A,MethodCallExpr,java.util.regex.Matcher,replaceAll,C:\Users\tyin363\Documents\repos\apolloconfig__apollo\apollo-build-sql-converter\src\main\java\com\ctrip\framework\apollo\build\sql\converter\ApolloH2ConverterUtil.java,239
CLIENT:client-code:N/A:N/A,ClassOrInterfaceType,com.ctrip.framework.apollo.build.sql.converter.SqlStatement.Builder,Builder,C:\Users\tyin363\Documents\repos\apolloconfig__apollo\apollo-build-sql-converter\src\main\java\com\ctrip\framework\apollo\build\sql\converter\SqlStatement.java,37
JDK:java.base:N/A:N/A,ClassOrInterfaceType,java.util.List,List,C:\Users\tyin363\Documents\repos\apolloconfig__apollo\apollo-build-sql-converter\src\main\java\com\ctrip\framework\apollo\build\sql\converter\ApolloSqlConverterUtil.java,298
JDK:java.base:N/A:N/A,FieldAccessExpr,java.util.regex.Pattern,CASE_INSENSITIVE,C:\Users\tyin363\Documents\repos\apolloconfig__apollo\apollo-build-sql-converter\src\main\java\com\ctrip\framework\apollo\build\sql\converter\ApolloH2ConverterUtil.java,208
JDK:java.base:N/A:N/A,MethodCallExpr,java.lang.String,replace,C:\Users\tyin363\Documents\repos\apolloconfig__apollo\apollo-build-sql-converter\src\main\java\com\ctrip\framework\apollo\build\sql\converter\ApolloH2ConverterUtil.java,175
JDK:java.base:N/A:N/A,ClassOrInterfaceType,java.nio.file.Path,Path,C:\Users\tyin363\Documents\repos\apolloconfig__apollo\apollo-build-sql-converter\src\main\java\com\ctrip\framework\apollo\build\sql\converter\ApolloSqlConverterUtil.java,172
JDK:java.base:N/A:N/A,ClassOrInterfaceType,java.util.concurrent.atomic.AtomicBoolean,AtomicBoolean,C:\Users\tyin363\Documents\repos\apolloconfig__apollo\apollo-build-sql-converter\src\main\java\com\ctrip\framework\apollo\build\sql\converter\ApolloSqlConverterUtil.java,299
JDK:java.base:N/A:N/A,MethodCallExpr,java.util.regex.Matcher,group,C:\Users\tyin363\Documents\repos\apolloconfig__apollo\apollo-build-sql-converter\src\main\java\com\ctrip\framework\apollo\build\sql\converter\ApolloH2ConverterUtil.java,99
CLIENT:client-code:N/A:N/A,ClassOrInterfaceType,com.ctrip.framework.apollo.build.sql.converter.SqlStatement,SqlStatement,C:\Users\tyin363\Documents\repos\apolloconfig__apollo\apollo-build-sql-converter\src\main\java\com\ctrip\framework\apollo\build\sql\converter\ApolloH2ConverterUtil.java,169
CLIENT:client-code:N/A:N/A,NameExpr,com.ctrip.framework.apollo.build.sql.converter.ApolloH2ConverterUtil,PREFIX_INDEX_PATTERN,C:\Users\tyin363\Documents\repos\apolloconfig__apollo\apollo-build-sql-converter\src\main\java\com\ctrip\framework\apollo\build\sql\converter\ApolloH2ConverterUtil.java,294
CLIENT:client-code:N/A:N/A,FieldAccessExpr,com.ctrip.framework.apollo.build.sql.converter.SqlTemplateGist,setupDatabase,C:\Users\tyin363\Documents\repos\apolloconfig__apollo\apollo-build-sql-converter\src\main\java\com\ctrip\framework\apollo\build\sql\converter\SqlTemplateGist.java,46
JDK:java.base:N/A:N/A,MethodCallExpr,java.util.StringJoiner,add,C:\Users\tyin363\Documents\repos\apolloconfig__apollo\apollo-build-sql-converter\src\main\java\com\ctrip\framework\apollo\build\sql\converter\ApolloH2ConverterUtil.java,164
JDK:java.base:N/A:N/A,MethodCallExpr,java.util.regex.Pattern,matcher,C:\Users\tyin363\Documents\repos\apolloconfig__apollo\apollo-build-sql-converter\src\main\java\com\ctrip\framework\apollo\build\sql\converter\ApolloH2ConverterUtil.java,127
JDK:java.base:N/A:N/A,MethodCallExpr,java.nio.file.Files,newBufferedReader,C:\Users\tyin363\Documents\repos\apolloconfig__apollo\apollo-build-sql-converter\src\main\java\com\ctrip\framework\apollo\build\sql\converter\ApolloSqlConverterUtil.java,133
JDK:java.base:N/A:N/A,ClassOrInterfaceType,java.lang.IllegalArgumentException,IllegalArgumentException,C:\Users\tyin363\Documents\repos\apolloconfig__apollo\apollo-build-sql-converter\src\main\java\com\ctrip\framework\apollo\build\sql\converter\ApolloSqlConverterUtil.java,68
CLIENT:client-code:N/A:N/A,ClassOrInterfaceType,com.ctrip.framework.apollo.build.sql.converter.SqlStatement.Builder,Builder,C:\Users\tyin363\Documents\repos\apolloconfig__apollo\apollo-build-sql-converter\src\main\java\com\ctrip\framework\apollo\build\sql\converter\SqlStatement.java,38
JDK:java.base:N/A:N/A,ClassOrInterfaceType,java.nio.file.Path,Path,C:\Users\tyin363\Documents\repos\apolloconfig__apollo\apollo-build-sql-converter\src\main\java\com\ctrip\framework\apollo\build\sql\converter\ApolloSqlConverterUtil.java,171
CLIENT:client-code:N/A:N/A,NameExpr,com.ctrip.framework.apollo.build.sql.converter.ApolloH2ConverterUtil,ADD_COLUMN_PATTERN,C:\Users\tyin363\Documents\repos\apolloconfig__apollo\apollo-build-sql-converter\src\main\java\com\ctrip\framework\apollo\build\sql\converter\ApolloH2ConverterUtil.java,221
CLIENT:client-code:N/A:N/A,MethodCallExpr,com.ctrip.framework.apollo.build.sql.converter.SqlTemplateGist,builder,C:\Users\tyin363\Documents\repos\apolloconfig__apollo\apollo-build-sql-converter\src\main\java\com\ctrip\framework\apollo\build\sql\converter\ApolloSqlConverter.java,119
JDK:java.base:N/A:N/A,ClassOrInterfaceType,java.lang.String,String,C:\Users\tyin363\Documents\repos\apolloconfig__apollo\apollo-build-sql-converter\src\main\java\com\ctrip\framework\apollo\build\sql\converter\SqlTemplateGist.java,93
JDK:java.base:N/A:N/A,ClassOrInterfaceType,java.lang.String,String,C:\Users\tyin363\Documents\repos\apolloconfig__apollo\apollo-build-sql-converter\src\main\java\com\ctrip\framework\apollo\build\sql\converter\SqlTemplateGist.java,27
JDK:java.base:N/A:N/A,MethodCallExpr,java.nio.file.Files,exists,C:\Users\tyin363\Documents\repos\apolloconfig__apollo\apollo-build-sql-converter\src\main\java\com\ctrip\framework\apollo\build\sql\converter\ApolloSqlConverterUtil.java,251
org.freemarker:freemarker:jar:2.3.32,MethodCallExpr,freemarker.template.Configuration,setDirectoryForTemplateLoading,C:\Users\tyin363\Documents\repos\apolloconfig__apollo\apollo-build-sql-converter\src\main\java\com\ctrip\framework\apollo\build\sql\converter\ApolloSqlConverter.java,65
JDK:java.base:N/A:N/A,MethodCallExpr,java.util.regex.Pattern,compile,C:\Users\tyin363\Documents\repos\apolloconfig__apollo\apollo-build-sql-converter\src\main\java\com\ctrip\framework\apollo\build\sql\converter\ApolloH2ConverterUtil.java,197
JDK:java.base:N/A:N/A,MethodCallExpr,java.lang.String,indexOf,C:\Users\tyin363\Documents\repos\apolloconfig__apollo\apollo-build-sql-converter\src\main\java\com\ctrip\framework\apollo\build\sql\converter\ApolloSqlConverterUtil.java,366
CLIENT:client-code:N/A:N/A,FieldAccessExpr,com.ctrip.framework.apollo.build.sql.converter.SqlTemplate,srcPath,C:\Users\tyin363\Documents\repos\apolloconfig__apollo\apollo-build-sql-converter\src\main\java\com\ctrip\framework\apollo\build\sql\converter\SqlTemplate.java,28
JDK:java.base:N/A:N/A,MethodCallExpr,java.util.regex.Pattern,compile,C:\Users\tyin363\Documents\repos\apolloconfig__apollo\apollo-build-sql-converter\src\main\java\com\ctrip\framework\apollo\build\sql\converter\ApolloH2ConverterUtil.java,65
JDK:java.base:N/A:N/A,ClassOrInterfaceType,java.lang.String,String,C:\Users\tyin363\Documents\repos\apolloconfig__apollo\apollo-build-sql-converter\src\main\java\com\ctrip\framework\apollo\build\sql\converter\ApolloMysqlDefaultConverterUtil.java,46
JDK:java.base:N/A:N/A,MethodCallExpr,java.util.regex.Pattern,compile,C:\Users\tyin363\Documents\repos\apolloconfig__apollo\apollo-build-sql-converter\src\main\java\com\ctrip\framework\apollo\build\sql\converter\ApolloH2ConverterUtil.java,264
CLIENT:client-code:N/A:N/A,MethodCallExpr,com.ctrip.framework.apollo.build.sql.converter.ApolloH2ConverterUtil,convertIndexOnTable,C:\Users\tyin363\Documents\repos\apolloconfig__apollo\apollo-build-sql-converter\src\main\java\com\ctrip\framework\apollo\build\sql\converter\ApolloH2ConverterUtil.java,90
JDK:java.base:N/A:N/A,ClassOrInterfaceType,java.io.UncheckedIOException,UncheckedIOException,C:\Users\tyin363\Documents\repos\apolloconfig__apollo\apollo-build-sql-converter\src\main\java\com\ctrip\framework\apollo\build\sql\converter\ApolloSqlConverterUtil.java,178
JDK:java.base:N/A:N/A,ClassOrInterfaceType,java.lang.String,String,C:\Users\tyin363\Documents\repos\apolloconfig__apollo\apollo-build-sql-converter\src\main\java\com\ctrip\framework\apollo\build\sql\converter\ApolloH2ConverterUtil.java,75
JDK:java.base:N/A:N/A,ClassOrInterfaceType,java.util.StringJoiner,StringJoiner,C:\Users\tyin363\Documents\repos\apolloconfig__apollo\apollo-build-sql-converter\src\main\java\com\ctrip\framework\apollo\build\sql\converter\ApolloSqlConverterUtil.java,311
CLIENT:client-code:N/A:N/A,FieldAccessExpr,com.ctrip.framework.apollo.build.sql.converter.SqlTemplateGist,autoGeneratedDeclaration,C:\Users\tyin363\Documents\repos\apolloconfig__apollo\apollo-build-sql-converter\src\main\java\com\ctrip\framework\apollo\build\sql\converter\SqlTemplateGist.java,32
JDK:java.base:N/A:N/A,FieldAccessExpr,java.util.regex.Pattern,CASE_INSENSITIVE,C:\Users\tyin363\Documents\repos\apolloconfig__apollo\apollo-build-sql-converter\src\main\java\com\ctrip\framework\apollo\build\sql\converter\ApolloH2ConverterUtil.java,144
JDK:java.base:N/A:N/A,ClassOrInterfaceType,java.util.concurrent.atomic.AtomicReference,AtomicReference,C:\Users\tyin363\Documents\repos\apolloconfig__apollo\apollo-build-sql-converter\src\main\java\com\ctrip\framework\apollo\build\sql\converter\ApolloSqlConverterUtil.java,347
CLIENT:client-code:N/A:N/A,ObjectCreationExpr,com.ctrip.framework.apollo.build.sql.converter.SqlStatement.Builder,Builder,C:\Users\tyin363\Documents\repos\apolloconfig__apollo\apollo-build-sql-converter\src\main\java\com\ctrip\framework\apollo\build\sql\converter\SqlStatement.java,38
JDK:java.base:N/A:N/A,ObjectCreationExpr,java.lang.IllegalArgumentException,IllegalArgumentException,C:\Users\tyin363\Documents\repos\apolloconfig__apollo\apollo-build-sql-converter\src\main\java\com\ctrip\framework\apollo\build\sql\converter\ApolloSqlConverterUtil.java,68
JDK:java.base:N/A:N/A,ClassOrInterfaceType,java.lang.String,String,C:\Users\tyin363\Documents\repos\apolloconfig__apollo\apollo-build-sql-converter\src\main\java\com\ctrip\framework\apollo\build\sql\converter\ApolloSqlConverterUtil.java,277
JDK:java.base:N/A:N/A,MethodCallExpr,java.util.List,add,C:\Users\tyin363\Documents\repos\apolloconfig__apollo\apollo-build-sql-converter\src\main\java\com\ctrip\framework\apollo\build\sql\converter\ApolloSqlConverterUtil.java,314
JDK:java.base:N/A:N/A,FieldAccessExpr,java.nio.charset.StandardCharsets,UTF_8,C:\Users\tyin363\Documents\repos\apolloconfig__apollo\apollo-build-sql-converter\src\main\java\com\ctrip\framework\apollo\build\sql\converter\ApolloSqlConverterUtil.java,134
CLIENT:client-code:N/A:N/A,NameExpr,com.ctrip.framework.apollo.build.sql.converter.ApolloH2ConverterUtil,PREFIX_INDEX_PATTERN,C:\Users\tyin363\Documents\repos\apolloconfig__apollo\apollo-build-sql-converter\src\main\java\com\ctrip\framework\apollo\build\sql\converter\ApolloH2ConverterUtil.java,296
JDK:java.base:N/A:N/A,MethodCallExpr,java.lang.String,replace,C:\Users\tyin363\Documents\repos\apolloconfig__apollo\apollo-build-sql-converter\src\main\java\com\ctrip\framework\apollo\build\sql\converter\ApolloSqlConverterUtil.java,113
JDK:java.base:N/A:N/A,MethodReferenceExpr,java.nio.file.Path,toString,C:\Users\tyin363\Documents\repos\apolloconfig__apollo\apollo-build-sql-converter\src\main\java\com\ctrip\framework\apollo\build\sql\converter\ApolloSqlConverterUtil.java,191
JDK:java.base:N/A:N/A,MethodCallExpr,java.util.StringJoiner,toString,C:\Users\tyin363\Documents\repos\apolloconfig__apollo\apollo-build-sql-converter\src\main\java\com\ctrip\framework\apollo\build\sql\converter\ApolloSqlConverterUtil.java,396
JDK:java.base:N/A:N/A,ClassOrInterfaceType,java.util.List,List,C:\Users\tyin363\Documents\repos\apolloconfig__apollo\apollo-build-sql-converter\src\main\java\com\ctrip\framework\apollo\build\sql\converter\ApolloSqlConverterUtil.java,167
JDK:java.base:N/A:N/A,ClassOrInterfaceType,java.lang.String,String,C:\Users\tyin363\Documents\repos\apolloconfig__apollo\apollo-build-sql-converter\src\main\java\com\ctrip\framework\apollo\build\sql\converter\ApolloSqlConverterUtil.java,280
CLIENT:client-code:N/A:N/A,FieldAccessExpr,com.ctrip.framework.apollo.build.sql.converter.SqlTemplateContext.Builder,gists,C:\Users\tyin363\Documents\repos\apolloconfig__apollo\apollo-build-sql-converter\src\main\java\com\ctrip\framework\apollo\build\sql\converter\SqlTemplateContext.java,62
JDK:java.base:N/A:N/A,ClassOrInterfaceType,java.util.List,List,C:\Users\tyin363\Documents\repos\apolloconfig__apollo\apollo-build-sql-converter\src\main\java\com\ctrip\framework\apollo\build\sql\converter\ApolloSqlConverterUtil.java,162
CLIENT:client-code:N/A:N/A,ClassOrInterfaceType,com.ctrip.framework.apollo.build.sql.converter.SqlTemplateContext,SqlTemplateContext,C:\Users\tyin363\Documents\repos\apolloconfig__apollo\apollo-build-sql-converter\src\main\java\com\ctrip\framework\apollo\build\sql\converter\ApolloMysqlDefaultConverterUtil.java,33
CLIENT:client-code:N/A:N/A,ClassOrInterfaceType,com.ctrip.framework.apollo.build.sql.converter.SqlTemplate,SqlTemplate,C:\Users\tyin363\Documents\repos\apolloconfig__apollo\apollo-build-sql-converter\src\main\java\com\ctrip\framework\apollo\build\sql\converter\ApolloSqlConverter.java,128
CLIENT:client-code:N/A:N/A,MethodCallExpr,com.ctrip.framework.apollo.build.sql.converter.SqlTemplateGist.Builder,h2Function,C:\Users\tyin363\Documents\repos\apolloconfig__apollo\apollo-build-sql-converter\src\main\java\com\ctrip\framework\apollo\build\sql\converter\ApolloSqlConverterUtil.java,122
JDK:java.base:N/A:N/A,MethodCallExpr,java.util.Collections,emptyList,C:\Users\tyin363\Documents\repos\apolloconfig__apollo\apollo-build-sql-converter\src\main\java\com\ctrip\framework\apollo\build\sql\converter\ApolloSqlConverterUtil.java,252
JDK:java.base:N/A:N/A,ClassOrInterfaceType,java.lang.String,String,C:\Users\tyin363\Documents\repos\apolloconfig__apollo\apollo-build-sql-converter\src\main\java\com\ctrip\framework\apollo\build\sql\converter\ApolloSqlConverter.java,62
JDK:java.base:N/A:N/A,ClassOrInterfaceType,java.lang.Exception,Exception,C:\Users\tyin363\Documents\repos\apolloconfig__apollo\apollo-build-sql-converter\src\main\java\com\ctrip\framework\apollo\build\sql\converter\ApolloSqlConverterUtil.java,96
JDK:java.base:N/A:N/A,MethodCallExpr,java.util.regex.Pattern,compile,C:\Users\tyin363\Documents\repos\apolloconfig__apollo\apollo-build-sql-converter\src\main\java\com\ctrip\framework\apollo\build\sql\converter\ApolloH2ConverterUtil.java,200
JDK:java.base:N/A:N/A,MethodCallExpr,java.util.regex.Pattern,matcher,C:\Users\tyin363\Documents\repos\apolloconfig__apollo\apollo-build-sql-converter\src\main\java\com\ctrip\framework\apollo\build\sql\converter\ApolloH2ConverterUtil.java,256
JDK:java.base:N/A:N/A,MethodCallExpr,java.util.Set,contains,C:\Users\tyin363\Documents\repos\apolloconfig__apollo\apollo-build-sql-converter\src\main\java\com\ctrip\framework\apollo\build\sql\converter\ApolloSqlConverterUtil.java,260
JDK:java.base:N/A:N/A,ClassOrInterfaceType,java.util.List,List,C:\Users\tyin363\Documents\repos\apolloconfig__apollo\apollo-build-sql-converter\src\main\java\com\ctrip\framework\apollo\build\sql\converter\ApolloSqlConverterUtil.java,294
JDK:java.base:N/A:N/A,ClassOrInterfaceType,java.lang.String,String,C:\Users\tyin363\Documents\repos\apolloconfig__apollo\apollo-build-sql-converter\src\main\java\com\ctrip\framework\apollo\build\sql\converter\ApolloSqlConverterUtil.java,81
CLIENT:client-code:N/A:N/A,ClassOrInterfaceType,com.ctrip.framework.apollo.build.sql.converter.SqlTemplateGist,SqlTemplateGist,C:\Users\tyin363\Documents\repos\apolloconfig__apollo\apollo-build-sql-converter\src\main\java\com\ctrip\framework\apollo\build\sql\converter\SqlTemplateGist.java,108
JDK:java.base:N/A:N/A,MethodCallExpr,java.util.regex.Matcher,find,C:\Users\tyin363\Documents\repos\apolloconfig__apollo\apollo-build-sql-converter\src\main\java\com\ctrip\framework\apollo\build\sql\converter\ApolloH2ConverterUtil.java,222
JDK:java.base:N/A:N/A,MethodCallExpr,java.util.regex.Matcher,replaceAll,C:\Users\tyin363\Documents\repos\apolloconfig__apollo\apollo-build-sql-converter\src\main\java\com\ctrip\framework\apollo\build\sql\converter\ApolloH2ConverterUtil.java,233
JDK:java.base:N/A:N/A,MethodCallExpr,java.nio.file.Files,newBufferedWriter,C:\Users\tyin363\Documents\repos\apolloconfig__apollo\apollo-build-sql-converter\src\main\java\com\ctrip\framework\apollo\build\sql\converter\ApolloMysqlDefaultConverterUtil.java,49
JDK:java.base:N/A:N/A,FieldAccessExpr,java.util.regex.Pattern,CASE_INSENSITIVE,C:\Users\tyin363\Documents\repos\apolloconfig__apollo\apollo-build-sql-converter\src\main\java\com\ctrip\framework\apollo\build\sql\converter\ApolloH2ConverterUtil.java,211
JDK:java.base:N/A:N/A,MethodCallExpr,java.io.Writer,write,C:\Users\tyin363\Documents\repos\apolloconfig__apollo\apollo-build-sql-converter\src\main\java\com\ctrip\framework\apollo\build\sql\converter\ApolloMysqlDefaultConverterUtil.java,54
CLIENT:client-code:N/A:N/A,FieldAccessExpr,com.ctrip.framework.apollo.build.sql.converter.SqlTemplateGist,h2Function,C:\Users\tyin363\Documents\repos\apolloconfig__apollo\apollo-build-sql-converter\src\main\java\com\ctrip\framework\apollo\build\sql\converter\SqlTemplateGist.java,33
JDK:java.base:N/A:N/A,MethodCallExpr,java.util.regex.Pattern,matcher,C:\Users\tyin363\Documents\repos\apolloconfig__apollo\apollo-build-sql-converter\src\main\java\com\ctrip\framework\apollo\build\sql\converter\ApolloH2ConverterUtil.java,123
JDK:java.base:N/A:N/A,ClassOrInterfaceType,java.util.List,List,C:\Users\tyin363\Documents\repos\apolloconfig__apollo\apollo-build-sql-converter\src\main\java\com\ctrip\framework\apollo\build\sql\converter\ApolloSqlConverterUtil.java,293
CLIENT:client-code:N/A:N/A,FieldAccessExpr,com.ctrip.framework.apollo.build.sql.converter.SqlTemplateGist.Builder,autoGeneratedDeclaration,C:\Users\tyin363\Documents\repos\apolloconfig__apollo\apollo-build-sql-converter\src\main\java\com\ctrip\framework\apollo\build\sql\converter\SqlTemplateGist.java,89
JDK:java.base:N/A:N/A,ClassOrInterfaceType,java.lang.String,String,C:\Users\tyin363\Documents\repos\apolloconfig__apollo\apollo-build-sql-converter\src\main\java\com\ctrip\framework\apollo\build\sql\converter\SqlTemplateGist.java,23
JDK:java.base:N/A:N/A,MethodCallExpr,java.util.Comparator,comparing,C:\Users\tyin363\Documents\repos\apolloconfig__apollo\apollo-build-sql-converter\src\main\java\com\ctrip\framework\apollo\build\sql\converter\ApolloSqlConverterUtil.java,221
CLIENT:client-code:N/A:N/A,MethodCallExpr,com.ctrip.framework.apollo.build.sql.converter.SqlTemplateContext,builder,C:\Users\tyin363\Documents\repos\apolloconfig__apollo\apollo-build-sql-converter\src\main\java\com\ctrip\framework\apollo\build\sql\converter\ApolloSqlConverter.java,105
JDK:java.base:N/A:N/A,MethodCallExpr,java.nio.file.Files,newBufferedWriter,C:\Users\tyin363\Documents\repos\apolloconfig__apollo\apollo-build-sql-converter\src\main\java\com\ctrip\framework\apollo\build\sql\converter\ApolloH2ConverterUtil.java,41
CLIENT:client-code:N/A:N/A,MethodCallExpr,com.ctrip.framework.apollo.build.sql.converter.ApolloSqlConverterUtil,replacePath,C:\Users\tyin363\Documents\repos\apolloconfig__apollo\apollo-build-sql-converter\src\main\java\com\ctrip\framework\apollo\build\sql\converter\ApolloSqlConverterUtil.java,77
JDK:java.base:N/A:N/A,ClassOrInterfaceType,java.lang.StringBuilder,StringBuilder,C:\Users\tyin363\Documents\repos\apolloconfig__apollo\apollo-build-sql-converter\src\main\java\com\ctrip\framework\apollo\build\sql\converter\ApolloSqlConverterUtil.java,323
CLIENT:client-code:N/A:N/A,MethodCallExpr,com.ctrip.framework.apollo.build.sql.converter.SqlTemplateGist.Builder,autoGeneratedDeclaration,C:\Users\tyin363\Documents\repos\apolloconfig__apollo\apollo-build-sql-converter\src\main\java\com\ctrip\framework\apollo\build\sql\converter\ApolloSqlConverter.java,99
CLIENT:client-code:N/A:N/A,ClassOrInterfaceType,com.ctrip.framework.apollo.build.sql.converter.SqlTemplateGist,SqlTemplateGist,C:\Users\tyin363\Documents\repos\apolloconfig__apollo\apollo-build-sql-converter\src\main\java\com\ctrip\framework\apollo\build\sql\converter\SqlTemplateGist.java,109
CLIENT:client-code:N/A:N/A,MethodCallExpr,com.ctrip.framework.apollo.build.sql.converter.ApolloH2ConverterUtil,convertAlterTableMulti,C:\Users\tyin363\Documents\repos\apolloconfig__apollo\apollo-build-sql-converter\src\main\java\com\ctrip\framework\apollo\build\sql\converter\ApolloH2ConverterUtil.java,192
CLIENT:client-code:N/A:N/A,FieldAccessExpr,com.ctrip.framework.apollo.build.sql.converter.SqlTemplate,srcPath,C:\Users\tyin363\Documents\repos\apolloconfig__apollo\apollo-build-sql-converter\src\main\java\com\ctrip\framework\apollo\build\sql\converter\SqlTemplate.java,33
JDK:java.base:N/A:N/A,ClassOrInterfaceType,java.util.ArrayList,ArrayList,C:\Users\tyin363\Documents\repos\apolloconfig__apollo\apollo-build-sql-converter\src\main\java\com\ctrip\framework\apollo\build\sql\converter\ApolloSqlConverterUtil.java,279
JDK:java.base:N/A:N/A,ClassOrInterfaceType,java.lang.String,String,C:\Users\tyin363\Documents\repos\apolloconfig__apollo\apollo-build-sql-converter\src\main\java\com\ctrip\framework\apollo\build\sql\converter\SqlStatement.java,83
JDK:java.base:N/A:N/A,FieldAccessExpr,java.util.regex.Pattern,CASE_INSENSITIVE,C:\Users\tyin363\Documents\repos\apolloconfig__apollo\apollo-build-sql-converter\src\main\java\com\ctrip\framework\apollo\build\sql\converter\ApolloH2ConverterUtil.java,214
JDK:java.base:N/A:N/A,ClassOrInterfaceType,java.lang.String,String,C:\Users\tyin363\Documents\repos\apolloconfig__apollo\apollo-build-sql-converter\src\main\java\com\ctrip\framework\apollo\build\sql\converter\ApolloSqlConverterUtil.java,348
org.freemarker:freemarker:jar:2.3.32,FieldAccessExpr,freemarker.template.Configuration,VERSION_2_3_32,C:\Users\tyin363\Documents\repos\apolloconfig__apollo\apollo-build-sql-converter\src\main\java\com\ctrip\framework\apollo\build\sql\converter\ApolloSqlConverter.java,63
JDK:java.base:N/A:N/A,MethodCallExpr,java.util.StringJoiner,add,C:\Users\tyin363\Documents\repos\apolloconfig__apollo\apollo-build-sql-converter\src\main\java\com\ctrip\framework\apollo\build\sql\converter\SqlTemplateContext.java,48
JDK:java.base:N/A:N/A,ClassOrInterfaceType,java.lang.String,String,C:\Users\tyin363\Documents\repos\apolloconfig__apollo\apollo-build-sql-converter\src\main\java\com\ctrip\framework\apollo\build\sql\converter\SqlTemplateGist.java,88
CLIENT:client-code:N/A:N/A,ClassOrInterfaceType,com.ctrip.framework.apollo.build.sql.converter.SqlStatement,SqlStatement,C:\Users\tyin363\Documents\repos\apolloconfig__apollo\apollo-build-sql-converter\src\main\java\com\ctrip\framework\apollo\build\sql\converter\ApolloH2ConverterUtil.java,97
JDK:java.base:N/A:N/A,ClassOrInterfaceType,java.io.File,File,C:\Users\tyin363\Documents\repos\apolloconfig__apollo\apollo-build-sql-converter\src\main\java\com\ctrip\framework\apollo\build\sql\converter\ApolloSqlConverter.java,65
JDK:java.base:N/A:N/A,ClassOrInterfaceType,java.lang.String,String,C:\Users\tyin363\Documents\repos\apolloconfig__apollo\apollo-build-sql-converter\src\main\java\com\ctrip\framework\apollo\build\sql\converter\ApolloSqlConverter.java,129
JDK:java.base:N/A:N/A,MethodCallExpr,java.util.regex.Pattern,compile,C:\Users\tyin363\Documents\repos\apolloconfig__apollo\apollo-build-sql-converter\src\main\java\com\ctrip\framework\apollo\build\sql\converter\ApolloH2ConverterUtil.java,134
JDK:java.base:N/A:N/A,MethodCallExpr,java.io.BufferedWriter,write,C:\Users\tyin363\Documents\repos\apolloconfig__apollo\apollo-build-sql-converter\src\main\java\com\ctrip\framework\apollo\build\sql\converter\ApolloH2ConverterUtil.java,52
JDK:java.base:N/A:N/A,MethodCallExpr,java.lang.Class,getProtectionDomain,C:\Users\tyin363\Documents\repos\apolloconfig__apollo\apollo-build-sql-converter\src\main\java\com\ctrip\framework\apollo\build\sql\converter\ApolloSqlConverterUtil.java,61
CLIENT:client-code:N/A:N/A,MethodCallExpr,com.ctrip.framework.apollo.build.sql.converter.ApolloSqlConverterUtil,deleteDirInternal,C:\Users\tyin363\Documents\repos\apolloconfig__apollo\apollo-build-sql-converter\src\main\java\com\ctrip\framework\apollo\build\sql\converter\ApolloSqlConverterUtil.java,196
CLIENT:client-code:N/A:N/A,MethodCallExpr,com.ctrip.framework.apollo.build.sql.converter.ApolloSqlConverterUtil,getDeltaSqlList,C:\Users\tyin363\Documents\repos\apolloconfig__apollo\apollo-build-sql-converter\src\main\java\com\ctrip\framework\apollo\build\sql\converter\ApolloSqlConverterUtil.java,162
JDK:java.base:N/A:N/A,MethodCallExpr,java.nio.file.Paths,get,C:\Users\tyin363\Documents\repos\apolloconfig__apollo\apollo-build-sql-converter\src\main\java\com\ctrip\framework\apollo\build\sql\converter\ApolloSqlConverterUtil.java,70
CLIENT:client-code:N/A:N/A,MethodCallExpr,com.ctrip.framework.apollo.build.sql.converter.SqlTemplateContext.Builder,gists,C:\Users\tyin363\Documents\repos\apolloconfig__apollo\apollo-build-sql-converter\src\main\java\com\ctrip\framework\apollo\build\sql\converter\ApolloSqlConverter.java,83
JDK:java.base:N/A:N/A,MethodCallExpr,java.util.StringJoiner,toString,C:\Users\tyin363\Documents\repos\apolloconfig__apollo\apollo-build-sql-converter\src\main\java\com\ctrip\framework\apollo\build\sql\converter\SqlStatement.java,63
JDK:java.base:N/A:N/A,ClassOrInterfaceType,java.lang.String,String,C:\Users\tyin363\Documents\repos\apolloconfig__apollo\apollo-build-sql-converter\src\main\java\com\ctrip\framework\apollo\build\sql\converter\ApolloH2ConverterUtil.java,70
CLIENT:client-code:N/A:N/A,FieldAccessExpr,com.ctrip.framework.apollo.build.sql.converter.SqlStatement,singleLineText,C:\Users\tyin363\Documents\repos\apolloconfig__apollo\apollo-build-sql-converter\src\main\java\com\ctrip\framework\apollo\build\sql\converter\SqlStatement.java,44
JDK:java.base:N/A:N/A,ClassOrInterfaceType,java.util.regex.Matcher,Matcher,C:\Users\tyin363\Documents\repos\apolloconfig__apollo\apollo-build-sql-converter\src\main\java\com\ctrip\framework\apollo\build\sql\converter\ApolloH2ConverterUtil.java,86
JDK:java.base:N/A:N/A,ClassOrInterfaceType,java.lang.String,String,C:\Users\tyin363\Documents\repos\apolloconfig__apollo\apollo-build-sql-converter\src\main\java\com\ctrip\framework\apollo\build\sql\converter\ApolloH2ConverterUtil.java,268
JDK:java.base:N/A:N/A,MethodCallExpr,java.io.Writer,write,C:\Users\tyin363\Documents\repos\apolloconfig__apollo\apollo-build-sql-converter\src\main\java\com\ctrip\framework\apollo\build\sql\converter\ApolloH2ConverterUtil.java,51
CLIENT:client-code:N/A:N/A,MethodCallExpr,com.ctrip.framework.apollo.build.sql.converter.ApolloH2ConverterUtil,convertAlterTable,C:\Users\tyin363\Documents\repos\apolloconfig__apollo\apollo-build-sql-converter\src\main\java\com\ctrip\framework\apollo\build\sql\converter\ApolloH2ConverterUtil.java,81
CLIENT:client-code:N/A:N/A,MethodCallExpr,com.ctrip.framework.apollo.build.sql.converter.ApolloMysqlDefaultConverterUtil,convert,C:\Users\tyin363\Documents\repos\apolloconfig__apollo\apollo-build-sql-converter\src\main\java\com\ctrip\framework\apollo\build\sql\converter\ApolloSqlConverter.java,90
JDK:java.base:N/A:N/A,ClassOrInterfaceType,java.lang.String,String,C:\Users\tyin363\Documents\repos\apolloconfig__apollo\apollo-build-sql-converter\src\main\java\com\ctrip\framework\apollo\build\sql\converter\ApolloSqlConverterUtil.java,347
JDK:java.base:N/A:N/A,ClassOrInterfaceType,java.lang.String,String,C:\Users\tyin363\Documents\repos\apolloconfig__apollo\apollo-build-sql-converter\src\main\java\com\ctrip\framework\apollo\build\sql\converter\ApolloSqlConverterUtil.java,281
CLIENT:client-code:N/A:N/A,FieldAccessExpr,com.ctrip.framework.apollo.build.sql.converter.SqlTemplateContext,gists,C:\Users\tyin363\Documents\repos\apolloconfig__apollo\apollo-build-sql-converter\src\main\java\com\ctrip\framework\apollo\build\sql\converter\SqlTemplateContext.java,38
JDK:java.base:N/A:N/A,ObjectCreationExpr,java.lang.IllegalStateException,IllegalStateException,C:\Users\tyin363\Documents\repos\apolloconfig__apollo\apollo-build-sql-converter\src\main\java\com\ctrip\framework\apollo\build\sql\converter\ApolloSqlConverterUtil.java,74
JDK:java.base:N/A:N/A,ClassOrInterfaceType,java.lang.String,String,C:\Users\tyin363\Documents\repos\apolloconfig__apollo\apollo-build-sql-converter\src\main\java\com\ctrip\framework\apollo\build\sql\converter\ApolloSqlConverterUtil.java,119
JDK:java.base:N/A:N/A,ClassOrInterfaceType,java.lang.String,String,C:\Users\tyin363\Documents\repos\apolloconfig__apollo\apollo-build-sql-converter\src\main\java\com\ctrip\framework\apollo\build\sql\converter\ApolloH2ConverterUtil.java,118
JDK:java.base:N/A:N/A,MethodCallExpr,java.util.regex.Matcher,group,C:\Users\tyin363\Documents\repos\apolloconfig__apollo\apollo-build-sql-converter\src\main\java\com\ctrip\framework\apollo\build\sql\converter\ApolloH2ConverterUtil.java,75
JDK:java.base:N/A:N/A,ClassOrInterfaceType,java.util.concurrent.atomic.AtomicReference,AtomicReference,C:\Users\tyin363\Documents\repos\apolloconfig__apollo\apollo-build-sql-converter\src\main\java\com\ctrip\framework\apollo\build\sql\converter\ApolloSqlConverterUtil.java,403
CLIENT:client-code:N/A:N/A,ObjectCreationExpr,com.ctrip.framework.apollo.build.sql.converter.SqlTemplateContext,SqlTemplateContext,C:\Users\tyin363\Documents\repos\apolloconfig__apollo\apollo-build-sql-converter\src\main\java\com\ctrip\framework\apollo\build\sql\converter\SqlTemplateContext.java,67
JDK:java.base:N/A:N/A,ClassOrInterfaceType,java.util.regex.Pattern,Pattern,C:\Users\tyin363\Documents\repos\apolloconfig__apollo\apollo-build-sql-converter\src\main\java\com\ctrip\framework\apollo\build\sql\converter\ApolloH2ConverterUtil.java,115
JDK:java.base:N/A:N/A,ClassOrInterfaceType,java.nio.file.Path,Path,C:\Users\tyin363\Documents\repos\apolloconfig__apollo\apollo-build-sql-converter\src\main\java\com\ctrip\framework\apollo\build\sql\converter\ApolloSqlConverterUtil.java,263
JDK:java.base:N/A:N/A,MethodCallExpr,java.lang.Throwable,getLocalizedMessage,C:\Users\tyin363\Documents\repos\apolloconfig__apollo\apollo-build-sql-converter\src\main\java\com\ctrip\framework\apollo\build\sql\converter\ApolloSqlConverterUtil.java,149
JDK:java.base:N/A:N/A,FieldAccessExpr,java.util.regex.Pattern,CASE_INSENSITIVE,C:\Users\tyin363\Documents\repos\apolloconfig__apollo\apollo-build-sql-converter\src\main\java\com\ctrip\framework\apollo\build\sql\converter\ApolloH2ConverterUtil.java,266
JDK:java.base:N/A:N/A,FieldAccessExpr,java.util.regex.Pattern,CASE_INSENSITIVE,C:\Users\tyin363\Documents\repos\apolloconfig__apollo\apollo-build-sql-converter\src\main\java\com\ctrip\framework\apollo\build\sql\converter\ApolloH2ConverterUtil.java,67
JDK:java.base:N/A:N/A,MethodCallExpr,java.util.regex.Pattern,matcher,C:\Users\tyin363\Documents\repos\apolloconfig__apollo\apollo-build-sql-converter\src\main\java\com\ctrip\framework\apollo\build\sql\converter\ApolloH2ConverterUtil.java,119
CLIENT:client-code:N/A:N/A,NameExpr,com.ctrip.framework.apollo.build.sql.converter.ApolloH2ConverterUtil,CREATE_INDEX_ON_PATTERN,C:\Users\tyin363\Documents\repos\apolloconfig__apollo\apollo-build-sql-converter\src\main\java\com\ctrip\framework\apollo\build\sql\converter\ApolloH2ConverterUtil.java,86
JDK:java.base:N/A:N/A,MethodCallExpr,java.util.regex.Matcher,find,C:\Users\tyin363\Documents\repos\apolloconfig__apollo\apollo-build-sql-converter\src\main\java\com\ctrip\framework\apollo\build\sql\converter\ApolloH2ConverterUtil.java,243
CLIENT:client-code:N/A:N/A,ClassOrInterfaceType,com.ctrip.framework.apollo.build.sql.converter.SqlStatement,SqlStatement,C:\Users\tyin363\Documents\repos\apolloconfig__apollo\apollo-build-sql-converter\src\main\java\com\ctrip\framework\apollo\build\sql\converter\ApolloSqlConverterUtil.java,393
JDK:java.base:N/A:N/A,ClassOrInterfaceType,java.lang.String,String,C:\Users\tyin363\Documents\repos\apolloconfig__apollo\apollo-build-sql-converter\src\main\java\com\ctrip\framework\apollo\build\sql\converter\ApolloSqlConverterUtil.java,118
CLIENT:client-code:N/A:N/A,ClassOrInterfaceType,com.ctrip.framework.apollo.build.sql.converter.SqlTemplate,SqlTemplate,C:\Users\tyin363\Documents\repos\apolloconfig__apollo\apollo-build-sql-converter\src\main\java\com\ctrip\framework\apollo\build\sql\converter\ApolloSqlConverterUtil.java,277
JDK:java.base:N/A:N/A,FieldAccessExpr,java.util.regex.Pattern,CASE_INSENSITIVE,C:\Users\tyin363\Documents\repos\apolloconfig__apollo\apollo-build-sql-converter\src\main\java\com\ctrip\framework\apollo\build\sql\converter\ApolloH2ConverterUtil.java,199
CLIENT:client-code:N/A:N/A,MethodCallExpr,com.ctrip.framework.apollo.build.sql.converter.ApolloH2ConverterUtil,convertTableConfig,C:\Users\tyin363\Documents\repos\apolloconfig__apollo\apollo-build-sql-converter\src\main\java\com\ctrip\framework\apollo\build\sql\converter\ApolloH2ConverterUtil.java,101
JDK:java.base:N/A:N/A,ClassOrInterfaceType,java.util.List,List,C:\Users\tyin363\Documents\repos\apolloconfig__apollo\apollo-build-sql-converter\src\main\java\com\ctrip\framework\apollo\build\sql\converter\ApolloH2ConverterUtil.java,40
JDK:java.base:N/A:N/A,MethodCallExpr,java.io.BufferedReader,readLine,C:\Users\tyin363\Documents\repos\apolloconfig__apollo\apollo-build-sql-converter\src\main\java\com\ctrip\framework\apollo\build\sql\converter\ApolloSqlConverterUtil.java,301
CLIENT:client-code:N/A:N/A,FieldAccessExpr,com.ctrip.framework.apollo.build.sql.converter.SqlStatement,rawText,C:\Users\tyin363\Documents\repos\apolloconfig__apollo\apollo-build-sql-converter\src\main\java\com\ctrip\framework\apollo\build\sql\converter\SqlStatement.java,65
JDK:java.base:N/A:N/A,MethodCallExpr,java.lang.String,replace,C:\Users\tyin363\Documents\repos\apolloconfig__apollo\apollo-build-sql-converter\src\main\java\com\ctrip\framework\apollo\build\sql\converter\ApolloSqlConverterUtil.java,268
JDK:java.base:N/A:N/A,MethodCallExpr,java.io.BufferedReader,readLine,C:\Users\tyin363\Documents\repos\apolloconfig__apollo\apollo-build-sql-converter\src\main\java\com\ctrip\framework\apollo\build\sql\converter\ApolloSqlConverterUtil.java,300
JDK:java.base:N/A:N/A,MethodCallExpr,java.lang.String,equalsIgnoreCase,C:\Users\tyin363\Documents\repos\apolloconfig__apollo\apollo-build-sql-converter\src\main\java\com\ctrip\framework\apollo\build\sql\converter\ApolloH2ConverterUtil.java,80
CLIENT:client-code:N/A:N/A,FieldAccessExpr,com.ctrip.framework.apollo.build.sql.converter.SqlTemplateGist.Builder,useDatabase,C:\Users\tyin363\Documents\repos\apolloconfig__apollo\apollo-build-sql-converter\src\main\java\com\ctrip\framework\apollo\build\sql\converter\SqlTemplateGist.java,104
JDK:java.base:N/A:N/A,ClassOrInterfaceType,java.net.URISyntaxException,URISyntaxException,C:\Users\tyin363\Documents\repos\apolloconfig__apollo\apollo-build-sql-converter\src\main\java\com\ctrip\framework\apollo\build\sql\converter\ApolloSqlConverterUtil.java,67
CLIENT:client-code:N/A:N/A,ClassOrInterfaceType,com.ctrip.framework.apollo.build.sql.converter.SqlTemplateGist,SqlTemplateGist,C:\Users\tyin363\Documents\repos\apolloconfig__apollo\apollo-build-sql-converter\src\main\java\com\ctrip\framework\apollo\build\sql\converter\ApolloSqlConverter.java,96
CLIENT:client-code:N/A:N/A,FieldAccessExpr,com.ctrip.framework.apollo.build.sql.converter.SqlStatement,singleLineText,C:\Users\tyin363\Documents\repos\apolloconfig__apollo\apollo-build-sql-converter\src\main\java\com\ctrip\framework\apollo\build\sql\converter\SqlStatement.java,33
JDK:java.base:N/A:N/A,ClassOrInterfaceType,java.lang.IllegalArgumentException,IllegalArgumentException,C:\Users\tyin363\Documents\repos\apolloconfig__apollo\apollo-build-sql-converter\src\main\java\com\ctrip\framework\apollo\build\sql\converter\ApolloSqlConverterUtil.java,111
JDK:java.base:N/A:N/A,ClassOrInterfaceType,java.util.regex.Pattern,Pattern,C:\Users\tyin363\Documents\repos\apolloconfig__apollo\apollo-build-sql-converter\src\main\java\com\ctrip\framework\apollo\build\sql\converter\ApolloSqlConverterUtil.java,48
JDK:java.base:N/A:N/A,MethodCallExpr,java.util.List,add,C:\Users\tyin363\Documents\repos\apolloconfig__apollo\apollo-build-sql-converter\src\main\java\com\ctrip\framework\apollo\build\sql\converter\ApolloSqlConverterUtil.java,288
JDK:java.base:N/A:N/A,MethodCallExpr,java.util.regex.Pattern,compile,C:\Users\tyin363\Documents\repos\apolloconfig__apollo\apollo-build-sql-converter\src\main\java\com\ctrip\framework\apollo\build\sql\converter\ApolloSqlConverterUtil.java,54
JDK:java.base:N/A:N/A,FieldAccessExpr,java.util.regex.Pattern,CASE_INSENSITIVE,C:\Users\tyin363\Documents\repos\apolloconfig__apollo\apollo-build-sql-converter\src\main\java\com\ctrip\framework\apollo\build\sql\converter\ApolloH2ConverterUtil.java,202
JDK:java.base:N/A:N/A,ClassOrInterfaceType,java.util.regex.Matcher,Matcher,C:\Users\tyin363\Documents\repos\apolloconfig__apollo\apollo-build-sql-converter\src\main\java\com\ctrip\framework\apollo\build\sql\converter\ApolloH2ConverterUtil.java,188
CLIENT:client-code:N/A:N/A,MethodCallExpr,com.ctrip.framework.apollo.build.sql.converter.SqlTemplateContext,builder,C:\Users\tyin363\Documents\repos\apolloconfig__apollo\apollo-build-sql-converter\src\main\java\com\ctrip\framework\apollo\build\sql\converter\ApolloSqlConverter.java,125
JDK:java.base:N/A:N/A,ClassOrInterfaceType,java.io.UncheckedIOException,UncheckedIOException,C:\Users\tyin363\Documents\repos\apolloconfig__apollo\apollo-build-sql-converter\src\main\java\com\ctrip\framework\apollo\build\sql\converter\ApolloSqlConverterUtil.java,87
CLIENT:client-code:N/A:N/A,ClassOrInterfaceType,com.ctrip.framework.apollo.build.sql.converter.SqlTemplateGist,SqlTemplateGist,C:\Users\tyin363\Documents\repos\apolloconfig__apollo\apollo-build-sql-converter\src\main\java\com\ctrip\framework\apollo\build\sql\converter\ApolloSqlConverterUtil.java,116
JDK:java.base:N/A:N/A,ClassOrInterfaceType,java.lang.String,String,C:\Users\tyin363\Documents\repos\apolloconfig__apollo\apollo-build-sql-converter\src\main\java\com\ctrip\framework\apollo\build\sql\converter\ApolloSqlConverterUtil.java,121
CLIENT:client-code:N/A:N/A,ClassOrInterfaceType,com.ctrip.framework.apollo.build.sql.converter.SqlTemplateContext,SqlTemplateContext,C:\Users\tyin363\Documents\repos\apolloconfig__apollo\apollo-build-sql-converter\src\main\java\com\ctrip\framework\apollo\build\sql\converter\ApolloH2ConverterUtil.java,34
JDK:java.base:N/A:N/A,ClassOrInterfaceType,java.lang.String,String,C:\Users\tyin363\Documents\repos\apolloconfig__apollo\apollo-build-sql-converter\src\main\java\com\ctrip\framework\apollo\build\sql\converter\ApolloSqlConverterUtil.java,120
JDK:java.base:N/A:N/A,MethodCallExpr,java.lang.String,contains,C:\Users\tyin363\Documents\repos\apolloconfig__apollo\apollo-build-sql-converter\src\main\java\com\ctrip\framework\apollo\build\sql\converter\ApolloSqlConverterUtil.java,141
CLIENT:client-code:N/A:N/A,MethodCallExpr,com.ctrip.framework.apollo.build.sql.converter.ApolloSqlConverter,convert,C:\Users\tyin363\Documents\repos\apolloconfig__apollo\apollo-build-sql-converter\src\main\java\com\ctrip\framework\apollo\build\sql\converter\ApolloSqlConverter.java,35
JDK:java.base:N/A:N/A,MethodCallExpr,java.util.List,add,C:\Users\tyin363\Documents\repos\apolloconfig__apollo\apollo-build-sql-converter\src\main\java\com\ctrip\framework\apollo\build\sql\converter\ApolloSqlConverterUtil.java,157
CLIENT:client-code:N/A:N/A,ClassOrInterfaceType,com.ctrip.framework.apollo.build.sql.converter.SqlTemplate,SqlTemplate,C:\Users\tyin363\Documents\repos\apolloconfig__apollo\apollo-build-sql-converter\src\main\java\com\ctrip\framework\apollo\build\sql\converter\ApolloSqlConverterUtil.java,279
JDK:java.base:N/A:N/A,ClassOrInterfaceType,java.util.ArrayList,ArrayList,C:\Users\tyin363\Documents\repos\apolloconfig__apollo\apollo-build-sql-converter\src\main\java\com\ctrip\framework\apollo\build\sql\converter\ApolloSqlConverterUtil.java,298
CLIENT:client-code:N/A:N/A,MethodCallExpr,com.ctrip.framework.apollo.build.sql.converter.ApolloSqlConverterUtil,createStatement,C:\Users\tyin363\Documents\repos\apolloconfig__apollo\apollo-build-sql-converter\src\main\java\com\ctrip\framework\apollo\build\sql\converter\ApolloSqlConverterUtil.java,355
JDK:java.base:N/A:N/A,MethodCallExpr,java.util.StringJoiner,add,C:\Users\tyin363\Documents\repos\apolloconfig__apollo\apollo-build-sql-converter\src\main\java\com\ctrip\framework\apollo\build\sql\converter\ApolloSqlConverterUtil.java,369
JDK:java.base:N/A:N/A,ClassOrInterfaceType,java.lang.IllegalArgumentException,IllegalArgumentException,C:\Users\tyin363\Documents\repos\apolloconfig__apollo\apollo-build-sql-converter\src\main\java\com\ctrip\framework\apollo\build\sql\converter\ApolloSqlConverterUtil.java,244
JDK:java.base:N/A:N/A,MethodCallExpr,java.lang.String,replace,C:\Users\tyin363\Documents\repos\apolloconfig__apollo\apollo-build-sql-converter\src\main\java\com\ctrip\framework\apollo\build\sql\converter\ApolloSqlConverterUtil.java,71
JDK:java.base:N/A:N/A,ClassOrInterfaceType,java.lang.String,String,C:\Users\tyin363\Documents\repos\apolloconfig__apollo\apollo-build-sql-converter\src\main\java\com\ctrip\framework\apollo\build\sql\converter\SqlStatement.java,88
JDK:java.base:N/A:N/A,ClassOrInterfaceType,java.nio.file.Path,Path,C:\Users\tyin363\Documents\repos\apolloconfig__apollo\apollo-build-sql-converter\src\main\java\com\ctrip\framework\apollo\build\sql\converter\ApolloSqlConverterUtil.java,194
CLIENT:client-code:N/A:N/A,MethodCallExpr,com.ctrip.framework.apollo.build.sql.converter.SqlTemplateGist.Builder,autoGeneratedDeclaration,C:\Users\tyin363\Documents\repos\apolloconfig__apollo\apollo-build-sql-converter\src\main\java\com\ctrip\framework\apollo\build\sql\converter\ApolloSqlConverterUtil.java,122
JDK:java.base:N/A:N/A,ClassOrInterfaceType,java.io.UncheckedIOException,UncheckedIOException,C:\Users\tyin363\Documents\repos\apolloconfig__apollo\apollo-build-sql-converter\src\main\java\com\ctrip\framework\apollo\build\sql\converter\ApolloSqlConverterUtil.java,286
CLIENT:client-code:N/A:N/A,FieldAccessExpr,com.ctrip.framework.apollo.build.sql.converter.SqlTemplateGist.Builder,h2Function,C:\Users\tyin363\Documents\repos\apolloconfig__apollo\apollo-build-sql-converter\src\main\java\com\ctrip\framework\apollo\build\sql\converter\SqlTemplateGist.java,33
CLIENT:client-code:N/A:N/A,ClassOrInterfaceType,com.ctrip.framework.apollo.build.sql.converter.SqlStatement,SqlStatement,C:\Users\tyin363\Documents\repos\apolloconfig__apollo\apollo-build-sql-converter\src\main\java\com\ctrip\framework\apollo\build\sql\converter\ApolloMysqlDefaultConverterUtil.java,48
JDK:java.base:N/A:N/A,ClassOrInterfaceType,java.io.IOException,IOException,C:\Users\tyin363\Documents\repos\apolloconfig__apollo\apollo-build-sql-converter\src\main\java\com\ctrip\framework\apollo\build\sql\converter\ApolloSqlConverterUtil.java,177
JDK:java.base:N/A:N/A,ClassOrInterfaceType,java.lang.String,String,C:\Users\tyin363\Documents\repos\apolloconfig__apollo\apollo-build-sql-converter\src\main\java\com\ctrip\framework\apollo\build\sql\converter\SqlTemplateGist.java,68
JDK:java.base:N/A:N/A,ClassOrInterfaceType,java.util.regex.Matcher,Matcher,C:\Users\tyin363\Documents\repos\apolloconfig__apollo\apollo-build-sql-converter\src\main\java\com\ctrip\framework\apollo\build\sql\converter\ApolloH2ConverterUtil.java,123
JDK:java.base:N/A:N/A,ObjectCreationExpr,java.util.ArrayList,ArrayList,C:\Users\tyin363\Documents\repos\apolloconfig__apollo\apollo-build-sql-converter\src\main\java\com\ctrip\framework\apollo\build\sql\converter\ApolloSqlConverterUtil.java,255
CLIENT:client-code:N/A:N/A,ClassOrInterfaceType,com.ctrip.framework.apollo.build.sql.converter.SqlStatement,SqlStatement,C:\Users\tyin363\Documents\repos\apolloconfig__apollo\apollo-build-sql-converter\src\main\java\com\ctrip\framework\apollo\build\sql\converter\ApolloSqlConverterUtil.java,330
JDK:java.base:N/A:N/A,ClassOrInterfaceType,java.lang.Throwable,Throwable,C:\Users\tyin363\Documents\repos\apolloconfig__apollo\apollo-build-sql-converter\src\main\java\com\ctrip\framework\apollo\build\sql\converter\ApolloH2ConverterUtil.java,48
JDK:java.base:N/A:N/A,ClassOrInterfaceType,java.lang.String,String,C:\Users\tyin363\Documents\repos\apolloconfig__apollo\apollo-build-sql-converter\src\main\java\com\ctrip\framework\apollo\build\sql\converter\SqlStatement.java,27
JDK:java.base:N/A:N/A,ClassOrInterfaceType,java.util.regex.Matcher,Matcher,C:\Users\tyin363\Documents\repos\apolloconfig__apollo\apollo-build-sql-converter\src\main\java\com\ctrip\framework\apollo\build\sql\converter\ApolloH2ConverterUtil.java,256
JDK:java.base:N/A:N/A,MethodCallExpr,java.util.List,add,C:\Users\tyin363\Documents\repos\apolloconfig__apollo\apollo-build-sql-converter\src\main\java\com\ctrip\framework\apollo\build\sql\converter\ApolloSqlConverterUtil.java,360
JDK:java.base:N/A:N/A,ObjectCreationExpr,java.util.StringJoiner,StringJoiner,C:\Users\tyin363\Documents\repos\apolloconfig__apollo\apollo-build-sql-converter\src\main\java\com\ctrip\framework\apollo\build\sql\converter\SqlTemplateContext.java,48
JDK:java.base:N/A:N/A,MethodCallExpr,java.nio.charset.Charset,name,C:\Users\tyin363\Documents\repos\apolloconfig__apollo\apollo-build-sql-converter\src\main\java\com\ctrip\framework\apollo\build\sql\converter\ApolloSqlConverter.java,69
JDK:java.base:N/A:N/A,ClassOrInterfaceType,java.lang.String,String,C:\Users\tyin363\Documents\repos\apolloconfig__apollo\apollo-build-sql-converter\src\main\java\com\ctrip\framework\apollo\build\sql\converter\ApolloSqlConverterUtil.java,255
JDK:java.base:N/A:N/A,ClassOrInterfaceType,java.lang.String,String,C:\Users\tyin363\Documents\repos\apolloconfig__apollo\apollo-build-sql-converter\src\main\java\com\ctrip\framework\apollo\build\sql\converter\SqlTemplateGist.java,63
CLIENT:client-code:N/A:N/A,ClassOrInterfaceType,com.ctrip.framework.apollo.build.sql.converter.SqlStatement.Builder,Builder,C:\Users\tyin363\Documents\repos\apolloconfig__apollo\apollo-build-sql-converter\src\main\java\com\ctrip\framework\apollo\build\sql\converter\SqlStatement.java,41
JDK:java.base:N/A:N/A,ClassOrInterfaceType,java.lang.IllegalArgumentException,IllegalArgumentException,C:\Users\tyin363\Documents\repos\apolloconfig__apollo\apollo-build-sql-converter\src\main\java\com\ctrip\framework\apollo\build\sql\converter\ApolloSqlConverterUtil.java,104
JDK:java.base:N/A:N/A,ClassOrInterfaceType,java.util.StringJoiner,StringJoiner,C:\Users\tyin363\Documents\repos\apolloconfig__apollo\apollo-build-sql-converter\src\main\java\com\ctrip\framework\apollo\build\sql\converter\SqlTemplateGist.java,69
CLIENT:client-code:N/A:N/A,FieldAccessExpr,com.ctrip.framework.apollo.build.sql.converter.SqlTemplateGist,useDatabase,C:\Users\tyin363\Documents\repos\apolloconfig__apollo\apollo-build-sql-converter\src\main\java\com\ctrip\framework\apollo\build\sql\converter\SqlTemplateGist.java,64
JDK:java.base:N/A:N/A,MethodCallExpr,java.io.StringWriter,toString,C:\Users\tyin363\Documents\repos\apolloconfig__apollo\apollo-build-sql-converter\src\main\java\com\ctrip\framework\apollo\build\sql\converter\ApolloSqlConverterUtil.java,99
JDK:java.base:N/A:N/A,ClassOrInterfaceType,java.nio.file.Path,Path,C:\Users\tyin363\Documents\repos\apolloconfig__apollo\apollo-build-sql-converter\src\main\java\com\ctrip\framework\apollo\build\sql\converter\ApolloSqlConverterUtil.java,191
JDK:java.base:N/A:N/A,MethodCallExpr,java.util.List,isEmpty,C:\Users\tyin363\Documents\repos\apolloconfig__apollo\apollo-build-sql-converter\src\main\java\com\ctrip\framework\apollo\build\sql\converter\ApolloSqlConverterUtil.java,310
CLIENT:client-code:N/A:N/A,FieldAccessExpr,com.ctrip.framework.apollo.build.sql.converter.SqlTemplateContext,gists,C:\Users\tyin363\Documents\repos\apolloconfig__apollo\apollo-build-sql-converter\src\main\java\com\ctrip\framework\apollo\build\sql\converter\SqlTemplateContext.java,43
CLIENT:client-code:N/A:N/A,MethodCallExpr,com.ctrip.framework.apollo.build.sql.converter.SqlTemplateGist,getH2Function,C:\Users\tyin363\Documents\repos\apolloconfig__apollo\apollo-build-sql-converter\src\main\java\com\ctrip\framework\apollo\build\sql\converter\ApolloSqlConverter.java,121
JDK:java.base:N/A:N/A,ObjectCreationExpr,java.io.StringReader,StringReader,C:\Users\tyin363\Documents\repos\apolloconfig__apollo\apollo-build-sql-converter\src\main\java\com\ctrip\framework\apollo\build\sql\converter\ApolloSqlConverterUtil.java,295
org.freemarker:freemarker:jar:2.3.32,ObjectCreationExpr,freemarker.template.Configuration,Configuration,C:\Users\tyin363\Documents\repos\apolloconfig__apollo\apollo-build-sql-converter\src\main\java\com\ctrip\framework\apollo\build\sql\converter\ApolloSqlConverter.java,63
JDK:java.base:N/A:N/A,MethodCallExpr,java.lang.StringBuilder,append,C:\Users\tyin363\Documents\repos\apolloconfig__apollo\apollo-build-sql-converter\src\main\java\com\ctrip\framework\apollo\build\sql\converter\ApolloSqlConverterUtil.java,379
CLIENT:client-code:N/A:N/A,MethodCallExpr,com.ctrip.framework.apollo.build.sql.converter.SqlTemplateContext.Builder,build,C:\Users\tyin363\Documents\repos\apolloconfig__apollo\apollo-build-sql-converter\src\main\java\com\ctrip\framework\apollo\build\sql\converter\ApolloSqlConverter.java,83
JDK:java.base:N/A:N/A,ObjectCreationExpr,java.lang.RuntimeException,RuntimeException,C:\Users\tyin363\Documents\repos\apolloconfig__apollo\apollo-build-sql-converter\src\main\java\com\ctrip\framework\apollo\build\sql\converter\ApolloH2ConverterUtil.java,49
CLIENT:client-code:N/A:N/A,FieldAccessExpr,com.ctrip.framework.apollo.build.sql.converter.SqlStatement.Builder,textLines,C:\Users\tyin363\Documents\repos\apolloconfig__apollo\apollo-build-sql-converter\src\main\java\com\ctrip\framework\apollo\build\sql\converter\SqlStatement.java,34
JDK:java.base:N/A:N/A,MethodCallExpr,java.lang.String,equalsIgnoreCase,C:\Users\tyin363\Documents\repos\apolloconfig__apollo\apollo-build-sql-converter\src\main\java\com\ctrip\framework\apollo\build\sql\converter\ApolloH2ConverterUtil.java,76
JDK:java.base:N/A:N/A,ClassOrInterfaceType,java.io.UncheckedIOException,UncheckedIOException,C:\Users\tyin363\Documents\repos\apolloconfig__apollo\apollo-build-sql-converter\src\main\java\com\ctrip\framework\apollo\build\sql\converter\ApolloSqlConverter.java,67
JDK:java.base:N/A:N/A,MethodCallExpr,java.lang.Class,getSimpleName,C:\Users\tyin363\Documents\repos\apolloconfig__apollo\apollo-build-sql-converter\src\main\java\com\ctrip\framework\apollo\build\sql\converter\SqlStatement.java,63
JDK:java.base:N/A:N/A,ObjectCreationExpr,java.lang.RuntimeException,RuntimeException,C:\Users\tyin363\Documents\repos\apolloconfig__apollo\apollo-build-sql-converter\src\main\java\com\ctrip\framework\apollo\build\sql\converter\ApolloMysqlDefaultConverterUtil.java,58
CLIENT:client-code:N/A:N/A,ClassOrInterfaceType,com.ctrip.framework.apollo.build.sql.converter.SqlStatement.Builder,Builder,C:\Users\tyin363\Documents\repos\apolloconfig__apollo\apollo-build-sql-converter\src\main\java\com\ctrip\framework\apollo\build\sql\converter\SqlStatement.java,42
JDK:java.base:N/A:N/A,MethodCallExpr,java.util.regex.Pattern,compile,C:\Users\tyin363\Documents\repos\apolloconfig__apollo\apollo-build-sql-converter\src\main\java\com\ctrip\framework\apollo\build\sql\converter\ApolloH2ConverterUtil.java,61
JDK:java.base:N/A:N/A,ClassOrInterfaceType,java.io.StringWriter,StringWriter,C:\Users\tyin363\Documents\repos\apolloconfig__apollo\apollo-build-sql-converter\src\main\java\com\ctrip\framework\apollo\build\sql\converter\ApolloSqlConverterUtil.java,93
JDK:java.base:N/A:N/A,ClassOrInterfaceType,java.nio.file.Path,Path,C:\Users\tyin363\Documents\repos\apolloconfig__apollo\apollo-build-sql-converter\src\main\java\com\ctrip\framework\apollo\build\sql\converter\ApolloSqlConverterUtil.java,190
JDK:java.base:N/A:N/A,ClassOrInterfaceType,java.net.URL,URL,C:\Users\tyin363\Documents\repos\apolloconfig__apollo\apollo-build-sql-converter\src\main\java\com\ctrip\framework\apollo\build\sql\converter\ApolloSqlConverterUtil.java,63
JDK:java.base:N/A:N/A,MethodCallExpr,java.util.List,add,C:\Users\tyin363\Documents\repos\apolloconfig__apollo\apollo-build-sql-converter\src\main\java\com\ctrip\framework\apollo\build\sql\converter\ApolloSqlConverterUtil.java,160
JDK:java.base:N/A:N/A,ClassOrInterfaceType,java.nio.file.Path,Path,C:\Users\tyin363\Documents\repos\apolloconfig__apollo\apollo-build-sql-converter\src\main\java\com\ctrip\framework\apollo\build\sql\converter\ApolloSqlConverterUtil.java,256
JDK:java.base:N/A:N/A,ClassOrInterfaceType,java.lang.String,String,C:\Users\tyin363\Documents\repos\apolloconfig__apollo\apollo-build-sql-converter\src\main\java\com\ctrip\framework\apollo\build\sql\converter\SqlStatement.java,25
JDK:java.base:N/A:N/A,ClassOrInterfaceType,java.lang.String,String,C:\Users\tyin363\Documents\repos\apolloconfig__apollo\apollo-build-sql-converter\src\main\java\com\ctrip\framework\apollo\build\sql\converter\ApolloSqlConverterUtil.java,323
CLIENT:client-code:N/A:N/A,ClassOrInterfaceType,com.ctrip.framework.apollo.build.sql.converter.SqlTemplateGist,SqlTemplateGist,C:\Users\tyin363\Documents\repos\apolloconfig__apollo\apollo-build-sql-converter\src\main\java\com\ctrip\framework\apollo\build\sql\converter\SqlTemplateContext.java,26
CLIENT:client-code:N/A:N/A,ClassOrInterfaceType,com.ctrip.framework.apollo.build.sql.converter.SqlStatement,SqlStatement,C:\Users\tyin363\Documents\repos\apolloconfig__apollo\apollo-build-sql-converter\src\main\java\com\ctrip\framework\apollo\build\sql\converter\ApolloH2ConverterUtil.java,187
JDK:java.base:N/A:N/A,ClassOrInterfaceType,java.util.List,List,C:\Users\tyin363\Documents\repos\apolloconfig__apollo\apollo-build-sql-converter\src\main\java\com\ctrip\framework\apollo\build\sql\converter\ApolloSqlConverterUtil.java,172
CLIENT:client-code:N/A:N/A,MethodCallExpr,com.ctrip.framework.apollo.build.sql.converter.SqlTemplateContext.Builder,gists,C:\Users\tyin363\Documents\repos\apolloconfig__apollo\apollo-build-sql-converter\src\main\java\com\ctrip\framework\apollo\build\sql\converter\ApolloSqlConverter.java,125
JDK:java.base:N/A:N/A,ClassOrInterfaceType,java.io.UncheckedIOException,UncheckedIOException,C:\Users\tyin363\Documents\repos\apolloconfig__apollo\apollo-build-sql-converter\src\main\java\com\ctrip\framework\apollo\build\sql\converter\ApolloSqlConverterUtil.java,149
JDK:java.base:N/A:N/A,ObjectCreationExpr,java.util.StringJoiner,StringJoiner,C:\Users\tyin363\Documents\repos\apolloconfig__apollo\apollo-build-sql-converter\src\main\java\com\ctrip\framework\apollo\build\sql\converter\ApolloSqlConverterUtil.java,296
JDK:java.base:N/A:N/A,ClassOrInterfaceType,java.lang.String,String,C:\Users\tyin363\Documents\repos\apolloconfig__apollo\apollo-build-sql-converter\src\main\java\com\ctrip\framework\apollo\build\sql\converter\ApolloSqlConverter.java,38
JDK:java.base:N/A:N/A,MethodCallExpr,java.lang.String,contains,C:\Users\tyin363\Documents\repos\apolloconfig__apollo\apollo-build-sql-converter\src\main\java\com\ctrip\framework\apollo\build\sql\converter\ApolloSqlConverterUtil.java,137
CLIENT:client-code:N/A:N/A,FieldAccessExpr,com.ctrip.framework.apollo.build.sql.converter.SqlTemplateContext.Builder,gists,C:\Users\tyin363\Documents\repos\apolloconfig__apollo\apollo-build-sql-converter\src\main\java\com\ctrip\framework\apollo\build\sql\converter\SqlTemplateContext.java,38
JDK:java.base:N/A:N/A,ClassOrInterfaceType,java.util.regex.Pattern,Pattern,C:\Users\tyin363\Documents\repos\apolloconfig__apollo\apollo-build-sql-converter\src\main\java\com\ctrip\framework\apollo\build\sql\converter\ApolloH2ConverterUtil.java,112
JDK:java.base:N/A:N/A,ClassOrInterfaceType,java.util.List,List,C:\Users\tyin363\Documents\repos\apolloconfig__apollo\apollo-build-sql-converter\src\main\java\com\ctrip\framework\apollo\build\sql\converter\SqlStatement.java,73
CLIENT:client-code:N/A:N/A,FieldAccessExpr,com.ctrip.framework.apollo.build.sql.converter.SqlTemplateGist,autoGeneratedDeclaration,C:\Users\tyin363\Documents\repos\apolloconfig__apollo\apollo-build-sql-converter\src\main\java\com\ctrip\framework\apollo\build\sql\converter\SqlTemplateGist.java,52
JDK:java.base:N/A:N/A,ClassOrInterfaceType,java.util.regex.Matcher,Matcher,C:\Users\tyin363\Documents\repos\apolloconfig__apollo\apollo-build-sql-converter\src\main\java\com\ctrip\framework\apollo\build\sql\converter\ApolloH2ConverterUtil.java,127
JDK:java.base:N/A:N/A,MethodCallExpr,java.util.regex.Matcher,replaceAll,C:\Users\tyin363\Documents\repos\apolloconfig__apollo\apollo-build-sql-converter\src\main\java\com\ctrip\framework\apollo\build\sql\converter\ApolloH2ConverterUtil.java,244
JDK:java.base:N/A:N/A,ClassOrInterfaceType,java.lang.String,String,C:\Users\tyin363\Documents\repos\apolloconfig__apollo\apollo-build-sql-converter\src\main\java\com\ctrip\framework\apollo\build\sql\converter\ApolloSqlConverterUtil.java,322
JDK:java.base:N/A:N/A,MethodCallExpr,java.lang.String,equalsIgnoreCase,C:\Users\tyin363\Documents\repos\apolloconfig__apollo\apollo-build-sql-converter\src\main\java\com\ctrip\framework\apollo\build\sql\converter\ApolloH2ConverterUtil.java,78
CLIENT:client-code:N/A:N/A,ClassOrInterfaceType,com.ctrip.framework.apollo.build.sql.converter.SqlTemplateGist,SqlTemplateGist,C:\Users\tyin363\Documents\repos\apolloconfig__apollo\apollo-build-sql-converter\src\main\java\com\ctrip\framework\apollo\build\sql\converter\SqlTemplateGist.java,69
JDK:java.base:N/A:N/A,ClassOrInterfaceType,java.util.List,List,C:\Users\tyin363\Documents\repos\apolloconfig__apollo\apollo-build-sql-converter\src\main\java\com\ctrip\framework\apollo\build\sql\converter\ApolloSqlConverterUtil.java,171
JDK:java.base:N/A:N/A,MethodCallExpr,java.util.regex.Pattern,compile,C:\Users\tyin363\Documents\repos\apolloconfig__apollo\apollo-build-sql-converter\src\main\java\com\ctrip\framework\apollo\build\sql\converter\ApolloSqlConverterUtil.java,57
JDK:java.base:N/A:N/A,ObjectCreationExpr,java.util.ArrayList,ArrayList,C:\Users\tyin363\Documents\repos\apolloconfig__apollo\apollo-build-sql-converter\src\main\java\com\ctrip\framework\apollo\build\sql\converter\ApolloSqlConverterUtil.java,185
JDK:java.base:N/A:N/A,ClassOrInterfaceType,java.lang.String,String,C:\Users\tyin363\Documents\repos\apolloconfig__apollo\apollo-build-sql-converter\src\main\java\com\ctrip\framework\apollo\build\sql\converter\ApolloH2ConverterUtil.java,45
JDK:java.base:N/A:N/A,FieldAccessExpr,java.util.regex.Pattern,CASE_INSENSITIVE,C:\Users\tyin363\Documents\repos\apolloconfig__apollo\apollo-build-sql-converter\src\main\java\com\ctrip\framework\apollo\build\sql\converter\ApolloH2ConverterUtil.java,205
JDK:java.base:N/A:N/A,MethodCallExpr,java.util.regex.Pattern,matcher,C:\Users\tyin363\Documents\repos\apolloconfig__apollo\apollo-build-sql-converter\src\main\java\com\ctrip\framework\apollo\build\sql\converter\ApolloH2ConverterUtil.java,249
JDK:java.base:N/A:N/A,ObjectCreationExpr,java.io.UncheckedIOException,UncheckedIOException,C:\Users\tyin363\Documents\repos\apolloconfig__apollo\apollo-build-sql-converter\src\main\java\com\ctrip\framework\apollo\build\sql\converter\ApolloSqlConverterUtil.java,198
JDK:java.base:N/A:N/A,MethodCallExpr,java.lang.String,endsWith,C:\Users\tyin363\Documents\repos\apolloconfig__apollo\apollo-build-sql-converter\src\main\java\com\ctrip\framework\apollo\build\sql\converter\ApolloSqlConverterUtil.java,73
JDK:java.base:N/A:N/A,MethodCallExpr,java.security.ProtectionDomain,getCodeSource,C:\Users\tyin363\Documents\repos\apolloconfig__apollo\apollo-build-sql-converter\src\main\java\com\ctrip\framework\apollo\build\sql\converter\ApolloSqlConverterUtil.java,62
JDK:java.base:N/A:N/A,MethodCallExpr,java.util.concurrent.atomic.AtomicReference,set,C:\Users\tyin363\Documents\repos\apolloconfig__apollo\apollo-build-sql-converter\src\main\java\com\ctrip\framework\apollo\build\sql\converter\ApolloSqlConverterUtil.java,406
JDK:java.base:N/A:N/A,ClassOrInterfaceType,java.nio.file.Path,Path,C:\Users\tyin363\Documents\repos\apolloconfig__apollo\apollo-build-sql-converter\src\main\java\com\ctrip\framework\apollo\build\sql\converter\ApolloSqlConverterUtil.java,254
JDK:java.base:N/A:N/A,ClassOrInterfaceType,java.util.List,List,C:\Users\tyin363\Documents\repos\apolloconfig__apollo\apollo-build-sql-converter\src\main\java\com\ctrip\framework\apollo\build\sql\converter\ApolloSqlConverterUtil.java,249
JDK:java.base:N/A:N/A,ClassOrInterfaceType,java.util.List,List,C:\Users\tyin363\Documents\repos\apolloconfig__apollo\apollo-build-sql-converter\src\main\java\com\ctrip\framework\apollo\build\sql\converter\ApolloSqlConverterUtil.java,183
JDK:java.base:N/A:N/A,MethodCallExpr,java.lang.String,split,C:\Users\tyin363\Documents\repos\apolloconfig__apollo\apollo-build-sql-converter\src\main\java\com\ctrip\framework\apollo\build\sql\converter\ApolloH2ConverterUtil.java,148
JDK:java.base:N/A:N/A,MethodCallExpr,java.util.concurrent.atomic.AtomicReference,get,C:\Users\tyin363\Documents\repos\apolloconfig__apollo\apollo-build-sql-converter\src\main\java\com\ctrip\framework\apollo\build\sql\converter\ApolloSqlConverterUtil.java,364
org.freemarker:freemarker:jar:2.3.32,ClassOrInterfaceType,freemarker.template.Template,Template,C:\Users\tyin363\Documents\repos\apolloconfig__apollo\apollo-build-sql-converter\src\main\java\com\ctrip\framework\apollo\build\sql\converter\ApolloSqlConverterUtil.java,282
JDK:java.base:N/A:N/A,ObjectCreationExpr,java.lang.RuntimeException,RuntimeException,C:\Users\tyin363\Documents\repos\apolloconfig__apollo\apollo-build-sql-converter\src\main\java\com\ctrip\framework\apollo\build\sql\converter\ApolloSqlConverterUtil.java,317
CLIENT:client-code:N/A:N/A,MethodCallExpr,com.ctrip.framework.apollo.build.sql.converter.SqlTemplateGist.Builder,useDatabase,C:\Users\tyin363\Documents\repos\apolloconfig__apollo\apollo-build-sql-converter\src\main\java\com\ctrip\framework\apollo\build\sql\converter\ApolloSqlConverter.java,77
CLIENT:client-code:N/A:N/A,MethodCallExpr,com.ctrip.framework.apollo.build.sql.converter.ApolloSqlConverterUtil,replacePath,C:\Users\tyin363\Documents\repos\apolloconfig__apollo\apollo-build-sql-converter\src\main\java\com\ctrip\framework\apollo\build\sql\converter\ApolloSqlConverter.java,109
CLIENT:client-code:N/A:N/A,MethodCallExpr,com.ctrip.framework.apollo.build.sql.converter.SqlTemplateGist.Builder,build,C:\Users\tyin363\Documents\repos\apolloconfig__apollo\apollo-build-sql-converter\src\main\java\com\ctrip\framework\apollo\build\sql\converter\ApolloSqlConverter.java,77
JDK:java.base:N/A:N/A,ClassOrInterfaceType,java.util.regex.Pattern,Pattern,C:\Users\tyin363\Documents\repos\apolloconfig__apollo\apollo-build-sql-converter\src\main\java\com\ctrip\framework\apollo\build\sql\converter\ApolloSqlConverterUtil.java,57
JDK:java.base:N/A:N/A,MethodCallExpr,java.util.StringJoiner,toString,C:\Users\tyin363\Documents\repos\apolloconfig__apollo\apollo-build-sql-converter\src\main\java\com\ctrip\framework\apollo\build\sql\converter\ApolloSqlConverterUtil.java,151
CLIENT:client-code:N/A:N/A,ClassOrInterfaceType,com.ctrip.framework.apollo.build.sql.converter.SqlTemplateContext,SqlTemplateContext,C:\Users\tyin363\Documents\repos\apolloconfig__apollo\apollo-build-sql-converter\src\main\java\com\ctrip\framework\apollo\build\sql\converter\ApolloSqlConverter.java,105
JDK:java.base:N/A:N/A,MethodCallExpr,java.lang.String,replace,C:\Users\tyin363\Documents\repos\apolloconfig__apollo\apollo-build-sql-converter\src\main\java\com\ctrip\framework\apollo\build\sql\converter\ApolloMysqlDefaultConverterUtil.java,65
JDK:java.base:N/A:N/A,MethodCallExpr,java.util.StringJoiner,toString,C:\Users\tyin363\Documents\repos\apolloconfig__apollo\apollo-build-sql-converter\src\main\java\com\ctrip\framework\apollo\build\sql\converter\SqlTemplateContext.java,48
CLIENT:client-code:N/A:N/A,MethodCallExpr,com.ctrip.framework.apollo.build.sql.converter.SqlTemplateGist,getSetupDatabase,C:\Users\tyin363\Documents\repos\apolloconfig__apollo\apollo-build-sql-converter\src\main\java\com\ctrip\framework\apollo\build\sql\converter\ApolloSqlConverter.java,80
JDK:java.base:N/A:N/A,MethodCallExpr,java.util.regex.Pattern,compile,C:\Users\tyin363\Documents\repos\apolloconfig__apollo\apollo-build-sql-converter\src\main\java\com\ctrip\framework\apollo\build\sql\converter\ApolloH2ConverterUtil.java,112
JDK:java.base:N/A:N/A,ClassOrInterfaceType,java.lang.String,String,C:\Users\tyin363\Documents\repos\apolloconfig__apollo\apollo-build-sql-converter\src\main\java\com\ctrip\framework\apollo\build\sql\converter\ApolloSqlConverterUtil.java,60
JDK:java.base:N/A:N/A,ClassOrInterfaceType,java.util.List,List,C:\Users\tyin363\Documents\repos\apolloconfig__apollo\apollo-build-sql-converter\src\main\java\com\ctrip\framework\apollo\build\sql\converter\SqlStatement.java,88
JDK:java.base:N/A:N/A,ClassOrInterfaceType,java.lang.RuntimeException,RuntimeException,C:\Users\tyin363\Documents\repos\apolloconfig__apollo\apollo-build-sql-converter\src\main\java\com\ctrip\framework\apollo\build\sql\converter\ApolloSqlConverterUtil.java,97
JDK:java.base:N/A:N/A,ClassOrInterfaceType,java.util.regex.Pattern,Pattern,C:\Users\tyin363\Documents\repos\apolloconfig__apollo\apollo-build-sql-converter\src\main\java\com\ctrip\framework\apollo\build\sql\converter\ApolloH2ConverterUtil.java,109
JDK:java.base:N/A:N/A,MethodCallExpr,java.util.regex.Matcher,replaceAll,C:\Users\tyin363\Documents\repos\apolloconfig__apollo\apollo-build-sql-converter\src\main\java\com\ctrip\framework\apollo\build\sql\converter\ApolloH2ConverterUtil.java,191
JDK:java.base:N/A:N/A,ClassOrInterfaceType,java.util.List,List,C:\Users\tyin363\Documents\repos\apolloconfig__apollo\apollo-build-sql-converter\src\main\java\com\ctrip\framework\apollo\build\sql\converter\ApolloSqlConverterUtil.java,185
JDK:java.base:N/A:N/A,MethodCallExpr,java.lang.String,replace,C:\Users\tyin363\Documents\repos\apolloconfig__apollo\apollo-build-sql-converter\src\main\java\com\ctrip\framework\apollo\build\sql\converter\ApolloSqlConverterUtil.java,260
JDK:java.base:N/A:N/A,ClassOrInterfaceType,java.lang.String,String,C:\Users\tyin363\Documents\repos\apolloconfig__apollo\apollo-build-sql-converter\src\main\java\com\ctrip\framework\apollo\build\sql\converter\SqlStatement.java,29
JDK:java.base:N/A:N/A,ClassOrInterfaceType,java.util.StringJoiner,StringJoiner,C:\Users\tyin363\Documents\repos\apolloconfig__apollo\apollo-build-sql-converter\src\main\java\com\ctrip\framework\apollo\build\sql\converter\ApolloSqlConverterUtil.java,393
JDK:java.base:N/A:N/A,ClassOrInterfaceType,java.lang.String,String,C:\Users\tyin363\Documents\repos\apolloconfig__apollo\apollo-build-sql-converter\src\main\java\com\ctrip\framework\apollo\build\sql\converter\ApolloSqlConverterUtil.java,394
JDK:java.base:N/A:N/A,MethodCallExpr,java.nio.file.Files,newDirectoryStream,C:\Users\tyin363\Documents\repos\apolloconfig__apollo\apollo-build-sql-converter\src\main\java\com\ctrip\framework\apollo\build\sql\converter\ApolloSqlConverterUtil.java,173
CLIENT:client-code:N/A:N/A,FieldAccessExpr,com.ctrip.framework.apollo.build.sql.converter.SqlTemplateGist,useDatabase,C:\Users\tyin363\Documents\repos\apolloconfig__apollo\apollo-build-sql-converter\src\main\java\com\ctrip\framework\apollo\build\sql\converter\SqlTemplateGist.java,74
JDK:java.base:N/A:N/A,MethodCallExpr,java.util.regex.Matcher,replaceAll,C:\Users\tyin363\Documents\repos\apolloconfig__apollo\apollo-build-sql-converter\src\main\java\com\ctrip\framework\apollo\build\sql\converter\ApolloH2ConverterUtil.java,125
JDK:java.base:N/A:N/A,MethodCallExpr,java.util.regex.Pattern,compile,C:\Users\tyin363\Documents\repos\apolloconfig__apollo\apollo-build-sql-converter\src\main\java\com\ctrip\framework\apollo\build\sql\converter\ApolloH2ConverterUtil.java,115
JDK:java.base:N/A:N/A,ObjectCreationExpr,java.util.concurrent.atomic.AtomicReference,AtomicReference,C:\Users\tyin363\Documents\repos\apolloconfig__apollo\apollo-build-sql-converter\src\main\java\com\ctrip\framework\apollo\build\sql\converter\ApolloSqlConverterUtil.java,296
CLIENT:client-code:N/A:N/A,ClassOrInterfaceType,com.ctrip.framework.apollo.build.sql.converter.SqlTemplateGist,SqlTemplateGist,C:\Users\tyin363\Documents\repos\apolloconfig__apollo\apollo-build-sql-converter\src\main\java\com\ctrip\framework\apollo\build\sql\converter\ApolloSqlConverter.java,39
JDK:java.base:N/A:N/A,ClassOrInterfaceType,java.io.BufferedReader,BufferedReader,C:\Users\tyin363\Documents\repos\apolloconfig__apollo\apollo-build-sql-converter\src\main\java\com\ctrip\framework\apollo\build\sql\converter\ApolloSqlConverterUtil.java,295
JDK:java.base:N/A:N/A,ClassOrInterfaceType,java.lang.String,String,C:\Users\tyin363\Documents\repos\apolloconfig__apollo\apollo-build-sql-converter\src\main\java\com\ctrip\framework\apollo\build\sql\converter\ApolloMysqlDefaultConverterUtil.java,63
CLIENT:client-code:N/A:N/A,ClassOrInterfaceType,com.ctrip.framework.apollo.build.sql.converter.SqlTemplateContext.Builder,Builder,C:\Users\tyin363\Documents\repos\apolloconfig__apollo\apollo-build-sql-converter\src\main\java\com\ctrip\framework\apollo\build\sql\converter\SqlTemplateContext.java,61
JDK:java.base:N/A:N/A,ClassOrInterfaceType,java.lang.String,String,C:\Users\tyin363\Documents\repos\apolloconfig__apollo\apollo-build-sql-converter\src\main\java\com\ctrip\framework\apollo\build\sql\converter\ApolloH2ConverterUtil.java,189
JDK:java.base:N/A:N/A,ClassOrInterfaceType,java.util.List,List,C:\Users\tyin363\Documents\repos\apolloconfig__apollo\apollo-build-sql-converter\src\main\java\com\ctrip\framework\apollo\build\sql\converter\ApolloSqlConverterUtil.java,184
JDK:java.base:N/A:N/A,ClassOrInterfaceType,java.nio.file.Path,Path,C:\Users\tyin363\Documents\repos\apolloconfig__apollo\apollo-build-sql-converter\src\main\java\com\ctrip\framework\apollo\build\sql\converter\ApolloSqlConverterUtil.java,185
CLIENT:client-code:N/A:N/A,ClassOrInterfaceType,com.ctrip.framework.apollo.build.sql.converter.SqlStatement,SqlStatement,C:\Users\tyin363\Documents\repos\apolloconfig__apollo\apollo-build-sql-converter\src\main\java\com\ctrip\framework\apollo\build\sql\converter\ApolloH2ConverterUtil.java,118
JDK:java.base:N/A:N/A,MethodCallExpr,java.security.CodeSource,getLocation,C:\Users\tyin363\Documents\repos\apolloconfig__apollo\apollo-build-sql-converter\src\main\java\com\ctrip\framework\apollo\build\sql\converter\ApolloSqlConverterUtil.java,63
JDK:java.base:N/A:N/A,ClassOrInterfaceType,java.lang.String,String,C:\Users\tyin363\Documents\repos\apolloconfig__apollo\apollo-build-sql-converter\src\main\java\com\ctrip\framework\apollo\build\sql\converter\ApolloSqlConverter.java,109
JDK:java.base:N/A:N/A,MethodCallExpr,java.nio.file.Paths,get,C:\Users\tyin363\Documents\repos\apolloconfig__apollo\apollo-build-sql-converter\src\main\java\com\ctrip\framework\apollo\build\sql\converter\ApolloSqlConverterUtil.java,82
JDK:java.base:N/A:N/A,ClassOrInterfaceType,java.lang.String,String,C:\Users\tyin363\Documents\repos\apolloconfig__apollo\apollo-build-sql-converter\src\main\java\com\ctrip\framework\apollo\build\sql\converter\ApolloMysqlDefaultConverterUtil.java,62
JDK:java.base:N/A:N/A,ClassOrInterfaceType,java.nio.file.Path,Path,C:\Users\tyin363\Documents\repos\apolloconfig__apollo\apollo-build-sql-converter\src\main\java\com\ctrip\framework\apollo\build\sql\converter\ApolloSqlConverterUtil.java,184
CLIENT:client-code:N/A:N/A,NameExpr,com.ctrip.framework.apollo.build.sql.converter.ApolloH2ConverterUtil,MODIFY_COLUMN_PATTERN,C:\Users\tyin363\Documents\repos\apolloconfig__apollo\apollo-build-sql-converter\src\main\java\com\ctrip\framework\apollo\build\sql\converter\ApolloH2ConverterUtil.java,226
CLIENT:client-code:N/A:N/A,MethodCallExpr,com.ctrip.framework.apollo.build.sql.converter.ApolloH2ConverterUtil,removePrefixIndex,C:\Users\tyin363\Documents\repos\apolloconfig__apollo\apollo-build-sql-converter\src\main\java\com\ctrip\framework\apollo\build\sql\converter\ApolloH2ConverterUtil.java,274
CLIENT:client-code:N/A:N/A,FieldAccessExpr,com.ctrip.framework.apollo.build.sql.converter.SqlTemplateGist.Builder,useDatabase,C:\Users\tyin363\Documents\repos\apolloconfig__apollo\apollo-build-sql-converter\src\main\java\com\ctrip\framework\apollo\build\sql\converter\SqlTemplateGist.java,35
CLIENT:client-code:N/A:N/A,MethodCallExpr,com.ctrip.framework.apollo.build.sql.converter.SqlTemplateGist,getAutoGeneratedDeclaration,C:\Users\tyin363\Documents\repos\apolloconfig__apollo\apollo-build-sql-converter\src\main\java\com\ctrip\framework\apollo\build\sql\converter\ApolloSqlConverter.java,78
JDK:java.base:N/A:N/A,ClassOrInterfaceType,java.nio.file.Path,Path,C:\Users\tyin363\Documents\repos\apolloconfig__apollo\apollo-build-sql-converter\src\main\java\com\ctrip\framework\apollo\build\sql\converter\ApolloSqlConverterUtil.java,250
JDK:java.base:N/A:N/A,MethodCallExpr,java.lang.StringBuilder,append,C:\Users\tyin363\Documents\repos\apolloconfig__apollo\apollo-build-sql-converter\src\main\java\com\ctrip\framework\apollo\build\sql\converter\ApolloSqlConverterUtil.java,371
JDK:java.base:N/A:N/A,ClassOrInterfaceType,java.util.regex.Pattern,Pattern,C:\Users\tyin363\Documents\repos\apolloconfig__apollo\apollo-build-sql-converter\src\main\java\com\ctrip\framework\apollo\build\sql\converter\ApolloSqlConverterUtil.java,54
org.freemarker:freemarker:jar:2.3.32,ClassOrInterfaceType,freemarker.template.Configuration,Configuration,C:\Users\tyin363\Documents\repos\apolloconfig__apollo\apollo-build-sql-converter\src\main\java\com\ctrip\framework\apollo\build\sql\converter\ApolloSqlConverter.java,41
CLIENT:client-code:N/A:N/A,MethodCallExpr,com.ctrip.framework.apollo.build.sql.converter.SqlStatement,getRawText,C:\Users\tyin363\Documents\repos\apolloconfig__apollo\apollo-build-sql-converter\src\main\java\com\ctrip\framework\apollo\build\sql\converter\ApolloH2ConverterUtil.java,49
JDK:java.base:N/A:N/A,MethodCallExpr,java.util.regex.Matcher,replaceAll,C:\Users\tyin363\Documents\repos\apolloconfig__apollo\apollo-build-sql-converter\src\main\java\com\ctrip\framework\apollo\build\sql\converter\ApolloH2ConverterUtil.java,251
CLIENT:client-code:N/A:N/A,MethodCallExpr,com.ctrip.framework.apollo.build.sql.converter.SqlTemplateGist.Builder,setupDatabase,C:\Users\tyin363\Documents\repos\apolloconfig__apollo\apollo-build-sql-converter\src\main\java\com\ctrip\framework\apollo\build\sql\converter\ApolloSqlConverterUtil.java,122
JDK:java.base:N/A:N/A,ClassOrInterfaceType,java.lang.String,String,C:\Users\tyin363\Documents\repos\apolloconfig__apollo\apollo-build-sql-converter\src\main\java\com\ctrip\framework\apollo\build\sql\converter\ApolloSqlConverter.java,46
CLIENT:client-code:N/A:N/A,ClassOrInterfaceType,com.ctrip.framework.apollo.build.sql.converter.SqlTemplateGist,SqlTemplateGist,C:\Users\tyin363\Documents\repos\apolloconfig__apollo\apollo-build-sql-converter\src\main\java\com\ctrip\framework\apollo\build\sql\converter\ApolloSqlConverter.java,99
JDK:java.base:N/A:N/A,ClassOrInterfaceType,java.io.IOException,IOException,C:\Users\tyin363\Documents\repos\apolloconfig__apollo\apollo-build-sql-converter\src\main\java\com\ctrip\framework\apollo\build\sql\converter\ApolloSqlConverterUtil.java,316
CLIENT:client-code:N/A:N/A,ClassOrInterfaceType,com.ctrip.framework.apollo.build.sql.converter.SqlTemplateGist,SqlTemplateGist,C:\Users\tyin363\Documents\repos\apolloconfig__apollo\apollo-build-sql-converter\src\main\java\com\ctrip\framework\apollo\build\sql\converter\ApolloSqlConverter.java,33
org.freemarker:freemarker:jar:2.3.32,MethodCallExpr,freemarker.template.Configuration,setDefaultEncoding,C:\Users\tyin363\Documents\repos\apolloconfig__apollo\apollo-build-sql-converter\src\main\java\com\ctrip\framework\apollo\build\sql\converter\ApolloSqlConverter.java,69
JDK:java.base:N/A:N/A,ClassOrInterfaceType,java.nio.file.Path,Path,C:\Users\tyin363\Documents\repos\apolloconfig__apollo\apollo-build-sql-converter\src\main\java\com\ctrip\framework\apollo\build\sql\converter\ApolloSqlConverterUtil.java,183
CLIENT:client-code:N/A:N/A,FieldAccessExpr,com.ctrip.framework.apollo.build.sql.converter.SqlStatement.Builder,singleLineText,C:\Users\tyin363\Documents\repos\apolloconfig__apollo\apollo-build-sql-converter\src\main\java\com\ctrip\framework\apollo\build\sql\converter\SqlStatement.java,44
JDK:java.base:N/A:N/A,ClassOrInterfaceType,java.lang.String,String,C:\Users\tyin363\Documents\repos\apolloconfig__apollo\apollo-build-sql-converter\src\main\java\com\ctrip\framework\apollo\build\sql\converter\ApolloH2ConverterUtil.java,187
JDK:java.base:N/A:N/A,FieldAccessExpr,java.util.regex.Pattern,CASE_INSENSITIVE,C:\Users\tyin363\Documents\repos\apolloconfig__apollo\apollo-build-sql-converter\src\main\java\com\ctrip\framework\apollo\build\sql\converter\ApolloH2ConverterUtil.java,63
CLIENT:client-code:N/A:N/A,NameExpr,com.ctrip.framework.apollo.build.sql.converter.ApolloH2ConverterUtil,ENGINE_PATTERN,C:\Users\tyin363\Documents\repos\apolloconfig__apollo\apollo-build-sql-converter\src\main\java\com\ctrip\framework\apollo\build\sql\converter\ApolloH2ConverterUtil.java,119
CLIENT:client-code:N/A:N/A,MethodCallExpr,com.ctrip.framework.apollo.build.sql.converter.ApolloSqlConverterUtil,listSorted,C:\Users\tyin363\Documents\repos\apolloconfig__apollo\apollo-build-sql-converter\src\main\java\com\ctrip\framework\apollo\build\sql\converter\ApolloSqlConverterUtil.java,254
CLIENT:client-code:N/A:N/A,ClassOrInterfaceType,com.ctrip.framework.apollo.build.sql.converter.SqlTemplate,SqlTemplate,C:\Users\tyin363\Documents\repos\apolloconfig__apollo\apollo-build-sql-converter\src\main\java\com\ctrip\framework\apollo\build\sql\converter\ApolloSqlConverter.java,47
CLIENT:client-code:N/A:N/A,MethodCallExpr,com.ctrip.framework.apollo.build.sql.converter.SqlStatement.Builder,rawText,C:\Users\tyin363\Documents\repos\apolloconfig__apollo\apollo-build-sql-converter\src\main\java\com\ctrip\framework\apollo\build\sql\converter\ApolloSqlConverterUtil.java,395
JDK:java.base:N/A:N/A,ClassOrInterfaceType,java.lang.String,String,C:\Users\tyin363\Documents\repos\apolloconfig__apollo\apollo-build-sql-converter\src\main\java\com\ctrip\framework\apollo\build\sql\converter\ApolloSqlConverterUtil.java,130
CLIENT:client-code:N/A:N/A,MethodCallExpr,com.ctrip.framework.apollo.build.sql.converter.SqlTemplate,getSrcPath,C:\Users\tyin363\Documents\repos\apolloconfig__apollo\apollo-build-sql-converter\src\main\java\com\ctrip\framework\apollo\build\sql\converter\ApolloSqlConverter.java,129
CLIENT:client-code:N/A:N/A,ObjectCreationExpr,com.ctrip.framework.apollo.build.sql.converter.SqlTemplateContext.Builder,Builder,C:\Users\tyin363\Documents\repos\apolloconfig__apollo\apollo-build-sql-converter\src\main\java\com\ctrip\framework\apollo\build\sql\converter\SqlTemplateContext.java,33
CLIENT:client-code:N/A:N/A,ClassOrInterfaceType,com.ctrip.framework.apollo.build.sql.converter.SqlStatement,SqlStatement,C:\Users\tyin363\Documents\repos\apolloconfig__apollo\apollo-build-sql-converter\src\main\java\com\ctrip\framework\apollo\build\sql\converter\SqlStatement.java,95
JDK:java.base:N/A:N/A,MethodCallExpr,java.util.regex.Pattern,matcher,C:\Users\tyin363\Documents\repos\apolloconfig__apollo\apollo-build-sql-converter\src\main\java\com\ctrip\framework\apollo\build\sql\converter\ApolloH2ConverterUtil.java,242
CLIENT:client-code:N/A:N/A,ClassOrInterfaceType,com.ctrip.framework.apollo.build.sql.converter.SqlTemplateGist.Builder,Builder,C:\Users\tyin363\Documents\repos\apolloconfig__apollo\apollo-build-sql-converter\src\main\java\com\ctrip\framework\apollo\build\sql\converter\SqlTemplateGist.java,88
JDK:java.base:N/A:N/A,ClassOrInterfaceType,java.lang.String,String,C:\Users\tyin363\Documents\repos\apolloconfig__apollo\apollo-build-sql-converter\src\main\java\com\ctrip\framework\apollo\build\sql\converter\ApolloSqlConverterUtil.java,266
CLIENT:client-code:N/A:N/A,FieldAccessExpr,com.ctrip.framework.apollo.build.sql.converter.SqlTemplateGist,autoGeneratedDeclaration,C:\Users\tyin363\Documents\repos\apolloconfig__apollo\apollo-build-sql-converter\src\main\java\com\ctrip\framework\apollo\build\sql\converter\SqlTemplateGist.java,44
JDK:java.base:N/A:N/A,MethodCallExpr,java.util.regex.Matcher,find,C:\Users\tyin363\Documents\repos\apolloconfig__apollo\apollo-build-sql-converter\src\main\java\com\ctrip\framework\apollo\build\sql\converter\ApolloH2ConverterUtil.java,238
JDK:java.base:N/A:N/A,MethodCallExpr,java.util.regex.Matcher,replaceAll,C:\Users\tyin363\Documents\repos\apolloconfig__apollo\apollo-build-sql-converter\src\main\java\com\ctrip\framework\apollo\build\sql\converter\ApolloH2ConverterUtil.java,121
CLIENT:client-code:N/A:N/A,MethodCallExpr,com.ctrip.framework.apollo.build.sql.converter.ApolloSqlConverterUtil,noCommentLine,C:\Users\tyin363\Documents\repos\apolloconfig__apollo\apollo-build-sql-converter\src\main\java\com\ctrip\framework\apollo\build\sql\converter\ApolloSqlConverterUtil.java,306
CLIENT:client-code:N/A:N/A,ClassOrInterfaceType,com.ctrip.framework.apollo.build.sql.converter.SqlStatement,SqlStatement,C:\Users\tyin363\Documents\repos\apolloconfig__apollo\apollo-build-sql-converter\src\main\java\com\ctrip\framework\apollo\build\sql\converter\ApolloSqlConverterUtil.java,324
JDK:java.base:N/A:N/A,ClassOrInterfaceType,java.util.regex.Pattern,Pattern,C:\Users\tyin363\Documents\repos\apolloconfig__apollo\apollo-build-sql-converter\src\main\java\com\ctrip\framework\apollo\build\sql\converter\ApolloSqlConverterUtil.java,51
JDK:java.base:N/A:N/A,ClassOrInterfaceType,java.util.ArrayList,ArrayList,C:\Users\tyin363\Documents\repos\apolloconfig__apollo\apollo-build-sql-converter\src\main\java\com\ctrip\framework\apollo\build\sql\converter\ApolloSqlConverterUtil.java,294
CLIENT:client-code:N/A:N/A,FieldAccessExpr,com.ctrip.framework.apollo.build.sql.converter.SqlTemplateGist.Builder,h2Function,C:\Users\tyin363\Documents\repos\apolloconfig__apollo\apollo-build-sql-converter\src\main\java\com\ctrip\framework\apollo\build\sql\converter\SqlTemplateGist.java,45
CLIENT:client-code:N/A:N/A,ClassOrInterfaceType,com.ctrip.framework.apollo.build.sql.converter.SqlStatement,SqlStatement,C:\Users\tyin363\Documents\repos\apolloconfig__apollo\apollo-build-sql-converter\src\main\java\com\ctrip\framework\apollo\build\sql\converter\SqlStatement.java,96
CLIENT:client-code:N/A:N/A,ClassOrInterfaceType,com.ctrip.framework.apollo.build.sql.converter.SqlStatement,SqlStatement,C:\Users\tyin363\Documents\repos\apolloconfig__apollo\apollo-build-sql-converter\src\main\java\com\ctrip\framework\apollo\build\sql\converter\ApolloMysqlDefaultConverterUtil.java,52
CLIENT:client-code:N/A:N/A,MethodCallExpr,com.ctrip.framework.apollo.build.sql.converter.SqlTemplateGist.Builder,setupDatabase,C:\Users\tyin363\Documents\repos\apolloconfig__apollo\apollo-build-sql-converter\src\main\java\com\ctrip\framework\apollo\build\sql\converter\ApolloSqlConverter.java,99
CLIENT:client-code:N/A:N/A,MethodCallExpr,com.ctrip.framework.apollo.build.sql.converter.ApolloSqlConverterUtil,getRepositoryDir,C:\Users\tyin363\Documents\repos\apolloconfig__apollo\apollo-build-sql-converter\src\main\java\com\ctrip\framework\apollo\build\sql\converter\ApolloSqlConverter.java,29
JDK:java.base:N/A:N/A,MethodCallExpr,java.lang.String,lastIndexOf,C:\Users\tyin363\Documents\repos\apolloconfig__apollo\apollo-build-sql-converter\src\main\java\com\ctrip\framework\apollo\build\sql\converter\ApolloSqlConverterUtil.java,223
CLIENT:client-code:N/A:N/A,ClassOrInterfaceType,com.ctrip.framework.apollo.build.sql.converter.SqlTemplate,SqlTemplate,C:\Users\tyin363\Documents\repos\apolloconfig__apollo\apollo-build-sql-converter\src\main\java\com\ctrip\framework\apollo\build\sql\converter\ApolloSqlConverter.java,115
JDK:java.base:N/A:N/A,ClassOrInterfaceType,java.util.StringJoiner,StringJoiner,C:\Users\tyin363\Documents\repos\apolloconfig__apollo\apollo-build-sql-converter\src\main\java\com\ctrip\framework\apollo\build\sql\converter\ApolloSqlConverterUtil.java,322
CLIENT:client-code:N/A:N/A,FieldAccessExpr,com.ctrip.framework.apollo.build.sql.converter.SqlTemplateContext,gists,C:\Users\tyin363\Documents\repos\apolloconfig__apollo\apollo-build-sql-converter\src\main\java\com\ctrip\framework\apollo\build\sql\converter\SqlTemplateContext.java,50
JDK:java.base:N/A:N/A,MethodCallExpr,java.lang.Class,getSimpleName,C:\Users\tyin363\Documents\repos\apolloconfig__apollo\apollo-build-sql-converter\src\main\java\com\ctrip\framework\apollo\build\sql\converter\SqlTemplateContext.java,48
JDK:java.base:N/A:N/A,ClassOrInterfaceType,java.lang.IllegalArgumentException,IllegalArgumentException,C:\Users\tyin363\Documents\repos\apolloconfig__apollo\apollo-build-sql-converter\src\main\java\com\ctrip\framework\apollo\build\sql\converter\ApolloMysqlDefaultConverterUtil.java,41
JDK:java.base:N/A:N/A,ClassOrInterfaceType,java.util.List,List,C:\Users\tyin363\Documents\repos\apolloconfig__apollo\apollo-build-sql-converter\src\main\java\com\ctrip\framework\apollo\build\sql\converter\ApolloSqlConverter.java,94
CLIENT:client-code:N/A:N/A,NameExpr,com.ctrip.framework.apollo.build.sql.converter.ApolloH2ConverterUtil,OPERATION_TABLE_PATTERN,C:\Users\tyin363\Documents\repos\apolloconfig__apollo\apollo-build-sql-converter\src\main\java\com\ctrip\framework\apollo\build\sql\converter\ApolloH2ConverterUtil.java,73
CLIENT:client-code:N/A:N/A,MethodCallExpr,com.ctrip.framework.apollo.build.sql.converter.ApolloSqlConverterUtil,deleteDirInternal,C:\Users\tyin363\Documents\repos\apolloconfig__apollo\apollo-build-sql-converter\src\main\java\com\ctrip\framework\apollo\build\sql\converter\ApolloSqlConverterUtil.java,212
JDK:java.base:N/A:N/A,ClassOrInterfaceType,java.util.List,List,C:\Users\tyin363\Documents\repos\apolloconfig__apollo\apollo-build-sql-converter\src\main\java\com\ctrip\framework\apollo\build\sql\converter\ApolloSqlConverterUtil.java,323
JDK:java.base:N/A:N/A,ClassOrInterfaceType,java.util.regex.Pattern,Pattern,C:\Users\tyin363\Documents\repos\apolloconfig__apollo\apollo-build-sql-converter\src\main\java\com\ctrip\framework\apollo\build\sql\converter\ApolloH2ConverterUtil.java,264
org.freemarker:freemarker:jar:2.3.32,ClassOrInterfaceType,freemarker.template.Template,Template,C:\Users\tyin363\Documents\repos\apolloconfig__apollo\apollo-build-sql-converter\src\main\java\com\ctrip\framework\apollo\build\sql\converter\SqlTemplate.java,27
JDK:java.base:N/A:N/A,ObjectCreationExpr,java.io.UncheckedIOException,UncheckedIOException,C:\Users\tyin363\Documents\repos\apolloconfig__apollo\apollo-build-sql-converter\src\main\java\com\ctrip\framework\apollo\build\sql\converter\ApolloSqlConverterUtil.java,286
JDK:java.base:N/A:N/A,ClassOrInterfaceType,java.util.concurrent.atomic.AtomicBoolean,AtomicBoolean,C:\Users\tyin363\Documents\repos\apolloconfig__apollo\apollo-build-sql-converter\src\main\java\com\ctrip\framework\apollo\build\sql\converter\ApolloSqlConverterUtil.java,323
JDK:java.base:N/A:N/A,MethodCallExpr,java.util.regex.Matcher,find,C:\Users\tyin363\Documents\repos\apolloconfig__apollo\apollo-build-sql-converter\src\main\java\com\ctrip\framework\apollo\build\sql\converter\ApolloH2ConverterUtil.java,128
JDK:java.base:N/A:N/A,MethodCallExpr,java.lang.String,endsWith,C:\Users\tyin363\Documents\repos\apolloconfig__apollo\apollo-build-sql-converter\src\main\java\com\ctrip\framework\apollo\build\sql\converter\ApolloSqlConverterUtil.java,230
CLIENT:client-code:N/A:N/A,FieldAccessExpr,com.ctrip.framework.apollo.build.sql.converter.SqlStatement,rawText,C:\Users\tyin363\Documents\repos\apolloconfig__apollo\apollo-build-sql-converter\src\main\java\com\ctrip\framework\apollo\build\sql\converter\SqlStatement.java,50
JDK:java.base:N/A:N/A,ClassOrInterfaceType,java.io.IOException,IOException,C:\Users\tyin363\Documents\repos\apolloconfig__apollo\apollo-build-sql-converter\src\main\java\com\ctrip\framework\apollo\build\sql\converter\ApolloSqlConverterUtil.java,197
JDK:java.base:N/A:N/A,ClassOrInterfaceType,java.lang.String,String,C:\Users\tyin363\Documents\repos\apolloconfig__apollo\apollo-build-sql-converter\src\main\java\com\ctrip\framework\apollo\build\sql\converter\ApolloSqlConverterUtil.java,102
CLIENT:client-code:N/A:N/A,FieldAccessExpr,com.ctrip.framework.apollo.build.sql.converter.SqlTemplateGist,autoGeneratedDeclaration,C:\Users\tyin363\Documents\repos\apolloconfig__apollo\apollo-build-sql-converter\src\main\java\com\ctrip\framework\apollo\build\sql\converter\SqlTemplateGist.java,71
JDK:java.base:N/A:N/A,MethodCallExpr,java.nio.file.Files,exists,C:\Users\tyin363\Documents\repos\apolloconfig__apollo\apollo-build-sql-converter\src\main\java\com\ctrip\framework\apollo\build\sql\converter\ApolloSqlConverterUtil.java,208
JDK:java.base:N/A:N/A,ClassOrInterfaceType,java.util.regex.Pattern,Pattern,C:\Users\tyin363\Documents\repos\apolloconfig__apollo\apollo-build-sql-converter\src\main\java\com\ctrip\framework\apollo\build\sql\converter\ApolloH2ConverterUtil.java,197
CLIENT:client-code:N/A:N/A,ClassOrInterfaceType,com.ctrip.framework.apollo.build.sql.converter.SqlTemplate,SqlTemplate,C:\Users\tyin363\Documents\repos\apolloconfig__apollo\apollo-build-sql-converter\src\main\java\com\ctrip\framework\apollo\build\sql\converter\ApolloSqlConverter.java,108
CLIENT:client-code:N/A:N/A,FieldAccessExpr,com.ctrip.framework.apollo.build.sql.converter.SqlTemplate,template,C:\Users\tyin363\Documents\repos\apolloconfig__apollo\apollo-build-sql-converter\src\main\java\com\ctrip\framework\apollo\build\sql\converter\SqlTemplate.java,37
JDK:java.base:N/A:N/A,ClassOrInterfaceType,java.util.regex.Pattern,Pattern,C:\Users\tyin363\Documents\repos\apolloconfig__apollo\apollo-build-sql-converter\src\main\java\com\ctrip\framework\apollo\build\sql\converter\ApolloH2ConverterUtil.java,65
JDK:java.base:N/A:N/A,MethodCallExpr,java.lang.Throwable,getLocalizedMessage,C:\Users\tyin363\Documents\repos\apolloconfig__apollo\apollo-build-sql-converter\src\main\java\com\ctrip\framework\apollo\build\sql\converter\ApolloSqlConverterUtil.java,68
JDK:java.base:N/A:N/A,MethodCallExpr,java.util.Comparator,comparing,C:\Users\tyin363\Documents\repos\apolloconfig__apollo\apollo-build-sql-converter\src\main\java\com\ctrip\framework\apollo\build\sql\converter\ApolloSqlConverterUtil.java,191
JDK:java.base:N/A:N/A,ClassOrInterfaceType,java.util.List,List,C:\Users\tyin363\Documents\repos\apolloconfig__apollo\apollo-build-sql-converter\src\main\java\com\ctrip\framework\apollo\build\sql\converter\ApolloSqlConverterUtil.java,190
JDK:java.base:N/A:N/A,ClassOrInterfaceType,java.security.ProtectionDomain,ProtectionDomain,C:\Users\tyin363\Documents\repos\apolloconfig__apollo\apollo-build-sql-converter\src\main\java\com\ctrip\framework\apollo\build\sql\converter\ApolloSqlConverterUtil.java,61
JDK:java.base:N/A:N/A,ClassOrInterfaceType,java.lang.String,String,C:\Users\tyin363\Documents\repos\apolloconfig__apollo\apollo-build-sql-converter\src\main\java\com\ctrip\framework\apollo\build\sql\converter\ApolloSqlConverterUtil.java,300
JDK:java.base:N/A:N/A,ClassOrInterfaceType,java.util.regex.Matcher,Matcher,C:\Users\tyin363\Documents\repos\apolloconfig__apollo\apollo-build-sql-converter\src\main\java\com\ctrip\framework\apollo\build\sql\converter\ApolloH2ConverterUtil.java,237
JDK:java.base:N/A:N/A,FieldAccessExpr,java.util.regex.Pattern,CASE_INSENSITIVE,C:\Users\tyin363\Documents\repos\apolloconfig__apollo\apollo-build-sql-converter\src\main\java\com\ctrip\framework\apollo\build\sql\converter\ApolloH2ConverterUtil.java,116
JDK:java.base:N/A:N/A,ClassOrInterfaceType,java.lang.String,String,C:\Users\tyin363\Documents\repos\apolloconfig__apollo\apollo-build-sql-converter\src\main\java\com\ctrip\framework\apollo\build\sql\converter\ApolloSqlConverterUtil.java,167
JDK:java.base:N/A:N/A,ObjectCreationExpr,java.util.ArrayList,ArrayList,C:\Users\tyin363\Documents\repos\apolloconfig__apollo\apollo-build-sql-converter\src\main\java\com\ctrip\framework\apollo\build\sql\converter\ApolloSqlConverterUtil.java,398
JDK:java.base:N/A:N/A,ClassOrInterfaceType,java.util.List,List,C:\Users\tyin363\Documents\repos\apolloconfig__apollo\apollo-build-sql-converter\src\main\java\com\ctrip\framework\apollo\build\sql\converter\ApolloSqlConverter.java,38
JDK:java.base:N/A:N/A,ObjectCreationExpr,java.lang.IllegalArgumentException,IllegalArgumentException,C:\Users\tyin363\Documents\repos\apolloconfig__apollo\apollo-build-sql-converter\src\main\java\com\ctrip\framework\apollo\build\sql\converter\ApolloSqlConverterUtil.java,244
CLIENT:client-code:N/A:N/A,FieldAccessExpr,com.ctrip.framework.apollo.build.sql.converter.SqlTemplateGist.Builder,autoGeneratedDeclaration,C:\Users\tyin363\Documents\repos\apolloconfig__apollo\apollo-build-sql-converter\src\main\java\com\ctrip\framework\apollo\build\sql\converter\SqlTemplateGist.java,44
JDK:java.base:N/A:N/A,MethodCallExpr,java.util.regex.Pattern,matcher,C:\Users\tyin363\Documents\repos\apolloconfig__apollo\apollo-build-sql-converter\src\main\java\com\ctrip\framework\apollo\build\sql\converter\ApolloSqlConverterUtil.java,235
CLIENT:client-code:N/A:N/A,MethodCallExpr,com.ctrip.framework.apollo.build.sql.converter.SqlTemplateGist.Builder,useDatabase,C:\Users\tyin363\Documents\repos\apolloconfig__apollo\apollo-build-sql-converter\src\main\java\com\ctrip\framework\apollo\build\sql\converter\ApolloSqlConverterUtil.java,122
JDK:java.base:N/A:N/A,ClassOrInterfaceType,java.util.regex.Pattern,Pattern,C:\Users\tyin363\Documents\repos\apolloconfig__apollo\apollo-build-sql-converter\src\main\java\com\ctrip\framework\apollo\build\sql\converter\ApolloH2ConverterUtil.java,200
JDK:java.base:N/A:N/A,ClassOrInterfaceType,java.util.regex.Pattern,Pattern,C:\Users\tyin363\Documents\repos\apolloconfig__apollo\apollo-build-sql-converter\src\main\java\com\ctrip\framework\apollo\build\sql\converter\ApolloH2ConverterUtil.java,134
org.freemarker:freemarker:jar:2.3.32,ClassOrInterfaceType,freemarker.template.Template,Template,C:\Users\tyin363\Documents\repos\apolloconfig__apollo\apollo-build-sql-converter\src\main\java\com\ctrip\framework\apollo\build\sql\converter\SqlTemplate.java,25
JDK:java.base:N/A:N/A,MethodCallExpr,java.util.regex.Matcher,group,C:\Users\tyin363\Documents\repos\apolloconfig__apollo\apollo-build-sql-converter\src\main\java\com\ctrip\framework\apollo\build\sql\converter\ApolloH2ConverterUtil.java,189
CLIENT:client-code:N/A:N/A,MethodCallExpr,com.ctrip.framework.apollo.build.sql.converter.SqlTemplateContext.Builder,gists,C:\Users\tyin363\Documents\repos\apolloconfig__apollo\apollo-build-sql-converter\src\main\java\com\ctrip\framework\apollo\build\sql\converter\ApolloSqlConverter.java,105
JDK:java.base:N/A:N/A,MethodCallExpr,java.util.StringJoiner,add,C:\Users\tyin363\Documents\repos\apolloconfig__apollo\apollo-build-sql-converter\src\main\java\com\ctrip\framework\apollo\build\sql\converter\SqlTemplateGist.java,69
CLIENT:client-code:N/A:N/A,MethodCallExpr,com.ctrip.framework.apollo.build.sql.converter.ApolloH2ConverterUtil,convertColumn,C:\Users\tyin363\Documents\repos\apolloconfig__apollo\apollo-build-sql-converter\src\main\java\com\ctrip\framework\apollo\build\sql\converter\ApolloH2ConverterUtil.java,105
CLIENT:client-code:N/A:N/A,MethodCallExpr,com.ctrip.framework.apollo.build.sql.converter.ApolloSqlConverterUtil,resetStatementBuffer,C:\Users\tyin363\Documents\repos\apolloconfig__apollo\apollo-build-sql-converter\src\main\java\com\ctrip\framework\apollo\build\sql\converter\ApolloSqlConverterUtil.java,358
JDK:java.base:N/A:N/A,ObjectCreationExpr,java.lang.IllegalArgumentException,IllegalArgumentException,C:\Users\tyin363\Documents\repos\apolloconfig__apollo\apollo-build-sql-converter\src\main\java\com\ctrip\framework\apollo\build\sql\converter\ApolloSqlConverterUtil.java,111
JDK:java.base:N/A:N/A,ClassOrInterfaceType,java.util.concurrent.atomic.AtomicReference,AtomicReference,C:\Users\tyin363\Documents\repos\apolloconfig__apollo\apollo-build-sql-converter\src\main\java\com\ctrip\framework\apollo\build\sql\converter\ApolloSqlConverterUtil.java,322
JDK:java.base:N/A:N/A,ClassOrInterfaceType,java.util.Set,Set,C:\Users\tyin363\Documents\repos\apolloconfig__apollo\apollo-build-sql-converter\src\main\java\com\ctrip\framework\apollo\build\sql\converter\ApolloSqlConverterUtil.java,249
JDK:java.base:N/A:N/A,ClassOrInterfaceType,java.util.List,List,C:\Users\tyin363\Documents\repos\apolloconfig__apollo\apollo-build-sql-converter\src\main\java\com\ctrip\framework\apollo\build\sql\converter\ApolloSqlConverterUtil.java,324
CLIENT:client-code:N/A:N/A,MethodCallExpr,com.ctrip.framework.apollo.build.sql.converter.SqlTemplateGist.Builder,autoGeneratedDeclaration,C:\Users\tyin363\Documents\repos\apolloconfig__apollo\apollo-build-sql-converter\src\main\java\com\ctrip\framework\apollo\build\sql\converter\ApolloSqlConverter.java,119
JDK:java.base:N/A:N/A,MethodCallExpr,java.util.List,isEmpty,C:\Users\tyin363\Documents\repos\apolloconfig__apollo\apollo-build-sql-converter\src\main\java\com\ctrip\framework\apollo\build\sql\converter\ApolloSqlConverterUtil.java,353
JDK:java.base:N/A:N/A,MethodCallExpr,java.lang.Throwable,getLocalizedMessage,C:\Users\tyin363\Documents\repos\apolloconfig__apollo\apollo-build-sql-converter\src\main\java\com\ctrip\framework\apollo\build\sql\converter\ApolloSqlConverterUtil.java,198
JDK:java.base:N/A:N/A,MethodCallExpr,java.nio.file.Paths,get,C:\Users\tyin363\Documents\repos\apolloconfig__apollo\apollo-build-sql-converter\src\main\java\com\ctrip\framework\apollo\build\sql\converter\ApolloSqlConverterUtil.java,156
CLIENT:client-code:N/A:N/A,MethodCallExpr,com.ctrip.framework.apollo.build.sql.converter.ApolloMysqlDefaultConverterUtil,convert,C:\Users\tyin363\Documents\repos\apolloconfig__apollo\apollo-build-sql-converter\src\main\java\com\ctrip\framework\apollo\build\sql\converter\ApolloSqlConverter.java,111
CLIENT:client-code:N/A:N/A,NameExpr,com.ctrip.framework.apollo.build.sql.converter.ApolloH2ConverterUtil,CHANGE_PATTERN,C:\Users\tyin363\Documents\repos\apolloconfig__apollo\apollo-build-sql-converter\src\main\java\com\ctrip\framework\apollo\build\sql\converter\ApolloH2ConverterUtil.java,231
JDK:java.base:N/A:N/A,MethodCallExpr,java.util.regex.Pattern,matcher,C:\Users\tyin363\Documents\repos\apolloconfig__apollo\apollo-build-sql-converter\src\main\java\com\ctrip\framework\apollo\build\sql\converter\ApolloH2ConverterUtil.java,237
JDK:java.base:N/A:N/A,ObjectCreationExpr,java.io.UncheckedIOException,UncheckedIOException,C:\Users\tyin363\Documents\repos\apolloconfig__apollo\apollo-build-sql-converter\src\main\java\com\ctrip\framework\apollo\build\sql\converter\ApolloSqlConverterUtil.java,87
JDK:java.base:N/A:N/A,MethodCallExpr,java.util.regex.Matcher,find,C:\Users\tyin363\Documents\repos\apolloconfig__apollo\apollo-build-sql-converter\src\main\java\com\ctrip\framework\apollo\build\sql\converter\ApolloH2ConverterUtil.java,257
JDK:java.base:N/A:N/A,ClassOrInterfaceType,java.lang.String,String,C:\Users\tyin363\Documents\repos\apolloconfig__apollo\apollo-build-sql-converter\src\main\java\com\ctrip\framework\apollo\build\sql\converter\SqlTemplateGist.java,51
JDK:java.base:N/A:N/A,ClassOrInterfaceType,java.lang.String,String,C:\Users\tyin363\Documents\repos\apolloconfig__apollo\apollo-build-sql-converter\src\main\java\com\ctrip\framework\apollo\build\sql\converter\ApolloH2ConverterUtil.java,33
JDK:java.base:N/A:N/A,ClassOrInterfaceType,java.lang.String,String,C:\Users\tyin363\Documents\repos\apolloconfig__apollo\apollo-build-sql-converter\src\main\java\com\ctrip\framework\apollo\build\sql\converter\ApolloH2ConverterUtil.java,99
JDK:java.base:N/A:N/A,ObjectCreationExpr,java.io.UncheckedIOException,UncheckedIOException,C:\Users\tyin363\Documents\repos\apolloconfig__apollo\apollo-build-sql-converter\src\main\java\com\ctrip\framework\apollo\build\sql\converter\ApolloSqlConverter.java,67
JDK:java.base:N/A:N/A,MethodCallExpr,java.util.Collections,emptySet,C:\Users\tyin363\Documents\repos\apolloconfig__apollo\apollo-build-sql-converter\src\main\java\com\ctrip\framework\apollo\build\sql\converter\ApolloSqlConverterUtil.java,168
CLIENT:client-code:N/A:N/A,FieldAccessExpr,com.ctrip.framework.apollo.build.sql.converter.SqlTemplateGist,setupDatabase,C:\Users\tyin363\Documents\repos\apolloconfig__apollo\apollo-build-sql-converter\src\main\java\com\ctrip\framework\apollo\build\sql\converter\SqlTemplateGist.java,73
JDK:java.base:N/A:N/A,MethodCallExpr,java.nio.file.Path,toString,C:\Users\tyin363\Documents\repos\apolloconfig__apollo\apollo-build-sql-converter\src\main\java\com\ctrip\framework\apollo\build\sql\converter\ApolloSqlConverterUtil.java,260
CLIENT:client-code:N/A:N/A,MethodCallExpr,com.ctrip.framework.apollo.build.sql.converter.SqlTemplateGist,getUseDatabase,C:\Users\tyin363\Documents\repos\apolloconfig__apollo\apollo-build-sql-converter\src\main\java\com\ctrip\framework\apollo\build\sql\converter\ApolloSqlConverter.java,81
JDK:java.base:N/A:N/A,MethodCallExpr,java.util.List,add,C:\Users\tyin363\Documents\repos\apolloconfig__apollo\apollo-build-sql-converter\src\main\java\com\ctrip\framework\apollo\build\sql\converter\ApolloSqlConverterUtil.java,344
JDK:java.base:N/A:N/A,FieldAccessExpr,java.nio.charset.StandardCharsets,UTF_8,C:\Users\tyin363\Documents\repos\apolloconfig__apollo\apollo-build-sql-converter\src\main\java\com\ctrip\framework\apollo\build\sql\converter\ApolloSqlConverter.java,69
CLIENT:client-code:N/A:N/A,NameExpr,com.ctrip.framework.apollo.build.sql.converter.ApolloH2ConverterUtil,DROP_COLUMN_PATTERN,C:\Users\tyin363\Documents\repos\apolloconfig__apollo\apollo-build-sql-converter\src\main\java\com\ctrip\framework\apollo\build\sql\converter\ApolloH2ConverterUtil.java,237
JDK:java.base:N/A:N/A,ClassOrInterfaceType,java.util.Comparator,Comparator,C:\Users\tyin363\Documents\repos\apolloconfig__apollo\apollo-build-sql-converter\src\main\java\com\ctrip\framework\apollo\build\sql\converter\ApolloSqlConverterUtil.java,220
JDK:java.base:N/A:N/A,ClassOrInterfaceType,java.util.StringJoiner,StringJoiner,C:\Users\tyin363\Documents\repos\apolloconfig__apollo\apollo-build-sql-converter\src\main\java\com\ctrip\framework\apollo\build\sql\converter\ApolloSqlConverterUtil.java,329
JDK:java.base:N/A:N/A,ClassOrInterfaceType,java.util.regex.Pattern,Pattern,C:\Users\tyin363\Documents\repos\apolloconfig__apollo\apollo-build-sql-converter\src\main\java\com\ctrip\framework\apollo\build\sql\converter\ApolloH2ConverterUtil.java,61
JDK:java.base:N/A:N/A,MethodCallExpr,java.util.regex.Pattern,matcher,C:\Users\tyin363\Documents\repos\apolloconfig__apollo\apollo-build-sql-converter\src\main\java\com\ctrip\framework\apollo\build\sql\converter\ApolloH2ConverterUtil.java,231
JDK:java.base:N/A:N/A,ObjectCreationExpr,java.io.UncheckedIOException,UncheckedIOException,C:\Users\tyin363\Documents\repos\apolloconfig__apollo\apollo-build-sql-converter\src\main\java\com\ctrip\framework\apollo\build\sql\converter\ApolloSqlConverterUtil.java,149
JDK:java.base:N/A:N/A,MethodCallExpr,java.util.regex.Pattern,compile,C:\Users\tyin363\Documents\repos\apolloconfig__apollo\apollo-build-sql-converter\src\main\java\com\ctrip\framework\apollo\build\sql\converter\ApolloH2ConverterUtil.java,109
JDK:java.base:N/A:N/A,ClassOrInterfaceType,java.util.StringJoiner,StringJoiner,C:\Users\tyin363\Documents\repos\apolloconfig__apollo\apollo-build-sql-converter\src\main\java\com\ctrip\framework\apollo\build\sql\converter\ApolloSqlConverterUtil.java,131
CLIENT:client-code:N/A:N/A,FieldAccessExpr,com.ctrip.framework.apollo.build.sql.converter.SqlTemplateGist,useDatabase,C:\Users\tyin363\Documents\repos\apolloconfig__apollo\apollo-build-sql-converter\src\main\java\com\ctrip\framework\apollo\build\sql\converter\SqlTemplateGist.java,47
CLIENT:client-code:N/A:N/A,MethodCallExpr,com.ctrip.framework.apollo.build.sql.converter.ApolloSqlConverterUtil,toStatements,C:\Users\tyin363\Documents\repos\apolloconfig__apollo\apollo-build-sql-converter\src\main\java\com\ctrip\framework\apollo\build\sql\converter\ApolloMysqlDefaultConverterUtil.java,48
JDK:java.base:N/A:N/A,MethodCallExpr,java.util.List,isEmpty,C:\Users\tyin363\Documents\repos\apolloconfig__apollo\apollo-build-sql-converter\src\main\java\com\ctrip\framework\apollo\build\sql\converter\SqlStatement.java,91
CLIENT:client-code:N/A:N/A,ClassOrInterfaceType,com.ctrip.framework.apollo.build.sql.converter.SqlStatement,SqlStatement,C:\Users\tyin363\Documents\repos\apolloconfig__apollo\apollo-build-sql-converter\src\main\java\com\ctrip\framework\apollo\build\sql\converter\ApolloMysqlDefaultConverterUtil.java,62
CLIENT:client-code:N/A:N/A,ClassOrInterfaceType,com.ctrip.framework.apollo.build.sql.converter.SqlTemplateGist.Builder,Builder,C:\Users\tyin363\Documents\repos\apolloconfig__apollo\apollo-build-sql-converter\src\main\java\com\ctrip\framework\apollo\build\sql\converter\SqlTemplateGist.java,93
JDK:java.base:N/A:N/A,ObjectCreationExpr,java.io.StringWriter,StringWriter,C:\Users\tyin363\Documents\repos\apolloconfig__apollo\apollo-build-sql-converter\src\main\java\com\ctrip\framework\apollo\build\sql\converter\ApolloSqlConverterUtil.java,93
JDK:java.base:N/A:N/A,MethodCallExpr,java.util.regex.Matcher,replaceAll,C:\Users\tyin363\Documents\repos\apolloconfig__apollo\apollo-build-sql-converter\src\main\java\com\ctrip\framework\apollo\build\sql\converter\ApolloH2ConverterUtil.java,258
JDK:java.base:N/A:N/A,ClassOrInterfaceType,java.lang.StringBuilder,StringBuilder,C:\Users\tyin363\Documents\repos\apolloconfig__apollo\apollo-build-sql-converter\src\main\java\com\ctrip\framework\apollo\build\sql\converter\ApolloSqlConverterUtil.java,297
JDK:java.base:N/A:N/A,ObjectCreationExpr,java.util.StringJoiner,StringJoiner,C:\Users\tyin363\Documents\repos\apolloconfig__apollo\apollo-build-sql-converter\src\main\java\com\ctrip\framework\apollo\build\sql\converter\ApolloH2ConverterUtil.java,149
CLIENT:client-code:N/A:N/A,MethodCallExpr,com.ctrip.framework.apollo.build.sql.converter.SqlTemplateGist,builder,C:\Users\tyin363\Documents\repos\apolloconfig__apollo\apollo-build-sql-converter\src\main\java\com\ctrip\framework\apollo\build\sql\converter\ApolloSqlConverter.java,77
JDK:java.base:N/A:N/A,ClassOrInterfaceType,java.lang.String,String,C:\Users\tyin363\Documents\repos\apolloconfig__apollo\apollo-build-sql-converter\src\main\java\com\ctrip\framework\apollo\build\sql\converter\ApolloH2ConverterUtil.java,97
CLIENT:client-code:N/A:N/A,MethodCallExpr,com.ctrip.framework.apollo.build.sql.converter.SqlTemplateGist,getAutoGeneratedDeclaration,C:\Users\tyin363\Documents\repos\apolloconfig__apollo\apollo-build-sql-converter\src\main\java\com\ctrip\framework\apollo\build\sql\converter\ApolloSqlConverter.java,120
JDK:java.base:N/A:N/A,ClassOrInterfaceType,java.util.ArrayList,ArrayList,C:\Users\tyin363\Documents\repos\apolloconfig__apollo\apollo-build-sql-converter\src\main\java\com\ctrip\framework\apollo\build\sql\converter\ApolloSqlConverterUtil.java,185
JDK:java.base:N/A:N/A,MethodCallExpr,java.util.StringJoiner,add,C:\Users\tyin363\Documents\repos\apolloconfig__apollo\apollo-build-sql-converter\src\main\java\com\ctrip\framework\apollo\build\sql\converter\SqlStatement.java,63
JDK:java.base:N/A:N/A,MethodCallExpr,java.nio.file.Files,exists,C:\Users\tyin363\Documents\repos\apolloconfig__apollo\apollo-build-sql-converter\src\main\java\com\ctrip\framework\apollo\build\sql\converter\ApolloSqlConverterUtil.java,203
CLIENT:client-code:N/A:N/A,MethodCallExpr,com.ctrip.framework.apollo.build.sql.converter.SqlTemplateGist.Builder,useDatabase,C:\Users\tyin363\Documents\repos\apolloconfig__apollo\apollo-build-sql-converter\src\main\java\com\ctrip\framework\apollo\build\sql\converter\ApolloSqlConverter.java,99
CLIENT:client-code:N/A:N/A,MethodCallExpr,com.ctrip.framework.apollo.build.sql.converter.ApolloSqlConverterUtil,getSqlList,C:\Users\tyin363\Documents\repos\apolloconfig__apollo\apollo-build-sql-converter\src\main\java\com\ctrip\framework\apollo\build\sql\converter\ApolloSqlConverter.java,46
JDK:java.base:N/A:N/A,MethodCallExpr,java.util.regex.Matcher,replaceAll,C:\Users\tyin363\Documents\repos\apolloconfig__apollo\apollo-build-sql-converter\src\main\java\com\ctrip\framework\apollo\build\sql\converter\ApolloH2ConverterUtil.java,129
JDK:java.base:N/A:N/A,ClassOrInterfaceType,java.util.List,List,C:\Users\tyin363\Documents\repos\apolloconfig__apollo\apollo-build-sql-converter\src\main\java\com\ctrip\framework\apollo\build\sql\converter\ApolloSqlConverterUtil.java,255
JDK:java.base:N/A:N/A,MethodCallExpr,java.net.URL,toURI,C:\Users\tyin363\Documents\repos\apolloconfig__apollo\apollo-build-sql-converter\src\main\java\com\ctrip\framework\apollo\build\sql\converter\ApolloSqlConverterUtil.java,66
JDK:java.base:N/A:N/A,ClassOrInterfaceType,java.util.regex.Matcher,Matcher,C:\Users\tyin363\Documents\repos\apolloconfig__apollo\apollo-build-sql-converter\src\main\java\com\ctrip\framework\apollo\build\sql\converter\ApolloH2ConverterUtil.java,242
JDK:java.base:N/A:N/A,MethodCallExpr,java.nio.file.Paths,get,C:\Users\tyin363\Documents\repos\apolloconfig__apollo\apollo-build-sql-converter\src\main\java\com\ctrip\framework\apollo\build\sql\converter\ApolloSqlConverterUtil.java,159
CLIENT:client-code:N/A:N/A,ClassOrInterfaceType,com.ctrip.framework.apollo.build.sql.converter.SqlStatement,SqlStatement,C:\Users\tyin363\Documents\repos\apolloconfig__apollo\apollo-build-sql-converter\src\main\java\com\ctrip\framework\apollo\build\sql\converter\ApolloH2ConverterUtil.java,269
JDK:java.base:N/A:N/A,ClassOrInterfaceType,java.lang.String,String,C:\Users\tyin363\Documents\repos\apolloconfig__apollo\apollo-build-sql-converter\src\main\java\com\ctrip\framework\apollo\build\sql\converter\ApolloSqlConverterUtil.java,109
CLIENT:client-code:N/A:N/A,MethodCallExpr,com.ctrip.framework.apollo.build.sql.converter.ApolloH2ConverterUtil,removePrefixIndex,C:\Users\tyin363\Documents\repos\apolloconfig__apollo\apollo-build-sql-converter\src\main\java\com\ctrip\framework\apollo\build\sql\converter\ApolloH2ConverterUtil.java,247
JDK:java.base:N/A:N/A,ClassOrInterfaceType,java.io.UncheckedIOException,UncheckedIOException,C:\Users\tyin363\Documents\repos\apolloconfig__apollo\apollo-build-sql-converter\src\main\java\com\ctrip\framework\apollo\build\sql\converter\ApolloSqlConverterUtil.java,198
CLIENT:client-code:N/A:N/A,ClassOrInterfaceType,com.ctrip.framework.apollo.build.sql.converter.SqlStatement,SqlStatement,C:\Users\tyin363\Documents\repos\apolloconfig__apollo\apollo-build-sql-converter\src\main\java\com\ctrip\framework\apollo\build\sql\converter\ApolloSqlConverterUtil.java,349
CLIENT:client-code:N/A:N/A,FieldAccessExpr,com.ctrip.framework.apollo.build.sql.converter.SqlTemplateGist.Builder,setupDatabase,C:\Users\tyin363\Documents\repos\apolloconfig__apollo\apollo-build-sql-converter\src\main\java\com\ctrip\framework\apollo\build\sql\converter\SqlTemplateGist.java,46
JDK:java.base:N/A:N/A,ClassOrInterfaceType,java.util.List,List,C:\Users\tyin363\Documents\repos\apolloconfig__apollo\apollo-build-sql-converter\src\main\java\com\ctrip\framework\apollo\build\sql\converter\ApolloMysqlDefaultConverterUtil.java,48
JDK:java.base:N/A:N/A,ClassOrInterfaceType,java.nio.file.Path,Path,C:\Users\tyin363\Documents\repos\apolloconfig__apollo\apollo-build-sql-converter\src\main\java\com\ctrip\framework\apollo\build\sql\converter\ApolloSqlConverterUtil.java,207
JDK:java.base:N/A:N/A,ClassOrInterfaceType,java.util.List,List,C:\Users\tyin363\Documents\repos\apolloconfig__apollo\apollo-build-sql-converter\src\main\java\com\ctrip\framework\apollo\build\sql\converter\ApolloSqlConverterUtil.java,254
CLIENT:client-code:N/A:N/A,ObjectCreationExpr,com.ctrip.framework.apollo.build.sql.converter.SqlTemplateGist.Builder,Builder,C:\Users\tyin363\Documents\repos\apolloconfig__apollo\apollo-build-sql-converter\src\main\java\com\ctrip\framework\apollo\build\sql\converter\SqlTemplateGist.java,43
JDK:java.base:N/A:N/A,ClassOrInterfaceType,java.io.BufferedWriter,BufferedWriter,C:\Users\tyin363\Documents\repos\apolloconfig__apollo\apollo-build-sql-converter\src\main\java\com\ctrip\framework\apollo\build\sql\converter\ApolloH2ConverterUtil.java,41
JDK:java.base:N/A:N/A,ClassOrInterfaceType,java.lang.String,String,C:\Users\tyin363\Documents\repos\apolloconfig__apollo\apollo-build-sql-converter\src\main\java\com\ctrip\framework\apollo\build\sql\converter\ApolloSqlConverter.java,88
CLIENT:client-code:N/A:N/A,FieldAccessExpr,com.ctrip.framework.apollo.build.sql.converter.SqlStatement.Builder,singleLineText,C:\Users\tyin363\Documents\repos\apolloconfig__apollo\apollo-build-sql-converter\src\main\java\com\ctrip\framework\apollo\build\sql\converter\SqlStatement.java,33
CLIENT:client-code:N/A:N/A,NameExpr,com.ctrip.framework.apollo.build.sql.converter.ApolloH2ConverterUtil,ROW_FORMAT_PATTERN,C:\Users\tyin363\Documents\repos\apolloconfig__apollo\apollo-build-sql-converter\src\main\java\com\ctrip\framework\apollo\build\sql\converter\ApolloH2ConverterUtil.java,127
JDK:java.base:N/A:N/A,ClassOrInterfaceType,java.nio.file.Path,Path,C:\Users\tyin363\Documents\repos\apolloconfig__apollo\apollo-build-sql-converter\src\main\java\com\ctrip\framework\apollo\build\sql\converter\ApolloSqlConverterUtil.java,206
JDK:java.base:N/A:N/A,ClassOrInterfaceType,java.io.StringReader,StringReader,C:\Users\tyin363\Documents\repos\apolloconfig__apollo\apollo-build-sql-converter\src\main\java\com\ctrip\framework\apollo\build\sql\converter\ApolloSqlConverterUtil.java,295
CLIENT:client-code:N/A:N/A,MethodCallExpr,com.ctrip.framework.apollo.build.sql.converter.SqlStatement,getRawText,C:\Users\tyin363\Documents\repos\apolloconfig__apollo\apollo-build-sql-converter\src\main\java\com\ctrip\framework\apollo\build\sql\converter\ApolloMysqlDefaultConverterUtil.java,63
JDK:java.base:N/A:N/A,ClassOrInterfaceType,java.util.List,List,C:\Users\tyin363\Documents\repos\apolloconfig__apollo\apollo-build-sql-converter\src\main\java\com\ctrip\framework\apollo\build\sql\converter\SqlStatement.java,57
CLIENT:client-code:N/A:N/A,FieldAccessExpr,com.ctrip.framework.apollo.build.sql.converter.SqlTemplate,template,C:\Users\tyin363\Documents\repos\apolloconfig__apollo\apollo-build-sql-converter\src\main\java\com\ctrip\framework\apollo\build\sql\converter\SqlTemplate.java,29
JDK:java.base:N/A:N/A,ClassOrInterfaceType,java.lang.String,String,C:\Users\tyin363\Documents\repos\apolloconfig__apollo\apollo-build-sql-converter\src\main\java\com\ctrip\framework\apollo\build\sql\converter\ApolloSqlConverterUtil.java,375
CLIENT:client-code:N/A:N/A,ClassOrInterfaceType,com.ctrip.framework.apollo.build.sql.converter.SqlStatement,SqlStatement,C:\Users\tyin363\Documents\repos\apolloconfig__apollo\apollo-build-sql-converter\src\main\java\com\ctrip\framework\apollo\build\sql\converter\ApolloH2ConverterUtil.java,69
CLIENT:client-code:N/A:N/A,FieldAccessExpr,com.ctrip.framework.apollo.build.sql.converter.SqlTemplateGist,h2Function,C:\Users\tyin363\Documents\repos\apolloconfig__apollo\apollo-build-sql-converter\src\main\java\com\ctrip\framework\apollo\build\sql\converter\SqlTemplateGist.java,72
JDK:java.base:N/A:N/A,MethodCallExpr,java.util.regex.Matcher,find,C:\Users\tyin363\Documents\repos\apolloconfig__apollo\apollo-build-sql-converter\src\main\java\com\ctrip\framework\apollo\build\sql\converter\ApolloH2ConverterUtil.java,120
JDK:java.base:N/A:N/A,ClassOrInterfaceType,java.util.List,List,C:\Users\tyin363\Documents\repos\apolloconfig__apollo\apollo-build-sql-converter\src\main\java\com\ctrip\framework\apollo\build\sql\converter\ApolloSqlConverter.java,47
CLIENT:client-code:N/A:N/A,ClassOrInterfaceType,com.ctrip.framework.apollo.build.sql.converter.SqlTemplateGist.Builder,Builder,C:\Users\tyin363\Documents\repos\apolloconfig__apollo\apollo-build-sql-converter\src\main\java\com\ctrip\framework\apollo\build\sql\converter\SqlTemplateGist.java,98
CLIENT:client-code:N/A:N/A,ClassOrInterfaceType,com.ctrip.framework.apollo.build.sql.converter.SqlTemplateGist,SqlTemplateGist,C:\Users\tyin363\Documents\repos\apolloconfig__apollo\apollo-build-sql-converter\src\main\java\com\ctrip\framework\apollo\build\sql\converter\ApolloSqlConverter.java,119
JDK:java.base:N/A:N/A,ObjectCreationExpr,java.lang.IllegalArgumentException,IllegalArgumentException,C:\Users\tyin363\Documents\repos\apolloconfig__apollo\apollo-build-sql-converter\src\main\java\com\ctrip\framework\apollo\build\sql\converter\ApolloSqlConverterUtil.java,104
JDK:java.base:N/A:N/A,MethodCallExpr,java.util.regex.Pattern,compile,C:\Users\tyin363\Documents\repos\apolloconfig__apollo\apollo-build-sql-converter\src\main\java\com\ctrip\framework\apollo\build\sql\converter\ApolloSqlConverterUtil.java,48
CLIENT:client-code:N/A:N/A,MethodCallExpr,com.ctrip.framework.apollo.build.sql.converter.SqlStatement,getRawText,C:\Users\tyin363\Documents\repos\apolloconfig__apollo\apollo-build-sql-converter\src\main\java\com\ctrip\framework\apollo\build\sql\converter\ApolloH2ConverterUtil.java,70
JDK:java.base:N/A:N/A,MethodCallExpr,java.util.regex.Matcher,replaceAll,C:\Users\tyin363\Documents\repos\apolloconfig__apollo\apollo-build-sql-converter\src\main\java\com\ctrip\framework\apollo\build\sql\converter\ApolloH2ConverterUtil.java,272
JDK:java.base:N/A:N/A,ClassOrInterfaceType,java.io.IOException,IOException,C:\Users\tyin363\Documents\repos\apolloconfig__apollo\apollo-build-sql-converter\src\main\java\com\ctrip\framework\apollo\build\sql\converter\ApolloH2ConverterUtil.java,55
JDK:java.base:N/A:N/A,ClassOrInterfaceType,java.util.ArrayList,ArrayList,C:\Users\tyin363\Documents\repos\apolloconfig__apollo\apollo-build-sql-converter\src\main\java\com\ctrip\framework\apollo\build\sql\converter\ApolloSqlConverterUtil.java,172
CLIENT:client-code:N/A:N/A,MethodCallExpr,com.ctrip.framework.apollo.build.sql.converter.SqlStatement.Builder,textLines,C:\Users\tyin363\Documents\repos\apolloconfig__apollo\apollo-build-sql-converter\src\main\java\com\ctrip\framework\apollo\build\sql\converter\ApolloSqlConverterUtil.java,395
JDK:java.base:N/A:N/A,ClassOrInterfaceType,java.util.List,List,C:\Users\tyin363\Documents\repos\apolloconfig__apollo\apollo-build-sql-converter\src\main\java\com\ctrip\framework\apollo\build\sql\converter\ApolloSqlConverter.java,46
org.freemarker:freemarker:jar:2.3.32,ClassOrInterfaceType,freemarker.template.Template,Template,C:\Users\tyin363\Documents\repos\apolloconfig__apollo\apollo-build-sql-converter\src\main\java\com\ctrip\framework\apollo\build\sql\converter\SqlTemplate.java,36
CLIENT:client-code:N/A:N/A,ClassOrInterfaceType,com.ctrip.framework.apollo.build.sql.converter.SqlTemplateGist.Builder,Builder,C:\Users\tyin363\Documents\repos\apolloconfig__apollo\apollo-build-sql-converter\src\main\java\com\ctrip\framework\apollo\build\sql\converter\SqlTemplateGist.java,31
JDK:java.base:N/A:N/A,MethodCallExpr,java.nio.file.Path,toString,C:\Users\tyin363\Documents\repos\apolloconfig__apollo\apollo-build-sql-converter\src\main\java\com\ctrip\framework\apollo\build\sql\converter\ApolloSqlConverterUtil.java,266
JDK:java.base:N/A:N/A,MethodCallExpr,java.util.regex.Pattern,matcher,C:\Users\tyin363\Documents\repos\apolloconfig__apollo\apollo-build-sql-converter\src\main\java\com\ctrip\framework\apollo\build\sql\converter\ApolloH2ConverterUtil.java,226
JDK:java.base:N/A:N/A,ClassOrInterfaceType,java.lang.String,String,C:\Users\tyin363\Documents\repos\apolloconfig__apollo\apollo-build-sql-converter\src\main\java\com\ctrip\framework\apollo\build\sql\converter\SqlStatement.java,49
CLIENT:client-code:N/A:N/A,ObjectCreationExpr,com.ctrip.framework.apollo.build.sql.converter.SqlTemplate,SqlTemplate,C:\Users\tyin363\Documents\repos\apolloconfig__apollo\apollo-build-sql-converter\src\main\java\com\ctrip\framework\apollo\build\sql\converter\ApolloSqlConverterUtil.java,288
JDK:java.base:N/A:N/A,MethodCallExpr,java.lang.StringBuilder,toString,C:\Users\tyin363\Documents\repos\apolloconfig__apollo\apollo-build-sql-converter\src\main\java\com\ctrip\framework\apollo\build\sql\converter\ApolloSqlConverterUtil.java,397
JDK:java.base:N/A:N/A,ClassOrInterfaceType,java.util.List,List,C:\Users\tyin363\Documents\repos\apolloconfig__apollo\apollo-build-sql-converter\src\main\java\com\ctrip\framework\apollo\build\sql\converter\ApolloSqlConverter.java,115
CLIENT:client-code:N/A:N/A,MethodCallExpr,com.ctrip.framework.apollo.build.sql.converter.SqlTemplateContext.Builder,build,C:\Users\tyin363\Documents\repos\apolloconfig__apollo\apollo-build-sql-converter\src\main\java\com\ctrip\framework\apollo\build\sql\converter\ApolloSqlConverter.java,105
CLIENT:client-code:N/A:N/A,FieldAccessExpr,com.ctrip.framework.apollo.build.sql.converter.SqlTemplateGist.Builder,setupDatabase,C:\Users\tyin363\Documents\repos\apolloconfig__apollo\apollo-build-sql-converter\src\main\java\com\ctrip\framework\apollo\build\sql\converter\SqlTemplateGist.java,34
JDK:java.base:N/A:N/A,MethodCallExpr,java.util.regex.Matcher,find,C:\Users\tyin363\Documents\repos\apolloconfig__apollo\apollo-build-sql-converter\src\main\java\com\ctrip\framework\apollo\build\sql\converter\ApolloH2ConverterUtil.java,250
JDK:java.base:N/A:N/A,MethodCallExpr,java.util.regex.Pattern,matcher,C:\Users\tyin363\Documents\repos\apolloconfig__apollo\apollo-build-sql-converter\src\main\java\com\ctrip\framework\apollo\build\sql\converter\ApolloH2ConverterUtil.java,296
CLIENT:client-code:N/A:N/A,ClassOrInterfaceType,com.ctrip.framework.apollo.build.sql.converter.ApolloSqlConverter,ApolloSqlConverter,C:\Users\tyin363\Documents\repos\apolloconfig__apollo\apollo-build-sql-converter\src\main\java\com\ctrip\framework\apollo\build\sql\converter\ApolloSqlConverterUtil.java,61
JDK:java.base:N/A:N/A,MethodCallExpr,java.util.StringJoiner,add,C:\Users\tyin363\Documents\repos\apolloconfig__apollo\apollo-build-sql-converter\src\main\java\com\ctrip\framework\apollo\build\sql\converter\ApolloSqlConverterUtil.java,377
CLIENT:client-code:N/A:N/A,MethodCallExpr,com.ctrip.framework.apollo.build.sql.converter.SqlStatement.Builder,singleLineText,C:\Users\tyin363\Documents\repos\apolloconfig__apollo\apollo-build-sql-converter\src\main\java\com\ctrip\framework\apollo\build\sql\converter\ApolloSqlConverterUtil.java,395
JDK:java.base:N/A:N/A,ClassOrInterfaceType,java.lang.String,String,C:\Users\tyin363\Documents\repos\apolloconfig__apollo\apollo-build-sql-converter\src\main\java\com\ctrip\framework\apollo\build\sql\converter\SqlTemplateGist.java,59
CLIENT:client-code:N/A:N/A,MethodCallExpr,com.ctrip.framework.apollo.build.sql.converter.ApolloSqlConverter,createConfiguration,C:\Users\tyin363\Documents\repos\apolloconfig__apollo\apollo-build-sql-converter\src\main\java\com\ctrip\framework\apollo\build\sql\converter\ApolloSqlConverter.java,41
JDK:java.base:N/A:N/A,ClassOrInterfaceType,java.nio.file.Path,Path,C:\Users\tyin363\Documents\repos\apolloconfig__apollo\apollo-build-sql-converter\src\main\java\com\ctrip\framework\apollo\build\sql\converter\ApolloSqlConverterUtil.java,70
JDK:java.base:N/A:N/A,MethodCallExpr,java.util.regex.Pattern,matcher,C:\Users\tyin363\Documents\repos\apolloconfig__apollo\apollo-build-sql-converter\src\main\java\com\ctrip\framework\apollo\build\sql\converter\ApolloH2ConverterUtil.java,294
JDK:java.base:N/A:N/A,ClassOrInterfaceType,java.io.IOException,IOException,C:\Users\tyin363\Documents\repos\apolloconfig__apollo\apollo-build-sql-converter\src\main\java\com\ctrip\framework\apollo\build\sql\converter\ApolloSqlConverterUtil.java,202
CLIENT:client-code:N/A:N/A,ObjectCreationExpr,com.ctrip.framework.apollo.build.sql.converter.SqlTemplateGist.Builder,Builder,C:\Users\tyin363\Documents\repos\apolloconfig__apollo\apollo-build-sql-converter\src\main\java\com\ctrip\framework\apollo\build\sql\converter\SqlTemplateGist.java,39
CLIENT:client-code:N/A:N/A,MethodCallExpr,com.ctrip.framework.apollo.build.sql.converter.ApolloH2ConverterUtil,convertAssemblyH2Line,C:\Users\tyin363\Documents\repos\apolloconfig__apollo\apollo-build-sql-converter\src\main\java\com\ctrip\framework\apollo\build\sql\converter\ApolloH2ConverterUtil.java,47
CLIENT:client-code:N/A:N/A,FieldAccessExpr,com.ctrip.framework.apollo.build.sql.converter.SqlTemplateContext,gists,C:\Users\tyin363\Documents\repos\apolloconfig__apollo\apollo-build-sql-converter\src\main\java\com\ctrip\framework\apollo\build\sql\converter\SqlTemplateContext.java,29
JDK:java.base:N/A:N/A,ClassOrInterfaceType,java.nio.file.Path,Path,C:\Users\tyin363\Documents\repos\apolloconfig__apollo\apollo-build-sql-converter\src\main\java\com\ctrip\framework\apollo\build\sql\converter\ApolloSqlConverterUtil.java,202
JDK:java.base:N/A:N/A,FieldAccessExpr,java.util.regex.Pattern,CASE_INSENSITIVE,C:\Users\tyin363\Documents\repos\apolloconfig__apollo\apollo-build-sql-converter\src\main\java\com\ctrip\framework\apollo\build\sql\converter\ApolloH2ConverterUtil.java,110
CLIENT:client-code:N/A:N/A,MethodCallExpr,com.ctrip.framework.apollo.build.sql.converter.ApolloSqlConverterUtil,replacePath,C:\Users\tyin363\Documents\repos\apolloconfig__apollo\apollo-build-sql-converter\src\main\java\com\ctrip\framework\apollo\build\sql\converter\ApolloSqlConverter.java,88
CLIENT:client-code:N/A:N/A,FieldAccessExpr,com.ctrip.framework.apollo.build.sql.converter.SqlTemplateContext.Builder,gists,C:\Users\tyin363\Documents\repos\apolloconfig__apollo\apollo-build-sql-converter\src\main\java\com\ctrip\framework\apollo\build\sql\converter\SqlTemplateContext.java,29
JDK:java.base:N/A:N/A,MethodCallExpr,java.io.BufferedWriter,write,C:\Users\tyin363\Documents\repos\apolloconfig__apollo\apollo-build-sql-converter\src\main\java\com\ctrip\framework\apollo\build\sql\converter\ApolloMysqlDefaultConverterUtil.java,55
CLIENT:client-code:N/A:N/A,MethodCallExpr,com.ctrip.framework.apollo.build.sql.converter.SqlTemplateGist.Builder,h2Function,C:\Users\tyin363\Documents\repos\apolloconfig__apollo\apollo-build-sql-converter\src\main\java\com\ctrip\framework\apollo\build\sql\converter\ApolloSqlConverter.java,77
CLIENT:client-code:N/A:N/A,ClassOrInterfaceType,com.ctrip.framework.apollo.build.sql.converter.SqlTemplateContext,SqlTemplateContext,C:\Users\tyin363\Documents\repos\apolloconfig__apollo\apollo-build-sql-converter\src\main\java\com\ctrip\framework\apollo\build\sql\converter\ApolloSqlConverter.java,125
JDK:java.base:N/A:N/A,ClassOrInterfaceType,java.util.StringJoiner,StringJoiner,C:\Users\tyin363\Documents\repos\apolloconfig__apollo\apollo-build-sql-converter\src\main\java\com\ctrip\framework\apollo\build\sql\converter\ApolloSqlConverterUtil.java,403
JDK:java.base:N/A:N/A,MethodCallExpr,java.util.regex.Matcher,find,C:\Users\tyin363\Documents\repos\apolloconfig__apollo\apollo-build-sql-converter\src\main\java\com\ctrip\framework\apollo\build\sql\converter\ApolloH2ConverterUtil.java,124
JDK:java.base:N/A:N/A,ClassOrInterfaceType,java.lang.String,String,C:\Users\tyin363\Documents\repos\apolloconfig__apollo\apollo-build-sql-converter\src\main\java\com\ctrip\framework\apollo\build\sql\converter\ApolloSqlConverter.java,95
JDK:java.base:N/A:N/A,ClassOrInterfaceType,java.lang.String,String,C:\Users\tyin363\Documents\repos\apolloconfig__apollo\apollo-build-sql-converter\src\main\java\com\ctrip\framework\apollo\build\sql\converter\ApolloSqlConverter.java,29
JDK:java.base:N/A:N/A,MethodCallExpr,java.util.regex.Pattern,matcher,C:\Users\tyin363\Documents\repos\apolloconfig__apollo\apollo-build-sql-converter\src\main\java\com\ctrip\framework\apollo\build\sql\converter\ApolloSqlConverterUtil.java,241
JDK:java.base:N/A:N/A,MethodCallExpr,java.nio.file.Path,toString,C:\Users\tyin363\Documents\repos\apolloconfig__apollo\apollo-build-sql-converter\src\main\java\com\ctrip\framework\apollo\build\sql\converter\ApolloSqlConverterUtil.java,71
JDK:java.base:N/A:N/A,ObjectCreationExpr,java.util.StringJoiner,StringJoiner,C:\Users\tyin363\Documents\repos\apolloconfig__apollo\apollo-build-sql-converter\src\main\java\com\ctrip\framework\apollo\build\sql\converter\ApolloSqlConverterUtil.java,406
JDK:java.base:N/A:N/A,FieldAccessExpr,java.util.regex.Pattern,CASE_INSENSITIVE,C:\Users\tyin363\Documents\repos\apolloconfig__apollo\apollo-build-sql-converter\src\main\java\com\ctrip\framework\apollo\build\sql\converter\ApolloH2ConverterUtil.java,113
JDK:java.base:N/A:N/A,MethodCallExpr,java.lang.String,contains,C:\Users\tyin363\Documents\repos\apolloconfig__apollo\apollo-build-sql-converter\src\main\java\com\ctrip\framework\apollo\build\sql\converter\ApolloH2ConverterUtil.java,180
JDK:java.base:N/A:N/A,MethodCallExpr,java.nio.file.Files,isDirectory,C:\Users\tyin363\Documents\repos\apolloconfig__apollo\apollo-build-sql-converter\src\main\java\com\ctrip\framework\apollo\build\sql\converter\ApolloSqlConverterUtil.java,257
JDK:java.base:N/A:N/A,ObjectCreationExpr,java.util.ArrayList,ArrayList,C:\Users\tyin363\Documents\repos\apolloconfig__apollo\apollo-build-sql-converter\src\main\java\com\ctrip\framework\apollo\build\sql\converter\ApolloSqlConverterUtil.java,279
CLIENT:client-code:N/A:N/A,MethodCallExpr,com.ctrip.framework.apollo.build.sql.converter.SqlTemplateGist.Builder,setupDatabase,C:\Users\tyin363\Documents\repos\apolloconfig__apollo\apollo-build-sql-converter\src\main\java\com\ctrip\framework\apollo\build\sql\converter\ApolloSqlConverter.java,119
JDK:java.base:N/A:N/A,MethodCallExpr,java.util.regex.Pattern,matcher,C:\Users\tyin363\Documents\repos\apolloconfig__apollo\apollo-build-sql-converter\src\main\java\com\ctrip\framework\apollo\build\sql\converter\ApolloH2ConverterUtil.java,157
CLIENT:client-code:N/A:N/A,NameExpr,com.ctrip.framework.apollo.build.sql.converter.ApolloH2ConverterUtil,INDEX_NAME_PATTERN,C:\Users\tyin363\Documents\repos\apolloconfig__apollo\apollo-build-sql-converter\src\main\java\com\ctrip\framework\apollo\build\sql\converter\ApolloH2ConverterUtil.java,157
JDK:java.base:N/A:N/A,MethodCallExpr,java.util.StringJoiner,toString,C:\Users\tyin363\Documents\repos\apolloconfig__apollo\apollo-build-sql-converter\src\main\java\com\ctrip\framework\apollo\build\sql\converter\SqlTemplateGist.java,69
JDK:java.base:N/A:N/A,ClassOrInterfaceType,java.lang.String,String,C:\Users\tyin363\Documents\repos\apolloconfig__apollo\apollo-build-sql-converter\src\main\java\com\ctrip\framework\apollo\build\sql\converter\ApolloSqlConverter.java,28
CLIENT:client-code:N/A:N/A,ClassOrInterfaceType,com.ctrip.framework.apollo.build.sql.converter.SqlTemplateGist,SqlTemplateGist,C:\Users\tyin363\Documents\repos\apolloconfig__apollo\apollo-build-sql-converter\src\main\java\com\ctrip\framework\apollo\build\sql\converter\ApolloSqlConverter.java,116
JDK:java.base:N/A:N/A,MethodCallExpr,java.util.regex.Pattern,matcher,C:\Users\tyin363\Documents\repos\apolloconfig__apollo\apollo-build-sql-converter\src\main\java\com\ctrip\framework\apollo\build\sql\converter\ApolloSqlConverterUtil.java,239
JDK:java.base:N/A:N/A,ObjectCreationExpr,java.io.File,File,C:\Users\tyin363\Documents\repos\apolloconfig__apollo\apollo-build-sql-converter\src\main\java\com\ctrip\framework\apollo\build\sql\converter\ApolloSqlConverter.java,65
JDK:java.base:N/A:N/A,ClassOrInterfaceType,java.lang.String,String,C:\Users\tyin363\Documents\repos\apolloconfig__apollo\apollo-build-sql-converter\src\main\java\com\ctrip\framework\apollo\build\sql\converter\SqlStatement.java,53
JDK:java.base:N/A:N/A,MethodCallExpr,java.util.regex.Pattern,compile,C:\Users\tyin363\Documents\repos\apolloconfig__apollo\apollo-build-sql-converter\src\main\java\com\ctrip\framework\apollo\build\sql\converter\ApolloSqlConverterUtil.java,51
JDK:java.base:N/A:N/A,ClassOrInterfaceType,java.util.regex.Matcher,Matcher,C:\Users\tyin363\Documents\repos\apolloconfig__apollo\apollo-build-sql-converter\src\main\java\com\ctrip\framework\apollo\build\sql\converter\ApolloH2ConverterUtil.java,249
CLIENT:client-code:N/A:N/A,FieldAccessExpr,com.ctrip.framework.apollo.build.sql.converter.SqlStatement.Builder,rawText,C:\Users\tyin363\Documents\repos\apolloconfig__apollo\apollo-build-sql-converter\src\main\java\com\ctrip\framework\apollo\build\sql\converter\SqlStatement.java,79
JDK:java.base:N/A:N/A,ClassOrInterfaceType,java.lang.String,String,C:\Users\tyin363\Documents\repos\apolloconfig__apollo\apollo-build-sql-converter\src\main\java\com\ctrip\framework\apollo\build\sql\converter\ApolloSqlConverterUtil.java,117
JDK:java.base:N/A:N/A,ClassOrInterfaceType,java.lang.String,String,C:\Users\tyin363\Documents\repos\apolloconfig__apollo\apollo-build-sql-converter\src\main\java\com\ctrip\framework\apollo\build\sql\converter\ApolloSqlConverter.java,97
JDK:java.base:N/A:N/A,ClassOrInterfaceType,java.lang.String,String,C:\Users\tyin363\Documents\repos\apolloconfig__apollo\apollo-build-sql-converter\src\main\java\com\ctrip\framework\apollo\build\sql\converter\ApolloSqlConverter.java,31
JDK:java.base:N/A:N/A,MethodCallExpr,java.util.concurrent.atomic.AtomicReference,get,C:\Users\tyin363\Documents\repos\apolloconfig__apollo\apollo-build-sql-converter\src\main\java\com\ctrip\framework\apollo\build\sql\converter\ApolloSqlConverterUtil.java,354
JDK:java.base:N/A:N/A,ClassOrInterfaceType,java.lang.String,String,C:\Users\tyin363\Documents\repos\apolloconfig__apollo\apollo-build-sql-converter\src\main\java\com\ctrip\framework\apollo\build\sql\converter\ApolloH2ConverterUtil.java,38
JDK:java.base:N/A:N/A,MethodCallExpr,java.util.Collections,emptyList,C:\Users\tyin363\Documents\repos\apolloconfig__apollo\apollo-build-sql-converter\src\main\java\com\ctrip\framework\apollo\build\sql\converter\SqlStatement.java,91
CLIENT:client-code:N/A:N/A,ClassOrInterfaceType,com.ctrip.framework.apollo.build.sql.converter.SqlTemplateGist.Builder,Builder,C:\Users\tyin363\Documents\repos\apolloconfig__apollo\apollo-build-sql-converter\src\main\java\com\ctrip\framework\apollo\build\sql\converter\SqlTemplateGist.java,38
JDK:java.base:N/A:N/A,MethodCallExpr,java.util.concurrent.atomic.AtomicBoolean,set,C:\Users\tyin363\Documents\repos\apolloconfig__apollo\apollo-build-sql-converter\src\main\java\com\ctrip\framework\apollo\build\sql\converter\ApolloSqlConverterUtil.java,352
JDK:java.base:N/A:N/A,ClassOrInterfaceType,java.util.StringJoiner,StringJoiner,C:\Users\tyin363\Documents\repos\apolloconfig__apollo\apollo-build-sql-converter\src\main\java\com\ctrip\framework\apollo\build\sql\converter\ApolloSqlConverterUtil.java,406
CLIENT:client-code:N/A:N/A,MethodCallExpr,com.ctrip.framework.apollo.build.sql.converter.SqlTemplate,getSrcPath,C:\Users\tyin363\Documents\repos\apolloconfig__apollo\apollo-build-sql-converter\src\main\java\com\ctrip\framework\apollo\build\sql\converter\ApolloSqlConverter.java,109
JDK:java.base:N/A:N/A,ClassOrInterfaceType,java.util.List,List,C:\Users\tyin363\Documents\repos\apolloconfig__apollo\apollo-build-sql-converter\src\main\java\com\ctrip\framework\apollo\build\sql\converter\ApolloSqlConverterUtil.java,263
JDK:java.base:N/A:N/A,ClassOrInterfaceType,java.nio.file.Path,Path,C:\Users\tyin363\Documents\repos\apolloconfig__apollo\apollo-build-sql-converter\src\main\java\com\ctrip\framework\apollo\build\sql\converter\ApolloSqlConverterUtil.java,265
JDK:java.base:N/A:N/A,MethodCallExpr,java.lang.String,substring,C:\Users\tyin363\Documents\repos\apolloconfig__apollo\apollo-build-sql-converter\src\main\java\com\ctrip\framework\apollo\build\sql\converter\ApolloSqlConverterUtil.java,226
JDK:java.base:N/A:N/A,ClassOrInterfaceType,java.lang.String,String,C:\Users\tyin363\Documents\repos\apolloconfig__apollo\apollo-build-sql-converter\src\main\java\com\ctrip\framework\apollo\build\sql\converter\ApolloSqlConverterUtil.java,249
CLIENT:client-code:N/A:N/A,FieldAccessExpr,com.ctrip.framework.apollo.build.sql.converter.SqlStatement.Builder,textLines,C:\Users\tyin363\Documents\repos\apolloconfig__apollo\apollo-build-sql-converter\src\main\java\com\ctrip\framework\apollo\build\sql\converter\SqlStatement.java,89
CLIENT:client-code:N/A:N/A,ObjectCreationExpr,com.ctrip.framework.apollo.build.sql.converter.SqlTemplateGist,SqlTemplateGist,C:\Users\tyin363\Documents\repos\apolloconfig__apollo\apollo-build-sql-converter\src\main\java\com\ctrip\framework\apollo\build\sql\converter\SqlTemplateGist.java,109
JDK:java.base:N/A:N/A,ClassOrInterfaceType,java.lang.String,String,C:\Users\tyin363\Documents\repos\apolloconfig__apollo\apollo-build-sql-converter\src\main\java\com\ctrip\framework\apollo\build\sql\converter\SqlTemplateGist.java,55
JDK:java.base:N/A:N/A,ClassOrInterfaceType,java.lang.String,String,C:\Users\tyin363\Documents\repos\apolloconfig__apollo\apollo-build-sql-converter\src\main\java\com\ctrip\framework\apollo\build\sql\converter\ApolloSqlConverterUtil.java,116
JDK:java.base:N/A:N/A,ClassOrInterfaceType,java.util.StringJoiner,StringJoiner,C:\Users\tyin363\Documents\repos\apolloconfig__apollo\apollo-build-sql-converter\src\main\java\com\ctrip\framework\apollo\build\sql\converter\ApolloSqlConverterUtil.java,338
JDK:java.base:N/A:N/A,ClassOrInterfaceType,java.lang.String,String,C:\Users\tyin363\Documents\repos\apolloconfig__apollo\apollo-build-sql-converter\src\main\java\com\ctrip\framework\apollo\build\sql\converter\SqlTemplateContext.java,47
JDK:java.base:N/A:N/A,ClassOrInterfaceType,java.lang.String,String,C:\Users\tyin363\Documents\repos\apolloconfig__apollo\apollo-build-sql-converter\src\main\java\com\ctrip\framework\apollo\build\sql\converter\ApolloSqlConverter.java,96
JDK:java.base:N/A:N/A,MethodCallExpr,java.util.concurrent.atomic.AtomicBoolean,get,C:\Users\tyin363\Documents\repos\apolloconfig__apollo\apollo-build-sql-converter\src\main\java\com\ctrip\framework\apollo\build\sql\converter\ApolloSqlConverterUtil.java,351
JDK:java.base:N/A:N/A,ClassOrInterfaceType,java.lang.String,String,C:\Users\tyin363\Documents\repos\apolloconfig__apollo\apollo-build-sql-converter\src\main\java\com\ctrip\framework\apollo\build\sql\converter\ApolloSqlConverter.java,30
JDK:java.base:N/A:N/A,MethodCallExpr,java.util.regex.Pattern,matcher,C:\Users\tyin363\Documents\repos\apolloconfig__apollo\apollo-build-sql-converter\src\main\java\com\ctrip\framework\apollo\build\sql\converter\ApolloSqlConverterUtil.java,237
CLIENT:client-code:N/A:N/A,NameExpr,com.ctrip.framework.apollo.build.sql.converter.ApolloH2ConverterUtil,CREATE_INDEX_PATTERN,C:\Users\tyin363\Documents\repos\apolloconfig__apollo\apollo-build-sql-converter\src\main\java\com\ctrip\framework\apollo\build\sql\converter\ApolloH2ConverterUtil.java,270
JDK:java.base:N/A:N/A,ClassOrInterfaceType,java.nio.file.Path,Path,C:\Users\tyin363\Documents\repos\apolloconfig__apollo\apollo-build-sql-converter\src\main\java\com\ctrip\framework\apollo\build\sql\converter\ApolloSqlConverterUtil.java,264
CLIENT:client-code:N/A:N/A,ClassOrInterfaceType,com.ctrip.framework.apollo.build.sql.converter.SqlTemplateGist.Builder,Builder,C:\Users\tyin363\Documents\repos\apolloconfig__apollo\apollo-build-sql-converter\src\main\java\com\ctrip\framework\apollo\build\sql\converter\SqlTemplateGist.java,103
CLIENT:client-code:N/A:N/A,MethodCallExpr,com.ctrip.framework.apollo.build.sql.converter.ApolloH2ConverterUtil,removePrefixIndex,C:\Users\tyin363\Documents\repos\apolloconfig__apollo\apollo-build-sql-converter\src\main\java\com\ctrip\framework\apollo\build\sql\converter\ApolloH2ConverterUtil.java,254
JDK:java.base:N/A:N/A,ClassOrInterfaceType,java.lang.String,String,C:\Users\tyin363\Documents\repos\apolloconfig__apollo\apollo-build-sql-converter\src\main\java\com\ctrip\framework\apollo\build\sql\converter\ApolloH2ConverterUtil.java,169
JDK:java.base:N/A:N/A,ClassOrInterfaceType,java.util.regex.Matcher,Matcher,C:\Users\tyin363\Documents\repos\apolloconfig__apollo\apollo-build-sql-converter\src\main\java\com\ctrip\framework\apollo\build\sql\converter\ApolloH2ConverterUtil.java,119
JDK:java.base:N/A:N/A,ClassOrInterfaceType,java.util.List,List,C:\Users\tyin363\Documents\repos\apolloconfig__apollo\apollo-build-sql-converter\src\main\java\com\ctrip\framework\apollo\build\sql\converter\ApolloSqlConverterUtil.java,394
JDK:java.base:N/A:N/A,ClassOrInterfaceType,java.io.IOException,IOException,C:\Users\tyin363\Documents\repos\apolloconfig__apollo\apollo-build-sql-converter\src\main\java\com\ctrip\framework\apollo\build\sql\converter\ApolloMysqlDefaultConverterUtil.java,57
CLIENT:client-code:N/A:N/A,FieldAccessExpr,com.ctrip.framework.apollo.build.sql.converter.SqlStatement,textLines,C:\Users\tyin363\Documents\repos\apolloconfig__apollo\apollo-build-sql-converter\src\main\java\com\ctrip\framework\apollo\build\sql\converter\SqlStatement.java,45
CLIENT:client-code:N/A:N/A,MethodCallExpr,com.ctrip.framework.apollo.build.sql.converter.SqlTemplateGist.Builder,build,C:\Users\tyin363\Documents\repos\apolloconfig__apollo\apollo-build-sql-converter\src\main\java\com\ctrip\framework\apollo\build\sql\converter\ApolloSqlConverter.java,119
JDK:java.base:N/A:N/A,ClassOrInterfaceType,java.lang.String,String,C:\Users\tyin363\Documents\repos\apolloconfig__apollo\apollo-build-sql-converter\src\main\java\com\ctrip\framework\apollo\build\sql\converter\ApolloH2ConverterUtil.java,151
CLIENT:client-code:N/A:N/A,ClassOrInterfaceType,com.ctrip.framework.apollo.build.sql.converter.SqlTemplate,SqlTemplate,C:\Users\tyin363\Documents\repos\apolloconfig__apollo\apollo-build-sql-converter\src\main\java\com\ctrip\framework\apollo\build\sql\converter\ApolloMysqlDefaultConverterUtil.java,32
JDK:java.base:N/A:N/A,MethodCallExpr,java.lang.Class,getSimpleName,C:\Users\tyin363\Documents\repos\apolloconfig__apollo\apollo-build-sql-converter\src\main\java\com\ctrip\framework\apollo\build\sql\converter\SqlTemplateGist.java,69
JDK:java.base:N/A:N/A,MethodCallExpr,java.util.List,add,C:\Users\tyin363\Documents\repos\apolloconfig__apollo\apollo-build-sql-converter\src\main\java\com\ctrip\framework\apollo\build\sql\converter\ApolloSqlConverterUtil.java,389
CLIENT:client-code:N/A:N/A,ClassOrInterfaceType,com.ctrip.framework.apollo.build.sql.converter.SqlTemplateContext.Builder,Builder,C:\Users\tyin363\Documents\repos\apolloconfig__apollo\apollo-build-sql-converter\src\main\java\com\ctrip\framework\apollo\build\sql\converter\SqlTemplateContext.java,33
CLIENT:client-code:N/A:N/A,MethodCallExpr,com.ctrip.framework.apollo.build.sql.converter.ApolloMysqlDefaultConverterUtil,convertMainMysqlLine,C:\Users\tyin363\Documents\repos\apolloconfig__apollo\apollo-build-sql-converter\src\main\java\com\ctrip\framework\apollo\build\sql\converter\ApolloMysqlDefaultConverterUtil.java,53
CLIENT:client-code:N/A:N/A,ClassOrInterfaceType,com.ctrip.framework.apollo.build.sql.converter.SqlTemplateGist,SqlTemplateGist,C:\Users\tyin363\Documents\repos\apolloconfig__apollo\apollo-build-sql-converter\src\main\java\com\ctrip\framework\apollo\build\sql\converter\SqlTemplateContext.java,61
CLIENT:client-code:N/A:N/A,MethodCallExpr,com.ctrip.framework.apollo.build.sql.converter.ApolloH2ConverterUtil,removePrefixIndex,C:\Users\tyin363\Documents\repos\apolloconfig__apollo\apollo-build-sql-converter\src\main\java\com\ctrip\framework\apollo\build\sql\converter\ApolloH2ConverterUtil.java,162
JDK:java.base:N/A:N/A,MethodCallExpr,java.lang.String,startsWith,C:\Users\tyin363\Documents\repos\apolloconfig__apollo\apollo-build-sql-converter\src\main\java\com\ctrip\framework\apollo\build\sql\converter\ApolloSqlConverterUtil.java,302
CLIENT:client-code:N/A:N/A,ClassOrInterfaceType,com.ctrip.framework.apollo.build.sql.converter.SqlStatement,SqlStatement,C:\Users\tyin363\Documents\repos\apolloconfig__apollo\apollo-build-sql-converter\src\main\java\com\ctrip\framework\apollo\build\sql\converter\ApolloSqlConverterUtil.java,293
JDK:java.base:N/A:N/A,MethodCallExpr,java.nio.file.Paths,get,C:\Users\tyin363\Documents\repos\apolloconfig__apollo\apollo-build-sql-converter\src\main\java\com\ctrip\framework\apollo\build\sql\converter\ApolloH2ConverterUtil.java,41
JDK:java.base:N/A:N/A,MethodCallExpr,java.util.regex.Pattern,matcher,C:\Users\tyin363\Documents\repos\apolloconfig__apollo\apollo-build-sql-converter\src\main\java\com\ctrip\framework\apollo\build\sql\converter\ApolloH2ConverterUtil.java,86
CLIENT:client-code:N/A:N/A,MethodCallExpr,com.ctrip.framework.apollo.build.sql.converter.SqlTemplateGist.Builder,useDatabase,C:\Users\tyin363\Documents\repos\apolloconfig__apollo\apollo-build-sql-converter\src\main\java\com\ctrip\framework\apollo\build\sql\converter\ApolloSqlConverter.java,119
JDK:java.base:N/A:N/A,MethodCallExpr,java.lang.String,contains,C:\Users\tyin363\Documents\repos\apolloconfig__apollo\apollo-build-sql-converter\src\main\java\com\ctrip\framework\apollo\build\sql\converter\ApolloSqlConverterUtil.java,110
CLIENT:client-code:N/A:N/A,MethodCallExpr,com.ctrip.framework.apollo.build.sql.converter.ApolloSqlConverterUtil,getGist,C:\Users\tyin363\Documents\repos\apolloconfig__apollo\apollo-build-sql-converter\src\main\java\com\ctrip\framework\apollo\build\sql\converter\ApolloSqlConverterUtil.java,118
JDK:java.base:N/A:N/A,ClassOrInterfaceType,java.lang.String,String,C:\Users\tyin363\Documents\repos\apolloconfig__apollo\apollo-build-sql-converter\src\main\java\com\ctrip\framework\apollo\build\sql\converter\ApolloH2ConverterUtil.java,150
CLIENT:client-code:N/A:N/A,MethodCallExpr,com.ctrip.framework.apollo.build.sql.converter.SqlTemplateGist,getAutoGeneratedDeclaration,C:\Users\tyin363\Documents\repos\apolloconfig__apollo\apollo-build-sql-converter\src\main\java\com\ctrip\framework\apollo\build\sql\converter\ApolloSqlConverter.java,100
CLIENT:client-code:N/A:N/A,MethodCallExpr,com.ctrip.framework.apollo.build.sql.converter.ApolloH2ConverterUtil,convertCreateTable,C:\Users\tyin363\Documents\repos\apolloconfig__apollo\apollo-build-sql-converter\src\main\java\com\ctrip\framework\apollo\build\sql\converter\ApolloH2ConverterUtil.java,79
CLIENT:client-code:N/A:N/A,FieldAccessExpr,com.ctrip.framework.apollo.build.sql.converter.SqlTemplateGist,useDatabase,C:\Users\tyin363\Documents\repos\apolloconfig__apollo\apollo-build-sql-converter\src\main\java\com\ctrip\framework\apollo\build\sql\converter\SqlTemplateGist.java,35
CLIENT:client-code:N/A:N/A,FieldAccessExpr,com.ctrip.framework.apollo.build.sql.converter.SqlStatement,rawText,C:\Users\tyin363\Documents\repos\apolloconfig__apollo\apollo-build-sql-converter\src\main\java\com\ctrip\framework\apollo\build\sql\converter\SqlStatement.java,32
JDK:java.base:N/A:N/A,ClassOrInterfaceType,java.lang.String,String,C:\Users\tyin363\Documents\repos\apolloconfig__apollo\apollo-build-sql-converter\src\main\java\com\ctrip\framework\apollo\build\sql\converter\SqlStatement.java,57
JDK:java.base:N/A:N/A,ClassOrInterfaceType,java.util.List,List,C:\Users\tyin363\Documents\repos\apolloconfig__apollo\apollo-build-sql-converter\src\main\java\com\ctrip\framework\apollo\build\sql\converter\ApolloSqlConverterUtil.java,404
JDK:java.base:N/A:N/A,MethodCallExpr,java.lang.String,startsWith,C:\Users\tyin363\Documents\repos\apolloconfig__apollo\apollo-build-sql-converter\src\main\java\com\ctrip\framework\apollo\build\sql\converter\ApolloSqlConverterUtil.java,103
CLIENT:client-code:N/A:N/A,ClassOrInterfaceType,com.ctrip.framework.apollo.build.sql.converter.SqlTemplateGist.Builder,Builder,C:\Users\tyin363\Documents\repos\apolloconfig__apollo\apollo-build-sql-converter\src\main\java\com\ctrip\framework\apollo\build\sql\converter\SqlTemplateGist.java,39
JDK:java.base:N/A:N/A,ClassOrInterfaceType,java.util.regex.Pattern,Pattern,C:\Users\tyin363\Documents\repos\apolloconfig__apollo\apollo-build-sql-converter\src\main\java\com\ctrip\framework\apollo\build\sql\converter\ApolloH2ConverterUtil.java,279
JDK:java.base:N/A:N/A,MethodCallExpr,java.io.BufferedReader,readLine,C:\Users\tyin363\Documents\repos\apolloconfig__apollo\apollo-build-sql-converter\src\main\java\com\ctrip\framework\apollo\build\sql\converter\ApolloSqlConverterUtil.java,135
JDK:java.base:N/A:N/A,ClassOrInterfaceType,java.util.List,List,C:\Users\tyin363\Documents\repos\apolloconfig__apollo\apollo-build-sql-converter\src\main\java\com\ctrip\framework\apollo\build\sql\converter\ApolloSqlConverterUtil.java,206
CLIENT:client-code:N/A:N/A,ClassOrInterfaceType,com.ctrip.framework.apollo.build.sql.converter.SqlStatement,SqlStatement,C:\Users\tyin363\Documents\repos\apolloconfig__apollo\apollo-build-sql-converter\src\main\java\com\ctrip\framework\apollo\build\sql\converter\ApolloSqlConverterUtil.java,294
CLIENT:client-code:N/A:N/A,MethodCallExpr,com.ctrip.framework.apollo.build.sql.converter.ApolloSqlConverterUtil,getGist,C:\Users\tyin363\Documents\repos\apolloconfig__apollo\apollo-build-sql-converter\src\main\java\com\ctrip\framework\apollo\build\sql\converter\ApolloSqlConverterUtil.java,119
JDK:java.base:N/A:N/A,ClassOrInterfaceType,java.util.ArrayList,ArrayList,C:\Users\tyin363\Documents\repos\apolloconfig__apollo\apollo-build-sql-converter\src\main\java\com\ctrip\framework\apollo\build\sql\converter\ApolloSqlConverterUtil.java,398
CLIENT:client-code:N/A:N/A,ClassOrInterfaceType,com.ctrip.framework.apollo.build.sql.converter.SqlTemplateGist.Builder,Builder,C:\Users\tyin363\Documents\repos\apolloconfig__apollo\apollo-build-sql-converter\src\main\java\com\ctrip\framework\apollo\build\sql\converter\SqlTemplateGist.java,42
JDK:java.base:N/A:N/A,ClassOrInterfaceType,java.util.StringJoiner,StringJoiner,C:\Users\tyin363\Documents\repos\apolloconfig__apollo\apollo-build-sql-converter\src\main\java\com\ctrip\framework\apollo\build\sql\converter\ApolloH2ConverterUtil.java,149
JDK:java.base:N/A:N/A,MethodCallExpr,java.io.BufferedReader,readLine,C:\Users\tyin363\Documents\repos\apolloconfig__apollo\apollo-build-sql-converter\src\main\java\com\ctrip\framework\apollo\build\sql\converter\ApolloSqlConverterUtil.java,136
JDK:java.base:N/A:N/A,ClassOrInterfaceType,java.nio.file.DirectoryStream,DirectoryStream,C:\Users\tyin363\Documents\repos\apolloconfig__apollo\apollo-build-sql-converter\src\main\java\com\ctrip\framework\apollo\build\sql\converter\ApolloSqlConverterUtil.java,173
JDK:java.base:N/A:N/A,MethodCallExpr,java.util.regex.Pattern,matcher,C:\Users\tyin363\Documents\repos\apolloconfig__apollo\apollo-build-sql-converter\src\main\java\com\ctrip\framework\apollo\build\sql\converter\ApolloH2ConverterUtil.java,221
JDK:java.base:N/A:N/A,ClassOrInterfaceType,java.lang.String,String,C:\Users\tyin363\Documents\repos\apolloconfig__apollo\apollo-build-sql-converter\src\main\java\com\ctrip\framework\apollo\build\sql\converter\ApolloSqlConverterUtil.java,220
JDK:java.base:N/A:N/A,ClassOrInterfaceType,java.util.regex.Matcher,Matcher,C:\Users\tyin363\Documents\repos\apolloconfig__apollo\apollo-build-sql-converter\src\main\java\com\ctrip\framework\apollo\build\sql\converter\ApolloH2ConverterUtil.java,221
JDK:java.base:N/A:N/A,ClassOrInterfaceType,java.lang.String,String,C:\Users\tyin363\Documents\repos\apolloconfig__apollo\apollo-build-sql-converter\src\main\java\com\ctrip\framework\apollo\build\sql\converter\ApolloSqlConverterUtil.java,154
CLIENT:client-code:N/A:N/A,ClassOrInterfaceType,com.ctrip.framework.apollo.build.sql.converter.SqlTemplateContext.Builder,Builder,C:\Users\tyin363\Documents\repos\apolloconfig__apollo\apollo-build-sql-converter\src\main\java\com\ctrip\framework\apollo\build\sql\converter\SqlTemplateContext.java,36
CLIENT:client-code:N/A:N/A,MethodCallExpr,com.ctrip.framework.apollo.build.sql.converter.ApolloSqlConverterUtil,getGist,C:\Users\tyin363\Documents\repos\apolloconfig__apollo\apollo-build-sql-converter\src\main\java\com\ctrip\framework\apollo\build\sql\converter\ApolloSqlConverterUtil.java,120
JDK:java.base:N/A:N/A,ClassOrInterfaceType,java.lang.String,String,C:\Users\tyin363\Documents\repos\apolloconfig__apollo\apollo-build-sql-converter\src\main\java\com\ctrip\framework\apollo\build\sql\converter\ApolloH2ConverterUtil.java,148
CLIENT:client-code:N/A:N/A,ClassOrInterfaceType,com.ctrip.framework.apollo.build.sql.converter.SqlTemplate,SqlTemplate,C:\Users\tyin363\Documents\repos\apolloconfig__apollo\apollo-build-sql-converter\src\main\java\com\ctrip\framework\apollo\build\sql\converter\ApolloSqlConverter.java,94
CLIENT:client-code:N/A:N/A,MethodCallExpr,com.ctrip.framework.apollo.build.sql.converter.ApolloSqlConverterUtil,toStatements,C:\Users\tyin363\Documents\repos\apolloconfig__apollo\apollo-build-sql-converter\src\main\java\com\ctrip\framework\apollo\build\sql\converter\ApolloH2ConverterUtil.java,40
JDK:java.base:N/A:N/A,ClassOrInterfaceType,java.io.BufferedWriter,BufferedWriter,C:\Users\tyin363\Documents\repos\apolloconfig__apollo\apollo-build-sql-converter\src\main\java\com\ctrip\framework\apollo\build\sql\converter\ApolloMysqlDefaultConverterUtil.java,49
JDK:java.base:N/A:N/A,MethodCallExpr,java.nio.file.Files,exists,C:\Users\tyin363\Documents\repos\apolloconfig__apollo\apollo-build-sql-converter\src\main\java\com\ctrip\framework\apollo\build\sql\converter\ApolloSqlConverterUtil.java,159
JDK:java.base:N/A:N/A,MethodCallExpr,java.nio.file.Path,getParent,C:\Users\tyin363\Documents\repos\apolloconfig__apollo\apollo-build-sql-converter\src\main\java\com\ctrip\framework\apollo\build\sql\converter\ApolloSqlConverterUtil.java,83
CLIENT:client-code:N/A:N/A,NameExpr,com.ctrip.framework.apollo.build.sql.converter.ApolloSqlConverterUtil,DELTA_PATTERN,C:\Users\tyin363\Documents\repos\apolloconfig__apollo\apollo-build-sql-converter\src\main\java\com\ctrip\framework\apollo\build\sql\converter\ApolloSqlConverterUtil.java,239
CLIENT:client-code:N/A:N/A,MethodCallExpr,com.ctrip.framework.apollo.build.sql.converter.ApolloSqlConverterUtil,ensureDirectories,C:\Users\tyin363\Documents\repos\apolloconfig__apollo\apollo-build-sql-converter\src\main\java\com\ctrip\framework\apollo\build\sql\converter\ApolloMysqlDefaultConverterUtil.java,44
JDK:java.base:N/A:N/A,MethodCallExpr,java.lang.String,contains,C:\Users\tyin363\Documents\repos\apolloconfig__apollo\apollo-build-sql-converter\src\main\java\com\ctrip\framework\apollo\build\sql\converter\ApolloH2ConverterUtil.java,177
JDK:java.base:N/A:N/A,ClassOrInterfaceType,java.util.regex.Pattern,Pattern,C:\Users\tyin363\Documents\repos\apolloconfig__apollo\apollo-build-sql-converter\src\main\java\com\ctrip\framework\apollo\build\sql\converter\ApolloH2ConverterUtil.java,215
CLIENT:client-code:N/A:N/A,ClassOrInterfaceType,com.ctrip.framework.apollo.build.sql.converter.SqlTemplateContext.Builder,Builder,C:\Users\tyin363\Documents\repos\apolloconfig__apollo\apollo-build-sql-converter\src\main\java\com\ctrip\framework\apollo\build\sql\converter\SqlTemplateContext.java,37
JDK:java.base:N/A:N/A,ClassOrInterfaceType,java.lang.String,String,C:\Users\tyin363\Documents\repos\apolloconfig__apollo\apollo-build-sql-converter\src\main\java\com\ctrip\framework\apollo\build\sql\converter\SqlTemplateGist.java,29
CLIENT:client-code:N/A:N/A,MethodCallExpr,com.ctrip.framework.apollo.build.sql.converter.ApolloSqlConverterUtil,getGist,C:\Users\tyin363\Documents\repos\apolloconfig__apollo\apollo-build-sql-converter\src\main\java\com\ctrip\framework\apollo\build\sql\converter\ApolloSqlConverterUtil.java,121
JDK:java.base:N/A:N/A,MethodCallExpr,java.util.StringJoiner,add,C:\Users\tyin363\Documents\repos\apolloconfig__apollo\apollo-build-sql-converter\src\main\java\com\ctrip\framework\apollo\build\sql\converter\ApolloSqlConverterUtil.java,145
JDK:java.base:N/A:N/A,MethodCallExpr,java.lang.Throwable,getLocalizedMessage,C:\Users\tyin363\Documents\repos\apolloconfig__apollo\apollo-build-sql-converter\src\main\java\com\ctrip\framework\apollo\build\sql\converter\ApolloSqlConverterUtil.java,178
CLIENT:client-code:N/A:N/A,MethodCallExpr,com.ctrip.framework.apollo.build.sql.converter.ApolloSqlConverterUtil,replacePath,C:\Users\tyin363\Documents\repos\apolloconfig__apollo\apollo-build-sql-converter\src\main\java\com\ctrip\framework\apollo\build\sql\converter\ApolloSqlConverter.java,129
CLIENT:client-code:N/A:N/A,ClassOrInterfaceType,com.ctrip.framework.apollo.build.sql.converter.SqlTemplate,SqlTemplate,C:\Users\tyin363\Documents\repos\apolloconfig__apollo\apollo-build-sql-converter\src\main\java\com\ctrip\framework\apollo\build\sql\converter\ApolloSqlConverter.java,87
JDK:java.base:N/A:N/A,MethodCallExpr,java.lang.String,replace,C:\Users\tyin363\Documents\repos\apolloconfig__apollo\apollo-build-sql-converter\src\main\java\com\ctrip\framework\apollo\build\sql\converter\ApolloSqlConverterUtil.java,106
JDK:java.base:N/A:N/A,ClassOrInterfaceType,java.lang.RuntimeException,RuntimeException,C:\Users\tyin363\Documents\repos\apolloconfig__apollo\apollo-build-sql-converter\src\main\java\com\ctrip\framework\apollo\build\sql\converter\ApolloSqlConverterUtil.java,317
CLIENT:client-code:N/A:N/A,MethodCallExpr,com.ctrip.framework.apollo.build.sql.converter.SqlTemplateGist.Builder,autoGeneratedDeclaration,C:\Users\tyin363\Documents\repos\apolloconfig__apollo\apollo-build-sql-converter\src\main\java\com\ctrip\framework\apollo\build\sql\converter\ApolloSqlConverter.java,77
CLIENT:client-code:N/A:N/A,ClassOrInterfaceType,com.ctrip.framework.apollo.build.sql.converter.SqlTemplateContext,SqlTemplateContext,C:\Users\tyin363\Documents\repos\apolloconfig__apollo\apollo-build-sql-converter\src\main\java\com\ctrip\framework\apollo\build\sql\converter\ApolloSqlConverter.java,83
JDK:java.base:N/A:N/A,ClassOrInterfaceType,java.lang.String,String,C:\Users\tyin363\Documents\repos\apolloconfig__apollo\apollo-build-sql-converter\src\main\java\com\ctrip\framework\apollo\build\sql\converter\ApolloSqlConverterUtil.java,222
CLIENT:client-code:N/A:N/A,MethodCallExpr,com.ctrip.framework.apollo.build.sql.converter.ApolloSqlConverterUtil,replacePrefix,C:\Users\tyin363\Documents\repos\apolloconfig__apollo\apollo-build-sql-converter\src\main\java\com\ctrip\framework\apollo\build\sql\converter\ApolloSqlConverterUtil.java,281
JDK:java.base:N/A:N/A,ClassOrInterfaceType,java.util.regex.Matcher,Matcher,C:\Users\tyin363\Documents\repos\apolloconfig__apollo\apollo-build-sql-converter\src\main\java\com\ctrip\framework\apollo\build\sql\converter\ApolloH2ConverterUtil.java,157
JDK:java.base:N/A:N/A,ClassOrInterfaceType,java.lang.String,String,C:\Users\tyin363\Documents\repos\apolloconfig__apollo\apollo-build-sql-converter\src\main\java\com\ctrip\framework\apollo\build\sql\converter\ApolloH2ConverterUtil.java,146
CLIENT:client-code:N/A:N/A,FieldAccessExpr,com.ctrip.framework.apollo.build.sql.converter.SqlTemplateGist.Builder,setupDatabase,C:\Users\tyin363\Documents\repos\apolloconfig__apollo\apollo-build-sql-converter\src\main\java\com\ctrip\framework\apollo\build\sql\converter\SqlTemplateGist.java,99
JDK:java.base:N/A:N/A,ObjectCreationExpr,java.util.ArrayList,ArrayList,C:\Users\tyin363\Documents\repos\apolloconfig__apollo\apollo-build-sql-converter\src\main\java\com\ctrip\framework\apollo\build\sql\converter\ApolloSqlConverterUtil.java,155
CLIENT:client-code:N/A:N/A,FieldAccessExpr,com.ctrip.framework.apollo.build.sql.converter.SqlTemplateGist.Builder,autoGeneratedDeclaration,C:\Users\tyin363\Documents\repos\apolloconfig__apollo\apollo-build-sql-converter\src\main\java\com\ctrip\framework\apollo\build\sql\converter\SqlTemplateGist.java,32
JDK:java.base:N/A:N/A,ClassOrInterfaceType,java.util.regex.Pattern,Pattern,C:\Users\tyin363\Documents\repos\apolloconfig__apollo\apollo-build-sql-converter\src\main\java\com\ctrip\framework\apollo\build\sql\converter\ApolloH2ConverterUtil.java,209
JDK:java.base:N/A:N/A,ClassOrInterfaceType,java.net.URI,URI,C:\Users\tyin363\Documents\repos\apolloconfig__apollo\apollo-build-sql-converter\src\main\java\com\ctrip\framework\apollo\build\sql\converter\ApolloSqlConverterUtil.java,64
CLIENT:client-code:N/A:N/A,ClassOrInterfaceType,com.ctrip.framework.apollo.build.sql.converter.SqlTemplateGist.Builder,Builder,C:\Users\tyin363\Documents\repos\apolloconfig__apollo\apollo-build-sql-converter\src\main\java\com\ctrip\framework\apollo\build\sql\converter\SqlTemplateGist.java,43
JDK:java.base:N/A:N/A,ClassOrInterfaceType,java.io.UncheckedIOException,UncheckedIOException,C:\Users\tyin363\Documents\repos\apolloconfig__apollo\apollo-build-sql-converter\src\main\java\com\ctrip\framework\apollo\build\sql\converter\ApolloH2ConverterUtil.java,56
CLIENT:client-code:N/A:N/A,MethodCallExpr,com.ctrip.framework.apollo.build.sql.converter.SqlTemplateGist.Builder,setupDatabase,C:\Users\tyin363\Documents\repos\apolloconfig__apollo\apollo-build-sql-converter\src\main\java\com\ctrip\framework\apollo\build\sql\converter\ApolloSqlConverter.java,77
JDK:java.base:N/A:N/A,ClassOrInterfaceType,java.lang.String,String,C:\Users\tyin363\Documents\repos\apolloconfig__apollo\apollo-build-sql-converter\src\main\java\com\ctrip\framework\apollo\build\sql\converter\ApolloMysqlDefaultConverterUtil.java,35
JDK:java.base:N/A:N/A,ClassOrInterfaceType,java.lang.String,String,C:\Users\tyin363\Documents\repos\apolloconfig__apollo\apollo-build-sql-converter\src\main\java\com\ctrip\framework\apollo\build\sql\converter\ApolloSqlConverterUtil.java,155
JDK:java.base:N/A:N/A,ObjectCreationExpr,java.lang.StringBuilder,StringBuilder,C:\Users\tyin363\Documents\repos\apolloconfig__apollo\apollo-build-sql-converter\src\main\java\com\ctrip\framework\apollo\build\sql\converter\ApolloSqlConverterUtil.java,297
JDK:java.base:N/A:N/A,ClassOrInterfaceType,java.util.regex.Pattern,Pattern,C:\Users\tyin363\Documents\repos\apolloconfig__apollo\apollo-build-sql-converter\src\main\java\com\ctrip\framework\apollo\build\sql\converter\ApolloH2ConverterUtil.java,212
JDK:java.base:N/A:N/A,ObjectCreationExpr,java.util.concurrent.atomic.AtomicBoolean,AtomicBoolean,C:\Users\tyin363\Documents\repos\apolloconfig__apollo\apollo-build-sql-converter\src\main\java\com\ctrip\framework\apollo\build\sql\converter\ApolloSqlConverterUtil.java,299
JDK:java.base:N/A:N/A,MethodCallExpr,java.nio.file.Files,exists,C:\Users\tyin363\Documents\repos\apolloconfig__apollo\apollo-build-sql-converter\src\main\java\com\ctrip\framework\apollo\build\sql\converter\ApolloSqlConverterUtil.java,156
JDK:java.base:N/A:N/A,MethodCallExpr,java.util.concurrent.atomic.AtomicBoolean,set,C:\Users\tyin363\Documents\repos\apolloconfig__apollo\apollo-build-sql-converter\src\main\java\com\ctrip\framework\apollo\build\sql\converter\ApolloSqlConverterUtil.java,327
JDK:java.base:N/A:N/A,MethodCallExpr,java.util.concurrent.atomic.AtomicReference,get,C:\Users\tyin363\Documents\repos\apolloconfig__apollo\apollo-build-sql-converter\src\main\java\com\ctrip\framework\apollo\build\sql\converter\ApolloSqlConverterUtil.java,329
JDK:java.base:N/A:N/A,ClassOrInterfaceType,java.lang.String,String,C:\Users\tyin363\Documents\repos\apolloconfig__apollo\apollo-build-sql-converter\src\main\java\com\ctrip\framework\apollo\build\sql\converter\ApolloSqlConverterUtil.java,224
JDK:java.base:N/A:N/A,ClassOrInterfaceType,java.lang.String,String,C:\Users\tyin363\Documents\repos\apolloconfig__apollo\apollo-build-sql-converter\src\main\java\com\ctrip\framework\apollo\build\sql\converter\SqlTemplateGist.java,98
JDK:java.base:N/A:N/A,MethodCallExpr,java.lang.String,contains,C:\Users\tyin363\Documents\repos\apolloconfig__apollo\apollo-build-sql-converter\src\main\java\com\ctrip\framework\apollo\build\sql\converter\ApolloH2ConverterUtil.java,174
JDK:java.base:N/A:N/A,ClassOrInterfaceType,java.lang.String,String,C:\Users\tyin363\Documents\repos\apolloconfig__apollo\apollo-build-sql-converter\src\main\java\com\ctrip\framework\apollo\build\sql\converter\ApolloMysqlDefaultConverterUtil.java,34
CLIENT:client-code:N/A:N/A,FieldAccessExpr,com.ctrip.framework.apollo.build.sql.converter.SqlStatement.Builder,singleLineText,C:\Users\tyin363\Documents\repos\apolloconfig__apollo\apollo-build-sql-converter\src\main\java\com\ctrip\framework\apollo\build\sql\converter\SqlStatement.java,84
CLIENT:client-code:N/A:N/A,ClassOrInterfaceType,com.ctrip.framework.apollo.build.sql.converter.SqlStatement.Builder,Builder,C:\Users\tyin363\Documents\repos\apolloconfig__apollo\apollo-build-sql-converter\src\main\java\com\ctrip\framework\apollo\build\sql\converter\SqlStatement.java,78
JDK:java.base:N/A:N/A,ObjectCreationExpr,java.util.StringJoiner,StringJoiner,C:\Users\tyin363\Documents\repos\apolloconfig__apollo\apollo-build-sql-converter\src\main\java\com\ctrip\framework\apollo\build\sql\converter\ApolloSqlConverterUtil.java,131
JDK:java.base:N/A:N/A,FieldAccessExpr,java.nio.charset.StandardCharsets,UTF_8,C:\Users\tyin363\Documents\repos\apolloconfig__apollo\apollo-build-sql-converter\src\main\java\com\ctrip\framework\apollo\build\sql\converter\ApolloH2ConverterUtil.java,42
JDK:java.base:N/A:N/A,MethodCallExpr,java.util.StringJoiner,add,C:\Users\tyin363\Documents\repos\apolloconfig__apollo\apollo-build-sql-converter\src\main\java\com\ctrip\framework\apollo\build\sql\converter\ApolloSqlConverterUtil.java,340
CLIENT:client-code:N/A:N/A,ClassOrInterfaceType,com.ctrip.framework.apollo.build.sql.converter.SqlTemplateContext,SqlTemplateContext,C:\Users\tyin363\Documents\repos\apolloconfig__apollo\apollo-build-sql-converter\src\main\java\com\ctrip\framework\apollo\build\sql\converter\SqlTemplateContext.java,48
JDK:java.base:N/A:N/A,ClassOrInterfaceType,java.lang.StringBuilder,StringBuilder,C:\Users\tyin363\Documents\repos\apolloconfig__apollo\apollo-build-sql-converter\src\main\java\com\ctrip\framework\apollo\build\sql\converter\ApolloSqlConverterUtil.java,348
JDK:java.base:N/A:N/A,ClassOrInterfaceType,java.util.regex.Matcher,Matcher,C:\Users\tyin363\Documents\repos\apolloconfig__apollo\apollo-build-sql-converter\src\main\java\com\ctrip\framework\apollo\build\sql\converter\ApolloH2ConverterUtil.java,226
JDK:java.base:N/A:N/A,ClassOrInterfaceType,java.lang.String,String,C:\Users\tyin363\Documents\repos\apolloconfig__apollo\apollo-build-sql-converter\src\main\java\com\ctrip\framework\apollo\build\sql\converter\ApolloSqlConverterUtil.java,91
JDK:java.base:N/A:N/A,ClassOrInterfaceType,java.util.StringJoiner,StringJoiner,C:\Users\tyin363\Documents\repos\apolloconfig__apollo\apollo-build-sql-converter\src\main\java\com\ctrip\framework\apollo\build\sql\converter\ApolloSqlConverterUtil.java,347
JDK:java.base:N/A:N/A,ClassOrInterfaceType,java.util.StringJoiner,StringJoiner,C:\Users\tyin363\Documents\repos\apolloconfig__apollo\apollo-build-sql-converter\src\main\java\com\ctrip\framework\apollo\build\sql\converter\SqlStatement.java,63
JDK:java.base:N/A:N/A,ClassOrInterfaceType,java.lang.String,String,C:\Users\tyin363\Documents\repos\apolloconfig__apollo\apollo-build-sql-converter\src\main\java\com\ctrip\framework\apollo\build\sql\converter\ApolloSqlConverter.java,74
CLIENT:client-code:N/A:N/A,MethodCallExpr,com.ctrip.framework.apollo.build.sql.converter.ApolloSqlConverterUtil,process,C:\Users\tyin363\Documents\repos\apolloconfig__apollo\apollo-build-sql-converter\src\main\java\com\ctrip\framework\apollo\build\sql\converter\ApolloMysqlDefaultConverterUtil.java,46
JDK:java.base:N/A:N/A,MethodCallExpr,java.nio.file.Files,isDirectory,C:\Users\tyin363\Documents\repos\apolloconfig__apollo\apollo-build-sql-converter\src\main\java\com\ctrip\framework\apollo\build\sql\converter\ApolloSqlConverterUtil.java,211
JDK:java.base:N/A:N/A,ClassOrInterfaceType,java.util.List,List,C:\Users\tyin363\Documents\repos\apolloconfig__apollo\apollo-build-sql-converter\src\main\java\com\ctrip\framework\apollo\build\sql\converter\ApolloSqlConverterUtil.java,348
JDK:java.base:N/A:N/A,ClassOrInterfaceType,java.util.regex.Matcher,Matcher,C:\Users\tyin363\Documents\repos\apolloconfig__apollo\apollo-build-sql-converter\src\main\java\com\ctrip\framework\apollo\build\sql\converter\ApolloH2ConverterUtil.java,294
JDK:java.base:N/A:N/A,MethodCallExpr,java.util.Comparator,comparing,C:\Users\tyin363\Documents\repos\apolloconfig__apollo\apollo-build-sql-converter\src\main\java\com\ctrip\framework\apollo\build\sql\converter\ApolloSqlConverterUtil.java,264
JDK:java.base:N/A:N/A,ClassOrInterfaceType,java.util.regex.Pattern,Pattern,C:\Users\tyin363\Documents\repos\apolloconfig__apollo\apollo-build-sql-converter\src\main\java\com\ctrip\framework\apollo\build\sql\converter\ApolloH2ConverterUtil.java,206
JDK:java.base:N/A:N/A,MethodCallExpr,java.util.regex.Matcher,matches,C:\Users\tyin363\Documents\repos\apolloconfig__apollo\apollo-build-sql-converter\src\main\java\com\ctrip\framework\apollo\build\sql\converter\ApolloSqlConverterUtil.java,237
CLIENT:client-code:N/A:N/A,MethodCallExpr,com.ctrip.framework.apollo.build.sql.converter.ApolloSqlConverter,convertMysqlDatabaseNotSpecifiedList,C:\Users\tyin363\Documents\repos\apolloconfig__apollo\apollo-build-sql-converter\src\main\java\com\ctrip\framework\apollo\build\sql\converter\ApolloSqlConverter.java,54
JDK:java.base:N/A:N/A,MethodCallExpr,java.util.regex.Pattern,compile,C:\Users\tyin363\Documents\repos\apolloconfig__apollo\apollo-build-sql-converter\src\main\java\com\ctrip\framework\apollo\build\sql\converter\ApolloH2ConverterUtil.java,212
JDK:java.base:N/A:N/A,ClassOrInterfaceType,java.lang.String,String,C:\Users\tyin363\Documents\repos\apolloconfig__apollo\apollo-build-sql-converter\src\main\java\com\ctrip\framework\apollo\build\sql\converter\ApolloMysqlDefaultConverterUtil.java,32
JDK:java.base:N/A:N/A,ClassOrInterfaceType,java.lang.String,String,C:\Users\tyin363\Documents\repos\apolloconfig__apollo\apollo-build-sql-converter\src\main\java\com\ctrip\framework\apollo\build\sql\converter\ApolloSqlConverter.java,75
CLIENT:client-code:N/A:N/A,NameExpr,com.ctrip.framework.apollo.build.sql.converter.ApolloH2ConverterUtil,ADD_INDEX_PATTERN,C:\Users\tyin363\Documents\repos\apolloconfig__apollo\apollo-build-sql-converter\src\main\java\com\ctrip\framework\apollo\build\sql\converter\ApolloH2ConverterUtil.java,249
CLIENT:client-code:N/A:N/A,NameExpr,com.ctrip.framework.apollo.build.sql.converter.ApolloSqlConverterUtil,BASE_PATTERN,C:\Users\tyin363\Documents\repos\apolloconfig__apollo\apollo-build-sql-converter\src\main\java\com\ctrip\framework\apollo\build\sql\converter\ApolloSqlConverterUtil.java,235
CLIENT:client-code:N/A:N/A,ClassOrInterfaceType,com.ctrip.framework.apollo.build.sql.converter.SqlStatement.Builder,Builder,C:\Users\tyin363\Documents\repos\apolloconfig__apollo\apollo-build-sql-converter\src\main\java\com\ctrip\framework\apollo\build\sql\converter\SqlStatement.java,88
JDK:java.base:N/A:N/A,ObjectCreationExpr,java.lang.IllegalArgumentException,IllegalArgumentException,C:\Users\tyin363\Documents\repos\apolloconfig__apollo\apollo-build-sql-converter\src\main\java\com\ctrip\framework\apollo\build\sql\converter\ApolloMysqlDefaultConverterUtil.java,41
JDK:java.base:N/A:N/A,MethodCallExpr,java.lang.StringBuilder,append,C:\Users\tyin363\Documents\repos\apolloconfig__apollo\apollo-build-sql-converter\src\main\java\com\ctrip\framework\apollo\build\sql\converter\ApolloSqlConverterUtil.java,342
CLIENT:client-code:N/A:N/A,ClassOrInterfaceType,com.ctrip.framework.apollo.build.sql.converter.SqlTemplateContext,SqlTemplateContext,C:\Users\tyin363\Documents\repos\apolloconfig__apollo\apollo-build-sql-converter\src\main\java\com\ctrip\framework\apollo\build\sql\converter\ApolloSqlConverterUtil.java,91
CLIENT:client-code:N/A:N/A,MethodCallExpr,com.ctrip.framework.apollo.build.sql.converter.ApolloSqlConverterUtil,commentLine,C:\Users\tyin363\Documents\repos\apolloconfig__apollo\apollo-build-sql-converter\src\main\java\com\ctrip\framework\apollo\build\sql\converter\ApolloSqlConverterUtil.java,303
JDK:java.base:N/A:N/A,MethodCallExpr,java.util.StringJoiner,toString,C:\Users\tyin363\Documents\repos\apolloconfig__apollo\apollo-build-sql-converter\src\main\java\com\ctrip\framework\apollo\build\sql\converter\ApolloH2ConverterUtil.java,166
JDK:java.base:N/A:N/A,MethodCallExpr,java.util.List,size,C:\Users\tyin363\Documents\repos\apolloconfig__apollo\apollo-build-sql-converter\src\main\java\com\ctrip\framework\apollo\build\sql\converter\ApolloSqlConverterUtil.java,279
CLIENT:client-code:N/A:N/A,ClassOrInterfaceType,com.ctrip.framework.apollo.build.sql.converter.SqlStatement,SqlStatement,C:\Users\tyin363\Documents\repos\apolloconfig__apollo\apollo-build-sql-converter\src\main\java\com\ctrip\framework\apollo\build\sql\converter\ApolloH2ConverterUtil.java,219
JDK:java.base:N/A:N/A,ClassOrInterfaceType,java.util.ArrayList,ArrayList,C:\Users\tyin363\Documents\repos\apolloconfig__apollo\apollo-build-sql-converter\src\main\java\com\ctrip\framework\apollo\build\sql\converter\ApolloSqlConverterUtil.java,255
JDK:java.base:N/A:N/A,MethodCallExpr,java.nio.file.Files,createDirectories,C:\Users\tyin363\Documents\repos\apolloconfig__apollo\apollo-build-sql-converter\src\main\java\com\ctrip\framework\apollo\build\sql\converter\ApolloSqlConverterUtil.java,85
JDK:java.base:N/A:N/A,MethodCallExpr,java.util.regex.Matcher,matches,C:\Users\tyin363\Documents\repos\apolloconfig__apollo\apollo-build-sql-converter\src\main\java\com\ctrip\framework\apollo\build\sql\converter\ApolloSqlConverterUtil.java,239
JDK:java.base:N/A:N/A,ClassOrInterfaceType,java.lang.String,String,C:\Users\tyin363\Documents\repos\apolloconfig__apollo\apollo-build-sql-converter\src\main\java\com\ctrip\framework\apollo\build\sql\converter\SqlStatement.java,62
CLIENT:client-code:N/A:N/A,MethodCallExpr,com.ctrip.framework.apollo.build.sql.converter.SqlTemplate,getSrcPath,C:\Users\tyin363\Documents\repos\apolloconfig__apollo\apollo-build-sql-converter\src\main\java\com\ctrip\framework\apollo\build\sql\converter\ApolloSqlConverter.java,88
CLIENT:client-code:N/A:N/A,MethodCallExpr,com.ctrip.framework.apollo.build.sql.converter.ApolloSqlConverterUtil,resetStatementBuffer,C:\Users\tyin363\Documents\repos\apolloconfig__apollo\apollo-build-sql-converter\src\main\java\com\ctrip\framework\apollo\build\sql\converter\ApolloSqlConverterUtil.java,333
CLIENT:client-code:N/A:N/A,MethodCallExpr,com.ctrip.framework.apollo.build.sql.converter.SqlStatement,builder,C:\Users\tyin363\Documents\repos\apolloconfig__apollo\apollo-build-sql-converter\src\main\java\com\ctrip\framework\apollo\build\sql\converter\ApolloSqlConverterUtil.java,395
CLIENT:client-code:N/A:N/A,MethodCallExpr,com.ctrip.framework.apollo.build.sql.converter.ApolloSqlConverter,convertH2DefaultList,C:\Users\tyin363\Documents\repos\apolloconfig__apollo\apollo-build-sql-converter\src\main\java\com\ctrip\framework\apollo\build\sql\converter\ApolloSqlConverter.java,57
JDK:java.base:N/A:N/A,ClassOrInterfaceType,java.lang.String,String,C:\Users\tyin363\Documents\repos\apolloconfig__apollo\apollo-build-sql-converter\src\main\java\com\ctrip\framework\apollo\build\sql\converter\ApolloSqlConverterUtil.java,162
JDK:java.base:N/A:N/A,ClassOrInterfaceType,java.lang.String,String,C:\Users\tyin363\Documents\repos\apolloconfig__apollo\apollo-build-sql-converter\src\main\java\com\ctrip\framework\apollo\build\sql\converter\SqlTemplate.java,27
CLIENT:client-code:N/A:N/A,MethodCallExpr,com.ctrip.framework.apollo.build.sql.converter.SqlTemplateContext,builder,C:\Users\tyin363\Documents\repos\apolloconfig__apollo\apollo-build-sql-converter\src\main\java\com\ctrip\framework\apollo\build\sql\converter\ApolloSqlConverter.java,83
CLIENT:client-code:N/A:N/A,MethodCallExpr,com.ctrip.framework.apollo.build.sql.converter.ApolloSqlConverterUtil,createStatement,C:\Users\tyin363\Documents\repos\apolloconfig__apollo\apollo-build-sql-converter\src\main\java\com\ctrip\framework\apollo\build\sql\converter\ApolloSqlConverterUtil.java,330
JDK:java.base:N/A:N/A,MethodCallExpr,java.util.regex.Pattern,compile,C:\Users\tyin363\Documents\repos\apolloconfig__apollo\apollo-build-sql-converter\src\main\java\com\ctrip\framework\apollo\build\sql\converter\ApolloH2ConverterUtil.java,279
JDK:java.base:N/A:N/A,MethodCallExpr,java.util.regex.Matcher,replaceAll,C:\Users\tyin363\Documents\repos\apolloconfig__apollo\apollo-build-sql-converter\src\main\java\com\ctrip\framework\apollo\build\sql\converter\ApolloH2ConverterUtil.java,223
JDK:java.base:N/A:N/A,ClassOrInterfaceType,java.util.List,List,C:\Users\tyin363\Documents\repos\apolloconfig__apollo\apollo-build-sql-converter\src\main\java\com\ctrip\framework\apollo\build\sql\converter\ApolloSqlConverterUtil.java,349
JDK:java.base:N/A:N/A,ClassOrInterfaceType,java.io.IOException,IOException,C:\Users\tyin363\Documents\repos\apolloconfig__apollo\apollo-build-sql-converter\src\main\java\com\ctrip\framework\apollo\build\sql\converter\ApolloSqlConverterUtil.java,285
CLIENT:client-code:N/A:N/A,FieldAccessExpr,com.ctrip.framework.apollo.build.sql.converter.SqlStatement,rawText,C:\Users\tyin363\Documents\repos\apolloconfig__apollo\apollo-build-sql-converter\src\main\java\com\ctrip\framework\apollo\build\sql\converter\SqlStatement.java,43
CLIENT:client-code:N/A:N/A,ClassOrInterfaceType,com.ctrip.framework.apollo.build.sql.converter.SqlTemplateContext.Builder,Builder,C:\Users\tyin363\Documents\repos\apolloconfig__apollo\apollo-build-sql-converter\src\main\java\com\ctrip\framework\apollo\build\sql\converter\SqlTemplateContext.java,28
JDK:java.base:N/A:N/A,ClassOrInterfaceType,java.util.regex.Matcher,Matcher,C:\Users\tyin363\Documents\repos\apolloconfig__apollo\apollo-build-sql-converter\src\main\java\com\ctrip\framework\apollo\build\sql\converter\ApolloH2ConverterUtil.java,231
JDK:java.base:N/A:N/A,ClassOrInterfaceType,java.lang.String,String,C:\Users\tyin363\Documents\repos\apolloconfig__apollo\apollo-build-sql-converter\src\main\java\com\ctrip\framework\apollo\build\sql\converter\ApolloH2ConverterUtil.java,289
CLIENT:client-code:N/A:N/A,MethodCallExpr,com.ctrip.framework.apollo.build.sql.converter.SqlTemplateGist.Builder,h2Function,C:\Users\tyin363\Documents\repos\apolloconfig__apollo\apollo-build-sql-converter\src\main\java\com\ctrip\framework\apollo\build\sql\converter\ApolloSqlConverter.java,119
JDK:java.base:N/A:N/A,MethodCallExpr,java.util.regex.Matcher,matches,C:\Users\tyin363\Documents\repos\apolloconfig__apollo\apollo-build-sql-converter\src\main\java\com\ctrip\framework\apollo\build\sql\converter\ApolloSqlConverterUtil.java,241
JDK:java.base:N/A:N/A,ClassOrInterfaceType,java.util.concurrent.atomic.AtomicReference,AtomicReference,C:\Users\tyin363\Documents\repos\apolloconfig__apollo\apollo-build-sql-converter\src\main\java\com\ctrip\framework\apollo\build\sql\converter\ApolloSqlConverterUtil.java,296
JDK:java.base:N/A:N/A,ClassOrInterfaceType,java.lang.String,String,C:\Users\tyin363\Documents\repos\apolloconfig__apollo\apollo-build-sql-converter\src\main\java\com\ctrip\framework\apollo\build\sql\converter\ApolloSqlConverterUtil.java,293
CLIENT:client-code:N/A:N/A,FieldAccessExpr,com.ctrip.framework.apollo.build.sql.converter.SqlTemplateGist,h2Function,C:\Users\tyin363\Documents\repos\apolloconfig__apollo\apollo-build-sql-converter\src\main\java\com\ctrip\framework\apollo\build\sql\converter\SqlTemplateGist.java,56
CLIENT:client-code:N/A:N/A,ClassOrInterfaceType,com.ctrip.framework.apollo.build.sql.converter.SqlTemplateGist,SqlTemplateGist,C:\Users\tyin363\Documents\repos\apolloconfig__apollo\apollo-build-sql-converter\src\main\java\com\ctrip\framework\apollo\build\sql\converter\SqlTemplateContext.java,56
JDK:java.base:N/A:N/A,ClassOrInterfaceType,java.util.regex.Matcher,Matcher,C:\Users\tyin363\Documents\repos\apolloconfig__apollo\apollo-build-sql-converter\src\main\java\com\ctrip\framework\apollo\build\sql\converter\ApolloH2ConverterUtil.java,98
JDK:java.base:N/A:N/A,ClassOrInterfaceType,java.lang.RuntimeException,RuntimeException,C:\Users\tyin363\Documents\repos\apolloconfig__apollo\apollo-build-sql-converter\src\main\java\com\ctrip\framework\apollo\build\sql\converter\ApolloH2ConverterUtil.java,49
JDK:java.base:N/A:N/A,MethodCallExpr,java.util.List,isEmpty,C:\Users\tyin363\Documents\repos\apolloconfig__apollo\apollo-build-sql-converter\src\main\java\com\ctrip\framework\apollo\build\sql\converter\ApolloSqlConverterUtil.java,328
JDK:java.base:N/A:N/A,ClassOrInterfaceType,java.io.IOException,IOException,C:\Users\tyin363\Documents\repos\apolloconfig__apollo\apollo-build-sql-converter\src\main\java\com\ctrip\framework\apollo\build\sql\converter\ApolloSqlConverterUtil.java,86
CLIENT:client-code:N/A:N/A,FieldAccessExpr,com.ctrip.framework.apollo.build.sql.converter.SqlTemplateGist,setupDatabase,C:\Users\tyin363\Documents\repos\apolloconfig__apollo\apollo-build-sql-converter\src\main\java\com\ctrip\framework\apollo\build\sql\converter\SqlTemplateGist.java,60
org.freemarker:freemarker:jar:2.3.32,MethodCallExpr,freemarker.template.Configuration,getTemplate,C:\Users\tyin363\Documents\repos\apolloconfig__apollo\apollo-build-sql-converter\src\main\java\com\ctrip\framework\apollo\build\sql\converter\ApolloSqlConverterUtil.java,284
CLIENT:client-code:N/A:N/A,ClassOrInterfaceType,com.ctrip.framework.apollo.build.sql.converter.SqlStatement.Builder,Builder,C:\Users\tyin363\Documents\repos\apolloconfig__apollo\apollo-build-sql-converter\src\main\java\com\ctrip\framework\apollo\build\sql\converter\SqlStatement.java,83
JDK:java.base:N/A:N/A,MethodCallExpr,java.lang.String,contains,C:\Users\tyin363\Documents\repos\apolloconfig__apollo\apollo-build-sql-converter\src\main\java\com\ctrip\framework\apollo\build\sql\converter\ApolloMysqlDefaultConverterUtil.java,36
CLIENT:client-code:N/A:N/A,MethodCallExpr,com.ctrip.framework.apollo.build.sql.converter.SqlTemplate,getSrcPath,C:\Users\tyin363\Documents\repos\apolloconfig__apollo\apollo-build-sql-converter\src\main\java\com\ctrip\framework\apollo\build\sql\converter\ApolloMysqlDefaultConverterUtil.java,35
JDK:java.base:N/A:N/A,ClassOrInterfaceType,java.util.StringJoiner,StringJoiner,C:\Users\tyin363\Documents\repos\apolloconfig__apollo\apollo-build-sql-converter\src\main\java\com\ctrip\framework\apollo\build\sql\converter\ApolloSqlConverterUtil.java,354
JDK:java.base:N/A:N/A,ClassOrInterfaceType,java.io.IOException,IOException,C:\Users\tyin363\Documents\repos\apolloconfig__apollo\apollo-build-sql-converter\src\main\java\com\ctrip\framework\apollo\build\sql\converter\ApolloSqlConverter.java,66
JDK:java.base:N/A:N/A,MethodCallExpr,java.util.List,add,C:\Users\tyin363\Documents\repos\apolloconfig__apollo\apollo-build-sql-converter\src\main\java\com\ctrip\framework\apollo\build\sql\converter\ApolloSqlConverterUtil.java,335
CLIENT:client-code:N/A:N/A,ClassOrInterfaceType,com.ctrip.framework.apollo.build.sql.converter.SqlStatement,SqlStatement,C:\Users\tyin363\Documents\repos\apolloconfig__apollo\apollo-build-sql-converter\src\main\java\com\ctrip\framework\apollo\build\sql\converter\ApolloSqlConverterUtil.java,355
JDK:java.base:N/A:N/A,MethodCallExpr,java.util.regex.Pattern,compile,C:\Users\tyin363\Documents\repos\apolloconfig__apollo\apollo-build-sql-converter\src\main\java\com\ctrip\framework\apollo\build\sql\converter\ApolloH2ConverterUtil.java,215
JDK:java.base:N/A:N/A,ClassOrInterfaceType,java.lang.String,String,C:\Users\tyin363\Documents\repos\apolloconfig__apollo\apollo-build-sql-converter\src\main\java\com\ctrip\framework\apollo\build\sql\converter\ApolloH2ConverterUtil.java,88
CLIENT:client-code:N/A:N/A,MethodCallExpr,com.ctrip.framework.apollo.build.sql.converter.SqlTemplateGist,builder,C:\Users\tyin363\Documents\repos\apolloconfig__apollo\apollo-build-sql-converter\src\main\java\com\ctrip\framework\apollo\build\sql\converter\ApolloSqlConverterUtil.java,122
JDK:java.base:N/A:N/A,ClassOrInterfaceType,java.lang.String,String,C:\Users\tyin363\Documents\repos\apolloconfig__apollo\apollo-build-sql-converter\src\main\java\com\ctrip\framework\apollo\build\sql\converter\ApolloH2ConverterUtil.java,220
CLIENT:client-code:N/A:N/A,FieldAccessExpr,com.ctrip.framework.apollo.build.sql.converter.SqlStatement,textLines,C:\Users\tyin363\Documents\repos\apolloconfig__apollo\apollo-build-sql-converter\src\main\java\com\ctrip\framework\apollo\build\sql\converter\SqlStatement.java,58
JDK:java.base:N/A:N/A,ClassOrInterfaceType,java.util.List,List,C:\Users\tyin363\Documents\repos\apolloconfig__apollo\apollo-build-sql-converter\src\main\java\com\ctrip\framework\apollo\build\sql\converter\ApolloSqlConverterUtil.java,277
CLIENT:client-code:N/A:N/A,MethodCallExpr,com.ctrip.framework.apollo.build.sql.converter.ApolloSqlConverterUtil,process,C:\Users\tyin363\Documents\repos\apolloconfig__apollo\apollo-build-sql-converter\src\main\java\com\ctrip\framework\apollo\build\sql\converter\ApolloH2ConverterUtil.java,38
JDK:java.base:N/A:N/A,ClassOrInterfaceType,java.lang.String,String,C:\Users\tyin363\Documents\repos\apolloconfig__apollo\apollo-build-sql-converter\src\main\java\com\ctrip\framework\apollo\build\sql\converter\SqlTemplateGist.java,103
CLIENT:client-code:N/A:N/A,ObjectCreationExpr,com.ctrip.framework.apollo.build.sql.converter.SqlStatement,SqlStatement,C:\Users\tyin363\Documents\repos\apolloconfig__apollo\apollo-build-sql-converter\src\main\java\com\ctrip\framework\apollo\build\sql\converter\SqlStatement.java,96
JDK:java.base:N/A:N/A,MethodCallExpr,java.util.regex.Matcher,find,C:\Users\tyin363\Documents\repos\apolloconfig__apollo\apollo-build-sql-converter\src\main\java\com\ctrip\framework\apollo\build\sql\converter\ApolloH2ConverterUtil.java,74
JDK:java.base:N/A:N/A,ClassOrInterfaceType,java.lang.StringBuilder,StringBuilder,C:\Users\tyin363\Documents\repos\apolloconfig__apollo\apollo-build-sql-converter\src\main\java\com\ctrip\framework\apollo\build\sql\converter\ApolloSqlConverterUtil.java,404
JDK:java.base:N/A:N/A,MethodCallExpr,java.lang.String,substring,C:\Users\tyin363\Documents\repos\apolloconfig__apollo\apollo-build-sql-converter\src\main\java\com\ctrip\framework\apollo\build\sql\converter\ApolloSqlConverterUtil.java,375
JDK:java.base:N/A:N/A,MethodCallExpr,java.nio.file.Paths,get,C:\Users\tyin363\Documents\repos\apolloconfig__apollo\apollo-build-sql-converter\src\main\java\com\ctrip\framework\apollo\build\sql\converter\ApolloSqlConverterUtil.java,250
JDK:java.base:N/A:N/A,ClassOrInterfaceType,java.nio.file.Path,Path,C:\Users\tyin363\Documents\repos\apolloconfig__apollo\apollo-build-sql-converter\src\main\java\com\ctrip\framework\apollo\build\sql\converter\ApolloSqlConverterUtil.java,83
JDK:java.base:N/A:N/A,ObjectCreationExpr,java.util.ArrayList,ArrayList,C:\Users\tyin363\Documents\repos\apolloconfig__apollo\apollo-build-sql-converter\src\main\java\com\ctrip\framework\apollo\build\sql\converter\ApolloSqlConverterUtil.java,294
JDK:java.base:N/A:N/A,ClassOrInterfaceType,java.lang.String,String,C:\Users\tyin363\Documents\repos\apolloconfig__apollo\apollo-build-sql-converter\src\main\java\com\ctrip\framework\apollo\build\sql\converter\ApolloH2ConverterUtil.java,219
CLIENT:client-code:N/A:N/A,NameExpr,com.ctrip.framework.apollo.build.sql.converter.ApolloH2ConverterUtil,DROP_INDEX_PATTERN,C:\Users\tyin363\Documents\repos\apolloconfig__apollo\apollo-build-sql-converter\src\main\java\com\ctrip\framework\apollo\build\sql\converter\ApolloH2ConverterUtil.java,256
JDK:java.base:N/A:N/A,MethodCallExpr,java.lang.String,contains,C:\Users\tyin363\Documents\repos\apolloconfig__apollo\apollo-build-sql-converter\src\main\java\com\ctrip\framework\apollo\build\sql\converter\ApolloMysqlDefaultConverterUtil.java,38
JDK:java.base:N/A:N/A,ObjectCreationExpr,java.io.BufferedReader,BufferedReader,C:\Users\tyin363\Documents\repos\apolloconfig__apollo\apollo-build-sql-converter\src\main\java\com\ctrip\framework\apollo\build\sql\converter\ApolloSqlConverterUtil.java,295
CLIENT:client-code:N/A:N/A,MethodCallExpr,com.ctrip.framework.apollo.build.sql.converter.SqlTemplateGist,builder,C:\Users\tyin363\Documents\repos\apolloconfig__apollo\apollo-build-sql-converter\src\main\java\com\ctrip\framework\apollo\build\sql\converter\ApolloSqlConverter.java,99
CLIENT:client-code:N/A:N/A,MethodCallExpr,com.ctrip.framework.apollo.build.sql.converter.SqlTemplate,getTemplate,C:\Users\tyin363\Documents\repos\apolloconfig__apollo\apollo-build-sql-converter\src\main\java\com\ctrip\framework\apollo\build\sql\converter\ApolloSqlConverterUtil.java,92
JDK:java.base:N/A:N/A,ClassOrInterfaceType,java.lang.String,String,C:\Users\tyin363\Documents\repos\apolloconfig__apollo\apollo-build-sql-converter\src\main\java\com\ctrip\framework\apollo\build\sql\converter\SqlTemplate.java,23
JDK:java.base:N/A:N/A,MethodCallExpr,java.util.regex.Matcher,find,C:\Users\tyin363\Documents\repos\apolloconfig__apollo\apollo-build-sql-converter\src\main\java\com\ctrip\framework\apollo\build\sql\converter\ApolloH2ConverterUtil.java,271
CLIENT:client-code:N/A:N/A,MethodCallExpr,com.ctrip.framework.apollo.build.sql.converter.SqlTemplateContext.Builder,build,C:\Users\tyin363\Documents\repos\apolloconfig__apollo\apollo-build-sql-converter\src\main\java\com\ctrip\framework\apollo\build\sql\converter\ApolloSqlConverter.java,125
JDK:java.base:N/A:N/A,ClassOrInterfaceType,java.util.Set,Set,C:\Users\tyin363\Documents\repos\apolloconfig__apollo\apollo-build-sql-converter\src\main\java\com\ctrip\framework\apollo\build\sql\converter\ApolloSqlConverterUtil.java,154
CLIENT:client-code:N/A:N/A,MethodCallExpr,com.ctrip.framework.apollo.build.sql.converter.ApolloSqlConverterUtil,deltaSqlComparator,C:\Users\tyin363\Documents\repos\apolloconfig__apollo\apollo-build-sql-converter\src\main\java\com\ctrip\framework\apollo\build\sql\converter\ApolloSqlConverterUtil.java,264
JDK:java.base:N/A:N/A,ClassOrInterfaceType,java.util.regex.Pattern,Pattern,C:\Users\tyin363\Documents\repos\apolloconfig__apollo\apollo-build-sql-converter\src\main\java\com\ctrip\framework\apollo\build\sql\converter\ApolloH2ConverterUtil.java,203
JDK:java.base:N/A:N/A,ClassOrInterfaceType,java.nio.file.Path,Path,C:\Users\tyin363\Documents\repos\apolloconfig__apollo\apollo-build-sql-converter\src\main\java\com\ctrip\framework\apollo\build\sql\converter\ApolloSqlConverterUtil.java,82
CLIENT:client-code:N/A:N/A,ClassOrInterfaceType,com.ctrip.framework.apollo.build.sql.converter.SqlStatement,SqlStatement,C:\Users\tyin363\Documents\repos\apolloconfig__apollo\apollo-build-sql-converter\src\main\java\com\ctrip\framework\apollo\build\sql\converter\SqlStatement.java,63
JDK:java.base:N/A:N/A,MethodCallExpr,java.util.List,sort,C:\Users\tyin363\Documents\repos\apolloconfig__apollo\apollo-build-sql-converter\src\main\java\com\ctrip\framework\apollo\build\sql\converter\ApolloSqlConverterUtil.java,186
JDK:java.base:N/A:N/A,ClassOrInterfaceType,java.util.List,List,C:\Users\tyin363\Documents\repos\apolloconfig__apollo\apollo-build-sql-converter\src\main\java\com\ctrip\framework\apollo\build\sql\converter\ApolloSqlConverterUtil.java,279
CLIENT:client-code:N/A:N/A,ClassOrInterfaceType,com.ctrip.framework.apollo.build.sql.converter.SqlTemplateContext.Builder,Builder,C:\Users\tyin363\Documents\repos\apolloconfig__apollo\apollo-build-sql-converter\src\main\java\com\ctrip\framework\apollo\build\sql\converter\SqlTemplateContext.java,32
CLIENT:client-code:N/A:N/A,MethodCallExpr,com.ctrip.framework.apollo.build.sql.converter.ApolloSqlConverterUtil,list,C:\Users\tyin363\Documents\repos\apolloconfig__apollo\apollo-build-sql-converter\src\main\java\com\ctrip\framework\apollo\build\sql\converter\ApolloSqlConverterUtil.java,206
JDK:java.base:N/A:N/A,ClassOrInterfaceType,java.lang.String,String,C:\Users\tyin363\Documents\repos\apolloconfig__apollo\apollo-build-sql-converter\src\main\java\com\ctrip\framework\apollo\build\sql\converter\ApolloSqlConverterUtil.java,298
JDK:java.base:N/A:N/A,MethodCallExpr,java.util.List,clear,C:\Users\tyin363\Documents\repos\apolloconfig__apollo\apollo-build-sql-converter\src\main\java\com\ctrip\framework\apollo\build\sql\converter\ApolloSqlConverterUtil.java,410
CLIENT:client-code:N/A:N/A,ClassOrInterfaceType,com.ctrip.framework.apollo.build.sql.converter.SqlStatement,SqlStatement,C:\Users\tyin363\Documents\repos\apolloconfig__apollo\apollo-build-sql-converter\src\main\java\com\ctrip\framework\apollo\build\sql\converter\ApolloH2ConverterUtil.java,147
JDK:java.base:N/A:N/A,MethodCallExpr,java.util.List,add,C:\Users\tyin363\Documents\repos\apolloconfig__apollo\apollo-build-sql-converter\src\main\java\com\ctrip\framework\apollo\build\sql\converter\ApolloSqlConverterUtil.java,268
JDK:java.base:N/A:N/A,ClassOrInterfaceType,java.io.IOException,IOException,C:\Users\tyin363\Documents\repos\apolloconfig__apollo\apollo-build-sql-converter\src\main\java\com\ctrip\framework\apollo\build\sql\converter\ApolloSqlConverterUtil.java,148
JDK:java.base:N/A:N/A,MethodCallExpr,java.util.List,addAll,C:\Users\tyin363\Documents\repos\apolloconfig__apollo\apollo-build-sql-converter\src\main\java\com\ctrip\framework\apollo\build\sql\converter\ApolloSqlConverterUtil.java,163
JDK:java.base:N/A:N/A,MethodCallExpr,java.util.concurrent.atomic.AtomicReference,get,C:\Users\tyin363\Documents\repos\apolloconfig__apollo\apollo-build-sql-converter\src\main\java\com\ctrip\framework\apollo\build\sql\converter\ApolloSqlConverterUtil.java,338
JDK:java.base:N/A:N/A,ClassOrInterfaceType,java.io.BufferedReader,BufferedReader,C:\Users\tyin363\Documents\repos\apolloconfig__apollo\apollo-build-sql-converter\src\main\java\com\ctrip\framework\apollo\build\sql\converter\ApolloSqlConverterUtil.java,133
