Library_Name,Version,Is_Transitive,Symbol_Type,Class_Name,Symbol_Name,Usage_Location,Line_Number
CLIENT:client-code,N/A,false,FieldAccessExpr,de.sldk.mc.config.PrometheusExporterConfig,PORT,C:\Users\tyin363\Documents\repos\sladkoff__minecraft-prometheus-exporter\src\main\java\de\sldk\mc\config\PrometheusExporterConfig.java,53
JDK:java.base,N/A,false,FieldAccessExpr,java.util.logging.Level,FINE,C:\Users\tyin363\Documents\repos\sladkoff__minecraft-prometheus-exporter\src\main\java\de\sldk\mc\metrics\tick_duration\TickDurationCollector.java,21
JDK:java.base,N/A,false,ClassOrInterfaceType,java.lang.Integer,Integer,C:\Users\tyin363\Documents\repos\sladkoff__minecraft-prometheus-exporter\src\main\java\de\sldk\mc\collectors\LoadedChunksCollector.java,21
CLIENT:client-code,N/A,false,ClassOrInterfaceType,de.sldk.mc.metrics.Metric,Metric,C:\Users\tyin363\Documents\repos\sladkoff__minecraft-prometheus-exporter\src\main\java\de\sldk\mc\metrics\TickDurationAverageCollector.java,7
JDK:java.base,N/A,false,MethodCallExpr,java.util.Map,get,C:\Users\tyin363\Documents\repos\sladkoff__minecraft-prometheus-exporter\src\main\java\de\sldk\mc\metrics\player\PlayerStatisticLoaderFromFile.java,118
CLIENT:client-code,N/A,false,ClassOrInterfaceType,de.sldk.mc.metrics.Metric,Metric,C:\Users\tyin363\Documents\repos\sladkoff__minecraft-prometheus-exporter\src\main\java\de\sldk\mc\metrics\ThreadsWrapper.java,10
CLIENT:client-code,N/A,false,FieldAccessExpr,de.sldk.mc.metrics.Metric,plugin,C:\Users\tyin363\Documents\repos\sladkoff__minecraft-prometheus-exporter\src\main\java\de\sldk\mc\metrics\Metric.java,21
CLIENT:client-code,N/A,false,ClassOrInterfaceType,de.sldk.mc.health.HealthCheck,HealthCheck,C:\Users\tyin363\Documents\repos\sladkoff__minecraft-prometheus-exporter\src\main\java\de\sldk\mc\health\HealthCheck.java,31
io.prometheus:simpleclient,0.16.0,true,MethodCallExpr,io.prometheus.client.SimpleCollector,clear,C:\Users\tyin363\Documents\repos\sladkoff__minecraft-prometheus-exporter\src\main\java\de\sldk\mc\metrics\Entities.java,44
CLIENT:client-code,N/A,false,ClassOrInterfaceType,de.sldk.mc.metrics.tick_duration.TickDurationStrategy,TickDurationStrategy,C:\Users\tyin363\Documents\repos\sladkoff__minecraft-prometheus-exporter\src\main\java\de\sldk\mc\metrics\tick_duration\TickDurationCollector.java,12
CLIENT:client-code,N/A,false,FieldAccessExpr,de.sldk.mc.collectors.TpsCollector,systemTimeSupplier,C:\Users\tyin363\Documents\repos\sladkoff__minecraft-prometheus-exporter\src\main\java\de\sldk\mc\collectors\TpsCollector.java,36
io.prometheus:simpleclient,0.16.0,true,MethodCallExpr,io.prometheus.client.Gauge,build,C:\Users\tyin363\Documents\repos\sladkoff__minecraft-prometheus-exporter\src\main\java\de\sldk\mc\metrics\Memory.java,8
JDK:java.base,N/A,false,MethodCallExpr,java.lang.Object,getClass,C:\Users\tyin363\Documents\repos\sladkoff__minecraft-prometheus-exporter\src\main\java\de\sldk\mc\metrics\player\PlayerStatisticLoaderFromBukkit.java,78
JDK:java.base,N/A,false,ClassOrInterfaceType,java.lang.String,String,C:\Users\tyin363\Documents\repos\sladkoff__minecraft-prometheus-exporter\src\main\java\de\sldk\mc\metrics\PlayerStatistics.java,70
CLIENT:client-code,N/A,false,ClassOrInterfaceType,de.sldk.mc.health.HealthCheck,HealthCheck,C:\Users\tyin363\Documents\repos\sladkoff__minecraft-prometheus-exporter\src\main\java\de\sldk\mc\health\HealthChecks.java,20
JDK:java.base,N/A,false,ClassOrInterfaceType,java.nio.file.Path,Path,C:\Users\tyin363\Documents\repos\sladkoff__minecraft-prometheus-exporter\src\main\java\de\sldk\mc\utils\PathFileSize.java,9
,,false,MethodCallExpr,io.prometheus.client.SimpleCollector.Builder,help,C:\Users\tyin363\Documents\repos\sladkoff__minecraft-prometheus-exporter\src\main\java\de\sldk\mc\metrics\WorldSize.java,13
,,false,FieldAccessExpr,io.prometheus.client.Collector.MetricFamilySamples,name,C:\Users\tyin363\Documents\repos\sladkoff__minecraft-prometheus-exporter\src\main\java\de\sldk\mc\metrics\HotspotPrefixer.java,21
CLIENT:client-code,N/A,false,ClassOrInterfaceType,de.sldk.mc.metrics.Metric,Metric,C:\Users\tyin363\Documents\repos\sladkoff__minecraft-prometheus-exporter\src\main\java\de\sldk\mc\metrics\TickDurationMinCollector.java,7
CLIENT:client-code,N/A,false,ClassOrInterfaceType,de.sldk.mc.health.HealthChecks,HealthChecks,C:\Users\tyin363\Documents\repos\sladkoff__minecraft-prometheus-exporter\src\main\java\de\sldk\mc\health\ConcurrentHealthChecks.java,6
CLIENT:client-code,N/A,false,ClassOrInterfaceType,de.sldk.mc.health.HealthChecks,HealthChecks,C:\Users\tyin363\Documents\repos\sladkoff__minecraft-prometheus-exporter\src\main\java\de\sldk\mc\MetricsServer.java,16
io.prometheus:simpleclient,0.16.0,true,MethodCallExpr,io.prometheus.client.CollectorRegistry,register,C:\Users\tyin363\Documents\repos\sladkoff__minecraft-prometheus-exporter\src\main\java\de\sldk\mc\metrics\Metric.java,91
JDK:java.base,N/A,false,ObjectCreationExpr,java.util.HashMap,HashMap,C:\Users\tyin363\Documents\repos\sladkoff__minecraft-prometheus-exporter\src\main\java\de\sldk\mc\metrics\player\PlayerStatisticLoaderFromFile.java,90
CLIENT:client-code,N/A,false,FieldAccessExpr,de.sldk.mc.metrics.WorldSize,log,C:\Users\tyin363\Documents\repos\sladkoff__minecraft-prometheus-exporter\src\main\java\de\sldk\mc\metrics\WorldSize.java,21
io.prometheus:simpleclient_common,0.16.0,false,MethodCallExpr,io.prometheus.client.exporter.common.TextFormat,write004,C:\Users\tyin363\Documents\repos\sladkoff__minecraft-prometheus-exporter\src\main\java\de\sldk\mc\MetricsController.java,54
CLIENT:client-code,N/A,false,MethodCallExpr,de.sldk.mc.metrics.Metric,prefix,C:\Users\tyin363\Documents\repos\sladkoff__minecraft-prometheus-exporter\src\main\java\de\sldk\mc\metrics\PlayersTotal.java,10
CLIENT:client-code,N/A,false,ObjectCreationExpr,de.sldk.mc.health.HealthCheck.AnyOf,AnyOf,C:\Users\tyin363\Documents\repos\sladkoff__minecraft-prometheus-exporter\src\main\java\de\sldk\mc\health\HealthCheck.java,32
,,false,MethodCallExpr,io.prometheus.client.SimpleCollector.Builder,help,C:\Users\tyin363\Documents\repos\sladkoff__minecraft-prometheus-exporter\src\main\java\de\sldk\mc\metrics\TickDurationMaxCollector.java,11
io.prometheus:simpleclient,0.16.0,true,MethodCallExpr,io.prometheus.client.SimpleCollector,clear,C:\Users\tyin363\Documents\repos\sladkoff__minecraft-prometheus-exporter\src\main\java\de\sldk\mc\metrics\LoadedChunks.java,37
CLIENT:client-code,N/A,false,ObjectCreationExpr,de.sldk.mc.MetricRegistry,MetricRegistry,C:\Users\tyin363\Documents\repos\sladkoff__minecraft-prometheus-exporter\src\main\java\de\sldk\mc\MetricRegistry.java,12
JDK:java.base,N/A,false,MethodCallExpr,java.lang.Class,getSimpleName,C:\Users\tyin363\Documents\repos\sladkoff__minecraft-prometheus-exporter\src\main\java\de\sldk\mc\metrics\PlayerStatistics.java,71
JDK:java.base,N/A,false,ClassOrInterfaceType,java.lang.Exception,Exception,C:\Users\tyin363\Documents\repos\sladkoff__minecraft-prometheus-exporter\src\main\java\de\sldk\mc\metrics\tick_duration\PaperTickDurationStrategy.java,33
JDK:java.base,N/A,false,MethodCallExpr,java.lang.Integer,toString,C:\Users\tyin363\Documents\repos\sladkoff__minecraft-prometheus-exporter\src\main\java\de\sldk\mc\metrics\Villagers.java,51
org.eclipse.jetty:jetty-http,12.0.17,true,MethodCallExpr,org.eclipse.jetty.http.pathmap.PathSpec,from,C:\Users\tyin363\Documents\repos\sladkoff__minecraft-prometheus-exporter\src\main\java\de\sldk\mc\MetricsServer.java,31
JDK:java.base,N/A,false,ClassOrInterfaceType,java.util.HashMap,HashMap,C:\Users\tyin363\Documents\repos\sladkoff__minecraft-prometheus-exporter\src\main\java\de\sldk\mc\metrics\player\PlayerStatisticLoaderFromFile.java,69
CLIENT:client-code,N/A,false,MethodReferenceExpr,de.sldk.mc.metrics.player.PlayerStatisticLoaderFromFile,isFileNameUuid,C:\Users\tyin363\Documents\repos\sladkoff__minecraft-prometheus-exporter\src\main\java\de\sldk\mc\metrics\player\PlayerStatisticLoaderFromFile.java,76
,,false,MethodCallExpr,io.prometheus.client.SimpleCollector.Builder,help,C:\Users\tyin363\Documents\repos\sladkoff__minecraft-prometheus-exporter\src\main\java\de\sldk\mc\metrics\Entities.java,27
JDK:java.base,N/A,false,ClassOrInterfaceType,java.util.logging.Logger,Logger,C:\Users\tyin363\Documents\repos\sladkoff__minecraft-prometheus-exporter\src\main\java\de\sldk\mc\metrics\PlayerStatistics.java,30
CLIENT:client-code,N/A,false,FieldAccessExpr,de.sldk.mc.metrics.Villagers.VillagerGrouping,type,C:\Users\tyin363\Documents\repos\sladkoff__minecraft-prometheus-exporter\src\main\java\de\sldk\mc\metrics\Villagers.java,65
CLIENT:client-code,N/A,false,ObjectCreationExpr,de.sldk.mc.metrics.tick_duration.TickDurationCollector,TickDurationCollector,C:\Users\tyin363\Documents\repos\sladkoff__minecraft-prometheus-exporter\src\main\java\de\sldk\mc\metrics\tick_duration\TickDurationCollector.java,27
JDK:java.base,N/A,false,ClassOrInterfaceType,java.util.logging.Logger,Logger,C:\Users\tyin363\Documents\repos\sladkoff__minecraft-prometheus-exporter\src\main\java\de\sldk\mc\metrics\tick_duration\TickDurationCollector.java,17
CLIENT:client-code,N/A,false,MethodCallExpr,de.sldk.mc.metrics.player.PlayerStatisticLoaderFromFile,fileNameToUuid,C:\Users\tyin363\Documents\repos\sladkoff__minecraft-prometheus-exporter\src\main\java\de\sldk\mc\metrics\player\PlayerStatisticLoaderFromFile.java,123
CLIENT:client-code,N/A,false,ClassOrInterfaceType,de.sldk.mc.metrics.tick_duration.TickDurationCollector,TickDurationCollector,C:\Users\tyin363\Documents\repos\sladkoff__minecraft-prometheus-exporter\src\main\java\de\sldk\mc\metrics\TickDurationMedianCollector.java,11
org.eclipse.jetty:jetty-http,12.0.17,true,MethodCallExpr,org.eclipse.jetty.http.pathmap.PathSpec,from,C:\Users\tyin363\Documents\repos\sladkoff__minecraft-prometheus-exporter\src\main\java\de\sldk\mc\MetricsServer.java,32
CLIENT:client-code,N/A,false,ClassOrInterfaceType,de.sldk.mc.config.PluginConfig,PluginConfig,C:\Users\tyin363\Documents\repos\sladkoff__minecraft-prometheus-exporter\src\main\java\de\sldk\mc\config\PrometheusExporterConfig.java,89
JDK:java.base,N/A,false,MethodCallExpr,java.lang.reflect.Field,get,C:\Users\tyin363\Documents\repos\sladkoff__minecraft-prometheus-exporter\src\main\java\de\sldk\mc\metrics\tick_duration\DefaultTickDurationStrategy.java,42
CLIENT:client-code,N/A,false,ClassOrInterfaceType,de.sldk.mc.metrics.tick_duration.PaperTickDurationStrategy,PaperTickDurationStrategy,C:\Users\tyin363\Documents\repos\sladkoff__minecraft-prometheus-exporter\src\main\java\de\sldk\mc\metrics\tick_duration\TickDurationCollector.java,18
JDK:java.base,N/A,false,ObjectCreationExpr,java.util.HashMap,HashMap,C:\Users\tyin363\Documents\repos\sladkoff__minecraft-prometheus-exporter\src\main\java\de\sldk\mc\collectors\LoadedChunksCollector.java,16
JDK:java.base,N/A,false,MethodCallExpr,java.util.stream.Collectors,counting,C:\Users\tyin363\Documents\repos\sladkoff__minecraft-prometheus-exporter\src\main\java\de\sldk\mc\metrics\Entities.java,50
CLIENT:client-code,N/A,false,MethodCallExpr,de.sldk.mc.metrics.Metric,prefix,C:\Users\tyin363\Documents\repos\sladkoff__minecraft-prometheus-exporter\src\main\java\de\sldk\mc\metrics\TickDurationMinCollector.java,12
CLIENT:client-code,N/A,false,ObjectCreationExpr,de.sldk.mc.metrics.tick_duration.TickDurationCollector,TickDurationCollector,C:\Users\tyin363\Documents\repos\sladkoff__minecraft-prometheus-exporter\src\main\java\de\sldk\mc\metrics\tick_duration\TickDurationCollector.java,22
CLIENT:client-code,N/A,false,MethodCallExpr,de.sldk.mc.metrics.HotspotPrefixer,prefixFromCollector,C:\Users\tyin363\Documents\repos\sladkoff__minecraft-prometheus-exporter\src\main\java\de\sldk\mc\metrics\GarbageCollectorWrapper.java,33
CLIENT:client-code,N/A,false,ClassOrInterfaceType,de.sldk.mc.metrics.WorldMetric,WorldMetric,C:\Users\tyin363\Documents\repos\sladkoff__minecraft-prometheus-exporter\src\main\java\de\sldk\mc\metrics\LoadedChunks.java,9
JDK:java.base,N/A,false,ClassOrInterfaceType,java.util.List,List,C:\Users\tyin363\Documents\repos\sladkoff__minecraft-prometheus-exporter\src\main\java\de\sldk\mc\metrics\HotspotPrefixer.java,13
JDK:java.base,N/A,false,ClassOrInterfaceType,java.util.UUID,UUID,C:\Users\tyin363\Documents\repos\sladkoff__minecraft-prometheus-exporter\src\main\java\de\sldk\mc\metrics\player\PlayerStatisticLoaderFromFile.java,53
org.eclipse.jetty:jetty-util,12.0.17,true,MethodCallExpr,org.eclipse.jetty.util.component.AbstractLifeCycle,start,C:\Users\tyin363\Documents\repos\sladkoff__minecraft-prometheus-exporter\src\main\java\de\sldk\mc\MetricsServer.java,40
CLIENT:client-code,N/A,false,FieldAccessExpr,de.sldk.mc.config.PrometheusExporterConfig,prometheusExporter,C:\Users\tyin363\Documents\repos\sladkoff__minecraft-prometheus-exporter\src\main\java\de\sldk\mc\config\PrometheusExporterConfig.java,42
JDK:java.base,N/A,false,MethodCallExpr,java.lang.Object,getClass,C:\Users\tyin363\Documents\repos\sladkoff__minecraft-prometheus-exporter\src\main\java\de\sldk\mc\config\PrometheusExporterConfig.java,65
io.prometheus:simpleclient,0.16.0,true,MethodCallExpr,io.prometheus.client.CollectorRegistry,metricFamilySamples,C:\Users\tyin363\Documents\repos\sladkoff__minecraft-prometheus-exporter\src\main\java\de\sldk\mc\MetricsController.java,54
io.prometheus:simpleclient,0.16.0,true,MethodCallExpr,io.prometheus.client.CollectorRegistry,unregister,C:\Users\tyin363\Documents\repos\sladkoff__minecraft-prometheus-exporter\src\main\java\de\sldk\mc\metrics\Metric.java,96
JDK:java.base,N/A,false,ClassOrInterfaceType,java.lang.Enum,Enum,C:\Users\tyin363\Documents\repos\sladkoff__minecraft-prometheus-exporter\src\main\java\de\sldk\mc\metrics\player\PlayerStatisticLoader.java,9
JDK:java.base,N/A,false,ClassOrInterfaceType,java.util.Map,Map,C:\Users\tyin363\Documents\repos\sladkoff__minecraft-prometheus-exporter\src\main\java\de\sldk\mc\metrics\player\PlayerStatisticLoaderFromFile.java,62
CLIENT:client-code,N/A,false,MethodCallExpr,de.sldk.mc.metrics.Metric,doCollect,C:\Users\tyin363\Documents\repos\sladkoff__minecraft-prometheus-exporter\src\main\java\de\sldk\mc\metrics\Metric.java,49
,,false,FieldAccessExpr,io.prometheus.client.Collector.MetricFamilySamples.Sample,labelNames,C:\Users\tyin363\Documents\repos\sladkoff__minecraft-prometheus-exporter\src\main\java\de\sldk\mc\metrics\HotspotPrefixer.java,18
JDK:java.base,N/A,false,MethodCallExpr,java.lang.Object,equals,C:\Users\tyin363\Documents\repos\sladkoff__minecraft-prometheus-exporter\src\main\java\de\sldk\mc\metrics\tick_duration\DefaultTickDurationStrategy.java,40
io.prometheus:simpleclient,0.16.0,true,MethodCallExpr,io.prometheus.client.SimpleCollector,labels,C:\Users\tyin363\Documents\repos\sladkoff__minecraft-prometheus-exporter\src\main\java\de\sldk\mc\metrics\Memory.java,20
JDK:java.base,N/A,false,MethodCallExpr,java.util.stream.Collectors,toMap,C:\Users\tyin363\Documents\repos\sladkoff__minecraft-prometheus-exporter\src\main\java\de\sldk\mc\metrics\player\PlayerStatisticLoaderFromFile.java,78
JDK:java.base,N/A,false,MethodCallExpr,java.util.Collection,stream,C:\Users\tyin363\Documents\repos\sladkoff__minecraft-prometheus-exporter\src\main\java\de\sldk\mc\metrics\player\PlayerStatisticLoaderFromFile.java,116
JDK:java.base,N/A,false,MethodCallExpr,java.lang.Throwable,printStackTrace,C:\Users\tyin363\Documents\repos\sladkoff__minecraft-prometheus-exporter\src\main\java\de\sldk\mc\metrics\Metric.java,83
JDK:java.base,N/A,false,ClassOrInterfaceType,java.lang.Enum,Enum,C:\Users\tyin363\Documents\repos\sladkoff__minecraft-prometheus-exporter\src\main\java\de\sldk\mc\metrics\player\PlayerStatisticLoaderFromBukkit.java,76
JDK:java.base,N/A,false,MethodCallExpr,java.util.concurrent.CompletableFuture,get,C:\Users\tyin363\Documents\repos\sladkoff__minecraft-prometheus-exporter\src\main\java\de\sldk\mc\MetricsController.java,34
JDK:java.base,N/A,false,MethodCallExpr,java.lang.Object,getClass,C:\Users\tyin363\Documents\repos\sladkoff__minecraft-prometheus-exporter\src\main\java\de\sldk\mc\metrics\player\PlayerStatisticLoaderFromBukkit.java,80
CLIENT:client-code,N/A,false,ClassOrInterfaceType,de.sldk.mc.metrics.player.PlayerStatisticLoader,PlayerStatisticLoader,C:\Users\tyin363\Documents\repos\sladkoff__minecraft-prometheus-exporter\src\main\java\de\sldk\mc\metrics\PlayerStatistics.java,32
,,false,MethodCallExpr,io.prometheus.client.SimpleCollector.Builder,help,C:\Users\tyin363\Documents\repos\sladkoff__minecraft-prometheus-exporter\src\main\java\de\sldk\mc\metrics\Tps.java,10
JDK:java.base,N/A,false,MethodCallExpr,java.util.LinkedList,size,C:\Users\tyin363\Documents\repos\sladkoff__minecraft-prometheus-exporter\src\main\java\de\sldk\mc\collectors\TpsCollector.java,72
CLIENT:client-code,N/A,false,MethodCallExpr,de.sldk.mc.metrics.Metric,prefix,C:\Users\tyin363\Documents\repos\sladkoff__minecraft-prometheus-exporter\src\main\java\de\sldk\mc\metrics\LoadedChunks.java,12
CLIENT:client-code,N/A,false,ClassOrInterfaceType,de.sldk.mc.metrics.Metric,Metric,C:\Users\tyin363\Documents\repos\sladkoff__minecraft-prometheus-exporter\src\main\java\de\sldk\mc\metrics\WorldMetric.java,9
JDK:java.base,N/A,false,ClassOrInterfaceType,java.util.List,List,C:\Users\tyin363\Documents\repos\sladkoff__minecraft-prometheus-exporter\src\main\java\de\sldk\mc\metrics\HotspotPrefixer.java,11
io.prometheus:simpleclient,0.16.0,true,MethodCallExpr,io.prometheus.client.SimpleCollector,labels,C:\Users\tyin363\Documents\repos\sladkoff__minecraft-prometheus-exporter\src\main\java\de\sldk\mc\metrics\Memory.java,21
JDK:java.base,N/A,false,ClassOrInterfaceType,java.util.UUID,UUID,C:\Users\tyin363\Documents\repos\sladkoff__minecraft-prometheus-exporter\src\main\java\de\sldk\mc\metrics\player\PlayerStatisticLoaderFromFile.java,51
,,false,MethodCallExpr,org.eclipse.jetty.http.HttpFields.Mutable,put,C:\Users\tyin363\Documents\repos\sladkoff__minecraft-prometheus-exporter\src\main\java\de\sldk\mc\MetricsController.java,39
JDK:java.base,N/A,false,ClassOrInterfaceType,java.lang.Integer,Integer,C:\Users\tyin363\Documents\repos\sladkoff__minecraft-prometheus-exporter\src\main\java\de\sldk\mc\metrics\player\PlayerStatisticLoaderFromBukkit.java,76
CLIENT:client-code,N/A,false,ClassOrInterfaceType,de.sldk.mc.metrics.ThreadsWrapper.ThreadExportsCollector,ThreadExportsCollector,C:\Users\tyin363\Documents\repos\sladkoff__minecraft-prometheus-exporter\src\main\java\de\sldk\mc\metrics\ThreadsWrapper.java,12
io.prometheus:simpleclient,0.16.0,true,MethodCallExpr,io.prometheus.client.Gauge,set,C:\Users\tyin363\Documents\repos\sladkoff__minecraft-prometheus-exporter\src\main\java\de\sldk\mc\metrics\TickDurationMedianCollector.java,30
JDK:java.base,N/A,false,ClassOrInterfaceType,java.lang.String,String,C:\Users\tyin363\Documents\repos\sladkoff__minecraft-prometheus-exporter\src\main\java\de\sldk\mc\metrics\WorldMetric.java,26
JDK:java.base,N/A,false,ClassOrInterfaceType,java.lang.Enum,Enum,C:\Users\tyin363\Documents\repos\sladkoff__minecraft-prometheus-exporter\src\main\java\de\sldk\mc\metrics\player\EmptyStatisticLoader.java,11
CLIENT:client-code,N/A,false,ClassOrInterfaceType,de.sldk.mc.metrics.Metric,Metric,C:\Users\tyin363\Documents\repos\sladkoff__minecraft-prometheus-exporter\src\main\java\de\sldk\mc\config\PrometheusExporterConfig.java,64
JDK:java.base,N/A,false,MethodCallExpr,java.lang.Throwable,getMessage,C:\Users\tyin363\Documents\repos\sladkoff__minecraft-prometheus-exporter\src\main\java\de\sldk\mc\config\PrometheusExporterConfig.java,83
JDK:java.base,N/A,false,MethodCallExpr,java.nio.file.Path,toFile,C:\Users\tyin363\Documents\repos\sladkoff__minecraft-prometheus-exporter\src\main\java\de\sldk\mc\metrics\player\PlayerStatisticLoaderFromFile.java,114
CLIENT:client-code,N/A,false,ClassOrInterfaceType,de.sldk.mc.MetricsController,MetricsController,C:\Users\tyin363\Documents\repos\sladkoff__minecraft-prometheus-exporter\src\main\java\de\sldk\mc\MetricsController.java,28
JDK:java.base,N/A,false,MethodCallExpr,java.util.concurrent.atomic.AtomicLong,get,C:\Users\tyin363\Documents\repos\sladkoff__minecraft-prometheus-exporter\src\main\java\de\sldk\mc\utils\PathFileSize.java,30
CLIENT:client-code,N/A,false,ClassOrInterfaceType,de.sldk.mc.metrics.WorldMetric,WorldMetric,C:\Users\tyin363\Documents\repos\sladkoff__minecraft-prometheus-exporter\src\main\java\de\sldk\mc\metrics\WorldSize.java,10
JDK:java.base,N/A,false,MethodCallExpr,java.util.function.Supplier,get,C:\Users\tyin363\Documents\repos\sladkoff__minecraft-prometheus-exporter\src\main\java\de\sldk\mc\metrics\player\PlayerStatisticLoaderFromFile.java,53
JDK:java.base,N/A,false,MethodCallExpr,java.util.logging.Logger,log,C:\Users\tyin363\Documents\repos\sladkoff__minecraft-prometheus-exporter\src\main\java\de\sldk\mc\metrics\PlayerStatistics.java,73
io.prometheus:simpleclient,0.16.0,true,MethodCallExpr,io.prometheus.client.SimpleCollector,labels,C:\Users\tyin363\Documents\repos\sladkoff__minecraft-prometheus-exporter\src\main\java\de\sldk\mc\metrics\Memory.java,22
JDK:java.base,N/A,false,ClassOrInterfaceType,java.lang.String,String,C:\Users\tyin363\Documents\repos\sladkoff__minecraft-prometheus-exporter\src\main\java\de\sldk\mc\config\PrometheusExporterConfig.java,15
JDK:java.base,N/A,false,ClassOrInterfaceType,java.util.List,List,C:\Users\tyin363\Documents\repos\sladkoff__minecraft-prometheus-exporter\src\main\java\de\sldk\mc\metrics\HotspotPrefixer.java,12
JDK:java.base,N/A,false,MethodCallExpr,java.nio.file.Path,toString,C:\Users\tyin363\Documents\repos\sladkoff__minecraft-prometheus-exporter\src\main\java\de\sldk\mc\metrics\player\PlayerStatisticLoaderFromFile.java,133
CLIENT:client-code,N/A,false,ClassOrInterfaceType,de.sldk.mc.metrics.Tps,Tps,C:\Users\tyin363\Documents\repos\sladkoff__minecraft-prometheus-exporter\src\main\java\de\sldk\mc\config\PrometheusExporterConfig.java,25
JDK:java.base,N/A,false,ClassOrInterfaceType,java.util.LinkedList,LinkedList,C:\Users\tyin363\Documents\repos\sladkoff__minecraft-prometheus-exporter\src\main\java\de\sldk\mc\collectors\TpsCollector.java,28
JDK:java.base,N/A,false,MethodCallExpr,java.util.List,add,C:\Users\tyin363\Documents\repos\sladkoff__minecraft-prometheus-exporter\src\main\java\de\sldk\mc\metrics\HotspotPrefixer.java,18
,,false,MethodCallExpr,io.prometheus.client.Gauge.Child,set,C:\Users\tyin363\Documents\repos\sladkoff__minecraft-prometheus-exporter\src\main\java\de\sldk\mc\metrics\Memory.java,21
CLIENT:client-code,N/A,false,MethodCallExpr,de.sldk.mc.metrics.Metric,prefix,C:\Users\tyin363\Documents\repos\sladkoff__minecraft-prometheus-exporter\src\main\java\de\sldk\mc\metrics\Entities.java,28
,,false,MethodCallExpr,io.prometheus.client.Gauge.Builder,create,C:\Users\tyin363\Documents\repos\sladkoff__minecraft-prometheus-exporter\src\main\java\de\sldk\mc\metrics\PlayerStatistics.java,24
JDK:java.base,N/A,false,ClassOrInterfaceType,java.lang.Throwable,Throwable,C:\Users\tyin363\Documents\repos\sladkoff__minecraft-prometheus-exporter\src\main\java\de\sldk\mc\metrics\WorldMetric.java,29
JDK:java.base,N/A,false,ObjectCreationExpr,java.util.HashMap,HashMap,C:\Users\tyin363\Documents\repos\sladkoff__minecraft-prometheus-exporter\src\main\java\de\sldk\mc\metrics\player\PlayerStatisticLoaderFromFile.java,84
,,false,ClassOrInterfaceType,io.prometheus.client.Collector.MetricFamilySamples,MetricFamilySamples,C:\Users\tyin363\Documents\repos\sladkoff__minecraft-prometheus-exporter\src\main\java\de\sldk\mc\metrics\GarbageCollectorWrapper.java,32
JDK:java.base,N/A,false,ClassOrInterfaceType,java.lang.String,String,C:\Users\tyin363\Documents\repos\sladkoff__minecraft-prometheus-exporter\src\main\java\de\sldk\mc\collectors\LoadedChunksCollector.java,48
JDK:java.base,N/A,false,MethodCallExpr,java.lang.Class,getDeclaredFields,C:\Users\tyin363\Documents\repos\sladkoff__minecraft-prometheus-exporter\src\main\java\de\sldk\mc\metrics\tick_duration\DefaultTickDurationStrategy.java,39
CLIENT:client-code,N/A,false,ClassOrInterfaceType,de.sldk.mc.metrics.GarbageCollectorWrapper.GarbageCollectorExportsCollector,GarbageCollectorExportsCollector,C:\Users\tyin363\Documents\repos\sladkoff__minecraft-prometheus-exporter\src\main\java\de\sldk\mc\metrics\GarbageCollectorWrapper.java,12
CLIENT:client-code,N/A,false,ClassOrInterfaceType,de.sldk.mc.metrics.GarbageCollectorWrapper,GarbageCollectorWrapper,C:\Users\tyin363\Documents\repos\sladkoff__minecraft-prometheus-exporter\src\main\java\de\sldk\mc\config\PrometheusExporterConfig.java,29
CLIENT:client-code,N/A,false,ClassOrInterfaceType,de.sldk.mc.health.HealthCheck,HealthCheck,C:\Users\tyin363\Documents\repos\sladkoff__minecraft-prometheus-exporter\src\main\java\de\sldk\mc\health\HealthCheck.java,38
JDK:java.base,N/A,false,ClassOrInterfaceType,java.lang.IllegalArgumentException,IllegalArgumentException,C:\Users\tyin363\Documents\repos\sladkoff__minecraft-prometheus-exporter\src\main\java\de\sldk\mc\utils\PathFileSize.java,13
JDK:java.base,N/A,false,MethodCallExpr,java.util.Set,add,C:\Users\tyin363\Documents\repos\sladkoff__minecraft-prometheus-exporter\src\main\java\de\sldk\mc\health\ConcurrentHealthChecks.java,26
,,false,MethodCallExpr,io.prometheus.client.Gauge.Child,set,C:\Users\tyin363\Documents\repos\sladkoff__minecraft-prometheus-exporter\src\main\java\de\sldk\mc\metrics\Memory.java,20
org.eclipse.jetty:jetty-server,12.0.17,false,MethodCallExpr,org.eclipse.jetty.server.handler.PathMappingsHandler,addMapping,C:\Users\tyin363\Documents\repos\sladkoff__minecraft-prometheus-exporter\src\main\java\de\sldk\mc\MetricsServer.java,32
io.prometheus:simpleclient,0.16.0,true,ClassOrInterfaceType,io.prometheus.client.Gauge,Gauge,C:\Users\tyin363\Documents\repos\sladkoff__minecraft-prometheus-exporter\src\main\java\de\sldk\mc\metrics\PlayerOnline.java,9
JDK:java.base,N/A,false,MethodCallExpr,java.lang.Object,getClass,C:\Users\tyin363\Documents\repos\sladkoff__minecraft-prometheus-exporter\src\main\java\de\sldk\mc\metrics\player\PlayerStatisticLoaderFromBukkit.java,86
CLIENT:client-code,N/A,false,ClassOrInterfaceType,de.sldk.mc.health.HealthCheck,HealthCheck,C:\Users\tyin363\Documents\repos\sladkoff__minecraft-prometheus-exporter\src\main\java\de\sldk\mc\health\HealthChecks.java,13
CLIENT:client-code,N/A,false,MethodCallExpr,de.sldk.mc.metrics.Metric,prefix,C:\Users\tyin363\Documents\repos\sladkoff__minecraft-prometheus-exporter\src\main\java\de\sldk\mc\metrics\HotspotPrefixer.java,21
CLIENT:client-code,N/A,false,ClassOrInterfaceType,de.sldk.mc.metrics.player.PlayerStatisticLoader,PlayerStatisticLoader,C:\Users\tyin363\Documents\repos\sladkoff__minecraft-prometheus-exporter\src\main\java\de\sldk\mc\metrics\player\EmptyStatisticLoader.java,8
CLIENT:client-code,N/A,false,ClassOrInterfaceType,de.sldk.mc.metrics.Metric,Metric,C:\Users\tyin363\Documents\repos\sladkoff__minecraft-prometheus-exporter\src\main\java\de\sldk\mc\config\MetricConfig.java,14
io.prometheus:simpleclient,0.16.0,true,ClassOrInterfaceType,io.prometheus.client.Gauge,Gauge,C:\Users\tyin363\Documents\repos\sladkoff__minecraft-prometheus-exporter\src\main\java\de\sldk\mc\metrics\LoadedChunks.java,11
io.prometheus:simpleclient,0.16.0,true,MethodCallExpr,io.prometheus.client.Gauge,build,C:\Users\tyin363\Documents\repos\sladkoff__minecraft-prometheus-exporter\src\main\java\de\sldk\mc\metrics\Villagers.java,25
,,false,MethodCallExpr,io.prometheus.client.Gauge.Builder,create,C:\Users\tyin363\Documents\repos\sladkoff__minecraft-prometheus-exporter\src\main\java\de\sldk\mc\metrics\WhitelistedPlayers.java,9
JDK:java.base,N/A,false,MethodCallExpr,java.util.Collection,stream,C:\Users\tyin363\Documents\repos\sladkoff__minecraft-prometheus-exporter\src\main\java\de\sldk\mc\MetricRegistry.java,30
,,false,MethodCallExpr,io.prometheus.client.SimpleCollector.Builder,help,C:\Users\tyin363\Documents\repos\sladkoff__minecraft-prometheus-exporter\src\main\java\de\sldk\mc\metrics\TickDurationMinCollector.java,11
,,false,MethodCallExpr,io.prometheus.client.Gauge.Builder,create,C:\Users\tyin363\Documents\repos\sladkoff__minecraft-prometheus-exporter\src\main\java\de\sldk\mc\metrics\Memory.java,8
CLIENT:client-code,N/A,false,FieldAccessExpr,de.sldk.mc.MetricsServer,healthChecks,C:\Users\tyin363\Documents\repos\sladkoff__minecraft-prometheus-exporter\src\main\java\de\sldk\mc\MetricsServer.java,24
JDK:java.base,N/A,false,ClassOrInterfaceType,java.util.Map,Map,C:\Users\tyin363\Documents\repos\sladkoff__minecraft-prometheus-exporter\src\main\java\de\sldk\mc\metrics\player\PlayerStatisticLoaderFromFile.java,53
JDK:java.base,N/A,false,ClassOrInterfaceType,java.lang.String,String,C:\Users\tyin363\Documents\repos\sladkoff__minecraft-prometheus-exporter\src\main\java\de\sldk\mc\metrics\WorldSize.java,34
,,false,MethodCallExpr,io.prometheus.client.Gauge.Builder,create,C:\Users\tyin363\Documents\repos\sladkoff__minecraft-prometheus-exporter\src\main\java\de\sldk\mc\metrics\PlayerOnline.java,9
CLIENT:client-code,N/A,false,ClassOrInterfaceType,de.sldk.mc.health.HealthCheck,HealthCheck,C:\Users\tyin363\Documents\repos\sladkoff__minecraft-prometheus-exporter\src\main\java\de\sldk\mc\health\HealthCheck.java,36
JDK:java.base,N/A,false,ObjectCreationExpr,java.util.ArrayList,ArrayList,C:\Users\tyin363\Documents\repos\sladkoff__minecraft-prometheus-exporter\src\main\java\de\sldk\mc\metrics\HotspotPrefixer.java,13
JDK:java.base,N/A,false,ClassOrInterfaceType,java.lang.Integer,Integer,C:\Users\tyin363\Documents\repos\sladkoff__minecraft-prometheus-exporter\src\main\java\de\sldk\mc\collectors\LoadedChunksCollector.java,16
CLIENT:client-code,N/A,false,ClassOrInterfaceType,de.sldk.mc.metrics.Metric,Metric,C:\Users\tyin363\Documents\repos\sladkoff__minecraft-prometheus-exporter\src\main\java\de\sldk\mc\metrics\PlayersTotal.java,7
CLIENT:client-code,N/A,false,ClassOrInterfaceType,de.sldk.mc.metrics.Metric,Metric,C:\Users\tyin363\Documents\repos\sladkoff__minecraft-prometheus-exporter\src\main\java\de\sldk\mc\metrics\TickDurationMaxCollector.java,7
CLIENT:client-code,N/A,false,ObjectCreationExpr,de.sldk.mc.HealthController,HealthController,C:\Users\tyin363\Documents\repos\sladkoff__minecraft-prometheus-exporter\src\main\java\de\sldk\mc\HealthController.java,19
JDK:java.base,N/A,false,ClassOrInterfaceType,java.nio.file.FileVisitResult,FileVisitResult,C:\Users\tyin363\Documents\repos\sladkoff__minecraft-prometheus-exporter\src\main\java\de\sldk\mc\utils\PathFileSize.java,21
CLIENT:client-code,N/A,false,ClassOrInterfaceType,de.sldk.mc.config.PluginConfig,PluginConfig,C:\Users\tyin363\Documents\repos\sladkoff__minecraft-prometheus-exporter\src\main\java\de\sldk\mc\config\PrometheusExporterConfig.java,15
JDK:java.base,N/A,false,ClassOrInterfaceType,java.util.ArrayList,ArrayList,C:\Users\tyin363\Documents\repos\sladkoff__minecraft-prometheus-exporter\src\main\java\de\sldk\mc\MetricRegistry.java,14
JDK:java.base,N/A,false,MethodCallExpr,java.util.List,add,C:\Users\tyin363\Documents\repos\sladkoff__minecraft-prometheus-exporter\src\main\java\de\sldk\mc\metrics\HotspotPrefixer.java,22
io.prometheus:simpleclient,0.16.0,true,MethodCallExpr,io.prometheus.client.Gauge,build,C:\Users\tyin363\Documents\repos\sladkoff__minecraft-prometheus-exporter\src\main\java\de\sldk\mc\metrics\PlayerOnline.java,9
CLIENT:client-code,N/A,false,MethodCallExpr,de.sldk.mc.metrics.tick_duration.TickDurationCollector,getTickDurations,C:\Users\tyin363\Documents\repos\sladkoff__minecraft-prometheus-exporter\src\main\java\de\sldk\mc\metrics\TickDurationMedianCollector.java,23
,,false,MethodCallExpr,io.prometheus.client.SimpleCollector.Builder,name,C:\Users\tyin363\Documents\repos\sladkoff__minecraft-prometheus-exporter\src\main\java\de\sldk\mc\metrics\TickDurationMinCollector.java,11
CLIENT:client-code,N/A,false,ClassOrInterfaceType,de.sldk.mc.metrics.Metric,Metric,C:\Users\tyin363\Documents\repos\sladkoff__minecraft-prometheus-exporter\src\main\java\de\sldk\mc\metrics\Tps.java,8
CLIENT:client-code,N/A,false,MethodCallExpr,de.sldk.mc.metrics.Metric,getPlugin,C:\Users\tyin363\Documents\repos\sladkoff__minecraft-prometheus-exporter\src\main\java\de\sldk\mc\metrics\Tps.java,26
JDK:java.base,N/A,false,ClassOrInterfaceType,java.lang.String,String,C:\Users\tyin363\Documents\repos\sladkoff__minecraft-prometheus-exporter\src\main\java\de\sldk\mc\metrics\player\PlayerStatisticLoaderFromFile.java,115
CLIENT:client-code,N/A,false,ClassOrInterfaceType,de.sldk.mc.health.HealthCheck,HealthCheck,C:\Users\tyin363\Documents\repos\sladkoff__minecraft-prometheus-exporter\src\main\java\de\sldk\mc\health\HealthCheck.java,35
CLIENT:client-code,N/A,false,ClassOrInterfaceType,de.sldk.mc.metrics.tick_duration.TickDurationStrategy,TickDurationStrategy,C:\Users\tyin363\Documents\repos\sladkoff__minecraft-prometheus-exporter\src\main\java\de\sldk\mc\metrics\tick_duration\PaperTickDurationStrategy.java,8
CLIENT:client-code,N/A,false,ClassOrInterfaceType,de.sldk.mc.health.HealthChecks,HealthChecks,C:\Users\tyin363\Documents\repos\sladkoff__minecraft-prometheus-exporter\src\main\java\de\sldk\mc\MetricsServer.java,20
CLIENT:client-code,N/A,false,ClassOrInterfaceType,de.sldk.mc.metrics.Metric,Metric,C:\Users\tyin363\Documents\repos\sladkoff__minecraft-prometheus-exporter\src\main\java\de\sldk\mc\config\MetricConfig.java,12
JDK:java.base,N/A,false,ObjectCreationExpr,java.nio.file.SimpleFileVisitor,SimpleFileVisitor,C:\Users\tyin363\Documents\repos\sladkoff__minecraft-prometheus-exporter\src\main\java\de\sldk\mc\utils\PathFileSize.java,20
io.prometheus:simpleclient,0.16.0,true,ClassOrInterfaceType,io.prometheus.client.Collector,Collector,C:\Users\tyin363\Documents\repos\sladkoff__minecraft-prometheus-exporter\src\main\java\de\sldk\mc\metrics\WorldMetric.java,11
JDK:java.base,N/A,false,ObjectCreationExpr,java.util.ArrayList,ArrayList,C:\Users\tyin363\Documents\repos\sladkoff__minecraft-prometheus-exporter\src\main\java\de\sldk\mc\metrics\HotspotPrefixer.java,16
JDK:java.base,N/A,false,ClassOrInterfaceType,java.util.HashMap,HashMap,C:\Users\tyin363\Documents\repos\sladkoff__minecraft-prometheus-exporter\src\main\java\de\sldk\mc\metrics\player\PlayerStatisticLoaderFromFile.java,84
CLIENT:client-code,N/A,false,ClassOrInterfaceType,de.sldk.mc.config.PluginConfig,PluginConfig,C:\Users\tyin363\Documents\repos\sladkoff__minecraft-prometheus-exporter\src\main\java\de\sldk\mc\config\PrometheusExporterConfig.java,16
CLIENT:client-code,N/A,false,MethodCallExpr,de.sldk.mc.health.HealthCheck,isHealthy,C:\Users\tyin363\Documents\repos\sladkoff__minecraft-prometheus-exporter\src\main\java\de\sldk\mc\health\HealthCheck.java,59
JDK:java.base,N/A,false,MethodCallExpr,java.lang.Class,getSuperclass,C:\Users\tyin363\Documents\repos\sladkoff__minecraft-prometheus-exporter\src\main\java\de\sldk\mc\metrics\tick_duration\DefaultTickDurationStrategy.java,39
,,false,MethodCallExpr,io.prometheus.client.SimpleCollector.Builder,name,C:\Users\tyin363\Documents\repos\sladkoff__minecraft-prometheus-exporter\src\main\java\de\sldk\mc\metrics\Tps.java,10
org.eclipse.jetty:jetty-http,12.0.17,true,FieldAccessExpr,org.eclipse.jetty.http.HttpStatus,INTERNAL_SERVER_ERROR_500,C:\Users\tyin363\Documents\repos\sladkoff__minecraft-prometheus-exporter\src\main\java\de\sldk\mc\MetricsController.java,45
JDK:java.base,N/A,false,ClassOrInterfaceType,java.lang.Enum,Enum,C:\Users\tyin363\Documents\repos\sladkoff__minecraft-prometheus-exporter\src\main\java\de\sldk\mc\metrics\player\PlayerStatisticLoaderFromBukkit.java,66
,,false,MethodCallExpr,io.prometheus.client.SimpleCollector.Builder,name,C:\Users\tyin363\Documents\repos\sladkoff__minecraft-prometheus-exporter\src\main\java\de\sldk\mc\metrics\PlayersTotal.java,9
CLIENT:client-code,N/A,false,FieldAccessExpr,de.sldk.mc.metrics.Villagers.VillagerGrouping,profession,C:\Users\tyin363\Documents\repos\sladkoff__minecraft-prometheus-exporter\src\main\java\de\sldk\mc\metrics\Villagers.java,50
CLIENT:client-code,N/A,false,MethodCallExpr,de.sldk.mc.collectors.TpsCollector,log,C:\Users\tyin363\Documents\repos\sladkoff__minecraft-prometheus-exporter\src\main\java\de\sldk\mc\collectors\TpsCollector.java,51
JDK:java.base,N/A,false,MethodCallExpr,java.io.BufferedReader,readLine,C:\Users\tyin363\Documents\repos\sladkoff__minecraft-prometheus-exporter\src\main\java\de\sldk\mc\metrics\player\PlayerStatisticLoaderFromFile.java,98
CLIENT:client-code,N/A,false,MethodCallExpr,de.sldk.mc.metrics.Metric,prefix,C:\Users\tyin363\Documents\repos\sladkoff__minecraft-prometheus-exporter\src\main\java\de\sldk\mc\metrics\HotspotPrefixer.java,18
JDK:java.base,N/A,false,ClassOrInterfaceType,java.lang.ClassNotFoundException,ClassNotFoundException,C:\Users\tyin363\Documents\repos\sladkoff__minecraft-prometheus-exporter\src\main\java\de\sldk\mc\config\PrometheusExporterConfig.java,101
JDK:java.base,N/A,false,MethodCallExpr,java.util.concurrent.CompletableFuture,complete,C:\Users\tyin363\Documents\repos\sladkoff__minecraft-prometheus-exporter\src\main\java\de\sldk\mc\metrics\Metric.java,53
JDK:java.base,N/A,false,MethodReferenceExpr,java.nio.file.Files,isRegularFile,C:\Users\tyin363\Documents\repos\sladkoff__minecraft-prometheus-exporter\src\main\java\de\sldk\mc\metrics\player\PlayerStatisticLoaderFromFile.java,75
JDK:java.base,N/A,false,MethodCallExpr,java.lang.String,startsWith,C:\Users\tyin363\Documents\repos\sladkoff__minecraft-prometheus-exporter\src\main\java\de\sldk\mc\metrics\player\PlayerStatisticLoaderFromFile.java,99
JDK:java.base,N/A,false,MethodCallExpr,java.util.logging.Logger,log,C:\Users\tyin363\Documents\repos\sladkoff__minecraft-prometheus-exporter\src\main\java\de\sldk\mc\metrics\tick_duration\DefaultTickDurationStrategy.java,28
CLIENT:client-code,N/A,false,MethodCallExpr,de.sldk.mc.utils.PathFileSize,getSize,C:\Users\tyin363\Documents\repos\sladkoff__minecraft-prometheus-exporter\src\main\java\de\sldk\mc\metrics\WorldSize.java,33
CLIENT:client-code,N/A,false,ClassOrInterfaceType,de.sldk.mc.metrics.TickDurationMinCollector,TickDurationMinCollector,C:\Users\tyin363\Documents\repos\sladkoff__minecraft-prometheus-exporter\src\main\java\de\sldk\mc\config\PrometheusExporterConfig.java,33
org.eclipse.jetty:jetty-server,12.0.17,false,ClassOrInterfaceType,org.eclipse.jetty.server.Response,Response,C:\Users\tyin363\Documents\repos\sladkoff__minecraft-prometheus-exporter\src\main\java\de\sldk\mc\MetricsController.java,32
io.prometheus:simpleclient,0.16.0,true,MethodCallExpr,io.prometheus.client.Gauge,build,C:\Users\tyin363\Documents\repos\sladkoff__minecraft-prometheus-exporter\src\main\java\de\sldk\mc\metrics\PlayerStatistics.java,24
CLIENT:client-code,N/A,false,ClassOrInterfaceType,de.sldk.mc.metrics.player.PlayerStatisticLoaderFromBukkit,PlayerStatisticLoaderFromBukkit,C:\Users\tyin363\Documents\repos\sladkoff__minecraft-prometheus-exporter\src\main\java\de\sldk\mc\metrics\PlayerStatistics.java,39
CLIENT:client-code,N/A,false,ClassOrInterfaceType,de.sldk.mc.metrics.PlayersOnlineTotal,PlayersOnlineTotal,C:\Users\tyin363\Documents\repos\sladkoff__minecraft-prometheus-exporter\src\main\java\de\sldk\mc\config\PrometheusExporterConfig.java,22
CLIENT:client-code,N/A,false,MethodCallExpr,de.sldk.mc.metrics.Metric,disable,C:\Users\tyin363\Documents\repos\sladkoff__minecraft-prometheus-exporter\src\main\java\de\sldk\mc\metrics\Tps.java,31
CLIENT:client-code,N/A,false,ClassOrInterfaceType,de.sldk.mc.metrics.WorldMetric,WorldMetric,C:\Users\tyin363\Documents\repos\sladkoff__minecraft-prometheus-exporter\src\main\java\de\sldk\mc\metrics\Entities.java,25
JDK:java.base,N/A,false,ClassOrInterfaceType,java.lang.Long,Long,C:\Users\tyin363\Documents\repos\sladkoff__minecraft-prometheus-exporter\src\main\java\de\sldk\mc\collectors\TpsCollector.java,35
JDK:java.base,N/A,false,MethodCallExpr,java.lang.Throwable,getMessage,C:\Users\tyin363\Documents\repos\sladkoff__minecraft-prometheus-exporter\src\main\java\de\sldk\mc\MetricsController.java,43
JDK:java.base,N/A,false,ClassOrInterfaceType,java.nio.file.Path,Path,C:\Users\tyin363\Documents\repos\sladkoff__minecraft-prometheus-exporter\src\main\java\de\sldk\mc\utils\PathFileSize.java,11
com.jayway.jsonpath:json-path,2.9.0,false,MethodCallExpr,com.jayway.jsonpath.ReadContext,read,C:\Users\tyin363\Documents\repos\sladkoff__minecraft-prometheus-exporter\src\main\java\de\sldk\mc\metrics\player\PlayerStatisticLoaderFromFile.java,115
io.prometheus:simpleclient,0.16.0,true,ClassOrInterfaceType,io.prometheus.client.Gauge,Gauge,C:\Users\tyin363\Documents\repos\sladkoff__minecraft-prometheus-exporter\src\main\java\de\sldk\mc\metrics\PlayerStatistics.java,24
org.eclipse.jetty:jetty-util,12.0.17,true,MethodCallExpr,org.eclipse.jetty.util.component.AbstractLifeCycle,stop,C:\Users\tyin363\Documents\repos\sladkoff__minecraft-prometheus-exporter\src\main\java\de\sldk\mc\MetricsServer.java,48
CLIENT:client-code,N/A,false,ObjectCreationExpr,de.sldk.mc.health.ConcurrentHealthChecks,ConcurrentHealthChecks,C:\Users\tyin363\Documents\repos\sladkoff__minecraft-prometheus-exporter\src\main\java\de\sldk\mc\health\ConcurrentHealthChecks.java,15
JDK:java.base,N/A,false,MethodCallExpr,java.lang.Object,getClass,C:\Users\tyin363\Documents\repos\sladkoff__minecraft-prometheus-exporter\src\main\java\de\sldk\mc\metrics\Metric.java,79
JDK:java.base,N/A,false,ClassOrInterfaceType,java.lang.Void,Void,C:\Users\tyin363\Documents\repos\sladkoff__minecraft-prometheus-exporter\src\main\java\de\sldk\mc\metrics\Metric.java,30
io.prometheus:simpleclient,0.16.0,true,ClassOrInterfaceType,io.prometheus.client.Gauge,Gauge,C:\Users\tyin363\Documents\repos\sladkoff__minecraft-prometheus-exporter\src\main\java\de\sldk\mc\metrics\Villagers.java,25
CLIENT:client-code,N/A,false,FieldAccessExpr,de.sldk.mc.health.ConcurrentHealthChecks,checks,C:\Users\tyin363\Documents\repos\sladkoff__minecraft-prometheus-exporter\src\main\java\de\sldk\mc\health\ConcurrentHealthChecks.java,11
CLIENT:client-code,N/A,false,MethodCallExpr,de.sldk.mc.metrics.Metric,enable,C:\Users\tyin363\Documents\repos\sladkoff__minecraft-prometheus-exporter\src\main\java\de\sldk\mc\config\PrometheusExporterConfig.java,76
CLIENT:client-code,N/A,false,ClassOrInterfaceType,de.sldk.mc.metrics.tick_duration.TickDurationCollector,TickDurationCollector,C:\Users\tyin363\Documents\repos\sladkoff__minecraft-prometheus-exporter\src\main\java\de\sldk\mc\metrics\tick_duration\TickDurationCollector.java,22
JDK:java.base,N/A,false,ClassOrInterfaceType,java.lang.Float,Float,C:\Users\tyin363\Documents\repos\sladkoff__minecraft-prometheus-exporter\src\main\java\de\sldk\mc\collectors\TpsCollector.java,28
,,false,MethodCallExpr,io.prometheus.client.Gauge.Builder,create,C:\Users\tyin363\Documents\repos\sladkoff__minecraft-prometheus-exporter\src\main\java\de\sldk\mc\metrics\Villagers.java,25
JDK:java.base,N/A,false,ObjectCreationExpr,java.net.InetSocketAddress,InetSocketAddress,C:\Users\tyin363\Documents\repos\sladkoff__minecraft-prometheus-exporter\src\main\java\de\sldk\mc\MetricsServer.java,36
io.prometheus:simpleclient,0.16.0,true,ClassOrInterfaceType,io.prometheus.client.Gauge,Gauge,C:\Users\tyin363\Documents\repos\sladkoff__minecraft-prometheus-exporter\src\main\java\de\sldk\mc\metrics\TickDurationAverageCollector.java,11
JDK:java.base,N/A,false,ClassOrInterfaceType,java.lang.Exception,Exception,C:\Users\tyin363\Documents\repos\sladkoff__minecraft-prometheus-exporter\src\main\java\de\sldk\mc\MetricsController.java,42
io.prometheus:simpleclient,0.16.0,true,MethodCallExpr,io.prometheus.client.Gauge,build,C:\Users\tyin363\Documents\repos\sladkoff__minecraft-prometheus-exporter\src\main\java\de\sldk\mc\metrics\WhitelistedPlayers.java,9
org.eclipse.jetty:jetty-http,12.0.17,true,FieldAccessExpr,org.eclipse.jetty.http.HttpStatus,OK_200,C:\Users\tyin363\Documents\repos\sladkoff__minecraft-prometheus-exporter\src\main\java\de\sldk\mc\HealthController.java,24
JDK:java.base,N/A,false,ClassOrInterfaceType,java.util.HashMap,HashMap,C:\Users\tyin363\Documents\repos\sladkoff__minecraft-prometheus-exporter\src\main\java\de\sldk\mc\collectors\LoadedChunksCollector.java,16
JDK:java.base,N/A,false,ClassOrInterfaceType,java.lang.Integer,Integer,C:\Users\tyin363\Documents\repos\sladkoff__minecraft-prometheus-exporter\src\main\java\de\sldk\mc\config\PrometheusExporterConfig.java,16
JDK:java.base,N/A,false,MethodCallExpr,java.util.Map,forEach,C:\Users\tyin363\Documents\repos\sladkoff__minecraft-prometheus-exporter\src\main\java\de\sldk\mc\metrics\PlayerStatistics.java,65
CLIENT:client-code,N/A,false,ObjectCreationExpr,de.sldk.mc.collectors.LoadedChunksCollector,LoadedChunksCollector,C:\Users\tyin363\Documents\repos\sladkoff__minecraft-prometheus-exporter\src\main\java\de\sldk\mc\metrics\LoadedChunks.java,17
org.eclipse.jetty:jetty-server,12.0.17,false,MethodCallExpr,org.eclipse.jetty.server.Response,getHeaders,C:\Users\tyin363\Documents\repos\sladkoff__minecraft-prometheus-exporter\src\main\java\de\sldk\mc\MetricsController.java,38
org.eclipse.jetty:jetty-server,12.0.17,false,MethodCallExpr,org.eclipse.jetty.server.Response,asBufferedOutputStream,C:\Users\tyin363\Documents\repos\sladkoff__minecraft-prometheus-exporter\src\main\java\de\sldk\mc\MetricsController.java,52
JDK:java.base,N/A,false,ClassOrInterfaceType,java.util.ArrayList,ArrayList,C:\Users\tyin363\Documents\repos\sladkoff__minecraft-prometheus-exporter\src\main\java\de\sldk\mc\metrics\HotspotPrefixer.java,16
io.prometheus:simpleclient_common,0.16.0,false,FieldAccessExpr,io.prometheus.client.exporter.common.TextFormat,CONTENT_TYPE_004,C:\Users\tyin363\Documents\repos\sladkoff__minecraft-prometheus-exporter\src\main\java\de\sldk\mc\MetricsController.java,39
JDK:java.base,N/A,false,ClassOrInterfaceType,java.nio.file.Path,Path,C:\Users\tyin363\Documents\repos\sladkoff__minecraft-prometheus-exporter\src\main\java\de\sldk\mc\utils\PathFileSize.java,26
CLIENT:client-code,N/A,false,FieldAccessExpr,de.sldk.mc.config.PluginConfig,key,C:\Users\tyin363\Documents\repos\sladkoff__minecraft-prometheus-exporter\src\main\java\de\sldk\mc\config\PluginConfig.java,11
JDK:java.base,N/A,false,ClassOrInterfaceType,java.lang.String,String,C:\Users\tyin363\Documents\repos\sladkoff__minecraft-prometheus-exporter\src\main\java\de\sldk\mc\config\MetricConfig.java,14
CLIENT:client-code,N/A,false,ClassOrInterfaceType,de.sldk.mc.metrics.Villagers.VillagerGrouping,VillagerGrouping,C:\Users\tyin363\Documents\repos\sladkoff__minecraft-prometheus-exporter\src\main\java\de\sldk\mc\metrics\Villagers.java,74
,,false,MethodCallExpr,io.prometheus.client.SimpleCollector.Builder,name,C:\Users\tyin363\Documents\repos\sladkoff__minecraft-prometheus-exporter\src\main\java\de\sldk\mc\metrics\PlayerStatistics.java,24
JDK:java.base,N/A,false,ClassOrInterfaceType,java.lang.String,String,C:\Users\tyin363\Documents\repos\sladkoff__minecraft-prometheus-exporter\src\main\java\de\sldk\mc\metrics\player\PlayerStatisticLoaderFromFile.java,94
JDK:java.base,N/A,false,FieldAccessExpr,java.util.logging.Level,FINE,C:\Users\tyin363\Documents\repos\sladkoff__minecraft-prometheus-exporter\src\main\java\de\sldk\mc\metrics\player\PlayerStatisticLoaderFromFile.java,89
CLIENT:client-code,N/A,false,MethodCallExpr,de.sldk.mc.MetricRegistry,getInstance,C:\Users\tyin363\Documents\repos\sladkoff__minecraft-prometheus-exporter\src\main\java\de\sldk\mc\MetricsController.java,20
CLIENT:client-code,N/A,false,MethodCallExpr,de.sldk.mc.metrics.player.PlayerStatisticLoaderFromFile,getDefaultWorld,C:\Users\tyin363\Documents\repos\sladkoff__minecraft-prometheus-exporter\src\main\java\de\sldk\mc\metrics\player\PlayerStatisticLoaderFromFile.java,67
JDK:java.base,N/A,false,ClassOrInterfaceType,java.lang.Boolean,Boolean,C:\Users\tyin363\Documents\repos\sladkoff__minecraft-prometheus-exporter\src\main\java\de\sldk\mc\config\MetricConfig.java,8
JDK:java.base,N/A,false,MethodCallExpr,java.util.stream.Collectors,toMap,C:\Users\tyin363\Documents\repos\sladkoff__minecraft-prometheus-exporter\src\main\java\de\sldk\mc\metrics\player\PlayerStatisticLoaderFromBukkit.java,47
JDK:java.base,N/A,false,ClassOrInterfaceType,java.util.stream.Stream,Stream,C:\Users\tyin363\Documents\repos\sladkoff__minecraft-prometheus-exporter\src\main\java\de\sldk\mc\metrics\player\PlayerStatisticLoaderFromBukkit.java,66
,,false,FieldAccessExpr,io.prometheus.client.Collector.MetricFamilySamples,type,C:\Users\tyin363\Documents\repos\sladkoff__minecraft-prometheus-exporter\src\main\java\de\sldk\mc\metrics\HotspotPrefixer.java,21
JDK:java.base,N/A,false,ClassOrInterfaceType,java.io.OutputStreamWriter,OutputStreamWriter,C:\Users\tyin363\Documents\repos\sladkoff__minecraft-prometheus-exporter\src\main\java\de\sldk\mc\MetricsController.java,53
,,false,MethodCallExpr,io.prometheus.client.Gauge.Child,set,C:\Users\tyin363\Documents\repos\sladkoff__minecraft-prometheus-exporter\src\main\java\de\sldk\mc\metrics\WorldSize.java,35
io.prometheus:simpleclient,0.16.0,true,ClassOrInterfaceType,io.prometheus.client.Gauge,Gauge,C:\Users\tyin363\Documents\repos\sladkoff__minecraft-prometheus-exporter\src\main\java\de\sldk\mc\metrics\Memory.java,8
JDK:java.base,N/A,false,ClassOrInterfaceType,java.lang.String,String,C:\Users\tyin363\Documents\repos\sladkoff__minecraft-prometheus-exporter\src\main\java\de\sldk\mc\metrics\player\PlayerStatisticLoaderFromFile.java,31
JDK:java.base,N/A,false,ClassOrInterfaceType,java.lang.String,String,C:\Users\tyin363\Documents\repos\sladkoff__minecraft-prometheus-exporter\src\main\java\de\sldk\mc\metrics\player\PlayerStatisticLoaderFromFile.java,97
CLIENT:client-code,N/A,false,FieldAccessExpr,de.sldk.mc.MetricsServer,prometheusExporter,C:\Users\tyin363\Documents\repos\sladkoff__minecraft-prometheus-exporter\src\main\java\de\sldk\mc\MetricsServer.java,23
JDK:java.base,N/A,false,ClassOrInterfaceType,java.util.Set,Set,C:\Users\tyin363\Documents\repos\sladkoff__minecraft-prometheus-exporter\src\main\java\de\sldk\mc\health\ConcurrentHealthChecks.java,10
JDK:java.base,N/A,false,ClassOrInterfaceType,java.lang.Integer,Integer,C:\Users\tyin363\Documents\repos\sladkoff__minecraft-prometheus-exporter\src\main\java\de\sldk\mc\metrics\player\PlayerStatisticLoader.java,9
CLIENT:client-code,N/A,false,MethodCallExpr,de.sldk.mc.health.HealthCheck,isHealthy,C:\Users\tyin363\Documents\repos\sladkoff__minecraft-prometheus-exporter\src\main\java\de\sldk\mc\HealthController.java,24
,,false,MethodCallExpr,io.prometheus.client.SimpleCollector.Builder,name,C:\Users\tyin363\Documents\repos\sladkoff__minecraft-prometheus-exporter\src\main\java\de\sldk\mc\metrics\TickDurationMaxCollector.java,11
,,false,ClassOrInterfaceType,io.prometheus.client.Collector.MetricFamilySamples,MetricFamilySamples,C:\Users\tyin363\Documents\repos\sladkoff__minecraft-prometheus-exporter\src\main\java\de\sldk\mc\metrics\HotspotPrefixer.java,21
JDK:java.base,N/A,false,ClassOrInterfaceType,java.lang.String,String,C:\Users\tyin363\Documents\repos\sladkoff__minecraft-prometheus-exporter\src\main\java\de\sldk\mc\metrics\PlayerStatistics.java,55
CLIENT:client-code,N/A,false,ClassOrInterfaceType,de.sldk.mc.metrics.TickDurationMaxCollector,TickDurationMaxCollector,C:\Users\tyin363\Documents\repos\sladkoff__minecraft-prometheus-exporter\src\main\java\de\sldk\mc\config\PrometheusExporterConfig.java,34
JDK:java.base,N/A,false,ClassOrInterfaceType,java.util.concurrent.CompletableFuture,CompletableFuture,C:\Users\tyin363\Documents\repos\sladkoff__minecraft-prometheus-exporter\src\main\java\de\sldk\mc\MetricRegistry.java,28
CLIENT:client-code,N/A,false,FieldAccessExpr,de.sldk.mc.metrics.Villagers.VillagerGrouping,type,C:\Users\tyin363\Documents\repos\sladkoff__minecraft-prometheus-exporter\src\main\java\de\sldk\mc\metrics\Villagers.java,49
CLIENT:client-code,N/A,false,MethodCallExpr,de.sldk.mc.metrics.Metric,doCollect,C:\Users\tyin363\Documents\repos\sladkoff__minecraft-prometheus-exporter\src\main\java\de\sldk\mc\metrics\Metric.java,38
JDK:java.base,N/A,false,ClassOrInterfaceType,java.util.List,List,C:\Users\tyin363\Documents\repos\sladkoff__minecraft-prometheus-exporter\src\main\java\de\sldk\mc\MetricRegistry.java,14
JDK:java.base,N/A,false,ClassOrInterfaceType,java.lang.Object,Object,C:\Users\tyin363\Documents\repos\sladkoff__minecraft-prometheus-exporter\src\main\java\de\sldk\mc\metrics\tick_duration\DefaultTickDurationStrategy.java,36
JDK:java.base,N/A,false,MethodCallExpr,java.util.logging.Logger,log,C:\Users\tyin363\Documents\repos\sladkoff__minecraft-prometheus-exporter\src\main\java\de\sldk\mc\metrics\tick_duration\DefaultTickDurationStrategy.java,59
JDK:java.base,N/A,false,ClassOrInterfaceType,java.lang.String,String,C:\Users\tyin363\Documents\repos\sladkoff__minecraft-prometheus-exporter\src\main\java\de\sldk\mc\metrics\player\PlayerStatisticLoaderFromFile.java,96
CLIENT:client-code,N/A,false,ClassOrInterfaceType,de.sldk.mc.metrics.ThreadsWrapper,ThreadsWrapper,C:\Users\tyin363\Documents\repos\sladkoff__minecraft-prometheus-exporter\src\main\java\de\sldk\mc\config\PrometheusExporterConfig.java,28
JDK:java.base,N/A,false,ClassOrInterfaceType,java.lang.String,String,C:\Users\tyin363\Documents\repos\sladkoff__minecraft-prometheus-exporter\src\main\java\de\sldk\mc\MetricsServer.java,13
CLIENT:client-code,N/A,false,FieldAccessExpr,de.sldk.mc.metrics.Metric,collector,C:\Users\tyin363\Documents\repos\sladkoff__minecraft-prometheus-exporter\src\main\java\de\sldk\mc\metrics\Metric.java,22
CLIENT:client-code,N/A,false,MethodCallExpr,de.sldk.mc.metrics.HotspotPrefixer,prefixFromCollector,C:\Users\tyin363\Documents\repos\sladkoff__minecraft-prometheus-exporter\src\main\java\de\sldk\mc\metrics\ThreadsWrapper.java,23
JDK:java.base,N/A,false,FieldAccessExpr,java.util.logging.Level,FINE,C:\Users\tyin363\Documents\repos\sladkoff__minecraft-prometheus-exporter\src\main\java\de\sldk\mc\MetricsController.java,44
JDK:java.base,N/A,false,MethodCallExpr,java.util.logging.Logger,log,C:\Users\tyin363\Documents\repos\sladkoff__minecraft-prometheus-exporter\src\main\java\de\sldk\mc\metrics\player\PlayerStatisticLoaderFromFile.java,104
CLIENT:client-code,N/A,false,MethodCallExpr,de.sldk.mc.metrics.Metric,enable,C:\Users\tyin363\Documents\repos\sladkoff__minecraft-prometheus-exporter\src\main\java\de\sldk\mc\metrics\LoadedChunks.java,25
JDK:java.base,N/A,false,ClassOrInterfaceType,java.lang.String,String,C:\Users\tyin363\Documents\repos\sladkoff__minecraft-prometheus-exporter\src\main\java\de\sldk\mc\metrics\TickDurationMedianCollector.java,10
JDK:java.base,N/A,false,ClassOrInterfaceType,java.lang.Boolean,Boolean,C:\Users\tyin363\Documents\repos\sladkoff__minecraft-prometheus-exporter\src\main\java\de\sldk\mc\config\PrometheusExporterConfig.java,67
org.eclipse.jetty:jetty-http,12.0.17,true,ClassOrInterfaceType,org.eclipse.jetty.http.HttpFields,HttpFields,C:\Users\tyin363\Documents\repos\sladkoff__minecraft-prometheus-exporter\src\main\java\de\sldk\mc\MetricsController.java,38
JDK:java.base,N/A,false,ClassOrInterfaceType,java.nio.file.Path,Path,C:\Users\tyin363\Documents\repos\sladkoff__minecraft-prometheus-exporter\src\main\java\de\sldk\mc\utils\PathFileSize.java,21
,,false,MethodCallExpr,io.prometheus.client.SimpleCollector.Builder,help,C:\Users\tyin363\Documents\repos\sladkoff__minecraft-prometheus-exporter\src\main\java\de\sldk\mc\metrics\PlayersTotal.java,9
JDK:java.base,N/A,false,MethodCallExpr,java.nio.file.Files,walk,C:\Users\tyin363\Documents\repos\sladkoff__minecraft-prometheus-exporter\src\main\java\de\sldk\mc\metrics\player\PlayerStatisticLoaderFromFile.java,74
CLIENT:client-code,N/A,false,FieldAccessExpr,de.sldk.mc.metrics.player.PlayerStatisticLoaderFromBukkit,logger,C:\Users\tyin363\Documents\repos\sladkoff__minecraft-prometheus-exporter\src\main\java\de\sldk\mc\metrics\player\PlayerStatisticLoaderFromBukkit.java,29
CLIENT:client-code,N/A,false,ObjectCreationExpr,de.sldk.mc.metrics.ThreadsWrapper.ThreadExportsCollector,ThreadExportsCollector,C:\Users\tyin363\Documents\repos\sladkoff__minecraft-prometheus-exporter\src\main\java\de\sldk\mc\metrics\ThreadsWrapper.java,12
JDK:java.base,N/A,false,ClassOrInterfaceType,java.util.ArrayList,ArrayList,C:\Users\tyin363\Documents\repos\sladkoff__minecraft-prometheus-exporter\src\main\java\de\sldk\mc\metrics\HotspotPrefixer.java,13
JDK:java.base,N/A,false,FieldAccessExpr,java.util.logging.Level,WARNING,C:\Users\tyin363\Documents\repos\sladkoff__minecraft-prometheus-exporter\src\main\java\de\sldk\mc\MetricsController.java,43
CLIENT:client-code,N/A,false,ClassOrInterfaceType,de.sldk.mc.metrics.tick_duration.TickDurationCollector,TickDurationCollector,C:\Users\tyin363\Documents\repos\sladkoff__minecraft-prometheus-exporter\src\main\java\de\sldk\mc\metrics\tick_duration\TickDurationCollector.java,27
JDK:java.base,N/A,false,ClassOrInterfaceType,java.lang.String,String,C:\Users\tyin363\Documents\repos\sladkoff__minecraft-prometheus-exporter\src\main\java\de\sldk\mc\metrics\PlayerStatistics.java,56
JDK:java.base,N/A,false,MethodCallExpr,java.util.logging.Logger,throwing,C:\Users\tyin363\Documents\repos\sladkoff__minecraft-prometheus-exporter\src\main\java\de\sldk\mc\metrics\player\PlayerStatisticLoaderFromBukkit.java,86
,,false,FieldAccessExpr,io.prometheus.client.Collector.MetricFamilySamples.Sample,value,C:\Users\tyin363\Documents\repos\sladkoff__minecraft-prometheus-exporter\src\main\java\de\sldk\mc\metrics\HotspotPrefixer.java,18
,,false,MethodCallExpr,io.prometheus.client.SimpleCollector.Builder,help,C:\Users\tyin363\Documents\repos\sladkoff__minecraft-prometheus-exporter\src\main\java\de\sldk\mc\metrics\WhitelistedPlayers.java,9
JDK:java.base,N/A,false,ObjectCreationExpr,java.util.HashMap,HashMap,C:\Users\tyin363\Documents\repos\sladkoff__minecraft-prometheus-exporter\src\main\java\de\sldk\mc\metrics\player\PlayerStatisticLoaderFromFile.java,69
JDK:java.base,N/A,false,ClassOrInterfaceType,java.lang.Long,Long,C:\Users\tyin363\Documents\repos\sladkoff__minecraft-prometheus-exporter\src\main\java\de\sldk\mc\collectors\TpsCollector.java,27
CLIENT:client-code,N/A,false,MethodCallExpr,de.sldk.mc.MetricRegistry,getInstance,C:\Users\tyin363\Documents\repos\sladkoff__minecraft-prometheus-exporter\src\main\java\de\sldk\mc\config\PrometheusExporterConfig.java,81
io.prometheus:simpleclient,0.16.0,true,MethodCallExpr,io.prometheus.client.Gauge,set,C:\Users\tyin363\Documents\repos\sladkoff__minecraft-prometheus-exporter\src\main\java\de\sldk\mc\metrics\TickDurationMaxCollector.java,32
,,false,MethodCallExpr,io.prometheus.client.SimpleCollector.Builder,name,C:\Users\tyin363\Documents\repos\sladkoff__minecraft-prometheus-exporter\src\main\java\de\sldk\mc\metrics\TickDurationAverageCollector.java,11
org.eclipse.jetty:jetty-server,12.0.17,false,ClassOrInterfaceType,org.eclipse.jetty.server.handler.gzip.GzipHandler,GzipHandler,C:\Users\tyin363\Documents\repos\sladkoff__minecraft-prometheus-exporter\src\main\java\de\sldk\mc\MetricsServer.java,28
JDK:java.base,N/A,false,ClassOrInterfaceType,java.util.HashMap,HashMap,C:\Users\tyin363\Documents\repos\sladkoff__minecraft-prometheus-exporter\src\main\java\de\sldk\mc\metrics\player\PlayerStatisticLoaderFromFile.java,90
JDK:java.base,N/A,false,ClassOrInterfaceType,java.lang.reflect.Field,Field,C:\Users\tyin363\Documents\repos\sladkoff__minecraft-prometheus-exporter\src\main\java\de\sldk\mc\metrics\tick_duration\DefaultTickDurationStrategy.java,39
CLIENT:client-code,N/A,false,MethodCallExpr,de.sldk.mc.metrics.Metric,getPlugin,C:\Users\tyin363\Documents\repos\sladkoff__minecraft-prometheus-exporter\src\main\java\de\sldk\mc\metrics\TickDurationMedianCollector.java,11
JDK:java.base,N/A,false,ClassOrInterfaceType,java.nio.file.Path,Path,C:\Users\tyin363\Documents\repos\sladkoff__minecraft-prometheus-exporter\src\main\java\de\sldk\mc\metrics\player\PlayerStatisticLoaderFromFile.java,74
CLIENT:client-code,N/A,false,ClassOrInterfaceType,de.sldk.mc.metrics.Metric,Metric,C:\Users\tyin363\Documents\repos\sladkoff__minecraft-prometheus-exporter\src\main\java\de\sldk\mc\config\MetricConfig.java,19
io.prometheus:simpleclient_hotspot,0.16.0,false,ObjectCreationExpr,io.prometheus.client.hotspot.GarbageCollectorExports,GarbageCollectorExports,C:\Users\tyin363\Documents\repos\sladkoff__minecraft-prometheus-exporter\src\main\java\de\sldk\mc\metrics\GarbageCollectorWrapper.java,29
JDK:java.base,N/A,false,ClassOrInterfaceType,java.util.UUID,UUID,C:\Users\tyin363\Documents\repos\sladkoff__minecraft-prometheus-exporter\src\main\java\de\sldk\mc\metrics\player\PlayerStatisticLoaderFromFile.java,36
,,false,MethodCallExpr,io.prometheus.client.Gauge.Child,set,C:\Users\tyin363\Documents\repos\sladkoff__minecraft-prometheus-exporter\src\main\java\de\sldk\mc\metrics\Memory.java,22
CLIENT:client-code,N/A,false,ObjectCreationExpr,de.sldk.mc.collectors.TpsCollector,TpsCollector,C:\Users\tyin363\Documents\repos\sladkoff__minecraft-prometheus-exporter\src\main\java\de\sldk\mc\metrics\Tps.java,17
JDK:java.base,N/A,false,ClassOrInterfaceType,java.lang.String,String,C:\Users\tyin363\Documents\repos\sladkoff__minecraft-prometheus-exporter\src\main\java\de\sldk\mc\config\PrometheusExporterConfig.java,65
JDK:java.base,N/A,false,MethodCallExpr,java.util.stream.Stream,filter,C:\Users\tyin363\Documents\repos\sladkoff__minecraft-prometheus-exporter\src\main\java\de\sldk\mc\metrics\player\PlayerStatisticLoaderFromFile.java,75
org.eclipse.jetty:jetty-util,12.0.17,true,MethodCallExpr,org.eclipse.jetty.util.Callback,succeeded,C:\Users\tyin363\Documents\repos\sladkoff__minecraft-prometheus-exporter\src\main\java\de\sldk\mc\HealthController.java,25
JDK:java.base,N/A,false,MethodCallExpr,java.lang.Object,getClass,C:\Users\tyin363\Documents\repos\sladkoff__minecraft-prometheus-exporter\src\main\java\de\sldk\mc\metrics\tick_duration\DefaultTickDurationStrategy.java,39
JDK:java.base,N/A,false,ClassOrInterfaceType,java.lang.Integer,Integer,C:\Users\tyin363\Documents\repos\sladkoff__minecraft-prometheus-exporter\src\main\java\de\sldk\mc\metrics\player\PlayerStatisticLoaderFromFile.java,36
JDK:java.base,N/A,false,ClassOrInterfaceType,java.lang.Exception,Exception,C:\Users\tyin363\Documents\repos\sladkoff__minecraft-prometheus-exporter\src\main\java\de\sldk\mc\metrics\player\PlayerStatisticLoaderFromFile.java,88
JDK:java.base,N/A,false,ClassOrInterfaceType,java.nio.file.Path,Path,C:\Users\tyin363\Documents\repos\sladkoff__minecraft-prometheus-exporter\src\main\java\de\sldk\mc\utils\PathFileSize.java,20
JDK:java.base,N/A,false,MethodCallExpr,java.lang.Runtime,getRuntime,C:\Users\tyin363\Documents\repos\sladkoff__minecraft-prometheus-exporter\src\main\java\de\sldk\mc\metrics\Memory.java,21
JDK:java.base,N/A,false,ClassOrInterfaceType,java.lang.Integer,Integer,C:\Users\tyin363\Documents\repos\sladkoff__minecraft-prometheus-exporter\src\main\java\de\sldk\mc\metrics\player\PlayerStatisticLoaderFromFile.java,118
CLIENT:client-code,N/A,false,ClassOrInterfaceType,de.sldk.mc.utils.PathFileSize,PathFileSize,C:\Users\tyin363\Documents\repos\sladkoff__minecraft-prometheus-exporter\src\main\java\de\sldk\mc\metrics\WorldSize.java,32
CLIENT:client-code,N/A,false,ClassOrInterfaceType,de.sldk.mc.config.MetricConfig,MetricConfig,C:\Users\tyin363\Documents\repos\sladkoff__minecraft-prometheus-exporter\src\main\java\de\sldk\mc\config\PrometheusExporterConfig.java,46
JDK:java.base,N/A,false,ClassOrInterfaceType,java.util.concurrent.CompletableFuture,CompletableFuture,C:\Users\tyin363\Documents\repos\sladkoff__minecraft-prometheus-exporter\src\main\java\de\sldk\mc\MetricRegistry.java,33
CLIENT:client-code,N/A,false,FieldAccessExpr,de.sldk.mc.config.MetricConfig,metricInitializer,C:\Users\tyin363\Documents\repos\sladkoff__minecraft-prometheus-exporter\src\main\java\de\sldk\mc\config\MetricConfig.java,16
JDK:java.base,N/A,false,ClassOrInterfaceType,java.util.function.Supplier,Supplier,C:\Users\tyin363\Documents\repos\sladkoff__minecraft-prometheus-exporter\src\main\java\de\sldk\mc\metrics\player\PlayerStatisticLoaderFromFile.java,36
JDK:java.base,N/A,false,ClassOrInterfaceType,java.lang.Integer,Integer,C:\Users\tyin363\Documents\repos\sladkoff__minecraft-prometheus-exporter\src\main\java\de\sldk\mc\metrics\player\PlayerStatisticLoaderFromBukkit.java,57
JDK:java.base,N/A,false,MethodCallExpr,java.lang.Class,getSimpleName,C:\Users\tyin363\Documents\repos\sladkoff__minecraft-prometheus-exporter\src\main\java\de\sldk\mc\metrics\player\PlayerStatisticLoaderFromBukkit.java,61
JDK:java.base,N/A,false,ClassOrInterfaceType,java.lang.String,String,C:\Users\tyin363\Documents\repos\sladkoff__minecraft-prometheus-exporter\src\main\java\de\sldk\mc\metrics\PlayerMetric.java,31
CLIENT:client-code,N/A,false,ClassOrInterfaceType,de.sldk.mc.MetricRegistry,MetricRegistry,C:\Users\tyin363\Documents\repos\sladkoff__minecraft-prometheus-exporter\src\main\java\de\sldk\mc\MetricsController.java,20
JDK:java.base,N/A,false,MethodCallExpr,java.lang.Runtime,getRuntime,C:\Users\tyin363\Documents\repos\sladkoff__minecraft-prometheus-exporter\src\main\java\de\sldk\mc\metrics\Memory.java,20
JDK:java.base,N/A,false,ClassOrInterfaceType,java.lang.Integer,Integer,C:\Users\tyin363\Documents\repos\sladkoff__minecraft-prometheus-exporter\src\main\java\de\sldk\mc\metrics\player\PlayerStatisticLoaderFromFile.java,117
JDK:java.base,N/A,false,MethodCallExpr,java.util.Arrays,sort,C:\Users\tyin363\Documents\repos\sladkoff__minecraft-prometheus-exporter\src\main\java\de\sldk\mc\metrics\TickDurationMedianCollector.java,24
,,false,ClassOrInterfaceType,io.prometheus.client.Collector.MetricFamilySamples,MetricFamilySamples,C:\Users\tyin363\Documents\repos\sladkoff__minecraft-prometheus-exporter\src\main\java\de\sldk\mc\metrics\HotspotPrefixer.java,11
CLIENT:client-code,N/A,false,ClassOrInterfaceType,de.sldk.mc.metrics.Metric,Metric,C:\Users\tyin363\Documents\repos\sladkoff__minecraft-prometheus-exporter\src\main\java\de\sldk\mc\MetricRegistry.java,31
CLIENT:client-code,N/A,false,ClassOrInterfaceType,de.sldk.mc.health.HealthCheck,HealthCheck,C:\Users\tyin363\Documents\repos\sladkoff__minecraft-prometheus-exporter\src\main\java\de\sldk\mc\health\HealthCheck.java,21
JDK:java.base,N/A,false,MethodCallExpr,java.nio.file.Path,getFileName,C:\Users\tyin363\Documents\repos\sladkoff__minecraft-prometheus-exporter\src\main\java\de\sldk\mc\metrics\player\PlayerStatisticLoaderFromFile.java,133
JDK:java.base,N/A,false,ObjectCreationExpr,java.io.FileReader,FileReader,C:\Users\tyin363\Documents\repos\sladkoff__minecraft-prometheus-exporter\src\main\java\de\sldk\mc\metrics\player\PlayerStatisticLoaderFromFile.java,95
JDK:java.base,N/A,false,MethodCallExpr,java.io.OutputStreamWriter,flush,C:\Users\tyin363\Documents\repos\sladkoff__minecraft-prometheus-exporter\src\main\java\de\sldk\mc\MetricsController.java,55
JDK:java.base,N/A,false,MethodCallExpr,java.util.List,size,C:\Users\tyin363\Documents\repos\sladkoff__minecraft-prometheus-exporter\src\main\java\de\sldk\mc\metrics\HotspotPrefixer.java,16
JDK:java.base,N/A,false,MethodCallExpr,java.util.logging.Logger,log,C:\Users\tyin363\Documents\repos\sladkoff__minecraft-prometheus-exporter\src\main\java\de\sldk\mc\metrics\tick_duration\DefaultTickDurationStrategy.java,49
CLIENT:client-code,N/A,false,FieldAccessExpr,de.sldk.mc.metrics.player.PlayerStatisticLoaderFromFile,logger,C:\Users\tyin363\Documents\repos\sladkoff__minecraft-prometheus-exporter\src\main\java\de\sldk\mc\metrics\player\PlayerStatisticLoaderFromFile.java,45
,,false,ClassOrInterfaceType,org.eclipse.jetty.http.HttpFields.Mutable,Mutable,C:\Users\tyin363\Documents\repos\sladkoff__minecraft-prometheus-exporter\src\main\java\de\sldk\mc\MetricsController.java,38
JDK:java.base,N/A,false,ClassOrInterfaceType,java.io.File,File,C:\Users\tyin363\Documents\repos\sladkoff__minecraft-prometheus-exporter\src\main\java\de\sldk\mc\metrics\player\PlayerStatisticLoaderFromFile.java,64
CLIENT:client-code,N/A,false,MethodCallExpr,de.sldk.mc.metrics.Metric,enable,C:\Users\tyin363\Documents\repos\sladkoff__minecraft-prometheus-exporter\src\main\java\de\sldk\mc\metrics\Tps.java,25
CLIENT:client-code,N/A,false,ClassOrInterfaceType,de.sldk.mc.metrics.player.PlayerStatisticLoaderFromFile,PlayerStatisticLoaderFromFile,C:\Users\tyin363\Documents\repos\sladkoff__minecraft-prometheus-exporter\src\main\java\de\sldk\mc\metrics\PlayerStatistics.java,40
,,false,ClassOrInterfaceType,io.prometheus.client.Collector.MetricFamilySamples,MetricFamilySamples,C:\Users\tyin363\Documents\repos\sladkoff__minecraft-prometheus-exporter\src\main\java\de\sldk\mc\metrics\HotspotPrefixer.java,12
JDK:java.base,N/A,false,ClassOrInterfaceType,java.lang.String,String,C:\Users\tyin363\Documents\repos\sladkoff__minecraft-prometheus-exporter\src\main\java\de\sldk\mc\metrics\player\PlayerStatisticLoaderFromFile.java,39
CLIENT:client-code,N/A,false,ClassOrInterfaceType,de.sldk.mc.metrics.Memory,Memory,C:\Users\tyin363\Documents\repos\sladkoff__minecraft-prometheus-exporter\src\main\java\de\sldk\mc\config\PrometheusExporterConfig.java,21
io.prometheus:simpleclient,0.16.0,true,MethodCallExpr,io.prometheus.client.Gauge,build,C:\Users\tyin363\Documents\repos\sladkoff__minecraft-prometheus-exporter\src\main\java\de\sldk\mc\metrics\PlayersTotal.java,9
CLIENT:client-code,N/A,false,FieldAccessExpr,de.sldk.mc.config.PluginConfig,key,C:\Users\tyin363\Documents\repos\sladkoff__minecraft-prometheus-exporter\src\main\java\de\sldk\mc\config\PluginConfig.java,16
,,false,ClassOrInterfaceType,io.prometheus.client.Collector.MetricFamilySamples,MetricFamilySamples,C:\Users\tyin363\Documents\repos\sladkoff__minecraft-prometheus-exporter\src\main\java\de\sldk\mc\metrics\HotspotPrefixer.java,13
,,false,MethodCallExpr,io.prometheus.client.Gauge.Builder,create,C:\Users\tyin363\Documents\repos\sladkoff__minecraft-prometheus-exporter\src\main\java\de\sldk\mc\metrics\Tps.java,10
JDK:java.base,N/A,false,ClassOrInterfaceType,java.lang.Object,Object,C:\Users\tyin363\Documents\repos\sladkoff__minecraft-prometheus-exporter\src\main\java\de\sldk\mc\metrics\Villagers.java,71
JDK:java.base,N/A,false,ClassOrInterfaceType,java.lang.Exception,Exception,C:\Users\tyin363\Documents\repos\sladkoff__minecraft-prometheus-exporter\src\main\java\de\sldk\mc\metrics\Metric.java,39
JDK:java.base,N/A,false,MethodCallExpr,java.lang.Runtime,getRuntime,C:\Users\tyin363\Documents\repos\sladkoff__minecraft-prometheus-exporter\src\main\java\de\sldk\mc\metrics\Memory.java,22
JDK:java.base,N/A,false,ClassOrInterfaceType,java.nio.file.attribute.BasicFileAttributes,BasicFileAttributes,C:\Users\tyin363\Documents\repos\sladkoff__minecraft-prometheus-exporter\src\main\java\de\sldk\mc\utils\PathFileSize.java,21
JDK:java.base,N/A,false,ClassOrInterfaceType,java.lang.String,String,C:\Users\tyin363\Documents\repos\sladkoff__minecraft-prometheus-exporter\src\main\java\de\sldk\mc\MetricsServer.java,20
CLIENT:client-code,N/A,false,MethodCallExpr,de.sldk.mc.metrics.Metric,getPlugin,C:\Users\tyin363\Documents\repos\sladkoff__minecraft-prometheus-exporter\src\main\java\de\sldk\mc\metrics\TickDurationMinCollector.java,9
JDK:java.base,N/A,false,ClassOrInterfaceType,java.lang.Integer,Integer,C:\Users\tyin363\Documents\repos\sladkoff__minecraft-prometheus-exporter\src\main\java\de\sldk\mc\metrics\player\PlayerStatisticLoaderFromFile.java,49
JDK:java.base,N/A,false,MethodCallExpr,java.lang.Class,getSimpleName,C:\Users\tyin363\Documents\repos\sladkoff__minecraft-prometheus-exporter\src\main\java\de\sldk\mc\metrics\WorldSize.java,37
CLIENT:client-code,N/A,false,FieldAccessExpr,de.sldk.mc.metrics.Tps,taskId,C:\Users\tyin363\Documents\repos\sladkoff__minecraft-prometheus-exporter\src\main\java\de\sldk\mc\metrics\Tps.java,26
JDK:java.base,N/A,false,ObjectCreationExpr,java.io.BufferedReader,BufferedReader,C:\Users\tyin363\Documents\repos\sladkoff__minecraft-prometheus-exporter\src\main\java\de\sldk\mc\metrics\player\PlayerStatisticLoaderFromFile.java,95
JDK:java.base,N/A,false,ClassOrInterfaceType,java.io.IOException,IOException,C:\Users\tyin363\Documents\repos\sladkoff__minecraft-prometheus-exporter\src\main\java\de\sldk\mc\MetricsController.java,51
JDK:java.base,N/A,false,ClassOrInterfaceType,java.util.List,List,C:\Users\tyin363\Documents\repos\sladkoff__minecraft-prometheus-exporter\src\main\java\de\sldk\mc\metrics\HotspotPrefixer.java,16
JDK:java.base,N/A,false,ClassOrInterfaceType,java.lang.Exception,Exception,C:\Users\tyin363\Documents\repos\sladkoff__minecraft-prometheus-exporter\src\main\java\de\sldk\mc\metrics\player\PlayerStatisticLoaderFromBukkit.java,85
CLIENT:client-code,N/A,false,ClassOrInterfaceType,de.sldk.mc.metrics.tick_duration.TickDurationStrategy,TickDurationStrategy,C:\Users\tyin363\Documents\repos\sladkoff__minecraft-prometheus-exporter\src\main\java\de\sldk\mc\metrics\tick_duration\DefaultTickDurationStrategy.java,11
JDK:java.base,N/A,false,MethodCallExpr,java.lang.Class,getSimpleName,C:\Users\tyin363\Documents\repos\sladkoff__minecraft-prometheus-exporter\src\main\java\de\sldk\mc\metrics\Metric.java,79
JDK:java.base,N/A,false,ClassOrInterfaceType,java.lang.Boolean,Boolean,C:\Users\tyin363\Documents\repos\sladkoff__minecraft-prometheus-exporter\src\main\java\de\sldk\mc\config\MetricConfig.java,14
,,false,MethodCallExpr,io.prometheus.client.SimpleCollector.Builder,help,C:\Users\tyin363\Documents\repos\sladkoff__minecraft-prometheus-exporter\src\main\java\de\sldk\mc\metrics\TickDurationAverageCollector.java,11
JDK:java.base,N/A,false,FieldAccessExpr,java.util.logging.Level,FINE,C:\Users\tyin363\Documents\repos\sladkoff__minecraft-prometheus-exporter\src\main\java\de\sldk\mc\metrics\tick_duration\TickDurationCollector.java,25
,,false,MethodCallExpr,io.prometheus.client.Gauge.Builder,create,C:\Users\tyin363\Documents\repos\sladkoff__minecraft-prometheus-exporter\src\main\java\de\sldk\mc\metrics\TickDurationMedianCollector.java,13
io.prometheus:simpleclient,0.16.0,true,MethodCallExpr,io.prometheus.client.Gauge,build,C:\Users\tyin363\Documents\repos\sladkoff__minecraft-prometheus-exporter\src\main\java\de\sldk\mc\metrics\TickDurationMaxCollector.java,11
io.prometheus:simpleclient,0.16.0,true,ClassOrInterfaceType,io.prometheus.client.Collector,Collector,C:\Users\tyin363\Documents\repos\sladkoff__minecraft-prometheus-exporter\src\main\java\de\sldk\mc\metrics\PlayerMetric.java,13
CLIENT:client-code,N/A,false,MethodCallExpr,de.sldk.mc.metrics.Metric,prefix,C:\Users\tyin363\Documents\repos\sladkoff__minecraft-prometheus-exporter\src\main\java\de\sldk\mc\metrics\TickDurationMaxCollector.java,12
JDK:java.base,N/A,false,ClassOrInterfaceType,java.lang.Exception,Exception,C:\Users\tyin363\Documents\repos\sladkoff__minecraft-prometheus-exporter\src\main\java\de\sldk\mc\metrics\player\PlayerStatisticLoaderFromFile.java,81
,,false,ClassOrInterfaceType,io.prometheus.client.Collector.MetricFamilySamples,MetricFamilySamples,C:\Users\tyin363\Documents\repos\sladkoff__minecraft-prometheus-exporter\src\main\java\de\sldk\mc\metrics\HotspotPrefixer.java,15
JDK:java.base,N/A,false,MethodCallExpr,java.util.stream.Collectors,toMap,C:\Users\tyin363\Documents\repos\sladkoff__minecraft-prometheus-exporter\src\main\java\de\sldk\mc\metrics\player\PlayerStatisticLoaderFromFile.java,118
JDK:java.base,N/A,false,ClassOrInterfaceType,java.lang.Integer,Integer,C:\Users\tyin363\Documents\repos\sladkoff__minecraft-prometheus-exporter\src\main\java\de\sldk\mc\collectors\LoadedChunksCollector.java,33
CLIENT:client-code,N/A,false,ObjectCreationExpr,de.sldk.mc.metrics.tick_duration.DefaultTickDurationStrategy,DefaultTickDurationStrategy,C:\Users\tyin363\Documents\repos\sladkoff__minecraft-prometheus-exporter\src\main\java\de\sldk\mc\metrics\tick_duration\TickDurationCollector.java,26
CLIENT:client-code,N/A,false,MethodCallExpr,de.sldk.mc.MetricsController,writeMetricsToResponse,C:\Users\tyin363\Documents\repos\sladkoff__minecraft-prometheus-exporter\src\main\java\de\sldk\mc\MetricsController.java,41
CLIENT:client-code,N/A,false,ClassOrInterfaceType,de.sldk.mc.metrics.PlayerMetric,PlayerMetric,C:\Users\tyin363\Documents\repos\sladkoff__minecraft-prometheus-exporter\src\main\java\de\sldk\mc\metrics\PlayerOnline.java,7
CLIENT:client-code,N/A,false,ClassOrInterfaceType,de.sldk.mc.metrics.TickDurationAverageCollector,TickDurationAverageCollector,C:\Users\tyin363\Documents\repos\sladkoff__minecraft-prometheus-exporter\src\main\java\de\sldk\mc\config\PrometheusExporterConfig.java,32
JDK:java.base,N/A,false,FieldAccessExpr,java.util.logging.Level,FINE,C:\Users\tyin363\Documents\repos\sladkoff__minecraft-prometheus-exporter\src\main\java\de\sldk\mc\metrics\tick_duration\DefaultTickDurationStrategy.java,28
io.prometheus:simpleclient,0.16.0,true,MethodCallExpr,io.prometheus.client.SimpleCollector,clear,C:\Users\tyin363\Documents\repos\sladkoff__minecraft-prometheus-exporter\src\main\java\de\sldk\mc\metrics\Villagers.java,37
io.prometheus:simpleclient,0.16.0,true,MethodCallExpr,io.prometheus.client.SimpleCollector,clear,C:\Users\tyin363\Documents\repos\sladkoff__minecraft-prometheus-exporter\src\main\java\de\sldk\mc\metrics\WorldSize.java,26
,,false,MethodCallExpr,io.prometheus.client.SimpleCollector.Builder,name,C:\Users\tyin363\Documents\repos\sladkoff__minecraft-prometheus-exporter\src\main\java\de\sldk\mc\metrics\WhitelistedPlayers.java,9
JDK:java.base,N/A,false,MethodCallExpr,java.util.concurrent.CompletableFuture,runAsync,C:\Users\tyin363\Documents\repos\sladkoff__minecraft-prometheus-exporter\src\main\java\de\sldk\mc\metrics\Metric.java,36
JDK:java.base,N/A,false,ClassOrInterfaceType,java.lang.Integer,Integer,C:\Users\tyin363\Documents\repos\sladkoff__minecraft-prometheus-exporter\src\main\java\de\sldk\mc\metrics\player\PlayerStatisticLoaderFromFile.java,113
com.jayway.jsonpath:json-path,2.9.0,false,MethodCallExpr,com.jayway.jsonpath.JsonPath,compile,C:\Users\tyin363\Documents\repos\sladkoff__minecraft-prometheus-exporter\src\main\java\de\sldk\mc\metrics\player\PlayerStatisticLoaderFromFile.java,115
JDK:java.base,N/A,false,ClassOrInterfaceType,java.lang.String,String,C:\Users\tyin363\Documents\repos\sladkoff__minecraft-prometheus-exporter\src\main\java\de\sldk\mc\metrics\player\PlayerStatisticLoaderFromFile.java,32
JDK:java.base,N/A,false,ClassOrInterfaceType,java.lang.Integer,Integer,C:\Users\tyin363\Documents\repos\sladkoff__minecraft-prometheus-exporter\src\main\java\de\sldk\mc\metrics\player\PlayerStatisticLoaderFromBukkit.java,52
JDK:java.base,N/A,false,ObjectCreationExpr,java.util.concurrent.CompletableFuture,CompletableFuture,C:\Users\tyin363\Documents\repos\sladkoff__minecraft-prometheus-exporter\src\main\java\de\sldk\mc\metrics\Metric.java,44
CLIENT:client-code,N/A,false,ClassOrInterfaceType,de.sldk.mc.metrics.WhitelistedPlayers,WhitelistedPlayers,C:\Users\tyin363\Documents\repos\sladkoff__minecraft-prometheus-exporter\src\main\java\de\sldk\mc\config\PrometheusExporterConfig.java,24
,,false,MethodCallExpr,io.prometheus.client.Gauge.Builder,create,C:\Users\tyin363\Documents\repos\sladkoff__minecraft-prometheus-exporter\src\main\java\de\sldk\mc\metrics\PlayersOnlineTotal.java,9
JDK:java.base,N/A,false,MethodCallExpr,java.lang.Class,getComponentType,C:\Users\tyin363\Documents\repos\sladkoff__minecraft-prometheus-exporter\src\main\java\de\sldk\mc\metrics\tick_duration\DefaultTickDurationStrategy.java,40
CLIENT:client-code,N/A,false,ClassOrInterfaceType,de.sldk.mc.metrics.tick_duration.TickDurationCollector,TickDurationCollector,C:\Users\tyin363\Documents\repos\sladkoff__minecraft-prometheus-exporter\src\main\java\de\sldk\mc\metrics\tick_duration\TickDurationCollector.java,16
CLIENT:client-code,N/A,false,MethodCallExpr,de.sldk.mc.health.HealthCheck,isHealthy,C:\Users\tyin363\Documents\repos\sladkoff__minecraft-prometheus-exporter\src\main\java\de\sldk\mc\health\HealthCheck.java,44
JDK:java.base,N/A,false,MethodCallExpr,java.lang.reflect.Field,getType,C:\Users\tyin363\Documents\repos\sladkoff__minecraft-prometheus-exporter\src\main\java\de\sldk\mc\metrics\tick_duration\DefaultTickDurationStrategy.java,40
org.eclipse.jetty:jetty-server,12.0.17,false,ClassOrInterfaceType,org.eclipse.jetty.server.handler.PathMappingsHandler,PathMappingsHandler,C:\Users\tyin363\Documents\repos\sladkoff__minecraft-prometheus-exporter\src\main\java\de\sldk\mc\MetricsServer.java,30
JDK:java.base,N/A,false,MethodCallExpr,java.lang.String,format,C:\Users\tyin363\Documents\repos\sladkoff__minecraft-prometheus-exporter\src\main\java\de\sldk\mc\metrics\player\PlayerStatisticLoaderFromFile.java,125
JDK:java.base,N/A,false,ClassOrInterfaceType,java.lang.Exception,Exception,C:\Users\tyin363\Documents\repos\sladkoff__minecraft-prometheus-exporter\src\main\java\de\sldk\mc\HealthController.java,23
io.prometheus:simpleclient,0.16.0,true,ClassOrInterfaceType,io.prometheus.client.Gauge,Gauge,C:\Users\tyin363\Documents\repos\sladkoff__minecraft-prometheus-exporter\src\main\java\de\sldk\mc\metrics\PlayersTotal.java,9
org.eclipse.jetty:jetty-server,12.0.17,false,ClassOrInterfaceType,org.eclipse.jetty.server.Handler,Handler,C:\Users\tyin363\Documents\repos\sladkoff__minecraft-prometheus-exporter\src\main\java\de\sldk\mc\HealthController.java,18
,,false,MethodCallExpr,io.prometheus.client.SimpleCollector.Builder,labelNames,C:\Users\tyin363\Documents\repos\sladkoff__minecraft-prometheus-exporter\src\main\java\de\sldk\mc\metrics\PlayerStatistics.java,24
CLIENT:client-code,N/A,false,ClassOrInterfaceType,de.sldk.mc.metrics.tick_duration.TickDurationStrategy,TickDurationStrategy,C:\Users\tyin363\Documents\repos\sladkoff__minecraft-prometheus-exporter\src\main\java\de\sldk\mc\metrics\tick_duration\TickDurationCollector.java,10
JDK:java.base,N/A,false,MethodCallExpr,java.lang.String,replace,C:\Users\tyin363\Documents\repos\sladkoff__minecraft-prometheus-exporter\src\main\java\de\sldk\mc\metrics\player\PlayerStatisticLoaderFromFile.java,100
org.eclipse.jetty:jetty-server,12.0.17,false,ClassOrInterfaceType,org.eclipse.jetty.server.Request,Request,C:\Users\tyin363\Documents\repos\sladkoff__minecraft-prometheus-exporter\src\main\java\de\sldk\mc\MetricsController.java,32
JDK:java.base,N/A,false,ObjectCreationExpr,java.util.concurrent.atomic.AtomicLong,AtomicLong,C:\Users\tyin363\Documents\repos\sladkoff__minecraft-prometheus-exporter\src\main\java\de\sldk\mc\utils\PathFileSize.java,19
JDK:java.base,N/A,false,ClassOrInterfaceType,java.lang.Integer,Integer,C:\Users\tyin363\Documents\repos\sladkoff__minecraft-prometheus-exporter\src\main\java\de\sldk\mc\metrics\PlayerStatistics.java,59
JDK:java.base,N/A,false,MethodCallExpr,java.lang.Iterable,forEach,C:\Users\tyin363\Documents\repos\sladkoff__minecraft-prometheus-exporter\src\main\java\de\sldk\mc\config\PrometheusExporterConfig.java,62
CLIENT:client-code,N/A,false,MethodCallExpr,de.sldk.mc.metrics.Metric,prefix,C:\Users\tyin363\Documents\repos\sladkoff__minecraft-prometheus-exporter\src\main\java\de\sldk\mc\metrics\TickDurationAverageCollector.java,12
CLIENT:client-code,N/A,false,ClassOrInterfaceType,de.sldk.mc.config.MetricConfig,MetricConfig,C:\Users\tyin363\Documents\repos\sladkoff__minecraft-prometheus-exporter\src\main\java\de\sldk\mc\config\PrometheusExporterConfig.java,45
CLIENT:client-code,N/A,false,MethodCallExpr,de.sldk.mc.metrics.tick_duration.PaperTickDurationStrategy,getPaperTickTimes,C:\Users\tyin363\Documents\repos\sladkoff__minecraft-prometheus-exporter\src\main\java\de\sldk\mc\metrics\tick_duration\PaperTickDurationStrategy.java,39
CLIENT:client-code,N/A,false,ClassOrInterfaceType,de.sldk.mc.metrics.Metric,Metric,C:\Users\tyin363\Documents\repos\sladkoff__minecraft-prometheus-exporter\src\main\java\de\sldk\mc\metrics\GarbageCollectorWrapper.java,10
io.prometheus:simpleclient,0.16.0,true,MethodCallExpr,io.prometheus.client.Gauge,build,C:\Users\tyin363\Documents\repos\sladkoff__minecraft-prometheus-exporter\src\main\java\de\sldk\mc\metrics\TickDurationAverageCollector.java,11
io.prometheus:simpleclient,0.16.0,true,ClassOrInterfaceType,io.prometheus.client.Gauge,Gauge,C:\Users\tyin363\Documents\repos\sladkoff__minecraft-prometheus-exporter\src\main\java\de\sldk\mc\metrics\TickDurationMaxCollector.java,11
JDK:java.base,N/A,false,ClassOrInterfaceType,java.util.Map,Map,C:\Users\tyin363\Documents\repos\sladkoff__minecraft-prometheus-exporter\src\main\java\de\sldk\mc\metrics\player\EmptyStatisticLoader.java,11
JDK:java.base,N/A,false,FieldAccessExpr,java.util.logging.Level,FINE,C:\Users\tyin363\Documents\repos\sladkoff__minecraft-prometheus-exporter\src\main\java\de\sldk\mc\metrics\player\PlayerStatisticLoaderFromFile.java,83
CLIENT:client-code,N/A,false,FieldAccessExpr,de.sldk.mc.config.PluginConfig,key,C:\Users\tyin363\Documents\repos\sladkoff__minecraft-prometheus-exporter\src\main\java\de\sldk\mc\config\PluginConfig.java,21
CLIENT:client-code,N/A,false,ClassOrInterfaceType,de.sldk.mc.health.HealthCheck.AllOf,AllOf,C:\Users\tyin363\Documents\repos\sladkoff__minecraft-prometheus-exporter\src\main\java\de\sldk\mc\health\HealthCheck.java,22
org.eclipse.jetty:jetty-http,12.0.17,true,FieldAccessExpr,org.eclipse.jetty.http.HttpStatus,SERVICE_UNAVAILABLE_503,C:\Users\tyin363\Documents\repos\sladkoff__minecraft-prometheus-exporter\src\main\java\de\sldk\mc\HealthController.java,24
JDK:java.base,N/A,false,ClassOrInterfaceType,java.io.IOException,IOException,C:\Users\tyin363\Documents\repos\sladkoff__minecraft-prometheus-exporter\src\main\java\de\sldk\mc\utils\PathFileSize.java,26
JDK:java.base,N/A,false,MethodCallExpr,java.lang.String,split,C:\Users\tyin363\Documents\repos\sladkoff__minecraft-prometheus-exporter\src\main\java\de\sldk\mc\metrics\player\PlayerStatisticLoaderFromFile.java,133
CLIENT:client-code,N/A,false,FieldAccessExpr,de.sldk.mc.health.HealthCheck.AllOf,checks,C:\Users\tyin363\Documents\repos\sladkoff__minecraft-prometheus-exporter\src\main\java\de\sldk\mc\health\HealthCheck.java,39
JDK:java.base,N/A,false,MethodCallExpr,java.util.logging.Logger,throwing,C:\Users\tyin363\Documents\repos\sladkoff__minecraft-prometheus-exporter\src\main\java\de\sldk\mc\metrics\Metric.java,81
CLIENT:client-code,N/A,false,FieldAccessExpr,de.sldk.mc.metrics.Villagers.VillagerGrouping,level,C:\Users\tyin363\Documents\repos\sladkoff__minecraft-prometheus-exporter\src\main\java\de\sldk\mc\metrics\Villagers.java,67
JDK:java.base,N/A,false,MethodCallExpr,java.nio.file.Paths,get,C:\Users\tyin363\Documents\repos\sladkoff__minecraft-prometheus-exporter\src\main\java\de\sldk\mc\metrics\player\PlayerStatisticLoaderFromFile.java,67
JDK:java.base,N/A,false,ClassOrInterfaceType,java.lang.reflect.Method,Method,C:\Users\tyin363\Documents\repos\sladkoff__minecraft-prometheus-exporter\src\main\java\de\sldk\mc\metrics\tick_duration\DefaultTickDurationStrategy.java,35
JDK:java.base,N/A,false,ClassOrInterfaceType,java.util.function.Supplier,Supplier,C:\Users\tyin363\Documents\repos\sladkoff__minecraft-prometheus-exporter\src\main\java\de\sldk\mc\collectors\TpsCollector.java,35
JDK:java.base,N/A,false,MethodCallExpr,java.util.logging.Logger,log,C:\Users\tyin363\Documents\repos\sladkoff__minecraft-prometheus-exporter\src\main\java\de\sldk\mc\metrics\player\PlayerStatisticLoaderFromFile.java,83
CLIENT:client-code,N/A,false,ClassOrInterfaceType,de.sldk.mc.metrics.tick_duration.TickDurationCollector,TickDurationCollector,C:\Users\tyin363\Documents\repos\sladkoff__minecraft-prometheus-exporter\src\main\java\de\sldk\mc\metrics\TickDurationAverageCollector.java,9
,,false,MethodCallExpr,io.prometheus.client.SimpleCollector.Builder,help,C:\Users\tyin363\Documents\repos\sladkoff__minecraft-prometheus-exporter\src\main\java\de\sldk\mc\metrics\PlayerStatistics.java,24
CLIENT:client-code,N/A,false,FieldAccessExpr,de.sldk.mc.metrics.player.PlayerStatisticLoaderFromBukkit,STATISTICS,C:\Users\tyin363\Documents\repos\sladkoff__minecraft-prometheus-exporter\src\main\java\de\sldk\mc\metrics\player\PlayerStatisticLoaderFromFile.java,40
io.prometheus:simpleclient,0.16.0,true,MethodCallExpr,io.prometheus.client.Gauge,build,C:\Users\tyin363\Documents\repos\sladkoff__minecraft-prometheus-exporter\src\main\java\de\sldk\mc\metrics\WorldSize.java,13
CLIENT:client-code,N/A,false,ClassOrInterfaceType,de.sldk.mc.metrics.Metric,Metric,C:\Users\tyin363\Documents\repos\sladkoff__minecraft-prometheus-exporter\src\main\java\de\sldk\mc\metrics\TickDurationMedianCollector.java,9
io.prometheus:simpleclient,0.16.0,true,MethodCallExpr,io.prometheus.client.Gauge,build,C:\Users\tyin363\Documents\repos\sladkoff__minecraft-prometheus-exporter\src\main\java\de\sldk\mc\metrics\Tps.java,10
JDK:java.base,N/A,false,ClassOrInterfaceType,java.lang.Exception,Exception,C:\Users\tyin363\Documents\repos\sladkoff__minecraft-prometheus-exporter\src\main\java\de\sldk\mc\metrics\PlayerStatistics.java,69
JDK:java.base,N/A,false,ClassOrInterfaceType,java.util.List,List,C:\Users\tyin363\Documents\repos\sladkoff__minecraft-prometheus-exporter\src\main\java\de\sldk\mc\metrics\ThreadsWrapper.java,22
CLIENT:client-code,N/A,false,ObjectCreationExpr,de.sldk.mc.health.HealthCheck.AllOf,AllOf,C:\Users\tyin363\Documents\repos\sladkoff__minecraft-prometheus-exporter\src\main\java\de\sldk\mc\health\HealthCheck.java,22
org.eclipse.jetty:jetty-util,12.0.17,true,ClassOrInterfaceType,org.eclipse.jetty.util.Callback,Callback,C:\Users\tyin363\Documents\repos\sladkoff__minecraft-prometheus-exporter\src\main\java\de\sldk\mc\MetricsController.java,32
io.prometheus:simpleclient,0.16.0,true,MethodCallExpr,io.prometheus.client.Gauge,build,C:\Users\tyin363\Documents\repos\sladkoff__minecraft-prometheus-exporter\src\main\java\de\sldk\mc\metrics\Entities.java,27
JDK:java.base,N/A,false,ClassOrInterfaceType,java.util.logging.Logger,Logger,C:\Users\tyin363\Documents\repos\sladkoff__minecraft-prometheus-exporter\src\main\java\de\sldk\mc\metrics\player\PlayerStatisticLoaderFromBukkit.java,26
JDK:java.base,N/A,false,ClassOrInterfaceType,java.lang.String,String,C:\Users\tyin363\Documents\repos\sladkoff__minecraft-prometheus-exporter\src\main\java\de\sldk\mc\metrics\Metric.java,79
JDK:java.base,N/A,false,MethodCallExpr,java.util.stream.Collectors,toMap,C:\Users\tyin363\Documents\repos\sladkoff__minecraft-prometheus-exporter\src\main\java\de\sldk\mc\metrics\player\PlayerStatisticLoaderFromFile.java,41
JDK:java.base,N/A,false,ClassOrInterfaceType,java.lang.Enum,Enum,C:\Users\tyin363\Documents\repos\sladkoff__minecraft-prometheus-exporter\src\main\java\de\sldk\mc\metrics\player\PlayerStatisticLoaderFromFile.java,49
JDK:java.base,N/A,false,ClassOrInterfaceType,java.lang.String,String,C:\Users\tyin363\Documents\repos\sladkoff__minecraft-prometheus-exporter\src\main\java\de\sldk\mc\metrics\Metric.java,13
CLIENT:client-code,N/A,false,ClassOrInterfaceType,de.sldk.mc.metrics.Metric,Metric,C:\Users\tyin363\Documents\repos\sladkoff__minecraft-prometheus-exporter\src\main\java\de\sldk\mc\MetricRegistry.java,24
JDK:java.base,N/A,false,MethodCallExpr,java.util.Map,getOrDefault,C:\Users\tyin363\Documents\repos\sladkoff__minecraft-prometheus-exporter\src\main\java\de\sldk\mc\metrics\player\PlayerStatisticLoaderFromFile.java,55
org.eclipse.jetty:jetty-util,12.0.17,true,MethodCallExpr,org.eclipse.jetty.util.Callback,succeeded,C:\Users\tyin363\Documents\repos\sladkoff__minecraft-prometheus-exporter\src\main\java\de\sldk\mc\MetricsController.java,47
JDK:java.base,N/A,false,MethodCallExpr,java.util.Map,computeIfAbsent,C:\Users\tyin363\Documents\repos\sladkoff__minecraft-prometheus-exporter\src\main\java\de\sldk\mc\collectors\LoadedChunksCollector.java,49
CLIENT:client-code,N/A,false,ClassOrInterfaceType,de.sldk.mc.metrics.PlayerOnline,PlayerOnline,C:\Users\tyin363\Documents\repos\sladkoff__minecraft-prometheus-exporter\src\main\java\de\sldk\mc\config\PrometheusExporterConfig.java,36
JDK:java.base,N/A,false,ClassOrInterfaceType,java.lang.Long,Long,C:\Users\tyin363\Documents\repos\sladkoff__minecraft-prometheus-exporter\src\main\java\de\sldk\mc\metrics\TickDurationMinCollector.java,22
CLIENT:client-code,N/A,false,FieldAccessExpr,de.sldk.mc.collectors.TpsCollector,POLL_INTERVAL,C:\Users\tyin363\Documents\repos\sladkoff__minecraft-prometheus-exporter\src\main\java\de\sldk\mc\metrics\Tps.java,38
JDK:java.base,N/A,false,ClassOrInterfaceType,java.nio.file.Path,Path,C:\Users\tyin363\Documents\repos\sladkoff__minecraft-prometheus-exporter\src\main\java\de\sldk\mc\metrics\player\PlayerStatisticLoaderFromFile.java,121
JDK:java.base,N/A,false,ClassOrInterfaceType,java.lang.String,String,C:\Users\tyin363\Documents\repos\sladkoff__minecraft-prometheus-exporter\src\main\java\de\sldk\mc\config\PluginConfig.java,7
CLIENT:client-code,N/A,false,ClassOrInterfaceType,de.sldk.mc.HealthController,HealthController,C:\Users\tyin363\Documents\repos\sladkoff__minecraft-prometheus-exporter\src\main\java\de\sldk\mc\HealthController.java,19
JDK:java.base,N/A,false,FieldAccessExpr,java.util.logging.Level,FINE,C:\Users\tyin363\Documents\repos\sladkoff__minecraft-prometheus-exporter\src\main\java\de\sldk\mc\metrics\player\PlayerStatisticLoaderFromFile.java,104
JDK:java.base,N/A,false,ClassOrInterfaceType,java.lang.Exception,Exception,C:\Users\tyin363\Documents\repos\sladkoff__minecraft-prometheus-exporter\src\main\java\de\sldk\mc\config\PrometheusExporterConfig.java,82
JDK:java.base,N/A,false,ClassOrInterfaceType,java.lang.IllegalArgumentException,IllegalArgumentException,C:\Users\tyin363\Documents\repos\sladkoff__minecraft-prometheus-exporter\src\main\java\de\sldk\mc\metrics\player\PlayerStatisticLoaderFromBukkit.java,60
CLIENT:client-code,N/A,false,MethodCallExpr,de.sldk.mc.MetricRegistry,collectMetrics,C:\Users\tyin363\Documents\repos\sladkoff__minecraft-prometheus-exporter\src\main\java\de\sldk\mc\MetricsController.java,34
JDK:java.base,N/A,false,ObjectCreationExpr,java.io.OutputStreamWriter,OutputStreamWriter,C:\Users\tyin363\Documents\repos\sladkoff__minecraft-prometheus-exporter\src\main\java\de\sldk\mc\MetricsController.java,53
JDK:java.base,N/A,false,ClassOrInterfaceType,java.lang.Enum,Enum,C:\Users\tyin363\Documents\repos\sladkoff__minecraft-prometheus-exporter\src\main\java\de\sldk\mc\metrics\player\PlayerStatisticLoaderFromFile.java,53
io.prometheus:simpleclient,0.16.0,true,MethodCallExpr,io.prometheus.client.Gauge,build,C:\Users\tyin363\Documents\repos\sladkoff__minecraft-prometheus-exporter\src\main\java\de\sldk\mc\metrics\TickDurationMinCollector.java,11
JDK:java.base,N/A,false,ObjectCreationExpr,java.util.HashMap,HashMap,C:\Users\tyin363\Documents\repos\sladkoff__minecraft-prometheus-exporter\src\main\java\de\sldk\mc\metrics\player\PlayerStatisticLoaderFromFile.java,55
JDK:java.base,N/A,false,MethodCallExpr,java.lang.Object,clone,C:\Users\tyin363\Documents\repos\sladkoff__minecraft-prometheus-exporter\src\main\java\de\sldk\mc\metrics\tick_duration\DefaultTickDurationStrategy.java,71
CLIENT:client-code,N/A,false,ObjectCreationExpr,de.sldk.mc.metrics.GarbageCollectorWrapper.GarbageCollectorExportsCollector,GarbageCollectorExportsCollector,C:\Users\tyin363\Documents\repos\sladkoff__minecraft-prometheus-exporter\src\main\java\de\sldk\mc\metrics\GarbageCollectorWrapper.java,12
JDK:java.base,N/A,false,ClassOrInterfaceType,java.lang.Exception,Exception,C:\Users\tyin363\Documents\repos\sladkoff__minecraft-prometheus-exporter\src\main\java\de\sldk\mc\metrics\Metric.java,50
JDK:java.base,N/A,false,ClassOrInterfaceType,java.lang.String,String,C:\Users\tyin363\Documents\repos\sladkoff__minecraft-prometheus-exporter\src\main\java\de\sldk\mc\metrics\PlayerMetric.java,27
CLIENT:client-code,N/A,false,MethodCallExpr,de.sldk.mc.metrics.Metric,logException,C:\Users\tyin363\Documents\repos\sladkoff__minecraft-prometheus-exporter\src\main\java\de\sldk\mc\metrics\Metric.java,51
io.prometheus:simpleclient,0.16.0,true,ClassOrInterfaceType,io.prometheus.client.Collector,Collector,C:\Users\tyin363\Documents\repos\sladkoff__minecraft-prometheus-exporter\src\main\java\de\sldk\mc\metrics\HotspotPrefixer.java,11
JDK:java.base,N/A,false,ClassOrInterfaceType,java.lang.String,String,C:\Users\tyin363\Documents\repos\sladkoff__minecraft-prometheus-exporter\src\main\java\de\sldk\mc\config\PrometheusExporterConfig.java,45
,,false,MethodCallExpr,io.prometheus.client.SimpleCollector.Builder,help,C:\Users\tyin363\Documents\repos\sladkoff__minecraft-prometheus-exporter\src\main\java\de\sldk\mc\metrics\PlayerOnline.java,9
,,false,MethodCallExpr,io.prometheus.client.Gauge.Builder,create,C:\Users\tyin363\Documents\repos\sladkoff__minecraft-prometheus-exporter\src\main\java\de\sldk\mc\metrics\LoadedChunks.java,11
CLIENT:client-code,N/A,false,FieldAccessExpr,de.sldk.mc.metrics.player.PlayerStatisticLoaderFromFile,plugin,C:\Users\tyin363\Documents\repos\sladkoff__minecraft-prometheus-exporter\src\main\java\de\sldk\mc\metrics\player\PlayerStatisticLoaderFromFile.java,44
CLIENT:client-code,N/A,false,FieldAccessExpr,de.sldk.mc.config.PluginConfig,defaultValue,C:\Users\tyin363\Documents\repos\sladkoff__minecraft-prometheus-exporter\src\main\java\de\sldk\mc\config\PluginConfig.java,12
CLIENT:client-code,N/A,false,ClassOrInterfaceType,de.sldk.mc.health.HealthChecks,HealthChecks,C:\Users\tyin363\Documents\repos\sladkoff__minecraft-prometheus-exporter\src\main\java\de\sldk\mc\HealthController.java,12
org.eclipse.jetty:jetty-server,12.0.17,false,MethodCallExpr,org.eclipse.jetty.server.Response,setStatus,C:\Users\tyin363\Documents\repos\sladkoff__minecraft-prometheus-exporter\src\main\java\de\sldk\mc\MetricsController.java,36
io.prometheus:simpleclient,0.16.0,true,MethodCallExpr,io.prometheus.client.Gauge,set,C:\Users\tyin363\Documents\repos\sladkoff__minecraft-prometheus-exporter\src\main\java\de\sldk\mc\metrics\TickDurationAverageCollector.java,31
CLIENT:client-code,N/A,false,FieldAccessExpr,de.sldk.mc.utils.PathFileSize,path,C:\Users\tyin363\Documents\repos\sladkoff__minecraft-prometheus-exporter\src\main\java\de\sldk\mc\utils\PathFileSize.java,15
CLIENT:client-code,N/A,false,ObjectCreationExpr,de.sldk.mc.metrics.player.EmptyStatisticLoader,EmptyStatisticLoader,C:\Users\tyin363\Documents\repos\sladkoff__minecraft-prometheus-exporter\src\main\java\de\sldk\mc\metrics\PlayerStatistics.java,41
CLIENT:client-code,N/A,false,ClassOrInterfaceType,de.sldk.mc.health.HealthCheck,HealthCheck,C:\Users\tyin363\Documents\repos\sladkoff__minecraft-prometheus-exporter\src\main\java\de\sldk\mc\health\HealthCheck.java,59
CLIENT:client-code,N/A,false,FieldAccessExpr,de.sldk.mc.collectors.TpsCollector,lastPoll,C:\Users\tyin363\Documents\repos\sladkoff__minecraft-prometheus-exporter\src\main\java\de\sldk\mc\collectors\TpsCollector.java,53
CLIENT:client-code,N/A,false,FieldAccessExpr,de.sldk.mc.config.PrometheusExporterConfig,METRICS,C:\Users\tyin363\Documents\repos\sladkoff__minecraft-prometheus-exporter\src\main\java\de\sldk\mc\config\PrometheusExporterConfig.java,54
CLIENT:client-code,N/A,false,ClassOrInterfaceType,de.sldk.mc.metrics.Metric,Metric,C:\Users\tyin363\Documents\repos\sladkoff__minecraft-prometheus-exporter\src\main\java\de\sldk\mc\metrics\Memory.java,6
JDK:java.base,N/A,false,ClassOrInterfaceType,java.lang.Exception,Exception,C:\Users\tyin363\Documents\repos\sladkoff__minecraft-prometheus-exporter\src\main\java\de\sldk\mc\MetricsServer.java,27
JDK:java.base,N/A,false,ClassOrInterfaceType,java.lang.Runnable,Runnable,C:\Users\tyin363\Documents\repos\sladkoff__minecraft-prometheus-exporter\src\main\java\de\sldk\mc\collectors\TpsCollector.java,12
JDK:java.base,N/A,false,ClassOrInterfaceType,java.io.BufferedReader,BufferedReader,C:\Users\tyin363\Documents\repos\sladkoff__minecraft-prometheus-exporter\src\main\java\de\sldk\mc\metrics\player\PlayerStatisticLoaderFromFile.java,95
org.eclipse.jetty:jetty-server,12.0.17,false,ClassOrInterfaceType,org.eclipse.jetty.server.Server,Server,C:\Users\tyin363\Documents\repos\sladkoff__minecraft-prometheus-exporter\src\main\java\de\sldk\mc\MetricsServer.java,18
JDK:java.base,N/A,false,ObjectCreationExpr,java.util.ArrayList,ArrayList,C:\Users\tyin363\Documents\repos\sladkoff__minecraft-prometheus-exporter\src\main\java\de\sldk\mc\MetricRegistry.java,14
JDK:java.base,N/A,false,MethodCallExpr,java.lang.Object,getClass,C:\Users\tyin363\Documents\repos\sladkoff__minecraft-prometheus-exporter\src\main\java\de\sldk\mc\metrics\Villagers.java,73
org.eclipse.jetty:jetty-server,12.0.17,false,ObjectCreationExpr,org.eclipse.jetty.server.Server,Server,C:\Users\tyin363\Documents\repos\sladkoff__minecraft-prometheus-exporter\src\main\java\de\sldk\mc\MetricsServer.java,37
,,false,MethodCallExpr,io.prometheus.client.Gauge.Builder,create,C:\Users\tyin363\Documents\repos\sladkoff__minecraft-prometheus-exporter\src\main\java\de\sldk\mc\metrics\TickDurationMinCollector.java,11
JDK:java.base,N/A,false,MethodCallExpr,java.lang.Object,getClass,C:\Users\tyin363\Documents\repos\sladkoff__minecraft-prometheus-exporter\src\main\java\de\sldk\mc\metrics\WorldSize.java,37
org.eclipse.jetty:jetty-server,12.0.17,false,ObjectCreationExpr,org.eclipse.jetty.server.handler.gzip.GzipHandler,GzipHandler,C:\Users\tyin363\Documents\repos\sladkoff__minecraft-prometheus-exporter\src\main\java\de\sldk\mc\MetricsServer.java,28
,,false,MethodCallExpr,io.prometheus.client.SimpleCollector.Builder,labelNames,C:\Users\tyin363\Documents\repos\sladkoff__minecraft-prometheus-exporter\src\main\java\de\sldk\mc\metrics\LoadedChunks.java,11
CLIENT:client-code,N/A,false,ClassOrInterfaceType,de.sldk.mc.metrics.tick_duration.TickDurationCollector,TickDurationCollector,C:\Users\tyin363\Documents\repos\sladkoff__minecraft-prometheus-exporter\src\main\java\de\sldk\mc\metrics\TickDurationMinCollector.java,9
JDK:java.base,N/A,false,MethodCallExpr,java.util.stream.Collectors,counting,C:\Users\tyin363\Documents\repos\sladkoff__minecraft-prometheus-exporter\src\main\java\de\sldk\mc\metrics\Villagers.java,44
JDK:java.base,N/A,false,MethodCallExpr,java.util.concurrent.ConcurrentHashMap,newKeySet,C:\Users\tyin363\Documents\repos\sladkoff__minecraft-prometheus-exporter\src\main\java\de\sldk\mc\health\ConcurrentHealthChecks.java,15
org.eclipse.jetty:jetty-server,12.0.17,false,ClassOrInterfaceType,org.eclipse.jetty.server.Handler,Handler,C:\Users\tyin363\Documents\repos\sladkoff__minecraft-prometheus-exporter\src\main\java\de\sldk\mc\HealthController.java,10
JDK:java.base,N/A,false,ObjectCreationExpr,java.util.LinkedHashSet,LinkedHashSet,C:\Users\tyin363\Documents\repos\sladkoff__minecraft-prometheus-exporter\src\main\java\de\sldk\mc\metrics\PlayerStatistics.java,32
io.prometheus:simpleclient,0.16.0,true,ClassOrInterfaceType,io.prometheus.client.Collector,Collector,C:\Users\tyin363\Documents\repos\sladkoff__minecraft-prometheus-exporter\src\main\java\de\sldk\mc\metrics\Metric.java,16
JDK:java.base,N/A,false,MethodCallExpr,java.util.logging.Logger,log,C:\Users\tyin363\Documents\repos\sladkoff__minecraft-prometheus-exporter\src\main\java\de\sldk\mc\metrics\player\PlayerStatisticLoaderFromFile.java,89
CLIENT:client-code,N/A,false,ClassOrInterfaceType,de.sldk.mc.health.HealthCheck,HealthCheck,C:\Users\tyin363\Documents\repos\sladkoff__minecraft-prometheus-exporter\src\main\java\de\sldk\mc\health\ConcurrentHealthChecks.java,30
JDK:java.base,N/A,false,ClassOrInterfaceType,java.lang.Integer,Integer,C:\Users\tyin363\Documents\repos\sladkoff__minecraft-prometheus-exporter\src\main\java\de\sldk\mc\metrics\player\PlayerStatisticLoaderFromFile.java,53
JDK:java.base,N/A,false,MethodCallExpr,java.io.File,getAbsolutePath,C:\Users\tyin363\Documents\repos\sladkoff__minecraft-prometheus-exporter\src\main\java\de\sldk\mc\metrics\player\PlayerStatisticLoaderFromFile.java,67
JDK:java.base,N/A,false,MethodCallExpr,java.lang.Runtime,totalMemory,C:\Users\tyin363\Documents\repos\sladkoff__minecraft-prometheus-exporter\src\main\java\de\sldk\mc\metrics\Memory.java,22
JDK:java.base,N/A,false,MethodCallExpr,java.util.Map,forEach,C:\Users\tyin363\Documents\repos\sladkoff__minecraft-prometheus-exporter\src\main\java\de\sldk\mc\metrics\Villagers.java,46
JDK:java.base,N/A,false,MethodCallExpr,java.lang.Iterable,forEach,C:\Users\tyin363\Documents\repos\sladkoff__minecraft-prometheus-exporter\src\main\java\de\sldk\mc\config\PrometheusExporterConfig.java,54
org.eclipse.jetty:jetty-util,12.0.17,true,ClassOrInterfaceType,org.eclipse.jetty.util.Callback,Callback,C:\Users\tyin363\Documents\repos\sladkoff__minecraft-prometheus-exporter\src\main\java\de\sldk\mc\HealthController.java,23
,,false,MethodCallExpr,io.prometheus.client.Gauge.Builder,create,C:\Users\tyin363\Documents\repos\sladkoff__minecraft-prometheus-exporter\src\main\java\de\sldk\mc\metrics\WorldSize.java,13
JDK:java.base,N/A,false,FieldAccessExpr,java.util.logging.Level,FINE,C:\Users\tyin363\Documents\repos\sladkoff__minecraft-prometheus-exporter\src\main\java\de\sldk\mc\metrics\PlayerStatistics.java,73
CLIENT:client-code,N/A,false,MethodCallExpr,de.sldk.mc.metrics.tick_duration.TickDurationCollector,getTickDurations,C:\Users\tyin363\Documents\repos\sladkoff__minecraft-prometheus-exporter\src\main\java\de\sldk\mc\metrics\TickDurationMinCollector.java,22
CLIENT:client-code,N/A,false,ClassOrInterfaceType,de.sldk.mc.health.HealthChecks,HealthChecks,C:\Users\tyin363\Documents\repos\sladkoff__minecraft-prometheus-exporter\src\main\java\de\sldk\mc\HealthController.java,14
io.prometheus:simpleclient,0.16.0,true,FieldAccessExpr,io.prometheus.client.CollectorRegistry,defaultRegistry,C:\Users\tyin363\Documents\repos\sladkoff__minecraft-prometheus-exporter\src\main\java\de\sldk\mc\MetricsController.java,54
JDK:java.base,N/A,false,ClassOrInterfaceType,java.lang.Long,Long,C:\Users\tyin363\Documents\repos\sladkoff__minecraft-prometheus-exporter\src\main\java\de\sldk\mc\metrics\TickDurationAverageCollector.java,23
CLIENT:client-code,N/A,false,ClassOrInterfaceType,de.sldk.mc.config.PluginConfig,PluginConfig,C:\Users\tyin363\Documents\repos\sladkoff__minecraft-prometheus-exporter\src\main\java\de\sldk\mc\config\MetricConfig.java,8
io.prometheus:simpleclient,0.16.0,true,FieldAccessExpr,io.prometheus.client.CollectorRegistry,defaultRegistry,C:\Users\tyin363\Documents\repos\sladkoff__minecraft-prometheus-exporter\src\main\java\de\sldk\mc\metrics\Metric.java,96
com.jayway.jsonpath:json-path,2.9.0,false,ClassOrInterfaceType,com.jayway.jsonpath.DocumentContext,DocumentContext,C:\Users\tyin363\Documents\repos\sladkoff__minecraft-prometheus-exporter\src\main\java\de\sldk\mc\metrics\player\PlayerStatisticLoaderFromFile.java,114
JDK:java.base,N/A,false,ClassOrInterfaceType,java.util.function.Supplier,Supplier,C:\Users\tyin363\Documents\repos\sladkoff__minecraft-prometheus-exporter\src\main\java\de\sldk\mc\collectors\TpsCollector.java,27
JDK:java.base,N/A,false,ClassOrInterfaceType,java.io.IOException,IOException,C:\Users\tyin363\Documents\repos\sladkoff__minecraft-prometheus-exporter\src\main\java\de\sldk\mc\utils\PathFileSize.java,18
JDK:java.base,N/A,false,ClassOrInterfaceType,java.lang.Float,Float,C:\Users\tyin363\Documents\repos\sladkoff__minecraft-prometheus-exporter\src\main\java\de\sldk\mc\collectors\TpsCollector.java,69
,,false,ClassOrInterfaceType,io.prometheus.client.Collector.MetricFamilySamples,MetricFamilySamples,C:\Users\tyin363\Documents\repos\sladkoff__minecraft-prometheus-exporter\src\main\java\de\sldk\mc\metrics\ThreadsWrapper.java,22
,,false,MethodCallExpr,io.prometheus.client.SimpleCollector.Builder,labelNames,C:\Users\tyin363\Documents\repos\sladkoff__minecraft-prometheus-exporter\src\main\java\de\sldk\mc\metrics\WorldSize.java,13
CLIENT:client-code,N/A,false,FieldAccessExpr,de.sldk.mc.metrics.Villagers.VillagerGrouping,level,C:\Users\tyin363\Documents\repos\sladkoff__minecraft-prometheus-exporter\src\main\java\de\sldk\mc\metrics\Villagers.java,75
io.prometheus:simpleclient_hotspot,0.16.0,false,ClassOrInterfaceType,io.prometheus.client.hotspot.ThreadExports,ThreadExports,C:\Users\tyin363\Documents\repos\sladkoff__minecraft-prometheus-exporter\src\main\java\de\sldk\mc\metrics\ThreadsWrapper.java,19
JDK:java.base,N/A,false,ClassOrInterfaceType,java.lang.Void,Void,C:\Users\tyin363\Documents\repos\sladkoff__minecraft-prometheus-exporter\src\main\java\de\sldk\mc\MetricRegistry.java,28
io.prometheus:simpleclient,0.16.0,true,MethodCallExpr,io.prometheus.client.Collector,collect,C:\Users\tyin363\Documents\repos\sladkoff__minecraft-prometheus-exporter\src\main\java\de\sldk\mc\metrics\HotspotPrefixer.java,12
JDK:java.base,N/A,false,MethodCallExpr,java.util.logging.Logger,log,C:\Users\tyin363\Documents\repos\sladkoff__minecraft-prometheus-exporter\src\main\java\de\sldk\mc\metrics\tick_duration\TickDurationCollector.java,21
CLIENT:client-code,N/A,false,MethodCallExpr,de.sldk.mc.metrics.Metric,prefix,C:\Users\tyin363\Documents\repos\sladkoff__minecraft-prometheus-exporter\src\main\java\de\sldk\mc\metrics\Memory.java,9
JDK:java.base,N/A,false,FieldAccessExpr,java.lang.Long,MAX_VALUE,C:\Users\tyin363\Documents\repos\sladkoff__minecraft-prometheus-exporter\src\main\java\de\sldk\mc\metrics\TickDurationMinCollector.java,21
CLIENT:client-code,N/A,false,FieldAccessExpr,de.sldk.mc.metrics.tick_duration.TickDurationCollector,strategy,C:\Users\tyin363\Documents\repos\sladkoff__minecraft-prometheus-exporter\src\main\java\de\sldk\mc\metrics\tick_duration\TickDurationCollector.java,13
CLIENT:client-code,N/A,false,MethodCallExpr,de.sldk.mc.MetricRegistry,register,C:\Users\tyin363\Documents\repos\sladkoff__minecraft-prometheus-exporter\src\main\java\de\sldk\mc\config\PrometheusExporterConfig.java,81
CLIENT:client-code,N/A,false,MethodCallExpr,de.sldk.mc.metrics.Metric,isEnabled,C:\Users\tyin363\Documents\repos\sladkoff__minecraft-prometheus-exporter\src\main\java\de\sldk\mc\metrics\Metric.java,31
CLIENT:client-code,N/A,false,MethodCallExpr,de.sldk.mc.metrics.player.PlayerStatisticLoaderFromFile,getPlayersStats,C:\Users\tyin363\Documents\repos\sladkoff__minecraft-prometheus-exporter\src\main\java\de\sldk\mc\metrics\player\PlayerStatisticLoaderFromFile.java,80
io.prometheus:simpleclient_hotspot,0.16.0,false,ClassOrInterfaceType,io.prometheus.client.hotspot.GarbageCollectorExports,GarbageCollectorExports,C:\Users\tyin363\Documents\repos\sladkoff__minecraft-prometheus-exporter\src\main\java\de\sldk\mc\metrics\GarbageCollectorWrapper.java,29
CLIENT:client-code,N/A,false,ClassOrInterfaceType,de.sldk.mc.health.HealthCheck,HealthCheck,C:\Users\tyin363\Documents\repos\sladkoff__minecraft-prometheus-exporter\src\main\java\de\sldk\mc\health\ConcurrentHealthChecks.java,25
CLIENT:client-code,N/A,false,ClassOrInterfaceType,de.sldk.mc.metrics.LoadedChunks,LoadedChunks,C:\Users\tyin363\Documents\repos\sladkoff__minecraft-prometheus-exporter\src\main\java\de\sldk\mc\config\PrometheusExporterConfig.java,20
CLIENT:client-code,N/A,false,ObjectCreationExpr,de.sldk.mc.config.PluginConfig,PluginConfig,C:\Users\tyin363\Documents\repos\sladkoff__minecraft-prometheus-exporter\src\main\java\de\sldk\mc\config\PrometheusExporterConfig.java,15
JDK:java.base,N/A,false,ClassOrInterfaceType,java.lang.String,String,C:\Users\tyin363\Documents\repos\sladkoff__minecraft-prometheus-exporter\src\main\java\de\sldk\mc\collectors\LoadedChunksCollector.java,16
CLIENT:client-code,N/A,false,ClassOrInterfaceType,de.sldk.mc.metrics.Metric,Metric,C:\Users\tyin363\Documents\repos\sladkoff__minecraft-prometheus-exporter\src\main\java\de\sldk\mc\MetricRegistry.java,14
CLIENT:client-code,N/A,false,FieldAccessExpr,de.sldk.mc.metrics.Villagers.VillagerGrouping,profession,C:\Users\tyin363\Documents\repos\sladkoff__minecraft-prometheus-exporter\src\main\java\de\sldk\mc\metrics\Villagers.java,77
JDK:java.base,N/A,false,ObjectCreationExpr,java.lang.IllegalArgumentException,IllegalArgumentException,C:\Users\tyin363\Documents\repos\sladkoff__minecraft-prometheus-exporter\src\main\java\de\sldk\mc\utils\PathFileSize.java,13
CLIENT:client-code,N/A,false,ClassOrInterfaceType,de.sldk.mc.metrics.Entities,Entities,C:\Users\tyin363\Documents\repos\sladkoff__minecraft-prometheus-exporter\src\main\java\de\sldk\mc\config\PrometheusExporterConfig.java,18
CLIENT:client-code,N/A,false,MethodCallExpr,de.sldk.mc.metrics.TickDurationMaxCollector,getTickDurationMax,C:\Users\tyin363\Documents\repos\sladkoff__minecraft-prometheus-exporter\src\main\java\de\sldk\mc\metrics\TickDurationMaxCollector.java,32
JDK:java.base,N/A,false,ClassOrInterfaceType,java.lang.String,String,C:\Users\tyin363\Documents\repos\sladkoff__minecraft-prometheus-exporter\src\main\java\de\sldk\mc\metrics\TickDurationMinCollector.java,8
io.prometheus:simpleclient,0.16.0,true,ClassOrInterfaceType,io.prometheus.client.Collector,Collector,C:\Users\tyin363\Documents\repos\sladkoff__minecraft-prometheus-exporter\src\main\java\de\sldk\mc\metrics\Metric.java,20
JDK:java.base,N/A,false,ClassOrInterfaceType,java.lang.Long,Long,C:\Users\tyin363\Documents\repos\sladkoff__minecraft-prometheus-exporter\src\main\java\de\sldk\mc\metrics\TickDurationMaxCollector.java,22
JDK:java.base,N/A,false,ClassOrInterfaceType,java.util.logging.Logger,Logger,C:\Users\tyin363\Documents\repos\sladkoff__minecraft-prometheus-exporter\src\main\java\de\sldk\mc\metrics\WorldSize.java,12
org.eclipse.jetty:jetty-server,12.0.17,false,MethodCallExpr,org.eclipse.jetty.server.Response,setStatus,C:\Users\tyin363\Documents\repos\sladkoff__minecraft-prometheus-exporter\src\main\java\de\sldk\mc\HealthController.java,24
CLIENT:client-code,N/A,false,MethodCallExpr,de.sldk.mc.metrics.Metric,logException,C:\Users\tyin363\Documents\repos\sladkoff__minecraft-prometheus-exporter\src\main\java\de\sldk\mc\metrics\Metric.java,40
JDK:java.base,N/A,false,ClassOrInterfaceType,java.lang.String,String,C:\Users\tyin363\Documents\repos\sladkoff__minecraft-prometheus-exporter\src\main\java\de\sldk\mc\metrics\Metric.java,86
CLIENT:client-code,N/A,false,MethodCallExpr,de.sldk.mc.metrics.tick_duration.TickDurationCollector,getTickDurations,C:\Users\tyin363\Documents\repos\sladkoff__minecraft-prometheus-exporter\src\main\java\de\sldk\mc\metrics\TickDurationAverageCollector.java,22
JDK:java.base,N/A,false,FieldAccessExpr,java.lang.Long,MIN_VALUE,C:\Users\tyin363\Documents\repos\sladkoff__minecraft-prometheus-exporter\src\main\java\de\sldk\mc\metrics\TickDurationMaxCollector.java,21
JDK:java.base,N/A,false,ClassOrInterfaceType,java.nio.file.SimpleFileVisitor,SimpleFileVisitor,C:\Users\tyin363\Documents\repos\sladkoff__minecraft-prometheus-exporter\src\main\java\de\sldk\mc\utils\PathFileSize.java,20
io.prometheus:simpleclient,0.16.0,true,MethodCallExpr,io.prometheus.client.SimpleCollector,labels,C:\Users\tyin363\Documents\repos\sladkoff__minecraft-prometheus-exporter\src\main\java\de\sldk\mc\metrics\WorldSize.java,35
CLIENT:client-code,N/A,false,MethodCallExpr,de.sldk.mc.metrics.Metric,prefix,C:\Users\tyin363\Documents\repos\sladkoff__minecraft-prometheus-exporter\src\main\java\de\sldk\mc\metrics\WhitelistedPlayers.java,10
JDK:java.base,N/A,false,MethodCallExpr,java.util.UUID,fromString,C:\Users\tyin363\Documents\repos\sladkoff__minecraft-prometheus-exporter\src\main\java\de\sldk\mc\metrics\player\PlayerStatisticLoaderFromFile.java,134
,,false,MethodCallExpr,io.prometheus.client.SimpleCollector.Builder,help,C:\Users\tyin363\Documents\repos\sladkoff__minecraft-prometheus-exporter\src\main\java\de\sldk\mc\metrics\Villagers.java,25
JDK:java.base,N/A,false,MethodCallExpr,java.nio.file.attribute.BasicFileAttributes,size,C:\Users\tyin363\Documents\repos\sladkoff__minecraft-prometheus-exporter\src\main\java\de\sldk\mc\utils\PathFileSize.java,22
JDK:java.base,N/A,false,FieldAccessExpr,java.util.logging.Level,WARNING,C:\Users\tyin363\Documents\repos\sladkoff__minecraft-prometheus-exporter\src\main\java\de\sldk\mc\metrics\tick_duration\DefaultTickDurationStrategy.java,59
CLIENT:client-code,N/A,false,MethodCallExpr,de.sldk.mc.HealthController,create,C:\Users\tyin363\Documents\repos\sladkoff__minecraft-prometheus-exporter\src\main\java\de\sldk\mc\MetricsServer.java,32
JDK:java.base,N/A,false,ClassOrInterfaceType,java.lang.String,String,C:\Users\tyin363\Documents\repos\sladkoff__minecraft-prometheus-exporter\src\main\java\de\sldk\mc\metrics\player\PlayerStatisticLoaderFromFile.java,82
JDK:java.base,N/A,false,MethodCallExpr,java.util.logging.Logger,info,C:\Users\tyin363\Documents\repos\sladkoff__minecraft-prometheus-exporter\src\main\java\de\sldk\mc\metrics\Metric.java,82
JDK:java.base,N/A,false,ClassOrInterfaceType,java.lang.Integer,Integer,C:\Users\tyin363\Documents\repos\sladkoff__minecraft-prometheus-exporter\src\main\java\de\sldk\mc\metrics\player\PlayerStatisticLoaderFromBukkit.java,36
CLIENT:client-code,N/A,false,ClassOrInterfaceType,de.sldk.mc.health.HealthCheck,HealthCheck,C:\Users\tyin363\Documents\repos\sladkoff__minecraft-prometheus-exporter\src\main\java\de\sldk\mc\health\ConcurrentHealthChecks.java,20
CLIENT:client-code,N/A,false,MethodCallExpr,de.sldk.mc.metrics.Metric,prefix,C:\Users\tyin363\Documents\repos\sladkoff__minecraft-prometheus-exporter\src\main\java\de\sldk\mc\metrics\PlayerOnline.java,10
,,false,MethodCallExpr,io.prometheus.client.SimpleCollector.Builder,labelNames,C:\Users\tyin363\Documents\repos\sladkoff__minecraft-prometheus-exporter\src\main\java\de\sldk\mc\metrics\PlayersOnlineTotal.java,9
io.prometheus:simpleclient,0.16.0,true,MethodCallExpr,io.prometheus.client.SimpleCollector,labels,C:\Users\tyin363\Documents\repos\sladkoff__minecraft-prometheus-exporter\src\main\java\de\sldk\mc\metrics\PlayerStatistics.java,66
JDK:java.base,N/A,false,ClassOrInterfaceType,java.io.IOException,IOException,C:\Users\tyin363\Documents\repos\sladkoff__minecraft-prometheus-exporter\src\main\java\de\sldk\mc\metrics\player\PlayerStatisticLoaderFromFile.java,103
org.eclipse.jetty:jetty-http,12.0.17,true,FieldAccessExpr,org.eclipse.jetty.http.HttpStatus,OK_200,C:\Users\tyin363\Documents\repos\sladkoff__minecraft-prometheus-exporter\src\main\java\de\sldk\mc\MetricsController.java,36
io.prometheus:simpleclient_hotspot,0.16.0,false,ObjectCreationExpr,io.prometheus.client.hotspot.ThreadExports,ThreadExports,C:\Users\tyin363\Documents\repos\sladkoff__minecraft-prometheus-exporter\src\main\java\de\sldk\mc\metrics\ThreadsWrapper.java,19
,,false,ClassOrInterfaceType,org.eclipse.jetty.server.Handler.Abstract,Abstract,C:\Users\tyin363\Documents\repos\sladkoff__minecraft-prometheus-exporter\src\main\java\de\sldk\mc\MetricsController.java,18
org.eclipse.jetty:jetty-server,12.0.17,false,ClassOrInterfaceType,org.eclipse.jetty.server.Request,Request,C:\Users\tyin363\Documents\repos\sladkoff__minecraft-prometheus-exporter\src\main\java\de\sldk\mc\MetricsController.java,51
JDK:java.base,N/A,false,MethodCallExpr,java.util.stream.Stream,empty,C:\Users\tyin363\Documents\repos\sladkoff__minecraft-prometheus-exporter\src\main\java\de\sldk\mc\metrics\player\PlayerStatisticLoaderFromBukkit.java,72
JDK:java.base,N/A,false,ClassOrInterfaceType,java.util.Map,Map,C:\Users\tyin363\Documents\repos\sladkoff__minecraft-prometheus-exporter\src\main\java\de\sldk\mc\collectors\LoadedChunksCollector.java,16
io.prometheus:simpleclient,0.16.0,true,FieldAccessExpr,io.prometheus.client.CollectorRegistry,defaultRegistry,C:\Users\tyin363\Documents\repos\sladkoff__minecraft-prometheus-exporter\src\main\java\de\sldk\mc\metrics\Metric.java,91
JDK:java.base,N/A,false,ClassOrInterfaceType,java.lang.Exception,Exception,C:\Users\tyin363\Documents\repos\sladkoff__minecraft-prometheus-exporter\src\main\java\de\sldk\mc\metrics\tick_duration\DefaultTickDurationStrategy.java,48
org.eclipse.jetty:jetty-server,12.0.17,false,ClassOrInterfaceType,org.eclipse.jetty.server.Handler,Handler,C:\Users\tyin363\Documents\repos\sladkoff__minecraft-prometheus-exporter\src\main\java\de\sldk\mc\MetricsController.java,27
CLIENT:client-code,N/A,false,ClassOrInterfaceType,de.sldk.mc.metrics.player.PlayerStatisticLoader,PlayerStatisticLoader,C:\Users\tyin363\Documents\repos\sladkoff__minecraft-prometheus-exporter\src\main\java\de\sldk\mc\metrics\PlayerStatistics.java,54
JDK:java.base,N/A,false,ObjectCreationExpr,java.util.LinkedList,LinkedList,C:\Users\tyin363\Documents\repos\sladkoff__minecraft-prometheus-exporter\src\main\java\de\sldk\mc\collectors\TpsCollector.java,28
CLIENT:client-code,N/A,false,MethodCallExpr,de.sldk.mc.health.HealthCheck,isHealthy,C:\Users\tyin363\Documents\repos\sladkoff__minecraft-prometheus-exporter\src\main\java\de\sldk\mc\health\ConcurrentHealthChecks.java,20
,,false,MethodCallExpr,org.eclipse.jetty.server.Handler.Wrapper,setHandler,C:\Users\tyin363\Documents\repos\sladkoff__minecraft-prometheus-exporter\src\main\java\de\sldk\mc\MetricsServer.java,38
JDK:java.base,N/A,false,ClassOrInterfaceType,java.util.Set,Set,C:\Users\tyin363\Documents\repos\sladkoff__minecraft-prometheus-exporter\src\main\java\de\sldk\mc\health\ConcurrentHealthChecks.java,8
CLIENT:client-code,N/A,false,FieldAccessExpr,de.sldk.mc.health.HealthCheck.AnyOf,checks,C:\Users\tyin363\Documents\repos\sladkoff__minecraft-prometheus-exporter\src\main\java\de\sldk\mc\health\HealthCheck.java,54
io.prometheus:simpleclient,0.16.0,true,ClassOrInterfaceType,io.prometheus.client.Gauge,Gauge,C:\Users\tyin363\Documents\repos\sladkoff__minecraft-prometheus-exporter\src\main\java\de\sldk\mc\metrics\WhitelistedPlayers.java,9
JDK:java.base,N/A,false,MethodCallExpr,java.util.Collections,emptyMap,C:\Users\tyin363\Documents\repos\sladkoff__minecraft-prometheus-exporter\src\main\java\de\sldk\mc\metrics\player\EmptyStatisticLoader.java,12
CLIENT:client-code,N/A,false,MethodCallExpr,de.sldk.mc.metrics.tick_duration.TickDurationCollector,getTickDurations,C:\Users\tyin363\Documents\repos\sladkoff__minecraft-prometheus-exporter\src\main\java\de\sldk\mc\metrics\TickDurationMaxCollector.java,22
CLIENT:client-code,N/A,false,FieldAccessExpr,de.sldk.mc.MetricsServer,host,C:\Users\tyin363\Documents\repos\sladkoff__minecraft-prometheus-exporter\src\main\java\de\sldk\mc\MetricsServer.java,21
JDK:java.base,N/A,false,ClassOrInterfaceType,java.lang.String,String,C:\Users\tyin363\Documents\repos\sladkoff__minecraft-prometheus-exporter\src\main\java\de\sldk\mc\config\MetricConfig.java,10
JDK:java.base,N/A,false,ClassOrInterfaceType,java.lang.Enum,Enum,C:\Users\tyin363\Documents\repos\sladkoff__minecraft-prometheus-exporter\src\main\java\de\sldk\mc\metrics\player\PlayerStatisticLoaderFromFile.java,62
JDK:java.base,N/A,false,MethodCallExpr,java.util.logging.Logger,log,C:\Users\tyin363\Documents\repos\sladkoff__minecraft-prometheus-exporter\src\main\java\de\sldk\mc\metrics\tick_duration\TickDurationCollector.java,25
JDK:java.base,N/A,false,MethodCallExpr,java.util.Map,keySet,C:\Users\tyin363\Documents\repos\sladkoff__minecraft-prometheus-exporter\src\main\java\de\sldk\mc\metrics\player\PlayerStatisticLoaderFromFile.java,116
CLIENT:client-code,N/A,false,ClassOrInterfaceType,de.sldk.mc.metrics.WorldSize,WorldSize,C:\Users\tyin363\Documents\repos\sladkoff__minecraft-prometheus-exporter\src\main\java\de\sldk\mc\config\PrometheusExporterConfig.java,26
,,false,MethodCallExpr,io.prometheus.client.SimpleCollector.Builder,help,C:\Users\tyin363\Documents\repos\sladkoff__minecraft-prometheus-exporter\src\main\java\de\sldk\mc\metrics\Memory.java,8
CLIENT:client-code,N/A,false,ClassOrInterfaceType,de.sldk.mc.metrics.tick_duration.TickDurationCollector,TickDurationCollector,C:\Users\tyin363\Documents\repos\sladkoff__minecraft-prometheus-exporter\src\main\java\de\sldk\mc\metrics\TickDurationMaxCollector.java,9
CLIENT:client-code,N/A,false,ClassOrInterfaceType,de.sldk.mc.health.ConcurrentHealthChecks,ConcurrentHealthChecks,C:\Users\tyin363\Documents\repos\sladkoff__minecraft-prometheus-exporter\src\main\java\de\sldk\mc\health\ConcurrentHealthChecks.java,15
JDK:java.base,N/A,false,ClassOrInterfaceType,java.util.stream.Stream,Stream,C:\Users\tyin363\Documents\repos\sladkoff__minecraft-prometheus-exporter\src\main\java\de\sldk\mc\metrics\player\PlayerStatisticLoaderFromFile.java,74
JDK:java.base,N/A,false,ClassOrInterfaceType,java.util.logging.Logger,Logger,C:\Users\tyin363\Documents\repos\sladkoff__minecraft-prometheus-exporter\src\main\java\de\sldk\mc\metrics\tick_duration\DefaultTickDurationStrategy.java,18
JDK:java.base,N/A,false,ClassOrInterfaceType,java.util.Map,Map,C:\Users\tyin363\Documents\repos\sladkoff__minecraft-prometheus-exporter\src\main\java\de\sldk\mc\metrics\player\PlayerStatisticLoader.java,9
CLIENT:client-code,N/A,false,MethodReferenceExpr,de.sldk.mc.metrics.Metric,collect,C:\Users\tyin363\Documents\repos\sladkoff__minecraft-prometheus-exporter\src\main\java\de\sldk\mc\MetricRegistry.java,31
JDK:java.base,N/A,false,ClassOrInterfaceType,java.util.Map,Map,C:\Users\tyin363\Documents\repos\sladkoff__minecraft-prometheus-exporter\src\main\java\de\sldk\mc\metrics\Villagers.java,42
JDK:java.base,N/A,false,ClassOrInterfaceType,java.lang.Long,Long,C:\Users\tyin363\Documents\repos\sladkoff__minecraft-prometheus-exporter\src\main\java\de\sldk\mc\metrics\Entities.java,49
,,false,MethodCallExpr,io.prometheus.client.Gauge.Builder,create,C:\Users\tyin363\Documents\repos\sladkoff__minecraft-prometheus-exporter\src\main\java\de\sldk\mc\metrics\Entities.java,27
CLIENT:client-code,N/A,false,ObjectCreationExpr,de.sldk.mc.config.PluginConfig,PluginConfig,C:\Users\tyin363\Documents\repos\sladkoff__minecraft-prometheus-exporter\src\main\java\de\sldk\mc\config\PrometheusExporterConfig.java,16
JDK:java.base,N/A,false,ClassOrInterfaceType,java.lang.Integer,Integer,C:\Users\tyin363\Documents\repos\sladkoff__minecraft-prometheus-exporter\src\main\java\de\sldk\mc\metrics\player\PlayerStatisticLoaderFromFile.java,62
JDK:java.base,N/A,false,MethodCallExpr,java.util.LinkedList,poll,C:\Users\tyin363\Documents\repos\sladkoff__minecraft-prometheus-exporter\src\main\java\de\sldk\mc\collectors\TpsCollector.java,59
CLIENT:client-code,N/A,false,MethodCallExpr,de.sldk.mc.metrics.Metric,prefix,C:\Users\tyin363\Documents\repos\sladkoff__minecraft-prometheus-exporter\src\main\java\de\sldk\mc\metrics\PlayerStatistics.java,25
JDK:java.base,N/A,false,ClassOrInterfaceType,java.net.InetSocketAddress,InetSocketAddress,C:\Users\tyin363\Documents\repos\sladkoff__minecraft-prometheus-exporter\src\main\java\de\sldk\mc\MetricsServer.java,36
CLIENT:client-code,N/A,false,MethodCallExpr,de.sldk.mc.collectors.TpsCollector,getAverageTPS,C:\Users\tyin363\Documents\repos\sladkoff__minecraft-prometheus-exporter\src\main\java\de\sldk\mc\metrics\Tps.java,43
JDK:java.base,N/A,false,ClassOrInterfaceType,java.lang.Enum,Enum,C:\Users\tyin363\Documents\repos\sladkoff__minecraft-prometheus-exporter\src\main\java\de\sldk\mc\metrics\player\PlayerStatisticLoaderFromBukkit.java,36
JDK:java.base,N/A,false,ClassOrInterfaceType,java.nio.file.Path,Path,C:\Users\tyin363\Documents\repos\sladkoff__minecraft-prometheus-exporter\src\main\java\de\sldk\mc\metrics\player\PlayerStatisticLoaderFromFile.java,132
JDK:java.base,N/A,false,ClassOrInterfaceType,java.nio.file.Path,Path,C:\Users\tyin363\Documents\repos\sladkoff__minecraft-prometheus-exporter\src\main\java\de\sldk\mc\metrics\player\PlayerStatisticLoaderFromFile.java,66
CLIENT:client-code,N/A,false,ClassOrInterfaceType,de.sldk.mc.metrics.WorldMetric,WorldMetric,C:\Users\tyin363\Documents\repos\sladkoff__minecraft-prometheus-exporter\src\main\java\de\sldk\mc\metrics\Villagers.java,23
JDK:java.base,N/A,false,ClassOrInterfaceType,java.lang.String,String,C:\Users\tyin363\Documents\repos\sladkoff__minecraft-prometheus-exporter\src\main\java\de\sldk\mc\config\PluginConfig.java,10
io.prometheus:simpleclient,0.16.0,true,MethodCallExpr,io.prometheus.client.Gauge,set,C:\Users\tyin363\Documents\repos\sladkoff__minecraft-prometheus-exporter\src\main\java\de\sldk\mc\metrics\TickDurationMinCollector.java,32
io.prometheus:simpleclient,0.16.0,true,ClassOrInterfaceType,io.prometheus.client.Gauge,Gauge,C:\Users\tyin363\Documents\repos\sladkoff__minecraft-prometheus-exporter\src\main\java\de\sldk\mc\metrics\Entities.java,27
JDK:java.base,N/A,false,MethodCallExpr,java.util.stream.Stream,filter,C:\Users\tyin363\Documents\repos\sladkoff__minecraft-prometheus-exporter\src\main\java\de\sldk\mc\metrics\player\PlayerStatisticLoaderFromFile.java,116
JDK:java.base,N/A,false,ClassOrInterfaceType,java.lang.System,System,C:\Users\tyin363\Documents\repos\sladkoff__minecraft-prometheus-exporter\src\main\java\de\sldk\mc\collectors\TpsCollector.java,32
JDK:java.base,N/A,false,ClassOrInterfaceType,java.util.logging.Logger,Logger,C:\Users\tyin363\Documents\repos\sladkoff__minecraft-prometheus-exporter\src\main\java\de\sldk\mc\metrics\player\PlayerStatisticLoaderFromFile.java,35
JDK:java.base,N/A,false,ClassOrInterfaceType,java.lang.Object,Object,C:\Users\tyin363\Documents\repos\sladkoff__minecraft-prometheus-exporter\src\main\java\de\sldk\mc\metrics\tick_duration\PaperTickDurationStrategy.java,25
JDK:java.base,N/A,false,MethodReferenceExpr,java.util.Map,get,C:\Users\tyin363\Documents\repos\sladkoff__minecraft-prometheus-exporter\src\main\java\de\sldk\mc\metrics\player\PlayerStatisticLoaderFromFile.java,118
,,false,MethodCallExpr,io.prometheus.client.Gauge.Child,set,C:\Users\tyin363\Documents\repos\sladkoff__minecraft-prometheus-exporter\src\main\java\de\sldk\mc\metrics\PlayerStatistics.java,66
,,false,FieldAccessExpr,io.prometheus.client.Collector.MetricFamilySamples,help,C:\Users\tyin363\Documents\repos\sladkoff__minecraft-prometheus-exporter\src\main\java\de\sldk\mc\metrics\HotspotPrefixer.java,21
JDK:java.base,N/A,false,MethodCallExpr,java.lang.Runtime,freeMemory,C:\Users\tyin363\Documents\repos\sladkoff__minecraft-prometheus-exporter\src\main\java\de\sldk\mc\metrics\Memory.java,21
CLIENT:client-code,N/A,false,FieldAccessExpr,de.sldk.mc.MetricRegistry,metrics,C:\Users\tyin363\Documents\repos\sladkoff__minecraft-prometheus-exporter\src\main\java\de\sldk\mc\MetricRegistry.java,30
,,false,ClassOrInterfaceType,io.prometheus.client.Collector.MetricFamilySamples.Sample,Sample,C:\Users\tyin363\Documents\repos\sladkoff__minecraft-prometheus-exporter\src\main\java\de\sldk\mc\metrics\HotspotPrefixer.java,18
JDK:java.base,N/A,false,MethodCallExpr,java.util.LinkedList,size,C:\Users\tyin363\Documents\repos\sladkoff__minecraft-prometheus-exporter\src\main\java\de\sldk\mc\collectors\TpsCollector.java,58
,,false,FieldAccessExpr,io.prometheus.client.Collector.MetricFamilySamples.Sample,labelValues,C:\Users\tyin363\Documents\repos\sladkoff__minecraft-prometheus-exporter\src\main\java\de\sldk\mc\metrics\HotspotPrefixer.java,18
JDK:java.base,N/A,false,MethodCallExpr,java.util.AbstractCollection,isEmpty,C:\Users\tyin363\Documents\repos\sladkoff__minecraft-prometheus-exporter\src\main\java\de\sldk\mc\collectors\TpsCollector.java,64
,,false,ObjectCreationExpr,io.prometheus.client.Collector.MetricFamilySamples,Collector$MetricFamilySamples,C:\Users\tyin363\Documents\repos\sladkoff__minecraft-prometheus-exporter\src\main\java\de\sldk\mc\metrics\HotspotPrefixer.java,21
JDK:java.base,N/A,false,ClassOrInterfaceType,java.util.UUID,UUID,C:\Users\tyin363\Documents\repos\sladkoff__minecraft-prometheus-exporter\src\main\java\de\sldk\mc\metrics\player\PlayerStatisticLoaderFromFile.java,132
CLIENT:client-code,N/A,false,ClassOrInterfaceType,de.sldk.mc.metrics.Villagers.VillagerGrouping,VillagerGrouping,C:\Users\tyin363\Documents\repos\sladkoff__minecraft-prometheus-exporter\src\main\java\de\sldk\mc\metrics\Villagers.java,42
org.eclipse.jetty:jetty-server,12.0.17,false,ClassOrInterfaceType,org.eclipse.jetty.server.Request,Request,C:\Users\tyin363\Documents\repos\sladkoff__minecraft-prometheus-exporter\src\main\java\de\sldk\mc\HealthController.java,23
JDK:java.base,N/A,false,ClassOrInterfaceType,java.lang.Throwable,Throwable,C:\Users\tyin363\Documents\repos\sladkoff__minecraft-prometheus-exporter\src\main\java\de\sldk\mc\metrics\WorldSize.java,36
JDK:java.base,N/A,false,ClassOrInterfaceType,java.util.HashMap,HashMap,C:\Users\tyin363\Documents\repos\sladkoff__minecraft-prometheus-exporter\src\main\java\de\sldk\mc\metrics\player\PlayerStatisticLoaderFromFile.java,55
JDK:java.base,N/A,false,FieldAccessExpr,java.util.logging.Level,FINE,C:\Users\tyin363\Documents\repos\sladkoff__minecraft-prometheus-exporter\src\main\java\de\sldk\mc\metrics\tick_duration\DefaultTickDurationStrategy.java,49
CLIENT:client-code,N/A,false,ClassOrInterfaceType,de.sldk.mc.MetricRegistry,MetricRegistry,C:\Users\tyin363\Documents\repos\sladkoff__minecraft-prometheus-exporter\src\main\java\de\sldk\mc\MetricRegistry.java,12
JDK:java.base,N/A,false,MethodCallExpr,java.lang.Class,getSimpleName,C:\Users\tyin363\Documents\repos\sladkoff__minecraft-prometheus-exporter\src\main\java\de\sldk\mc\metrics\player\PlayerStatisticLoaderFromBukkit.java,86
,,false,ClassOrInterfaceType,io.prometheus.client.Collector.MetricFamilySamples.Sample,Sample,C:\Users\tyin363\Documents\repos\sladkoff__minecraft-prometheus-exporter\src\main\java\de\sldk\mc\metrics\HotspotPrefixer.java,17
CLIENT:client-code,N/A,false,MethodCallExpr,de.sldk.mc.metrics.Metric,getPlugin,C:\Users\tyin363\Documents\repos\sladkoff__minecraft-prometheus-exporter\src\main\java\de\sldk\mc\metrics\TickDurationMaxCollector.java,9
JDK:java.base,N/A,false,MethodCallExpr,java.util.logging.Logger,fine,C:\Users\tyin363\Documents\repos\sladkoff__minecraft-prometheus-exporter\src\main\java\de\sldk\mc\metrics\player\PlayerStatisticLoaderFromFile.java,72
,,false,MethodCallExpr,io.prometheus.client.SimpleCollector.Builder,labelNames,C:\Users\tyin363\Documents\repos\sladkoff__minecraft-prometheus-exporter\src\main\java\de\sldk\mc\metrics\Villagers.java,25
CLIENT:client-code,N/A,false,MethodCallExpr,de.sldk.mc.metrics.TickDurationMinCollector,getTickDurationMin,C:\Users\tyin363\Documents\repos\sladkoff__minecraft-prometheus-exporter\src\main\java\de\sldk\mc\metrics\TickDurationMinCollector.java,32
CLIENT:client-code,N/A,false,ClassOrInterfaceType,de.sldk.mc.metrics.PlayerMetric,PlayerMetric,C:\Users\tyin363\Documents\repos\sladkoff__minecraft-prometheus-exporter\src\main\java\de\sldk\mc\metrics\PlayerStatistics.java,22
CLIENT:client-code,N/A,false,MethodCallExpr,de.sldk.mc.config.PrometheusExporterConfig,isFolia,C:\Users\tyin363\Documents\repos\sladkoff__minecraft-prometheus-exporter\src\main\java\de\sldk\mc\config\PrometheusExporterConfig.java,72
JDK:java.base,N/A,false,MethodCallExpr,java.nio.file.Files,exists,C:\Users\tyin363\Documents\repos\sladkoff__minecraft-prometheus-exporter\src\main\java\de\sldk\mc\metrics\player\PlayerStatisticLoaderFromFile.java,68
CLIENT:client-code,N/A,false,ClassOrInterfaceType,de.sldk.mc.metrics.Metric,Metric,C:\Users\tyin363\Documents\repos\sladkoff__minecraft-prometheus-exporter\src\main\java\de\sldk\mc\config\PrometheusExporterConfig.java,45
CLIENT:client-code,N/A,false,MethodCallExpr,de.sldk.mc.metrics.Metric,prefix,C:\Users\tyin363\Documents\repos\sladkoff__minecraft-prometheus-exporter\src\main\java\de\sldk\mc\metrics\Villagers.java,26
JDK:java.base,N/A,false,MethodCallExpr,java.lang.Object,getClass,C:\Users\tyin363\Documents\repos\sladkoff__minecraft-prometheus-exporter\src\main\java\de\sldk\mc\metrics\player\PlayerStatisticLoaderFromBukkit.java,61
JDK:java.base,N/A,false,ClassOrInterfaceType,java.lang.Long,Long,C:\Users\tyin363\Documents\repos\sladkoff__minecraft-prometheus-exporter\src\main\java\de\sldk\mc\metrics\Villagers.java,42
JDK:java.base,N/A,false,MethodCallExpr,java.util.HashSet,add,C:\Users\tyin363\Documents\repos\sladkoff__minecraft-prometheus-exporter\src\main\java\de\sldk\mc\metrics\PlayerStatistics.java,39
,,false,MethodCallExpr,io.prometheus.client.SimpleCollector.Builder,name,C:\Users\tyin363\Documents\repos\sladkoff__minecraft-prometheus-exporter\src\main\java\de\sldk\mc\metrics\Entities.java,27
,,false,MethodCallExpr,io.prometheus.client.SimpleCollector.Builder,name,C:\Users\tyin363\Documents\repos\sladkoff__minecraft-prometheus-exporter\src\main\java\de\sldk\mc\metrics\PlayerOnline.java,9
CLIENT:client-code,N/A,false,MethodCallExpr,de.sldk.mc.metrics.WorldMetric,clear,C:\Users\tyin363\Documents\repos\sladkoff__minecraft-prometheus-exporter\src\main\java\de\sldk\mc\metrics\WorldMetric.java,17
JDK:java.base,N/A,false,ClassOrInterfaceType,java.lang.Enum,Enum,C:\Users\tyin363\Documents\repos\sladkoff__minecraft-prometheus-exporter\src\main\java\de\sldk\mc\metrics\PlayerStatistics.java,59
JDK:java.base,N/A,false,ClassOrInterfaceType,java.lang.String,String,C:\Users\tyin363\Documents\repos\sladkoff__minecraft-prometheus-exporter\src\main\java\de\sldk\mc\metrics\TickDurationMaxCollector.java,8
io.prometheus:simpleclient,0.16.0,true,ClassOrInterfaceType,io.prometheus.client.Gauge,Gauge,C:\Users\tyin363\Documents\repos\sladkoff__minecraft-prometheus-exporter\src\main\java\de\sldk\mc\metrics\Tps.java,10
JDK:java.base,N/A,false,MethodCallExpr,java.lang.Boolean,equals,C:\Users\tyin363\Documents\repos\sladkoff__minecraft-prometheus-exporter\src\main\java\de\sldk\mc\config\PrometheusExporterConfig.java,71
,,false,MethodCallExpr,io.prometheus.client.SimpleCollector.Builder,name,C:\Users\tyin363\Documents\repos\sladkoff__minecraft-prometheus-exporter\src\main\java\de\sldk\mc\metrics\WorldSize.java,13
JDK:java.base,N/A,false,ClassOrInterfaceType,java.util.concurrent.CompletableFuture,CompletableFuture,C:\Users\tyin363\Documents\repos\sladkoff__minecraft-prometheus-exporter\src\main\java\de\sldk\mc\metrics\Metric.java,30
JDK:java.base,N/A,false,MethodCallExpr,java.util.stream.Collectors,groupingBy,C:\Users\tyin363\Documents\repos\sladkoff__minecraft-prometheus-exporter\src\main\java\de\sldk\mc\metrics\Villagers.java,44
JDK:java.base,N/A,false,ClassOrInterfaceType,java.lang.Exception,Exception,C:\Users\tyin363\Documents\repos\sladkoff__minecraft-prometheus-exporter\src\main\java\de\sldk\mc\metrics\player\PlayerStatisticLoaderFromFile.java,124
JDK:java.base,N/A,false,MethodCallExpr,java.util.Set,remove,C:\Users\tyin363\Documents\repos\sladkoff__minecraft-prometheus-exporter\src\main\java\de\sldk\mc\health\ConcurrentHealthChecks.java,31
JDK:java.base,N/A,false,MethodCallExpr,java.util.HashSet,add,C:\Users\tyin363\Documents\repos\sladkoff__minecraft-prometheus-exporter\src\main\java\de\sldk\mc\metrics\PlayerStatistics.java,40
,,false,MethodCallExpr,org.eclipse.jetty.server.Handler.Wrapper,setHandler,C:\Users\tyin363\Documents\repos\sladkoff__minecraft-prometheus-exporter\src\main\java\de\sldk\mc\MetricsServer.java,34
io.prometheus:simpleclient,0.16.0,true,ClassOrInterfaceType,io.prometheus.client.Gauge,Gauge,C:\Users\tyin363\Documents\repos\sladkoff__minecraft-prometheus-exporter\src\main\java\de\sldk\mc\metrics\TickDurationMedianCollector.java,13
CLIENT:client-code,N/A,false,ClassOrInterfaceType,de.sldk.mc.metrics.PlayerStatistics,PlayerStatistics,C:\Users\tyin363\Documents\repos\sladkoff__minecraft-prometheus-exporter\src\main\java\de\sldk\mc\config\PrometheusExporterConfig.java,37
JDK:java.base,N/A,false,MethodCallExpr,java.util.HashSet,add,C:\Users\tyin363\Documents\repos\sladkoff__minecraft-prometheus-exporter\src\main\java\de\sldk\mc\metrics\PlayerStatistics.java,41
CLIENT:client-code,N/A,false,ClassOrInterfaceType,de.sldk.mc.health.HealthCheck,HealthCheck,C:\Users\tyin363\Documents\repos\sladkoff__minecraft-prometheus-exporter\src\main\java\de\sldk\mc\health\HealthCheck.java,44
CLIENT:client-code,N/A,false,FieldAccessExpr,de.sldk.mc.collectors.TpsCollector,lastPoll,C:\Users\tyin363\Documents\repos\sladkoff__minecraft-prometheus-exporter\src\main\java\de\sldk\mc\collectors\TpsCollector.java,43
CLIENT:client-code,N/A,false,FieldAccessExpr,de.sldk.mc.collectors.TpsCollector,lastPoll,C:\Users\tyin363\Documents\repos\sladkoff__minecraft-prometheus-exporter\src\main\java\de\sldk\mc\collectors\TpsCollector.java,37
JDK:java.base,N/A,false,MethodCallExpr,java.lang.Class,forName,C:\Users\tyin363\Documents\repos\sladkoff__minecraft-prometheus-exporter\src\main\java\de\sldk\mc\config\PrometheusExporterConfig.java,99
CLIENT:client-code,N/A,false,ClassOrInterfaceType,de.sldk.mc.metrics.player.PlayerStatisticLoader,PlayerStatisticLoader,C:\Users\tyin363\Documents\repos\sladkoff__minecraft-prometheus-exporter\src\main\java\de\sldk\mc\metrics\player\PlayerStatisticLoaderFromFile.java,30
io.prometheus:simpleclient,0.16.0,true,ClassOrInterfaceType,io.prometheus.client.Gauge,Gauge,C:\Users\tyin363\Documents\repos\sladkoff__minecraft-prometheus-exporter\src\main\java\de\sldk\mc\metrics\WorldSize.java,13
CLIENT:client-code,N/A,false,ClassOrInterfaceType,de.sldk.mc.config.MetricConfig,MetricConfig,C:\Users\tyin363\Documents\repos\sladkoff__minecraft-prometheus-exporter\src\main\java\de\sldk\mc\config\PrometheusExporterConfig.java,17
JDK:java.base,N/A,false,ClassOrInterfaceType,java.lang.Enum,Enum,C:\Users\tyin363\Documents\repos\sladkoff__minecraft-prometheus-exporter\src\main\java\de\sldk\mc\metrics\player\PlayerStatisticLoaderFromFile.java,36
JDK:java.base,N/A,false,ClassOrInterfaceType,java.util.Map,Map,C:\Users\tyin363\Documents\repos\sladkoff__minecraft-prometheus-exporter\src\main\java\de\sldk\mc\metrics\player\PlayerStatisticLoaderFromBukkit.java,36
JDK:java.base,N/A,false,ClassOrInterfaceType,java.util.Map,Map,C:\Users\tyin363\Documents\repos\sladkoff__minecraft-prometheus-exporter\src\main\java\de\sldk\mc\metrics\player\PlayerStatisticLoaderFromFile.java,113
JDK:java.base,N/A,false,MethodCallExpr,java.lang.Class,getSimpleName,C:\Users\tyin363\Documents\repos\sladkoff__minecraft-prometheus-exporter\src\main\java\de\sldk\mc\config\PrometheusExporterConfig.java,65
CLIENT:client-code,N/A,false,FieldAccessExpr,de.sldk.mc.MetricRegistry,metrics,C:\Users\tyin363\Documents\repos\sladkoff__minecraft-prometheus-exporter\src\main\java\de\sldk\mc\MetricRegistry.java,25
JDK:java.base,N/A,false,ClassOrInterfaceType,java.lang.Exception,Exception,C:\Users\tyin363\Documents\repos\sladkoff__minecraft-prometheus-exporter\src\main\java\de\sldk\mc\MetricsServer.java,43
,,false,MethodCallExpr,io.prometheus.client.SimpleCollector.Builder,name,C:\Users\tyin363\Documents\repos\sladkoff__minecraft-prometheus-exporter\src\main\java\de\sldk\mc\metrics\Memory.java,8
CLIENT:client-code,N/A,false,ClassOrInterfaceType,de.sldk.mc.health.HealthCheck.AnyOf,AnyOf,C:\Users\tyin363\Documents\repos\sladkoff__minecraft-prometheus-exporter\src\main\java\de\sldk\mc\health\HealthCheck.java,32
CLIENT:client-code,N/A,false,FieldAccessExpr,de.sldk.mc.metrics.Villagers.VillagerGrouping,type,C:\Users\tyin363\Documents\repos\sladkoff__minecraft-prometheus-exporter\src\main\java\de\sldk\mc\metrics\Villagers.java,76
,,false,MethodCallExpr,io.prometheus.client.SimpleCollector.Builder,help,C:\Users\tyin363\Documents\repos\sladkoff__minecraft-prometheus-exporter\src\main\java\de\sldk\mc\metrics\LoadedChunks.java,11
CLIENT:client-code,N/A,false,ClassOrInterfaceType,de.sldk.mc.metrics.Metric,Metric,C:\Users\tyin363\Documents\repos\sladkoff__minecraft-prometheus-exporter\src\main\java\de\sldk\mc\metrics\PlayerMetric.java,11
CLIENT:client-code,N/A,false,ClassOrInterfaceType,de.sldk.mc.metrics.Villagers,Villagers,C:\Users\tyin363\Documents\repos\sladkoff__minecraft-prometheus-exporter\src\main\java\de\sldk\mc\config\PrometheusExporterConfig.java,19
JDK:java.base,N/A,false,MethodCallExpr,java.lang.Object,getClass,C:\Users\tyin363\Documents\repos\sladkoff__minecraft-prometheus-exporter\src\main\java\de\sldk\mc\metrics\PlayerStatistics.java,71
JDK:java.base,N/A,false,FieldAccessExpr,java.util.logging.Level,FINE,C:\Users\tyin363\Documents\repos\sladkoff__minecraft-prometheus-exporter\src\main\java\de\sldk\mc\metrics\player\PlayerStatisticLoaderFromFile.java,126
JDK:java.base,N/A,false,ClassOrInterfaceType,java.lang.String,String,C:\Users\tyin363\Documents\repos\sladkoff__minecraft-prometheus-exporter\src\main\java\de\sldk\mc\metrics\TickDurationAverageCollector.java,8
,,false,MethodCallExpr,io.prometheus.client.SimpleCollector.Builder,name,C:\Users\tyin363\Documents\repos\sladkoff__minecraft-prometheus-exporter\src\main\java\de\sldk\mc\metrics\PlayersOnlineTotal.java,9
JDK:java.base,N/A,false,MethodCallExpr,java.util.concurrent.atomic.AtomicLong,addAndGet,C:\Users\tyin363\Documents\repos\sladkoff__minecraft-prometheus-exporter\src\main\java\de\sldk\mc\utils\PathFileSize.java,22
org.eclipse.jetty:jetty-server,12.0.17,false,ClassOrInterfaceType,org.eclipse.jetty.server.Server,Server,C:\Users\tyin363\Documents\repos\sladkoff__minecraft-prometheus-exporter\src\main\java\de\sldk\mc\MetricsServer.java,37
CLIENT:client-code,N/A,false,ClassOrInterfaceType,de.sldk.mc.metrics.player.PlayerStatisticLoader,PlayerStatisticLoader,C:\Users\tyin363\Documents\repos\sladkoff__minecraft-prometheus-exporter\src\main\java\de\sldk\mc\metrics\player\PlayerStatisticLoaderFromBukkit.java,20
CLIENT:client-code,N/A,false,ClassOrInterfaceType,de.sldk.mc.health.HealthCheck,HealthCheck,C:\Users\tyin363\Documents\repos\sladkoff__minecraft-prometheus-exporter\src\main\java\de\sldk\mc\health\HealthChecks.java,6
JDK:java.base,N/A,false,MethodCallExpr,java.util.function.Supplier,get,C:\Users\tyin363\Documents\repos\sladkoff__minecraft-prometheus-exporter\src\main\java\de\sldk\mc\collectors\TpsCollector.java,42
JDK:java.base,N/A,false,ClassOrInterfaceType,java.nio.file.FileVisitResult,FileVisitResult,C:\Users\tyin363\Documents\repos\sladkoff__minecraft-prometheus-exporter\src\main\java\de\sldk\mc\utils\PathFileSize.java,26
JDK:java.base,N/A,false,ClassOrInterfaceType,java.util.Map,Map,C:\Users\tyin363\Documents\repos\sladkoff__minecraft-prometheus-exporter\src\main\java\de\sldk\mc\metrics\player\PlayerStatisticLoaderFromFile.java,49
JDK:java.base,N/A,false,ClassOrInterfaceType,java.util.Map,Map,C:\Users\tyin363\Documents\repos\sladkoff__minecraft-prometheus-exporter\src\main\java\de\sldk\mc\metrics\player\PlayerStatisticLoaderFromFile.java,115
JDK:java.base,N/A,false,ClassOrInterfaceType,java.util.List,List,C:\Users\tyin363\Documents\repos\sladkoff__minecraft-prometheus-exporter\src\main\java\de\sldk\mc\metrics\GarbageCollectorWrapper.java,32
JDK:java.base,N/A,false,ClassOrInterfaceType,java.util.LinkedHashSet,LinkedHashSet,C:\Users\tyin363\Documents\repos\sladkoff__minecraft-prometheus-exporter\src\main\java\de\sldk\mc\metrics\PlayerStatistics.java,32
,,false,ObjectCreationExpr,io.prometheus.client.Collector.MetricFamilySamples.Sample,Collector$MetricFamilySamples$Sample,C:\Users\tyin363\Documents\repos\sladkoff__minecraft-prometheus-exporter\src\main\java\de\sldk\mc\metrics\HotspotPrefixer.java,18
io.prometheus:simpleclient,0.16.0,true,ClassOrInterfaceType,io.prometheus.client.Gauge,Gauge,C:\Users\tyin363\Documents\repos\sladkoff__minecraft-prometheus-exporter\src\main\java\de\sldk\mc\metrics\TickDurationMinCollector.java,11
io.prometheus:simpleclient,0.16.0,true,MethodCallExpr,io.prometheus.client.Gauge,build,C:\Users\tyin363\Documents\repos\sladkoff__minecraft-prometheus-exporter\src\main\java\de\sldk\mc\metrics\LoadedChunks.java,11
com.jayway.jsonpath:json-path,2.9.0,false,MethodCallExpr,com.jayway.jsonpath.JsonPath,parse,C:\Users\tyin363\Documents\repos\sladkoff__minecraft-prometheus-exporter\src\main\java\de\sldk\mc\metrics\player\PlayerStatisticLoaderFromFile.java,114
JDK:java.base,N/A,false,MethodReferenceExpr,java.util.Map,containsKey,C:\Users\tyin363\Documents\repos\sladkoff__minecraft-prometheus-exporter\src\main\java\de\sldk\mc\metrics\player\PlayerStatisticLoaderFromFile.java,116
JDK:java.base,N/A,false,ClassOrInterfaceType,java.lang.String,String,C:\Users\tyin363\Documents\repos\sladkoff__minecraft-prometheus-exporter\src\main\java\de\sldk\mc\metrics\player\PlayerStatisticLoaderFromFile.java,125
JDK:java.base,N/A,false,ClassOrInterfaceType,java.lang.Enum,Enum,C:\Users\tyin363\Documents\repos\sladkoff__minecraft-prometheus-exporter\src\main\java\de\sldk\mc\metrics\player\PlayerStatisticLoaderFromFile.java,39
,,false,MethodCallExpr,io.prometheus.client.SimpleCollector.Builder,name,C:\Users\tyin363\Documents\repos\sladkoff__minecraft-prometheus-exporter\src\main\java\de\sldk\mc\metrics\TickDurationMedianCollector.java,13
CLIENT:client-code,N/A,false,ClassOrInterfaceType,de.sldk.mc.metrics.player.PlayerStatisticLoader,PlayerStatisticLoader,C:\Users\tyin363\Documents\repos\sladkoff__minecraft-prometheus-exporter\src\main\java\de\sldk\mc\metrics\PlayerStatistics.java,47
CLIENT:client-code,N/A,false,FieldAccessExpr,de.sldk.mc.metrics.Villagers.VillagerGrouping,level,C:\Users\tyin363\Documents\repos\sladkoff__minecraft-prometheus-exporter\src\main\java\de\sldk\mc\metrics\Villagers.java,51
JDK:java.base,N/A,false,MethodCallExpr,java.lang.Runtime,maxMemory,C:\Users\tyin363\Documents\repos\sladkoff__minecraft-prometheus-exporter\src\main\java\de\sldk\mc\metrics\Memory.java,20
JDK:java.base,N/A,false,MethodCallExpr,java.lang.String,format,C:\Users\tyin363\Documents\repos\sladkoff__minecraft-prometheus-exporter\src\main\java\de\sldk\mc\metrics\player\PlayerStatisticLoaderFromFile.java,82
CLIENT:client-code,N/A,false,MethodCallExpr,de.sldk.mc.metrics.Metric,getPlugin,C:\Users\tyin363\Documents\repos\sladkoff__minecraft-prometheus-exporter\src\main\java\de\sldk\mc\metrics\TickDurationAverageCollector.java,9
,,false,MethodCallExpr,io.prometheus.client.SimpleCollector.Builder,labelNames,C:\Users\tyin363\Documents\repos\sladkoff__minecraft-prometheus-exporter\src\main\java\de\sldk\mc\metrics\Entities.java,27
CLIENT:client-code,N/A,false,MethodCallExpr,de.sldk.mc.metrics.tick_duration.PaperTickDurationStrategy,getTickDurations,C:\Users\tyin363\Documents\repos\sladkoff__minecraft-prometheus-exporter\src\main\java\de\sldk\mc\metrics\tick_duration\TickDurationCollector.java,20
CLIENT:client-code,N/A,false,ClassOrInterfaceType,de.sldk.mc.health.HealthCheck,HealthCheck,C:\Users\tyin363\Documents\repos\sladkoff__minecraft-prometheus-exporter\src\main\java\de\sldk\mc\health\ConcurrentHealthChecks.java,8
JDK:java.base,N/A,false,MethodCallExpr,java.nio.file.Files,walkFileTree,C:\Users\tyin363\Documents\repos\sladkoff__minecraft-prometheus-exporter\src\main\java\de\sldk\mc\utils\PathFileSize.java,20
io.prometheus:simpleclient,0.16.0,true,ClassOrInterfaceType,io.prometheus.client.Gauge,Gauge,C:\Users\tyin363\Documents\repos\sladkoff__minecraft-prometheus-exporter\src\main\java\de\sldk\mc\metrics\PlayersOnlineTotal.java,9
,,false,FieldAccessExpr,io.prometheus.client.Collector.MetricFamilySamples,samples,C:\Users\tyin363\Documents\repos\sladkoff__minecraft-prometheus-exporter\src\main\java\de\sldk\mc\metrics\HotspotPrefixer.java,16
JDK:java.base,N/A,false,MethodCallExpr,java.util.List,add,C:\Users\tyin363\Documents\repos\sladkoff__minecraft-prometheus-exporter\src\main\java\de\sldk\mc\MetricRegistry.java,25
CLIENT:client-code,N/A,false,ClassOrInterfaceType,de.sldk.mc.metrics.tick_duration.DefaultTickDurationStrategy,DefaultTickDurationStrategy,C:\Users\tyin363\Documents\repos\sladkoff__minecraft-prometheus-exporter\src\main\java\de\sldk\mc\metrics\tick_duration\TickDurationCollector.java,26
CLIENT:client-code,N/A,false,FieldAccessExpr,de.sldk.mc.config.PluginConfig,defaultValue,C:\Users\tyin363\Documents\repos\sladkoff__minecraft-prometheus-exporter\src\main\java\de\sldk\mc\config\PluginConfig.java,16
CLIENT:client-code,N/A,false,MethodCallExpr,de.sldk.mc.metrics.Metric,isAsyncCapable,C:\Users\tyin363\Documents\repos\sladkoff__minecraft-prometheus-exporter\src\main\java\de\sldk\mc\metrics\Metric.java,35
CLIENT:client-code,N/A,false,ClassOrInterfaceType,de.sldk.mc.MetricRegistry,MetricRegistry,C:\Users\tyin363\Documents\repos\sladkoff__minecraft-prometheus-exporter\src\main\java\de\sldk\mc\MetricRegistry.java,20
JDK:java.base,N/A,false,ClassOrInterfaceType,java.lang.Integer,Integer,C:\Users\tyin363\Documents\repos\sladkoff__minecraft-prometheus-exporter\src\main\java\de\sldk\mc\metrics\player\EmptyStatisticLoader.java,11
JDK:java.base,N/A,false,MethodCallExpr,java.lang.Enum,name,C:\Users\tyin363\Documents\repos\sladkoff__minecraft-prometheus-exporter\src\main\java\de\sldk\mc\metrics\PlayerStatistics.java,66
CLIENT:client-code,N/A,false,MethodCallExpr,de.sldk.mc.metrics.Metric,prefix,C:\Users\tyin363\Documents\repos\sladkoff__minecraft-prometheus-exporter\src\main\java\de\sldk\mc\metrics\WorldSize.java,14
JDK:java.base,N/A,false,ClassOrInterfaceType,java.nio.file.Files,Files,C:\Users\tyin363\Documents\repos\sladkoff__minecraft-prometheus-exporter\src\main\java\de\sldk\mc\metrics\player\PlayerStatisticLoaderFromFile.java,75
JDK:java.base,N/A,false,ClassOrInterfaceType,java.lang.reflect.Method,Method,C:\Users\tyin363\Documents\repos\sladkoff__minecraft-prometheus-exporter\src\main\java\de\sldk\mc\metrics\tick_duration\PaperTickDurationStrategy.java,23
io.prometheus:simpleclient,0.16.0,true,ClassOrInterfaceType,io.prometheus.client.Collector,Collector,C:\Users\tyin363\Documents\repos\sladkoff__minecraft-prometheus-exporter\src\main\java\de\sldk\mc\metrics\GarbageCollectorWrapper.java,28
JDK:java.base,N/A,false,MethodCallExpr,java.lang.Class,isArray,C:\Users\tyin363\Documents\repos\sladkoff__minecraft-prometheus-exporter\src\main\java\de\sldk\mc\metrics\tick_duration\DefaultTickDurationStrategy.java,40
,,false,MethodCallExpr,io.prometheus.client.SimpleCollector.Builder,labelNames,C:\Users\tyin363\Documents\repos\sladkoff__minecraft-prometheus-exporter\src\main\java\de\sldk\mc\metrics\Memory.java,8
CLIENT:client-code,N/A,false,MethodCallExpr,de.sldk.mc.metrics.Metric,prefix,C:\Users\tyin363\Documents\repos\sladkoff__minecraft-prometheus-exporter\src\main\java\de\sldk\mc\metrics\Tps.java,11
CLIENT:client-code,N/A,false,ObjectCreationExpr,de.sldk.mc.metrics.tick_duration.PaperTickDurationStrategy,PaperTickDurationStrategy,C:\Users\tyin363\Documents\repos\sladkoff__minecraft-prometheus-exporter\src\main\java\de\sldk\mc\metrics\tick_duration\TickDurationCollector.java,18
CLIENT:client-code,N/A,false,ClassOrInterfaceType,de.sldk.mc.health.HealthChecks,HealthChecks,C:\Users\tyin363\Documents\repos\sladkoff__minecraft-prometheus-exporter\src\main\java\de\sldk\mc\health\ConcurrentHealthChecks.java,14
CLIENT:client-code,N/A,false,ClassOrInterfaceType,de.sldk.mc.metrics.TickDurationMedianCollector,TickDurationMedianCollector,C:\Users\tyin363\Documents\repos\sladkoff__minecraft-prometheus-exporter\src\main\java\de\sldk\mc\config\PrometheusExporterConfig.java,31
io.prometheus:simpleclient,0.16.0,true,ClassOrInterfaceType,io.prometheus.client.Collector,Collector,C:\Users\tyin363\Documents\repos\sladkoff__minecraft-prometheus-exporter\src\main\java\de\sldk\mc\metrics\ThreadsWrapper.java,18
CLIENT:client-code,N/A,false,ClassOrInterfaceType,de.sldk.mc.collectors.TpsCollector,TpsCollector,C:\Users\tyin363\Documents\repos\sladkoff__minecraft-prometheus-exporter\src\main\java\de\sldk\mc\metrics\Tps.java,17
JDK:java.base,N/A,false,ClassOrInterfaceType,java.io.IOException,IOException,C:\Users\tyin363\Documents\repos\sladkoff__minecraft-prometheus-exporter\src\main\java\de\sldk\mc\metrics\player\PlayerStatisticLoaderFromFile.java,113
JDK:java.base,N/A,false,MethodCallExpr,java.util.Map,isEmpty,C:\Users\tyin363\Documents\repos\sladkoff__minecraft-prometheus-exporter\src\main\java\de\sldk\mc\metrics\PlayerStatistics.java,61
CLIENT:client-code,N/A,false,ClassOrInterfaceType,de.sldk.mc.health.HealthCheck,HealthCheck,C:\Users\tyin363\Documents\repos\sladkoff__minecraft-prometheus-exporter\src\main\java\de\sldk\mc\health\ConcurrentHealthChecks.java,10
CLIENT:client-code,N/A,false,MethodCallExpr,de.sldk.mc.metrics.tick_duration.TickDurationStrategy,getTickDurations,C:\Users\tyin363\Documents\repos\sladkoff__minecraft-prometheus-exporter\src\main\java\de\sldk\mc\metrics\tick_duration\TickDurationCollector.java,31
CLIENT:client-code,N/A,false,ClassOrInterfaceType,de.sldk.mc.health.HealthCheck,HealthCheck,C:\Users\tyin363\Documents\repos\sladkoff__minecraft-prometheus-exporter\src\main\java\de\sldk\mc\health\HealthCheck.java,53
CLIENT:client-code,N/A,false,MethodCallExpr,de.sldk.mc.metrics.TickDurationAverageCollector,getTickDurationAverage,C:\Users\tyin363\Documents\repos\sladkoff__minecraft-prometheus-exporter\src\main\java\de\sldk\mc\metrics\TickDurationAverageCollector.java,31
JDK:java.base,N/A,false,MethodCallExpr,java.util.logging.Logger,log,C:\Users\tyin363\Documents\repos\sladkoff__minecraft-prometheus-exporter\src\main\java\de\sldk\mc\metrics\player\PlayerStatisticLoaderFromFile.java,126
JDK:java.base,N/A,false,ClassOrInterfaceType,java.nio.file.Path,Path,C:\Users\tyin363\Documents\repos\sladkoff__minecraft-prometheus-exporter\src\main\java\de\sldk\mc\metrics\player\PlayerStatisticLoaderFromFile.java,113
,,false,MethodCallExpr,io.prometheus.client.SimpleCollector.Builder,name,C:\Users\tyin363\Documents\repos\sladkoff__minecraft-prometheus-exporter\src\main\java\de\sldk\mc\metrics\Villagers.java,25
JDK:java.base,N/A,false,ClassOrInterfaceType,java.util.Map,Map,C:\Users\tyin363\Documents\repos\sladkoff__minecraft-prometheus-exporter\src\main\java\de\sldk\mc\metrics\PlayerStatistics.java,59
,,false,FieldAccessExpr,io.prometheus.client.Collector.MetricFamilySamples,samples,C:\Users\tyin363\Documents\repos\sladkoff__minecraft-prometheus-exporter\src\main\java\de\sldk\mc\metrics\HotspotPrefixer.java,17
JDK:java.base,N/A,false,MethodCallExpr,java.util.logging.Logger,throwing,C:\Users\tyin363\Documents\repos\sladkoff__minecraft-prometheus-exporter\src\main\java\de\sldk\mc\metrics\WorldSize.java,37
JDK:java.base,N/A,false,ClassOrInterfaceType,java.util.Map,Map,C:\Users\tyin363\Documents\repos\sladkoff__minecraft-prometheus-exporter\src\main\java\de\sldk\mc\metrics\player\PlayerStatisticLoaderFromFile.java,36
CLIENT:client-code,N/A,false,ClassOrInterfaceType,de.sldk.mc.health.HealthChecks,HealthChecks,C:\Users\tyin363\Documents\repos\sladkoff__minecraft-prometheus-exporter\src\main\java\de\sldk\mc\HealthController.java,18
JDK:java.base,N/A,false,ClassOrInterfaceType,java.util.List,List,C:\Users\tyin363\Documents\repos\sladkoff__minecraft-prometheus-exporter\src\main\java\de\sldk\mc\config\PrometheusExporterConfig.java,17
JDK:java.base,N/A,false,MethodCallExpr,java.util.function.Supplier,get,C:\Users\tyin363\Documents\repos\sladkoff__minecraft-prometheus-exporter\src\main\java\de\sldk\mc\collectors\TpsCollector.java,37
CLIENT:client-code,N/A,false,ClassOrInterfaceType,de.sldk.mc.metrics.WorldMetric,WorldMetric,C:\Users\tyin363\Documents\repos\sladkoff__minecraft-prometheus-exporter\src\main\java\de\sldk\mc\metrics\PlayersOnlineTotal.java,7
org.eclipse.jetty:jetty-server,12.0.17,false,ClassOrInterfaceType,org.eclipse.jetty.server.Handler,Handler,C:\Users\tyin363\Documents\repos\sladkoff__minecraft-prometheus-exporter\src\main\java\de\sldk\mc\MetricsController.java,18
JDK:java.base,N/A,false,ClassOrInterfaceType,java.util.logging.Logger,Logger,C:\Users\tyin363\Documents\repos\sladkoff__minecraft-prometheus-exporter\src\main\java\de\sldk\mc\metrics\Metric.java,78
JDK:java.base,N/A,false,FieldAccessExpr,java.util.logging.Level,FINE,C:\Users\tyin363\Documents\repos\sladkoff__minecraft-prometheus-exporter\src\main\java\de\sldk\mc\config\PrometheusExporterConfig.java,84
CLIENT:client-code,N/A,false,ClassOrInterfaceType,de.sldk.mc.metrics.player.EmptyStatisticLoader,EmptyStatisticLoader,C:\Users\tyin363\Documents\repos\sladkoff__minecraft-prometheus-exporter\src\main\java\de\sldk\mc\metrics\PlayerStatistics.java,41
,,false,MethodCallExpr,io.prometheus.client.SimpleCollector.Builder,labelNames,C:\Users\tyin363\Documents\repos\sladkoff__minecraft-prometheus-exporter\src\main\java\de\sldk\mc\metrics\PlayerOnline.java,9
CLIENT:client-code,N/A,false,FieldAccessExpr,de.sldk.mc.config.PrometheusExporterConfig,HOST,C:\Users\tyin363\Documents\repos\sladkoff__minecraft-prometheus-exporter\src\main\java\de\sldk\mc\config\PrometheusExporterConfig.java,52
,,false,MethodCallExpr,io.prometheus.client.SimpleCollector.Builder,name,C:\Users\tyin363\Documents\repos\sladkoff__minecraft-prometheus-exporter\src\main\java\de\sldk\mc\metrics\LoadedChunks.java,11
CLIENT:client-code,N/A,false,ClassOrInterfaceType,de.sldk.mc.collectors.LoadedChunksCollector,LoadedChunksCollector,C:\Users\tyin363\Documents\repos\sladkoff__minecraft-prometheus-exporter\src\main\java\de\sldk\mc\metrics\LoadedChunks.java,17
JDK:java.base,N/A,false,MethodCallExpr,java.util.LinkedList,add,C:\Users\tyin363\Documents\repos\sladkoff__minecraft-prometheus-exporter\src\main\java\de\sldk\mc\collectors\TpsCollector.java,57
,,false,ClassOrInterfaceType,org.eclipse.jetty.server.Handler.Abstract,Abstract,C:\Users\tyin363\Documents\repos\sladkoff__minecraft-prometheus-exporter\src\main\java\de\sldk\mc\HealthController.java,10
JDK:java.base,N/A,false,ClassOrInterfaceType,java.util.Map,Map,C:\Users\tyin363\Documents\repos\sladkoff__minecraft-prometheus-exporter\src\main\java\de\sldk\mc\metrics\player\PlayerStatisticLoaderFromFile.java,39
CLIENT:client-code,N/A,false,FieldAccessExpr,de.sldk.mc.config.PrometheusExporterConfig,METRICS,C:\Users\tyin363\Documents\repos\sladkoff__minecraft-prometheus-exporter\src\main\java\de\sldk\mc\config\PrometheusExporterConfig.java,62
CLIENT:client-code,N/A,false,ClassOrInterfaceType,de.sldk.mc.metrics.Metric,Metric,C:\Users\tyin363\Documents\repos\sladkoff__minecraft-prometheus-exporter\src\main\java\de\sldk\mc\metrics\WhitelistedPlayers.java,7
JDK:java.base,N/A,false,MethodCallExpr,java.util.stream.Collectors,groupingBy,C:\Users\tyin363\Documents\repos\sladkoff__minecraft-prometheus-exporter\src\main\java\de\sldk\mc\metrics\Entities.java,50
,,false,MethodCallExpr,io.prometheus.client.Gauge.Builder,create,C:\Users\tyin363\Documents\repos\sladkoff__minecraft-prometheus-exporter\src\main\java\de\sldk\mc\metrics\TickDurationAverageCollector.java,11
CLIENT:client-code,N/A,false,ClassOrInterfaceType,de.sldk.mc.health.HealthCheck,HealthCheck,C:\Users\tyin363\Documents\repos\sladkoff__minecraft-prometheus-exporter\src\main\java\de\sldk\mc\health\HealthCheck.java,51
,,false,MethodCallExpr,io.prometheus.client.Gauge.Builder,create,C:\Users\tyin363\Documents\repos\sladkoff__minecraft-prometheus-exporter\src\main\java\de\sldk\mc\metrics\PlayersTotal.java,9
org.eclipse.jetty:jetty-server,12.0.17,false,ObjectCreationExpr,org.eclipse.jetty.server.handler.PathMappingsHandler,PathMappingsHandler,C:\Users\tyin363\Documents\repos\sladkoff__minecraft-prometheus-exporter\src\main\java\de\sldk\mc\MetricsServer.java,30
CLIENT:client-code,N/A,false,MethodCallExpr,de.sldk.mc.metrics.Metric,disable,C:\Users\tyin363\Documents\repos\sladkoff__minecraft-prometheus-exporter\src\main\java\de\sldk\mc\metrics\LoadedChunks.java,31
CLIENT:client-code,N/A,false,MethodCallExpr,de.sldk.mc.metrics.TickDurationMedianCollector,getTickDurationMedian,C:\Users\tyin363\Documents\repos\sladkoff__minecraft-prometheus-exporter\src\main\java\de\sldk\mc\metrics\TickDurationMedianCollector.java,30
io.prometheus:simpleclient,0.16.0,true,MethodCallExpr,io.prometheus.client.Gauge,build,C:\Users\tyin363\Documents\repos\sladkoff__minecraft-prometheus-exporter\src\main\java\de\sldk\mc\metrics\PlayersOnlineTotal.java,9
CLIENT:client-code,N/A,false,FieldAccessExpr,de.sldk.mc.metrics.Villagers.VillagerGrouping,profession,C:\Users\tyin363\Documents\repos\sladkoff__minecraft-prometheus-exporter\src\main\java\de\sldk\mc\metrics\Villagers.java,66
CLIENT:client-code,N/A,false,ClassOrInterfaceType,de.sldk.mc.metrics.PlayersTotal,PlayersTotal,C:\Users\tyin363\Documents\repos\sladkoff__minecraft-prometheus-exporter\src\main\java\de\sldk\mc\config\PrometheusExporterConfig.java,23
CLIENT:client-code,N/A,false,MethodCallExpr,de.sldk.mc.metrics.Metric,prefix,C:\Users\tyin363\Documents\repos\sladkoff__minecraft-prometheus-exporter\src\main\java\de\sldk\mc\metrics\PlayersOnlineTotal.java,10
org.eclipse.jetty:jetty-server,12.0.17,false,ClassOrInterfaceType,org.eclipse.jetty.server.Response,Response,C:\Users\tyin363\Documents\repos\sladkoff__minecraft-prometheus-exporter\src\main\java\de\sldk\mc\MetricsController.java,51
JDK:java.base,N/A,false,ClassOrInterfaceType,java.util.UUID,UUID,C:\Users\tyin363\Documents\repos\sladkoff__minecraft-prometheus-exporter\src\main\java\de\sldk\mc\metrics\player\PlayerStatisticLoaderFromFile.java,62
CLIENT:client-code,N/A,false,ClassOrInterfaceType,de.sldk.mc.health.HealthCheck,HealthCheck,C:\Users\tyin363\Documents\repos\sladkoff__minecraft-prometheus-exporter\src\main\java\de\sldk\mc\health\HealthCheck.java,50
JDK:java.base,N/A,false,ClassOrInterfaceType,java.lang.Void,Void,C:\Users\tyin363\Documents\repos\sladkoff__minecraft-prometheus-exporter\src\main\java\de\sldk\mc\metrics\Metric.java,44
JDK:java.base,N/A,false,MethodCallExpr,java.util.logging.Logger,throwing,C:\Users\tyin363\Documents\repos\sladkoff__minecraft-prometheus-exporter\src\main\java\de\sldk\mc\metrics\player\PlayerStatisticLoaderFromBukkit.java,61
,,false,MethodCallExpr,io.prometheus.client.Gauge.Builder,create,C:\Users\tyin363\Documents\repos\sladkoff__minecraft-prometheus-exporter\src\main\java\de\sldk\mc\metrics\TickDurationMaxCollector.java,11
,,false,ClassOrInterfaceType,io.prometheus.client.Collector.MetricFamilySamples.Sample,Sample,C:\Users\tyin363\Documents\repos\sladkoff__minecraft-prometheus-exporter\src\main\java\de\sldk\mc\metrics\HotspotPrefixer.java,16
JDK:java.base,N/A,false,ClassOrInterfaceType,java.lang.Exception,Exception,C:\Users\tyin363\Documents\repos\sladkoff__minecraft-prometheus-exporter\src\main\java\de\sldk\mc\metrics\Metric.java,77
CLIENT:client-code,N/A,false,MethodCallExpr,de.sldk.mc.metrics.Metric,isFoliaCapable,C:\Users\tyin363\Documents\repos\sladkoff__minecraft-prometheus-exporter\src\main\java\de\sldk\mc\config\PrometheusExporterConfig.java,69
CLIENT:client-code,N/A,false,MethodCallExpr,de.sldk.mc.metrics.Metric,prefix,C:\Users\tyin363\Documents\repos\sladkoff__minecraft-prometheus-exporter\src\main\java\de\sldk\mc\metrics\TickDurationMedianCollector.java,14
CLIENT:client-code,N/A,false,ClassOrInterfaceType,de.sldk.mc.metrics.Villagers.VillagerGrouping,VillagerGrouping,C:\Users\tyin363\Documents\repos\sladkoff__minecraft-prometheus-exporter\src\main\java\de\sldk\mc\metrics\Villagers.java,44
JDK:java.base,N/A,false,FieldAccessExpr,java.nio.charset.StandardCharsets,UTF_8,C:\Users\tyin363\Documents\repos\sladkoff__minecraft-prometheus-exporter\src\main\java\de\sldk\mc\MetricsController.java,53
io.prometheus:simpleclient,0.16.0,true,MethodCallExpr,io.prometheus.client.Gauge,build,C:\Users\tyin363\Documents\repos\sladkoff__minecraft-prometheus-exporter\src\main\java\de\sldk\mc\metrics\TickDurationMedianCollector.java,13
JDK:java.base,N/A,false,ClassOrInterfaceType,java.lang.Boolean,Boolean,C:\Users\tyin363\Documents\repos\sladkoff__minecraft-prometheus-exporter\src\main\java\de\sldk\mc\metrics\Entities.java,36
JDK:java.base,N/A,false,ClassOrInterfaceType,java.util.concurrent.atomic.AtomicLong,AtomicLong,C:\Users\tyin363\Documents\repos\sladkoff__minecraft-prometheus-exporter\src\main\java\de\sldk\mc\utils\PathFileSize.java,19
,,false,FieldAccessExpr,io.prometheus.client.Collector.MetricFamilySamples.Sample,name,C:\Users\tyin363\Documents\repos\sladkoff__minecraft-prometheus-exporter\src\main\java\de\sldk\mc\metrics\HotspotPrefixer.java,18
io.prometheus:simpleclient,0.16.0,true,MethodCallExpr,io.prometheus.client.Gauge,set,C:\Users\tyin363\Documents\repos\sladkoff__minecraft-prometheus-exporter\src\main\java\de\sldk\mc\metrics\Tps.java,43
JDK:java.base,N/A,false,MethodCallExpr,java.util.stream.Stream,map,C:\Users\tyin363\Documents\repos\sladkoff__minecraft-prometheus-exporter\src\main\java\de\sldk\mc\MetricRegistry.java,30
CLIENT:client-code,N/A,false,FieldAccessExpr,de.sldk.mc.MetricsController,exporter,C:\Users\tyin363\Documents\repos\sladkoff__minecraft-prometheus-exporter\src\main\java\de\sldk\mc\MetricsController.java,24
org.eclipse.jetty:jetty-server,12.0.17,false,ClassOrInterfaceType,org.eclipse.jetty.server.Response,Response,C:\Users\tyin363\Documents\repos\sladkoff__minecraft-prometheus-exporter\src\main\java\de\sldk\mc\HealthController.java,23
JDK:java.base,N/A,false,ClassOrInterfaceType,java.util.concurrent.CompletableFuture,CompletableFuture,C:\Users\tyin363\Documents\repos\sladkoff__minecraft-prometheus-exporter\src\main\java\de\sldk\mc\metrics\Metric.java,44
JDK:java.base,N/A,false,ClassOrInterfaceType,java.lang.Object,Object,C:\Users\tyin363\Documents\repos\sladkoff__minecraft-prometheus-exporter\src\main\java\de\sldk\mc\metrics\player\PlayerStatisticLoaderFromFile.java,115
CLIENT:client-code,N/A,false,FieldAccessExpr,de.sldk.mc.HealthController,checks,C:\Users\tyin363\Documents\repos\sladkoff__minecraft-prometheus-exporter\src\main\java\de\sldk\mc\HealthController.java,15
JDK:java.base,N/A,false,ClassOrInterfaceType,java.lang.String,String,C:\Users\tyin363\Documents\repos\sladkoff__minecraft-prometheus-exporter\src\main\java\de\sldk\mc\metrics\player\PlayerStatisticLoaderFromFile.java,133
,,false,MethodCallExpr,io.prometheus.client.SimpleCollector.Builder,help,C:\Users\tyin363\Documents\repos\sladkoff__minecraft-prometheus-exporter\src\main\java\de\sldk\mc\metrics\PlayersOnlineTotal.java,9
JDK:java.base,N/A,false,FieldAccessExpr,java.lang.Boolean,TRUE,C:\Users\tyin363\Documents\repos\sladkoff__minecraft-prometheus-exporter\src\main\java\de\sldk\mc\config\PrometheusExporterConfig.java,71
JDK:java.base,N/A,false,ClassOrInterfaceType,java.util.Objects,Objects,C:\Users\tyin363\Documents\repos\sladkoff__minecraft-prometheus-exporter\src\main\java\de\sldk\mc\MetricRegistry.java,32
CLIENT:client-code,N/A,false,MethodCallExpr,de.sldk.mc.metrics.Metric,getPlugin,C:\Users\tyin363\Documents\repos\sladkoff__minecraft-prometheus-exporter\src\main\java\de\sldk\mc\metrics\LoadedChunks.java,26
CLIENT:client-code,N/A,false,FieldAccessExpr,de.sldk.mc.MetricsServer,port,C:\Users\tyin363\Documents\repos\sladkoff__minecraft-prometheus-exporter\src\main\java\de\sldk\mc\MetricsServer.java,22
JDK:java.base,N/A,false,ClassOrInterfaceType,java.io.FileReader,FileReader,C:\Users\tyin363\Documents\repos\sladkoff__minecraft-prometheus-exporter\src\main\java\de\sldk\mc\metrics\player\PlayerStatisticLoaderFromFile.java,95
,,false,MethodCallExpr,io.prometheus.client.SimpleCollector.Builder,help,C:\Users\tyin363\Documents\repos\sladkoff__minecraft-prometheus-exporter\src\main\java\de\sldk\mc\metrics\TickDurationMedianCollector.java,13
JDK:java.base,N/A,false,ClassOrInterfaceType,java.lang.Enum,Enum,C:\Users\tyin363\Documents\repos\sladkoff__minecraft-prometheus-exporter\src\main\java\de\sldk\mc\metrics\player\PlayerStatisticLoaderFromFile.java,113
org.eclipse.jetty:jetty-server,12.0.17,false,MethodCallExpr,org.eclipse.jetty.server.Response,writeError,C:\Users\tyin363\Documents\repos\sladkoff__minecraft-prometheus-exporter\src\main\java\de\sldk\mc\MetricsController.java,45
