Library_Name,Version,Is_Transitive,Symbol_Type,Class_Name,Symbol_Name,Usage_Location,Line_Number
CLIENT:client-code,N/A,false,MethodCallExpr,org.asciidoctor.maven.AsciidoctorRefreshMojo,doWait,C:\Users\tyin363\Documents\repos\asciidoctor__asciidoctor-maven-plugin\asciidoctor-maven-plugin\src\main\java\org\asciidoctor\maven\AsciidoctorRefreshMojo.java,56
JDK:java.base,N/A,false,MethodCallExpr,java.io.File,getCanonicalPath,C:\Users\tyin363\Documents\repos\asciidoctor__asciidoctor-maven-plugin\asciidoctor-maven-plugin\src\main\java\org\asciidoctor\maven\refresh\ResourceCopyFileAlterationListenerAdaptor.java,125
org.apache.maven:maven-plugin-api,3.9.9,true,MethodCallExpr,org.apache.maven.plugin.logging.Log,error,C:\Users\tyin363\Documents\repos\asciidoctor__asciidoctor-maven-plugin\asciidoctor-maven-plugin\src\main\java\org\asciidoctor\maven\AsciidoctorMojo.java,201
JDK:java.base,N/A,false,ClassOrInterfaceType,java.lang.RuntimeException,RuntimeException,C:\Users\tyin363\Documents\repos\asciidoctor__asciidoctor-maven-plugin\asciidoctor-maven-plugin\src\main\java\org\asciidoctor\maven\extensions\AsciidoctorJExtensionRegistry.java,79
JDK:java.base,N/A,false,FieldAccessExpr,java.lang.Thread,NORM_PRIORITY,C:\Users\tyin363\Documents\repos\asciidoctor__asciidoctor-maven-plugin\asciidoctor-maven-plugin\src\main\java\org\asciidoctor\maven\http\AsciidoctorHttpServer.java,62
CLIENT:client-code,N/A,false,MethodCallExpr,org.asciidoctor.maven.model.Resource,getIncludes,C:\Users\tyin363\Documents\repos\asciidoctor__asciidoctor-maven-plugin\asciidoctor-maven-plugin\src\main\java\org\asciidoctor\maven\process\CopyResourcesProcessor.java,112
CLIENT:client-code,N/A,false,FieldAccessExpr,org.asciidoctor.maven.model.Resource,includes,C:\Users\tyin363\Documents\repos\asciidoctor__asciidoctor-maven-plugin\asciidoctor-maven-plugin\src\main\java\org\asciidoctor\maven\model\Resource.java,38
JDK:java.base,N/A,false,ClassOrInterfaceType,java.util.List,List,C:\Users\tyin363\Documents\repos\asciidoctor__asciidoctor-maven-plugin\asciidoctor-maven-plugin\src\main\java\org\asciidoctor\maven\process\CopyResourcesProcessor.java,77
org.apache.maven:maven-plugin-api,3.9.9,true,MethodCallExpr,org.apache.maven.plugin.AbstractMojo,getLog,C:\Users\tyin363\Documents\repos\asciidoctor__asciidoctor-maven-plugin\asciidoctor-maven-plugin\src\main\java\org\asciidoctor\maven\AsciidoctorMojo.java,214
JDK:java.base,N/A,false,ClassOrInterfaceType,java.lang.String,String,C:\Users\tyin363\Documents\repos\asciidoctor__asciidoctor-maven-plugin\asciidoctor-maven-plugin\src\main\java\org\asciidoctor\maven\AsciidoctorMojo.java,249
JDK:java.base,N/A,false,MethodCallExpr,java.lang.Class,isAssignableFrom,C:\Users\tyin363\Documents\repos\asciidoctor__asciidoctor-maven-plugin\asciidoctor-maven-plugin\src\main\java\org\asciidoctor\maven\extensions\AsciidoctorJExtensionRegistry.java,66
JDK:java.base,N/A,false,ClassOrInterfaceType,java.lang.String,String,C:\Users\tyin363\Documents\repos\asciidoctor__asciidoctor-maven-plugin\asciidoctor-maven-plugin\src\main\java\org\asciidoctor\maven\refresh\AsciidoctorConverterFileAlterationListenerAdaptor.java,22
JDK:java.base,N/A,false,ObjectCreationExpr,java.io.File,File,C:\Users\tyin363\Documents\repos\asciidoctor__asciidoctor-maven-plugin\asciidoctor-maven-plugin\src\main\java\org\asciidoctor\maven\process\CopyResourcesProcessor.java,167
org.asciidoctor:asciidoctorj-api,3.0.0,true,MethodCallExpr,org.asciidoctor.OptionsBuilder,safe,C:\Users\tyin363\Documents\repos\asciidoctor__asciidoctor-maven-plugin\asciidoctor-maven-plugin\src\main\java\org\asciidoctor\maven\AsciidoctorOptionsFactory.java,67
CLIENT:client-code,N/A,false,MethodCallExpr,org.asciidoctor.maven.refresh.AbstractFileAlterationListenerAdaptor,getMojo,C:\Users\tyin363\Documents\repos\asciidoctor__asciidoctor-maven-plugin\asciidoctor-maven-plugin\src\main\java\org\asciidoctor\maven\refresh\ResourceCopyFileAlterationListenerAdaptor.java,114
commons-io:commons-io,2.20.0,false,ClassOrInterfaceType,org.apache.commons.io.monitor.FileAlterationMonitor,FileAlterationMonitor,C:\Users\tyin363\Documents\repos\asciidoctor__asciidoctor-maven-plugin\asciidoctor-maven-plugin\src\main\java\org\asciidoctor\maven\AsciidoctorRefreshMojo.java,146
JDK:java.base,N/A,false,MethodCallExpr,java.util.stream.Stream,map,C:\Users\tyin363\Documents\repos\asciidoctor__asciidoctor-maven-plugin\asciidoctor-maven-plugin\src\main\java\org\asciidoctor\maven\refresh\ResourcesPatternBuilder.java,34
JDK:java.base,N/A,false,ClassOrInterfaceType,java.io.File,File,C:\Users\tyin363\Documents\repos\asciidoctor__asciidoctor-maven-plugin\asciidoctor-maven-plugin\src\main\java\org\asciidoctor\maven\http\AsciidoctorHandler.java,101
JDK:java.base,N/A,false,MethodCallExpr,java.util.List,removeAll,C:\Users\tyin363\Documents\repos\asciidoctor__asciidoctor-maven-plugin\asciidoctor-maven-plugin\src\main\java\org\asciidoctor\maven\process\CopyResourcesProcessor.java,112
JDK:java.base,N/A,false,MethodCallExpr,java.lang.String,charAt,C:\Users\tyin363\Documents\repos\asciidoctor__asciidoctor-maven-plugin\asciidoctor-maven-plugin\src\main\java\org\asciidoctor\maven\process\SourceDocumentFinder.java,74
JDK:java.base,N/A,false,ClassOrInterfaceType,java.io.File,File,C:\Users\tyin363\Documents\repos\asciidoctor__asciidoctor-maven-plugin\asciidoctor-maven-plugin\src\main\java\org\asciidoctor\maven\refresh\ResourceCopyFileAlterationListenerAdaptor.java,42
JDK:java.base,N/A,false,ClassOrInterfaceType,java.lang.StringBuilder,StringBuilder,C:\Users\tyin363\Documents\repos\asciidoctor__asciidoctor-maven-plugin\asciidoctor-maven-plugin\src\main\java\org\asciidoctor\maven\refresh\ResourcesPatternBuilder.java,39
JDK:java.base,N/A,false,MethodCallExpr,java.io.File,getCanonicalPath,C:\Users\tyin363\Documents\repos\asciidoctor__asciidoctor-maven-plugin\asciidoctor-maven-plugin\src\main\java\org\asciidoctor\maven\refresh\ResourceCopyFileAlterationListenerAdaptor.java,124
JDK:java.base,N/A,false,FieldAccessExpr,java.lang.Thread,NORM_PRIORITY,C:\Users\tyin363\Documents\repos\asciidoctor__asciidoctor-maven-plugin\asciidoctor-maven-plugin\src\main\java\org\asciidoctor\maven\http\AsciidoctorHttpServer.java,63
JDK:java.base,N/A,false,ClassOrInterfaceType,java.io.File,File,C:\Users\tyin363\Documents\repos\asciidoctor__asciidoctor-maven-plugin\asciidoctor-maven-plugin\src\main\java\org\asciidoctor\maven\AsciidoctorMojo.java,340
CLIENT:client-code,N/A,false,ObjectCreationExpr,org.asciidoctor.maven.http.AsciidoctorHandler,AsciidoctorHandler,C:\Users\tyin363\Documents\repos\asciidoctor__asciidoctor-maven-plugin\asciidoctor-maven-plugin\src\main\java\org\asciidoctor\maven\http\AsciidoctorHttpServer.java,87
JDK:java.base,N/A,false,MethodCallExpr,java.util.stream.Stream,filter,C:\Users\tyin363\Documents\repos\asciidoctor__asciidoctor-maven-plugin\asciidoctor-maven-plugin\src\main\java\org\asciidoctor\maven\process\SourceDocumentFinder.java,69
org.asciidoctor:asciidoctorj-api,3.0.0,true,MethodCallExpr,org.asciidoctor.OptionsBuilder,option,C:\Users\tyin363\Documents\repos\asciidoctor__asciidoctor-maven-plugin\asciidoctor-maven-plugin\src\main\java\org\asciidoctor\maven\AsciidoctorOptionsFactory.java,77
org.apache.maven:maven-plugin-api,3.9.9,true,MethodCallExpr,org.apache.maven.plugin.logging.Log,info,C:\Users\tyin363\Documents\repos\asciidoctor__asciidoctor-maven-plugin\asciidoctor-maven-plugin\src\main\java\org\asciidoctor\maven\AsciidoctorRefreshMojo.java,111
commons-io:commons-io,2.20.0,false,MethodCallExpr,org.apache.commons.io.monitor.FileAlterationMonitor,addObserver,C:\Users\tyin363\Documents\repos\asciidoctor__asciidoctor-maven-plugin\asciidoctor-maven-plugin\src\main\java\org\asciidoctor\maven\AsciidoctorRefreshMojo.java,123
JDK:java.base,N/A,false,MethodCallExpr,java.util.Optional,of,C:\Users\tyin363\Documents\repos\asciidoctor__asciidoctor-maven-plugin\asciidoctor-maven-plugin\src\main\java\org\asciidoctor\maven\process\SourceDirectoryFinder.java,49
org.codehaus.plexus:plexus-utils,3.5.1,true,MethodCallExpr,org.codehaus.plexus.util.DirectoryScanner,setBasedir,C:\Users\tyin363\Documents\repos\asciidoctor__asciidoctor-maven-plugin\asciidoctor-maven-plugin\src\main\java\org\asciidoctor\maven\refresh\ResourceCopyFileAlterationListenerAdaptor.java,43
CLIENT:client-code,N/A,false,FieldAccessExpr,org.asciidoctor.maven.AsciidoctorMaven,PREFIX,C:\Users\tyin363\Documents\repos\asciidoctor__asciidoctor-maven-plugin\asciidoctor-maven-plugin\src\main\java\org\asciidoctor\maven\AsciidoctorMojo.java,62
CLIENT:client-code,N/A,false,FieldAccessExpr,org.asciidoctor.maven.AsciidoctorMojo,outputDirectory,C:\Users\tyin363\Documents\repos\asciidoctor__asciidoctor-maven-plugin\asciidoctor-maven-plugin\src\main\java\org\asciidoctor\maven\AsciidoctorMojo.java,389
JDK:java.base,N/A,false,ClassOrInterfaceType,java.lang.String,String,C:\Users\tyin363\Documents\repos\asciidoctor__asciidoctor-maven-plugin\asciidoctor-maven-plugin\src\main\java\org\asciidoctor\maven\AsciidoctorMojo.java,447
org.apache.maven:maven-plugin-api,3.9.9,true,MethodCallExpr,org.apache.maven.plugin.logging.Log,info,C:\Users\tyin363\Documents\repos\asciidoctor__asciidoctor-maven-plugin\asciidoctor-maven-plugin\src\main\java\org\asciidoctor\maven\AsciidoctorMojo.java,178
CLIENT:client-code,N/A,false,MethodCallExpr,org.asciidoctor.maven.model.Resource,setIncludes,C:\Users\tyin363\Documents\repos\asciidoctor__asciidoctor-maven-plugin\asciidoctor-maven-plugin\src\main\java\org\asciidoctor\maven\process\CopyResourcesProcessor.java,135
JDK:java.base,N/A,false,MethodCallExpr,java.util.concurrent.atomic.AtomicInteger,getAndIncrement,C:\Users\tyin363\Documents\repos\asciidoctor__asciidoctor-maven-plugin\asciidoctor-maven-plugin\src\main\java\org\asciidoctor\maven\http\AsciidoctorHttpServer.java,61
CLIENT:client-code,N/A,false,MethodCallExpr,org.asciidoctor.maven.http.AsciidoctorHandler,addDefaultExtension,C:\Users\tyin363\Documents\repos\asciidoctor__asciidoctor-maven-plugin\asciidoctor-maven-plugin\src\main\java\org\asciidoctor\maven\http\AsciidoctorHandler.java,38
io.netty:netty-buffer,4.2.3.Final,true,MethodCallExpr,io.netty.buffer.Unpooled,copiedBuffer,C:\Users\tyin363\Documents\repos\asciidoctor__asciidoctor-maven-plugin\asciidoctor-maven-plugin\src\main\java\org\asciidoctor\maven\http\AsciidoctorHandler.java,82
CLIENT:client-code,N/A,false,MethodCallExpr,org.asciidoctor.maven.http.AsciidoctorHandler,addDefaultExtension,C:\Users\tyin363\Documents\repos\asciidoctor__asciidoctor-maven-plugin\asciidoctor-maven-plugin\src\main\java\org\asciidoctor\maven\http\AsciidoctorHandler.java,104
JDK:java.base,N/A,false,FieldAccessExpr,java.lang.Integer,MAX_VALUE,C:\Users\tyin363\Documents\repos\asciidoctor__asciidoctor-maven-plugin\asciidoctor-maven-plugin\src\main\java\org\asciidoctor\maven\http\AsciidoctorHttpServer.java,84
commons-io:commons-io,2.20.0,false,MethodCallExpr,org.apache.commons.io.FileUtils,copyFileToDirectory,C:\Users\tyin363\Documents\repos\asciidoctor__asciidoctor-maven-plugin\asciidoctor-maven-plugin\src\main\java\org\asciidoctor\maven\process\CopyResourcesProcessor.java,177
JDK:java.base,N/A,false,ClassOrInterfaceType,java.lang.Class,Class,C:\Users\tyin363\Documents\repos\asciidoctor__asciidoctor-maven-plugin\asciidoctor-maven-plugin\src\main\java\org\asciidoctor\maven\extensions\AsciidoctorJExtensionRegistry.java,51
JDK:java.base,N/A,false,ClassOrInterfaceType,java.io.File,File,C:\Users\tyin363\Documents\repos\asciidoctor__asciidoctor-maven-plugin\asciidoctor-maven-plugin\src\main\java\org\asciidoctor\maven\refresh\ResourceCopyFileAlterationListenerAdaptor.java,105
JDK:java.base,N/A,false,MethodCallExpr,java.io.File,getName,C:\Users\tyin363\Documents\repos\asciidoctor__asciidoctor-maven-plugin\asciidoctor-maven-plugin\src\main\java\org\asciidoctor\maven\io\Zips.java,25
org.asciidoctor:asciidoctorj-api,3.0.0,true,MethodCallExpr,org.asciidoctor.AttributesBuilder,linkCss,C:\Users\tyin363\Documents\repos\asciidoctor__asciidoctor-maven-plugin\asciidoctor-maven-plugin\src\main\java\org\asciidoctor\maven\AsciidoctorOptionsFactory.java,42
io.netty:netty-transport,4.2.3.Final,true,MethodCallExpr,io.netty.bootstrap.ServerBootstrap,childHandler,C:\Users\tyin363\Documents\repos\asciidoctor__asciidoctor-maven-plugin\asciidoctor-maven-plugin\src\main\java\org\asciidoctor\maven\http\AsciidoctorHttpServer.java,73
io.netty:netty-codec-http,4.2.3.Final,false,FieldAccessExpr,io.netty.handler.codec.http.HttpResponseStatus,RESET_CONTENT,C:\Users\tyin363\Documents\repos\asciidoctor__asciidoctor-maven-plugin\asciidoctor-maven-plugin\src\main\java\org\asciidoctor\maven\http\AsciidoctorHandler.java,62
JDK:java.base,N/A,false,ClassOrInterfaceType,java.util.concurrent.ExecutionException,ExecutionException,C:\Users\tyin363\Documents\repos\asciidoctor__asciidoctor-maven-plugin\asciidoctor-maven-plugin\src\main\java\org\asciidoctor\maven\http\AsciidoctorHttpServer.java,115
CLIENT:client-code,N/A,false,FieldAccessExpr,org.asciidoctor.maven.http.AsciidoctorHandler,defaultPage,C:\Users\tyin363\Documents\repos\asciidoctor__asciidoctor-maven-plugin\asciidoctor-maven-plugin\src\main\java\org\asciidoctor\maven\http\AsciidoctorHandler.java,36
JDK:java.base,N/A,false,MethodCallExpr,java.lang.System,nanoTime,C:\Users\tyin363\Documents\repos\asciidoctor__asciidoctor-maven-plugin\asciidoctor-maven-plugin\src\main\java\org\asciidoctor\maven\refresh\TimeCounter.java,8
JDK:java.base,N/A,false,MethodCallExpr,java.util.Set,add,C:\Users\tyin363\Documents\repos\asciidoctor__asciidoctor-maven-plugin\asciidoctor-maven-plugin\src\main\java\org\asciidoctor\maven\AsciidoctorMojo.java,248
io.netty:netty-codec-http,4.2.3.Final,false,ClassOrInterfaceType,io.netty.handler.codec.http.FullHttpRequest,FullHttpRequest,C:\Users\tyin363\Documents\repos\asciidoctor__asciidoctor-maven-plugin\asciidoctor-maven-plugin\src\main\java\org\asciidoctor\maven\http\AsciidoctorHandler.java,24
CLIENT:client-code,N/A,false,FieldAccessExpr,org.asciidoctor.maven.AsciidoctorMaven,PREFIX,C:\Users\tyin363\Documents\repos\asciidoctor__asciidoctor-maven-plugin\asciidoctor-maven-plugin\src\main\java\org\asciidoctor\maven\AsciidoctorMojo.java,59
CLIENT:client-code,N/A,false,MethodCallExpr,org.asciidoctor.maven.process.SourceDirectoryFinder,resolvePath,C:\Users\tyin363\Documents\repos\asciidoctor__asciidoctor-maven-plugin\asciidoctor-maven-plugin\src\main\java\org\asciidoctor\maven\process\SourceDirectoryFinder.java,58
JDK:java.base,N/A,false,MethodCallExpr,java.util.Map,get,C:\Users\tyin363\Documents\repos\asciidoctor__asciidoctor-maven-plugin\asciidoctor-maven-plugin\src\main\java\org\asciidoctor\maven\AsciidoctorMojo.java,320
JDK:java.base,N/A,false,ClassOrInterfaceType,java.lang.String,String,C:\Users\tyin363\Documents\repos\asciidoctor__asciidoctor-maven-plugin\asciidoctor-maven-plugin\src\main\java\org\asciidoctor\maven\io\Zips.java,18
JDK:java.base,N/A,false,ClassOrInterfaceType,java.lang.String,String,C:\Users\tyin363\Documents\repos\asciidoctor__asciidoctor-maven-plugin\asciidoctor-maven-plugin\src\main\java\org\asciidoctor\maven\AsciidoctorHttpMojo.java,46
JDK:java.base,N/A,false,ClassOrInterfaceType,java.nio.file.Path,Path,C:\Users\tyin363\Documents\repos\asciidoctor__asciidoctor-maven-plugin\asciidoctor-maven-plugin\src\main\java\org\asciidoctor\maven\process\CopyResourcesProcessor.java,167
org.apache.maven:maven-plugin-api,3.9.9,true,ClassOrInterfaceType,org.apache.maven.plugin.MojoExecutionException,MojoExecutionException,C:\Users\tyin363\Documents\repos\asciidoctor__asciidoctor-maven-plugin\asciidoctor-maven-plugin\src\main\java\org\asciidoctor\maven\AsciidoctorZipMojo.java,46
JDK:java.base,N/A,false,MethodCallExpr,java.util.stream.Stream,collect,C:\Users\tyin363\Documents\repos\asciidoctor__asciidoctor-maven-plugin\asciidoctor-maven-plugin\src\main\java\org\asciidoctor\maven\process\SourceDocumentFinder.java,69
commons-io:commons-io,2.20.0,false,ClassOrInterfaceType,org.apache.commons.io.monitor.FileAlterationObserver,FileAlterationObserver,C:\Users\tyin363\Documents\repos\asciidoctor__asciidoctor-maven-plugin\asciidoctor-maven-plugin\src\main\java\org\asciidoctor\maven\AsciidoctorRefreshMojo.java,128
CLIENT:client-code,N/A,false,ClassOrInterfaceType,org.asciidoctor.maven.model.Resource,Resource,C:\Users\tyin363\Documents\repos\asciidoctor__asciidoctor-maven-plugin\asciidoctor-maven-plugin\src\main\java\org\asciidoctor\maven\process\CopyResourcesProcessor.java,94
JDK:java.base,N/A,false,ClassOrInterfaceType,java.io.FileInputStream,FileInputStream,C:\Users\tyin363\Documents\repos\asciidoctor__asciidoctor-maven-plugin\asciidoctor-maven-plugin\src\main\java\org\asciidoctor\maven\http\AsciidoctorHandler.java,80
JDK:java.base,N/A,false,ClassOrInterfaceType,java.util.HashMap,HashMap,C:\Users\tyin363\Documents\repos\asciidoctor__asciidoctor-maven-plugin\asciidoctor-maven-plugin\src\main\java\org\asciidoctor\maven\AsciidoctorMojo.java,81
CLIENT:client-code,N/A,false,MethodCallExpr,org.asciidoctor.maven.model.Resource,setDirectory,C:\Users\tyin363\Documents\repos\asciidoctor__asciidoctor-maven-plugin\asciidoctor-maven-plugin\src\main\java\org\asciidoctor\maven\process\CopyResourcesProcessor.java,133
JDK:java.base,N/A,false,ClassOrInterfaceType,java.io.File,File,C:\Users\tyin363\Documents\repos\asciidoctor__asciidoctor-maven-plugin\asciidoctor-maven-plugin\src\main\java\org\asciidoctor\maven\http\AsciidoctorHandler.java,99
org.asciidoctor:asciidoctorj-api,3.0.0,true,ClassOrInterfaceType,org.asciidoctor.extension.Processor,Processor,C:\Users\tyin363\Documents\repos\asciidoctor__asciidoctor-maven-plugin\asciidoctor-maven-plugin\src\main\java\org\asciidoctor\maven\extensions\AsciidoctorJExtensionRegistry.java,45
JDK:java.base,N/A,false,ObjectCreationExpr,java.util.StringJoiner,StringJoiner,C:\Users\tyin363\Documents\repos\asciidoctor__asciidoctor-maven-plugin\asciidoctor-maven-plugin\src\main\java\org\asciidoctor\maven\AsciidoctorRefreshMojo.java,165
CLIENT:client-code,N/A,false,FieldAccessExpr,org.asciidoctor.maven.model.Resource,includes,C:\Users\tyin363\Documents\repos\asciidoctor__asciidoctor-maven-plugin\asciidoctor-maven-plugin\src\main\java\org\asciidoctor\maven\model\Resource.java,35
org.apache.maven:maven-plugin-api,3.9.9,true,ClassOrInterfaceType,org.apache.maven.plugin.MojoExecutionException,MojoExecutionException,C:\Users\tyin363\Documents\repos\asciidoctor__asciidoctor-maven-plugin\asciidoctor-maven-plugin\src\main\java\org\asciidoctor\maven\AsciidoctorMojo.java,209
commons-io:commons-io,2.20.0,false,ObjectCreationExpr,org.apache.commons.io.filefilter.RegexFileFilter,RegexFileFilter,C:\Users\tyin363\Documents\repos\asciidoctor__asciidoctor-maven-plugin\asciidoctor-maven-plugin\src\main\java\org\asciidoctor\maven\AsciidoctorRefreshMojo.java,169
CLIENT:client-code,N/A,false,MethodCallExpr,org.asciidoctor.maven.process.SourceDocumentFinder,find,C:\Users\tyin363\Documents\repos\asciidoctor__asciidoctor-maven-plugin\asciidoctor-maven-plugin\src\main\java\org\asciidoctor\maven\process\SourceDocumentFinder.java,64
JDK:java.base,N/A,false,ClassOrInterfaceType,java.lang.String,String,C:\Users\tyin363\Documents\repos\asciidoctor__asciidoctor-maven-plugin\asciidoctor-maven-plugin\src\main\java\org\asciidoctor\maven\AsciidoctorMaven.java,4
io.netty:netty-transport,4.2.3.Final,true,FieldAccessExpr,io.netty.channel.ChannelFutureListener,CLOSE,C:\Users\tyin363\Documents\repos\asciidoctor__asciidoctor-maven-plugin\asciidoctor-maven-plugin\src\main\java\org\asciidoctor\maven\http\AsciidoctorHandler.java,96
JDK:java.base,N/A,false,ClassOrInterfaceType,java.io.File,File,C:\Users\tyin363\Documents\repos\asciidoctor__asciidoctor-maven-plugin\asciidoctor-maven-plugin\src\main\java\org\asciidoctor\maven\process\CopyResourcesProcessor.java,77
JDK:java.base,N/A,false,MethodCallExpr,java.util.stream.Collectors,joining,C:\Users\tyin363\Documents\repos\asciidoctor__asciidoctor-maven-plugin\asciidoctor-maven-plugin\src\main\java\org\asciidoctor\maven\process\SourceDocumentFinder.java,63
JDK:java.base,N/A,false,ClassOrInterfaceType,java.lang.Object,Object,C:\Users\tyin363\Documents\repos\asciidoctor__asciidoctor-maven-plugin\asciidoctor-maven-plugin\src\main\java\org\asciidoctor\maven\AsciidoctorMojo.java,431
JDK:java.base,N/A,false,MethodCallExpr,java.lang.String,endsWith,C:\Users\tyin363\Documents\repos\asciidoctor__asciidoctor-maven-plugin\asciidoctor-maven-plugin\src\main\java\org\asciidoctor\maven\http\AsciidoctorHandler.java,75
JDK:java.base,N/A,false,ClassOrInterfaceType,java.lang.String,String,C:\Users\tyin363\Documents\repos\asciidoctor__asciidoctor-maven-plugin\asciidoctor-maven-plugin\src\main\java\org\asciidoctor\maven\AsciidoctorMojo.java,251
JDK:java.base,N/A,false,ClassOrInterfaceType,java.nio.file.Path,Path,C:\Users\tyin363\Documents\repos\asciidoctor__asciidoctor-maven-plugin\asciidoctor-maven-plugin\src\main\java\org\asciidoctor\maven\process\SourceDocumentFinder.java,67
JDK:java.base,N/A,false,ClassOrInterfaceType,java.lang.Exception,Exception,C:\Users\tyin363\Documents\repos\asciidoctor__asciidoctor-maven-plugin\asciidoctor-maven-plugin\src\main\java\org\asciidoctor\maven\http\AsciidoctorHandler.java,43
JDK:java.base,N/A,false,ClassOrInterfaceType,java.io.File,File,C:\Users\tyin363\Documents\repos\asciidoctor__asciidoctor-maven-plugin\asciidoctor-maven-plugin\src\main\java\org\asciidoctor\maven\http\AsciidoctorHandler.java,32
io.netty:netty-transport,4.2.3.Final,true,MethodCallExpr,io.netty.bootstrap.AbstractBootstrap,channel,C:\Users\tyin363\Documents\repos\asciidoctor__asciidoctor-maven-plugin\asciidoctor-maven-plugin\src\main\java\org\asciidoctor\maven\http\AsciidoctorHttpServer.java,73
org.codehaus.plexus:plexus-utils,3.5.1,true,ObjectCreationExpr,org.codehaus.plexus.util.DirectoryScanner,DirectoryScanner,C:\Users\tyin363\Documents\repos\asciidoctor__asciidoctor-maven-plugin\asciidoctor-maven-plugin\src\main\java\org\asciidoctor\maven\refresh\ResourceCopyFileAlterationListenerAdaptor.java,41
CLIENT:client-code,N/A,false,FieldAccessExpr,org.asciidoctor.maven.AsciidoctorMojo,extensions,C:\Users\tyin363\Documents\repos\asciidoctor__asciidoctor-maven-plugin\asciidoctor-maven-plugin\src\main\java\org\asciidoctor\maven\AsciidoctorMojo.java,524
JDK:java.base,N/A,false,MethodCallExpr,java.lang.String,contains,C:\Users\tyin363\Documents\repos\asciidoctor__asciidoctor-maven-plugin\asciidoctor-maven-plugin\src\main\java\org\asciidoctor\maven\http\AsciidoctorHandler.java,35
CLIENT:client-code,N/A,false,ClassOrInterfaceType,org.asciidoctor.maven.extensions.AsciidoctorJExtensionRegistry,AsciidoctorJExtensionRegistry,C:\Users\tyin363\Documents\repos\asciidoctor__asciidoctor-maven-plugin\asciidoctor-maven-plugin\src\main\java\org\asciidoctor\maven\AsciidoctorMojo.java,221
CLIENT:client-code,N/A,false,FieldAccessExpr,org.asciidoctor.maven.AsciidoctorMojo,baseDir,C:\Users\tyin363\Documents\repos\asciidoctor__asciidoctor-maven-plugin\asciidoctor-maven-plugin\src\main\java\org\asciidoctor\maven\AsciidoctorMojo.java,508
JDK:java.base,N/A,false,ClassOrInterfaceType,java.lang.String,String,C:\Users\tyin363\Documents\repos\asciidoctor__asciidoctor-maven-plugin\asciidoctor-maven-plugin\src\main\java\org\asciidoctor\maven\process\CopyResourcesProcessor.java,51
JDK:java.base,N/A,false,ClassOrInterfaceType,java.lang.Class,Class,C:\Users\tyin363\Documents\repos\asciidoctor__asciidoctor-maven-plugin\asciidoctor-maven-plugin\src\main\java\org\asciidoctor\maven\extensions\AsciidoctorJExtensionRegistry.java,53
CLIENT:client-code,N/A,false,FieldAccessExpr,org.asciidoctor.maven.extensions.ExtensionConfiguration,className,C:\Users\tyin363\Documents\repos\asciidoctor__asciidoctor-maven-plugin\asciidoctor-maven-plugin\src\main\java\org\asciidoctor\maven\extensions\ExtensionConfiguration.java,29
JDK:java.base,N/A,false,MethodCallExpr,java.lang.String,endsWith,C:\Users\tyin363\Documents\repos\asciidoctor__asciidoctor-maven-plugin\asciidoctor-maven-plugin\src\main\java\org\asciidoctor\maven\io\Zips.java,19
CLIENT:client-code,N/A,false,MethodCallExpr,org.asciidoctor.maven.AsciidoctorRefreshMojo,startPolling,C:\Users\tyin363\Documents\repos\asciidoctor__asciidoctor-maven-plugin\asciidoctor-maven-plugin\src\main\java\org\asciidoctor\maven\AsciidoctorHttpMojo.java,34
org.asciidoctor:asciidoctorj-api,3.0.0,true,MethodCallExpr,org.asciidoctor.OptionsBuilder,option,C:\Users\tyin363\Documents\repos\asciidoctor__asciidoctor-maven-plugin\asciidoctor-maven-plugin\src\main\java\org\asciidoctor\maven\AsciidoctorOptionsFactory.java,80
JDK:java.base,N/A,false,ClassOrInterfaceType,java.util.List,List,C:\Users\tyin363\Documents\repos\asciidoctor__asciidoctor-maven-plugin\asciidoctor-maven-plugin\src\main\java\org\asciidoctor\maven\AsciidoctorMojo.java,78
CLIENT:client-code,N/A,false,FieldAccessExpr,org.asciidoctor.maven.model.Resource,includes,C:\Users\tyin363\Documents\repos\asciidoctor__asciidoctor-maven-plugin\asciidoctor-maven-plugin\src\main\java\org\asciidoctor\maven\model\Resource.java,34
CLIENT:client-code,N/A,false,MethodCallExpr,org.asciidoctor.maven.model.Resource,getExcludes,C:\Users\tyin363\Documents\repos\asciidoctor__asciidoctor-maven-plugin\asciidoctor-maven-plugin\src\main\java\org\asciidoctor\maven\process\CopyResourcesProcessor.java,109
org.asciidoctor:asciidoctorj-api,3.0.0,true,MethodCallExpr,org.asciidoctor.extension.JavaExtensionRegistry,block,C:\Users\tyin363\Documents\repos\asciidoctor__asciidoctor-maven-plugin\asciidoctor-maven-plugin\src\main\java\org\asciidoctor\maven\extensions\AsciidoctorJExtensionRegistry.java,62
JDK:java.base,N/A,false,ObjectCreationExpr,java.util.StringJoiner,StringJoiner,C:\Users\tyin363\Documents\repos\asciidoctor__asciidoctor-maven-plugin\asciidoctor-maven-plugin\src\main\java\org\asciidoctor\maven\refresh\ResourcesPatternBuilder.java,29
CLIENT:client-code,N/A,false,MethodCallExpr,org.asciidoctor.maven.AsciidoctorMojo,isEmbedAssets,C:\Users\tyin363\Documents\repos\asciidoctor__asciidoctor-maven-plugin\asciidoctor-maven-plugin\src\main\java\org\asciidoctor\maven\AsciidoctorOptionsFactory.java,41
JDK:java.base,N/A,false,ClassOrInterfaceType,java.io.IOException,IOException,C:\Users\tyin363\Documents\repos\asciidoctor__asciidoctor-maven-plugin\asciidoctor-maven-plugin\src\main\java\org\asciidoctor\maven\AsciidoctorZipMojo.java,52
JDK:java.base,N/A,false,MethodCallExpr,java.util.List,add,C:\Users\tyin363\Documents\repos\asciidoctor__asciidoctor-maven-plugin\asciidoctor-maven-plugin\src\main\java\org\asciidoctor\maven\process\CopyResourcesProcessor.java,98
CLIENT:client-code,N/A,false,FieldAccessExpr,org.asciidoctor.maven.http.AsciidoctorHandler,defaultPage,C:\Users\tyin363\Documents\repos\asciidoctor__asciidoctor-maven-plugin\asciidoctor-maven-plugin\src\main\java\org\asciidoctor\maven\http\AsciidoctorHandler.java,38
org.apache.maven:maven-plugin-api,3.9.9,true,MethodCallExpr,org.apache.maven.plugin.AbstractMojo,getLog,C:\Users\tyin363\Documents\repos\asciidoctor__asciidoctor-maven-plugin\asciidoctor-maven-plugin\src\main\java\org\asciidoctor\maven\AsciidoctorZipMojo.java,53
CLIENT:client-code,N/A,false,MethodCallExpr,org.asciidoctor.maven.process.SourceDirectoryFinder,find,C:\Users\tyin363\Documents\repos\asciidoctor__asciidoctor-maven-plugin\asciidoctor-maven-plugin\src\main\java\org\asciidoctor\maven\AsciidoctorMojo.java,273
CLIENT:client-code,N/A,false,FieldAccessExpr,org.asciidoctor.maven.AsciidoctorMojo.Destination,isOutput,C:\Users\tyin363\Documents\repos\asciidoctor__asciidoctor-maven-plugin\asciidoctor-maven-plugin\src\main\java\org\asciidoctor\maven\AsciidoctorMojo.java,342
JDK:java.base,N/A,false,MethodCallExpr,java.io.File,getPath,C:\Users\tyin363\Documents\repos\asciidoctor__asciidoctor-maven-plugin\asciidoctor-maven-plugin\src\main\java\org\asciidoctor\maven\io\Zips.java,40
CLIENT:client-code,N/A,false,MethodCallExpr,org.asciidoctor.maven.model.Resource,getDirectory,C:\Users\tyin363\Documents\repos\asciidoctor__asciidoctor-maven-plugin\asciidoctor-maven-plugin\src\main\java\org\asciidoctor\maven\process\CopyResourcesProcessor.java,167
io.netty:netty-buffer,4.2.3.Final,true,ClassOrInterfaceType,io.netty.buffer.ByteBuf,ByteBuf,C:\Users\tyin363\Documents\repos\asciidoctor__asciidoctor-maven-plugin\asciidoctor-maven-plugin\src\main\java\org\asciidoctor\maven\http\AsciidoctorHandler.java,73
org.asciidoctor:asciidoctorj-api,3.0.0,true,ClassOrInterfaceType,org.asciidoctor.extension.InlineMacroProcessor,InlineMacroProcessor,C:\Users\tyin363\Documents\repos\asciidoctor__asciidoctor-maven-plugin\asciidoctor-maven-plugin\src\main\java\org\asciidoctor\maven\extensions\AsciidoctorJExtensionRegistry.java,76
org.asciidoctor:asciidoctorj,3.0.0,false,ClassOrInterfaceType,org.asciidoctor.jruby.internal.JRubyRuntimeContext,JRubyRuntimeContext,C:\Users\tyin363\Documents\repos\asciidoctor__asciidoctor-maven-plugin\asciidoctor-maven-plugin\src\main\java\org\asciidoctor\maven\AsciidoctorJFactory.java,42
CLIENT:client-code,N/A,false,ClassOrInterfaceType,org.asciidoctor.maven.AsciidoctorJFactory,AsciidoctorJFactory,C:\Users\tyin363\Documents\repos\asciidoctor__asciidoctor-maven-plugin\asciidoctor-maven-plugin\src\main\java\org\asciidoctor\maven\AsciidoctorRefreshMojo.java,48
CLIENT:client-code,N/A,false,MethodCallExpr,org.asciidoctor.maven.AsciidoctorMojo,getResources,C:\Users\tyin363\Documents\repos\asciidoctor__asciidoctor-maven-plugin\asciidoctor-maven-plugin\src\main\java\org\asciidoctor\maven\refresh\ResourceCopyFileAlterationListenerAdaptor.java,32
JDK:java.base,N/A,false,ClassOrInterfaceType,java.util.Optional,Optional,C:\Users\tyin363\Documents\repos\asciidoctor__asciidoctor-maven-plugin\asciidoctor-maven-plugin\src\main\java\org\asciidoctor\maven\AsciidoctorMojo.java,273
JDK:java.base,N/A,false,ClassOrInterfaceType,java.lang.String,String,C:\Users\tyin363\Documents\repos\asciidoctor__asciidoctor-maven-plugin\asciidoctor-maven-plugin\src\main\java\org\asciidoctor\maven\AsciidoctorZipMojo.java,22
commons-io:commons-io,2.20.0,false,MethodCallExpr,org.apache.commons.io.IOUtils,copy,C:\Users\tyin363\Documents\repos\asciidoctor__asciidoctor-maven-plugin\asciidoctor-maven-plugin\src\main\java\org\asciidoctor\maven\io\Zips.java,42
commons-io:commons-io,2.20.0,false,MethodCallExpr,org.apache.commons.io.FileUtils,copyFileToDirectory,C:\Users\tyin363\Documents\repos\asciidoctor__asciidoctor-maven-plugin\asciidoctor-maven-plugin\src\main\java\org\asciidoctor\maven\process\CopyResourcesProcessor.java,172
CLIENT:client-code,N/A,false,ClassOrInterfaceType,org.asciidoctor.maven.AsciidoctorMojo.Destination,Destination,C:\Users\tyin363\Documents\repos\asciidoctor__asciidoctor-maven-plugin\asciidoctor-maven-plugin\src\main\java\org\asciidoctor\maven\AsciidoctorMojo.java,328
JDK:java.base,N/A,false,MethodCallExpr,java.util.stream.Stream,collect,C:\Users\tyin363\Documents\repos\asciidoctor__asciidoctor-maven-plugin\asciidoctor-maven-plugin\src\main\java\org\asciidoctor\maven\process\SourceDocumentFinder.java,62
JDK:java.base,N/A,false,ClassOrInterfaceType,java.lang.String,String,C:\Users\tyin363\Documents\repos\asciidoctor__asciidoctor-maven-plugin\asciidoctor-maven-plugin\src\main\java\org\asciidoctor\maven\AsciidoctorMojo.java,443
JDK:java.base,N/A,false,ClassOrInterfaceType,java.io.File,File,C:\Users\tyin363\Documents\repos\asciidoctor__asciidoctor-maven-plugin\asciidoctor-maven-plugin\src\main\java\org\asciidoctor\maven\http\AsciidoctorHttpServer.java,32
JDK:java.base,N/A,false,ClassOrInterfaceType,java.io.File,File,C:\Users\tyin363\Documents\repos\asciidoctor__asciidoctor-maven-plugin\asciidoctor-maven-plugin\src\main\java\org\asciidoctor\maven\process\SourceDocumentFinder.java,50
JDK:java.base,N/A,false,ClassOrInterfaceType,java.nio.file.Path,Path,C:\Users\tyin363\Documents\repos\asciidoctor__asciidoctor-maven-plugin\asciidoctor-maven-plugin\src\main\java\org\asciidoctor\maven\process\SourceDocumentFinder.java,61
JDK:java.base,N/A,false,ClassOrInterfaceType,java.util.stream.Stream,Stream,C:\Users\tyin363\Documents\repos\asciidoctor__asciidoctor-maven-plugin\asciidoctor-maven-plugin\src\main\java\org\asciidoctor\maven\process\SourceDocumentFinder.java,68
org.apache.maven:maven-plugin-api,3.9.9,true,MethodCallExpr,org.apache.maven.plugin.AbstractMojo,getLog,C:\Users\tyin363\Documents\repos\asciidoctor__asciidoctor-maven-plugin\asciidoctor-maven-plugin\src\main\java\org\asciidoctor\maven\AsciidoctorMojo.java,277
org.asciidoctor:asciidoctorj-api,3.0.0,true,MethodCallExpr,org.asciidoctor.Options,map,C:\Users\tyin363\Documents\repos\asciidoctor__asciidoctor-maven-plugin\asciidoctor-maven-plugin\src\main\java\org\asciidoctor\maven\AsciidoctorMojo.java,320
CLIENT:client-code,N/A,false,MethodCallExpr,org.asciidoctor.maven.http.AsciidoctorHandler,send,C:\Users\tyin363\Documents\repos\asciidoctor__asciidoctor-maven-plugin\asciidoctor-maven-plugin\src\main\java\org\asciidoctor\maven\http\AsciidoctorHandler.java,88
CLIENT:client-code,N/A,false,ClassOrInterfaceType,org.asciidoctor.maven.model.Resource,Resource,C:\Users\tyin363\Documents\repos\asciidoctor__asciidoctor-maven-plugin\asciidoctor-maven-plugin\src\main\java\org\asciidoctor\maven\process\CopyResourcesProcessor.java,161
CLIENT:client-code,N/A,false,ClassOrInterfaceType,org.asciidoctor.maven.refresh.ResourcesPatternBuilder,ResourcesPatternBuilder,C:\Users\tyin363\Documents\repos\asciidoctor__asciidoctor-maven-plugin\asciidoctor-maven-plugin\src\main\java\org\asciidoctor\maven\AsciidoctorRefreshMojo.java,156
JDK:java.base,N/A,false,ClassOrInterfaceType,java.lang.Class,Class,C:\Users\tyin363\Documents\repos\asciidoctor__asciidoctor-maven-plugin\asciidoctor-maven-plugin\src\main\java\org\asciidoctor\maven\extensions\AsciidoctorJExtensionRegistry.java,55
JDK:java.base,N/A,false,ClassOrInterfaceType,java.lang.String,String,C:\Users\tyin363\Documents\repos\asciidoctor__asciidoctor-maven-plugin\asciidoctor-maven-plugin\src\main\java\org\asciidoctor\maven\process\SourceDirectoryFinder.java,57
org.apache.maven:maven-plugin-api,3.9.9,true,MethodCallExpr,org.apache.maven.plugin.AbstractMojo,getLog,C:\Users\tyin363\Documents\repos\asciidoctor__asciidoctor-maven-plugin\asciidoctor-maven-plugin\src\main\java\org\asciidoctor\maven\AsciidoctorRefreshMojo.java,85
CLIENT:client-code,N/A,false,MethodCallExpr,org.asciidoctor.maven.model.Resource,getTargetPath,C:\Users\tyin363\Documents\repos\asciidoctor__asciidoctor-maven-plugin\asciidoctor-maven-plugin\src\main\java\org\asciidoctor\maven\process\CopyResourcesProcessor.java,185
org.apache.maven:maven-plugin-api,3.9.9,true,ClassOrInterfaceType,org.apache.maven.plugin.MojoExecutionException,MojoExecutionException,C:\Users\tyin363\Documents\repos\asciidoctor__asciidoctor-maven-plugin\asciidoctor-maven-plugin\src\main\java\org\asciidoctor\maven\AsciidoctorMojo.java,268
JDK:java.base,N/A,false,ClassOrInterfaceType,java.util.List,List,C:\Users\tyin363\Documents\repos\asciidoctor__asciidoctor-maven-plugin\asciidoctor-maven-plugin\src\main\java\org\asciidoctor\maven\AsciidoctorMojo.java,539
org.apache.maven:maven-core,3.9.9,false,ClassOrInterfaceType,org.apache.maven.project.MavenProject,MavenProject,C:\Users\tyin363\Documents\repos\asciidoctor__asciidoctor-maven-plugin\asciidoctor-maven-plugin\src\main\java\org\asciidoctor\maven\AsciidoctorMojo.java,136
JDK:java.base,N/A,false,ClassOrInterfaceType,java.lang.String,String,C:\Users\tyin363\Documents\repos\asciidoctor__asciidoctor-maven-plugin\asciidoctor-maven-plugin\src\main\java\org\asciidoctor\maven\refresh\AbstractFileAlterationListenerAdaptor.java,33
org.codehaus.plexus:plexus-utils,3.5.1,true,MethodCallExpr,org.codehaus.plexus.util.AbstractScanner,setIncludes,C:\Users\tyin363\Documents\repos\asciidoctor__asciidoctor-maven-plugin\asciidoctor-maven-plugin\src\main\java\org\asciidoctor\maven\refresh\ResourceCopyFileAlterationListenerAdaptor.java,47
JDK:java.base,N/A,false,MethodCallExpr,java.lang.Class,getMethod,C:\Users\tyin363\Documents\repos\asciidoctor__asciidoctor-maven-plugin\asciidoctor-maven-plugin\src\main\java\org\asciidoctor\maven\AsciidoctorJFactory.java,37
JDK:java.base,N/A,false,ObjectCreationExpr,java.util.ArrayList,ArrayList,C:\Users\tyin363\Documents\repos\asciidoctor__asciidoctor-maven-plugin\asciidoctor-maven-plugin\src\main\java\org\asciidoctor\maven\AsciidoctorMojo.java,78
CLIENT:client-code,N/A,false,MethodCallExpr,org.asciidoctor.maven.AsciidoctorMojo,getOutputDirectory,C:\Users\tyin363\Documents\repos\asciidoctor__asciidoctor-maven-plugin\asciidoctor-maven-plugin\src\main\java\org\asciidoctor\maven\AsciidoctorMojo.java,311
JDK:java.base,N/A,false,MethodCallExpr,java.io.File,getName,C:\Users\tyin363\Documents\repos\asciidoctor__asciidoctor-maven-plugin\asciidoctor-maven-plugin\src\main\java\org\asciidoctor\maven\AsciidoctorMojo.java,251
io.netty:netty-codec-http,4.2.3.Final,false,FieldAccessExpr,io.netty.handler.codec.http.HttpResponseStatus,METHOD_NOT_ALLOWED,C:\Users\tyin363\Documents\repos\asciidoctor__asciidoctor-maven-plugin\asciidoctor-maven-plugin\src\main\java\org\asciidoctor\maven\http\AsciidoctorHandler.java,46
JDK:java.base,N/A,false,ClassOrInterfaceType,java.io.File,File,C:\Users\tyin363\Documents\repos\asciidoctor__asciidoctor-maven-plugin\asciidoctor-maven-plugin\src\main\java\org\asciidoctor\maven\AsciidoctorMojo.java,479
org.apache.maven:maven-plugin-api,3.9.9,true,MethodCallExpr,org.apache.maven.plugin.AbstractMojo,getLog,C:\Users\tyin363\Documents\repos\asciidoctor__asciidoctor-maven-plugin\asciidoctor-maven-plugin\src\main\java\org\asciidoctor\maven\AsciidoctorZipMojo.java,51
CLIENT:client-code,N/A,false,MethodCallExpr,org.asciidoctor.maven.io.Zips,zip,C:\Users\tyin363\Documents\repos\asciidoctor__asciidoctor-maven-plugin\asciidoctor-maven-plugin\src\main\java\org\asciidoctor\maven\io\Zips.java,25
JDK:java.base,N/A,false,ClassOrInterfaceType,java.lang.Exception,Exception,C:\Users\tyin363\Documents\repos\asciidoctor__asciidoctor-maven-plugin\asciidoctor-maven-plugin\src\main\java\org\asciidoctor\maven\AsciidoctorRefreshMojo.java,149
JDK:java.base,N/A,false,ClassOrInterfaceType,java.io.IOException,IOException,C:\Users\tyin363\Documents\repos\asciidoctor__asciidoctor-maven-plugin\asciidoctor-maven-plugin\src\main\java\org\asciidoctor\maven\refresh\ResourceCopyFileAlterationListenerAdaptor.java,108
org.asciidoctor:asciidoctorj-api,3.0.0,true,MethodCallExpr,org.asciidoctor.OptionsBuilder,toDir,C:\Users\tyin363\Documents\repos\asciidoctor__asciidoctor-maven-plugin\asciidoctor-maven-plugin\src\main\java\org\asciidoctor\maven\AsciidoctorMojo.java,315
CLIENT:client-code,N/A,false,ClassOrInterfaceType,org.asciidoctor.maven.AsciidoctorMojo,AsciidoctorMojo,C:\Users\tyin363\Documents\repos\asciidoctor__asciidoctor-maven-plugin\asciidoctor-maven-plugin\src\main\java\org\asciidoctor\maven\AsciidoctorMojo.java,299
JDK:java.base,N/A,false,MethodCallExpr,java.lang.String,contains,C:\Users\tyin363\Documents\repos\asciidoctor__asciidoctor-maven-plugin\asciidoctor-maven-plugin\src\main\java\org\asciidoctor\maven\http\AsciidoctorHandler.java,104
JDK:java.base,N/A,false,ClassOrInterfaceType,java.util.zip.ZipOutputStream,ZipOutputStream,C:\Users\tyin363\Documents\repos\asciidoctor__asciidoctor-maven-plugin\asciidoctor-maven-plugin\src\main\java\org\asciidoctor\maven\io\Zips.java,17
JDK:java.base,N/A,false,ClassOrInterfaceType,java.lang.String,String,C:\Users\tyin363\Documents\repos\asciidoctor__asciidoctor-maven-plugin\asciidoctor-maven-plugin\src\main\java\org\asciidoctor\maven\AsciidoctorMojo.java,313
CLIENT:client-code,N/A,false,ClassOrInterfaceType,org.asciidoctor.maven.process.SourceDocumentFinder,SourceDocumentFinder,C:\Users\tyin363\Documents\repos\asciidoctor__asciidoctor-maven-plugin\asciidoctor-maven-plugin\src\main\java\org\asciidoctor\maven\AsciidoctorRefreshMojo.java,48
JDK:java.base,N/A,false,ClassOrInterfaceType,java.io.File,File,C:\Users\tyin363\Documents\repos\asciidoctor__asciidoctor-maven-plugin\asciidoctor-maven-plugin\src\main\java\org\asciidoctor\maven\http\AsciidoctorHandler.java,29
JDK:java.base,N/A,false,MethodCallExpr,java.util.List,add,C:\Users\tyin363\Documents\repos\asciidoctor__asciidoctor-maven-plugin\asciidoctor-maven-plugin\src\main\java\org\asciidoctor\maven\process\CopyResourcesProcessor.java,101
io.netty:netty-codec-http,4.2.3.Final,false,ObjectCreationExpr,io.netty.handler.codec.http.HttpObjectAggregator,HttpObjectAggregator,C:\Users\tyin363\Documents\repos\asciidoctor__asciidoctor-maven-plugin\asciidoctor-maven-plugin\src\main\java\org\asciidoctor\maven\http\AsciidoctorHttpServer.java,84
CLIENT:client-code,N/A,false,ObjectCreationExpr,org.asciidoctor.maven.http.AsciidoctorHttpServer,AsciidoctorHttpServer,C:\Users\tyin363\Documents\repos\asciidoctor__asciidoctor-maven-plugin\asciidoctor-maven-plugin\src\main\java\org\asciidoctor\maven\AsciidoctorHttpMojo.java,32
JDK:java.base,N/A,false,ClassOrInterfaceType,java.lang.String,String,C:\Users\tyin363\Documents\repos\asciidoctor__asciidoctor-maven-plugin\asciidoctor-maven-plugin\src\main\java\org\asciidoctor\maven\process\CopyResourcesProcessor.java,48
JDK:java.base,N/A,false,ObjectCreationExpr,java.util.zip.ZipEntry,ZipEntry,C:\Users\tyin363\Documents\repos\asciidoctor__asciidoctor-maven-plugin\asciidoctor-maven-plugin\src\main\java\org\asciidoctor\maven\io\Zips.java,40
CLIENT:client-code,N/A,false,ClassOrInterfaceType,org.asciidoctor.maven.AsciidoctorRefreshMojo,AsciidoctorRefreshMojo,C:\Users\tyin363\Documents\repos\asciidoctor__asciidoctor-maven-plugin\asciidoctor-maven-plugin\src\main\java\org\asciidoctor\maven\refresh\ResourceCopyFileAlterationListenerAdaptor.java,28
CLIENT:client-code,N/A,false,ClassOrInterfaceType,org.asciidoctor.maven.extensions.ExtensionConfiguration,ExtensionConfiguration,C:\Users\tyin363\Documents\repos\asciidoctor__asciidoctor-maven-plugin\asciidoctor-maven-plugin\src\main\java\org\asciidoctor\maven\AsciidoctorMojo.java,222
JDK:java.base,N/A,false,MethodCallExpr,java.lang.String,length,C:\Users\tyin363\Documents\repos\asciidoctor__asciidoctor-maven-plugin\asciidoctor-maven-plugin\src\main\java\org\asciidoctor\maven\AsciidoctorMojo.java,313
CLIENT:client-code,N/A,false,FieldAccessExpr,org.asciidoctor.maven.AsciidoctorMaven,PREFIX,C:\Users\tyin363\Documents\repos\asciidoctor__asciidoctor-maven-plugin\asciidoctor-maven-plugin\src\main\java\org\asciidoctor\maven\AsciidoctorMojo.java,56
CLIENT:client-code,N/A,false,ClassOrInterfaceType,org.asciidoctor.maven.refresh.AsciidoctorConverterFileAlterationListenerAdaptor,AsciidoctorConverterFileAlterationListenerAdaptor,C:\Users\tyin363\Documents\repos\asciidoctor__asciidoctor-maven-plugin\asciidoctor-maven-plugin\src\main\java\org\asciidoctor\maven\AsciidoctorRefreshMojo.java,120
JDK:java.base,N/A,false,MethodCallExpr,java.lang.Class,isAssignableFrom,C:\Users\tyin363\Documents\repos\asciidoctor__asciidoctor-maven-plugin\asciidoctor-maven-plugin\src\main\java\org\asciidoctor\maven\extensions\AsciidoctorJExtensionRegistry.java,64
CLIENT:client-code,N/A,false,FieldAccessExpr,org.asciidoctor.maven.AsciidoctorMaven,PREFIX,C:\Users\tyin363\Documents\repos\asciidoctor__asciidoctor-maven-plugin\asciidoctor-maven-plugin\src\main\java\org\asciidoctor\maven\AsciidoctorMojo.java,122
JDK:java.base,N/A,false,ClassOrInterfaceType,java.io.File,File,C:\Users\tyin363\Documents\repos\asciidoctor__asciidoctor-maven-plugin\asciidoctor-maven-plugin\src\main\java\org\asciidoctor\maven\AsciidoctorMojo.java,346
JDK:java.base,N/A,false,ClassOrInterfaceType,java.util.List,List,C:\Users\tyin363\Documents\repos\asciidoctor__asciidoctor-maven-plugin\asciidoctor-maven-plugin\src\main\java\org\asciidoctor\maven\process\CopyResourcesProcessor.java,78
org.asciidoctor:asciidoctorj-api,3.0.0,true,MethodCallExpr,org.asciidoctor.OptionsBuilder,toDir,C:\Users\tyin363\Documents\repos\asciidoctor__asciidoctor-maven-plugin\asciidoctor-maven-plugin\src\main\java\org\asciidoctor\maven\AsciidoctorMojo.java,317
JDK:java.base,N/A,false,ClassOrInterfaceType,java.lang.String,String,C:\Users\tyin363\Documents\repos\asciidoctor__asciidoctor-maven-plugin\asciidoctor-maven-plugin\src\main\java\org\asciidoctor\maven\http\AsciidoctorHandler.java,76
io.netty:netty-transport,4.2.3.Final,true,MethodCallExpr,io.netty.bootstrap.ServerBootstrap,group,C:\Users\tyin363\Documents\repos\asciidoctor__asciidoctor-maven-plugin\asciidoctor-maven-plugin\src\main\java\org\asciidoctor\maven\http\AsciidoctorHttpServer.java,73
io.netty:netty-codec-http,4.2.3.Final,false,ClassOrInterfaceType,io.netty.handler.codec.http.DefaultFullHttpResponse,DefaultFullHttpResponse,C:\Users\tyin363\Documents\repos\asciidoctor__asciidoctor-maven-plugin\asciidoctor-maven-plugin\src\main\java\org\asciidoctor\maven\http\AsciidoctorHandler.java,62
JDK:java.base,N/A,false,ClassOrInterfaceType,java.lang.String,String,C:\Users\tyin363\Documents\repos\asciidoctor__asciidoctor-maven-plugin\asciidoctor-maven-plugin\src\main\java\org\asciidoctor\maven\io\Zips.java,23
org.asciidoctor:asciidoctorj-api,3.0.0,true,ClassOrInterfaceType,org.asciidoctor.Options,Options,C:\Users\tyin363\Documents\repos\asciidoctor__asciidoctor-maven-plugin\asciidoctor-maven-plugin\src\main\java\org\asciidoctor\maven\AsciidoctorMojo.java,356
JDK:java.base,N/A,false,ClassOrInterfaceType,java.lang.Class,Class,C:\Users\tyin363\Documents\repos\asciidoctor__asciidoctor-maven-plugin\asciidoctor-maven-plugin\src\main\java\org\asciidoctor\maven\extensions\AsciidoctorJExtensionRegistry.java,57
commons-io:commons-io,2.20.0,false,MethodCallExpr,org.apache.commons.io.FileUtils,readFileToString,C:\Users\tyin363\Documents\repos\asciidoctor__asciidoctor-maven-plugin\asciidoctor-maven-plugin\src\main\java\org\asciidoctor\maven\http\AsciidoctorHandler.java,76
CLIENT:client-code,N/A,false,FieldAccessExpr,org.asciidoctor.maven.model.Resource,includes,C:\Users\tyin363\Documents\repos\asciidoctor__asciidoctor-maven-plugin\asciidoctor-maven-plugin\src\main\java\org\asciidoctor\maven\model\Resource.java,30
org.codehaus.plexus:plexus-utils,3.5.1,true,ObjectCreationExpr,org.codehaus.plexus.util.DirectoryScanner,DirectoryScanner,C:\Users\tyin363\Documents\repos\asciidoctor__asciidoctor-maven-plugin\asciidoctor-maven-plugin\src\main\java\org\asciidoctor\maven\process\CopyResourcesProcessor.java,141
JDK:java.base,N/A,false,ClassOrInterfaceType,java.lang.String,String,C:\Users\tyin363\Documents\repos\asciidoctor__asciidoctor-maven-plugin\asciidoctor-maven-plugin\src\main\java\org\asciidoctor\maven\refresh\ResourceCopyFileAlterationListenerAdaptor.java,24
JDK:java.base,N/A,false,MethodCallExpr,java.lang.String,startsWith,C:\Users\tyin363\Documents\repos\asciidoctor__asciidoctor-maven-plugin\asciidoctor-maven-plugin\src\main\java\org\asciidoctor\maven\refresh\ResourceCopyFileAlterationListenerAdaptor.java,124
CLIENT:client-code,N/A,false,ClassOrInterfaceType,org.asciidoctor.maven.extensions.ExtensionRegistry,ExtensionRegistry,C:\Users\tyin363\Documents\repos\asciidoctor__asciidoctor-maven-plugin\asciidoctor-maven-plugin\src\main\java\org\asciidoctor\maven\AsciidoctorMojo.java,221
org.asciidoctor:asciidoctorj-api,3.0.0,true,MethodCallExpr,org.asciidoctor.OptionsBuilder,toFile,C:\Users\tyin363\Documents\repos\asciidoctor__asciidoctor-maven-plugin\asciidoctor-maven-plugin\src\main\java\org\asciidoctor\maven\AsciidoctorMojo.java,323
JDK:java.base,N/A,false,MethodCallExpr,java.io.File,getParentFile,C:\Users\tyin363\Documents\repos\asciidoctor__asciidoctor-maven-plugin\asciidoctor-maven-plugin\src\main\java\org\asciidoctor\maven\refresh\ResourceCopyFileAlterationListenerAdaptor.java,124
JDK:java.base,N/A,false,ClassOrInterfaceType,java.nio.file.Path,Path,C:\Users\tyin363\Documents\repos\asciidoctor__asciidoctor-maven-plugin\asciidoctor-maven-plugin\src\main\java\org\asciidoctor\maven\process\CopyResourcesProcessor.java,174
JDK:java.base,N/A,false,ClassOrInterfaceType,java.io.File,File,C:\Users\tyin363\Documents\repos\asciidoctor__asciidoctor-maven-plugin\asciidoctor-maven-plugin\src\main\java\org\asciidoctor\maven\refresh\ResourceCopyFileAlterationListenerAdaptor.java,115
io.netty:netty-codec-http,4.2.3.Final,false,ClassOrInterfaceType,io.netty.handler.codec.http.HttpRequestDecoder,HttpRequestDecoder,C:\Users\tyin363\Documents\repos\asciidoctor__asciidoctor-maven-plugin\asciidoctor-maven-plugin\src\main\java\org\asciidoctor\maven\http\AsciidoctorHttpServer.java,83
io.netty:netty-transport,4.2.3.Final,true,ClassOrInterfaceType,io.netty.bootstrap.ServerBootstrap,ServerBootstrap,C:\Users\tyin363\Documents\repos\asciidoctor__asciidoctor-maven-plugin\asciidoctor-maven-plugin\src\main\java\org\asciidoctor\maven\http\AsciidoctorHttpServer.java,72
io.netty:netty-codec-http,4.2.3.Final,false,FieldAccessExpr,io.netty.handler.codec.http.HttpHeaderNames,CONTENT_TYPE,C:\Users\tyin363\Documents\repos\asciidoctor__asciidoctor-maven-plugin\asciidoctor-maven-plugin\src\main\java\org\asciidoctor\maven\http\AsciidoctorHandler.java,55
org.asciidoctor:asciidoctorj-api,3.0.0,true,MethodCallExpr,org.asciidoctor.OptionsBuilder,build,C:\Users\tyin363\Documents\repos\asciidoctor__asciidoctor-maven-plugin\asciidoctor-maven-plugin\src\main\java\org\asciidoctor\maven\AsciidoctorMojo.java,258
JDK:java.base,N/A,false,FieldAccessExpr,java.nio.charset.StandardCharsets,UTF_8,C:\Users\tyin363\Documents\repos\asciidoctor__asciidoctor-maven-plugin\asciidoctor-maven-plugin\src\main\java\org\asciidoctor\maven\http\AsciidoctorHandler.java,76
CLIENT:client-code,N/A,false,ClassOrInterfaceType,org.asciidoctor.maven.process.ResourcesProcessor,ResourcesProcessor,C:\Users\tyin363\Documents\repos\asciidoctor__asciidoctor-maven-plugin\asciidoctor-maven-plugin\src\main\java\org\asciidoctor\maven\AsciidoctorHttpMojo.java,25
JDK:java.base,N/A,false,ClassOrInterfaceType,java.lang.Class,Class,C:\Users\tyin363\Documents\repos\asciidoctor__asciidoctor-maven-plugin\asciidoctor-maven-plugin\src\main\java\org\asciidoctor\maven\extensions\AsciidoctorJExtensionRegistry.java,60
JDK:java.base,N/A,false,ClassOrInterfaceType,java.lang.String,String,C:\Users\tyin363\Documents\repos\asciidoctor__asciidoctor-maven-plugin\asciidoctor-maven-plugin\src\main\java\org\asciidoctor\maven\AsciidoctorMojo.java,439
org.apache.maven:maven-plugin-api,3.9.9,true,MethodCallExpr,org.apache.maven.plugin.AbstractMojo,getLog,C:\Users\tyin363\Documents\repos\asciidoctor__asciidoctor-maven-plugin\asciidoctor-maven-plugin\src\main\java\org\asciidoctor\maven\AsciidoctorRefreshMojo.java,138
JDK:java.base,N/A,false,ClassOrInterfaceType,java.io.File,File,C:\Users\tyin363\Documents\repos\asciidoctor__asciidoctor-maven-plugin\asciidoctor-maven-plugin\src\main\java\org\asciidoctor\maven\process\CopyResourcesProcessor.java,154
JDK:java.base,N/A,false,ClassOrInterfaceType,java.io.File,File,C:\Users\tyin363\Documents\repos\asciidoctor__asciidoctor-maven-plugin\asciidoctor-maven-plugin\src\main\java\org\asciidoctor\maven\AsciidoctorMojo.java,69
CLIENT:client-code,N/A,false,MethodCallExpr,org.asciidoctor.maven.AsciidoctorOptionsFactory,create,C:\Users\tyin363\Documents\repos\asciidoctor__asciidoctor-maven-plugin\asciidoctor-maven-plugin\src\main\java\org\asciidoctor\maven\AsciidoctorMojo.java,230
org.asciidoctor:asciidoctorj-api,3.0.0,true,ClassOrInterfaceType,org.asciidoctor.extension.DocinfoProcessor,DocinfoProcessor,C:\Users\tyin363\Documents\repos\asciidoctor__asciidoctor-maven-plugin\asciidoctor-maven-plugin\src\main\java\org\asciidoctor\maven\extensions\AsciidoctorJExtensionRegistry.java,51
JDK:java.base,N/A,false,ObjectCreationExpr,java.io.File,File,C:\Users\tyin363\Documents\repos\asciidoctor__asciidoctor-maven-plugin\asciidoctor-maven-plugin\src\main\java\org\asciidoctor\maven\refresh\ResourceCopyFileAlterationListenerAdaptor.java,53
org.apache.maven:maven-plugin-api,3.9.9,true,ClassOrInterfaceType,org.apache.maven.plugin.MojoExecutionException,MojoExecutionException,C:\Users\tyin363\Documents\repos\asciidoctor__asciidoctor-maven-plugin\asciidoctor-maven-plugin\src\main\java\org\asciidoctor\maven\AsciidoctorMojo.java,331
CLIENT:client-code,N/A,false,MethodCallExpr,org.asciidoctor.maven.AsciidoctorMojo,getAttributes,C:\Users\tyin363\Documents\repos\asciidoctor__asciidoctor-maven-plugin\asciidoctor-maven-plugin\src\main\java\org\asciidoctor\maven\AsciidoctorOptionsFactory.java,47
JDK:java.base,N/A,false,ObjectCreationExpr,java.util.ArrayList,ArrayList,C:\Users\tyin363\Documents\repos\asciidoctor__asciidoctor-maven-plugin\asciidoctor-maven-plugin\src\main\java\org\asciidoctor\maven\process\CopyResourcesProcessor.java,80
JDK:java.base,N/A,false,ClassOrInterfaceType,java.util.List,List,C:\Users\tyin363\Documents\repos\asciidoctor__asciidoctor-maven-plugin\asciidoctor-maven-plugin\src\main\java\org\asciidoctor\maven\AsciidoctorMojo.java,346
JDK:java.base,N/A,false,ClassOrInterfaceType,java.lang.String,String,C:\Users\tyin363\Documents\repos\asciidoctor__asciidoctor-maven-plugin\asciidoctor-maven-plugin\src\main\java\org\asciidoctor\maven\model\Resource.java,45
org.apache.maven:maven-plugin-api,3.9.9,true,MethodCallExpr,org.apache.maven.plugin.AbstractMojo,getLog,C:\Users\tyin363\Documents\repos\asciidoctor__asciidoctor-maven-plugin\asciidoctor-maven-plugin\src\main\java\org\asciidoctor\maven\AsciidoctorZipMojo.java,58
CLIENT:client-code,N/A,false,FieldAccessExpr,org.asciidoctor.maven.AsciidoctorZipMojo,zipDestination,C:\Users\tyin363\Documents\repos\asciidoctor__asciidoctor-maven-plugin\asciidoctor-maven-plugin\src\main\java\org\asciidoctor\maven\AsciidoctorZipMojo.java,80
JDK:java.base,N/A,false,ClassOrInterfaceType,java.lang.String,String,C:\Users\tyin363\Documents\repos\asciidoctor__asciidoctor-maven-plugin\asciidoctor-maven-plugin\src\main\java\org\asciidoctor\maven\process\SourceDocumentFinder.java,27
JDK:java.base,N/A,false,MethodCallExpr,java.io.File,getAbsolutePath,C:\Users\tyin363\Documents\repos\asciidoctor__asciidoctor-maven-plugin\asciidoctor-maven-plugin\src\main\java\org\asciidoctor\maven\AsciidoctorMojo.java,249
CLIENT:client-code,N/A,false,ClassOrInterfaceType,org.asciidoctor.maven.AsciidoctorOptionsFactory,AsciidoctorOptionsFactory,C:\Users\tyin363\Documents\repos\asciidoctor__asciidoctor-maven-plugin\asciidoctor-maven-plugin\src\main\java\org\asciidoctor\maven\AsciidoctorZipMojo.java,41
CLIENT:client-code,N/A,false,MethodCallExpr,org.asciidoctor.maven.refresh.ResourceCopyFileAlterationListenerAdaptor,equalFiles,C:\Users\tyin363\Documents\repos\asciidoctor__asciidoctor-maven-plugin\asciidoctor-maven-plugin\src\main\java\org\asciidoctor\maven\refresh\ResourceCopyFileAlterationListenerAdaptor.java,102
CLIENT:client-code,N/A,false,FieldAccessExpr,org.asciidoctor.maven.AsciidoctorMojo,resourcesProcessor,C:\Users\tyin363\Documents\repos\asciidoctor__asciidoctor-maven-plugin\asciidoctor-maven-plugin\src\main\java\org\asciidoctor\maven\AsciidoctorMojo.java,151
JDK:java.base,N/A,false,ClassOrInterfaceType,java.lang.String,String,C:\Users\tyin363\Documents\repos\asciidoctor__asciidoctor-maven-plugin\asciidoctor-maven-plugin\src\main\java\org\asciidoctor\maven\refresh\AdditionalSourceFileAlterationListenerAdaptor.java,21
JDK:java.base,N/A,false,MethodCallExpr,java.lang.Class,isAssignableFrom,C:\Users\tyin363\Documents\repos\asciidoctor__asciidoctor-maven-plugin\asciidoctor-maven-plugin\src\main\java\org\asciidoctor\maven\extensions\AsciidoctorJExtensionRegistry.java,58
CLIENT:client-code,N/A,false,MethodCallExpr,org.asciidoctor.maven.AsciidoctorMojo,getProjectDirectory,C:\Users\tyin363\Documents\repos\asciidoctor__asciidoctor-maven-plugin\asciidoctor-maven-plugin\src\main\java\org\asciidoctor\maven\process\CopyResourcesProcessor.java,130
JDK:java.base,N/A,false,MethodCallExpr,java.io.File,getName,C:\Users\tyin363\Documents\repos\asciidoctor__asciidoctor-maven-plugin\asciidoctor-maven-plugin\src\main\java\org\asciidoctor\maven\http\AsciidoctorHandler.java,75
CLIENT:client-code,N/A,false,FieldAccessExpr,org.asciidoctor.maven.AsciidoctorMaven,PREFIX,C:\Users\tyin363\Documents\repos\asciidoctor__asciidoctor-maven-plugin\asciidoctor-maven-plugin\src\main\java\org\asciidoctor\maven\AsciidoctorMojo.java,53
JDK:java.base,N/A,false,ClassOrInterfaceType,java.nio.file.Path,Path,C:\Users\tyin363\Documents\repos\asciidoctor__asciidoctor-maven-plugin\asciidoctor-maven-plugin\src\main\java\org\asciidoctor\maven\process\SourceDocumentFinder.java,73
JDK:java.base,N/A,false,ClassOrInterfaceType,java.lang.String,String,C:\Users\tyin363\Documents\repos\asciidoctor__asciidoctor-maven-plugin\asciidoctor-maven-plugin\src\main\java\org\asciidoctor\maven\AsciidoctorMojo.java,108
org.apache.maven:maven-core,3.9.9,false,MethodCallExpr,org.apache.maven.project.MavenProject,getBasedir,C:\Users\tyin363\Documents\repos\asciidoctor__asciidoctor-maven-plugin\asciidoctor-maven-plugin\src\main\java\org\asciidoctor\maven\AsciidoctorMojo.java,186
JDK:java.base,N/A,false,MethodCallExpr,java.lang.Throwable,getMessage,C:\Users\tyin363\Documents\repos\asciidoctor__asciidoctor-maven-plugin\asciidoctor-maven-plugin\src\main\java\org\asciidoctor\maven\AsciidoctorRefreshMojo.java,100
JDK:java.base,N/A,false,ClassOrInterfaceType,java.io.File,File,C:\Users\tyin363\Documents\repos\asciidoctor__asciidoctor-maven-plugin\asciidoctor-maven-plugin\src\main\java\org\asciidoctor\maven\AsciidoctorZipMojo.java,35
org.apache.maven:maven-plugin-api,3.9.9,true,ClassOrInterfaceType,org.apache.maven.plugin.logging.Log,Log,C:\Users\tyin363\Documents\repos\asciidoctor__asciidoctor-maven-plugin\asciidoctor-maven-plugin\src\main\java\org\asciidoctor\maven\AsciidoctorJFactory.java,23
org.asciidoctor:asciidoctorj-api,3.0.0,true,ClassOrInterfaceType,org.asciidoctor.extension.DocinfoProcessor,DocinfoProcessor,C:\Users\tyin363\Documents\repos\asciidoctor__asciidoctor-maven-plugin\asciidoctor-maven-plugin\src\main\java\org\asciidoctor\maven\extensions\AsciidoctorJExtensionRegistry.java,50
JDK:java.base,N/A,false,ObjectCreationExpr,java.io.FileInputStream,FileInputStream,C:\Users\tyin363\Documents\repos\asciidoctor__asciidoctor-maven-plugin\asciidoctor-maven-plugin\src\main\java\org\asciidoctor\maven\io\Zips.java,39
JDK:java.base,N/A,false,MethodCallExpr,java.io.File,toPath,C:\Users\tyin363\Documents\repos\asciidoctor__asciidoctor-maven-plugin\asciidoctor-maven-plugin\src\main\java\org\asciidoctor\maven\process\CopyResourcesProcessor.java,168
org.apache.maven:maven-plugin-api,3.9.9,true,ClassOrInterfaceType,org.apache.maven.plugin.MojoExecutionException,MojoExecutionException,C:\Users\tyin363\Documents\repos\asciidoctor__asciidoctor-maven-plugin\asciidoctor-maven-plugin\src\main\java\org\asciidoctor\maven\AsciidoctorRefreshMojo.java,64
JDK:java.base,N/A,false,MethodCallExpr,java.io.File,getAbsolutePath,C:\Users\tyin363\Documents\repos\asciidoctor__asciidoctor-maven-plugin\asciidoctor-maven-plugin\src\main\java\org\asciidoctor\maven\AsciidoctorMojo.java,252
JDK:java.base,N/A,false,MethodCallExpr,java.io.File,exists,C:\Users\tyin363\Documents\repos\asciidoctor__asciidoctor-maven-plugin\asciidoctor-maven-plugin\src\main\java\org\asciidoctor\maven\process\SourceDirectoryFinder.java,38
io.netty:netty-codec-http,4.2.3.Final,false,FieldAccessExpr,io.netty.handler.codec.http.HttpResponseStatus,NOT_FOUND,C:\Users\tyin363\Documents\repos\asciidoctor__asciidoctor-maven-plugin\asciidoctor-maven-plugin\src\main\java\org\asciidoctor\maven\http\AsciidoctorHandler.java,54
JDK:java.base,N/A,false,ClassOrInterfaceType,java.io.File,File,C:\Users\tyin363\Documents\repos\asciidoctor__asciidoctor-maven-plugin\asciidoctor-maven-plugin\src\main\java\org\asciidoctor\maven\refresh\ResourceCopyFileAlterationListenerAdaptor.java,113
CLIENT:client-code,N/A,false,FieldAccessExpr,org.asciidoctor.maven.AsciidoctorMaven,PREFIX,C:\Users\tyin363\Documents\repos\asciidoctor__asciidoctor-maven-plugin\asciidoctor-maven-plugin\src\main\java\org\asciidoctor\maven\AsciidoctorMojo.java,50
org.asciidoctor:asciidoctorj-api,3.0.0,true,MethodCallExpr,org.asciidoctor.OptionsBuilder,docType,C:\Users\tyin363\Documents\repos\asciidoctor__asciidoctor-maven-plugin\asciidoctor-maven-plugin\src\main\java\org\asciidoctor\maven\AsciidoctorOptionsFactory.java,86
CLIENT:client-code,N/A,false,FieldAccessExpr,org.asciidoctor.maven.AsciidoctorMaven,PREFIX,C:\Users\tyin363\Documents\repos\asciidoctor__asciidoctor-maven-plugin\asciidoctor-maven-plugin\src\main\java\org\asciidoctor\maven\AsciidoctorMojo.java,116
JDK:java.base,N/A,false,MethodCallExpr,java.io.File,getAbsolutePath,C:\Users\tyin363\Documents\repos\asciidoctor__asciidoctor-maven-plugin\asciidoctor-maven-plugin\src\main\java\org\asciidoctor\maven\refresh\AsciidoctorConverterFileAlterationListenerAdaptor.java,23
org.asciidoctor:asciidoctorj-api,3.0.0,true,ClassOrInterfaceType,org.asciidoctor.extension.BlockProcessor,BlockProcessor,C:\Users\tyin363\Documents\repos\asciidoctor__asciidoctor-maven-plugin\asciidoctor-maven-plugin\src\main\java\org\asciidoctor\maven\extensions\AsciidoctorJExtensionRegistry.java,58
JDK:java.base,N/A,false,ClassOrInterfaceType,java.lang.Class,Class,C:\Users\tyin363\Documents\repos\asciidoctor__asciidoctor-maven-plugin\asciidoctor-maven-plugin\src\main\java\org\asciidoctor\maven\extensions\AsciidoctorJExtensionRegistry.java,62
commons-io:commons-io,2.20.0,false,MethodCallExpr,org.apache.commons.io.filefilter.FileFilterUtils,or,C:\Users\tyin363\Documents\repos\asciidoctor__asciidoctor-maven-plugin\asciidoctor-maven-plugin\src\main\java\org\asciidoctor\maven\AsciidoctorRefreshMojo.java,157
JDK:java.base,N/A,false,MethodCallExpr,java.io.File,toPath,C:\Users\tyin363\Documents\repos\asciidoctor__asciidoctor-maven-plugin\asciidoctor-maven-plugin\src\main\java\org\asciidoctor\maven\process\CopyResourcesProcessor.java,167
JDK:java.base,N/A,false,MethodCallExpr,java.util.List,isEmpty,C:\Users\tyin363\Documents\repos\asciidoctor__asciidoctor-maven-plugin\asciidoctor-maven-plugin\src\main\java\org\asciidoctor\maven\refresh\ResourceCopyFileAlterationListenerAdaptor.java,82
JDK:java.base,N/A,false,ClassOrInterfaceType,java.lang.String,String,C:\Users\tyin363\Documents\repos\asciidoctor__asciidoctor-maven-plugin\asciidoctor-maven-plugin\src\main\java\org\asciidoctor\maven\AsciidoctorRefreshMojo.java,43
JDK:java.base,N/A,false,ClassOrInterfaceType,java.lang.String,String,C:\Users\tyin363\Documents\repos\asciidoctor__asciidoctor-maven-plugin\asciidoctor-maven-plugin\src\main\java\org\asciidoctor\maven\AsciidoctorMojo.java,111
JDK:java.base,N/A,false,ClassOrInterfaceType,java.nio.file.Path,Path,C:\Users\tyin363\Documents\repos\asciidoctor__asciidoctor-maven-plugin\asciidoctor-maven-plugin\src\main\java\org\asciidoctor\maven\AsciidoctorMojo.java,350
CLIENT:client-code,N/A,false,FieldAccessExpr,org.asciidoctor.maven.AsciidoctorMojo,eruby,C:\Users\tyin363\Documents\repos\asciidoctor__asciidoctor-maven-plugin\asciidoctor-maven-plugin\src\main\java\org\asciidoctor\maven\AsciidoctorMojo.java,460
org.asciidoctor:asciidoctorj-api,3.0.0,true,MethodCallExpr,org.asciidoctor.OptionsBuilder,option,C:\Users\tyin363\Documents\repos\asciidoctor__asciidoctor-maven-plugin\asciidoctor-maven-plugin\src\main\java\org\asciidoctor\maven\AsciidoctorOptionsFactory.java,83
JDK:java.base,N/A,false,ClassOrInterfaceType,java.util.List,List,C:\Users\tyin363\Documents\repos\asciidoctor__asciidoctor-maven-plugin\asciidoctor-maven-plugin\src\main\java\org\asciidoctor\maven\process\CopyResourcesProcessor.java,66
JDK:java.base,N/A,false,MethodCallExpr,java.util.List,add,C:\Users\tyin363\Documents\repos\asciidoctor__asciidoctor-maven-plugin\asciidoctor-maven-plugin\src\main\java\org\asciidoctor\maven\process\CopyResourcesProcessor.java,87
io.netty:netty-codec-http,4.2.3.Final,false,FieldAccessExpr,io.netty.handler.codec.http.HttpVersion,HTTP_1_1,C:\Users\tyin363\Documents\repos\asciidoctor__asciidoctor-maven-plugin\asciidoctor-maven-plugin\src\main\java\org\asciidoctor\maven\http\AsciidoctorHandler.java,62
JDK:java.base,N/A,false,ClassOrInterfaceType,java.io.File,File,C:\Users\tyin363\Documents\repos\asciidoctor__asciidoctor-maven-plugin\asciidoctor-maven-plugin\src\main\java\org\asciidoctor\maven\refresh\ResourceCopyFileAlterationListenerAdaptor.java,114
io.netty:netty-codec-http,4.2.3.Final,false,MethodCallExpr,io.netty.handler.codec.http.HttpRequest,method,C:\Users\tyin363\Documents\repos\asciidoctor__asciidoctor-maven-plugin\asciidoctor-maven-plugin\src\main\java\org\asciidoctor\maven\http\AsciidoctorHandler.java,45
CLIENT:client-code,N/A,false,FieldAccessExpr,org.asciidoctor.maven.http.AsciidoctorHttpServer,defaultPage,C:\Users\tyin363\Documents\repos\asciidoctor__asciidoctor-maven-plugin\asciidoctor-maven-plugin\src\main\java\org\asciidoctor\maven\http\AsciidoctorHttpServer.java,50
org.codehaus.plexus:plexus-utils,3.5.1,true,MethodCallExpr,org.codehaus.plexus.util.DirectoryScanner,getBasedir,C:\Users\tyin363\Documents\repos\asciidoctor__asciidoctor-maven-plugin\asciidoctor-maven-plugin\src\main\java\org\asciidoctor\maven\process\CopyResourcesProcessor.java,154
CLIENT:client-code,N/A,false,FieldAccessExpr,org.asciidoctor.maven.refresh.AbstractFileAlterationListenerAdaptor,mojo,C:\Users\tyin363\Documents\repos\asciidoctor__asciidoctor-maven-plugin\asciidoctor-maven-plugin\src\main\java\org\asciidoctor\maven\refresh\AbstractFileAlterationListenerAdaptor.java,16
commons-io:commons-io,2.20.0,false,ClassOrInterfaceType,org.apache.commons.io.monitor.FileAlterationObserver,FileAlterationObserver,C:\Users\tyin363\Documents\repos\asciidoctor__asciidoctor-maven-plugin\asciidoctor-maven-plugin\src\main\java\org\asciidoctor\maven\AsciidoctorRefreshMojo.java,137
CLIENT:client-code,N/A,false,ClassOrInterfaceType,org.asciidoctor.maven.refresh.AbstractFileAlterationListenerAdaptor,AbstractFileAlterationListenerAdaptor,C:\Users\tyin363\Documents\repos\asciidoctor__asciidoctor-maven-plugin\asciidoctor-maven-plugin\src\main\java\org\asciidoctor\maven\refresh\AsciidoctorConverterFileAlterationListenerAdaptor.java,11
org.apache.maven:maven-plugin-api,3.9.9,true,ClassOrInterfaceType,org.apache.maven.plugin.MojoExecutionException,MojoExecutionException,C:\Users\tyin363\Documents\repos\asciidoctor__asciidoctor-maven-plugin\asciidoctor-maven-plugin\src\main\java\org\asciidoctor\maven\AsciidoctorJFactory.java,23
commons-io:commons-io,2.20.0,false,ObjectCreationExpr,org.apache.commons.io.monitor.FileAlterationObserver,FileAlterationObserver,C:\Users\tyin363\Documents\repos\asciidoctor__asciidoctor-maven-plugin\asciidoctor-maven-plugin\src\main\java\org\asciidoctor\maven\AsciidoctorRefreshMojo.java,137
JDK:java.base,N/A,false,MethodCallExpr,java.util.stream.Stream,forEach,C:\Users\tyin363\Documents\repos\asciidoctor__asciidoctor-maven-plugin\asciidoctor-maven-plugin\src\main\java\org\asciidoctor\maven\process\CopyResourcesProcessor.java,127
JDK:java.base,N/A,false,MethodCallExpr,java.util.List,add,C:\Users\tyin363\Documents\repos\asciidoctor__asciidoctor-maven-plugin\asciidoctor-maven-plugin\src\main\java\org\asciidoctor\maven\process\CopyResourcesProcessor.java,90
org.apache.maven:maven-plugin-api,3.9.9,true,MethodCallExpr,org.apache.maven.plugin.AbstractMojo,getLog,C:\Users\tyin363\Documents\repos\asciidoctor__asciidoctor-maven-plugin\asciidoctor-maven-plugin\src\main\java\org\asciidoctor\maven\AsciidoctorMojo.java,201
org.apache.maven:maven-plugin-api,3.9.9,true,MethodCallExpr,org.apache.maven.plugin.AbstractMojo,getLog,C:\Users\tyin363\Documents\repos\asciidoctor__asciidoctor-maven-plugin\asciidoctor-maven-plugin\src\main\java\org\asciidoctor\maven\AsciidoctorZipMojo.java,61
org.asciidoctor:asciidoctorj-api,3.0.0,true,ClassOrInterfaceType,org.asciidoctor.Asciidoctor,Asciidoctor,C:\Users\tyin363\Documents\repos\asciidoctor__asciidoctor-maven-plugin\asciidoctor-maven-plugin\src\main\java\org\asciidoctor\maven\extensions\AsciidoctorJExtensionRegistry.java,29
JDK:java.base,N/A,false,ObjectCreationExpr,java.io.File,File,C:\Users\tyin363\Documents\repos\asciidoctor__asciidoctor-maven-plugin\asciidoctor-maven-plugin\src\main\java\org\asciidoctor\maven\process\CopyResourcesProcessor.java,154
CLIENT:client-code,N/A,false,FieldAccessExpr,org.asciidoctor.maven.process.SourceDirectoryFinder,initialCandidate,C:\Users\tyin363\Documents\repos\asciidoctor__asciidoctor-maven-plugin\asciidoctor-maven-plugin\src\main\java\org\asciidoctor\maven\process\SourceDirectoryFinder.java,29
JDK:java.base,N/A,false,ClassOrInterfaceType,java.io.File,File,C:\Users\tyin363\Documents\repos\asciidoctor__asciidoctor-maven-plugin\asciidoctor-maven-plugin\src\main\java\org\asciidoctor\maven\refresh\ResourceCopyFileAlterationListenerAdaptor.java,53
CLIENT:client-code,N/A,false,MethodCallExpr,org.asciidoctor.maven.AsciidoctorMojo,findSourceDirectory,C:\Users\tyin363\Documents\repos\asciidoctor__asciidoctor-maven-plugin\asciidoctor-maven-plugin\src\main\java\org\asciidoctor\maven\AsciidoctorMojo.java,186
JDK:java.base,N/A,false,MethodCallExpr,java.lang.System,nanoTime,C:\Users\tyin363\Documents\repos\asciidoctor__asciidoctor-maven-plugin\asciidoctor-maven-plugin\src\main\java\org\asciidoctor\maven\refresh\TimeCounter.java,10
JDK:java.base,N/A,false,MethodCallExpr,java.util.List,get,C:\Users\tyin363\Documents\repos\asciidoctor__asciidoctor-maven-plugin\asciidoctor-maven-plugin\src\main\java\org\asciidoctor\maven\AsciidoctorMojo.java,245
JDK:java.base,N/A,false,ClassOrInterfaceType,java.io.File,File,C:\Users\tyin363\Documents\repos\asciidoctor__asciidoctor-maven-plugin\asciidoctor-maven-plugin\src\main\java\org\asciidoctor\maven\io\Zips.java,32
JDK:java.base,N/A,false,ClassOrInterfaceType,java.lang.IllegalArgumentException,IllegalArgumentException,C:\Users\tyin363\Documents\repos\asciidoctor__asciidoctor-maven-plugin\asciidoctor-maven-plugin\src\main\java\org\asciidoctor\maven\io\Zips.java,14
JDK:java.base,N/A,false,MethodCallExpr,java.lang.Thread,setPriority,C:\Users\tyin363\Documents\repos\asciidoctor__asciidoctor-maven-plugin\asciidoctor-maven-plugin\src\main\java\org\asciidoctor\maven\http\AsciidoctorHttpServer.java,63
CLIENT:client-code,N/A,false,ClassOrInterfaceType,org.asciidoctor.maven.AsciidoctorRefreshMojo,AsciidoctorRefreshMojo,C:\Users\tyin363\Documents\repos\asciidoctor__asciidoctor-maven-plugin\asciidoctor-maven-plugin\src\main\java\org\asciidoctor\maven\refresh\AdditionalSourceFileAlterationListenerAdaptor.java,16
CLIENT:client-code,N/A,false,FieldAccessExpr,org.asciidoctor.maven.AsciidoctorMojo,backend,C:\Users\tyin363\Documents\repos\asciidoctor__asciidoctor-maven-plugin\asciidoctor-maven-plugin\src\main\java\org\asciidoctor\maven\AsciidoctorMojo.java,412
JDK:java.base,N/A,false,ClassOrInterfaceType,java.lang.String,String,C:\Users\tyin363\Documents\repos\asciidoctor__asciidoctor-maven-plugin\asciidoctor-maven-plugin\src\main\java\org\asciidoctor\maven\AsciidoctorMojo.java,435
JDK:java.base,N/A,false,ClassOrInterfaceType,java.nio.file.Path,Path,C:\Users\tyin363\Documents\repos\asciidoctor__asciidoctor-maven-plugin\asciidoctor-maven-plugin\src\main\java\org\asciidoctor\maven\process\SourceDocumentFinder.java,68
JDK:java.base,N/A,false,ObjectCreationExpr,java.io.File,File,C:\Users\tyin363\Documents\repos\asciidoctor__asciidoctor-maven-plugin\asciidoctor-maven-plugin\src\main\java\org\asciidoctor\maven\refresh\ResourceCopyFileAlterationListenerAdaptor.java,115
JDK:java.base,N/A,false,ClassOrInterfaceType,java.nio.file.Path,Path,C:\Users\tyin363\Documents\repos\asciidoctor__asciidoctor-maven-plugin\asciidoctor-maven-plugin\src\main\java\org\asciidoctor\maven\process\CopyResourcesProcessor.java,169
JDK:java.base,N/A,false,MethodCallExpr,java.util.stream.Collectors,joining,C:\Users\tyin363\Documents\repos\asciidoctor__asciidoctor-maven-plugin\asciidoctor-maven-plugin\src\main\java\org\asciidoctor\maven\refresh\ResourcesPatternBuilder.java,37
org.asciidoctor:asciidoctorj-api,3.0.0,true,ClassOrInterfaceType,org.asciidoctor.extension.BlockProcessor,BlockProcessor,C:\Users\tyin363\Documents\repos\asciidoctor__asciidoctor-maven-plugin\asciidoctor-maven-plugin\src\main\java\org\asciidoctor\maven\extensions\AsciidoctorJExtensionRegistry.java,60
org.asciidoctor:asciidoctorj-api,3.0.0,true,MethodCallExpr,org.asciidoctor.OptionsBuilder,build,C:\Users\tyin363\Documents\repos\asciidoctor__asciidoctor-maven-plugin\asciidoctor-maven-plugin\src\main\java\org\asciidoctor\maven\AsciidoctorMojo.java,320
JDK:java.base,N/A,false,MethodCallExpr,java.io.File,exists,C:\Users\tyin363\Documents\repos\asciidoctor__asciidoctor-maven-plugin\asciidoctor-maven-plugin\src\main\java\org\asciidoctor\maven\http\AsciidoctorHandler.java,52
org.apache.maven:maven-plugin-api,3.9.9,true,ClassOrInterfaceType,org.apache.maven.plugin.logging.Log,Log,C:\Users\tyin363\Documents\repos\asciidoctor__asciidoctor-maven-plugin\asciidoctor-maven-plugin\src\main\java\org\asciidoctor\maven\AsciidoctorOptionsFactory.java,37
io.netty:netty-transport,4.2.3.Final,true,MethodCallExpr,io.netty.bootstrap.AbstractBootstrap,option,C:\Users\tyin363\Documents\repos\asciidoctor__asciidoctor-maven-plugin\asciidoctor-maven-plugin\src\main\java\org\asciidoctor\maven\http\AsciidoctorHttpServer.java,73
JDK:java.base,N/A,false,MethodCallExpr,java.io.File,isDirectory,C:\Users\tyin363\Documents\repos\asciidoctor__asciidoctor-maven-plugin\asciidoctor-maven-plugin\src\main\java\org\asciidoctor\maven\io\Zips.java,31
org.asciidoctor:asciidoctorj-api,3.0.0,true,MethodCallExpr,org.asciidoctor.OptionsBuilder,eruby,C:\Users\tyin363\Documents\repos\asciidoctor__asciidoctor-maven-plugin\asciidoctor-maven-plugin\src\main\java\org\asciidoctor\maven\AsciidoctorOptionsFactory.java,74
JDK:java.base,N/A,false,MethodCallExpr,java.lang.String,substring,C:\Users\tyin363\Documents\repos\asciidoctor__asciidoctor-maven-plugin\asciidoctor-maven-plugin\src\main\java\org\asciidoctor\maven\AsciidoctorMojo.java,313
JDK:java.base,N/A,false,ClassOrInterfaceType,java.lang.Exception,Exception,C:\Users\tyin363\Documents\repos\asciidoctor__asciidoctor-maven-plugin\asciidoctor-maven-plugin\src\main\java\org\asciidoctor\maven\refresh\ResourceCopyFileAlterationListenerAdaptor.java,60
JDK:java.base,N/A,false,MethodCallExpr,java.io.File,toPath,C:\Users\tyin363\Documents\repos\asciidoctor__asciidoctor-maven-plugin\asciidoctor-maven-plugin\src\main\java\org\asciidoctor\maven\AsciidoctorMojo.java,350
JDK:java.base,N/A,false,MethodCallExpr,java.lang.Class,isAssignableFrom,C:\Users\tyin363\Documents\repos\asciidoctor__asciidoctor-maven-plugin\asciidoctor-maven-plugin\src\main\java\org\asciidoctor\maven\extensions\AsciidoctorJExtensionRegistry.java,54
JDK:java.base,N/A,false,ClassOrInterfaceType,java.lang.RuntimeException,RuntimeException,C:\Users\tyin363\Documents\repos\asciidoctor__asciidoctor-maven-plugin\asciidoctor-maven-plugin\src\main\java\org\asciidoctor\maven\process\CopyResourcesProcessor.java,180
io.netty:netty-transport,4.2.3.Final,true,ObjectCreationExpr,io.netty.bootstrap.ServerBootstrap,ServerBootstrap,C:\Users\tyin363\Documents\repos\asciidoctor__asciidoctor-maven-plugin\asciidoctor-maven-plugin\src\main\java\org\asciidoctor\maven\http\AsciidoctorHttpServer.java,72
CLIENT:client-code,N/A,false,ObjectCreationExpr,org.asciidoctor.maven.process.SourceDirectoryFinder,SourceDirectoryFinder,C:\Users\tyin363\Documents\repos\asciidoctor__asciidoctor-maven-plugin\asciidoctor-maven-plugin\src\main\java\org\asciidoctor\maven\AsciidoctorMojo.java,273
JDK:java.base,N/A,false,ClassOrInterfaceType,java.nio.file.Path,Path,C:\Users\tyin363\Documents\repos\asciidoctor__asciidoctor-maven-plugin\asciidoctor-maven-plugin\src\main\java\org\asciidoctor\maven\process\CopyResourcesProcessor.java,168
io.netty:netty-common,4.2.3.Final,true,FieldAccessExpr,io.netty.util.CharsetUtil,UTF_8,C:\Users\tyin363\Documents\repos\asciidoctor__asciidoctor-maven-plugin\asciidoctor-maven-plugin\src\main\java\org\asciidoctor\maven\http\AsciidoctorHandler.java,53
JDK:java.base,N/A,false,MethodCallExpr,java.util.stream.Stream,collect,C:\Users\tyin363\Documents\repos\asciidoctor__asciidoctor-maven-plugin\asciidoctor-maven-plugin\src\main\java\org\asciidoctor\maven\refresh\ResourcesPatternBuilder.java,34
JDK:java.base,N/A,false,MethodCallExpr,java.io.File,getAbsolutePath,C:\Users\tyin363\Documents\repos\asciidoctor__asciidoctor-maven-plugin\asciidoctor-maven-plugin\src\main\java\org\asciidoctor\maven\refresh\ResourceCopyFileAlterationListenerAdaptor.java,61
JDK:java.base,N/A,false,ObjectCreationExpr,java.util.concurrent.atomic.AtomicInteger,AtomicInteger,C:\Users\tyin363\Documents\repos\asciidoctor__asciidoctor-maven-plugin\asciidoctor-maven-plugin\src\main\java\org\asciidoctor\maven\http\AsciidoctorHttpServer.java,59
JDK:java.base,N/A,false,ClassOrInterfaceType,java.io.File,File,C:\Users\tyin363\Documents\repos\asciidoctor__asciidoctor-maven-plugin\asciidoctor-maven-plugin\src\main\java\org\asciidoctor\maven\AsciidoctorMojo.java,336
JDK:java.base,N/A,false,ClassOrInterfaceType,java.io.File,File,C:\Users\tyin363\Documents\repos\asciidoctor__asciidoctor-maven-plugin\asciidoctor-maven-plugin\src\main\java\org\asciidoctor\maven\http\AsciidoctorHandler.java,104
org.asciidoctor:asciidoctorj-api,3.0.0,true,FieldAccessExpr,org.asciidoctor.Options,TO_DIR,C:\Users\tyin363\Documents\repos\asciidoctor__asciidoctor-maven-plugin\asciidoctor-maven-plugin\src\main\java\org\asciidoctor\maven\AsciidoctorMojo.java,320
CLIENT:client-code,N/A,false,MethodCallExpr,org.asciidoctor.maven.AsciidoctorMojo,getSourceDirectory,C:\Users\tyin363\Documents\repos\asciidoctor__asciidoctor-maven-plugin\asciidoctor-maven-plugin\src\main\java\org\asciidoctor\maven\refresh\ResourceCopyFileAlterationListenerAdaptor.java,29
org.apache.maven:maven-plugin-api,3.9.9,true,MethodCallExpr,org.apache.maven.plugin.logging.Log,info,C:\Users\tyin363\Documents\repos\asciidoctor__asciidoctor-maven-plugin\asciidoctor-maven-plugin\src\main\java\org\asciidoctor\maven\refresh\ResourceCopyFileAlterationListenerAdaptor.java,65
org.apache.maven:maven-plugin-api,3.9.9,true,ClassOrInterfaceType,org.apache.maven.plugin.MojoFailureException,MojoFailureException,C:\Users\tyin363\Documents\repos\asciidoctor__asciidoctor-maven-plugin\asciidoctor-maven-plugin\src\main\java\org\asciidoctor\maven\AsciidoctorRefreshMojo.java,53
JDK:java.base,N/A,false,ClassOrInterfaceType,java.lang.String,String,C:\Users\tyin363\Documents\repos\asciidoctor__asciidoctor-maven-plugin\asciidoctor-maven-plugin\src\main\java\org\asciidoctor\maven\process\SourceDirectoryFinder.java,46
JDK:java.base,N/A,false,ClassOrInterfaceType,java.util.concurrent.atomic.AtomicInteger,AtomicInteger,C:\Users\tyin363\Documents\repos\asciidoctor__asciidoctor-maven-plugin\asciidoctor-maven-plugin\src\main\java\org\asciidoctor\maven\http\AsciidoctorHttpServer.java,59
commons-io:commons-io,2.20.0,false,ObjectCreationExpr,org.apache.commons.io.filefilter.RegexFileFilter,RegexFileFilter,C:\Users\tyin363\Documents\repos\asciidoctor__asciidoctor-maven-plugin\asciidoctor-maven-plugin\src\main\java\org\asciidoctor\maven\AsciidoctorRefreshMojo.java,172
CLIENT:client-code,N/A,false,MethodCallExpr,org.asciidoctor.maven.AsciidoctorMojo,isPreserveDirectories,C:\Users\tyin363\Documents\repos\asciidoctor__asciidoctor-maven-plugin\asciidoctor-maven-plugin\src\main\java\org\asciidoctor\maven\AsciidoctorMojo.java,312
io.netty:netty-transport,4.2.3.Final,true,ClassOrInterfaceType,io.netty.channel.ChannelHandlerContext,ChannelHandlerContext,C:\Users\tyin363\Documents\repos\asciidoctor__asciidoctor-maven-plugin\asciidoctor-maven-plugin\src\main\java\org\asciidoctor\maven\http\AsciidoctorHandler.java,43
org.apache.maven:maven-plugin-api,3.9.9,true,ClassOrInterfaceType,org.apache.maven.plugin.logging.Log,Log,C:\Users\tyin363\Documents\repos\asciidoctor__asciidoctor-maven-plugin\asciidoctor-maven-plugin\src\main\java\org\asciidoctor\maven\http\AsciidoctorHttpServer.java,46
org.apache.maven:maven-plugin-api,3.9.9,true,MethodCallExpr,org.apache.maven.plugin.logging.Log,info,C:\Users\tyin363\Documents\repos\asciidoctor__asciidoctor-maven-plugin\asciidoctor-maven-plugin\src\main\java\org\asciidoctor\maven\AsciidoctorMojo.java,188
org.asciidoctor:asciidoctorj-api,3.0.0,true,ClassOrInterfaceType,org.asciidoctor.extension.BlockProcessor,BlockProcessor,C:\Users\tyin363\Documents\repos\asciidoctor__asciidoctor-maven-plugin\asciidoctor-maven-plugin\src\main\java\org\asciidoctor\maven\extensions\AsciidoctorJExtensionRegistry.java,62
JDK:java.base,N/A,false,MethodReferenceExpr,java.nio.file.Path,toFile,C:\Users\tyin363\Documents\repos\asciidoctor__asciidoctor-maven-plugin\asciidoctor-maven-plugin\src\main\java\org\asciidoctor\maven\process\SourceDocumentFinder.java,81
JDK:java.base,N/A,false,ClassOrInterfaceType,java.lang.String,String,C:\Users\tyin363\Documents\repos\asciidoctor__asciidoctor-maven-plugin\asciidoctor-maven-plugin\src\main\java\org\asciidoctor\maven\io\Zips.java,30
JDK:java.base,N/A,false,ClassOrInterfaceType,java.util.List,List,C:\Users\tyin363\Documents\repos\asciidoctor__asciidoctor-maven-plugin\asciidoctor-maven-plugin\src\main\java\org\asciidoctor\maven\refresh\ResourceCopyFileAlterationListenerAdaptor.java,32
org.apache.maven:maven-plugin-api,3.9.9,true,MethodCallExpr,org.apache.maven.plugin.logging.Log,error,C:\Users\tyin363\Documents\repos\asciidoctor__asciidoctor-maven-plugin\asciidoctor-maven-plugin\src\main\java\org\asciidoctor\maven\AsciidoctorRefreshMojo.java,65
CLIENT:client-code,N/A,false,MethodCallExpr,org.asciidoctor.maven.process.SourceDocumentFinder,find,C:\Users\tyin363\Documents\repos\asciidoctor__asciidoctor-maven-plugin\asciidoctor-maven-plugin\src\main\java\org\asciidoctor\maven\process\SourceDocumentFinder.java,51
JDK:java.base,N/A,false,ClassOrInterfaceType,java.io.File,File,C:\Users\tyin363\Documents\repos\asciidoctor__asciidoctor-maven-plugin\asciidoctor-maven-plugin\src\main\java\org\asciidoctor\maven\refresh\ResourceCopyFileAlterationListenerAdaptor.java,51
JDK:java.base,N/A,false,ClassOrInterfaceType,java.io.File,File,C:\Users\tyin363\Documents\repos\asciidoctor__asciidoctor-maven-plugin\asciidoctor-maven-plugin\src\main\java\org\asciidoctor\maven\io\Zips.java,34
CLIENT:client-code,N/A,false,MethodCallExpr,org.asciidoctor.maven.AsciidoctorMojo,getBackend,C:\Users\tyin363\Documents\repos\asciidoctor__asciidoctor-maven-plugin\asciidoctor-maven-plugin\src\main\java\org\asciidoctor\maven\AsciidoctorOptionsFactory.java,68
org.apache.maven:maven-plugin-api,3.9.9,true,ObjectCreationExpr,org.apache.maven.plugin.MojoExecutionException,MojoExecutionException,C:\Users\tyin363\Documents\repos\asciidoctor__asciidoctor-maven-plugin\asciidoctor-maven-plugin\src\main\java\org\asciidoctor\maven\AsciidoctorRefreshMojo.java,100
CLIENT:client-code,N/A,false,MethodCallExpr,org.asciidoctor.maven.AsciidoctorMojo,findSourceDirectory,C:\Users\tyin363\Documents\repos\asciidoctor__asciidoctor-maven-plugin\asciidoctor-maven-plugin\src\main\java\org\asciidoctor\maven\refresh\ResourceCopyFileAlterationListenerAdaptor.java,29
org.apache.maven:maven-plugin-api,3.9.9,true,ObjectCreationExpr,org.apache.maven.plugin.MojoExecutionException,MojoExecutionException,C:\Users\tyin363\Documents\repos\asciidoctor__asciidoctor-maven-plugin\asciidoctor-maven-plugin\src\main\java\org\asciidoctor\maven\AsciidoctorMojo.java,226
JDK:java.base,N/A,false,ClassOrInterfaceType,java.io.File,File,C:\Users\tyin363\Documents\repos\asciidoctor__asciidoctor-maven-plugin\asciidoctor-maven-plugin\src\main\java\org\asciidoctor\maven\AsciidoctorMojo.java,273
CLIENT:client-code,N/A,false,MethodCallExpr,org.asciidoctor.maven.AsciidoctorMojo,getResources,C:\Users\tyin363\Documents\repos\asciidoctor__asciidoctor-maven-plugin\asciidoctor-maven-plugin\src\main\java\org\asciidoctor\maven\process\CopyResourcesProcessor.java,78
JDK:java.base,N/A,false,MethodCallExpr,java.lang.Class,isAssignableFrom,C:\Users\tyin363\Documents\repos\asciidoctor__asciidoctor-maven-plugin\asciidoctor-maven-plugin\src\main\java\org\asciidoctor\maven\extensions\AsciidoctorJExtensionRegistry.java,56
JDK:java.base,N/A,false,ClassOrInterfaceType,java.io.File,File,C:\Users\tyin363\Documents\repos\asciidoctor__asciidoctor-maven-plugin\asciidoctor-maven-plugin\src\main\java\org\asciidoctor\maven\AsciidoctorMojo.java,404
CLIENT:client-code,N/A,false,MethodCallExpr,org.asciidoctor.maven.http.AsciidoctorHandler,addRefreshing,C:\Users\tyin363\Documents\repos\asciidoctor__asciidoctor-maven-plugin\asciidoctor-maven-plugin\src\main\java\org\asciidoctor\maven\http\AsciidoctorHandler.java,77
CLIENT:client-code,N/A,false,MethodCallExpr,org.asciidoctor.maven.refresh.TimeCounter,timed,C:\Users\tyin363\Documents\repos\asciidoctor__asciidoctor-maven-plugin\asciidoctor-maven-plugin\src\main\java\org\asciidoctor\maven\refresh\AdditionalSourceFileAlterationListenerAdaptor.java,24
CLIENT:client-code,N/A,false,MethodCallExpr,org.asciidoctor.maven.refresh.ResourceCopyFileAlterationListenerAdaptor,containsRecursiveIncludes,C:\Users\tyin363\Documents\repos\asciidoctor__asciidoctor-maven-plugin\asciidoctor-maven-plugin\src\main\java\org\asciidoctor\maven\refresh\ResourceCopyFileAlterationListenerAdaptor.java,91
org.apache.maven:maven-plugin-api,3.9.9,true,ClassOrInterfaceType,org.apache.maven.plugin.MojoFailureException,MojoFailureException,C:\Users\tyin363\Documents\repos\asciidoctor__asciidoctor-maven-plugin\asciidoctor-maven-plugin\src\main\java\org\asciidoctor\maven\AsciidoctorHttpMojo.java,30
CLIENT:client-code,N/A,false,FieldAccessExpr,org.asciidoctor.maven.AsciidoctorMaven,PREFIX,C:\Users\tyin363\Documents\repos\asciidoctor__asciidoctor-maven-plugin\asciidoctor-maven-plugin\src\main\java\org\asciidoctor\maven\AsciidoctorMojo.java,47
JDK:java.base,N/A,false,ClassOrInterfaceType,java.lang.Class,Class,C:\Users\tyin363\Documents\repos\asciidoctor__asciidoctor-maven-plugin\asciidoctor-maven-plugin\src\main\java\org\asciidoctor\maven\extensions\AsciidoctorJExtensionRegistry.java,65
CLIENT:client-code,N/A,false,MethodCallExpr,org.asciidoctor.maven.io.Zips,zip,C:\Users\tyin363\Documents\repos\asciidoctor__asciidoctor-maven-plugin\asciidoctor-maven-plugin\src\main\java\org\asciidoctor\maven\io\Zips.java,35
CLIENT:client-code,N/A,false,FieldAccessExpr,org.asciidoctor.maven.AsciidoctorMaven,PREFIX,C:\Users\tyin363\Documents\repos\asciidoctor__asciidoctor-maven-plugin\asciidoctor-maven-plugin\src\main\java\org\asciidoctor\maven\AsciidoctorMojo.java,113
JDK:java.base,N/A,false,MethodCallExpr,java.lang.String,startsWith,C:\Users\tyin363\Documents\repos\asciidoctor__asciidoctor-maven-plugin\asciidoctor-maven-plugin\src\main\java\org\asciidoctor\maven\AsciidoctorMojo.java,285
CLIENT:client-code,N/A,false,ClassOrInterfaceType,org.asciidoctor.maven.process.ResourcesProcessor,ResourcesProcessor,C:\Users\tyin363\Documents\repos\asciidoctor__asciidoctor-maven-plugin\asciidoctor-maven-plugin\src\main\java\org\asciidoctor\maven\AsciidoctorMojo.java,165
org.apache.maven:maven-plugin-api,3.9.9,true,ClassOrInterfaceType,org.apache.maven.plugin.MojoExecutionException,MojoExecutionException,C:\Users\tyin363\Documents\repos\asciidoctor__asciidoctor-maven-plugin\asciidoctor-maven-plugin\src\main\java\org\asciidoctor\maven\AsciidoctorMojo.java,262
JDK:java.base,N/A,false,ClassOrInterfaceType,java.io.File,File,C:\Users\tyin363\Documents\repos\asciidoctor__asciidoctor-maven-plugin\asciidoctor-maven-plugin\src\main\java\org\asciidoctor\maven\AsciidoctorMojo.java,272
CLIENT:client-code,N/A,false,MethodCallExpr,org.asciidoctor.maven.AsciidoctorMojo,getResources,C:\Users\tyin363\Documents\repos\asciidoctor__asciidoctor-maven-plugin\asciidoctor-maven-plugin\src\main\java\org\asciidoctor\maven\process\CopyResourcesProcessor.java,79
CLIENT:client-code,N/A,false,MethodCallExpr,org.asciidoctor.maven.AsciidoctorMojo,getBaseDir,C:\Users\tyin363\Documents\repos\asciidoctor__asciidoctor-maven-plugin\asciidoctor-maven-plugin\src\main\java\org\asciidoctor\maven\refresh\ResourceCopyFileAlterationListenerAdaptor.java,29
JDK:java.base,N/A,false,MethodCallExpr,java.io.File,exists,C:\Users\tyin363\Documents\repos\asciidoctor__asciidoctor-maven-plugin\asciidoctor-maven-plugin\src\main\java\org\asciidoctor\maven\process\SourceDirectoryFinder.java,48
JDK:java.base,N/A,false,ClassOrInterfaceType,java.lang.Object,Object,C:\Users\tyin363\Documents\repos\asciidoctor__asciidoctor-maven-plugin\asciidoctor-maven-plugin\src\main\java\org\asciidoctor\maven\AsciidoctorMojo.java,81
CLIENT:client-code,N/A,false,MethodCallExpr,org.asciidoctor.maven.refresh.AbstractFileAlterationListenerAdaptor,getLog,C:\Users\tyin363\Documents\repos\asciidoctor__asciidoctor-maven-plugin\asciidoctor-maven-plugin\src\main\java\org\asciidoctor\maven\refresh\AsciidoctorConverterFileAlterationListenerAdaptor.java,31
org.asciidoctor:asciidoctorj-api,3.0.0,true,MethodCallExpr,org.asciidoctor.OptionsBuilder,templateDirs,C:\Users\tyin363\Documents\repos\asciidoctor__asciidoctor-maven-plugin\asciidoctor-maven-plugin\src\main\java\org\asciidoctor\maven\AsciidoctorOptionsFactory.java,92
JDK:java.base,N/A,false,ClassOrInterfaceType,java.lang.String,String,C:\Users\tyin363\Documents\repos\asciidoctor__asciidoctor-maven-plugin\asciidoctor-maven-plugin\src\main\java\org\asciidoctor\maven\http\AsciidoctorHandler.java,27
CLIENT:client-code,N/A,false,ClassOrInterfaceType,org.asciidoctor.maven.AsciidoctorMojo,AsciidoctorMojo,C:\Users\tyin363\Documents\repos\asciidoctor__asciidoctor-maven-plugin\asciidoctor-maven-plugin\src\main\java\org\asciidoctor\maven\AsciidoctorOptionsFactory.java,65
org.codehaus.plexus:plexus-utils,3.5.1,true,MethodCallExpr,org.codehaus.plexus.util.DirectoryScanner,setFollowSymlinks,C:\Users\tyin363\Documents\repos\asciidoctor__asciidoctor-maven-plugin\asciidoctor-maven-plugin\src\main\java\org\asciidoctor\maven\process\CopyResourcesProcessor.java,150
CLIENT:client-code,N/A,false,ClassOrInterfaceType,org.asciidoctor.maven.refresh.AbstractFileAlterationListenerAdaptor,AbstractFileAlterationListenerAdaptor,C:\Users\tyin363\Documents\repos\asciidoctor__asciidoctor-maven-plugin\asciidoctor-maven-plugin\src\main\java\org\asciidoctor\maven\refresh\ResourceCopyFileAlterationListenerAdaptor.java,17
JDK:java.base,N/A,false,MethodCallExpr,java.util.Collections,singletonList,C:\Users\tyin363\Documents\repos\asciidoctor__asciidoctor-maven-plugin\asciidoctor-maven-plugin\src\main\java\org\asciidoctor\maven\refresh\AsciidoctorConverterFileAlterationListenerAdaptor.java,26
org.apache.maven:maven-plugin-api,3.9.9,true,MethodCallExpr,org.apache.maven.plugin.logging.Log,error,C:\Users\tyin363\Documents\repos\asciidoctor__asciidoctor-maven-plugin\asciidoctor-maven-plugin\src\main\java\org\asciidoctor\maven\AsciidoctorZipMojo.java,53
org.asciidoctor:asciidoctorj-api,3.0.0,true,MethodCallExpr,org.asciidoctor.extension.JavaExtensionRegistry,blockMacro,C:\Users\tyin363\Documents\repos\asciidoctor__asciidoctor-maven-plugin\asciidoctor-maven-plugin\src\main\java\org\asciidoctor\maven\extensions\AsciidoctorJExtensionRegistry.java,68
JDK:java.base,N/A,false,ClassOrInterfaceType,java.io.File,File,C:\Users\tyin363\Documents\repos\asciidoctor__asciidoctor-maven-plugin\asciidoctor-maven-plugin\src\main\java\org\asciidoctor\maven\process\CopyResourcesProcessor.java,130
CLIENT:client-code,N/A,false,MethodCallExpr,org.asciidoctor.maven.model.Resource,getDirectory,C:\Users\tyin363\Documents\repos\asciidoctor__asciidoctor-maven-plugin\asciidoctor-maven-plugin\src\main\java\org\asciidoctor\maven\refresh\ResourceCopyFileAlterationListenerAdaptor.java,115
CLIENT:client-code,N/A,false,FieldAccessExpr,org.asciidoctor.maven.AsciidoctorMojo,preserveDirectories,C:\Users\tyin363\Documents\repos\asciidoctor__asciidoctor-maven-plugin\asciidoctor-maven-plugin\src\main\java\org\asciidoctor\maven\AsciidoctorMojo.java,512
JDK:java.base,N/A,false,ClassOrInterfaceType,java.util.regex.Pattern,Pattern,C:\Users\tyin363\Documents\repos\asciidoctor__asciidoctor-maven-plugin\asciidoctor-maven-plugin\src\main\java\org\asciidoctor\maven\process\SourceDocumentFinder.java,67
JDK:java.base,N/A,false,MethodCallExpr,java.lang.String,replaceAll,C:\Users\tyin363\Documents\repos\asciidoctor__asciidoctor-maven-plugin\asciidoctor-maven-plugin\src\main\java\org\asciidoctor\maven\refresh\ResourceCopyFileAlterationListenerAdaptor.java,115
JDK:java.base,N/A,false,ClassOrInterfaceType,java.lang.String,String,C:\Users\tyin363\Documents\repos\asciidoctor__asciidoctor-maven-plugin\asciidoctor-maven-plugin\src\main\java\org\asciidoctor\maven\AsciidoctorMojo.java,563
commons-io:commons-io,2.20.0,false,ObjectCreationExpr,org.apache.commons.io.monitor.FileAlterationMonitor,FileAlterationMonitor,C:\Users\tyin363\Documents\repos\asciidoctor__asciidoctor-maven-plugin\asciidoctor-maven-plugin\src\main\java\org\asciidoctor\maven\AsciidoctorRefreshMojo.java,116
JDK:java.base,N/A,false,ClassOrInterfaceType,java.lang.String,String,C:\Users\tyin363\Documents\repos\asciidoctor__asciidoctor-maven-plugin\asciidoctor-maven-plugin\src\main\java\org\asciidoctor\maven\process\CopyResourcesProcessor.java,104
io.netty:netty-transport,4.2.3.Final,true,ClassOrInterfaceType,io.netty.channel.SimpleChannelInboundHandler,SimpleChannelInboundHandler,C:\Users\tyin363\Documents\repos\asciidoctor__asciidoctor-maven-plugin\asciidoctor-maven-plugin\src\main\java\org\asciidoctor\maven\http\AsciidoctorHandler.java,24
JDK:java.base,N/A,false,ClassOrInterfaceType,java.io.File,File,C:\Users\tyin363\Documents\repos\asciidoctor__asciidoctor-maven-plugin\asciidoctor-maven-plugin\src\main\java\org\asciidoctor\maven\http\AsciidoctorHttpServer.java,46
io.netty:netty-transport,4.2.3.Final,true,MethodCallExpr,io.netty.channel.ChannelPipeline,addLast,C:\Users\tyin363\Documents\repos\asciidoctor__asciidoctor-maven-plugin\asciidoctor-maven-plugin\src\main\java\org\asciidoctor\maven\http\AsciidoctorHttpServer.java,82
JDK:java.base,N/A,false,MethodCallExpr,java.lang.Runnable,run,C:\Users\tyin363\Documents\repos\asciidoctor__asciidoctor-maven-plugin\asciidoctor-maven-plugin\src\main\java\org\asciidoctor\maven\refresh\AbstractFileAlterationListenerAdaptor.java,30
commons-io:commons-io,2.20.0,false,MethodCallExpr,org.apache.commons.io.monitor.FileAlterationMonitor,addObserver,C:\Users\tyin363\Documents\repos\asciidoctor__asciidoctor-maven-plugin\asciidoctor-maven-plugin\src\main\java\org\asciidoctor\maven\AsciidoctorRefreshMojo.java,141
org.asciidoctor:asciidoctorj-api,3.0.0,true,ClassOrInterfaceType,org.asciidoctor.extension.Treeprocessor,Treeprocessor,C:\Users\tyin363\Documents\repos\asciidoctor__asciidoctor-maven-plugin\asciidoctor-maven-plugin\src\main\java\org\asciidoctor\maven\extensions\AsciidoctorJExtensionRegistry.java,57
JDK:java.base,N/A,false,MethodCallExpr,java.lang.Thread,isDaemon,C:\Users\tyin363\Documents\repos\asciidoctor__asciidoctor-maven-plugin\asciidoctor-maven-plugin\src\main\java\org\asciidoctor\maven\http\AsciidoctorHttpServer.java,65
CLIENT:client-code,N/A,false,FieldAccessExpr,org.asciidoctor.maven.AsciidoctorMaven,PREFIX,C:\Users\tyin363\Documents\repos\asciidoctor__asciidoctor-maven-plugin\asciidoctor-maven-plugin\src\main\java\org\asciidoctor\maven\AsciidoctorMojo.java,110
JDK:java.base,N/A,false,ClassOrInterfaceType,java.lang.String,String,C:\Users\tyin363\Documents\repos\asciidoctor__asciidoctor-maven-plugin\asciidoctor-maven-plugin\src\main\java\org\asciidoctor\maven\AsciidoctorMojo.java,431
JDK:java.base,N/A,false,ClassOrInterfaceType,java.io.File,File,C:\Users\tyin363\Documents\repos\asciidoctor__asciidoctor-maven-plugin\asciidoctor-maven-plugin\src\main\java\org\asciidoctor\maven\process\SourceDirectoryFinder.java,61
JDK:java.base,N/A,false,ClassOrInterfaceType,java.lang.String,String,C:\Users\tyin363\Documents\repos\asciidoctor__asciidoctor-maven-plugin\asciidoctor-maven-plugin\src\main\java\org\asciidoctor\maven\extensions\ExtensionConfiguration.java,28
JDK:java.base,N/A,false,ClassOrInterfaceType,java.io.File,File,C:\Users\tyin363\Documents\repos\asciidoctor__asciidoctor-maven-plugin\asciidoctor-maven-plugin\src\main\java\org\asciidoctor\maven\process\SourceDirectoryFinder.java,62
org.apache.maven:maven-plugin-api,3.9.9,true,MethodCallExpr,org.apache.maven.plugin.logging.Log,info,C:\Users\tyin363\Documents\repos\asciidoctor__asciidoctor-maven-plugin\asciidoctor-maven-plugin\src\main\java\org\asciidoctor\maven\refresh\AsciidoctorConverterFileAlterationListenerAdaptor.java,31
JDK:java.base,N/A,false,FieldAccessExpr,java.io.File,separatorChar,C:\Users\tyin363\Documents\repos\asciidoctor__asciidoctor-maven-plugin\asciidoctor-maven-plugin\src\main\java\org\asciidoctor\maven\AsciidoctorJFactory.java,31
JDK:java.base,N/A,false,ClassOrInterfaceType,java.io.File,File,C:\Users\tyin363\Documents\repos\asciidoctor__asciidoctor-maven-plugin\asciidoctor-maven-plugin\src\main\java\org\asciidoctor\maven\process\CopyResourcesProcessor.java,129
JDK:java.base,N/A,false,ClassOrInterfaceType,java.lang.NoSuchMethodException,NoSuchMethodException,C:\Users\tyin363\Documents\repos\asciidoctor__asciidoctor-maven-plugin\asciidoctor-maven-plugin\src\main\java\org\asciidoctor\maven\AsciidoctorJFactory.java,39
JDK:java.base,N/A,false,ClassOrInterfaceType,java.util.List,List,C:\Users\tyin363\Documents\repos\asciidoctor__asciidoctor-maven-plugin\asciidoctor-maven-plugin\src\main\java\org\asciidoctor\maven\AsciidoctorMojo.java,519
JDK:java.base,N/A,false,ClassOrInterfaceType,java.util.zip.ZipOutputStream,ZipOutputStream,C:\Users\tyin363\Documents\repos\asciidoctor__asciidoctor-maven-plugin\asciidoctor-maven-plugin\src\main\java\org\asciidoctor\maven\io\Zips.java,30
JDK:java.base,N/A,false,ClassOrInterfaceType,java.lang.Class,Class,C:\Users\tyin363\Documents\repos\asciidoctor__asciidoctor-maven-plugin\asciidoctor-maven-plugin\src\main\java\org\asciidoctor\maven\extensions\AsciidoctorJExtensionRegistry.java,68
JDK:java.base,N/A,false,ObjectCreationExpr,java.util.ArrayList,ArrayList,C:\Users\tyin363\Documents\repos\asciidoctor__asciidoctor-maven-plugin\asciidoctor-maven-plugin\src\main\java\org\asciidoctor\maven\model\Resource.java,35
io.netty:netty-codec-http,4.2.3.Final,false,MethodCallExpr,io.netty.handler.codec.http.HttpRequest,uri,C:\Users\tyin363\Documents\repos\asciidoctor__asciidoctor-maven-plugin\asciidoctor-maven-plugin\src\main\java\org\asciidoctor\maven\http\AsciidoctorHandler.java,50
JDK:java.base,N/A,false,MethodCallExpr,java.io.File,toString,C:\Users\tyin363\Documents\repos\asciidoctor__asciidoctor-maven-plugin\asciidoctor-maven-plugin\src\main\java\org\asciidoctor\maven\process\SourceDirectoryFinder.java,29
org.apache.maven:maven-plugin-api,3.9.9,true,ClassOrInterfaceType,org.apache.maven.plugin.logging.Log,Log,C:\Users\tyin363\Documents\repos\asciidoctor__asciidoctor-maven-plugin\asciidoctor-maven-plugin\src\main\java\org\asciidoctor\maven\refresh\AbstractFileAlterationListenerAdaptor.java,13
JDK:java.base,N/A,false,ObjectCreationExpr,java.util.ArrayList,ArrayList,C:\Users\tyin363\Documents\repos\asciidoctor__asciidoctor-maven-plugin\asciidoctor-maven-plugin\src\main\java\org\asciidoctor\maven\AsciidoctorMojo.java,99
org.asciidoctor:asciidoctorj-api,3.0.0,true,ClassOrInterfaceType,org.asciidoctor.extension.Treeprocessor,Treeprocessor,C:\Users\tyin363\Documents\repos\asciidoctor__asciidoctor-maven-plugin\asciidoctor-maven-plugin\src\main\java\org\asciidoctor\maven\extensions\AsciidoctorJExtensionRegistry.java,56
JDK:java.base,N/A,false,MethodCallExpr,java.lang.Throwable,getMessage,C:\Users\tyin363\Documents\repos\asciidoctor__asciidoctor-maven-plugin\asciidoctor-maven-plugin\src\main\java\org\asciidoctor\maven\AsciidoctorMojo.java,226
JDK:java.base,N/A,false,ClassOrInterfaceType,java.lang.String,String,C:\Users\tyin363\Documents\repos\asciidoctor__asciidoctor-maven-plugin\asciidoctor-maven-plugin\src\main\java\org\asciidoctor\maven\AsciidoctorZipMojo.java,67
CLIENT:client-code,N/A,false,MethodCallExpr,org.asciidoctor.maven.model.Resource,getIncludes,C:\Users\tyin363\Documents\repos\asciidoctor__asciidoctor-maven-plugin\asciidoctor-maven-plugin\src\main\java\org\asciidoctor\maven\refresh\ResourceCopyFileAlterationListenerAdaptor.java,88
JDK:java.base,N/A,false,MethodCallExpr,java.util.regex.Pattern,matcher,C:\Users\tyin363\Documents\repos\asciidoctor__asciidoctor-maven-plugin\asciidoctor-maven-plugin\src\main\java\org\asciidoctor\maven\process\SourceDocumentFinder.java,71
CLIENT:client-code,N/A,false,MethodCallExpr,org.asciidoctor.maven.refresh.TimeCounter,timed,C:\Users\tyin363\Documents\repos\asciidoctor__asciidoctor-maven-plugin\asciidoctor-maven-plugin\src\main\java\org\asciidoctor\maven\refresh\AsciidoctorConverterFileAlterationListenerAdaptor.java,24
JDK:java.base,N/A,false,ClassOrInterfaceType,java.io.File,File,C:\Users\tyin363\Documents\repos\asciidoctor__asciidoctor-maven-plugin\asciidoctor-maven-plugin\src\main\java\org\asciidoctor\maven\http\AsciidoctorHandler.java,50
commons-io:commons-io,2.20.0,false,ClassOrInterfaceType,org.apache.commons.io.filefilter.RegexFileFilter,RegexFileFilter,C:\Users\tyin363\Documents\repos\asciidoctor__asciidoctor-maven-plugin\asciidoctor-maven-plugin\src\main\java\org\asciidoctor\maven\AsciidoctorRefreshMojo.java,169
org.apache.maven:maven-plugin-api,3.9.9,true,MethodCallExpr,org.apache.maven.plugin.AbstractMojo,getLog,C:\Users\tyin363\Documents\repos\asciidoctor__asciidoctor-maven-plugin\asciidoctor-maven-plugin\src\main\java\org\asciidoctor\maven\AsciidoctorMojo.java,265
CLIENT:client-code,N/A,false,ClassOrInterfaceType,org.asciidoctor.maven.model.Resource,Resource,C:\Users\tyin363\Documents\repos\asciidoctor__asciidoctor-maven-plugin\asciidoctor-maven-plugin\src\main\java\org\asciidoctor\maven\process\CopyResourcesProcessor.java,78
org.asciidoctor:asciidoctorj-api,3.0.0,true,ClassOrInterfaceType,org.asciidoctor.Attributes,Attributes,C:\Users\tyin363\Documents\repos\asciidoctor__asciidoctor-maven-plugin\asciidoctor-maven-plugin\src\main\java\org\asciidoctor\maven\AsciidoctorOptionsFactory.java,37
CLIENT:client-code,N/A,false,MethodCallExpr,org.asciidoctor.maven.model.Resource,setDirectory,C:\Users\tyin363\Documents\repos\asciidoctor__asciidoctor-maven-plugin\asciidoctor-maven-plugin\src\main\java\org\asciidoctor\maven\process\CopyResourcesProcessor.java,84
org.apache.maven:maven-plugin-api,3.9.9,true,ClassOrInterfaceType,org.apache.maven.plugin.MojoExecutionException,MojoExecutionException,C:\Users\tyin363\Documents\repos\asciidoctor__asciidoctor-maven-plugin\asciidoctor-maven-plugin\src\main\java\org\asciidoctor\maven\refresh\AsciidoctorConverterFileAlterationListenerAdaptor.java,27
org.apache.maven:maven-plugin-api,3.9.9,true,MethodCallExpr,org.apache.maven.plugin.logging.Log,info,C:\Users\tyin363\Documents\repos\asciidoctor__asciidoctor-maven-plugin\asciidoctor-maven-plugin\src\main\java\org\asciidoctor\maven\AsciidoctorRefreshMojo.java,91
JDK:java.base,N/A,false,ObjectCreationExpr,java.lang.RuntimeException,RuntimeException,C:\Users\tyin363\Documents\repos\asciidoctor__asciidoctor-maven-plugin\asciidoctor-maven-plugin\src\main\java\org\asciidoctor\maven\extensions\AsciidoctorJExtensionRegistry.java,47
JDK:java.base,N/A,false,ClassOrInterfaceType,java.io.File,File,C:\Users\tyin363\Documents\repos\asciidoctor__asciidoctor-maven-plugin\asciidoctor-maven-plugin\src\main\java\org\asciidoctor\maven\io\Zips.java,30
JDK:java.base,N/A,false,ClassOrInterfaceType,java.lang.String,String,C:\Users\tyin363\Documents\repos\asciidoctor__asciidoctor-maven-plugin\asciidoctor-maven-plugin\src\main\java\org\asciidoctor\maven\AsciidoctorMojo.java,499
io.netty:netty-transport,4.2.3.Final,true,MethodCallExpr,io.netty.bootstrap.AbstractBootstrap,bind,C:\Users\tyin363\Documents\repos\asciidoctor__asciidoctor-maven-plugin\asciidoctor-maven-plugin\src\main\java\org\asciidoctor\maven\http\AsciidoctorHttpServer.java,73
JDK:java.base,N/A,false,ClassOrInterfaceType,java.lang.String,String,C:\Users\tyin363\Documents\repos\asciidoctor__asciidoctor-maven-plugin\asciidoctor-maven-plugin\src\main\java\org\asciidoctor\maven\model\Resource.java,33
CLIENT:client-code,N/A,false,MethodCallExpr,org.asciidoctor.maven.AsciidoctorMojo,getTemplateEngine,C:\Users\tyin363\Documents\repos\asciidoctor__asciidoctor-maven-plugin\asciidoctor-maven-plugin\src\main\java\org\asciidoctor\maven\AsciidoctorOptionsFactory.java,89
CLIENT:client-code,N/A,false,FieldAccessExpr,org.asciidoctor.maven.AsciidoctorMojo,sourceDocumentName,C:\Users\tyin363\Documents\repos\asciidoctor__asciidoctor-maven-plugin\asciidoctor-maven-plugin\src\main\java\org\asciidoctor\maven\AsciidoctorMojo.java,468
CLIENT:client-code,N/A,false,ClassOrInterfaceType,org.asciidoctor.maven.model.Resource,Resource,C:\Users\tyin363\Documents\repos\asciidoctor__asciidoctor-maven-plugin\asciidoctor-maven-plugin\src\main\java\org\asciidoctor\maven\process\CopyResourcesProcessor.java,77
CLIENT:client-code,N/A,false,ObjectCreationExpr,org.asciidoctor.maven.model.Resource,Resource,C:\Users\tyin363\Documents\repos\asciidoctor__asciidoctor-maven-plugin\asciidoctor-maven-plugin\src\main\java\org\asciidoctor\maven\process\CopyResourcesProcessor.java,132
JDK:java.base,N/A,false,ClassOrInterfaceType,java.lang.String,String,C:\Users\tyin363\Documents\repos\asciidoctor__asciidoctor-maven-plugin\asciidoctor-maven-plugin\src\main\java\org\asciidoctor\maven\http\AsciidoctorHandler.java,30
JDK:java.base,N/A,false,MethodCallExpr,java.io.File,toPath,C:\Users\tyin363\Documents\repos\asciidoctor__asciidoctor-maven-plugin\asciidoctor-maven-plugin\src\main\java\org\asciidoctor\maven\process\CopyResourcesProcessor.java,174
JDK:java.base,N/A,false,ClassOrInterfaceType,java.lang.String,String,C:\Users\tyin363\Documents\repos\asciidoctor__asciidoctor-maven-plugin\asciidoctor-maven-plugin\src\main\java\org\asciidoctor\maven\AsciidoctorMojo.java,102
io.netty:netty-codec-http,4.2.3.Final,false,FieldAccessExpr,io.netty.handler.codec.http.HttpHeaderNames,EXPIRES,C:\Users\tyin363\Documents\repos\asciidoctor__asciidoctor-maven-plugin\asciidoctor-maven-plugin\src\main\java\org\asciidoctor\maven\http\AsciidoctorHandler.java,67
io.netty:netty-codec-http,4.2.3.Final,false,FieldAccessExpr,io.netty.handler.codec.http.HttpVersion,HTTP_1_1,C:\Users\tyin363\Documents\repos\asciidoctor__asciidoctor-maven-plugin\asciidoctor-maven-plugin\src\main\java\org\asciidoctor\maven\http\AsciidoctorHandler.java,54
JDK:java.base,N/A,false,MethodCallExpr,java.util.stream.Stream,sorted,C:\Users\tyin363\Documents\repos\asciidoctor__asciidoctor-maven-plugin\asciidoctor-maven-plugin\src\main\java\org\asciidoctor\maven\process\SourceDocumentFinder.java,69
CLIENT:client-code,N/A,false,MethodCallExpr,org.asciidoctor.maven.model.Resource,getExcludes,C:\Users\tyin363\Documents\repos\asciidoctor__asciidoctor-maven-plugin\asciidoctor-maven-plugin\src\main\java\org\asciidoctor\maven\process\CopyResourcesProcessor.java,87
JDK:java.base,N/A,false,ClassOrInterfaceType,java.lang.Class,Class,C:\Users\tyin363\Documents\repos\asciidoctor__asciidoctor-maven-plugin\asciidoctor-maven-plugin\src\main\java\org\asciidoctor\maven\extensions\AsciidoctorJExtensionRegistry.java,70
JDK:java.base,N/A,false,MethodCallExpr,java.io.File,getPath,C:\Users\tyin363\Documents\repos\asciidoctor__asciidoctor-maven-plugin\asciidoctor-maven-plugin\src\main\java\org\asciidoctor\maven\AsciidoctorMojo.java,326
JDK:java.base,N/A,false,ClassOrInterfaceType,java.io.File,File,C:\Users\tyin363\Documents\repos\asciidoctor__asciidoctor-maven-plugin\asciidoctor-maven-plugin\src\main\java\org\asciidoctor\maven\AsciidoctorMojo.java,326
JDK:java.base,N/A,false,MethodCallExpr,java.util.stream.Stream,map,C:\Users\tyin363\Documents\repos\asciidoctor__asciidoctor-maven-plugin\asciidoctor-maven-plugin\src\main\java\org\asciidoctor\maven\process\CopyResourcesProcessor.java,127
JDK:java.base,N/A,false,ClassOrInterfaceType,java.io.File,File,C:\Users\tyin363\Documents\repos\asciidoctor__asciidoctor-maven-plugin\asciidoctor-maven-plugin\src\main\java\org\asciidoctor\maven\AsciidoctorMojo.java,392
io.netty:netty-transport,4.2.3.Final,true,ClassOrInterfaceType,io.netty.channel.socket.nio.NioServerSocketChannel,NioServerSocketChannel,C:\Users\tyin363\Documents\repos\asciidoctor__asciidoctor-maven-plugin\asciidoctor-maven-plugin\src\main\java\org\asciidoctor\maven\http\AsciidoctorHttpServer.java,78
JDK:java.base,N/A,false,ClassOrInterfaceType,java.io.File,File,C:\Users\tyin363\Documents\repos\asciidoctor__asciidoctor-maven-plugin\asciidoctor-maven-plugin\src\main\java\org\asciidoctor\maven\refresh\ResourceCopyFileAlterationListenerAdaptor.java,122
org.asciidoctor:asciidoctorj-api,3.0.0,true,FieldAccessExpr,org.asciidoctor.Options,ATTRIBUTES,C:\Users\tyin363\Documents\repos\asciidoctor__asciidoctor-maven-plugin\asciidoctor-maven-plugin\src\main\java\org\asciidoctor\maven\AsciidoctorMojo.java,83
commons-io:commons-io,2.20.0,false,ClassOrInterfaceType,org.apache.commons.io.monitor.FileAlterationListener,FileAlterationListener,C:\Users\tyin363\Documents\repos\asciidoctor__asciidoctor-maven-plugin\asciidoctor-maven-plugin\src\main\java\org\asciidoctor\maven\AsciidoctorRefreshMojo.java,129
JDK:java.base,N/A,false,ClassOrInterfaceType,java.util.ArrayList,ArrayList,C:\Users\tyin363\Documents\repos\asciidoctor__asciidoctor-maven-plugin\asciidoctor-maven-plugin\src\main\java\org\asciidoctor\maven\model\Resource.java,47
CLIENT:client-code,N/A,false,MethodCallExpr,org.asciidoctor.maven.http.AsciidoctorHttpServer,stop,C:\Users\tyin363\Documents\repos\asciidoctor__asciidoctor-maven-plugin\asciidoctor-maven-plugin\src\main\java\org\asciidoctor\maven\AsciidoctorHttpMojo.java,38
CLIENT:client-code,N/A,false,MethodCallExpr,org.asciidoctor.maven.AsciidoctorMojo,setDestinationPaths,C:\Users\tyin363\Documents\repos\asciidoctor__asciidoctor-maven-plugin\asciidoctor-maven-plugin\src\main\java\org\asciidoctor\maven\AsciidoctorMojo.java,246
CLIENT:client-code,N/A,false,MethodCallExpr,org.asciidoctor.maven.AsciidoctorRefreshMojo,showWaitMessage,C:\Users\tyin363\Documents\repos\asciidoctor__asciidoctor-maven-plugin\asciidoctor-maven-plugin\src\main\java\org\asciidoctor\maven\AsciidoctorRefreshMojo.java,129
CLIENT:client-code,N/A,false,MethodCallExpr,org.asciidoctor.maven.refresh.AbstractFileAlterationListenerAdaptor,processFile,C:\Users\tyin363\Documents\repos\asciidoctor__asciidoctor-maven-plugin\asciidoctor-maven-plugin\src\main\java\org\asciidoctor\maven\refresh\AbstractFileAlterationListenerAdaptor.java,29
CLIENT:client-code,N/A,false,ClassOrInterfaceType,org.asciidoctor.maven.AsciidoctorOptionsFactory,AsciidoctorOptionsFactory,C:\Users\tyin363\Documents\repos\asciidoctor__asciidoctor-maven-plugin\asciidoctor-maven-plugin\src\main\java\org\asciidoctor\maven\AsciidoctorRefreshMojo.java,48
JDK:java.base,N/A,false,ClassOrInterfaceType,java.nio.file.Path,Path,C:\Users\tyin363\Documents\repos\asciidoctor__asciidoctor-maven-plugin\asciidoctor-maven-plugin\src\main\java\org\asciidoctor\maven\process\SourceDocumentFinder.java,50
CLIENT:client-code,N/A,false,MethodCallExpr,org.asciidoctor.maven.AsciidoctorMojo,getTemplateEngine,C:\Users\tyin363\Documents\repos\asciidoctor__asciidoctor-maven-plugin\asciidoctor-maven-plugin\src\main\java\org\asciidoctor\maven\AsciidoctorOptionsFactory.java,88
CLIENT:client-code,N/A,false,MethodCallExpr,org.asciidoctor.maven.http.AsciidoctorHandler,send,C:\Users\tyin363\Documents\repos\asciidoctor__asciidoctor-maven-plugin\asciidoctor-maven-plugin\src\main\java\org\asciidoctor\maven\http\AsciidoctorHandler.java,69
io.netty:netty-codec-http,4.2.3.Final,false,ClassOrInterfaceType,io.netty.handler.codec.http.FullHttpRequest,FullHttpRequest,C:\Users\tyin363\Documents\repos\asciidoctor__asciidoctor-maven-plugin\asciidoctor-maven-plugin\src\main\java\org\asciidoctor\maven\http\AsciidoctorHandler.java,43
CLIENT:client-code,N/A,false,MethodCallExpr,org.asciidoctor.maven.model.Resource,getTargetPath,C:\Users\tyin363\Documents\repos\asciidoctor__asciidoctor-maven-plugin\asciidoctor-maven-plugin\src\main\java\org\asciidoctor\maven\process\CopyResourcesProcessor.java,134
JDK:java.base,N/A,false,ClassOrInterfaceType,java.lang.Thread,Thread,C:\Users\tyin363\Documents\repos\asciidoctor__asciidoctor-maven-plugin\asciidoctor-maven-plugin\src\main\java\org\asciidoctor\maven\http\AsciidoctorHttpServer.java,61
CLIENT:client-code,N/A,false,ClassOrInterfaceType,org.asciidoctor.maven.refresh.ResourceCopyFileAlterationListenerAdaptor,ResourceCopyFileAlterationListenerAdaptor,C:\Users\tyin363\Documents\repos\asciidoctor__asciidoctor-maven-plugin\asciidoctor-maven-plugin\src\main\java\org\asciidoctor\maven\AsciidoctorRefreshMojo.java,138
JDK:java.base,N/A,false,ClassOrInterfaceType,java.io.File,File,C:\Users\tyin363\Documents\repos\asciidoctor__asciidoctor-maven-plugin\asciidoctor-maven-plugin\src\main\java\org\asciidoctor\maven\io\Zips.java,24
JDK:java.base,N/A,false,MethodCallExpr,java.util.Collections,emptyList,C:\Users\tyin363\Documents\repos\asciidoctor__asciidoctor-maven-plugin\asciidoctor-maven-plugin\src\main\java\org\asciidoctor\maven\refresh\ResourceCopyFileAlterationListenerAdaptor.java,83
CLIENT:client-code,N/A,false,ClassOrInterfaceType,org.asciidoctor.maven.model.Resource,Resource,C:\Users\tyin363\Documents\repos\asciidoctor__asciidoctor-maven-plugin\asciidoctor-maven-plugin\src\main\java\org\asciidoctor\maven\AsciidoctorMojo.java,531
org.asciidoctor:asciidoctorj-api,3.0.0,true,MethodCallExpr,org.asciidoctor.AttributesBuilder,arguments,C:\Users\tyin363\Documents\repos\asciidoctor__asciidoctor-maven-plugin\asciidoctor-maven-plugin\src\main\java\org\asciidoctor\maven\AsciidoctorOptionsFactory.java,51
JDK:java.base,N/A,false,ClassOrInterfaceType,java.util.ArrayList,ArrayList,C:\Users\tyin363\Documents\repos\asciidoctor__asciidoctor-maven-plugin\asciidoctor-maven-plugin\src\main\java\org\asciidoctor\maven\process\CopyResourcesProcessor.java,80
io.netty:netty-common,4.2.3.Final,true,MethodCallExpr,io.netty.util.concurrent.Future,addListener,C:\Users\tyin363\Documents\repos\asciidoctor__asciidoctor-maven-plugin\asciidoctor-maven-plugin\src\main\java\org\asciidoctor\maven\http\AsciidoctorHttpServer.java,73
org.asciidoctor:asciidoctorj-api,3.0.0,true,ClassOrInterfaceType,org.asciidoctor.Asciidoctor,Asciidoctor,C:\Users\tyin363\Documents\repos\asciidoctor__asciidoctor-maven-plugin\asciidoctor-maven-plugin\src\main\java\org\asciidoctor\maven\AsciidoctorJFactory.java,42
JDK:java.base,N/A,false,MethodCallExpr,java.util.List,size,C:\Users\tyin363\Documents\repos\asciidoctor__asciidoctor-maven-plugin\asciidoctor-maven-plugin\src\main\java\org\asciidoctor\maven\AsciidoctorMojo.java,257
JDK:java.base,N/A,false,ClassOrInterfaceType,java.lang.String,String,C:\Users\tyin363\Documents\repos\asciidoctor__asciidoctor-maven-plugin\asciidoctor-maven-plugin\src\main\java\org\asciidoctor\maven\process\CopyResourcesProcessor.java,100
JDK:java.base,N/A,false,ClassOrInterfaceType,java.util.List,List,C:\Users\tyin363\Documents\repos\asciidoctor__asciidoctor-maven-plugin\asciidoctor-maven-plugin\src\main\java\org\asciidoctor\maven\AsciidoctorMojo.java,127
JDK:java.base,N/A,false,ObjectCreationExpr,java.io.File,File,C:\Users\tyin363\Documents\repos\asciidoctor__asciidoctor-maven-plugin\asciidoctor-maven-plugin\src\main\java\org\asciidoctor\maven\AsciidoctorMojo.java,348
JDK:java.base,N/A,false,MethodCallExpr,java.io.File,getCanonicalPath,C:\Users\tyin363\Documents\repos\asciidoctor__asciidoctor-maven-plugin\asciidoctor-maven-plugin\src\main\java\org\asciidoctor\maven\AsciidoctorMojo.java,313
commons-io:commons-io,2.20.0,false,MethodCallExpr,org.apache.commons.io.monitor.FileAlterationObserver,addListener,C:\Users\tyin363\Documents\repos\asciidoctor__asciidoctor-maven-plugin\asciidoctor-maven-plugin\src\main\java\org\asciidoctor\maven\AsciidoctorRefreshMojo.java,140
org.asciidoctor:asciidoctorj-api,3.0.0,true,FieldAccessExpr,org.asciidoctor.Options,ERUBY,C:\Users\tyin363\Documents\repos\asciidoctor__asciidoctor-maven-plugin\asciidoctor-maven-plugin\src\main\java\org\asciidoctor\maven\AsciidoctorMojo.java,92
commons-io:commons-io,2.20.0,false,ObjectCreationExpr,org.apache.commons.io.monitor.FileAlterationObserver,FileAlterationObserver,C:\Users\tyin363\Documents\repos\asciidoctor__asciidoctor-maven-plugin\asciidoctor-maven-plugin\src\main\java\org\asciidoctor\maven\AsciidoctorRefreshMojo.java,128
JDK:java.base,N/A,false,ClassOrInterfaceType,java.lang.String,String,C:\Users\tyin363\Documents\repos\asciidoctor__asciidoctor-maven-plugin\asciidoctor-maven-plugin\src\main\java\org\asciidoctor\maven\AsciidoctorMojo.java,427
CLIENT:client-code,N/A,false,MethodCallExpr,org.asciidoctor.maven.extensions.ExtensionConfiguration,getClassName,C:\Users\tyin363\Documents\repos\asciidoctor__asciidoctor-maven-plugin\asciidoctor-maven-plugin\src\main\java\org\asciidoctor\maven\AsciidoctorMojo.java,224
CLIENT:client-code,N/A,false,FieldAccessExpr,org.asciidoctor.maven.AsciidoctorMojo,enableVerbose,C:\Users\tyin363\Documents\repos\asciidoctor__asciidoctor-maven-plugin\asciidoctor-maven-plugin\src\main\java\org\asciidoctor\maven\AsciidoctorMojo.java,544
org.codehaus.plexus:plexus-utils,3.5.1,true,MethodCallExpr,org.codehaus.plexus.util.DirectoryScanner,scan,C:\Users\tyin363\Documents\repos\asciidoctor__asciidoctor-maven-plugin\asciidoctor-maven-plugin\src\main\java\org\asciidoctor\maven\process\CopyResourcesProcessor.java,151
JDK:java.base,N/A,false,ClassOrInterfaceType,java.lang.InterruptedException,InterruptedException,C:\Users\tyin363\Documents\repos\asciidoctor__asciidoctor-maven-plugin\asciidoctor-maven-plugin\src\main\java\org\asciidoctor\maven\http\AsciidoctorHttpServer.java,113
CLIENT:client-code,N/A,false,MethodCallExpr,org.asciidoctor.maven.process.ResourcesProcessor,process,C:\Users\tyin363\Documents\repos\asciidoctor__asciidoctor-maven-plugin\asciidoctor-maven-plugin\src\main\java\org\asciidoctor\maven\AsciidoctorMojo.java,234
io.netty:netty-transport,4.2.3.Final,true,ClassOrInterfaceType,io.netty.channel.ChannelFutureListener,ChannelFutureListener,C:\Users\tyin363\Documents\repos\asciidoctor__asciidoctor-maven-plugin\asciidoctor-maven-plugin\src\main\java\org\asciidoctor\maven\http\AsciidoctorHttpServer.java,91
JDK:java.base,N/A,false,ClassOrInterfaceType,java.io.File,File,C:\Users\tyin363\Documents\repos\asciidoctor__asciidoctor-maven-plugin\asciidoctor-maven-plugin\src\main\java\org\asciidoctor\maven\AsciidoctorMojo.java,63
JDK:java.base,N/A,false,MethodCallExpr,java.util.stream.Stream,filter,C:\Users\tyin363\Documents\repos\asciidoctor__asciidoctor-maven-plugin\asciidoctor-maven-plugin\src\main\java\org\asciidoctor\maven\process\CopyResourcesProcessor.java,127
JDK:java.base,N/A,false,ClassOrInterfaceType,java.lang.String,String,C:\Users\tyin363\Documents\repos\asciidoctor__asciidoctor-maven-plugin\asciidoctor-maven-plugin\src\main\java\org\asciidoctor\maven\process\CopyResourcesProcessor.java,33
JDK:java.base,N/A,false,ClassOrInterfaceType,java.lang.String,String,C:\Users\tyin363\Documents\repos\asciidoctor__asciidoctor-maven-plugin\asciidoctor-maven-plugin\src\main\java\org\asciidoctor\maven\extensions\ExtensionConfiguration.java,24
JDK:java.base,N/A,false,ClassOrInterfaceType,java.lang.String,String,C:\Users\tyin363\Documents\repos\asciidoctor__asciidoctor-maven-plugin\asciidoctor-maven-plugin\src\main\java\org\asciidoctor\maven\model\Resource.java,41
JDK:java.base,N/A,false,ClassOrInterfaceType,java.util.List,List,C:\Users\tyin363\Documents\repos\asciidoctor__asciidoctor-maven-plugin\asciidoctor-maven-plugin\src\main\java\org\asciidoctor\maven\AsciidoctorMojo.java,523
JDK:java.base,N/A,false,ObjectCreationExpr,java.io.ByteArrayOutputStream,ByteArrayOutputStream,C:\Users\tyin363\Documents\repos\asciidoctor__asciidoctor-maven-plugin\asciidoctor-maven-plugin\src\main\java\org\asciidoctor\maven\http\AsciidoctorHandler.java,79
org.codehaus.plexus:plexus-utils,3.5.1,true,ClassOrInterfaceType,org.codehaus.plexus.util.DirectoryScanner,DirectoryScanner,C:\Users\tyin363\Documents\repos\asciidoctor__asciidoctor-maven-plugin\asciidoctor-maven-plugin\src\main\java\org\asciidoctor\maven\process\CopyResourcesProcessor.java,141
JDK:java.base,N/A,false,ClassOrInterfaceType,java.io.File,File,C:\Users\tyin363\Documents\repos\asciidoctor__asciidoctor-maven-plugin\asciidoctor-maven-plugin\src\main\java\org\asciidoctor\maven\AsciidoctorMojo.java,262
JDK:java.base,N/A,false,ClassOrInterfaceType,java.lang.String,String,C:\Users\tyin363\Documents\repos\asciidoctor__asciidoctor-maven-plugin\asciidoctor-maven-plugin\src\main\java\org\asciidoctor\maven\AsciidoctorZipMojo.java,71
CLIENT:client-code,N/A,false,MethodCallExpr,org.asciidoctor.maven.refresh.AbstractFileAlterationListenerAdaptor,getMojo,C:\Users\tyin363\Documents\repos\asciidoctor__asciidoctor-maven-plugin\asciidoctor-maven-plugin\src\main\java\org\asciidoctor\maven\refresh\AdditionalSourceFileAlterationListenerAdaptor.java,26
JDK:java.base,N/A,false,ClassOrInterfaceType,java.io.File,File,C:\Users\tyin363\Documents\repos\asciidoctor__asciidoctor-maven-plugin\asciidoctor-maven-plugin\src\main\java\org\asciidoctor\maven\AsciidoctorMojo.java,328
JDK:java.base,N/A,false,MethodCallExpr,java.lang.String,contains,C:\Users\tyin363\Documents\repos\asciidoctor__asciidoctor-maven-plugin\asciidoctor-maven-plugin\src\main\java\org\asciidoctor\maven\refresh\ResourceCopyFileAlterationListenerAdaptor.java,119
org.jruby:jruby-base,9.4.12.0,true,ClassOrInterfaceType,org.jruby.Ruby,Ruby,C:\Users\tyin363\Documents\repos\asciidoctor__asciidoctor-maven-plugin\asciidoctor-maven-plugin\src\main\java\org\asciidoctor\maven\AsciidoctorJFactory.java,35
io.netty:netty-transport,4.2.3.Final,true,ClassOrInterfaceType,io.netty.channel.nio.NioEventLoopGroup,NioEventLoopGroup,C:\Users\tyin363\Documents\repos\asciidoctor__asciidoctor-maven-plugin\asciidoctor-maven-plugin\src\main\java\org\asciidoctor\maven\http\AsciidoctorHttpServer.java,36
CLIENT:client-code,N/A,false,MethodCallExpr,org.asciidoctor.maven.AsciidoctorRefreshMojo,startPolling,C:\Users\tyin363\Documents\repos\asciidoctor__asciidoctor-maven-plugin\asciidoctor-maven-plugin\src\main\java\org\asciidoctor\maven\AsciidoctorRefreshMojo.java,54
CLIENT:client-code,N/A,false,MethodCallExpr,org.asciidoctor.maven.AsciidoctorMojo,getTemplateDirs,C:\Users\tyin363\Documents\repos\asciidoctor__asciidoctor-maven-plugin\asciidoctor-maven-plugin\src\main\java\org\asciidoctor\maven\AsciidoctorOptionsFactory.java,91
CLIENT:client-code,N/A,false,FieldAccessExpr,org.asciidoctor.maven.AsciidoctorMaven,PREFIX,C:\Users\tyin363\Documents\repos\asciidoctor__asciidoctor-maven-plugin\asciidoctor-maven-plugin\src\main\java\org\asciidoctor\maven\AsciidoctorMojo.java,107
JDK:java.base,N/A,false,ClassOrInterfaceType,java.io.File,File,C:\Users\tyin363\Documents\repos\asciidoctor__asciidoctor-maven-plugin\asciidoctor-maven-plugin\src\main\java\org\asciidoctor\maven\process\SourceDirectoryFinder.java,58
JDK:java.base,N/A,false,ClassOrInterfaceType,java.util.List,List,C:\Users\tyin363\Documents\repos\asciidoctor__asciidoctor-maven-plugin\asciidoctor-maven-plugin\src\main\java\org\asciidoctor\maven\process\CopyResourcesProcessor.java,96
JDK:java.base,N/A,false,ClassOrInterfaceType,java.io.IOException,IOException,C:\Users\tyin363\Documents\repos\asciidoctor__asciidoctor-maven-plugin\asciidoctor-maven-plugin\src\main\java\org\asciidoctor\maven\AsciidoctorMojo.java,330
CLIENT:client-code,N/A,false,MethodCallExpr,org.asciidoctor.maven.AsciidoctorRefreshMojo,doWork,C:\Users\tyin363\Documents\repos\asciidoctor__asciidoctor-maven-plugin\asciidoctor-maven-plugin\src\main\java\org\asciidoctor\maven\AsciidoctorHttpMojo.java,36
io.netty:netty-codec-http,4.2.3.Final,false,ClassOrInterfaceType,io.netty.handler.codec.http.DefaultFullHttpResponse,DefaultFullHttpResponse,C:\Users\tyin363\Documents\repos\asciidoctor__asciidoctor-maven-plugin\asciidoctor-maven-plugin\src\main\java\org\asciidoctor\maven\http\AsciidoctorHandler.java,46
JDK:java.base,N/A,false,ClassOrInterfaceType,java.lang.String,String,C:\Users\tyin363\Documents\repos\asciidoctor__asciidoctor-maven-plugin\asciidoctor-maven-plugin\src\main\java\org\asciidoctor\maven\http\AsciidoctorHandler.java,91
JDK:java.base,N/A,false,ClassOrInterfaceType,java.util.List,List,C:\Users\tyin363\Documents\repos\asciidoctor__asciidoctor-maven-plugin\asciidoctor-maven-plugin\src\main\java\org\asciidoctor\maven\process\SourceDocumentFinder.java,61
JDK:java.base,N/A,false,MethodCallExpr,java.lang.Runnable,run,C:\Users\tyin363\Documents\repos\asciidoctor__asciidoctor-maven-plugin\asciidoctor-maven-plugin\src\main\java\org\asciidoctor\maven\refresh\AbstractFileAlterationListenerAdaptor.java,24
CLIENT:client-code,N/A,false,FieldAccessExpr,org.asciidoctor.maven.AsciidoctorMaven,PREFIX,C:\Users\tyin363\Documents\repos\asciidoctor__asciidoctor-maven-plugin\asciidoctor-maven-plugin\src\main\java\org\asciidoctor\maven\AsciidoctorMojo.java,104
CLIENT:client-code,N/A,false,ClassOrInterfaceType,org.asciidoctor.maven.process.SourceDocumentFinder,SourceDocumentFinder,C:\Users\tyin363\Documents\repos\asciidoctor__asciidoctor-maven-plugin\asciidoctor-maven-plugin\src\main\java\org\asciidoctor\maven\AsciidoctorHttpMojo.java,25
JDK:java.base,N/A,false,ClassOrInterfaceType,java.lang.Exception,Exception,C:\Users\tyin363\Documents\repos\asciidoctor__asciidoctor-maven-plugin\asciidoctor-maven-plugin\src\main\java\org\asciidoctor\maven\AsciidoctorRefreshMojo.java,99
CLIENT:client-code,N/A,false,MethodCallExpr,org.asciidoctor.maven.model.Resource,getIncludes,C:\Users\tyin363\Documents\repos\asciidoctor__asciidoctor-maven-plugin\asciidoctor-maven-plugin\src\main\java\org\asciidoctor\maven\process\CopyResourcesProcessor.java,135
commons-io:commons-io,2.20.0,false,MethodCallExpr,org.apache.commons.io.IOUtils,copy,C:\Users\tyin363\Documents\repos\asciidoctor__asciidoctor-maven-plugin\asciidoctor-maven-plugin\src\main\java\org\asciidoctor\maven\http\AsciidoctorHandler.java,81
JDK:java.base,N/A,false,ClassOrInterfaceType,java.lang.String,String,C:\Users\tyin363\Documents\repos\asciidoctor__asciidoctor-maven-plugin\asciidoctor-maven-plugin\src\main\java\org\asciidoctor\maven\AsciidoctorMojo.java,495
JDK:java.base,N/A,false,ClassOrInterfaceType,java.util.ArrayList,ArrayList,C:\Users\tyin363\Documents\repos\asciidoctor__asciidoctor-maven-plugin\asciidoctor-maven-plugin\src\main\java\org\asciidoctor\maven\AsciidoctorMojo.java,111
io.netty:netty-common,4.2.3.Final,true,MethodCallExpr,io.netty.util.concurrent.Future,isSuccess,C:\Users\tyin363\Documents\repos\asciidoctor__asciidoctor-maven-plugin\asciidoctor-maven-plugin\src\main\java\org\asciidoctor\maven\http\AsciidoctorHttpServer.java,92
JDK:java.base,N/A,false,ClassOrInterfaceType,java.lang.String,String,C:\Users\tyin363\Documents\repos\asciidoctor__asciidoctor-maven-plugin\asciidoctor-maven-plugin\src\main\java\org\asciidoctor\maven\http\AsciidoctorHandler.java,26
JDK:java.base,N/A,false,ClassOrInterfaceType,java.io.File,File,C:\Users\tyin363\Documents\repos\asciidoctor__asciidoctor-maven-plugin\asciidoctor-maven-plugin\src\main\java\org\asciidoctor\maven\process\CopyResourcesProcessor.java,65
JDK:java.base,N/A,false,ClassOrInterfaceType,java.lang.String,String,C:\Users\tyin363\Documents\repos\asciidoctor__asciidoctor-maven-plugin\asciidoctor-maven-plugin\src\main\java\org\asciidoctor\maven\process\CopyResourcesProcessor.java,97
JDK:java.base,N/A,false,ClassOrInterfaceType,java.lang.Class,Class,C:\Users\tyin363\Documents\repos\asciidoctor__asciidoctor-maven-plugin\asciidoctor-maven-plugin\src\main\java\org\asciidoctor\maven\extensions\AsciidoctorJExtensionRegistry.java,74
JDK:java.base,N/A,false,ClassOrInterfaceType,java.io.FileInputStream,FileInputStream,C:\Users\tyin363\Documents\repos\asciidoctor__asciidoctor-maven-plugin\asciidoctor-maven-plugin\src\main\java\org\asciidoctor\maven\io\Zips.java,39
JDK:java.base,N/A,false,ClassOrInterfaceType,java.io.File,File,C:\Users\tyin363\Documents\repos\asciidoctor__asciidoctor-maven-plugin\asciidoctor-maven-plugin\src\main\java\org\asciidoctor\maven\refresh\AdditionalSourceFileAlterationListenerAdaptor.java,21
CLIENT:client-code,N/A,false,ClassOrInterfaceType,org.asciidoctor.maven.process.ResourcesProcessor,ResourcesProcessor,C:\Users\tyin363\Documents\repos\asciidoctor__asciidoctor-maven-plugin\asciidoctor-maven-plugin\src\main\java\org\asciidoctor\maven\AsciidoctorMojo.java,141
org.apache.maven:maven-plugin-api,3.9.9,true,MethodCallExpr,org.apache.maven.plugin.AbstractMojo,getLog,C:\Users\tyin363\Documents\repos\asciidoctor__asciidoctor-maven-plugin\asciidoctor-maven-plugin\src\main\java\org\asciidoctor\maven\AsciidoctorMojo.java,196
commons-io:commons-io,2.20.0,false,ClassOrInterfaceType,org.apache.commons.io.monitor.FileAlterationMonitor,FileAlterationMonitor,C:\Users\tyin363\Documents\repos\asciidoctor__asciidoctor-maven-plugin\asciidoctor-maven-plugin\src\main\java\org\asciidoctor\maven\AsciidoctorRefreshMojo.java,96
org.apache.maven:maven-plugin-api,3.9.9,true,ClassOrInterfaceType,org.apache.maven.plugin.MojoExecutionException,MojoExecutionException,C:\Users\tyin363\Documents\repos\asciidoctor__asciidoctor-maven-plugin\asciidoctor-maven-plugin\src\main\java\org\asciidoctor\maven\AsciidoctorRefreshMojo.java,94
io.netty:netty-codec-http,4.2.3.Final,false,MethodCallExpr,io.netty.handler.codec.http.HttpHeaders,set,C:\Users\tyin363\Documents\repos\asciidoctor__asciidoctor-maven-plugin\asciidoctor-maven-plugin\src\main\java\org\asciidoctor\maven\http\AsciidoctorHandler.java,87
,,false,FieldAccessExpr,io.netty.handler.codec.http.HttpHeaders.Names,CONTENT_TYPE,C:\Users\tyin363\Documents\repos\asciidoctor__asciidoctor-maven-plugin\asciidoctor-maven-plugin\src\main\java\org\asciidoctor\maven\http\AsciidoctorHandler.java,87
JDK:java.base,N/A,false,MethodCallExpr,java.util.Optional,of,C:\Users\tyin363\Documents\repos\asciidoctor__asciidoctor-maven-plugin\asciidoctor-maven-plugin\src\main\java\org\asciidoctor\maven\process\SourceDirectoryFinder.java,39
org.jruby:jruby-base,9.4.12.0,true,ClassOrInterfaceType,org.jruby.Ruby,Ruby,C:\Users\tyin363\Documents\repos\asciidoctor__asciidoctor-maven-plugin\asciidoctor-maven-plugin\src\main\java\org\asciidoctor\maven\AsciidoctorJFactory.java,37
JDK:java.base,N/A,false,ClassOrInterfaceType,java.io.File,File,C:\Users\tyin363\Documents\repos\asciidoctor__asciidoctor-maven-plugin\asciidoctor-maven-plugin\src\main\java\org\asciidoctor\maven\AsciidoctorMojo.java,66
io.netty:netty-transport,4.2.3.Final,true,MethodCallExpr,io.netty.channel.Channel,pipeline,C:\Users\tyin363\Documents\repos\asciidoctor__asciidoctor-maven-plugin\asciidoctor-maven-plugin\src\main\java\org\asciidoctor\maven\http\AsciidoctorHttpServer.java,82
CLIENT:client-code,N/A,false,ObjectCreationExpr,org.asciidoctor.maven.refresh.ResourcesPatternBuilder,ResourcesPatternBuilder,C:\Users\tyin363\Documents\repos\asciidoctor__asciidoctor-maven-plugin\asciidoctor-maven-plugin\src\main\java\org\asciidoctor\maven\AsciidoctorRefreshMojo.java,156
CLIENT:client-code,N/A,false,ClassOrInterfaceType,org.asciidoctor.maven.AsciidoctorOptionsFactory,AsciidoctorOptionsFactory,C:\Users\tyin363\Documents\repos\asciidoctor__asciidoctor-maven-plugin\asciidoctor-maven-plugin\src\main\java\org\asciidoctor\maven\AsciidoctorMojo.java,145
org.asciidoctor:asciidoctorj-api,3.0.0,true,FieldAccessExpr,org.asciidoctor.Options,BACKEND,C:\Users\tyin363\Documents\repos\asciidoctor__asciidoctor-maven-plugin\asciidoctor-maven-plugin\src\main\java\org\asciidoctor\maven\AsciidoctorMojo.java,86
CLIENT:client-code,N/A,false,ObjectCreationExpr,org.asciidoctor.maven.AsciidoctorMojo.Destination,Destination,C:\Users\tyin363\Documents\repos\asciidoctor__asciidoctor-maven-plugin\asciidoctor-maven-plugin\src\main\java\org\asciidoctor\maven\AsciidoctorMojo.java,328
org.apache.maven:maven-plugin-api,3.9.9,true,MethodCallExpr,org.apache.maven.plugin.logging.Log,info,C:\Users\tyin363\Documents\repos\asciidoctor__asciidoctor-maven-plugin\asciidoctor-maven-plugin\src\main\java\org\asciidoctor\maven\AsciidoctorOptionsFactory.java,50
commons-io:commons-io,2.20.0,false,MethodCallExpr,org.apache.commons.io.monitor.FileAlterationMonitor,addObserver,C:\Users\tyin363\Documents\repos\asciidoctor__asciidoctor-maven-plugin\asciidoctor-maven-plugin\src\main\java\org\asciidoctor\maven\AsciidoctorRefreshMojo.java,132
JDK:java.base,N/A,false,MethodCallExpr,java.lang.Throwable,getMessage,C:\Users\tyin363\Documents\repos\asciidoctor__asciidoctor-maven-plugin\asciidoctor-maven-plugin\src\main\java\org\asciidoctor\maven\AsciidoctorRefreshMojo.java,150
CLIENT:client-code,N/A,false,FieldAccessExpr,org.asciidoctor.maven.extensions.ExtensionConfiguration,blockName,C:\Users\tyin363\Documents\repos\asciidoctor__asciidoctor-maven-plugin\asciidoctor-maven-plugin\src\main\java\org\asciidoctor\maven\extensions\ExtensionConfiguration.java,37
org.asciidoctor:asciidoctorj-api,3.0.0,true,MethodCallExpr,org.asciidoctor.extension.JavaExtensionRegistry,includeProcessor,C:\Users\tyin363\Documents\repos\asciidoctor__asciidoctor-maven-plugin\asciidoctor-maven-plugin\src\main\java\org\asciidoctor\maven\extensions\AsciidoctorJExtensionRegistry.java,65
CLIENT:client-code,N/A,false,FieldAccessExpr,org.asciidoctor.maven.process.SourceDirectoryFinder,notFoundAction,C:\Users\tyin363\Documents\repos\asciidoctor__asciidoctor-maven-plugin\asciidoctor-maven-plugin\src\main\java\org\asciidoctor\maven\process\SourceDirectoryFinder.java,31
JDK:java.base,N/A,false,ClassOrInterfaceType,java.lang.String,String,C:\Users\tyin363\Documents\repos\asciidoctor__asciidoctor-maven-plugin\asciidoctor-maven-plugin\src\main\java\org\asciidoctor\maven\AsciidoctorMojo.java,423
JDK:java.base,N/A,false,ClassOrInterfaceType,java.lang.String,String,C:\Users\tyin363\Documents\repos\asciidoctor__asciidoctor-maven-plugin\asciidoctor-maven-plugin\src\main\java\org\asciidoctor\maven\AsciidoctorMojo.java,93
org.codehaus.plexus:plexus-utils,3.5.1,true,MethodCallExpr,org.codehaus.plexus.util.AbstractScanner,setIncludes,C:\Users\tyin363\Documents\repos\asciidoctor__asciidoctor-maven-plugin\asciidoctor-maven-plugin\src\main\java\org\asciidoctor\maven\process\CopyResourcesProcessor.java,147
JDK:java.base,N/A,false,MethodCallExpr,java.lang.StringBuilder,append,C:\Users\tyin363\Documents\repos\asciidoctor__asciidoctor-maven-plugin\asciidoctor-maven-plugin\src\main\java\org\asciidoctor\maven\refresh\ResourcesPatternBuilder.java,39
org.apache.maven:maven-plugin-api,3.9.9,true,ClassOrInterfaceType,org.apache.maven.plugin.MojoExecutionException,MojoExecutionException,C:\Users\tyin363\Documents\repos\asciidoctor__asciidoctor-maven-plugin\asciidoctor-maven-plugin\src\main\java\org\asciidoctor\maven\AsciidoctorMojo.java,183
JDK:java.base,N/A,false,MethodCallExpr,java.util.Optional,get,C:\Users\tyin363\Documents\repos\asciidoctor__asciidoctor-maven-plugin\asciidoctor-maven-plugin\src\main\java\org\asciidoctor\maven\refresh\ResourceCopyFileAlterationListenerAdaptor.java,29
org.apache.maven:maven-plugin-api,3.9.9,true,ClassOrInterfaceType,org.apache.maven.plugin.logging.Log,Log,C:\Users\tyin363\Documents\repos\asciidoctor__asciidoctor-maven-plugin\asciidoctor-maven-plugin\src\main\java\org\asciidoctor\maven\refresh\ResourceCopyFileAlterationListenerAdaptor.java,19
CLIENT:client-code,N/A,false,FieldAccessExpr,org.asciidoctor.maven.AsciidoctorMojo,standalone,C:\Users\tyin363\Documents\repos\asciidoctor__asciidoctor-maven-plugin\asciidoctor-maven-plugin\src\main\java\org\asciidoctor\maven\AsciidoctorOptionsFactory.java,70
JDK:java.base,N/A,false,ObjectCreationExpr,java.util.ArrayList,ArrayList,C:\Users\tyin363\Documents\repos\asciidoctor__asciidoctor-maven-plugin\asciidoctor-maven-plugin\src\main\java\org\asciidoctor\maven\process\CopyResourcesProcessor.java,96
CLIENT:client-code,N/A,false,ClassOrInterfaceType,org.asciidoctor.maven.AsciidoctorMojo,AsciidoctorMojo,C:\Users\tyin363\Documents\repos\asciidoctor__asciidoctor-maven-plugin\asciidoctor-maven-plugin\src\main\java\org\asciidoctor\maven\AsciidoctorRefreshMojo.java,35
JDK:java.base,N/A,false,MethodCallExpr,java.io.File,exists,C:\Users\tyin363\Documents\repos\asciidoctor__asciidoctor-maven-plugin\asciidoctor-maven-plugin\src\main\java\org\asciidoctor\maven\AsciidoctorMojo.java,370
CLIENT:client-code,N/A,false,FieldAccessExpr,org.asciidoctor.maven.AsciidoctorMojo,sourceDocumentExtensions,C:\Users\tyin363\Documents\repos\asciidoctor__asciidoctor-maven-plugin\asciidoctor-maven-plugin\src\main\java\org\asciidoctor\maven\AsciidoctorMojo.java,452
CLIENT:client-code,N/A,false,MethodCallExpr,org.asciidoctor.maven.model.Resource,getTargetPath,C:\Users\tyin363\Documents\repos\asciidoctor__asciidoctor-maven-plugin\asciidoctor-maven-plugin\src\main\java\org\asciidoctor\maven\process\CopyResourcesProcessor.java,188
JDK:java.base,N/A,false,MethodCallExpr,java.util.List,isEmpty,C:\Users\tyin363\Documents\repos\asciidoctor__asciidoctor-maven-plugin\asciidoctor-maven-plugin\src\main\java\org\asciidoctor\maven\AsciidoctorRefreshMojo.java,164
CLIENT:client-code,N/A,false,ClassOrInterfaceType,org.asciidoctor.maven.process.ResourcesProcessor,ResourcesProcessor,C:\Users\tyin363\Documents\repos\asciidoctor__asciidoctor-maven-plugin\asciidoctor-maven-plugin\src\main\java\org\asciidoctor\maven\AsciidoctorMojo.java,147
JDK:java.base,N/A,false,ClassOrInterfaceType,java.util.List,List,C:\Users\tyin363\Documents\repos\asciidoctor__asciidoctor-maven-plugin\asciidoctor-maven-plugin\src\main\java\org\asciidoctor\maven\AsciidoctorMojo.java,527
JDK:java.base,N/A,false,ObjectCreationExpr,java.io.File,File,C:\Users\tyin363\Documents\repos\asciidoctor__asciidoctor-maven-plugin\asciidoctor-maven-plugin\src\main\java\org\asciidoctor\maven\refresh\ResourceCopyFileAlterationListenerAdaptor.java,35
CLIENT:client-code,N/A,false,MethodCallExpr,org.asciidoctor.maven.AsciidoctorMojo,logConvertedFile,C:\Users\tyin363\Documents\repos\asciidoctor__asciidoctor-maven-plugin\asciidoctor-maven-plugin\src\main\java\org\asciidoctor\maven\AsciidoctorMojo.java,359
JDK:java.base,N/A,false,ClassOrInterfaceType,java.io.File,File,C:\Users\tyin363\Documents\repos\asciidoctor__asciidoctor-maven-plugin\asciidoctor-maven-plugin\src\main\java\org\asciidoctor\maven\AsciidoctorMojo.java,51
JDK:java.base,N/A,false,ClassOrInterfaceType,java.lang.Class,Class,C:\Users\tyin363\Documents\repos\asciidoctor__asciidoctor-maven-plugin\asciidoctor-maven-plugin\src\main\java\org\asciidoctor\maven\extensions\AsciidoctorJExtensionRegistry.java,76
CLIENT:client-code,N/A,false,MethodCallExpr,org.asciidoctor.maven.process.SourceDirectoryFinder,resolvePath,C:\Users\tyin363\Documents\repos\asciidoctor__asciidoctor-maven-plugin\asciidoctor-maven-plugin\src\main\java\org\asciidoctor\maven\process\SourceDirectoryFinder.java,47
JDK:java.base,N/A,false,MethodCallExpr,java.util.Collections,singletonList,C:\Users\tyin363\Documents\repos\asciidoctor__asciidoctor-maven-plugin\asciidoctor-maven-plugin\src\main\java\org\asciidoctor\maven\AsciidoctorRefreshMojo.java,144
CLIENT:client-code,N/A,false,MethodCallExpr,org.asciidoctor.maven.AsciidoctorMojo,getBaseDir,C:\Users\tyin363\Documents\repos\asciidoctor__asciidoctor-maven-plugin\asciidoctor-maven-plugin\src\main\java\org\asciidoctor\maven\AsciidoctorMojo.java,302
org.codehaus.plexus:plexus-utils,3.5.1,true,MethodCallExpr,org.codehaus.plexus.util.DirectoryScanner,setBasedir,C:\Users\tyin363\Documents\repos\asciidoctor__asciidoctor-maven-plugin\asciidoctor-maven-plugin\src\main\java\org\asciidoctor\maven\process\CopyResourcesProcessor.java,142
JDK:java.base,N/A,false,MethodCallExpr,java.lang.Class,getMethod,C:\Users\tyin363\Documents\repos\asciidoctor__asciidoctor-maven-plugin\asciidoctor-maven-plugin\src\main\java\org\asciidoctor\maven\AsciidoctorJFactory.java,42
JDK:java.base,N/A,false,MethodCallExpr,java.util.concurrent.Future,get,C:\Users\tyin363\Documents\repos\asciidoctor__asciidoctor-maven-plugin\asciidoctor-maven-plugin\src\main\java\org\asciidoctor\maven\http\AsciidoctorHttpServer.java,111
CLIENT:client-code,N/A,false,ClassOrInterfaceType,org.asciidoctor.maven.model.Resource,Resource,C:\Users\tyin363\Documents\repos\asciidoctor__asciidoctor-maven-plugin\asciidoctor-maven-plugin\src\main\java\org\asciidoctor\maven\process\CopyResourcesProcessor.java,83
JDK:java.base,N/A,false,MethodCallExpr,java.io.File,getPath,C:\Users\tyin363\Documents\repos\asciidoctor__asciidoctor-maven-plugin\asciidoctor-maven-plugin\src\main\java\org\asciidoctor\maven\AsciidoctorMojo.java,201
org.apache.maven:maven-plugin-api,3.9.9,true,MethodCallExpr,org.apache.maven.plugin.logging.Log,info,C:\Users\tyin363\Documents\repos\asciidoctor__asciidoctor-maven-plugin\asciidoctor-maven-plugin\src\main\java\org\asciidoctor\maven\refresh\AsciidoctorConverterFileAlterationListenerAdaptor.java,23
CLIENT:client-code,N/A,false,MethodCallExpr,org.asciidoctor.maven.refresh.AbstractFileAlterationListenerAdaptor,getLog,C:\Users\tyin363\Documents\repos\asciidoctor__asciidoctor-maven-plugin\asciidoctor-maven-plugin\src\main\java\org\asciidoctor\maven\refresh\ResourceCopyFileAlterationListenerAdaptor.java,65
JDK:java.base,N/A,false,ClassOrInterfaceType,java.util.List,List,C:\Users\tyin363\Documents\repos\asciidoctor__asciidoctor-maven-plugin\asciidoctor-maven-plugin\src\main\java\org\asciidoctor\maven\process\SourceDocumentFinder.java,50
CLIENT:client-code,N/A,false,MethodCallExpr,org.asciidoctor.maven.process.CopyResourcesProcessor,prepareResources,C:\Users\tyin363\Documents\repos\asciidoctor__asciidoctor-maven-plugin\asciidoctor-maven-plugin\src\main\java\org\asciidoctor\maven\process\CopyResourcesProcessor.java,66
CLIENT:client-code,N/A,false,FieldAccessExpr,org.asciidoctor.maven.AsciidoctorMojo,templateEngine,C:\Users\tyin363\Documents\repos\asciidoctor__asciidoctor-maven-plugin\asciidoctor-maven-plugin\src\main\java\org\asciidoctor\maven\AsciidoctorMojo.java,444
org.apache.maven:maven-plugin-api,3.9.9,true,ClassOrInterfaceType,org.apache.maven.plugin.MojoExecutionException,MojoExecutionException,C:\Users\tyin363\Documents\repos\asciidoctor__asciidoctor-maven-plugin\asciidoctor-maven-plugin\src\main\java\org\asciidoctor\maven\AsciidoctorRefreshMojo.java,150
org.apache.maven:maven-plugin-api,3.9.9,true,ClassOrInterfaceType,org.apache.maven.plugin.MojoFailureException,MojoFailureException,C:\Users\tyin363\Documents\repos\asciidoctor__asciidoctor-maven-plugin\asciidoctor-maven-plugin\src\main\java\org\asciidoctor\maven\AsciidoctorMojo.java,155
CLIENT:client-code,N/A,false,ObjectCreationExpr,org.asciidoctor.maven.AsciidoctorMojo.Destination,Destination,C:\Users\tyin363\Documents\repos\asciidoctor__asciidoctor-maven-plugin\asciidoctor-maven-plugin\src\main\java\org\asciidoctor\maven\AsciidoctorMojo.java,326
JDK:java.base,N/A,false,ClassOrInterfaceType,java.lang.String,String,C:\Users\tyin363\Documents\repos\asciidoctor__asciidoctor-maven-plugin\asciidoctor-maven-plugin\src\main\java\org\asciidoctor\maven\extensions\ExtensionConfiguration.java,36
CLIENT:client-code,N/A,false,MethodCallExpr,org.asciidoctor.maven.refresh.AbstractFileAlterationListenerAdaptor,getLog,C:\Users\tyin363\Documents\repos\asciidoctor__asciidoctor-maven-plugin\asciidoctor-maven-plugin\src\main\java\org\asciidoctor\maven\refresh\AsciidoctorConverterFileAlterationListenerAdaptor.java,23
CLIENT:client-code,N/A,false,ClassOrInterfaceType,org.asciidoctor.maven.AsciidoctorOptionsFactory,AsciidoctorOptionsFactory,C:\Users\tyin363\Documents\repos\asciidoctor__asciidoctor-maven-plugin\asciidoctor-maven-plugin\src\main\java\org\asciidoctor\maven\AsciidoctorMojo.java,139
JDK:java.base,N/A,false,MethodCallExpr,java.util.regex.Pattern,compile,C:\Users\tyin363\Documents\repos\asciidoctor__asciidoctor-maven-plugin\asciidoctor-maven-plugin\src\main\java\org\asciidoctor\maven\process\SourceDocumentFinder.java,64
JDK:java.base,N/A,false,ClassOrInterfaceType,java.io.File,File,C:\Users\tyin363\Documents\repos\asciidoctor__asciidoctor-maven-plugin\asciidoctor-maven-plugin\src\main\java\org\asciidoctor\maven\AsciidoctorMojo.java,54
JDK:java.base,N/A,false,ClassOrInterfaceType,java.util.Optional,Optional,C:\Users\tyin363\Documents\repos\asciidoctor__asciidoctor-maven-plugin\asciidoctor-maven-plugin\src\main\java\org\asciidoctor\maven\AsciidoctorMojo.java,272
org.asciidoctor:asciidoctorj-api,3.0.0,true,MethodCallExpr,org.asciidoctor.extension.JavaExtensionRegistry,block,C:\Users\tyin363\Documents\repos\asciidoctor__asciidoctor-maven-plugin\asciidoctor-maven-plugin\src\main\java\org\asciidoctor\maven\extensions\AsciidoctorJExtensionRegistry.java,60
JDK:java.base,N/A,false,ClassOrInterfaceType,java.io.File,File,C:\Users\tyin363\Documents\repos\asciidoctor__asciidoctor-maven-plugin\asciidoctor-maven-plugin\src\main\java\org\asciidoctor\maven\AsciidoctorMojo.java,384
CLIENT:client-code,N/A,false,FieldAccessExpr,org.asciidoctor.maven.AsciidoctorMaven,PREFIX,C:\Users\tyin363\Documents\repos\asciidoctor__asciidoctor-maven-plugin\asciidoctor-maven-plugin\src\main\java\org\asciidoctor\maven\AsciidoctorZipMojo.java,22
JDK:java.base,N/A,false,ClassOrInterfaceType,java.io.File,File,C:\Users\tyin363\Documents\repos\asciidoctor__asciidoctor-maven-plugin\asciidoctor-maven-plugin\src\main\java\org\asciidoctor\maven\AsciidoctorMojo.java,186
JDK:java.base,N/A,false,MethodCallExpr,java.util.Optional,empty,C:\Users\tyin363\Documents\repos\asciidoctor__asciidoctor-maven-plugin\asciidoctor-maven-plugin\src\main\java\org\asciidoctor\maven\process\SourceDirectoryFinder.java,42
io.netty:netty-transport,4.2.3.Final,true,ObjectCreationExpr,io.netty.channel.ChannelInitializer,ChannelInitializer,C:\Users\tyin363\Documents\repos\asciidoctor__asciidoctor-maven-plugin\asciidoctor-maven-plugin\src\main\java\org\asciidoctor\maven\http\AsciidoctorHttpServer.java,79
org.asciidoctor:asciidoctorj-api,3.0.0,true,ClassOrInterfaceType,org.asciidoctor.extension.IncludeProcessor,IncludeProcessor,C:\Users\tyin363\Documents\repos\asciidoctor__asciidoctor-maven-plugin\asciidoctor-maven-plugin\src\main\java\org\asciidoctor\maven\extensions\AsciidoctorJExtensionRegistry.java,64
CLIENT:client-code,N/A,false,MethodCallExpr,org.asciidoctor.maven.model.Resource,getTargetPath,C:\Users\tyin363\Documents\repos\asciidoctor__asciidoctor-maven-plugin\asciidoctor-maven-plugin\src\main\java\org\asciidoctor\maven\refresh\ResourceCopyFileAlterationListenerAdaptor.java,51
JDK:java.base,N/A,false,MethodCallExpr,java.util.List,isEmpty,C:\Users\tyin363\Documents\repos\asciidoctor__asciidoctor-maven-plugin\asciidoctor-maven-plugin\src\main\java\org\asciidoctor\maven\AsciidoctorMojo.java,195
CLIENT:client-code,N/A,false,MethodCallExpr,org.asciidoctor.maven.model.Resource,setExcludes,C:\Users\tyin363\Documents\repos\asciidoctor__asciidoctor-maven-plugin\asciidoctor-maven-plugin\src\main\java\org\asciidoctor\maven\process\CopyResourcesProcessor.java,136
CLIENT:client-code,N/A,false,ObjectCreationExpr,org.asciidoctor.maven.AsciidoctorMojo.Destination,Destination,C:\Users\tyin363\Documents\repos\asciidoctor__asciidoctor-maven-plugin\asciidoctor-maven-plugin\src\main\java\org\asciidoctor\maven\AsciidoctorMojo.java,325
CLIENT:client-code,N/A,false,MethodCallExpr,org.asciidoctor.maven.AsciidoctorMojo,getTemplateDirs,C:\Users\tyin363\Documents\repos\asciidoctor__asciidoctor-maven-plugin\asciidoctor-maven-plugin\src\main\java\org\asciidoctor\maven\AsciidoctorOptionsFactory.java,92
JDK:java.base,N/A,false,MethodCallExpr,java.lang.String,split,C:\Users\tyin363\Documents\repos\asciidoctor__asciidoctor-maven-plugin\asciidoctor-maven-plugin\src\main\java\org\asciidoctor\maven\AsciidoctorJFactory.java,53
JDK:java.base,N/A,false,ClassOrInterfaceType,java.lang.String,String,C:\Users\tyin363\Documents\repos\asciidoctor__asciidoctor-maven-plugin\asciidoctor-maven-plugin\src\main\java\org\asciidoctor\maven\model\Resource.java,25
CLIENT:client-code,N/A,false,ObjectCreationExpr,org.asciidoctor.maven.refresh.AdditionalSourceFileAlterationListenerAdaptor,AdditionalSourceFileAlterationListenerAdaptor,C:\Users\tyin363\Documents\repos\asciidoctor__asciidoctor-maven-plugin\asciidoctor-maven-plugin\src\main\java\org\asciidoctor\maven\AsciidoctorRefreshMojo.java,129
JDK:java.base,N/A,false,ClassOrInterfaceType,java.nio.file.Files,Files,C:\Users\tyin363\Documents\repos\asciidoctor__asciidoctor-maven-plugin\asciidoctor-maven-plugin\src\main\java\org\asciidoctor\maven\process\SourceDocumentFinder.java,70
org.asciidoctor:asciidoctorj-api,3.0.0,true,FieldAccessExpr,org.asciidoctor.Options,TEMPLATE_CACHE,C:\Users\tyin363\Documents\repos\asciidoctor__asciidoctor-maven-plugin\asciidoctor-maven-plugin\src\main\java\org\asciidoctor\maven\AsciidoctorOptionsFactory.java,83
CLIENT:client-code,N/A,false,FieldAccessExpr,org.asciidoctor.maven.AsciidoctorHttpMojo,home,C:\Users\tyin363\Documents\repos\asciidoctor__asciidoctor-maven-plugin\asciidoctor-maven-plugin\src\main\java\org\asciidoctor\maven\AsciidoctorHttpMojo.java,47
CLIENT:client-code,N/A,false,FieldAccessExpr,org.asciidoctor.maven.AsciidoctorMaven,PREFIX,C:\Users\tyin363\Documents\repos\asciidoctor__asciidoctor-maven-plugin\asciidoctor-maven-plugin\src\main\java\org\asciidoctor\maven\AsciidoctorMojo.java,101
org.apache.maven:maven-plugin-api,3.9.9,true,MethodCallExpr,org.apache.maven.plugin.AbstractMojo,getLog,C:\Users\tyin363\Documents\repos\asciidoctor__asciidoctor-maven-plugin\asciidoctor-maven-plugin\src\main\java\org\asciidoctor\maven\AsciidoctorRefreshMojo.java,91
io.netty:netty-codec-http,4.2.3.Final,false,ObjectCreationExpr,io.netty.handler.codec.http.HttpResponseEncoder,HttpResponseEncoder,C:\Users\tyin363\Documents\repos\asciidoctor__asciidoctor-maven-plugin\asciidoctor-maven-plugin\src\main\java\org\asciidoctor\maven\http\AsciidoctorHttpServer.java,85
commons-io:commons-io,2.20.0,false,MethodCallExpr,org.apache.commons.io.filefilter.FileFilterUtils,or,C:\Users\tyin363\Documents\repos\asciidoctor__asciidoctor-maven-plugin\asciidoctor-maven-plugin\src\main\java\org\asciidoctor\maven\AsciidoctorRefreshMojo.java,172
io.netty:netty-codec-http,4.2.3.Final,false,MethodCallExpr,io.netty.handler.codec.http.DefaultHttpMessage,headers,C:\Users\tyin363\Documents\repos\asciidoctor__asciidoctor-maven-plugin\asciidoctor-maven-plugin\src\main\java\org\asciidoctor\maven\http\AsciidoctorHandler.java,87
JDK:java.base,N/A,false,MethodCallExpr,java.io.File,getAbsolutePath,C:\Users\tyin363\Documents\repos\asciidoctor__asciidoctor-maven-plugin\asciidoctor-maven-plugin\src\main\java\org\asciidoctor\maven\AsciidoctorMojo.java,366
CLIENT:client-code,N/A,false,FieldAccessExpr,org.asciidoctor.maven.AsciidoctorZipMojo,zip,C:\Users\tyin363\Documents\repos\asciidoctor__asciidoctor-maven-plugin\asciidoctor-maven-plugin\src\main\java\org\asciidoctor\maven\AsciidoctorZipMojo.java,88
io.netty:netty-codec-http,4.2.3.Final,false,FieldAccessExpr,io.netty.handler.codec.http.HttpVersion,HTTP_1_1,C:\Users\tyin363\Documents\repos\asciidoctor__asciidoctor-maven-plugin\asciidoctor-maven-plugin\src\main\java\org\asciidoctor\maven\http\AsciidoctorHandler.java,46
JDK:java.base,N/A,false,MethodCallExpr,java.util.StringJoiner,add,C:\Users\tyin363\Documents\repos\asciidoctor__asciidoctor-maven-plugin\asciidoctor-maven-plugin\src\main\java\org\asciidoctor\maven\refresh\ResourcesPatternBuilder.java,29
org.apache.maven:maven-plugin-api,3.9.9,true,MethodCallExpr,org.apache.maven.plugin.logging.Log,info,C:\Users\tyin363\Documents\repos\asciidoctor__asciidoctor-maven-plugin\asciidoctor-maven-plugin\src\main\java\org\asciidoctor\maven\AsciidoctorMojo.java,366
JDK:java.base,N/A,false,MethodCallExpr,java.io.File,getCanonicalPath,C:\Users\tyin363\Documents\repos\asciidoctor__asciidoctor-maven-plugin\asciidoctor-maven-plugin\src\main\java\org\asciidoctor\maven\AsciidoctorMojo.java,314
org.asciidoctor:asciidoctorj-api,3.0.0,true,ClassOrInterfaceType,org.asciidoctor.extension.IncludeProcessor,IncludeProcessor,C:\Users\tyin363\Documents\repos\asciidoctor__asciidoctor-maven-plugin\asciidoctor-maven-plugin\src\main\java\org\asciidoctor\maven\extensions\AsciidoctorJExtensionRegistry.java,65
commons-io:commons-io,2.20.0,false,ObjectCreationExpr,org.apache.commons.io.filefilter.RegexFileFilter,RegexFileFilter,C:\Users\tyin363\Documents\repos\asciidoctor__asciidoctor-maven-plugin\asciidoctor-maven-plugin\src\main\java\org\asciidoctor\maven\AsciidoctorRefreshMojo.java,128
JDK:java.base,N/A,false,MethodCallExpr,java.util.Optional,get,C:\Users\tyin363\Documents\repos\asciidoctor__asciidoctor-maven-plugin\asciidoctor-maven-plugin\src\main\java\org\asciidoctor\maven\AsciidoctorRefreshMojo.java,114
CLIENT:client-code,N/A,false,FieldAccessExpr,org.asciidoctor.maven.AsciidoctorMaven,PREFIX,C:\Users\tyin363\Documents\repos\asciidoctor__asciidoctor-maven-plugin\asciidoctor-maven-plugin\src\main\java\org\asciidoctor\maven\AsciidoctorMojo.java,98
org.asciidoctor:asciidoctorj-api,3.0.0,true,MethodCallExpr,org.asciidoctor.OptionsBuilder,backend,C:\Users\tyin363\Documents\repos\asciidoctor__asciidoctor-maven-plugin\asciidoctor-maven-plugin\src\main\java\org\asciidoctor\maven\AsciidoctorOptionsFactory.java,67
JDK:java.base,N/A,false,MethodCallExpr,java.lang.String,equals,C:\Users\tyin363\Documents\repos\asciidoctor__asciidoctor-maven-plugin\asciidoctor-maven-plugin\src\main\java\org\asciidoctor\maven\refresh\ResourceCopyFileAlterationListenerAdaptor.java,107
JDK:java.base,N/A,false,MethodCallExpr,java.util.Collection,stream,C:\Users\tyin363\Documents\repos\asciidoctor__asciidoctor-maven-plugin\asciidoctor-maven-plugin\src\main\java\org\asciidoctor\maven\refresh\ResourceCopyFileAlterationListenerAdaptor.java,119
CLIENT:client-code,N/A,false,ClassOrInterfaceType,org.asciidoctor.maven.AsciidoctorJFactory,AsciidoctorJFactory,C:\Users\tyin363\Documents\repos\asciidoctor__asciidoctor-maven-plugin\asciidoctor-maven-plugin\src\main\java\org\asciidoctor\maven\AsciidoctorHttpMojo.java,25
JDK:java.base,N/A,false,MethodCallExpr,java.util.stream.Collectors,toList,C:\Users\tyin363\Documents\repos\asciidoctor__asciidoctor-maven-plugin\asciidoctor-maven-plugin\src\main\java\org\asciidoctor\maven\process\SourceDocumentFinder.java,83
CLIENT:client-code,N/A,false,MethodCallExpr,org.asciidoctor.maven.refresh.ResourceCopyFileAlterationListenerAdaptor,resourceDirectory,C:\Users\tyin363\Documents\repos\asciidoctor__asciidoctor-maven-plugin\asciidoctor-maven-plugin\src\main\java\org\asciidoctor\maven\refresh\ResourceCopyFileAlterationListenerAdaptor.java,87
CLIENT:client-code,N/A,false,MethodCallExpr,org.asciidoctor.maven.model.Resource,getTargetPath,C:\Users\tyin363\Documents\repos\asciidoctor__asciidoctor-maven-plugin\asciidoctor-maven-plugin\src\main\java\org\asciidoctor\maven\refresh\ResourceCopyFileAlterationListenerAdaptor.java,53
JDK:java.base,N/A,false,MethodCallExpr,java.util.StringJoiner,add,C:\Users\tyin363\Documents\repos\asciidoctor__asciidoctor-maven-plugin\asciidoctor-maven-plugin\src\main\java\org\asciidoctor\maven\refresh\ResourcesPatternBuilder.java,32
JDK:java.base,N/A,false,MethodCallExpr,java.lang.String,format,C:\Users\tyin363\Documents\repos\asciidoctor__asciidoctor-maven-plugin\asciidoctor-maven-plugin\src\main\java\org\asciidoctor\maven\http\AsciidoctorHttpServer.java,95
JDK:java.base,N/A,false,ClassOrInterfaceType,java.lang.String,String,C:\Users\tyin363\Documents\repos\asciidoctor__asciidoctor-maven-plugin\asciidoctor-maven-plugin\src\main\java\org\asciidoctor\maven\process\CopyResourcesProcessor.java,108
CLIENT:client-code,N/A,false,ClassOrInterfaceType,org.asciidoctor.maven.AsciidoctorMojo,AsciidoctorMojo,C:\Users\tyin363\Documents\repos\asciidoctor__asciidoctor-maven-plugin\asciidoctor-maven-plugin\src\main\java\org\asciidoctor\maven\process\CopyResourcesProcessor.java,77
commons-io:commons-io,2.20.0,false,ClassOrInterfaceType,org.apache.commons.io.monitor.FileAlterationListener,FileAlterationListener,C:\Users\tyin363\Documents\repos\asciidoctor__asciidoctor-maven-plugin\asciidoctor-maven-plugin\src\main\java\org\asciidoctor\maven\AsciidoctorRefreshMojo.java,138
CLIENT:client-code,N/A,false,MethodCallExpr,org.asciidoctor.maven.AsciidoctorRefreshMojo,showWaitMessage,C:\Users\tyin363\Documents\repos\asciidoctor__asciidoctor-maven-plugin\asciidoctor-maven-plugin\src\main\java\org\asciidoctor\maven\AsciidoctorRefreshMojo.java,120
org.asciidoctor:asciidoctorj-api,3.0.0,true,ClassOrInterfaceType,org.asciidoctor.extension.Processor,Processor,C:\Users\tyin363\Documents\repos\asciidoctor__asciidoctor-maven-plugin\asciidoctor-maven-plugin\src\main\java\org\asciidoctor\maven\extensions\AsciidoctorJExtensionRegistry.java,43
JDK:java.base,N/A,false,ClassOrInterfaceType,java.lang.String,String,C:\Users\tyin363\Documents\repos\asciidoctor__asciidoctor-maven-plugin\asciidoctor-maven-plugin\src\main\java\org\asciidoctor\maven\extensions\ExtensionConfiguration.java,32
org.apache.maven:maven-plugin-api,3.9.9,true,MethodCallExpr,org.apache.maven.plugin.logging.Log,error,C:\Users\tyin363\Documents\repos\asciidoctor__asciidoctor-maven-plugin\asciidoctor-maven-plugin\src\main\java\org\asciidoctor\maven\refresh\AdditionalSourceFileAlterationListenerAdaptor.java,28
CLIENT:client-code,N/A,false,ClassOrInterfaceType,org.asciidoctor.maven.model.Resource,Resource,C:\Users\tyin363\Documents\repos\asciidoctor__asciidoctor-maven-plugin\asciidoctor-maven-plugin\src\main\java\org\asciidoctor\maven\refresh\ResourceCopyFileAlterationListenerAdaptor.java,81
JDK:java.base,N/A,false,ClassOrInterfaceType,java.io.File,File,C:\Users\tyin363\Documents\repos\asciidoctor__asciidoctor-maven-plugin\asciidoctor-maven-plugin\src\main\java\org\asciidoctor\maven\process\SourceDirectoryFinder.java,66
JDK:java.base,N/A,false,ClassOrInterfaceType,java.util.List,List,C:\Users\tyin363\Documents\repos\asciidoctor__asciidoctor-maven-plugin\asciidoctor-maven-plugin\src\main\java\org\asciidoctor\maven\AsciidoctorMojo.java,531
CLIENT:client-code,N/A,false,MethodCallExpr,org.asciidoctor.maven.refresh.AbstractFileAlterationListenerAdaptor,getLog,C:\Users\tyin363\Documents\repos\asciidoctor__asciidoctor-maven-plugin\asciidoctor-maven-plugin\src\main\java\org\asciidoctor\maven\refresh\AsciidoctorConverterFileAlterationListenerAdaptor.java,28
JDK:java.base,N/A,false,ClassOrInterfaceType,java.io.File,File,C:\Users\tyin363\Documents\repos\asciidoctor__asciidoctor-maven-plugin\asciidoctor-maven-plugin\src\main\java\org\asciidoctor\maven\AsciidoctorMojo.java,319
JDK:java.base,N/A,false,MethodCallExpr,java.lang.String,equalsIgnoreCase,C:\Users\tyin363\Documents\repos\asciidoctor__asciidoctor-maven-plugin\asciidoctor-maven-plugin\src\main\java\org\asciidoctor\maven\AsciidoctorRefreshMojo.java,82
JDK:java.base,N/A,false,MethodCallExpr,java.io.File,isDirectory,C:\Users\tyin363\Documents\repos\asciidoctor__asciidoctor-maven-plugin\asciidoctor-maven-plugin\src\main\java\org\asciidoctor\maven\refresh\ResourceCopyFileAlterationListenerAdaptor.java,101
org.asciidoctor:asciidoctorj-api,3.0.0,true,MethodCallExpr,org.asciidoctor.Asciidoctor,javaExtensionRegistry,C:\Users\tyin363\Documents\repos\asciidoctor__asciidoctor-maven-plugin\asciidoctor-maven-plugin\src\main\java\org\asciidoctor\maven\extensions\AsciidoctorJExtensionRegistry.java,30
CLIENT:client-code,N/A,false,MethodCallExpr,org.asciidoctor.maven.refresh.AbstractFileAlterationListenerAdaptor,getLog,C:\Users\tyin363\Documents\repos\asciidoctor__asciidoctor-maven-plugin\asciidoctor-maven-plugin\src\main\java\org\asciidoctor\maven\refresh\ResourceCopyFileAlterationListenerAdaptor.java,61
CLIENT:client-code,N/A,false,FieldAccessExpr,org.asciidoctor.maven.refresh.AbstractFileAlterationListenerAdaptor,postAction,C:\Users\tyin363\Documents\repos\asciidoctor__asciidoctor-maven-plugin\asciidoctor-maven-plugin\src\main\java\org\asciidoctor\maven\refresh\AbstractFileAlterationListenerAdaptor.java,17
CLIENT:client-code,N/A,false,ClassOrInterfaceType,org.asciidoctor.maven.AsciidoctorJFactory,AsciidoctorJFactory,C:\Users\tyin363\Documents\repos\asciidoctor__asciidoctor-maven-plugin\asciidoctor-maven-plugin\src\main\java\org\asciidoctor\maven\AsciidoctorMojo.java,138
CLIENT:client-code,N/A,false,FieldAccessExpr,org.asciidoctor.maven.AsciidoctorMojo,resources,C:\Users\tyin363\Documents\repos\asciidoctor__asciidoctor-maven-plugin\asciidoctor-maven-plugin\src\main\java\org\asciidoctor\maven\AsciidoctorMojo.java,532
JDK:java.base,N/A,false,ClassOrInterfaceType,java.lang.String,String,C:\Users\tyin363\Documents\repos\asciidoctor__asciidoctor-maven-plugin\asciidoctor-maven-plugin\src\main\java\org\asciidoctor\maven\AsciidoctorMojo.java,87
JDK:java.base,N/A,false,MethodCallExpr,java.util.List,isEmpty,C:\Users\tyin363\Documents\repos\asciidoctor__asciidoctor-maven-plugin\asciidoctor-maven-plugin\src\main\java\org\asciidoctor\maven\refresh\ResourcesPatternBuilder.java,31
CLIENT:client-code,N/A,false,ClassOrInterfaceType,org.asciidoctor.maven.process.ResourcesProcessor,ResourcesProcessor,C:\Users\tyin363\Documents\repos\asciidoctor__asciidoctor-maven-plugin\asciidoctor-maven-plugin\src\main\java\org\asciidoctor\maven\process\CopyResourcesProcessor.java,30
JDK:java.base,N/A,false,ClassOrInterfaceType,java.io.File,File,C:\Users\tyin363\Documents\repos\asciidoctor__asciidoctor-maven-plugin\asciidoctor-maven-plugin\src\main\java\org\asciidoctor\maven\io\Zips.java,14
CLIENT:client-code,N/A,false,MethodCallExpr,org.asciidoctor.maven.refresh.AbstractFileAlterationListenerAdaptor,processFile,C:\Users\tyin363\Documents\repos\asciidoctor__asciidoctor-maven-plugin\asciidoctor-maven-plugin\src\main\java\org\asciidoctor\maven\refresh\AbstractFileAlterationListenerAdaptor.java,23
JDK:java.base,N/A,false,ClassOrInterfaceType,java.io.File,File,C:\Users\tyin363\Documents\repos\asciidoctor__asciidoctor-maven-plugin\asciidoctor-maven-plugin\src\main\java\org\asciidoctor\maven\refresh\ResourceCopyFileAlterationListenerAdaptor.java,70
CLIENT:client-code,N/A,false,MethodCallExpr,org.asciidoctor.maven.AsciidoctorMojo,findSourceFiles,C:\Users\tyin363\Documents\repos\asciidoctor__asciidoctor-maven-plugin\asciidoctor-maven-plugin\src\main\java\org\asciidoctor\maven\AsciidoctorMojo.java,193
JDK:java.base,N/A,false,MethodCallExpr,java.io.File,getName,C:\Users\tyin363\Documents\repos\asciidoctor__asciidoctor-maven-plugin\asciidoctor-maven-plugin\src\main\java\org\asciidoctor\maven\http\AsciidoctorHandler.java,87
org.asciidoctor:asciidoctorj-api,3.0.0,true,MethodCallExpr,org.asciidoctor.extension.JavaExtensionRegistry,blockMacro,C:\Users\tyin363\Documents\repos\asciidoctor__asciidoctor-maven-plugin\asciidoctor-maven-plugin\src\main\java\org\asciidoctor\maven\extensions\AsciidoctorJExtensionRegistry.java,70
CLIENT:client-code,N/A,false,FieldAccessExpr,org.asciidoctor.maven.AsciidoctorMojo,doctype,C:\Users\tyin363\Documents\repos\asciidoctor__asciidoctor-maven-plugin\asciidoctor-maven-plugin\src\main\java\org\asciidoctor\maven\AsciidoctorMojo.java,428
CLIENT:client-code,N/A,false,MethodCallExpr,org.asciidoctor.maven.AsciidoctorMojo,getBaseDir,C:\Users\tyin363\Documents\repos\asciidoctor__asciidoctor-maven-plugin\asciidoctor-maven-plugin\src\main\java\org\asciidoctor\maven\AsciidoctorMojo.java,301
JDK:java.base,N/A,false,ClassOrInterfaceType,java.io.IOException,IOException,C:\Users\tyin363\Documents\repos\asciidoctor__asciidoctor-maven-plugin\asciidoctor-maven-plugin\src\main\java\org\asciidoctor\maven\io\Zips.java,30
JDK:java.base,N/A,false,MethodCallExpr,java.io.File,isDirectory,C:\Users\tyin363\Documents\repos\asciidoctor__asciidoctor-maven-plugin\asciidoctor-maven-plugin\src\main\java\org\asciidoctor\maven\refresh\ResourceCopyFileAlterationListenerAdaptor.java,100
org.apache.maven:maven-plugin-api,3.9.9,true,ClassOrInterfaceType,org.apache.maven.plugin.MojoExecutionException,MojoExecutionException,C:\Users\tyin363\Documents\repos\asciidoctor__asciidoctor-maven-plugin\asciidoctor-maven-plugin\src\main\java\org\asciidoctor\maven\AsciidoctorJFactory.java,44
org.apache.maven:maven-plugin-api,3.9.9,true,ObjectCreationExpr,org.apache.maven.plugin.MojoExecutionException,MojoExecutionException,C:\Users\tyin363\Documents\repos\asciidoctor__asciidoctor-maven-plugin\asciidoctor-maven-plugin\src\main\java\org\asciidoctor\maven\AsciidoctorMojo.java,209
org.codehaus.plexus:plexus-utils,3.5.1,true,MethodCallExpr,org.codehaus.plexus.util.AbstractScanner,setIncludes,C:\Users\tyin363\Documents\repos\asciidoctor__asciidoctor-maven-plugin\asciidoctor-maven-plugin\src\main\java\org\asciidoctor\maven\process\CopyResourcesProcessor.java,145
JDK:java.base,N/A,false,MethodCallExpr,java.lang.String,format,C:\Users\tyin363\Documents\repos\asciidoctor__asciidoctor-maven-plugin\asciidoctor-maven-plugin\src\main\java\org\asciidoctor\maven\refresh\AsciidoctorConverterFileAlterationListenerAdaptor.java,23
CLIENT:client-code,N/A,false,ClassOrInterfaceType,org.asciidoctor.maven.model.Resource,Resource,C:\Users\tyin363\Documents\repos\asciidoctor__asciidoctor-maven-plugin\asciidoctor-maven-plugin\src\main\java\org\asciidoctor\maven\AsciidoctorMojo.java,207
JDK:java.base,N/A,false,ClassOrInterfaceType,java.util.Optional,Optional,C:\Users\tyin363\Documents\repos\asciidoctor__asciidoctor-maven-plugin\asciidoctor-maven-plugin\src\main\java\org\asciidoctor\maven\AsciidoctorRefreshMojo.java,109
JDK:java.base,N/A,false,MethodCallExpr,java.util.Collection,stream,C:\Users\tyin363\Documents\repos\asciidoctor__asciidoctor-maven-plugin\asciidoctor-maven-plugin\src\main\java\org\asciidoctor\maven\process\CopyResourcesProcessor.java,127
commons-io:commons-io,2.20.0,false,MethodCallExpr,org.apache.commons.io.filefilter.FileFilterUtils,or,C:\Users\tyin363\Documents\repos\asciidoctor__asciidoctor-maven-plugin\asciidoctor-maven-plugin\src\main\java\org\asciidoctor\maven\AsciidoctorRefreshMojo.java,169
io.netty:netty-codec-http,4.2.3.Final,false,ClassOrInterfaceType,io.netty.handler.codec.http.DefaultFullHttpResponse,DefaultFullHttpResponse,C:\Users\tyin363\Documents\repos\asciidoctor__asciidoctor-maven-plugin\asciidoctor-maven-plugin\src\main\java\org\asciidoctor\maven\http\AsciidoctorHandler.java,54
commons-io:commons-io,2.20.0,false,ClassOrInterfaceType,org.apache.commons.io.filefilter.RegexFileFilter,RegexFileFilter,C:\Users\tyin363\Documents\repos\asciidoctor__asciidoctor-maven-plugin\asciidoctor-maven-plugin\src\main\java\org\asciidoctor\maven\AsciidoctorRefreshMojo.java,157
JDK:java.base,N/A,false,ClassOrInterfaceType,java.lang.String,String,C:\Users\tyin363\Documents\repos\asciidoctor__asciidoctor-maven-plugin\asciidoctor-maven-plugin\src\main\java\org\asciidoctor\maven\model\Resource.java,29
JDK:java.base,N/A,false,MethodCallExpr,java.lang.Class,isAssignableFrom,C:\Users\tyin363\Documents\repos\asciidoctor__asciidoctor-maven-plugin\asciidoctor-maven-plugin\src\main\java\org\asciidoctor\maven\extensions\AsciidoctorJExtensionRegistry.java,72
io.netty:netty-codec-http,4.2.3.Final,false,ObjectCreationExpr,io.netty.handler.codec.http.DefaultFullHttpResponse,DefaultFullHttpResponse,C:\Users\tyin363\Documents\repos\asciidoctor__asciidoctor-maven-plugin\asciidoctor-maven-plugin\src\main\java\org\asciidoctor\maven\http\AsciidoctorHandler.java,86
JDK:java.base,N/A,false,ClassOrInterfaceType,java.util.List,List,C:\Users\tyin363\Documents\repos\asciidoctor__asciidoctor-maven-plugin\asciidoctor-maven-plugin\src\main\java\org\asciidoctor\maven\model\Resource.java,10
JDK:java.base,N/A,false,ClassOrInterfaceType,java.lang.String,String,C:\Users\tyin363\Documents\repos\asciidoctor__asciidoctor-maven-plugin\asciidoctor-maven-plugin\src\main\java\org\asciidoctor\maven\AsciidoctorHttpMojo.java,42
io.netty:netty-transport,4.2.3.Final,true,FieldAccessExpr,io.netty.channel.ChannelOption,TCP_NODELAY,C:\Users\tyin363\Documents\repos\asciidoctor__asciidoctor-maven-plugin\asciidoctor-maven-plugin\src\main\java\org\asciidoctor\maven\http\AsciidoctorHttpServer.java,76
JDK:java.base,N/A,false,ClassOrInterfaceType,java.util.ArrayList,ArrayList,C:\Users\tyin363\Documents\repos\asciidoctor__asciidoctor-maven-plugin\asciidoctor-maven-plugin\src\main\java\org\asciidoctor\maven\AsciidoctorMojo.java,120
io.netty:netty-handler,4.2.3.Final,true,ObjectCreationExpr,io.netty.handler.stream.ChunkedWriteHandler,ChunkedWriteHandler,C:\Users\tyin363\Documents\repos\asciidoctor__asciidoctor-maven-plugin\asciidoctor-maven-plugin\src\main\java\org\asciidoctor\maven\http\AsciidoctorHttpServer.java,86
org.codehaus.plexus:plexus-utils,3.5.1,true,MethodCallExpr,org.codehaus.plexus.util.FileUtils,copyFileToDirectory,C:\Users\tyin363\Documents\repos\asciidoctor__asciidoctor-maven-plugin\asciidoctor-maven-plugin\src\main\java\org\asciidoctor\maven\refresh\ResourceCopyFileAlterationListenerAdaptor.java,38
io.netty:netty-codec-http,4.2.3.Final,false,FieldAccessExpr,io.netty.handler.codec.http.HttpMethod,HEAD,C:\Users\tyin363\Documents\repos\asciidoctor__asciidoctor-maven-plugin\asciidoctor-maven-plugin\src\main\java\org\asciidoctor\maven\http\AsciidoctorHandler.java,61
CLIENT:client-code,N/A,false,MethodCallExpr,org.asciidoctor.maven.model.Resource,getIncludes,C:\Users\tyin363\Documents\repos\asciidoctor__asciidoctor-maven-plugin\asciidoctor-maven-plugin\src\main\java\org\asciidoctor\maven\process\CopyResourcesProcessor.java,144
io.netty:netty-transport,4.2.3.Final,true,FieldAccessExpr,io.netty.channel.ChannelOption,SO_REUSEADDR,C:\Users\tyin363\Documents\repos\asciidoctor__asciidoctor-maven-plugin\asciidoctor-maven-plugin\src\main\java\org\asciidoctor\maven\http\AsciidoctorHttpServer.java,74
JDK:java.base,N/A,false,ClassOrInterfaceType,java.io.File,File,C:\Users\tyin363\Documents\repos\asciidoctor__asciidoctor-maven-plugin\asciidoctor-maven-plugin\src\main\java\org\asciidoctor\maven\process\CopyResourcesProcessor.java,139
org.apache.maven:maven-plugin-api,3.9.9,true,MethodCallExpr,org.apache.maven.plugin.AbstractMojo,getLog,C:\Users\tyin363\Documents\repos\asciidoctor__asciidoctor-maven-plugin\asciidoctor-maven-plugin\src\main\java\org\asciidoctor\maven\AsciidoctorMojo.java,254
JDK:java.base,N/A,false,ObjectCreationExpr,java.io.FileOutputStream,FileOutputStream,C:\Users\tyin363\Documents\repos\asciidoctor__asciidoctor-maven-plugin\asciidoctor-maven-plugin\src\main\java\org\asciidoctor\maven\io\Zips.java,17
JDK:java.base,N/A,false,ClassOrInterfaceType,java.lang.String,String,C:\Users\tyin363\Documents\repos\asciidoctor__asciidoctor-maven-plugin\asciidoctor-maven-plugin\src\main\java\org\asciidoctor\maven\AsciidoctorMojo.java,90
CLIENT:client-code,N/A,false,FieldAccessExpr,org.asciidoctor.maven.AsciidoctorMojo.Destination,isOutput,C:\Users\tyin363\Documents\repos\asciidoctor__asciidoctor-maven-plugin\asciidoctor-maven-plugin\src\main\java\org\asciidoctor\maven\AsciidoctorMojo.java,250
CLIENT:client-code,N/A,false,MethodCallExpr,org.asciidoctor.maven.model.Resource,getExcludes,C:\Users\tyin363\Documents\repos\asciidoctor__asciidoctor-maven-plugin\asciidoctor-maven-plugin\src\main\java\org\asciidoctor\maven\process\CopyResourcesProcessor.java,149
org.apache.maven:maven-plugin-api,3.9.9,true,ClassOrInterfaceType,org.apache.maven.plugin.logging.Log,Log,C:\Users\tyin363\Documents\repos\asciidoctor__asciidoctor-maven-plugin\asciidoctor-maven-plugin\src\main\java\org\asciidoctor\maven\refresh\AbstractFileAlterationListenerAdaptor.java,15
JDK:java.base,N/A,false,ClassOrInterfaceType,java.lang.Exception,Exception,C:\Users\tyin363\Documents\repos\asciidoctor__asciidoctor-maven-plugin\asciidoctor-maven-plugin\src\main\java\org\asciidoctor\maven\AsciidoctorMojo.java,267
JDK:java.base,N/A,false,ClassOrInterfaceType,java.util.List,List,C:\Users\tyin363\Documents\repos\asciidoctor__asciidoctor-maven-plugin\asciidoctor-maven-plugin\src\main\java\org\asciidoctor\maven\model\Resource.java,11
org.asciidoctor:asciidoctorj,3.0.0,false,ClassOrInterfaceType,org.asciidoctor.jruby.internal.JRubyRuntimeContext,JRubyRuntimeContext,C:\Users\tyin363\Documents\repos\asciidoctor__asciidoctor-maven-plugin\asciidoctor-maven-plugin\src\main\java\org\asciidoctor\maven\AsciidoctorJFactory.java,37
org.codehaus.plexus:plexus-utils,3.5.1,true,MethodCallExpr,org.codehaus.plexus.util.AbstractScanner,setExcludes,C:\Users\tyin363\Documents\repos\asciidoctor__asciidoctor-maven-plugin\asciidoctor-maven-plugin\src\main\java\org\asciidoctor\maven\process\CopyResourcesProcessor.java,149
CLIENT:client-code,N/A,false,ClassOrInterfaceType,org.asciidoctor.maven.AsciidoctorRefreshMojo,AsciidoctorRefreshMojo,C:\Users\tyin363\Documents\repos\asciidoctor__asciidoctor-maven-plugin\asciidoctor-maven-plugin\src\main\java\org\asciidoctor\maven\refresh\ResourceCopyFileAlterationListenerAdaptor.java,19
org.apache.maven:maven-plugin-api,3.9.9,true,MethodCallExpr,org.apache.maven.plugin.AbstractMojo,getLog,C:\Users\tyin363\Documents\repos\asciidoctor__asciidoctor-maven-plugin\asciidoctor-maven-plugin\src\main\java\org\asciidoctor\maven\AsciidoctorMojo.java,188
JDK:java.base,N/A,false,ClassOrInterfaceType,java.io.File,File,C:\Users\tyin363\Documents\repos\asciidoctor__asciidoctor-maven-plugin\asciidoctor-maven-plugin\src\main\java\org\asciidoctor\maven\AsciidoctorMojo.java,388
JDK:java.base,N/A,false,ClassOrInterfaceType,java.lang.String,String,C:\Users\tyin363\Documents\repos\asciidoctor__asciidoctor-maven-plugin\asciidoctor-maven-plugin\src\main\java\org\asciidoctor\maven\refresh\ResourceCopyFileAlterationListenerAdaptor.java,34
JDK:java.base,N/A,false,ClassOrInterfaceType,java.util.List,List,C:\Users\tyin363\Documents\repos\asciidoctor__asciidoctor-maven-plugin\asciidoctor-maven-plugin\src\main\java\org\asciidoctor\maven\refresh\ResourceCopyFileAlterationListenerAdaptor.java,81
JDK:java.base,N/A,false,ClassOrInterfaceType,java.io.File,File,C:\Users\tyin363\Documents\repos\asciidoctor__asciidoctor-maven-plugin\asciidoctor-maven-plugin\src\main\java\org\asciidoctor\maven\refresh\ResourceCopyFileAlterationListenerAdaptor.java,68
CLIENT:client-code,N/A,false,FieldAccessExpr,org.asciidoctor.maven.AsciidoctorMojo,embedAssets,C:\Users\tyin363\Documents\repos\asciidoctor__asciidoctor-maven-plugin\asciidoctor-maven-plugin\src\main\java\org\asciidoctor\maven\AsciidoctorMojo.java,476
CLIENT:client-code,N/A,false,ClassOrInterfaceType,org.asciidoctor.maven.AsciidoctorMojo.Destination,Destination,C:\Users\tyin363\Documents\repos\asciidoctor__asciidoctor-maven-plugin\asciidoctor-maven-plugin\src\main\java\org\asciidoctor\maven\AsciidoctorMojo.java,298
JDK:java.base,N/A,false,ObjectCreationExpr,java.io.File,File,C:\Users\tyin363\Documents\repos\asciidoctor__asciidoctor-maven-plugin\asciidoctor-maven-plugin\src\main\java\org\asciidoctor\maven\AsciidoctorMojo.java,328
CLIENT:client-code,N/A,false,ClassOrInterfaceType,org.asciidoctor.maven.process.SourceDocumentFinder,SourceDocumentFinder,C:\Users\tyin363\Documents\repos\asciidoctor__asciidoctor-maven-plugin\asciidoctor-maven-plugin\src\main\java\org\asciidoctor\maven\AsciidoctorMojo.java,146
CLIENT:client-code,N/A,false,MethodCallExpr,org.asciidoctor.maven.process.CopyResourcesProcessor,composeTargetPath,C:\Users\tyin363\Documents\repos\asciidoctor__asciidoctor-maven-plugin\asciidoctor-maven-plugin\src\main\java\org\asciidoctor\maven\process\CopyResourcesProcessor.java,165
JDK:java.base,N/A,false,MethodCallExpr,java.lang.String,substring,C:\Users\tyin363\Documents\repos\asciidoctor__asciidoctor-maven-plugin\asciidoctor-maven-plugin\src\main\java\org\asciidoctor\maven\refresh\ResourceCopyFileAlterationListenerAdaptor.java,34
org.apache.maven:maven-plugin-api,3.9.9,true,MethodCallExpr,org.apache.maven.plugin.logging.Log,info,C:\Users\tyin363\Documents\repos\asciidoctor__asciidoctor-maven-plugin\asciidoctor-maven-plugin\src\main\java\org\asciidoctor\maven\AsciidoctorMojo.java,277
CLIENT:client-code,N/A,false,MethodCallExpr,org.asciidoctor.maven.AsciidoctorRefreshMojo,buildResourcesFileFilter,C:\Users\tyin363\Documents\repos\asciidoctor__asciidoctor-maven-plugin\asciidoctor-maven-plugin\src\main\java\org\asciidoctor\maven\AsciidoctorRefreshMojo.java,137
org.asciidoctor:asciidoctorj-api,3.0.0,true,MethodCallExpr,org.asciidoctor.extension.JavaExtensionRegistry,treeprocessor,C:\Users\tyin363\Documents\repos\asciidoctor__asciidoctor-maven-plugin\asciidoctor-maven-plugin\src\main\java\org\asciidoctor\maven\extensions\AsciidoctorJExtensionRegistry.java,57
JDK:java.base,N/A,false,ClassOrInterfaceType,java.lang.Runnable,Runnable,C:\Users\tyin363\Documents\repos\asciidoctor__asciidoctor-maven-plugin\asciidoctor-maven-plugin\src\main\java\org\asciidoctor\maven\refresh\TimeCounter.java,7
CLIENT:client-code,N/A,false,ClassOrInterfaceType,org.asciidoctor.maven.AsciidoctorMojo,AsciidoctorMojo,C:\Users\tyin363\Documents\repos\asciidoctor__asciidoctor-maven-plugin\asciidoctor-maven-plugin\src\main\java\org\asciidoctor\maven\process\CopyResourcesProcessor.java,65
JDK:java.base,N/A,false,ClassOrInterfaceType,java.lang.String,String,C:\Users\tyin363\Documents\repos\asciidoctor__asciidoctor-maven-plugin\asciidoctor-maven-plugin\src\main\java\org\asciidoctor\maven\AsciidoctorMojo.java,84
JDK:java.base,N/A,false,ClassOrInterfaceType,java.util.List,List,C:\Users\tyin363\Documents\repos\asciidoctor__asciidoctor-maven-plugin\asciidoctor-maven-plugin\src\main\java\org\asciidoctor\maven\model\Resource.java,41
CLIENT:client-code,N/A,false,ClassOrInterfaceType,org.asciidoctor.maven.model.Resource,Resource,C:\Users\tyin363\Documents\repos\asciidoctor__asciidoctor-maven-plugin\asciidoctor-maven-plugin\src\main\java\org\asciidoctor\maven\process\CopyResourcesProcessor.java,125
CLIENT:client-code,N/A,false,MethodCallExpr,org.asciidoctor.maven.process.SourceDirectoryFinder,matchesDefaultSourceDirectory,C:\Users\tyin363\Documents\repos\asciidoctor__asciidoctor-maven-plugin\asciidoctor-maven-plugin\src\main\java\org\asciidoctor\maven\process\SourceDirectoryFinder.java,36
org.apache.maven:maven-core,3.9.9,false,MethodCallExpr,org.apache.maven.project.MavenProject,getProperties,C:\Users\tyin363\Documents\repos\asciidoctor__asciidoctor-maven-plugin\asciidoctor-maven-plugin\src\main\java\org\asciidoctor\maven\AsciidoctorOptionsFactory.java,46
JDK:java.base,N/A,false,MethodCallExpr,java.util.List,isEmpty,C:\Users\tyin363\Documents\repos\asciidoctor__asciidoctor-maven-plugin\asciidoctor-maven-plugin\src\main\java\org\asciidoctor\maven\process\CopyResourcesProcessor.java,144
JDK:java.base,N/A,false,ClassOrInterfaceType,java.lang.String,String,C:\Users\tyin363\Documents\repos\asciidoctor__asciidoctor-maven-plugin\asciidoctor-maven-plugin\src\main\java\org\asciidoctor\maven\extensions\ExtensionRegistry.java,20
JDK:java.base,N/A,false,ClassOrInterfaceType,java.lang.String,String,C:\Users\tyin363\Documents\repos\asciidoctor__asciidoctor-maven-plugin\asciidoctor-maven-plugin\src\main\java\org\asciidoctor\maven\extensions\AsciidoctorJExtensionRegistry.java,41
org.apache.maven:maven-plugin-api,3.9.9,true,ClassOrInterfaceType,org.apache.maven.plugin.logging.Log,Log,C:\Users\tyin363\Documents\repos\asciidoctor__asciidoctor-maven-plugin\asciidoctor-maven-plugin\src\main\java\org\asciidoctor\maven\refresh\AsciidoctorConverterFileAlterationListenerAdaptor.java,17
JDK:java.base,N/A,false,ClassOrInterfaceType,java.io.File,File,C:\Users\tyin363\Documents\repos\asciidoctor__asciidoctor-maven-plugin\asciidoctor-maven-plugin\src\main\java\org\asciidoctor\maven\AsciidoctorMojo.java,176
JDK:java.base,N/A,false,MethodCallExpr,java.nio.file.Path,toString,C:\Users\tyin363\Documents\repos\asciidoctor__asciidoctor-maven-plugin\asciidoctor-maven-plugin\src\main\java\org\asciidoctor\maven\process\SourceDocumentFinder.java,74
CLIENT:client-code,N/A,false,FieldAccessExpr,org.asciidoctor.maven.AsciidoctorMaven,PREFIX,C:\Users\tyin363\Documents\repos\asciidoctor__asciidoctor-maven-plugin\asciidoctor-maven-plugin\src\main\java\org\asciidoctor\maven\AsciidoctorMojo.java,95
JDK:java.base,N/A,false,ClassOrInterfaceType,java.lang.String,String,C:\Users\tyin363\Documents\repos\asciidoctor__asciidoctor-maven-plugin\asciidoctor-maven-plugin\src\main\java\org\asciidoctor\maven\process\CopyResourcesProcessor.java,153
CLIENT:client-code,N/A,false,ObjectCreationExpr,org.asciidoctor.maven.refresh.ResourceCopyFileAlterationListenerAdaptor,ResourceCopyFileAlterationListenerAdaptor,C:\Users\tyin363\Documents\repos\asciidoctor__asciidoctor-maven-plugin\asciidoctor-maven-plugin\src\main\java\org\asciidoctor\maven\AsciidoctorRefreshMojo.java,138
JDK:java.base,N/A,false,MethodCallExpr,java.util.Collection,stream,C:\Users\tyin363\Documents\repos\asciidoctor__asciidoctor-maven-plugin\asciidoctor-maven-plugin\src\main\java\org\asciidoctor\maven\process\SourceDocumentFinder.java,62
JDK:java.base,N/A,false,MethodCallExpr,java.lang.String,equalsIgnoreCase,C:\Users\tyin363\Documents\repos\asciidoctor__asciidoctor-maven-plugin\asciidoctor-maven-plugin\src\main\java\org\asciidoctor\maven\AsciidoctorRefreshMojo.java,78
JDK:java.base,N/A,false,ClassOrInterfaceType,java.lang.String,String,C:\Users\tyin363\Documents\repos\asciidoctor__asciidoctor-maven-plugin\asciidoctor-maven-plugin\src\main\java\org\asciidoctor\maven\refresh\ResourceCopyFileAlterationListenerAdaptor.java,48
CLIENT:client-code,N/A,false,ClassOrInterfaceType,org.asciidoctor.maven.AsciidoctorOptionsFactory,AsciidoctorOptionsFactory,C:\Users\tyin363\Documents\repos\asciidoctor__asciidoctor-maven-plugin\asciidoctor-maven-plugin\src\main\java\org\asciidoctor\maven\AsciidoctorHttpMojo.java,25
org.asciidoctor:asciidoctorj-api,3.0.0,true,ClassOrInterfaceType,org.asciidoctor.Asciidoctor,Asciidoctor,C:\Users\tyin363\Documents\repos\asciidoctor__asciidoctor-maven-plugin\asciidoctor-maven-plugin\src\main\java\org\asciidoctor\maven\AsciidoctorMojo.java,356
CLIENT:client-code,N/A,false,FieldAccessExpr,org.asciidoctor.maven.model.Resource,targetPath,C:\Users\tyin363\Documents\repos\asciidoctor__asciidoctor-maven-plugin\asciidoctor-maven-plugin\src\main\java\org\asciidoctor\maven\model\Resource.java,22
CLIENT:client-code,N/A,false,MethodCallExpr,org.asciidoctor.maven.AsciidoctorMojo,getSourceDocumentName,C:\Users\tyin363\Documents\repos\asciidoctor__asciidoctor-maven-plugin\asciidoctor-maven-plugin\src\main\java\org\asciidoctor\maven\process\CopyResourcesProcessor.java,86
JDK:java.base,N/A,false,ClassOrInterfaceType,java.lang.String,String,C:\Users\tyin363\Documents\repos\asciidoctor__asciidoctor-maven-plugin\asciidoctor-maven-plugin\src\main\java\org\asciidoctor\maven\http\AsciidoctorHandler.java,111
JDK:java.base,N/A,false,ClassOrInterfaceType,java.util.Map,Map,C:\Users\tyin363\Documents\repos\asciidoctor__asciidoctor-maven-plugin\asciidoctor-maven-plugin\src\main\java\org\asciidoctor\maven\AsciidoctorMojo.java,431
JDK:java.base,N/A,false,MethodCallExpr,java.lang.Class,forName,C:\Users\tyin363\Documents\repos\asciidoctor__asciidoctor-maven-plugin\asciidoctor-maven-plugin\src\main\java\org\asciidoctor\maven\extensions\AsciidoctorJExtensionRegistry.java,45
JDK:java.base,N/A,false,ObjectCreationExpr,java.io.File,File,C:\Users\tyin363\Documents\repos\asciidoctor__asciidoctor-maven-plugin\asciidoctor-maven-plugin\src\main\java\org\asciidoctor\maven\AsciidoctorMojo.java,326
CLIENT:client-code,N/A,false,MethodCallExpr,org.asciidoctor.maven.AsciidoctorMojo,ensureOutputExists,C:\Users\tyin363\Documents\repos\asciidoctor__asciidoctor-maven-plugin\asciidoctor-maven-plugin\src\main\java\org\asciidoctor\maven\AsciidoctorMojo.java,200
JDK:java.base,N/A,false,MethodCallExpr,java.lang.String,replace,C:\Users\tyin363\Documents\repos\asciidoctor__asciidoctor-maven-plugin\asciidoctor-maven-plugin\src\main\java\org\asciidoctor\maven\http\AsciidoctorHandler.java,92
org.apache.maven:maven-plugin-api,3.9.9,true,ClassOrInterfaceType,org.apache.maven.plugin.logging.Log,Log,C:\Users\tyin363\Documents\repos\asciidoctor__asciidoctor-maven-plugin\asciidoctor-maven-plugin\src\main\java\org\asciidoctor\maven\AsciidoctorOptionsFactory.java,65
CLIENT:client-code,N/A,false,ClassOrInterfaceType,org.asciidoctor.maven.extensions.ExtensionRegistry,ExtensionRegistry,C:\Users\tyin363\Documents\repos\asciidoctor__asciidoctor-maven-plugin\asciidoctor-maven-plugin\src\main\java\org\asciidoctor\maven\extensions\AsciidoctorJExtensionRegistry.java,20
JDK:java.base,N/A,false,ClassOrInterfaceType,java.lang.ClassNotFoundException,ClassNotFoundException,C:\Users\tyin363\Documents\repos\asciidoctor__asciidoctor-maven-plugin\asciidoctor-maven-plugin\src\main\java\org\asciidoctor\maven\extensions\AsciidoctorJExtensionRegistry.java,46
io.netty:netty-transport,4.2.3.Final,true,MethodCallExpr,io.netty.channel.ChannelFuture,sync,C:\Users\tyin363\Documents\repos\asciidoctor__asciidoctor-maven-plugin\asciidoctor-maven-plugin\src\main\java\org\asciidoctor\maven\http\AsciidoctorHttpServer.java,73
JDK:java.base,N/A,false,ClassOrInterfaceType,java.io.File,File,C:\Users\tyin363\Documents\repos\asciidoctor__asciidoctor-maven-plugin\asciidoctor-maven-plugin\src\main\java\org\asciidoctor\maven\AsciidoctorMojo.java,376
JDK:java.base,N/A,false,ClassOrInterfaceType,java.lang.String,String,C:\Users\tyin363\Documents\repos\asciidoctor__asciidoctor-maven-plugin\asciidoctor-maven-plugin\src\main\java\org\asciidoctor\maven\process\SourceDirectoryFinder.java,17
JDK:java.base,N/A,false,ClassOrInterfaceType,java.io.File,File,C:\Users\tyin363\Documents\repos\asciidoctor__asciidoctor-maven-plugin\asciidoctor-maven-plugin\src\main\java\org\asciidoctor\maven\AsciidoctorZipMojo.java,75
JDK:java.base,N/A,false,ClassOrInterfaceType,java.lang.String,String,C:\Users\tyin363\Documents\repos\asciidoctor__asciidoctor-maven-plugin\asciidoctor-maven-plugin\src\main\java\org\asciidoctor\maven\model\Resource.java,17
JDK:java.base,N/A,false,MethodCallExpr,java.io.File,listFiles,C:\Users\tyin363\Documents\repos\asciidoctor__asciidoctor-maven-plugin\asciidoctor-maven-plugin\src\main\java\org\asciidoctor\maven\io\Zips.java,32
CLIENT:client-code,N/A,false,MethodCallExpr,org.asciidoctor.maven.model.Resource,getIncludes,C:\Users\tyin363\Documents\repos\asciidoctor__asciidoctor-maven-plugin\asciidoctor-maven-plugin\src\main\java\org\asciidoctor\maven\process\CopyResourcesProcessor.java,147
JDK:java.base,N/A,false,ClassOrInterfaceType,java.lang.String,String,C:\Users\tyin363\Documents\repos\asciidoctor__asciidoctor-maven-plugin\asciidoctor-maven-plugin\src\main\java\org\asciidoctor\maven\refresh\ResourceCopyFileAlterationListenerAdaptor.java,47
JDK:java.base,N/A,false,ObjectCreationExpr,java.io.File,File,C:\Users\tyin363\Documents\repos\asciidoctor__asciidoctor-maven-plugin\asciidoctor-maven-plugin\src\main\java\org\asciidoctor\maven\process\SourceDirectoryFinder.java,66
CLIENT:client-code,N/A,false,FieldAccessExpr,org.asciidoctor.maven.AsciidoctorMaven,PREFIX,C:\Users\tyin363\Documents\repos\asciidoctor__asciidoctor-maven-plugin\asciidoctor-maven-plugin\src\main\java\org\asciidoctor\maven\AsciidoctorMojo.java,92
CLIENT:client-code,N/A,false,MethodCallExpr,org.asciidoctor.maven.AsciidoctorMojo,isSourcemap,C:\Users\tyin363\Documents\repos\asciidoctor__asciidoctor-maven-plugin\asciidoctor-maven-plugin\src\main\java\org\asciidoctor\maven\AsciidoctorOptionsFactory.java,76
JDK:java.base,N/A,false,ClassOrInterfaceType,java.util.ArrayList,ArrayList,C:\Users\tyin363\Documents\repos\asciidoctor__asciidoctor-maven-plugin\asciidoctor-maven-plugin\src\main\java\org\asciidoctor\maven\AsciidoctorMojo.java,99
org.asciidoctor:asciidoctorj-api,3.0.0,true,MethodCallExpr,org.asciidoctor.OptionsBuilder,mkDirs,C:\Users\tyin363\Documents\repos\asciidoctor__asciidoctor-maven-plugin\asciidoctor-maven-plugin\src\main\java\org\asciidoctor\maven\AsciidoctorOptionsFactory.java,67
JDK:java.base,N/A,false,FieldAccessExpr,java.io.File,separator,C:\Users\tyin363\Documents\repos\asciidoctor__asciidoctor-maven-plugin\asciidoctor-maven-plugin\src\main\java\org\asciidoctor\maven\io\Zips.java,19
JDK:java.base,N/A,false,ObjectCreationExpr,java.lang.RuntimeException,RuntimeException,C:\Users\tyin363\Documents\repos\asciidoctor__asciidoctor-maven-plugin\asciidoctor-maven-plugin\src\main\java\org\asciidoctor\maven\process\CopyResourcesProcessor.java,180
CLIENT:client-code,N/A,false,MethodCallExpr,org.asciidoctor.maven.AsciidoctorRefreshMojo,stopMonitors,C:\Users\tyin363\Documents\repos\asciidoctor__asciidoctor-maven-plugin\asciidoctor-maven-plugin\src\main\java\org\asciidoctor\maven\AsciidoctorHttpMojo.java,39
JDK:java.base,N/A,false,FieldAccessExpr,java.io.File,separator,C:\Users\tyin363\Documents\repos\asciidoctor__asciidoctor-maven-plugin\asciidoctor-maven-plugin\src\main\java\org\asciidoctor\maven\AsciidoctorMojo.java,252
JDK:java.base,N/A,false,ClassOrInterfaceType,java.io.IOException,IOException,C:\Users\tyin363\Documents\repos\asciidoctor__asciidoctor-maven-plugin\asciidoctor-maven-plugin\src\main\java\org\asciidoctor\maven\process\SourceDocumentFinder.java,84
org.apache.maven:maven-plugin-api,3.9.9,true,ClassOrInterfaceType,org.apache.maven.plugin.MojoExecutionException,MojoExecutionException,C:\Users\tyin363\Documents\repos\asciidoctor__asciidoctor-maven-plugin\asciidoctor-maven-plugin\src\main\java\org\asciidoctor\maven\AsciidoctorRefreshMojo.java,106
io.netty:netty-codec-http,4.2.3.Final,false,MethodCallExpr,io.netty.handler.codec.http.HttpHeaders,set,C:\Users\tyin363\Documents\repos\asciidoctor__asciidoctor-maven-plugin\asciidoctor-maven-plugin\src\main\java\org\asciidoctor\maven\http\AsciidoctorHandler.java,68
JDK:java.base,N/A,false,MethodCallExpr,java.lang.String,equals,C:\Users\tyin363\Documents\repos\asciidoctor__asciidoctor-maven-plugin\asciidoctor-maven-plugin\src\main\java\org\asciidoctor\maven\http\AsciidoctorHandler.java,100
JDK:java.base,N/A,false,ClassOrInterfaceType,java.lang.String,String,C:\Users\tyin363\Documents\repos\asciidoctor__asciidoctor-maven-plugin\asciidoctor-maven-plugin\src\main\java\org\asciidoctor\maven\AsciidoctorJFactory.java,23
org.apache.maven:maven-plugin-api,3.9.9,true,ClassOrInterfaceType,org.apache.maven.plugin.MojoExecutionException,MojoExecutionException,C:\Users\tyin363\Documents\repos\asciidoctor__asciidoctor-maven-plugin\asciidoctor-maven-plugin\src\main\java\org\asciidoctor\maven\AsciidoctorMojo.java,176
JDK:java.base,N/A,false,ClassOrInterfaceType,java.lang.String,String,C:\Users\tyin363\Documents\repos\asciidoctor__asciidoctor-maven-plugin\asciidoctor-maven-plugin\src\main\java\org\asciidoctor\maven\process\SourceDirectoryFinder.java,18
JDK:java.base,N/A,false,ClassOrInterfaceType,java.io.File,File,C:\Users\tyin363\Documents\repos\asciidoctor__asciidoctor-maven-plugin\asciidoctor-maven-plugin\src\main\java\org\asciidoctor\maven\AsciidoctorMojo.java,243
CLIENT:client-code,N/A,false,ClassOrInterfaceType,org.asciidoctor.maven.AsciidoctorRefreshMojo,AsciidoctorRefreshMojo,C:\Users\tyin363\Documents\repos\asciidoctor__asciidoctor-maven-plugin\asciidoctor-maven-plugin\src\main\java\org\asciidoctor\maven\AsciidoctorHttpMojo.java,14
JDK:java.base,N/A,false,ClassOrInterfaceType,java.lang.String,String,C:\Users\tyin363\Documents\repos\asciidoctor__asciidoctor-maven-plugin\asciidoctor-maven-plugin\src\main\java\org\asciidoctor\maven\AsciidoctorMojo.java,284
CLIENT:client-code,N/A,false,ClassOrInterfaceType,org.asciidoctor.maven.AsciidoctorRefreshMojo,AsciidoctorRefreshMojo,C:\Users\tyin363\Documents\repos\asciidoctor__asciidoctor-maven-plugin\asciidoctor-maven-plugin\src\main\java\org\asciidoctor\maven\refresh\AbstractFileAlterationListenerAdaptor.java,11
CLIENT:client-code,N/A,false,MethodCallExpr,org.asciidoctor.maven.AsciidoctorMojo,getEruby,C:\Users\tyin363\Documents\repos\asciidoctor__asciidoctor-maven-plugin\asciidoctor-maven-plugin\src\main\java\org\asciidoctor\maven\AsciidoctorOptionsFactory.java,74
JDK:java.base,N/A,false,MethodReferenceExpr,java.nio.file.Files,isRegularFile,C:\Users\tyin363\Documents\repos\asciidoctor__asciidoctor-maven-plugin\asciidoctor-maven-plugin\src\main\java\org\asciidoctor\maven\process\SourceDocumentFinder.java,70
JDK:java.base,N/A,false,ClassOrInterfaceType,java.io.File,File,C:\Users\tyin363\Documents\repos\asciidoctor__asciidoctor-maven-plugin\asciidoctor-maven-plugin\src\main\java\org\asciidoctor\maven\AsciidoctorMojo.java,507
CLIENT:client-code,N/A,false,ClassOrInterfaceType,org.asciidoctor.maven.extensions.ExtensionConfiguration,ExtensionConfiguration,C:\Users\tyin363\Documents\repos\asciidoctor__asciidoctor-maven-plugin\asciidoctor-maven-plugin\src\main\java\org\asciidoctor\maven\AsciidoctorMojo.java,523
JDK:java.base,N/A,false,ClassOrInterfaceType,java.lang.String,String,C:\Users\tyin363\Documents\repos\asciidoctor__asciidoctor-maven-plugin\asciidoctor-maven-plugin\src\main\java\org\asciidoctor\maven\extensions\ExtensionConfiguration.java,13
org.asciidoctor:asciidoctorj-api,3.0.0,true,FieldAccessExpr,org.asciidoctor.Options,SOURCEMAP,C:\Users\tyin363\Documents\repos\asciidoctor__asciidoctor-maven-plugin\asciidoctor-maven-plugin\src\main\java\org\asciidoctor\maven\AsciidoctorOptionsFactory.java,77
JDK:java.base,N/A,false,MethodCallExpr,java.util.StringJoiner,add,C:\Users\tyin363\Documents\repos\asciidoctor__asciidoctor-maven-plugin\asciidoctor-maven-plugin\src\main\java\org\asciidoctor\maven\AsciidoctorRefreshMojo.java,167
CLIENT:client-code,N/A,false,ObjectCreationExpr,org.asciidoctor.maven.model.Resource,Resource,C:\Users\tyin363\Documents\repos\asciidoctor__asciidoctor-maven-plugin\asciidoctor-maven-plugin\src\main\java\org\asciidoctor\maven\process\CopyResourcesProcessor.java,83
JDK:java.base,N/A,false,ClassOrInterfaceType,java.io.File,File,C:\Users\tyin363\Documents\repos\asciidoctor__asciidoctor-maven-plugin\asciidoctor-maven-plugin\src\main\java\org\asciidoctor\maven\refresh\AbstractFileAlterationListenerAdaptor.java,28
JDK:java.base,N/A,false,FieldAccessExpr,java.io.File,separator,C:\Users\tyin363\Documents\repos\asciidoctor__asciidoctor-maven-plugin\asciidoctor-maven-plugin\src\main\java\org\asciidoctor\maven\io\Zips.java,20
commons-io:commons-io,2.20.0,false,ObjectCreationExpr,org.apache.commons.io.monitor.FileAlterationObserver,FileAlterationObserver,C:\Users\tyin363\Documents\repos\asciidoctor__asciidoctor-maven-plugin\asciidoctor-maven-plugin\src\main\java\org\asciidoctor\maven\AsciidoctorRefreshMojo.java,119
JDK:java.base,N/A,false,ClassOrInterfaceType,java.lang.Runnable,Runnable,C:\Users\tyin363\Documents\repos\asciidoctor__asciidoctor-maven-plugin\asciidoctor-maven-plugin\src\main\java\org\asciidoctor\maven\refresh\AsciidoctorConverterFileAlterationListenerAdaptor.java,17
JDK:java.base,N/A,false,MethodCallExpr,java.io.File,getParentFile,C:\Users\tyin363\Documents\repos\asciidoctor__asciidoctor-maven-plugin\asciidoctor-maven-plugin\src\main\java\org\asciidoctor\maven\AsciidoctorMojo.java,313
commons-io:commons-io,2.20.0,false,ClassOrInterfaceType,org.apache.commons.io.monitor.FileAlterationMonitor,FileAlterationMonitor,C:\Users\tyin363\Documents\repos\asciidoctor__asciidoctor-maven-plugin\asciidoctor-maven-plugin\src\main\java\org\asciidoctor\maven\AsciidoctorRefreshMojo.java,116
io.netty:netty-codec-http,4.2.3.Final,false,MethodCallExpr,io.netty.handler.codec.http.HttpHeaders,set,C:\Users\tyin363\Documents\repos\asciidoctor__asciidoctor-maven-plugin\asciidoctor-maven-plugin\src\main\java\org\asciidoctor\maven\http\AsciidoctorHandler.java,67
org.apache.maven:maven-plugin-api,3.9.9,true,ClassOrInterfaceType,org.apache.maven.plugin.MojoFailureException,MojoFailureException,C:\Users\tyin363\Documents\repos\asciidoctor__asciidoctor-maven-plugin\asciidoctor-maven-plugin\src\main\java\org\asciidoctor\maven\AsciidoctorZipMojo.java,46
JDK:java.base,N/A,false,ClassOrInterfaceType,java.io.File,File,C:\Users\tyin363\Documents\repos\asciidoctor__asciidoctor-maven-plugin\asciidoctor-maven-plugin\src\main\java\org\asciidoctor\maven\AsciidoctorRefreshMojo.java,109
CLIENT:client-code,N/A,false,MethodCallExpr,org.asciidoctor.maven.model.Resource,getExcludes,C:\Users\tyin363\Documents\repos\asciidoctor__asciidoctor-maven-plugin\asciidoctor-maven-plugin\src\main\java\org\asciidoctor\maven\process\CopyResourcesProcessor.java,136
JDK:java.base,N/A,false,ObjectCreationExpr,java.io.File,File,C:\Users\tyin363\Documents\repos\asciidoctor__asciidoctor-maven-plugin\asciidoctor-maven-plugin\src\main\java\org\asciidoctor\maven\process\CopyResourcesProcessor.java,129
JDK:java.base,N/A,false,ClassOrInterfaceType,java.util.List,List,C:\Users\tyin363\Documents\repos\asciidoctor__asciidoctor-maven-plugin\asciidoctor-maven-plugin\src\main\java\org\asciidoctor\maven\AsciidoctorMojo.java,111
JDK:java.base,N/A,false,ClassOrInterfaceType,java.lang.String,String,C:\Users\tyin363\Documents\repos\asciidoctor__asciidoctor-maven-plugin\asciidoctor-maven-plugin\src\main\java\org\asciidoctor\maven\http\AsciidoctorHttpServer.java,33
JDK:java.base,N/A,false,MethodCallExpr,java.util.List,toArray,C:\Users\tyin363\Documents\repos\asciidoctor__asciidoctor-maven-plugin\asciidoctor-maven-plugin\src\main\java\org\asciidoctor\maven\refresh\ResourceCopyFileAlterationListenerAdaptor.java,48
JDK:java.base,N/A,false,ClassOrInterfaceType,java.util.Scanner,Scanner,C:\Users\tyin363\Documents\repos\asciidoctor__asciidoctor-maven-plugin\asciidoctor-maven-plugin\src\main\java\org\asciidoctor\maven\AsciidoctorRefreshMojo.java,75
CLIENT:client-code,N/A,false,MethodCallExpr,org.asciidoctor.maven.AsciidoctorMojo,getEruby,C:\Users\tyin363\Documents\repos\asciidoctor__asciidoctor-maven-plugin\asciidoctor-maven-plugin\src\main\java\org\asciidoctor\maven\AsciidoctorOptionsFactory.java,73
JDK:java.base,N/A,false,MethodCallExpr,java.lang.Thread,setDaemon,C:\Users\tyin363\Documents\repos\asciidoctor__asciidoctor-maven-plugin\asciidoctor-maven-plugin\src\main\java\org\asciidoctor\maven\http\AsciidoctorHttpServer.java,66
JDK:java.base,N/A,false,ClassOrInterfaceType,java.lang.String,String,C:\Users\tyin363\Documents\repos\asciidoctor__asciidoctor-maven-plugin\asciidoctor-maven-plugin\src\main\java\org\asciidoctor\maven\AsciidoctorMojo.java,411
JDK:java.base,N/A,false,MethodCallExpr,java.io.File,equals,C:\Users\tyin363\Documents\repos\asciidoctor__asciidoctor-maven-plugin\asciidoctor-maven-plugin\src\main\java\org\asciidoctor\maven\process\SourceDirectoryFinder.java,58
org.apache.maven:maven-plugin-api,3.9.9,true,ObjectCreationExpr,org.apache.maven.plugin.MojoExecutionException,MojoExecutionException,C:\Users\tyin363\Documents\repos\asciidoctor__asciidoctor-maven-plugin\asciidoctor-maven-plugin\src\main\java\org\asciidoctor\maven\AsciidoctorMojo.java,331
CLIENT:client-code,N/A,false,MethodCallExpr,org.asciidoctor.maven.http.AsciidoctorHandler,send,C:\Users\tyin363\Documents\repos\asciidoctor__asciidoctor-maven-plugin\asciidoctor-maven-plugin\src\main\java\org\asciidoctor\maven\http\AsciidoctorHandler.java,56
CLIENT:client-code,N/A,false,FieldAccessExpr,org.asciidoctor.maven.http.AsciidoctorHttpServer,port,C:\Users\tyin363\Documents\repos\asciidoctor__asciidoctor-maven-plugin\asciidoctor-maven-plugin\src\main\java\org\asciidoctor\maven\http\AsciidoctorHttpServer.java,48
org.apache.maven:maven-plugin-api,3.9.9,true,MethodCallExpr,org.apache.maven.plugin.logging.Log,error,C:\Users\tyin363\Documents\repos\asciidoctor__asciidoctor-maven-plugin\asciidoctor-maven-plugin\src\main\java\org\asciidoctor\maven\http\AsciidoctorHttpServer.java,116
JDK:java.base,N/A,false,ClassOrInterfaceType,java.lang.String,String,C:\Users\tyin363\Documents\repos\asciidoctor__asciidoctor-maven-plugin\asciidoctor-maven-plugin\src\main\java\org\asciidoctor\maven\refresh\ResourceCopyFileAlterationListenerAdaptor.java,45
CLIENT:client-code,N/A,false,FieldAccessExpr,org.asciidoctor.maven.AsciidoctorMojo.Destination,path,C:\Users\tyin363\Documents\repos\asciidoctor__asciidoctor-maven-plugin\asciidoctor-maven-plugin\src\main\java\org\asciidoctor\maven\AsciidoctorMojo.java,247
CLIENT:client-code,N/A,false,MethodCallExpr,org.asciidoctor.maven.AsciidoctorRefreshMojo,doWork,C:\Users\tyin363\Documents\repos\asciidoctor__asciidoctor-maven-plugin\asciidoctor-maven-plugin\src\main\java\org\asciidoctor\maven\AsciidoctorRefreshMojo.java,55
JDK:java.base,N/A,false,ClassOrInterfaceType,java.io.File,File,C:\Users\tyin363\Documents\repos\asciidoctor__asciidoctor-maven-plugin\asciidoctor-maven-plugin\src\main\java\org\asciidoctor\maven\AsciidoctorMojo.java,48
CLIENT:client-code,N/A,false,ClassOrInterfaceType,org.asciidoctor.maven.extensions.ExtensionConfiguration,ExtensionConfiguration,C:\Users\tyin363\Documents\repos\asciidoctor__asciidoctor-maven-plugin\asciidoctor-maven-plugin\src\main\java\org\asciidoctor\maven\AsciidoctorMojo.java,120
org.asciidoctor:asciidoctorj-api,3.0.0,true,MethodCallExpr,org.asciidoctor.AttributesBuilder,dataUri,C:\Users\tyin363\Documents\repos\asciidoctor__asciidoctor-maven-plugin\asciidoctor-maven-plugin\src\main\java\org\asciidoctor\maven\AsciidoctorOptionsFactory.java,43
JDK:java.base,N/A,false,ClassOrInterfaceType,java.util.ArrayList,ArrayList,C:\Users\tyin363\Documents\repos\asciidoctor__asciidoctor-maven-plugin\asciidoctor-maven-plugin\src\main\java\org\asciidoctor\maven\process\CopyResourcesProcessor.java,96
io.netty:netty-common,4.2.3.Final,true,FieldAccessExpr,io.netty.util.CharsetUtil,UTF_8,C:\Users\tyin363\Documents\repos\asciidoctor__asciidoctor-maven-plugin\asciidoctor-maven-plugin\src\main\java\org\asciidoctor\maven\http\AsciidoctorHandler.java,77
JDK:java.base,N/A,false,ClassOrInterfaceType,java.io.IOException,IOException,C:\Users\tyin363\Documents\repos\asciidoctor__asciidoctor-maven-plugin\asciidoctor-maven-plugin\src\main\java\org\asciidoctor\maven\process\CopyResourcesProcessor.java,179
CLIENT:client-code,N/A,false,MethodCallExpr,org.asciidoctor.maven.refresh.ResourceCopyFileAlterationListenerAdaptor,equalDirectories,C:\Users\tyin363\Documents\repos\asciidoctor__asciidoctor-maven-plugin\asciidoctor-maven-plugin\src\main\java\org\asciidoctor\maven\refresh\ResourceCopyFileAlterationListenerAdaptor.java,89
JDK:java.base,N/A,false,ClassOrInterfaceType,java.lang.String,String,C:\Users\tyin363\Documents\repos\asciidoctor__asciidoctor-maven-plugin\asciidoctor-maven-plugin\src\main\java\org\asciidoctor\maven\process\CopyResourcesProcessor.java,149
org.asciidoctor:asciidoctorj-api,3.0.0,true,ClassOrInterfaceType,org.asciidoctor.OptionsBuilder,OptionsBuilder,C:\Users\tyin363\Documents\repos\asciidoctor__asciidoctor-maven-plugin\asciidoctor-maven-plugin\src\main\java\org\asciidoctor\maven\AsciidoctorOptionsFactory.java,65
org.apache.maven:maven-plugin-api,3.9.9,true,MethodCallExpr,org.apache.maven.plugin.logging.Log,info,C:\Users\tyin363\Documents\repos\asciidoctor__asciidoctor-maven-plugin\asciidoctor-maven-plugin\src\main\java\org\asciidoctor\maven\AsciidoctorZipMojo.java,51
org.apache.maven:maven-plugin-api,3.9.9,true,ClassOrInterfaceType,org.apache.maven.plugin.MojoExecutionException,MojoExecutionException,C:\Users\tyin363\Documents\repos\asciidoctor__asciidoctor-maven-plugin\asciidoctor-maven-plugin\src\main\java\org\asciidoctor\maven\AsciidoctorJFactory.java,49
JDK:java.base,N/A,false,ClassOrInterfaceType,java.util.List,List,C:\Users\tyin363\Documents\repos\asciidoctor__asciidoctor-maven-plugin\asciidoctor-maven-plugin\src\main\java\org\asciidoctor\maven\AsciidoctorMojo.java,176
JDK:java.base,N/A,false,ClassOrInterfaceType,java.io.File,File,C:\Users\tyin363\Documents\repos\asciidoctor__asciidoctor-maven-plugin\asciidoctor-maven-plugin\src\main\java\org\asciidoctor\maven\AsciidoctorMojo.java,311
JDK:java.base,N/A,false,ObjectCreationExpr,java.io.File,File,C:\Users\tyin363\Documents\repos\asciidoctor__asciidoctor-maven-plugin\asciidoctor-maven-plugin\src\main\java\org\asciidoctor\maven\process\CopyResourcesProcessor.java,130
JDK:java.base,N/A,false,ObjectCreationExpr,java.util.ArrayList,ArrayList,C:\Users\tyin363\Documents\repos\asciidoctor__asciidoctor-maven-plugin\asciidoctor-maven-plugin\src\main\java\org\asciidoctor\maven\model\Resource.java,47
JDK:java.base,N/A,false,MethodCallExpr,java.util.List,addAll,C:\Users\tyin363\Documents\repos\asciidoctor__asciidoctor-maven-plugin\asciidoctor-maven-plugin\src\main\java\org\asciidoctor\maven\process\CopyResourcesProcessor.java,113
JDK:java.base,N/A,false,MethodCallExpr,java.util.Optional,isPresent,C:\Users\tyin363\Documents\repos\asciidoctor__asciidoctor-maven-plugin\asciidoctor-maven-plugin\src\main\java\org\asciidoctor\maven\AsciidoctorRefreshMojo.java,110
JDK:java.base,N/A,false,ClassOrInterfaceType,java.io.File,File,C:\Users\tyin363\Documents\repos\asciidoctor__asciidoctor-maven-plugin\asciidoctor-maven-plugin\src\main\java\org\asciidoctor\maven\AsciidoctorMojo.java,245
JDK:java.base,N/A,false,MethodCallExpr,java.lang.Throwable,getMessage,C:\Users\tyin363\Documents\repos\asciidoctor__asciidoctor-maven-plugin\asciidoctor-maven-plugin\src\main\java\org\asciidoctor\maven\http\AsciidoctorHttpServer.java,99
org.codehaus.plexus:plexus-utils,3.5.1,true,MethodCallExpr,org.codehaus.plexus.util.FileUtils,forceMkdir,C:\Users\tyin363\Documents\repos\asciidoctor__asciidoctor-maven-plugin\asciidoctor-maven-plugin\src\main\java\org\asciidoctor\maven\refresh\ResourceCopyFileAlterationListenerAdaptor.java,54
io.netty:netty-codec-http,4.2.3.Final,false,ObjectCreationExpr,io.netty.handler.codec.http.DefaultFullHttpResponse,DefaultFullHttpResponse,C:\Users\tyin363\Documents\repos\asciidoctor__asciidoctor-maven-plugin\asciidoctor-maven-plugin\src\main\java\org\asciidoctor\maven\http\AsciidoctorHandler.java,46
JDK:java.base,N/A,false,MethodCallExpr,java.io.File,isAbsolute,C:\Users\tyin363\Documents\repos\asciidoctor__asciidoctor-maven-plugin\asciidoctor-maven-plugin\src\main\java\org\asciidoctor\maven\process\SourceDirectoryFinder.java,63
io.netty:netty-buffer,4.2.3.Final,true,MethodCallExpr,io.netty.buffer.Unpooled,copiedBuffer,C:\Users\tyin363\Documents\repos\asciidoctor__asciidoctor-maven-plugin\asciidoctor-maven-plugin\src\main\java\org\asciidoctor\maven\http\AsciidoctorHandler.java,53
JDK:java.base,N/A,false,ClassOrInterfaceType,java.util.Map,Map,C:\Users\tyin363\Documents\repos\asciidoctor__asciidoctor-maven-plugin\asciidoctor-maven-plugin\src\main\java\org\asciidoctor\maven\AsciidoctorMojo.java,435
org.apache.maven:maven-core,3.9.9,false,MethodCallExpr,org.apache.maven.project.MavenProjectHelper,attachArtifact,C:\Users\tyin363\Documents\repos\asciidoctor__asciidoctor-maven-plugin\asciidoctor-maven-plugin\src\main\java\org\asciidoctor\maven\AsciidoctorZipMojo.java,57
JDK:java.base,N/A,false,ClassOrInterfaceType,java.lang.String,String,C:\Users\tyin363\Documents\repos\asciidoctor__asciidoctor-maven-plugin\asciidoctor-maven-plugin\src\main\java\org\asciidoctor\maven\http\AsciidoctorHandler.java,107
JDK:java.base,N/A,false,ClassOrInterfaceType,java.lang.String,String,C:\Users\tyin363\Documents\repos\asciidoctor__asciidoctor-maven-plugin\asciidoctor-maven-plugin\src\main\java\org\asciidoctor\maven\process\SourceDirectoryFinder.java,24
org.apache.maven:maven-plugin-api,3.9.9,true,MethodCallExpr,org.apache.maven.plugin.AbstractMojo,getLog,C:\Users\tyin363\Documents\repos\asciidoctor__asciidoctor-maven-plugin\asciidoctor-maven-plugin\src\main\java\org\asciidoctor\maven\AsciidoctorMojo.java,178
io.netty:netty-codec-http,4.2.3.Final,false,ObjectCreationExpr,io.netty.handler.codec.http.HttpRequestDecoder,HttpRequestDecoder,C:\Users\tyin363\Documents\repos\asciidoctor__asciidoctor-maven-plugin\asciidoctor-maven-plugin\src\main\java\org\asciidoctor\maven\http\AsciidoctorHttpServer.java,83
org.asciidoctor:asciidoctorj-api,3.0.0,true,MethodCallExpr,org.asciidoctor.Asciidoctor,requireLibrary,C:\Users\tyin363\Documents\repos\asciidoctor__asciidoctor-maven-plugin\asciidoctor-maven-plugin\src\main\java\org\asciidoctor\maven\AsciidoctorMojo.java,217
JDK:java.base,N/A,false,ClassOrInterfaceType,java.util.HashSet,HashSet,C:\Users\tyin363\Documents\repos\asciidoctor__asciidoctor-maven-plugin\asciidoctor-maven-plugin\src\main\java\org\asciidoctor\maven\AsciidoctorMojo.java,243
JDK:java.base,N/A,false,MethodCallExpr,java.util.Optional,empty,C:\Users\tyin363\Documents\repos\asciidoctor__asciidoctor-maven-plugin\asciidoctor-maven-plugin\src\main\java\org\asciidoctor\maven\process\SourceDirectoryFinder.java,54
commons-io:commons-io,2.20.0,false,ClassOrInterfaceType,org.apache.commons.io.monitor.FileAlterationMonitor,FileAlterationMonitor,C:\Users\tyin363\Documents\repos\asciidoctor__asciidoctor-maven-plugin\asciidoctor-maven-plugin\src\main\java\org\asciidoctor\maven\AsciidoctorRefreshMojo.java,45
JDK:java.base,N/A,false,ClassOrInterfaceType,java.lang.Runnable,Runnable,C:\Users\tyin363\Documents\repos\asciidoctor__asciidoctor-maven-plugin\asciidoctor-maven-plugin\src\main\java\org\asciidoctor\maven\refresh\AdditionalSourceFileAlterationListenerAdaptor.java,16
JDK:java.base,N/A,false,ObjectCreationExpr,java.util.ArrayList,ArrayList,C:\Users\tyin363\Documents\repos\asciidoctor__asciidoctor-maven-plugin\asciidoctor-maven-plugin\src\main\java\org\asciidoctor\maven\AsciidoctorMojo.java,111
CLIENT:client-code,N/A,false,ClassOrInterfaceType,org.asciidoctor.maven.process.SourceDocumentFinder,SourceDocumentFinder,C:\Users\tyin363\Documents\repos\asciidoctor__asciidoctor-maven-plugin\asciidoctor-maven-plugin\src\main\java\org\asciidoctor\maven\AsciidoctorMojo.java,140
JDK:java.base,N/A,false,MethodCallExpr,java.nio.file.Path,resolve,C:\Users\tyin363\Documents\repos\asciidoctor__asciidoctor-maven-plugin\asciidoctor-maven-plugin\src\main\java\org\asciidoctor\maven\process\CopyResourcesProcessor.java,174
JDK:java.base,N/A,false,MethodCallExpr,java.util.concurrent.TimeUnit,toMillis,C:\Users\tyin363\Documents\repos\asciidoctor__asciidoctor-maven-plugin\asciidoctor-maven-plugin\src\main\java\org\asciidoctor\maven\refresh\TimeCounter.java,11
org.asciidoctor:asciidoctorj-api,3.0.0,true,MethodCallExpr,org.asciidoctor.OptionsBuilder,standalone,C:\Users\tyin363\Documents\repos\asciidoctor__asciidoctor-maven-plugin\asciidoctor-maven-plugin\src\main\java\org\asciidoctor\maven\AsciidoctorOptionsFactory.java,67
JDK:java.base,N/A,false,ClassOrInterfaceType,java.io.File,File,C:\Users\tyin363\Documents\repos\asciidoctor__asciidoctor-maven-plugin\asciidoctor-maven-plugin\src\main\java\org\asciidoctor\maven\AsciidoctorMojo.java,314
JDK:java.base,N/A,false,ClassOrInterfaceType,java.io.File,File,C:\Users\tyin363\Documents\repos\asciidoctor__asciidoctor-maven-plugin\asciidoctor-maven-plugin\src\main\java\org\asciidoctor\maven\AsciidoctorMojo.java,380
org.apache.maven:maven-plugin-api,3.9.9,true,MethodCallExpr,org.apache.maven.plugin.logging.Log,info,C:\Users\tyin363\Documents\repos\asciidoctor__asciidoctor-maven-plugin\asciidoctor-maven-plugin\src\main\java\org\asciidoctor\maven\http\AsciidoctorHttpServer.java,95
CLIENT:client-code,N/A,false,FieldAccessExpr,org.asciidoctor.maven.AsciidoctorMojo,rootDir,C:\Users\tyin363\Documents\repos\asciidoctor__asciidoctor-maven-plugin\asciidoctor-maven-plugin\src\main\java\org\asciidoctor\maven\AsciidoctorMojo.java,492
CLIENT:client-code,N/A,false,MethodCallExpr,org.asciidoctor.maven.refresh.ResourceCopyFileAlterationListenerAdaptor,findMatchingResources,C:\Users\tyin363\Documents\repos\asciidoctor__asciidoctor-maven-plugin\asciidoctor-maven-plugin\src\main\java\org\asciidoctor\maven\refresh\ResourceCopyFileAlterationListenerAdaptor.java,32
CLIENT:client-code,N/A,false,ObjectCreationExpr,org.asciidoctor.maven.refresh.AsciidoctorConverterFileAlterationListenerAdaptor,AsciidoctorConverterFileAlterationListenerAdaptor,C:\Users\tyin363\Documents\repos\asciidoctor__asciidoctor-maven-plugin\asciidoctor-maven-plugin\src\main\java\org\asciidoctor\maven\AsciidoctorRefreshMojo.java,120
JDK:java.base,N/A,false,ClassOrInterfaceType,java.lang.InterruptedException,InterruptedException,C:\Users\tyin363\Documents\repos\asciidoctor__asciidoctor-maven-plugin\asciidoctor-maven-plugin\src\main\java\org\asciidoctor\maven\http\AsciidoctorHttpServer.java,98
org.apache.maven:maven-core,3.9.9,false,MethodCallExpr,org.apache.maven.project.MavenProjectHelper,attachArtifact,C:\Users\tyin363\Documents\repos\asciidoctor__asciidoctor-maven-plugin\asciidoctor-maven-plugin\src\main\java\org\asciidoctor\maven\AsciidoctorZipMojo.java,60
org.apache.maven:maven-plugin-api,3.9.9,true,MethodCallExpr,org.apache.maven.plugin.logging.Log,error,C:\Users\tyin363\Documents\repos\asciidoctor__asciidoctor-maven-plugin\asciidoctor-maven-plugin\src\main\java\org\asciidoctor\maven\http\AsciidoctorHttpServer.java,114
CLIENT:client-code,N/A,false,ClassOrInterfaceType,org.asciidoctor.maven.AsciidoctorRefreshMojo,AsciidoctorRefreshMojo,C:\Users\tyin363\Documents\repos\asciidoctor__asciidoctor-maven-plugin\asciidoctor-maven-plugin\src\main\java\org\asciidoctor\maven\refresh\AbstractFileAlterationListenerAdaptor.java,15
JDK:java.base,N/A,false,MethodCallExpr,java.io.File,isAbsolute,C:\Users\tyin363\Documents\repos\asciidoctor__asciidoctor-maven-plugin\asciidoctor-maven-plugin\src\main\java\org\asciidoctor\maven\AsciidoctorMojo.java,324
JDK:java.base,N/A,false,ClassOrInterfaceType,java.lang.String,String,C:\Users\tyin363\Documents\repos\asciidoctor__asciidoctor-maven-plugin\asciidoctor-maven-plugin\src\main\java\org\asciidoctor\maven\model\Resource.java,21
JDK:java.base,N/A,false,MethodCallExpr,java.io.File,getParentFile,C:\Users\tyin363\Documents\repos\asciidoctor__asciidoctor-maven-plugin\asciidoctor-maven-plugin\src\main\java\org\asciidoctor\maven\refresh\ResourceCopyFileAlterationListenerAdaptor.java,89
JDK:java.base,N/A,false,MethodCallExpr,java.lang.String,replaceAll,C:\Users\tyin363\Documents\repos\asciidoctor__asciidoctor-maven-plugin\asciidoctor-maven-plugin\src\main\java\org\asciidoctor\maven\AsciidoctorJFactory.java,31
org.asciidoctor:asciidoctorj-api,3.0.0,true,ClassOrInterfaceType,org.asciidoctor.Asciidoctor,Asciidoctor,C:\Users\tyin363\Documents\repos\asciidoctor__asciidoctor-maven-plugin\asciidoctor-maven-plugin\src\main\java\org\asciidoctor\maven\AsciidoctorJFactory.java,23
JDK:java.base,N/A,false,ClassOrInterfaceType,java.lang.String,String,C:\Users\tyin363\Documents\repos\asciidoctor__asciidoctor-maven-plugin\asciidoctor-maven-plugin\src\main\java\org\asciidoctor\maven\process\CopyResourcesProcessor.java,147
JDK:java.base,N/A,false,ClassOrInterfaceType,java.io.File,File,C:\Users\tyin363\Documents\repos\asciidoctor__asciidoctor-maven-plugin\asciidoctor-maven-plugin\src\main\java\org\asciidoctor\maven\refresh\AbstractFileAlterationListenerAdaptor.java,33
org.apache.maven:maven-plugin-api,3.9.9,true,MethodCallExpr,org.apache.maven.plugin.AbstractMojo,getLog,C:\Users\tyin363\Documents\repos\asciidoctor__asciidoctor-maven-plugin\asciidoctor-maven-plugin\src\main\java\org\asciidoctor\maven\AsciidoctorRefreshMojo.java,120
commons-io:commons-io,2.20.0,false,MethodCallExpr,org.apache.commons.io.monitor.FileAlterationObserver,addListener,C:\Users\tyin363\Documents\repos\asciidoctor__asciidoctor-maven-plugin\asciidoctor-maven-plugin\src\main\java\org\asciidoctor\maven\AsciidoctorRefreshMojo.java,122
JDK:java.base,N/A,false,ClassOrInterfaceType,java.io.File,File,C:\Users\tyin363\Documents\repos\asciidoctor__asciidoctor-maven-plugin\asciidoctor-maven-plugin\src\main\java\org\asciidoctor\maven\AsciidoctorMojo.java,247
JDK:java.base,N/A,false,MethodCallExpr,java.util.List,of,C:\Users\tyin363\Documents\repos\asciidoctor__asciidoctor-maven-plugin\asciidoctor-maven-plugin\src\main\java\org\asciidoctor\maven\AsciidoctorMojo.java,348
CLIENT:client-code,N/A,false,MethodCallExpr,org.asciidoctor.maven.AsciidoctorMojo,isTemplateCache,C:\Users\tyin363\Documents\repos\asciidoctor__asciidoctor-maven-plugin\asciidoctor-maven-plugin\src\main\java\org\asciidoctor\maven\AsciidoctorOptionsFactory.java,82
JDK:java.base,N/A,false,ClassOrInterfaceType,java.lang.RuntimeException,RuntimeException,C:\Users\tyin363\Documents\repos\asciidoctor__asciidoctor-maven-plugin\asciidoctor-maven-plugin\src\main\java\org\asciidoctor\maven\extensions\AsciidoctorJExtensionRegistry.java,47
JDK:java.base,N/A,false,MethodCallExpr,java.lang.String,replace,C:\Users\tyin363\Documents\repos\asciidoctor__asciidoctor-maven-plugin\asciidoctor-maven-plugin\src\main\java\org\asciidoctor\maven\io\Zips.java,40
org.apache.maven:maven-plugin-api,3.9.9,true,MethodCallExpr,org.apache.maven.plugin.logging.Log,error,C:\Users\tyin363\Documents\repos\asciidoctor__asciidoctor-maven-plugin\asciidoctor-maven-plugin\src\main\java\org\asciidoctor\maven\refresh\ResourceCopyFileAlterationListenerAdaptor.java,61
CLIENT:client-code,N/A,false,ClassOrInterfaceType,org.asciidoctor.maven.extensions.ExtensionConfiguration,ExtensionConfiguration,C:\Users\tyin363\Documents\repos\asciidoctor__asciidoctor-maven-plugin\asciidoctor-maven-plugin\src\main\java\org\asciidoctor\maven\AsciidoctorMojo.java,519
CLIENT:client-code,N/A,false,FieldAccessExpr,org.asciidoctor.maven.AsciidoctorMaven,PREFIX,C:\Users\tyin363\Documents\repos\asciidoctor__asciidoctor-maven-plugin\asciidoctor-maven-plugin\src\main\java\org\asciidoctor\maven\AsciidoctorMojo.java,89
CLIENT:client-code,N/A,false,ClassOrInterfaceType,org.asciidoctor.maven.process.ResourcesProcessor,ResourcesProcessor,C:\Users\tyin363\Documents\repos\asciidoctor__asciidoctor-maven-plugin\asciidoctor-maven-plugin\src\main\java\org\asciidoctor\maven\AsciidoctorRefreshMojo.java,48
JDK:java.base,N/A,false,MethodCallExpr,java.util.List,isEmpty,C:\Users\tyin363\Documents\repos\asciidoctor__asciidoctor-maven-plugin\asciidoctor-maven-plugin\src\main\java\org\asciidoctor\maven\process\CopyResourcesProcessor.java,81
org.apache.maven:maven-plugin-api,3.9.9,true,ObjectCreationExpr,org.apache.maven.plugin.MojoExecutionException,MojoExecutionException,C:\Users\tyin363\Documents\repos\asciidoctor__asciidoctor-maven-plugin\asciidoctor-maven-plugin\src\main\java\org\asciidoctor\maven\AsciidoctorMojo.java,268
CLIENT:client-code,N/A,false,MethodCallExpr,org.asciidoctor.maven.model.Resource,getDirectory,C:\Users\tyin363\Documents\repos\asciidoctor__asciidoctor-maven-plugin\asciidoctor-maven-plugin\src\main\java\org\asciidoctor\maven\process\CopyResourcesProcessor.java,130
io.netty:netty-codec-http,4.2.3.Final,false,ClassOrInterfaceType,io.netty.handler.codec.http.DefaultFullHttpResponse,DefaultFullHttpResponse,C:\Users\tyin363\Documents\repos\asciidoctor__asciidoctor-maven-plugin\asciidoctor-maven-plugin\src\main\java\org\asciidoctor\maven\http\AsciidoctorHandler.java,95
io.netty:netty-transport,4.2.3.Final,true,FieldAccessExpr,io.netty.channel.ChannelOption,SO_SNDBUF,C:\Users\tyin363\Documents\repos\asciidoctor__asciidoctor-maven-plugin\asciidoctor-maven-plugin\src\main\java\org\asciidoctor\maven\http\AsciidoctorHttpServer.java,75
JDK:java.base,N/A,false,ClassOrInterfaceType,java.lang.String,String,C:\Users\tyin363\Documents\repos\asciidoctor__asciidoctor-maven-plugin\asciidoctor-maven-plugin\src\main\java\org\asciidoctor\maven\AsciidoctorHttpMojo.java,16
commons-io:commons-io,2.20.0,false,MethodCallExpr,org.apache.commons.io.monitor.FileAlterationMonitor,stop,C:\Users\tyin363\Documents\repos\asciidoctor__asciidoctor-maven-plugin\asciidoctor-maven-plugin\src\main\java\org\asciidoctor\maven\AsciidoctorRefreshMojo.java,98
JDK:java.base,N/A,false,MethodCallExpr,java.nio.file.Path,toString,C:\Users\tyin363\Documents\repos\asciidoctor__asciidoctor-maven-plugin\asciidoctor-maven-plugin\src\main\java\org\asciidoctor\maven\process\SourceDocumentFinder.java,71
JDK:java.base,N/A,false,MethodCallExpr,java.util.List,isEmpty,C:\Users\tyin363\Documents\repos\asciidoctor__asciidoctor-maven-plugin\asciidoctor-maven-plugin\src\main\java\org\asciidoctor\maven\refresh\ResourceCopyFileAlterationListenerAdaptor.java,44
CLIENT:client-code,N/A,false,MethodCallExpr,org.asciidoctor.maven.AsciidoctorMojo,getSourceDocumentName,C:\Users\tyin363\Documents\repos\asciidoctor__asciidoctor-maven-plugin\asciidoctor-maven-plugin\src\main\java\org\asciidoctor\maven\process\CopyResourcesProcessor.java,88
JDK:java.base,N/A,false,ClassOrInterfaceType,java.util.ArrayList,ArrayList,C:\Users\tyin363\Documents\repos\asciidoctor__asciidoctor-maven-plugin\asciidoctor-maven-plugin\src\main\java\org\asciidoctor\maven\model\Resource.java,35
CLIENT:client-code,N/A,false,ClassOrInterfaceType,org.asciidoctor.maven.AsciidoctorJFactory,AsciidoctorJFactory,C:\Users\tyin363\Documents\repos\asciidoctor__asciidoctor-maven-plugin\asciidoctor-maven-plugin\src\main\java\org\asciidoctor\maven\AsciidoctorMojo.java,144
CLIENT:client-code,N/A,false,MethodCallExpr,org.asciidoctor.maven.AsciidoctorMojo,processSources,C:\Users\tyin363\Documents\repos\asciidoctor__asciidoctor-maven-plugin\asciidoctor-maven-plugin\src\main\java\org\asciidoctor\maven\refresh\AsciidoctorConverterFileAlterationListenerAdaptor.java,26
JDK:java.base,N/A,false,ClassOrInterfaceType,java.lang.String,String,C:\Users\tyin363\Documents\repos\asciidoctor__asciidoctor-maven-plugin\asciidoctor-maven-plugin\src\main\java\org\asciidoctor\maven\AsciidoctorMojo.java,81
org.asciidoctor:asciidoctorj-api,3.0.0,true,ClassOrInterfaceType,org.asciidoctor.Asciidoctor,Asciidoctor,C:\Users\tyin363\Documents\repos\asciidoctor__asciidoctor-maven-plugin\asciidoctor-maven-plugin\src\main\java\org\asciidoctor\maven\AsciidoctorJFactory.java,24
commons-io:commons-io,2.20.0,false,ClassOrInterfaceType,org.apache.commons.io.filefilter.IOFileFilter,IOFileFilter,C:\Users\tyin363\Documents\repos\asciidoctor__asciidoctor-maven-plugin\asciidoctor-maven-plugin\src\main\java\org\asciidoctor\maven\AsciidoctorRefreshMojo.java,160
commons-io:commons-io,2.20.0,false,MethodCallExpr,org.apache.commons.io.filefilter.FileFilterUtils,directoryFileFilter,C:\Users\tyin363\Documents\repos\asciidoctor__asciidoctor-maven-plugin\asciidoctor-maven-plugin\src\main\java\org\asciidoctor\maven\AsciidoctorRefreshMojo.java,169
JDK:java.base,N/A,false,ClassOrInterfaceType,java.util.List,List,C:\Users\tyin363\Documents\repos\asciidoctor__asciidoctor-maven-plugin\asciidoctor-maven-plugin\src\main\java\org\asciidoctor\maven\process\SourceDocumentFinder.java,67
JDK:java.base,N/A,false,MethodCallExpr,java.util.List,toArray,C:\Users\tyin363\Documents\repos\asciidoctor__asciidoctor-maven-plugin\asciidoctor-maven-plugin\src\main\java\org\asciidoctor\maven\process\CopyResourcesProcessor.java,149
org.asciidoctor:asciidoctorj-api,3.0.0,true,ClassOrInterfaceType,org.asciidoctor.OptionsBuilder,OptionsBuilder,C:\Users\tyin363\Documents\repos\asciidoctor__asciidoctor-maven-plugin\asciidoctor-maven-plugin\src\main\java\org\asciidoctor\maven\AsciidoctorMojo.java,298
JDK:java.base,N/A,false,ClassOrInterfaceType,java.io.File,File,C:\Users\tyin363\Documents\repos\asciidoctor__asciidoctor-maven-plugin\asciidoctor-maven-plugin\src\main\java\org\asciidoctor\maven\refresh\AsciidoctorConverterFileAlterationListenerAdaptor.java,22
org.asciidoctor:asciidoctorj-api,3.0.0,true,FieldAccessExpr,org.asciidoctor.Options,CATALOG_ASSETS,C:\Users\tyin363\Documents\repos\asciidoctor__asciidoctor-maven-plugin\asciidoctor-maven-plugin\src\main\java\org\asciidoctor\maven\AsciidoctorOptionsFactory.java,80
JDK:java.base,N/A,false,ClassOrInterfaceType,java.lang.String,String,C:\Users\tyin363\Documents\repos\asciidoctor__asciidoctor-maven-plugin\asciidoctor-maven-plugin\src\main\java\org\asciidoctor\maven\AsciidoctorMojo.java,539
CLIENT:client-code,N/A,false,MethodCallExpr,org.asciidoctor.maven.AsciidoctorMojo,execute,C:\Users\tyin363\Documents\repos\asciidoctor__asciidoctor-maven-plugin\asciidoctor-maven-plugin\src\main\java\org\asciidoctor\maven\AsciidoctorZipMojo.java,47
JDK:java.base,N/A,false,ClassOrInterfaceType,java.lang.String,String,C:\Users\tyin363\Documents\repos\asciidoctor__asciidoctor-maven-plugin\asciidoctor-maven-plugin\src\main\java\org\asciidoctor\maven\process\CopyResourcesProcessor.java,96
CLIENT:client-code,N/A,false,MethodCallExpr,org.asciidoctor.maven.AsciidoctorMojo,getAttributesChain,C:\Users\tyin363\Documents\repos\asciidoctor__asciidoctor-maven-plugin\asciidoctor-maven-plugin\src\main\java\org\asciidoctor\maven\AsciidoctorOptionsFactory.java,51
CLIENT:client-code,N/A,false,ClassOrInterfaceType,org.asciidoctor.maven.model.Resource,Resource,C:\Users\tyin363\Documents\repos\asciidoctor__asciidoctor-maven-plugin\asciidoctor-maven-plugin\src\main\java\org\asciidoctor\maven\AsciidoctorMojo.java,527
JDK:java.base,N/A,false,ClassOrInterfaceType,java.lang.String,String,C:\Users\tyin363\Documents\repos\asciidoctor__asciidoctor-maven-plugin\asciidoctor-maven-plugin\src\main\java\org\asciidoctor\maven\model\Resource.java,11
CLIENT:client-code,N/A,false,MethodCallExpr,org.asciidoctor.maven.model.Resource,getDirectory,C:\Users\tyin363\Documents\repos\asciidoctor__asciidoctor-maven-plugin\asciidoctor-maven-plugin\src\main\java\org\asciidoctor\maven\process\CopyResourcesProcessor.java,129
org.apache.maven:maven-plugin-api,3.9.9,true,MethodCallExpr,org.apache.maven.plugin.logging.Log,info,C:\Users\tyin363\Documents\repos\asciidoctor__asciidoctor-maven-plugin\asciidoctor-maven-plugin\src\main\java\org\asciidoctor\maven\AsciidoctorRefreshMojo.java,68
JDK:java.base,N/A,false,MethodCallExpr,java.lang.String,substring,C:\Users\tyin363\Documents\repos\asciidoctor__asciidoctor-maven-plugin\asciidoctor-maven-plugin\src\main\java\org\asciidoctor\maven\AsciidoctorMojo.java,276
JDK:java.base,N/A,false,ClassOrInterfaceType,java.lang.String,String,C:\Users\tyin363\Documents\repos\asciidoctor__asciidoctor-maven-plugin\asciidoctor-maven-plugin\src\main\java\org\asciidoctor\maven\AsciidoctorRefreshMojo.java,74
org.apache.maven:maven-plugin-api,3.9.9,true,ClassOrInterfaceType,org.apache.maven.plugin.logging.Log,Log,C:\Users\tyin363\Documents\repos\asciidoctor__asciidoctor-maven-plugin\asciidoctor-maven-plugin\src\main\java\org\asciidoctor\maven\refresh\AbstractFileAlterationListenerAdaptor.java,39
io.netty:netty-codec-http,4.2.3.Final,false,FieldAccessExpr,io.netty.handler.codec.http.HttpMethod,HEAD,C:\Users\tyin363\Documents\repos\asciidoctor__asciidoctor-maven-plugin\asciidoctor-maven-plugin\src\main\java\org\asciidoctor\maven\http\AsciidoctorHandler.java,45
CLIENT:client-code,N/A,false,FieldAccessExpr,org.asciidoctor.maven.http.AsciidoctorHttpServer,logger,C:\Users\tyin363\Documents\repos\asciidoctor__asciidoctor-maven-plugin\asciidoctor-maven-plugin\src\main\java\org\asciidoctor\maven\http\AsciidoctorHttpServer.java,47
org.asciidoctor:asciidoctorj-api,3.0.0,true,ClassOrInterfaceType,org.asciidoctor.extension.Preprocessor,Preprocessor,C:\Users\tyin363\Documents\repos\asciidoctor__asciidoctor-maven-plugin\asciidoctor-maven-plugin\src\main\java\org\asciidoctor\maven\extensions\AsciidoctorJExtensionRegistry.java,52
JDK:java.base,N/A,false,ObjectCreationExpr,java.io.File,File,C:\Users\tyin363\Documents\repos\asciidoctor__asciidoctor-maven-plugin\asciidoctor-maven-plugin\src\main\java\org\asciidoctor\maven\io\Zips.java,24
CLIENT:client-code,N/A,false,MethodCallExpr,org.asciidoctor.maven.process.CopyResourcesProcessor,copyResources,C:\Users\tyin363\Documents\repos\asciidoctor__asciidoctor-maven-plugin\asciidoctor-maven-plugin\src\main\java\org\asciidoctor\maven\process\CopyResourcesProcessor.java,67
JDK:java.base,N/A,false,ClassOrInterfaceType,java.lang.String,String,C:\Users\tyin363\Documents\repos\asciidoctor__asciidoctor-maven-plugin\asciidoctor-maven-plugin\src\main\java\org\asciidoctor\maven\http\AsciidoctorHttpServer.java,28
JDK:java.base,N/A,false,ClassOrInterfaceType,java.util.List,List,C:\Users\tyin363\Documents\repos\asciidoctor__asciidoctor-maven-plugin\asciidoctor-maven-plugin\src\main\java\org\asciidoctor\maven\model\Resource.java,33
CLIENT:client-code,N/A,false,FieldAccessExpr,org.asciidoctor.maven.refresh.ResourcesPatternBuilder,sourceDocumentName,C:\Users\tyin363\Documents\repos\asciidoctor__asciidoctor-maven-plugin\asciidoctor-maven-plugin\src\main\java\org\asciidoctor\maven\refresh\ResourcesPatternBuilder.java,24
commons-io:commons-io,2.20.0,false,ClassOrInterfaceType,org.apache.commons.io.filefilter.NameFileFilter,NameFileFilter,C:\Users\tyin363\Documents\repos\asciidoctor__asciidoctor-maven-plugin\asciidoctor-maven-plugin\src\main\java\org\asciidoctor\maven\AsciidoctorRefreshMojo.java,162
JDK:java.base,N/A,false,ClassOrInterfaceType,java.lang.String,String,C:\Users\tyin363\Documents\repos\asciidoctor__asciidoctor-maven-plugin\asciidoctor-maven-plugin\src\main\java\org\asciidoctor\maven\process\SourceDocumentFinder.java,62
JDK:java.base,N/A,false,MethodCallExpr,java.util.regex.Matcher,matches,C:\Users\tyin363\Documents\repos\asciidoctor__asciidoctor-maven-plugin\asciidoctor-maven-plugin\src\main\java\org\asciidoctor\maven\process\SourceDocumentFinder.java,71
org.apache.maven:maven-plugin-api,3.9.9,true,ClassOrInterfaceType,org.apache.maven.plugin.MojoExecutionException,MojoExecutionException,C:\Users\tyin363\Documents\repos\asciidoctor__asciidoctor-maven-plugin\asciidoctor-maven-plugin\src\main\java\org\asciidoctor\maven\AsciidoctorRefreshMojo.java,100
JDK:java.base,N/A,false,ClassOrInterfaceType,java.util.Collection,Collection,C:\Users\tyin363\Documents\repos\asciidoctor__asciidoctor-maven-plugin\asciidoctor-maven-plugin\src\main\java\org\asciidoctor\maven\AsciidoctorRefreshMojo.java,45
CLIENT:client-code,N/A,false,ClassOrInterfaceType,org.asciidoctor.maven.http.AsciidoctorHttpServer,AsciidoctorHttpServer,C:\Users\tyin363\Documents\repos\asciidoctor__asciidoctor-maven-plugin\asciidoctor-maven-plugin\src\main\java\org\asciidoctor\maven\http\AsciidoctorHttpServer.java,58
JDK:java.base,N/A,false,ClassOrInterfaceType,java.io.File,File,C:\Users\tyin363\Documents\repos\asciidoctor__asciidoctor-maven-plugin\asciidoctor-maven-plugin\src\main\java\org\asciidoctor\maven\AsciidoctorMojo.java,233
CLIENT:client-code,N/A,false,FieldAccessExpr,org.asciidoctor.maven.AsciidoctorMaven,PREFIX,C:\Users\tyin363\Documents\repos\asciidoctor__asciidoctor-maven-plugin\asciidoctor-maven-plugin\src\main\java\org\asciidoctor\maven\AsciidoctorMojo.java,86
org.apache.maven:maven-plugin-api,3.9.9,true,ClassOrInterfaceType,org.apache.maven.plugin.MojoExecutionException,MojoExecutionException,C:\Users\tyin363\Documents\repos\asciidoctor__asciidoctor-maven-plugin\asciidoctor-maven-plugin\src\main\java\org\asciidoctor\maven\AsciidoctorMojo.java,165
JDK:java.base,N/A,false,MethodCallExpr,java.util.Arrays,stream,C:\Users\tyin363\Documents\repos\asciidoctor__asciidoctor-maven-plugin\asciidoctor-maven-plugin\src\main\java\org\asciidoctor\maven\refresh\ResourcesPatternBuilder.java,34
JDK:java.base,N/A,false,MethodCallExpr,java.util.List,size,C:\Users\tyin363\Documents\repos\asciidoctor__asciidoctor-maven-plugin\asciidoctor-maven-plugin\src\main\java\org\asciidoctor\maven\AsciidoctorMojo.java,244
CLIENT:client-code,N/A,false,ClassOrInterfaceType,org.asciidoctor.maven.model.Resource,Resource,C:\Users\tyin363\Documents\repos\asciidoctor__asciidoctor-maven-plugin\asciidoctor-maven-plugin\src\main\java\org\asciidoctor\maven\process\CopyResourcesProcessor.java,132
JDK:java.base,N/A,false,ClassOrInterfaceType,java.lang.Exception,Exception,C:\Users\tyin363\Documents\repos\asciidoctor__asciidoctor-maven-plugin\asciidoctor-maven-plugin\src\main\java\org\asciidoctor\maven\AsciidoctorJFactory.java,43
JDK:java.base,N/A,false,ClassOrInterfaceType,java.lang.String,String,C:\Users\tyin363\Documents\repos\asciidoctor__asciidoctor-maven-plugin\asciidoctor-maven-plugin\src\main\java\org\asciidoctor\maven\AsciidoctorMojo.java,75
CLIENT:client-code,N/A,false,ClassOrInterfaceType,org.asciidoctor.maven.model.Resource,Resource,C:\Users\tyin363\Documents\repos\asciidoctor__asciidoctor-maven-plugin\asciidoctor-maven-plugin\src\main\java\org\asciidoctor\maven\process\CopyResourcesProcessor.java,66
CLIENT:client-code,N/A,false,MethodCallExpr,org.asciidoctor.maven.model.Resource,getDirectory,C:\Users\tyin363\Documents\repos\asciidoctor__asciidoctor-maven-plugin\asciidoctor-maven-plugin\src\main\java\org\asciidoctor\maven\AsciidoctorMojo.java,208
JDK:java.base,N/A,false,ClassOrInterfaceType,java.lang.String,String,C:\Users\tyin363\Documents\repos\asciidoctor__asciidoctor-maven-plugin\asciidoctor-maven-plugin\src\main\java\org\asciidoctor\maven\process\SourceDocumentFinder.java,61
JDK:java.base,N/A,false,ClassOrInterfaceType,java.lang.String,String,C:\Users\tyin363\Documents\repos\asciidoctor__asciidoctor-maven-plugin\asciidoctor-maven-plugin\src\main\java\org\asciidoctor\maven\refresh\ResourcesPatternBuilder.java,21
JDK:java.base,N/A,false,ClassOrInterfaceType,java.util.Optional,Optional,C:\Users\tyin363\Documents\repos\asciidoctor__asciidoctor-maven-plugin\asciidoctor-maven-plugin\src\main\java\org\asciidoctor\maven\AsciidoctorMojo.java,186
CLIENT:client-code,N/A,false,FieldAccessExpr,org.asciidoctor.maven.http.AsciidoctorHandler,directory,C:\Users\tyin363\Documents\repos\asciidoctor__asciidoctor-maven-plugin\asciidoctor-maven-plugin\src\main\java\org\asciidoctor\maven\http\AsciidoctorHandler.java,33
JDK:java.base,N/A,false,ClassOrInterfaceType,java.io.File,File,C:\Users\tyin363\Documents\repos\asciidoctor__asciidoctor-maven-plugin\asciidoctor-maven-plugin\src\main\java\org\asciidoctor\maven\AsciidoctorMojo.java,365
JDK:java.base,N/A,false,MethodCallExpr,java.lang.String,endsWith,C:\Users\tyin363\Documents\repos\asciidoctor__asciidoctor-maven-plugin\asciidoctor-maven-plugin\src\main\java\org\asciidoctor\maven\http\AsciidoctorHandler.java,115
CLIENT:client-code,N/A,false,ClassOrInterfaceType,org.asciidoctor.maven.http.AsciidoctorHttpServer,AsciidoctorHttpServer,C:\Users\tyin363\Documents\repos\asciidoctor__asciidoctor-maven-plugin\asciidoctor-maven-plugin\src\main\java\org\asciidoctor\maven\AsciidoctorHttpMojo.java,32
JDK:java.base,N/A,false,MethodCallExpr,java.util.Optional,isPresent,C:\Users\tyin363\Documents\repos\asciidoctor__asciidoctor-maven-plugin\asciidoctor-maven-plugin\src\main\java\org\asciidoctor\maven\AsciidoctorMojo.java,187
org.asciidoctor:asciidoctorj-api,3.0.0,true,ClassOrInterfaceType,org.asciidoctor.OptionsBuilder,OptionsBuilder,C:\Users\tyin363\Documents\repos\asciidoctor__asciidoctor-maven-plugin\asciidoctor-maven-plugin\src\main\java\org\asciidoctor\maven\AsciidoctorMojo.java,230
JDK:java.base,N/A,false,ClassOrInterfaceType,java.lang.String,String,C:\Users\tyin363\Documents\repos\asciidoctor__asciidoctor-maven-plugin\asciidoctor-maven-plugin\src\main\java\org\asciidoctor\maven\AsciidoctorHttpMojo.java,22
CLIENT:client-code,N/A,false,MethodCallExpr,org.asciidoctor.maven.AsciidoctorMojo,isRelativeBaseDir,C:\Users\tyin363\Documents\repos\asciidoctor__asciidoctor-maven-plugin\asciidoctor-maven-plugin\src\main\java\org\asciidoctor\maven\AsciidoctorMojo.java,305
JDK:java.base,N/A,false,ClassOrInterfaceType,java.lang.String,String,C:\Users\tyin363\Documents\repos\asciidoctor__asciidoctor-maven-plugin\asciidoctor-maven-plugin\src\main\java\org\asciidoctor\maven\model\Resource.java,9
CLIENT:client-code,N/A,false,MethodCallExpr,org.asciidoctor.maven.refresh.ResourceCopyFileAlterationListenerAdaptor,equalFiles,C:\Users\tyin363\Documents\repos\asciidoctor__asciidoctor-maven-plugin\asciidoctor-maven-plugin\src\main\java\org\asciidoctor\maven\refresh\ResourceCopyFileAlterationListenerAdaptor.java,70
JDK:java.base,N/A,false,MethodCallExpr,java.util.logging.Logger,setUseParentHandlers,C:\Users\tyin363\Documents\repos\asciidoctor__asciidoctor-maven-plugin\asciidoctor-maven-plugin\src\main\java\org\asciidoctor\maven\AsciidoctorMojo.java,241
CLIENT:client-code,N/A,false,ClassOrInterfaceType,org.asciidoctor.maven.process.SourceDocumentFinder,SourceDocumentFinder,C:\Users\tyin363\Documents\repos\asciidoctor__asciidoctor-maven-plugin\asciidoctor-maven-plugin\src\main\java\org\asciidoctor\maven\AsciidoctorZipMojo.java,41
JDK:java.base,N/A,false,ClassOrInterfaceType,java.io.FileFilter,FileFilter,C:\Users\tyin363\Documents\repos\asciidoctor__asciidoctor-maven-plugin\asciidoctor-maven-plugin\src\main\java\org\asciidoctor\maven\AsciidoctorRefreshMojo.java,155
JDK:java.base,N/A,false,ClassOrInterfaceType,java.io.File,File,C:\Users\tyin363\Documents\repos\asciidoctor__asciidoctor-maven-plugin\asciidoctor-maven-plugin\src\main\java\org\asciidoctor\maven\process\CopyResourcesProcessor.java,185
JDK:java.base,N/A,false,ClassOrInterfaceType,java.util.List,List,C:\Users\tyin363\Documents\repos\asciidoctor__asciidoctor-maven-plugin\asciidoctor-maven-plugin\src\main\java\org\asciidoctor\maven\AsciidoctorMojo.java,447
io.netty:netty-transport,4.2.3.Final,true,ClassOrInterfaceType,io.netty.channel.socket.SocketChannel,SocketChannel,C:\Users\tyin363\Documents\repos\asciidoctor__asciidoctor-maven-plugin\asciidoctor-maven-plugin\src\main\java\org\asciidoctor\maven\http\AsciidoctorHttpServer.java,81
CLIENT:client-code,N/A,false,FieldAccessExpr,org.asciidoctor.maven.AsciidoctorMaven,PREFIX,C:\Users\tyin363\Documents\repos\asciidoctor__asciidoctor-maven-plugin\asciidoctor-maven-plugin\src\main\java\org\asciidoctor\maven\AsciidoctorMojo.java,83
org.asciidoctor:asciidoctorj-api,3.0.0,true,ClassOrInterfaceType,org.asciidoctor.Asciidoctor,Asciidoctor,C:\Users\tyin363\Documents\repos\asciidoctor__asciidoctor-maven-plugin\asciidoctor-maven-plugin\src\main\java\org\asciidoctor\maven\AsciidoctorMojo.java,214
JDK:java.base,N/A,false,ClassOrInterfaceType,java.lang.String,String,C:\Users\tyin363\Documents\repos\asciidoctor__asciidoctor-maven-plugin\asciidoctor-maven-plugin\src\main\java\org\asciidoctor\maven\AsciidoctorJFactory.java,31
JDK:java.base,N/A,false,ClassOrInterfaceType,java.lang.String,String,C:\Users\tyin363\Documents\repos\asciidoctor__asciidoctor-maven-plugin\asciidoctor-maven-plugin\src\main\java\org\asciidoctor\maven\http\AsciidoctorHttpServer.java,26
JDK:java.base,N/A,false,ClassOrInterfaceType,java.lang.String,String,C:\Users\tyin363\Documents\repos\asciidoctor__asciidoctor-maven-plugin\asciidoctor-maven-plugin\src\main\java\org\asciidoctor\maven\refresh\ResourcesPatternBuilder.java,20
org.asciidoctor:asciidoctorj-api,3.0.0,true,ClassOrInterfaceType,org.asciidoctor.OptionsBuilder,OptionsBuilder,C:\Users\tyin363\Documents\repos\asciidoctor__asciidoctor-maven-plugin\asciidoctor-maven-plugin\src\main\java\org\asciidoctor\maven\AsciidoctorOptionsFactory.java,67
org.asciidoctor:asciidoctorj-api,3.0.0,true,ClassOrInterfaceType,org.asciidoctor.extension.Postprocessor,Postprocessor,C:\Users\tyin363\Documents\repos\asciidoctor__asciidoctor-maven-plugin\asciidoctor-maven-plugin\src\main\java\org\asciidoctor\maven\extensions\AsciidoctorJExtensionRegistry.java,54
JDK:java.base,N/A,false,MethodCallExpr,java.lang.String,isEmpty,C:\Users\tyin363\Documents\repos\asciidoctor__asciidoctor-maven-plugin\asciidoctor-maven-plugin\src\main\java\org\asciidoctor\maven\http\AsciidoctorHandler.java,100
JDK:java.base,N/A,false,ClassOrInterfaceType,java.lang.String,String,C:\Users\tyin363\Documents\repos\asciidoctor__asciidoctor-maven-plugin\asciidoctor-maven-plugin\src\main\java\org\asciidoctor\maven\AsciidoctorMojo.java,78
CLIENT:client-code,N/A,false,MethodCallExpr,org.asciidoctor.maven.refresh.ResourceCopyFileAlterationListenerAdaptor,isSubDirectory,C:\Users\tyin363\Documents\repos\asciidoctor__asciidoctor-maven-plugin\asciidoctor-maven-plugin\src\main\java\org\asciidoctor\maven\refresh\ResourceCopyFileAlterationListenerAdaptor.java,92
org.asciidoctor:asciidoctorj-api,3.0.0,true,ClassOrInterfaceType,org.asciidoctor.Attributes,Attributes,C:\Users\tyin363\Documents\repos\asciidoctor__asciidoctor-maven-plugin\asciidoctor-maven-plugin\src\main\java\org\asciidoctor\maven\AsciidoctorOptionsFactory.java,94
CLIENT:client-code,N/A,false,MethodCallExpr,org.asciidoctor.maven.refresh.AbstractFileAlterationListenerAdaptor,getMojo,C:\Users\tyin363\Documents\repos\asciidoctor__asciidoctor-maven-plugin\asciidoctor-maven-plugin\src\main\java\org\asciidoctor\maven\refresh\AsciidoctorConverterFileAlterationListenerAdaptor.java,26
JDK:java.base,N/A,false,MethodCallExpr,java.util.List,toArray,C:\Users\tyin363\Documents\repos\asciidoctor__asciidoctor-maven-plugin\asciidoctor-maven-plugin\src\main\java\org\asciidoctor\maven\refresh\ResourceCopyFileAlterationListenerAdaptor.java,47
org.apache.maven:maven-plugin-api,3.9.9,true,ClassOrInterfaceType,org.apache.maven.plugin.logging.Log,Log,C:\Users\tyin363\Documents\repos\asciidoctor__asciidoctor-maven-plugin\asciidoctor-maven-plugin\src\main\java\org\asciidoctor\maven\refresh\AdditionalSourceFileAlterationListenerAdaptor.java,16
JDK:java.base,N/A,false,MethodCallExpr,java.lang.reflect.Method,invoke,C:\Users\tyin363\Documents\repos\asciidoctor__asciidoctor-maven-plugin\asciidoctor-maven-plugin\src\main\java\org\asciidoctor\maven\AsciidoctorJFactory.java,37
commons-io:commons-io,2.20.0,false,MethodCallExpr,org.apache.commons.io.filefilter.FileFilterUtils,directoryFileFilter,C:\Users\tyin363\Documents\repos\asciidoctor__asciidoctor-maven-plugin\asciidoctor-maven-plugin\src\main\java\org\asciidoctor\maven\AsciidoctorRefreshMojo.java,157
JDK:java.base,N/A,false,ClassOrInterfaceType,java.io.File,File,C:\Users\tyin363\Documents\repos\asciidoctor__asciidoctor-maven-plugin\asciidoctor-maven-plugin\src\main\java\org\asciidoctor\maven\refresh\ResourceCopyFileAlterationListenerAdaptor.java,81
CLIENT:client-code,N/A,false,MethodCallExpr,org.asciidoctor.maven.AsciidoctorRefreshMojo,showWaitMessage,C:\Users\tyin363\Documents\repos\asciidoctor__asciidoctor-maven-plugin\asciidoctor-maven-plugin\src\main\java\org\asciidoctor\maven\AsciidoctorRefreshMojo.java,138
CLIENT:client-code,N/A,false,MethodCallExpr,org.asciidoctor.maven.AsciidoctorRefreshMojo,showWaitMessage,C:\Users\tyin363\Documents\repos\asciidoctor__asciidoctor-maven-plugin\asciidoctor-maven-plugin\src\main\java\org\asciidoctor\maven\AsciidoctorRefreshMojo.java,72
commons-io:commons-io,2.20.0,false,ClassOrInterfaceType,org.apache.commons.io.monitor.FileAlterationListener,FileAlterationListener,C:\Users\tyin363\Documents\repos\asciidoctor__asciidoctor-maven-plugin\asciidoctor-maven-plugin\src\main\java\org\asciidoctor\maven\AsciidoctorRefreshMojo.java,120
org.asciidoctor:asciidoctorj-api,3.0.0,true,MethodCallExpr,org.asciidoctor.extension.JavaExtensionRegistry,preprocessor,C:\Users\tyin363\Documents\repos\asciidoctor__asciidoctor-maven-plugin\asciidoctor-maven-plugin\src\main\java\org\asciidoctor\maven\extensions\AsciidoctorJExtensionRegistry.java,53
org.jruby:jruby-base,9.4.12.0,true,ClassOrInterfaceType,org.jruby.Ruby,Ruby,C:\Users\tyin363\Documents\repos\asciidoctor__asciidoctor-maven-plugin\asciidoctor-maven-plugin\src\main\java\org\asciidoctor\maven\AsciidoctorJFactory.java,42
JDK:java.base,N/A,false,ClassOrInterfaceType,java.lang.String,String,C:\Users\tyin363\Documents\repos\asciidoctor__asciidoctor-maven-plugin\asciidoctor-maven-plugin\src\main\java\org\asciidoctor\maven\model\Resource.java,10
org.apache.maven:maven-core,3.9.9,false,ClassOrInterfaceType,org.apache.maven.project.MavenProject,MavenProject,C:\Users\tyin363\Documents\repos\asciidoctor__asciidoctor-maven-plugin\asciidoctor-maven-plugin\src\main\java\org\asciidoctor\maven\AsciidoctorOptionsFactory.java,65
JDK:java.base,N/A,false,ClassOrInterfaceType,java.io.File,File,C:\Users\tyin363\Documents\repos\asciidoctor__asciidoctor-maven-plugin\asciidoctor-maven-plugin\src\main\java\org\asciidoctor\maven\process\CopyResourcesProcessor.java,184
JDK:java.base,N/A,false,ClassOrInterfaceType,java.lang.String,String,C:\Users\tyin363\Documents\repos\asciidoctor__asciidoctor-maven-plugin\asciidoctor-maven-plugin\src\main\java\org\asciidoctor\maven\AsciidoctorMojo.java,275
org.asciidoctor:asciidoctorj-api,3.0.0,true,ClassOrInterfaceType,org.asciidoctor.extension.Postprocessor,Postprocessor,C:\Users\tyin363\Documents\repos\asciidoctor__asciidoctor-maven-plugin\asciidoctor-maven-plugin\src\main\java\org\asciidoctor\maven\extensions\AsciidoctorJExtensionRegistry.java,55
JDK:java.base,N/A,false,ClassOrInterfaceType,java.lang.String,String,C:\Users\tyin363\Documents\repos\asciidoctor__asciidoctor-maven-plugin\asciidoctor-maven-plugin\src\main\java\org\asciidoctor\maven\AsciidoctorMojo.java,407
CLIENT:client-code,N/A,false,FieldAccessExpr,org.asciidoctor.maven.AsciidoctorMojo,projectDirectory,C:\Users\tyin363\Documents\repos\asciidoctor__asciidoctor-maven-plugin\asciidoctor-maven-plugin\src\main\java\org\asciidoctor\maven\AsciidoctorMojo.java,484
commons-io:commons-io,2.20.0,false,MethodCallExpr,org.apache.commons.io.monitor.FileAlterationMonitor,start,C:\Users\tyin363\Documents\repos\asciidoctor__asciidoctor-maven-plugin\asciidoctor-maven-plugin\src\main\java\org\asciidoctor\maven\AsciidoctorRefreshMojo.java,148
org.asciidoctor:asciidoctorj-api,3.0.0,true,ClassOrInterfaceType,org.asciidoctor.extension.Preprocessor,Preprocessor,C:\Users\tyin363\Documents\repos\asciidoctor__asciidoctor-maven-plugin\asciidoctor-maven-plugin\src\main\java\org\asciidoctor\maven\extensions\AsciidoctorJExtensionRegistry.java,53
CLIENT:client-code,N/A,false,ClassOrInterfaceType,org.asciidoctor.maven.model.Resource,Resource,C:\Users\tyin363\Documents\repos\asciidoctor__asciidoctor-maven-plugin\asciidoctor-maven-plugin\src\main\java\org\asciidoctor\maven\AsciidoctorMojo.java,127
CLIENT:client-code,N/A,false,ClassOrInterfaceType,org.asciidoctor.maven.process.SourceDirectoryFinder,SourceDirectoryFinder,C:\Users\tyin363\Documents\repos\asciidoctor__asciidoctor-maven-plugin\asciidoctor-maven-plugin\src\main\java\org\asciidoctor\maven\AsciidoctorMojo.java,273
org.apache.maven:maven-plugin-api,3.9.9,true,ClassOrInterfaceType,org.apache.maven.plugin.MojoExecutionException,MojoExecutionException,C:\Users\tyin363\Documents\repos\asciidoctor__asciidoctor-maven-plugin\asciidoctor-maven-plugin\src\main\java\org\asciidoctor\maven\AsciidoctorMojo.java,299
commons-io:commons-io,2.20.0,false,MethodCallExpr,org.apache.commons.io.IOUtils,closeQuietly,C:\Users\tyin363\Documents\repos\asciidoctor__asciidoctor-maven-plugin\asciidoctor-maven-plugin\src\main\java\org\asciidoctor\maven\http\AsciidoctorHandler.java,83
CLIENT:client-code,N/A,false,FieldAccessExpr,org.asciidoctor.maven.process.SourceDirectoryFinder,baseDir,C:\Users\tyin363\Documents\repos\asciidoctor__asciidoctor-maven-plugin\asciidoctor-maven-plugin\src\main\java\org\asciidoctor\maven\process\SourceDirectoryFinder.java,30
CLIENT:client-code,N/A,false,ObjectCreationExpr,org.asciidoctor.maven.extensions.AsciidoctorJExtensionRegistry,AsciidoctorJExtensionRegistry,C:\Users\tyin363\Documents\repos\asciidoctor__asciidoctor-maven-plugin\asciidoctor-maven-plugin\src\main\java\org\asciidoctor\maven\AsciidoctorMojo.java,221
org.asciidoctor:asciidoctorj-api,3.0.0,true,MethodCallExpr,org.asciidoctor.OptionsBuilder,attributes,C:\Users\tyin363\Documents\repos\asciidoctor__asciidoctor-maven-plugin\asciidoctor-maven-plugin\src\main\java\org\asciidoctor\maven\AsciidoctorOptionsFactory.java,95
CLIENT:client-code,N/A,false,ClassOrInterfaceType,org.asciidoctor.maven.http.AsciidoctorHandler,AsciidoctorHandler,C:\Users\tyin363\Documents\repos\asciidoctor__asciidoctor-maven-plugin\asciidoctor-maven-plugin\src\main\java\org\asciidoctor\maven\http\AsciidoctorHttpServer.java,87
JDK:java.base,N/A,false,ClassOrInterfaceType,java.util.List,List,C:\Users\tyin363\Documents\repos\asciidoctor__asciidoctor-maven-plugin\asciidoctor-maven-plugin\src\main\java\org\asciidoctor\maven\model\Resource.java,29
CLIENT:client-code,N/A,false,ClassOrInterfaceType,org.asciidoctor.maven.AsciidoctorJFactory,AsciidoctorJFactory,C:\Users\tyin363\Documents\repos\asciidoctor__asciidoctor-maven-plugin\asciidoctor-maven-plugin\src\main\java\org\asciidoctor\maven\AsciidoctorZipMojo.java,41
JDK:java.base,N/A,false,ObjectCreationExpr,java.io.File,File,C:\Users\tyin363\Documents\repos\asciidoctor__asciidoctor-maven-plugin\asciidoctor-maven-plugin\src\main\java\org\asciidoctor\maven\http\AsciidoctorHandler.java,101
io.netty:netty-transport,4.2.3.Final,true,ClassOrInterfaceType,io.netty.channel.socket.SocketChannel,SocketChannel,C:\Users\tyin363\Documents\repos\asciidoctor__asciidoctor-maven-plugin\asciidoctor-maven-plugin\src\main\java\org\asciidoctor\maven\http\AsciidoctorHttpServer.java,79
JDK:java.base,N/A,false,MethodCallExpr,java.util.regex.Pattern,compile,C:\Users\tyin363\Documents\repos\asciidoctor__asciidoctor-maven-plugin\asciidoctor-maven-plugin\src\main\java\org\asciidoctor\maven\process\SourceDocumentFinder.java,51
JDK:java.base,N/A,false,MethodCallExpr,java.util.Optional,get,C:\Users\tyin363\Documents\repos\asciidoctor__asciidoctor-maven-plugin\asciidoctor-maven-plugin\src\main\java\org\asciidoctor\maven\AsciidoctorMojo.java,193
JDK:java.base,N/A,false,MethodCallExpr,java.nio.file.Path,relativize,C:\Users\tyin363\Documents\repos\asciidoctor__asciidoctor-maven-plugin\asciidoctor-maven-plugin\src\main\java\org\asciidoctor\maven\process\CopyResourcesProcessor.java,169
io.netty:netty-codec-http,4.2.3.Final,false,MethodCallExpr,io.netty.handler.codec.http.HttpHeaders,set,C:\Users\tyin363\Documents\repos\asciidoctor__asciidoctor-maven-plugin\asciidoctor-maven-plugin\src\main\java\org\asciidoctor\maven\http\AsciidoctorHandler.java,66
JDK:java.base,N/A,false,ClassOrInterfaceType,java.io.File,File,C:\Users\tyin363\Documents\repos\asciidoctor__asciidoctor-maven-plugin\asciidoctor-maven-plugin\src\main\java\org\asciidoctor\maven\process\CopyResourcesProcessor.java,125
io.netty:netty-transport,4.2.3.Final,true,ClassOrInterfaceType,io.netty.bootstrap.ServerBootstrap,ServerBootstrap,C:\Users\tyin363\Documents\repos\asciidoctor__asciidoctor-maven-plugin\asciidoctor-maven-plugin\src\main\java\org\asciidoctor\maven\http\AsciidoctorHttpServer.java,35
JDK:java.base,N/A,false,MethodCallExpr,java.lang.String,length,C:\Users\tyin363\Documents\repos\asciidoctor__asciidoctor-maven-plugin\asciidoctor-maven-plugin\src\main\java\org\asciidoctor\maven\refresh\ResourceCopyFileAlterationListenerAdaptor.java,34
JDK:java.base,N/A,false,ClassOrInterfaceType,java.lang.Exception,Exception,C:\Users\tyin363\Documents\repos\asciidoctor__asciidoctor-maven-plugin\asciidoctor-maven-plugin\src\main\java\org\asciidoctor\maven\AsciidoctorJFactory.java,48
JDK:java.base,N/A,false,MethodCallExpr,java.io.File,getAbsolutePath,C:\Users\tyin363\Documents\repos\asciidoctor__asciidoctor-maven-plugin\asciidoctor-maven-plugin\src\main\java\org\asciidoctor\maven\process\CopyResourcesProcessor.java,133
JDK:java.base,N/A,false,ClassOrInterfaceType,java.lang.String,String,C:\Users\tyin363\Documents\repos\asciidoctor__asciidoctor-maven-plugin\asciidoctor-maven-plugin\src\main\java\org\asciidoctor\maven\http\AsciidoctorHandler.java,32
JDK:java.base,N/A,false,ObjectCreationExpr,java.io.File,File,C:\Users\tyin363\Documents\repos\asciidoctor__asciidoctor-maven-plugin\asciidoctor-maven-plugin\src\main\java\org\asciidoctor\maven\process\CopyResourcesProcessor.java,188
commons-io:commons-io,2.20.0,false,ClassOrInterfaceType,org.apache.commons.io.filefilter.RegexFileFilter,RegexFileFilter,C:\Users\tyin363\Documents\repos\asciidoctor__asciidoctor-maven-plugin\asciidoctor-maven-plugin\src\main\java\org\asciidoctor\maven\AsciidoctorRefreshMojo.java,172
CLIENT:client-code,N/A,false,MethodCallExpr,org.asciidoctor.maven.AsciidoctorOptionsFactory,createAttributes,C:\Users\tyin363\Documents\repos\asciidoctor__asciidoctor-maven-plugin\asciidoctor-maven-plugin\src\main\java\org\asciidoctor\maven\AsciidoctorOptionsFactory.java,94
io.netty:netty-common,4.2.3.Final,true,MethodCallExpr,io.netty.util.concurrent.Future,addListener,C:\Users\tyin363\Documents\repos\asciidoctor__asciidoctor-maven-plugin\asciidoctor-maven-plugin\src\main\java\org\asciidoctor\maven\http\AsciidoctorHandler.java,96
JDK:java.base,N/A,false,ClassOrInterfaceType,java.io.File,File,C:\Users\tyin363\Documents\repos\asciidoctor__asciidoctor-maven-plugin\asciidoctor-maven-plugin\src\main\java\org\asciidoctor\maven\refresh\ResourceCopyFileAlterationListenerAdaptor.java,87
CLIENT:client-code,N/A,false,FieldAccessExpr,org.asciidoctor.maven.AsciidoctorMojo,asciidoctorJFactory,C:\Users\tyin363\Documents\repos\asciidoctor__asciidoctor-maven-plugin\asciidoctor-maven-plugin\src\main\java\org\asciidoctor\maven\AsciidoctorMojo.java,148
JDK:java.base,N/A,false,ClassOrInterfaceType,java.lang.String,String,C:\Users\tyin363\Documents\repos\asciidoctor__asciidoctor-maven-plugin\asciidoctor-maven-plugin\src\main\java\org\asciidoctor\maven\AsciidoctorMojo.java,467
commons-io:commons-io,2.20.0,false,ObjectCreationExpr,org.apache.commons.io.filefilter.NameFileFilter,NameFileFilter,C:\Users\tyin363\Documents\repos\asciidoctor__asciidoctor-maven-plugin\asciidoctor-maven-plugin\src\main\java\org\asciidoctor\maven\AsciidoctorRefreshMojo.java,162
JDK:java.base,N/A,false,MethodCallExpr,java.util.stream.Stream,filter,C:\Users\tyin363\Documents\repos\asciidoctor__asciidoctor-maven-plugin\asciidoctor-maven-plugin\src\main\java\org\asciidoctor\maven\refresh\ResourceCopyFileAlterationListenerAdaptor.java,85
CLIENT:client-code,N/A,false,ClassOrInterfaceType,org.asciidoctor.maven.model.Resource,Resource,C:\Users\tyin363\Documents\repos\asciidoctor__asciidoctor-maven-plugin\asciidoctor-maven-plugin\src\main\java\org\asciidoctor\maven\refresh\ResourceCopyFileAlterationListenerAdaptor.java,32
io.netty:netty-codec-http,4.2.3.Final,false,FieldAccessExpr,io.netty.handler.codec.http.HttpResponseStatus,OK,C:\Users\tyin363\Documents\repos\asciidoctor__asciidoctor-maven-plugin\asciidoctor-maven-plugin\src\main\java\org\asciidoctor\maven\http\AsciidoctorHandler.java,86
JDK:java.base,N/A,false,MethodCallExpr,java.io.File,exists,C:\Users\tyin363\Documents\repos\asciidoctor__asciidoctor-maven-plugin\asciidoctor-maven-plugin\src\main\java\org\asciidoctor\maven\process\CopyResourcesProcessor.java,139
JDK:java.base,N/A,false,ClassOrInterfaceType,java.lang.String,String,C:\Users\tyin363\Documents\repos\asciidoctor__asciidoctor-maven-plugin\asciidoctor-maven-plugin\src\main\java\org\asciidoctor\maven\http\AsciidoctorHandler.java,99
JDK:java.base,N/A,false,ClassOrInterfaceType,java.lang.String,String,C:\Users\tyin363\Documents\repos\asciidoctor__asciidoctor-maven-plugin\asciidoctor-maven-plugin\src\main\java\org\asciidoctor\maven\model\Resource.java,13
JDK:java.base,N/A,false,MethodCallExpr,java.util.List,toArray,C:\Users\tyin363\Documents\repos\asciidoctor__asciidoctor-maven-plugin\asciidoctor-maven-plugin\src\main\java\org\asciidoctor\maven\process\CopyResourcesProcessor.java,147
CLIENT:client-code,N/A,false,MethodCallExpr,org.asciidoctor.maven.AsciidoctorMojo,processAllSources,C:\Users\tyin363\Documents\repos\asciidoctor__asciidoctor-maven-plugin\asciidoctor-maven-plugin\src\main\java\org\asciidoctor\maven\refresh\AdditionalSourceFileAlterationListenerAdaptor.java,26
JDK:java.base,N/A,false,ObjectCreationExpr,java.io.FileInputStream,FileInputStream,C:\Users\tyin363\Documents\repos\asciidoctor__asciidoctor-maven-plugin\asciidoctor-maven-plugin\src\main\java\org\asciidoctor\maven\http\AsciidoctorHandler.java,80
JDK:java.base,N/A,false,MethodCallExpr,java.lang.reflect.Method,invoke,C:\Users\tyin363\Documents\repos\asciidoctor__asciidoctor-maven-plugin\asciidoctor-maven-plugin\src\main\java\org\asciidoctor\maven\AsciidoctorJFactory.java,42
JDK:java.base,N/A,false,MethodCallExpr,java.io.File,getPath,C:\Users\tyin363\Documents\repos\asciidoctor__asciidoctor-maven-plugin\asciidoctor-maven-plugin\src\main\java\org\asciidoctor\maven\http\AsciidoctorHandler.java,53
JDK:java.base,N/A,false,ObjectCreationExpr,java.io.File,File,C:\Users\tyin363\Documents\repos\asciidoctor__asciidoctor-maven-plugin\asciidoctor-maven-plugin\src\main\java\org\asciidoctor\maven\AsciidoctorMojo.java,404
JDK:java.base,N/A,false,ClassOrInterfaceType,java.lang.String,String,C:\Users\tyin363\Documents\repos\asciidoctor__asciidoctor-maven-plugin\asciidoctor-maven-plugin\src\main\java\org\asciidoctor\maven\extensions\ExtensionConfiguration.java,19
JDK:java.base,N/A,false,ObjectCreationExpr,java.io.File,File,C:\Users\tyin363\Documents\repos\asciidoctor__asciidoctor-maven-plugin\asciidoctor-maven-plugin\src\main\java\org\asciidoctor\maven\process\CopyResourcesProcessor.java,185
CLIENT:client-code,N/A,false,ClassOrInterfaceType,org.asciidoctor.maven.AsciidoctorMojo,AsciidoctorMojo,C:\Users\tyin363\Documents\repos\asciidoctor__asciidoctor-maven-plugin\asciidoctor-maven-plugin\src\main\java\org\asciidoctor\maven\process\CopyResourcesProcessor.java,125
org.asciidoctor:asciidoctorj-api,3.0.0,true,MethodCallExpr,org.asciidoctor.Asciidoctor,convertFile,C:\Users\tyin363\Documents\repos\asciidoctor__asciidoctor-maven-plugin\asciidoctor-maven-plugin\src\main\java\org\asciidoctor\maven\AsciidoctorMojo.java,358
CLIENT:client-code,N/A,false,MethodCallExpr,org.asciidoctor.maven.AsciidoctorMojo,getAttributesChain,C:\Users\tyin363\Documents\repos\asciidoctor__asciidoctor-maven-plugin\asciidoctor-maven-plugin\src\main\java\org\asciidoctor\maven\AsciidoctorOptionsFactory.java,49
JDK:java.base,N/A,false,ClassOrInterfaceType,java.io.File,File,C:\Users\tyin363\Documents\repos\asciidoctor__asciidoctor-maven-plugin\asciidoctor-maven-plugin\src\main\java\org\asciidoctor\maven\process\SourceDirectoryFinder.java,47
CLIENT:client-code,N/A,false,FieldAccessExpr,org.asciidoctor.maven.AsciidoctorMojo,gemPath,C:\Users\tyin363\Documents\repos\asciidoctor__asciidoctor-maven-plugin\asciidoctor-maven-plugin\src\main\java\org\asciidoctor\maven\AsciidoctorMojo.java,500
JDK:java.base,N/A,false,ClassOrInterfaceType,java.util.List,List,C:\Users\tyin363\Documents\repos\asciidoctor__asciidoctor-maven-plugin\asciidoctor-maven-plugin\src\main\java\org\asciidoctor\maven\AsciidoctorMojo.java,451
CLIENT:client-code,N/A,false,MethodCallExpr,org.asciidoctor.maven.http.AsciidoctorHandler,deduceFile,C:\Users\tyin363\Documents\repos\asciidoctor__asciidoctor-maven-plugin\asciidoctor-maven-plugin\src\main\java\org\asciidoctor\maven\http\AsciidoctorHandler.java,50
JDK:java.base,N/A,false,ClassOrInterfaceType,java.io.File,File,C:\Users\tyin363\Documents\repos\asciidoctor__asciidoctor-maven-plugin\asciidoctor-maven-plugin\src\main\java\org\asciidoctor\maven\AsciidoctorRefreshMojo.java,114
JDK:java.base,N/A,false,MethodCallExpr,java.lang.String,isEmpty,C:\Users\tyin363\Documents\repos\asciidoctor__asciidoctor-maven-plugin\asciidoctor-maven-plugin\src\main\java\org\asciidoctor\maven\AsciidoctorMojo.java,208
org.apache.maven:maven-plugin-api,3.9.9,true,MethodCallExpr,org.apache.maven.plugin.AbstractMojo,getLog,C:\Users\tyin363\Documents\repos\asciidoctor__asciidoctor-maven-plugin\asciidoctor-maven-plugin\src\main\java\org\asciidoctor\maven\AsciidoctorRefreshMojo.java,111
CLIENT:client-code,N/A,false,MethodCallExpr,org.asciidoctor.maven.process.SourceDirectoryFinder,resolvePath,C:\Users\tyin363\Documents\repos\asciidoctor__asciidoctor-maven-plugin\asciidoctor-maven-plugin\src\main\java\org\asciidoctor\maven\process\SourceDirectoryFinder.java,37
JDK:java.base,N/A,false,MethodCallExpr,java.io.File,getParentFile,C:\Users\tyin363\Documents\repos\asciidoctor__asciidoctor-maven-plugin\asciidoctor-maven-plugin\src\main\java\org\asciidoctor\maven\AsciidoctorMojo.java,252
org.codehaus.plexus:plexus-utils,3.5.1,true,MethodCallExpr,org.codehaus.plexus.util.DirectoryScanner,getIncludedFiles,C:\Users\tyin363\Documents\repos\asciidoctor__asciidoctor-maven-plugin\asciidoctor-maven-plugin\src\main\java\org\asciidoctor\maven\process\CopyResourcesProcessor.java,153
JDK:java.base,N/A,false,ClassOrInterfaceType,java.io.File,File,C:\Users\tyin363\Documents\repos\asciidoctor__asciidoctor-maven-plugin\asciidoctor-maven-plugin\src\main\java\org\asciidoctor\maven\AsciidoctorMojo.java,503
JDK:java.base,N/A,false,MethodCallExpr,java.lang.String,join,C:\Users\tyin363\Documents\repos\asciidoctor__asciidoctor-maven-plugin\asciidoctor-maven-plugin\src\main\java\org\asciidoctor\maven\refresh\ResourcesPatternBuilder.java,32
JDK:java.base,N/A,false,MethodCallExpr,java.lang.String,endsWith,C:\Users\tyin363\Documents\repos\asciidoctor__asciidoctor-maven-plugin\asciidoctor-maven-plugin\src\main\java\org\asciidoctor\maven\http\AsciidoctorHandler.java,112
CLIENT:client-code,N/A,false,MethodCallExpr,org.asciidoctor.maven.AsciidoctorMojo,getAttributesChain,C:\Users\tyin363\Documents\repos\asciidoctor__asciidoctor-maven-plugin\asciidoctor-maven-plugin\src\main\java\org\asciidoctor\maven\AsciidoctorOptionsFactory.java,50
JDK:java.base,N/A,false,ClassOrInterfaceType,java.lang.String,String,C:\Users\tyin363\Documents\repos\asciidoctor__asciidoctor-maven-plugin\asciidoctor-maven-plugin\src\main\java\org\asciidoctor\maven\AsciidoctorMojo.java,403
JDK:java.base,N/A,false,ClassOrInterfaceType,java.io.File,File,C:\Users\tyin363\Documents\repos\asciidoctor__asciidoctor-maven-plugin\asciidoctor-maven-plugin\src\main\java\org\asciidoctor\maven\process\CopyResourcesProcessor.java,188
org.codehaus.plexus:plexus-utils,3.5.1,true,MethodCallExpr,org.codehaus.plexus.util.FileUtils,copyFileToDirectory,C:\Users\tyin363\Documents\repos\asciidoctor__asciidoctor-maven-plugin\asciidoctor-maven-plugin\src\main\java\org\asciidoctor\maven\refresh\ResourceCopyFileAlterationListenerAdaptor.java,55
JDK:java.base,N/A,false,MethodCallExpr,java.util.stream.Collectors,toList,C:\Users\tyin363\Documents\repos\asciidoctor__asciidoctor-maven-plugin\asciidoctor-maven-plugin\src\main\java\org\asciidoctor\maven\refresh\ResourceCopyFileAlterationListenerAdaptor.java,96
org.codehaus.plexus:plexus-utils,3.5.1,true,MethodCallExpr,org.codehaus.plexus.util.DirectoryScanner,getIncludedFiles,C:\Users\tyin363\Documents\repos\asciidoctor__asciidoctor-maven-plugin\asciidoctor-maven-plugin\src\main\java\org\asciidoctor\maven\refresh\ResourceCopyFileAlterationListenerAdaptor.java,50
org.apache.maven:maven-plugin-api,3.9.9,true,MethodCallExpr,org.apache.maven.plugin.AbstractMojo,getLog,C:\Users\tyin363\Documents\repos\asciidoctor__asciidoctor-maven-plugin\asciidoctor-maven-plugin\src\main\java\org\asciidoctor\maven\AsciidoctorMojo.java,238
JDK:java.base,N/A,false,ClassOrInterfaceType,java.io.IOException,IOException,C:\Users\tyin363\Documents\repos\asciidoctor__asciidoctor-maven-plugin\asciidoctor-maven-plugin\src\main\java\org\asciidoctor\maven\io\Zips.java,14
JDK:java.base,N/A,false,ClassOrInterfaceType,java.util.List,List,C:\Users\tyin363\Documents\repos\asciidoctor__asciidoctor-maven-plugin\asciidoctor-maven-plugin\src\main\java\org\asciidoctor\maven\AsciidoctorMojo.java,120
JDK:java.base,N/A,false,MethodCallExpr,java.nio.file.Path,relativize,C:\Users\tyin363\Documents\repos\asciidoctor__asciidoctor-maven-plugin\asciidoctor-maven-plugin\src\main\java\org\asciidoctor\maven\process\SourceDocumentFinder.java,73
commons-io:commons-io,2.20.0,false,MethodCallExpr,org.apache.commons.io.monitor.FileAlterationObserver,addListener,C:\Users\tyin363\Documents\repos\asciidoctor__asciidoctor-maven-plugin\asciidoctor-maven-plugin\src\main\java\org\asciidoctor\maven\AsciidoctorRefreshMojo.java,131
org.apache.maven:maven-plugin-api,3.9.9,true,MethodCallExpr,org.apache.maven.plugin.AbstractMojo,getLog,C:\Users\tyin363\Documents\repos\asciidoctor__asciidoctor-maven-plugin\asciidoctor-maven-plugin\src\main\java\org\asciidoctor\maven\AsciidoctorMojo.java,230
JDK:java.base,N/A,false,ClassOrInterfaceType,java.lang.Runnable,Runnable,C:\Users\tyin363\Documents\repos\asciidoctor__asciidoctor-maven-plugin\asciidoctor-maven-plugin\src\main\java\org\asciidoctor\maven\refresh\AbstractFileAlterationListenerAdaptor.java,15
org.apache.maven:maven-plugin-api,3.9.9,true,ObjectCreationExpr,org.apache.maven.plugin.MojoExecutionException,MojoExecutionException,C:\Users\tyin363\Documents\repos\asciidoctor__asciidoctor-maven-plugin\asciidoctor-maven-plugin\src\main\java\org\asciidoctor\maven\AsciidoctorJFactory.java,49
org.apache.maven:maven-plugin-api,3.9.9,true,ClassOrInterfaceType,org.apache.maven.plugin.AbstractMojo,AbstractMojo,C:\Users\tyin363\Documents\repos\asciidoctor__asciidoctor-maven-plugin\asciidoctor-maven-plugin\src\main\java\org\asciidoctor\maven\AsciidoctorMojo.java,45
org.apache.maven:maven-core,3.9.9,false,MethodCallExpr,org.apache.maven.project.MavenProject,getBasedir,C:\Users\tyin363\Documents\repos\asciidoctor__asciidoctor-maven-plugin\asciidoctor-maven-plugin\src\main\java\org\asciidoctor\maven\AsciidoctorRefreshMojo.java,109
CLIENT:client-code,N/A,false,ClassOrInterfaceType,org.asciidoctor.maven.process.ResourcesProcessor,ResourcesProcessor,C:\Users\tyin363\Documents\repos\asciidoctor__asciidoctor-maven-plugin\asciidoctor-maven-plugin\src\main\java\org\asciidoctor\maven\AsciidoctorZipMojo.java,41
JDK:java.base,N/A,false,MethodCallExpr,java.lang.String,endsWith,C:\Users\tyin363\Documents\repos\asciidoctor__asciidoctor-maven-plugin\asciidoctor-maven-plugin\src\main\java\org\asciidoctor\maven\http\AsciidoctorHandler.java,121
CLIENT:client-code,N/A,false,MethodCallExpr,org.asciidoctor.maven.model.Resource,getTargetPath,C:\Users\tyin363\Documents\repos\asciidoctor__asciidoctor-maven-plugin\asciidoctor-maven-plugin\src\main\java\org\asciidoctor\maven\process\CopyResourcesProcessor.java,163
CLIENT:client-code,N/A,false,FieldAccessExpr,org.asciidoctor.maven.model.Resource,excludes,C:\Users\tyin363\Documents\repos\asciidoctor__asciidoctor-maven-plugin\asciidoctor-maven-plugin\src\main\java\org\asciidoctor\maven\model\Resource.java,47
CLIENT:client-code,N/A,false,MethodCallExpr,org.asciidoctor.maven.refresh.AbstractFileAlterationListenerAdaptor,getLog,C:\Users\tyin363\Documents\repos\asciidoctor__asciidoctor-maven-plugin\asciidoctor-maven-plugin\src\main\java\org\asciidoctor\maven\refresh\ResourceCopyFileAlterationListenerAdaptor.java,25
org.apache.maven:maven-plugin-api,3.9.9,true,MethodCallExpr,org.apache.maven.plugin.AbstractMojo,getLog,C:\Users\tyin363\Documents\repos\asciidoctor__asciidoctor-maven-plugin\asciidoctor-maven-plugin\src\main\java\org\asciidoctor\maven\AsciidoctorRefreshMojo.java,129
JDK:java.base,N/A,false,ClassOrInterfaceType,java.util.StringJoiner,StringJoiner,C:\Users\tyin363\Documents\repos\asciidoctor__asciidoctor-maven-plugin\asciidoctor-maven-plugin\src\main\java\org\asciidoctor\maven\AsciidoctorRefreshMojo.java,165
CLIENT:client-code,N/A,false,MethodCallExpr,org.asciidoctor.maven.refresh.AbstractFileAlterationListenerAdaptor,getLog,C:\Users\tyin363\Documents\repos\asciidoctor__asciidoctor-maven-plugin\asciidoctor-maven-plugin\src\main\java\org\asciidoctor\maven\refresh\AdditionalSourceFileAlterationListenerAdaptor.java,23
CLIENT:client-code,N/A,false,MethodCallExpr,org.asciidoctor.maven.AsciidoctorMojo,getOutputDirectory,C:\Users\tyin363\Documents\repos\asciidoctor__asciidoctor-maven-plugin\asciidoctor-maven-plugin\src\main\java\org\asciidoctor\maven\refresh\ResourceCopyFileAlterationListenerAdaptor.java,30
CLIENT:client-code,N/A,false,MethodCallExpr,org.asciidoctor.maven.AsciidoctorMojo,isCatalogAssets,C:\Users\tyin363\Documents\repos\asciidoctor__asciidoctor-maven-plugin\asciidoctor-maven-plugin\src\main\java\org\asciidoctor\maven\AsciidoctorOptionsFactory.java,79
JDK:java.base,N/A,false,ClassOrInterfaceType,java.io.File,File,C:\Users\tyin363\Documents\repos\asciidoctor__asciidoctor-maven-plugin\asciidoctor-maven-plugin\src\main\java\org\asciidoctor\maven\process\CopyResourcesProcessor.java,163
CLIENT:client-code,N/A,false,FieldAccessExpr,org.asciidoctor.maven.AsciidoctorMojo,outputFile,C:\Users\tyin363\Documents\repos\asciidoctor__asciidoctor-maven-plugin\asciidoctor-maven-plugin\src\main\java\org\asciidoctor\maven\AsciidoctorMojo.java,404
org.asciidoctor:asciidoctorj-api,3.0.0,true,ClassOrInterfaceType,org.asciidoctor.AttributesBuilder,AttributesBuilder,C:\Users\tyin363\Documents\repos\asciidoctor__asciidoctor-maven-plugin\asciidoctor-maven-plugin\src\main\java\org\asciidoctor\maven\AsciidoctorOptionsFactory.java,39
CLIENT:client-code,N/A,false,FieldAccessExpr,org.asciidoctor.maven.refresh.ResourcesPatternBuilder,sourceDocumentExtensions,C:\Users\tyin363\Documents\repos\asciidoctor__asciidoctor-maven-plugin\asciidoctor-maven-plugin\src\main\java\org\asciidoctor\maven\refresh\ResourcesPatternBuilder.java,25
JDK:java.base,N/A,false,ClassOrInterfaceType,java.io.File,File,C:\Users\tyin363\Documents\repos\asciidoctor__asciidoctor-maven-plugin\asciidoctor-maven-plugin\src\main\java\org\asciidoctor\maven\refresh\ResourceCopyFileAlterationListenerAdaptor.java,24
CLIENT:client-code,N/A,false,MethodCallExpr,org.asciidoctor.maven.AsciidoctorMojo,processAllSources,C:\Users\tyin363\Documents\repos\asciidoctor__asciidoctor-maven-plugin\asciidoctor-maven-plugin\src\main\java\org\asciidoctor\maven\AsciidoctorMojo.java,156
JDK:java.base,N/A,false,ClassOrInterfaceType,java.lang.String,String,C:\Users\tyin363\Documents\repos\asciidoctor__asciidoctor-maven-plugin\asciidoctor-maven-plugin\src\main\java\org\asciidoctor\maven\process\SourceDocumentFinder.java,37
org.apache.maven:maven-plugin-api,3.9.9,true,ClassOrInterfaceType,org.apache.maven.plugin.MojoExecutionException,MojoExecutionException,C:\Users\tyin363\Documents\repos\asciidoctor__asciidoctor-maven-plugin\asciidoctor-maven-plugin\src\main\java\org\asciidoctor\maven\AsciidoctorMojo.java,356
JDK:java.base,N/A,false,ObjectCreationExpr,java.util.Scanner,Scanner,C:\Users\tyin363\Documents\repos\asciidoctor__asciidoctor-maven-plugin\asciidoctor-maven-plugin\src\main\java\org\asciidoctor\maven\AsciidoctorRefreshMojo.java,75
JDK:java.base,N/A,false,MethodCallExpr,java.io.File,getAbsolutePath,C:\Users\tyin363\Documents\repos\asciidoctor__asciidoctor-maven-plugin\asciidoctor-maven-plugin\src\main\java\org\asciidoctor\maven\refresh\ResourceCopyFileAlterationListenerAdaptor.java,25
CLIENT:client-code,N/A,false,MethodCallExpr,org.asciidoctor.maven.refresh.ResourceCopyFileAlterationListenerAdaptor,resourceDirectory,C:\Users\tyin363\Documents\repos\asciidoctor__asciidoctor-maven-plugin\asciidoctor-maven-plugin\src\main\java\org\asciidoctor\maven\refresh\ResourceCopyFileAlterationListenerAdaptor.java,42
JDK:java.base,N/A,false,MethodCallExpr,java.util.List,isEmpty,C:\Users\tyin363\Documents\repos\asciidoctor__asciidoctor-maven-plugin\asciidoctor-maven-plugin\src\main\java\org\asciidoctor\maven\refresh\ResourceCopyFileAlterationListenerAdaptor.java,88
CLIENT:client-code,N/A,false,MethodCallExpr,org.asciidoctor.maven.model.Resource,setTargetPath,C:\Users\tyin363\Documents\repos\asciidoctor__asciidoctor-maven-plugin\asciidoctor-maven-plugin\src\main\java\org\asciidoctor\maven\process\CopyResourcesProcessor.java,134
JDK:java.base,N/A,false,ClassOrInterfaceType,java.io.File,File,C:\Users\tyin363\Documents\repos\asciidoctor__asciidoctor-maven-plugin\asciidoctor-maven-plugin\src\main\java\org\asciidoctor\maven\process\SourceDocumentFinder.java,61
CLIENT:client-code,N/A,false,FieldAccessExpr,org.asciidoctor.maven.AsciidoctorMaven,PREFIX,C:\Users\tyin363\Documents\repos\asciidoctor__asciidoctor-maven-plugin\asciidoctor-maven-plugin\src\main\java\org\asciidoctor\maven\AsciidoctorMojo.java,77
JDK:java.base,N/A,false,ClassOrInterfaceType,java.io.File,File,C:\Users\tyin363\Documents\repos\asciidoctor__asciidoctor-maven-plugin\asciidoctor-maven-plugin\src\main\java\org\asciidoctor\maven\process\SourceDirectoryFinder.java,28
JDK:java.base,N/A,false,ClassOrInterfaceType,java.io.IOException,IOException,C:\Users\tyin363\Documents\repos\asciidoctor__asciidoctor-maven-plugin\asciidoctor-maven-plugin\src\main\java\org\asciidoctor\maven\refresh\ResourceCopyFileAlterationListenerAdaptor.java,126
org.asciidoctor:asciidoctorj-api,3.0.0,true,MethodCallExpr,org.asciidoctor.extension.JavaExtensionRegistry,postprocessor,C:\Users\tyin363\Documents\repos\asciidoctor__asciidoctor-maven-plugin\asciidoctor-maven-plugin\src\main\java\org\asciidoctor\maven\extensions\AsciidoctorJExtensionRegistry.java,55
io.netty:netty-codec-http,4.2.3.Final,false,FieldAccessExpr,io.netty.handler.codec.http.HttpHeaderNames,CONTENT_LENGTH,C:\Users\tyin363\Documents\repos\asciidoctor__asciidoctor-maven-plugin\asciidoctor-maven-plugin\src\main\java\org\asciidoctor\maven\http\AsciidoctorHandler.java,66
JDK:java.base,N/A,false,MethodCallExpr,java.lang.Class,isAssignableFrom,C:\Users\tyin363\Documents\repos\asciidoctor__asciidoctor-maven-plugin\asciidoctor-maven-plugin\src\main\java\org\asciidoctor\maven\extensions\AsciidoctorJExtensionRegistry.java,50
io.netty:netty-codec-http,4.2.3.Final,false,MethodCallExpr,io.netty.handler.codec.http.DefaultHttpMessage,headers,C:\Users\tyin363\Documents\repos\asciidoctor__asciidoctor-maven-plugin\asciidoctor-maven-plugin\src\main\java\org\asciidoctor\maven\http\AsciidoctorHandler.java,64
JDK:java.base,N/A,false,ObjectCreationExpr,java.util.HashSet,HashSet,C:\Users\tyin363\Documents\repos\asciidoctor__asciidoctor-maven-plugin\asciidoctor-maven-plugin\src\main\java\org\asciidoctor\maven\AsciidoctorMojo.java,243
org.asciidoctor:asciidoctorj-api,3.0.0,true,MethodCallExpr,org.asciidoctor.extension.JavaExtensionRegistry,docinfoProcessor,C:\Users\tyin363\Documents\repos\asciidoctor__asciidoctor-maven-plugin\asciidoctor-maven-plugin\src\main\java\org\asciidoctor\maven\extensions\AsciidoctorJExtensionRegistry.java,51
JDK:java.base,N/A,false,ObjectCreationExpr,java.util.zip.ZipOutputStream,ZipOutputStream,C:\Users\tyin363\Documents\repos\asciidoctor__asciidoctor-maven-plugin\asciidoctor-maven-plugin\src\main\java\org\asciidoctor\maven\io\Zips.java,17
CLIENT:client-code,N/A,false,MethodCallExpr,org.asciidoctor.maven.refresh.AbstractFileAlterationListenerAdaptor,getLog,C:\Users\tyin363\Documents\repos\asciidoctor__asciidoctor-maven-plugin\asciidoctor-maven-plugin\src\main\java\org\asciidoctor\maven\refresh\AdditionalSourceFileAlterationListenerAdaptor.java,22
org.apache.maven:maven-core,3.9.9,false,ClassOrInterfaceType,org.apache.maven.project.MavenProjectHelper,MavenProjectHelper,C:\Users\tyin363\Documents\repos\asciidoctor__asciidoctor-maven-plugin\asciidoctor-maven-plugin\src\main\java\org\asciidoctor\maven\AsciidoctorZipMojo.java,25
org.asciidoctor:asciidoctorj-api,3.0.0,true,ClassOrInterfaceType,org.asciidoctor.extension.BlockMacroProcessor,BlockMacroProcessor,C:\Users\tyin363\Documents\repos\asciidoctor__asciidoctor-maven-plugin\asciidoctor-maven-plugin\src\main\java\org\asciidoctor\maven\extensions\AsciidoctorJExtensionRegistry.java,70
JDK:java.base,N/A,false,ClassOrInterfaceType,java.util.StringJoiner,StringJoiner,C:\Users\tyin363\Documents\repos\asciidoctor__asciidoctor-maven-plugin\asciidoctor-maven-plugin\src\main\java\org\asciidoctor\maven\refresh\ResourcesPatternBuilder.java,29
JDK:java.base,N/A,false,ClassOrInterfaceType,java.util.List,List,C:\Users\tyin363\Documents\repos\asciidoctor__asciidoctor-maven-plugin\asciidoctor-maven-plugin\src\main\java\org\asciidoctor\maven\process\CopyResourcesProcessor.java,125
org.codehaus.plexus:plexus-utils,3.5.1,true,ClassOrInterfaceType,org.codehaus.plexus.util.DirectoryScanner,DirectoryScanner,C:\Users\tyin363\Documents\repos\asciidoctor__asciidoctor-maven-plugin\asciidoctor-maven-plugin\src\main\java\org\asciidoctor\maven\refresh\ResourceCopyFileAlterationListenerAdaptor.java,41
JDK:java.base,N/A,false,MethodCallExpr,java.io.File,getAbsolutePath,C:\Users\tyin363\Documents\repos\asciidoctor__asciidoctor-maven-plugin\asciidoctor-maven-plugin\src\main\java\org\asciidoctor\maven\refresh\AdditionalSourceFileAlterationListenerAdaptor.java,22
org.asciidoctor:asciidoctorj-api,3.0.0,true,MethodCallExpr,org.asciidoctor.OptionsBuilder,baseDir,C:\Users\tyin363\Documents\repos\asciidoctor__asciidoctor-maven-plugin\asciidoctor-maven-plugin\src\main\java\org\asciidoctor\maven\AsciidoctorMojo.java,302
JDK:java.base,N/A,false,ClassOrInterfaceType,java.lang.String,String,C:\Users\tyin363\Documents\repos\asciidoctor__asciidoctor-maven-plugin\asciidoctor-maven-plugin\src\main\java\org\asciidoctor\maven\AsciidoctorMojo.java,463
JDK:java.base,N/A,false,ClassOrInterfaceType,java.nio.file.Path,Path,C:\Users\tyin363\Documents\repos\asciidoctor__asciidoctor-maven-plugin\asciidoctor-maven-plugin\src\main\java\org\asciidoctor\maven\process\SourceDocumentFinder.java,81
org.asciidoctor:asciidoctorj-api,3.0.0,true,MethodCallExpr,org.asciidoctor.OptionsBuilder,baseDir,C:\Users\tyin363\Documents\repos\asciidoctor__asciidoctor-maven-plugin\asciidoctor-maven-plugin\src\main\java\org\asciidoctor\maven\AsciidoctorMojo.java,306
JDK:java.base,N/A,false,MethodCallExpr,java.lang.Thread,getPriority,C:\Users\tyin363\Documents\repos\asciidoctor__asciidoctor-maven-plugin\asciidoctor-maven-plugin\src\main\java\org\asciidoctor\maven\http\AsciidoctorHttpServer.java,62
JDK:java.base,N/A,false,FieldAccessExpr,java.lang.System,in,C:\Users\tyin363\Documents\repos\asciidoctor__asciidoctor-maven-plugin\asciidoctor-maven-plugin\src\main\java\org\asciidoctor\maven\AsciidoctorRefreshMojo.java,75
org.apache.maven:maven-plugin-api,3.9.9,true,MethodCallExpr,org.apache.maven.plugin.logging.Log,info,C:\Users\tyin363\Documents\repos\asciidoctor__asciidoctor-maven-plugin\asciidoctor-maven-plugin\src\main\java\org\asciidoctor\maven\refresh\AdditionalSourceFileAlterationListenerAdaptor.java,22
JDK:java.base,N/A,false,MethodCallExpr,java.util.StringJoiner,toString,C:\Users\tyin363\Documents\repos\asciidoctor__asciidoctor-maven-plugin\asciidoctor-maven-plugin\src\main\java\org\asciidoctor\maven\AsciidoctorRefreshMojo.java,169
org.apache.maven:maven-plugin-api,3.9.9,true,MethodCallExpr,org.apache.maven.plugin.AbstractMojo,getLog,C:\Users\tyin363\Documents\repos\asciidoctor__asciidoctor-maven-plugin\asciidoctor-maven-plugin\src\main\java\org\asciidoctor\maven\AsciidoctorRefreshMojo.java,65
JDK:java.base,N/A,false,ClassOrInterfaceType,java.io.File,File,C:\Users\tyin363\Documents\repos\asciidoctor__asciidoctor-maven-plugin\asciidoctor-maven-plugin\src\main\java\org\asciidoctor\maven\process\CopyResourcesProcessor.java,161
JDK:java.base,N/A,false,MethodCallExpr,java.io.File,isAbsolute,C:\Users\tyin363\Documents\repos\asciidoctor__asciidoctor-maven-plugin\asciidoctor-maven-plugin\src\main\java\org\asciidoctor\maven\process\CopyResourcesProcessor.java,186
CLIENT:client-code,N/A,false,ClassOrInterfaceType,org.asciidoctor.maven.process.ResourcesProcessor,ResourcesProcessor,C:\Users\tyin363\Documents\repos\asciidoctor__asciidoctor-maven-plugin\asciidoctor-maven-plugin\src\main\java\org\asciidoctor\maven\refresh\AsciidoctorConverterFileAlterationListenerAdaptor.java,13
CLIENT:client-code,N/A,false,FieldAccessExpr,org.asciidoctor.maven.AsciidoctorMojo,skip,C:\Users\tyin363\Documents\repos\asciidoctor__asciidoctor-maven-plugin\asciidoctor-maven-plugin\src\main\java\org\asciidoctor\maven\AsciidoctorMojo.java,420
JDK:java.base,N/A,false,ClassOrInterfaceType,java.util.Map,Map,C:\Users\tyin363\Documents\repos\asciidoctor__asciidoctor-maven-plugin\asciidoctor-maven-plugin\src\main\java\org\asciidoctor\maven\AsciidoctorMojo.java,81
org.apache.maven:maven-plugin-api,3.9.9,true,ClassOrInterfaceType,org.apache.maven.plugin.MojoExecutionException,MojoExecutionException,C:\Users\tyin363\Documents\repos\asciidoctor__asciidoctor-maven-plugin\asciidoctor-maven-plugin\src\main\java\org\asciidoctor\maven\AsciidoctorMojo.java,226
JDK:java.base,N/A,false,ClassOrInterfaceType,java.lang.String,String,C:\Users\tyin363\Documents\repos\asciidoctor__asciidoctor-maven-plugin\asciidoctor-maven-plugin\src\main\java\org\asciidoctor\maven\refresh\ResourcesPatternBuilder.java,28
JDK:java.base,N/A,false,MethodCallExpr,java.io.File,getAbsolutePath,C:\Users\tyin363\Documents\repos\asciidoctor__asciidoctor-maven-plugin\asciidoctor-maven-plugin\src\main\java\org\asciidoctor\maven\AsciidoctorZipMojo.java,58
JDK:java.base,N/A,false,MethodCallExpr,java.lang.String,endsWith,C:\Users\tyin363\Documents\repos\asciidoctor__asciidoctor-maven-plugin\asciidoctor-maven-plugin\src\main\java\org\asciidoctor\maven\http\AsciidoctorHandler.java,124
JDK:java.base,N/A,false,ClassOrInterfaceType,java.io.File,File,C:\Users\tyin363\Documents\repos\asciidoctor__asciidoctor-maven-plugin\asciidoctor-maven-plugin\src\main\java\org\asciidoctor\maven\process\SourceDirectoryFinder.java,26
JDK:java.base,N/A,false,MethodCallExpr,java.io.File,getParentFile,C:\Users\tyin363\Documents\repos\asciidoctor__asciidoctor-maven-plugin\asciidoctor-maven-plugin\src\main\java\org\asciidoctor\maven\refresh\ResourceCopyFileAlterationListenerAdaptor.java,34
JDK:java.base,N/A,false,ObjectCreationExpr,java.io.File,File,C:\Users\tyin363\Documents\repos\asciidoctor__asciidoctor-maven-plugin\asciidoctor-maven-plugin\src\main\java\org\asciidoctor\maven\http\AsciidoctorHandler.java,104
JDK:java.base,N/A,false,MethodCallExpr,java.lang.Class,isAssignableFrom,C:\Users\tyin363\Documents\repos\asciidoctor__asciidoctor-maven-plugin\asciidoctor-maven-plugin\src\main\java\org\asciidoctor\maven\extensions\AsciidoctorJExtensionRegistry.java,52
org.apache.maven:maven-plugin-api,3.9.9,true,MethodCallExpr,org.apache.maven.plugin.logging.Log,info,C:\Users\tyin363\Documents\repos\asciidoctor__asciidoctor-maven-plugin\asciidoctor-maven-plugin\src\main\java\org\asciidoctor\maven\refresh\AdditionalSourceFileAlterationListenerAdaptor.java,23
CLIENT:client-code,N/A,false,MethodCallExpr,org.asciidoctor.maven.http.AsciidoctorHttpServer,start,C:\Users\tyin363\Documents\repos\asciidoctor__asciidoctor-maven-plugin\asciidoctor-maven-plugin\src\main\java\org\asciidoctor\maven\AsciidoctorHttpMojo.java,35
CLIENT:client-code,N/A,false,MethodCallExpr,org.asciidoctor.maven.model.Resource,getExcludes,C:\Users\tyin363\Documents\repos\asciidoctor__asciidoctor-maven-plugin\asciidoctor-maven-plugin\src\main\java\org\asciidoctor\maven\refresh\ResourceCopyFileAlterationListenerAdaptor.java,48
CLIENT:client-code,N/A,false,FieldAccessExpr,org.asciidoctor.maven.model.Resource,excludes,C:\Users\tyin363\Documents\repos\asciidoctor__asciidoctor-maven-plugin\asciidoctor-maven-plugin\src\main\java\org\asciidoctor\maven\model\Resource.java,46
CLIENT:client-code,N/A,false,FieldAccessExpr,org.asciidoctor.maven.model.Resource,directory,C:\Users\tyin363\Documents\repos\asciidoctor__asciidoctor-maven-plugin\asciidoctor-maven-plugin\src\main\java\org\asciidoctor\maven\model\Resource.java,18
JDK:java.base,N/A,false,ObjectCreationExpr,java.util.HashMap,HashMap,C:\Users\tyin363\Documents\repos\asciidoctor__asciidoctor-maven-plugin\asciidoctor-maven-plugin\src\main\java\org\asciidoctor\maven\AsciidoctorMojo.java,81
org.asciidoctor:asciidoctorj-api,3.0.0,true,ClassOrInterfaceType,org.asciidoctor.extension.BlockMacroProcessor,BlockMacroProcessor,C:\Users\tyin363\Documents\repos\asciidoctor__asciidoctor-maven-plugin\asciidoctor-maven-plugin\src\main\java\org\asciidoctor\maven\extensions\AsciidoctorJExtensionRegistry.java,68
CLIENT:client-code,N/A,false,MethodCallExpr,org.asciidoctor.maven.extensions.ExtensionRegistry,register,C:\Users\tyin363\Documents\repos\asciidoctor__asciidoctor-maven-plugin\asciidoctor-maven-plugin\src\main\java\org\asciidoctor\maven\AsciidoctorMojo.java,224
JDK:java.base,N/A,false,ClassOrInterfaceType,java.lang.String,String,C:\Users\tyin363\Documents\repos\asciidoctor__asciidoctor-maven-plugin\asciidoctor-maven-plugin\src\main\java\org\asciidoctor\maven\AsciidoctorRefreshMojo.java,166
org.asciidoctor:asciidoctorj-api,3.0.0,true,MethodCallExpr,org.asciidoctor.Asciidoctor,requireLibraries,C:\Users\tyin363\Documents\repos\asciidoctor__asciidoctor-maven-plugin\asciidoctor-maven-plugin\src\main\java\org\asciidoctor\maven\AsciidoctorMojo.java,219
org.apache.maven:maven-plugin-api,3.9.9,true,MethodCallExpr,org.apache.maven.plugin.AbstractMojo,getLog,C:\Users\tyin363\Documents\repos\asciidoctor__asciidoctor-maven-plugin\asciidoctor-maven-plugin\src\main\java\org\asciidoctor\maven\AsciidoctorMojo.java,366
JDK:java.base,N/A,false,MethodCallExpr,java.lang.String,format,C:\Users\tyin363\Documents\repos\asciidoctor__asciidoctor-maven-plugin\asciidoctor-maven-plugin\src\main\java\org\asciidoctor\maven\refresh\AdditionalSourceFileAlterationListenerAdaptor.java,22
io.netty:netty-buffer,4.2.3.Final,true,ClassOrInterfaceType,io.netty.buffer.ByteBuf,ByteBuf,C:\Users\tyin363\Documents\repos\asciidoctor__asciidoctor-maven-plugin\asciidoctor-maven-plugin\src\main\java\org\asciidoctor\maven\http\AsciidoctorHandler.java,53
CLIENT:client-code,N/A,false,MethodCallExpr,org.asciidoctor.maven.model.Resource,getIncludes,C:\Users\tyin363\Documents\repos\asciidoctor__asciidoctor-maven-plugin\asciidoctor-maven-plugin\src\main\java\org\asciidoctor\maven\refresh\ResourceCopyFileAlterationListenerAdaptor.java,119
JDK:java.base,N/A,false,MethodCallExpr,java.util.List,isEmpty,C:\Users\tyin363\Documents\repos\asciidoctor__asciidoctor-maven-plugin\asciidoctor-maven-plugin\src\main\java\org\asciidoctor\maven\AsciidoctorMojo.java,351
org.asciidoctor:asciidoctorj-api,3.0.0,true,ClassOrInterfaceType,org.asciidoctor.extension.JavaExtensionRegistry,JavaExtensionRegistry,C:\Users\tyin363\Documents\repos\asciidoctor__asciidoctor-maven-plugin\asciidoctor-maven-plugin\src\main\java\org\asciidoctor\maven\extensions\AsciidoctorJExtensionRegistry.java,22
JDK:java.base,N/A,false,ClassOrInterfaceType,java.io.File,File,C:\Users\tyin363\Documents\repos\asciidoctor__asciidoctor-maven-plugin\asciidoctor-maven-plugin\src\main\java\org\asciidoctor\maven\AsciidoctorMojo.java,491
org.asciidoctor:asciidoctorj-api,3.0.0,true,MethodCallExpr,org.asciidoctor.OptionsBuilder,baseDir,C:\Users\tyin363\Documents\repos\asciidoctor__asciidoctor-maven-plugin\asciidoctor-maven-plugin\src\main\java\org\asciidoctor\maven\AsciidoctorMojo.java,308
JDK:java.base,N/A,false,MethodCallExpr,java.lang.String,equals,C:\Users\tyin363\Documents\repos\asciidoctor__asciidoctor-maven-plugin\asciidoctor-maven-plugin\src\main\java\org\asciidoctor\maven\AsciidoctorJFactory.java,55
JDK:java.base,N/A,false,ClassOrInterfaceType,java.io.File,File,C:\Users\tyin363\Documents\repos\asciidoctor__asciidoctor-maven-plugin\asciidoctor-maven-plugin\src\main\java\org\asciidoctor\maven\process\CopyResourcesProcessor.java,167
CLIENT:client-code,N/A,false,FieldAccessExpr,org.asciidoctor.maven.refresh.AbstractFileAlterationListenerAdaptor,log,C:\Users\tyin363\Documents\repos\asciidoctor__asciidoctor-maven-plugin\asciidoctor-maven-plugin\src\main\java\org\asciidoctor\maven\refresh\AbstractFileAlterationListenerAdaptor.java,18
CLIENT:client-code,N/A,false,MethodCallExpr,org.asciidoctor.maven.AsciidoctorRefreshMojo,buildSourcesFileFilter,C:\Users\tyin363\Documents\repos\asciidoctor__asciidoctor-maven-plugin\asciidoctor-maven-plugin\src\main\java\org\asciidoctor\maven\AsciidoctorRefreshMojo.java,119
io.netty:netty-codec-http,4.2.3.Final,false,FieldAccessExpr,io.netty.handler.codec.http.HttpVersion,HTTP_1_1,C:\Users\tyin363\Documents\repos\asciidoctor__asciidoctor-maven-plugin\asciidoctor-maven-plugin\src\main\java\org\asciidoctor\maven\http\AsciidoctorHandler.java,86
JDK:java.base,N/A,false,MethodCallExpr,java.nio.file.Path,getParent,C:\Users\tyin363\Documents\repos\asciidoctor__asciidoctor-maven-plugin\asciidoctor-maven-plugin\src\main\java\org\asciidoctor\maven\process\CopyResourcesProcessor.java,171
org.apache.maven:maven-plugin-api,3.9.9,true,ObjectCreationExpr,org.apache.maven.plugin.MojoExecutionException,MojoExecutionException,C:\Users\tyin363\Documents\repos\asciidoctor__asciidoctor-maven-plugin\asciidoctor-maven-plugin\src\main\java\org\asciidoctor\maven\AsciidoctorMojo.java,183
io.netty:netty-codec-http,4.2.3.Final,false,ClassOrInterfaceType,io.netty.handler.codec.http.HttpHeaders,HttpHeaders,C:\Users\tyin363\Documents\repos\asciidoctor__asciidoctor-maven-plugin\asciidoctor-maven-plugin\src\main\java\org\asciidoctor\maven\http\AsciidoctorHandler.java,64
JDK:java.base,N/A,false,ClassOrInterfaceType,java.lang.String,String,C:\Users\tyin363\Documents\repos\asciidoctor__asciidoctor-maven-plugin\asciidoctor-maven-plugin\src\main\java\org\asciidoctor\maven\AsciidoctorRefreshMojo.java,37
JDK:java.base,N/A,false,MethodCallExpr,java.io.File,list,C:\Users\tyin363\Documents\repos\asciidoctor__asciidoctor-maven-plugin\asciidoctor-maven-plugin\src\main\java\org\asciidoctor\maven\io\Zips.java,15
JDK:java.base,N/A,false,MethodCallExpr,java.lang.Runnable,run,C:\Users\tyin363\Documents\repos\asciidoctor__asciidoctor-maven-plugin\asciidoctor-maven-plugin\src\main\java\org\asciidoctor\maven\refresh\TimeCounter.java,9
JDK:java.base,N/A,false,MethodCallExpr,java.lang.StringBuilder,toString,C:\Users\tyin363\Documents\repos\asciidoctor__asciidoctor-maven-plugin\asciidoctor-maven-plugin\src\main\java\org\asciidoctor\maven\refresh\ResourcesPatternBuilder.java,39
org.apache.maven:maven-plugin-api,3.9.9,true,MethodCallExpr,org.apache.maven.plugin.logging.Log,info,C:\Users\tyin363\Documents\repos\asciidoctor__asciidoctor-maven-plugin\asciidoctor-maven-plugin\src\main\java\org\asciidoctor\maven\http\AsciidoctorHttpServer.java,109
CLIENT:client-code,N/A,false,ClassOrInterfaceType,org.asciidoctor.maven.process.ResourcesProcessor,ResourcesProcessor,C:\Users\tyin363\Documents\repos\asciidoctor__asciidoctor-maven-plugin\asciidoctor-maven-plugin\src\main\java\org\asciidoctor\maven\AsciidoctorMojo.java,176
JDK:java.base,N/A,false,MethodCallExpr,java.lang.String,endsWith,C:\Users\tyin363\Documents\repos\asciidoctor__asciidoctor-maven-plugin\asciidoctor-maven-plugin\src\main\java\org\asciidoctor\maven\http\AsciidoctorHandler.java,118
JDK:java.base,N/A,false,ClassOrInterfaceType,java.util.List,List,C:\Users\tyin363\Documents\repos\asciidoctor__asciidoctor-maven-plugin\asciidoctor-maven-plugin\src\main\java\org\asciidoctor\maven\refresh\ResourcesPatternBuilder.java,23
JDK:java.base,N/A,false,MethodCallExpr,java.util.Optional,get,C:\Users\tyin363\Documents\repos\asciidoctor__asciidoctor-maven-plugin\asciidoctor-maven-plugin\src\main\java\org\asciidoctor\maven\AsciidoctorMojo.java,233
JDK:java.base,N/A,false,ObjectCreationExpr,java.lang.RuntimeException,RuntimeException,C:\Users\tyin363\Documents\repos\asciidoctor__asciidoctor-maven-plugin\asciidoctor-maven-plugin\src\main\java\org\asciidoctor\maven\extensions\AsciidoctorJExtensionRegistry.java,79
org.apache.maven:maven-plugin-api,3.9.9,true,MethodCallExpr,org.apache.maven.plugin.AbstractMojo,getLog,C:\Users\tyin363\Documents\repos\asciidoctor__asciidoctor-maven-plugin\asciidoctor-maven-plugin\src\main\java\org\asciidoctor\maven\AsciidoctorRefreshMojo.java,68
io.netty:netty-common,4.2.3.Final,true,ClassOrInterfaceType,io.netty.util.concurrent.Future,Future,C:\Users\tyin363\Documents\repos\asciidoctor__asciidoctor-maven-plugin\asciidoctor-maven-plugin\src\main\java\org\asciidoctor\maven\http\AsciidoctorHttpServer.java,108
JDK:java.base,N/A,false,ClassOrInterfaceType,java.lang.String,String,C:\Users\tyin363\Documents\repos\asciidoctor__asciidoctor-maven-plugin\asciidoctor-maven-plugin\src\main\java\org\asciidoctor\maven\model\Resource.java,8
CLIENT:client-code,N/A,false,ClassOrInterfaceType,org.asciidoctor.maven.AsciidoctorMojo,AsciidoctorMojo,C:\Users\tyin363\Documents\repos\asciidoctor__asciidoctor-maven-plugin\asciidoctor-maven-plugin\src\main\java\org\asciidoctor\maven\AsciidoctorOptionsFactory.java,37
CLIENT:client-code,N/A,false,ClassOrInterfaceType,org.asciidoctor.maven.model.Resource,Resource,C:\Users\tyin363\Documents\repos\asciidoctor__asciidoctor-maven-plugin\asciidoctor-maven-plugin\src\main\java\org\asciidoctor\maven\refresh\ResourceCopyFileAlterationListenerAdaptor.java,40
JDK:java.base,N/A,false,ClassOrInterfaceType,java.lang.String,String,C:\Users\tyin363\Documents\repos\asciidoctor__asciidoctor-maven-plugin\asciidoctor-maven-plugin\src\main\java\org\asciidoctor\maven\AsciidoctorZipMojo.java,38
JDK:java.base,N/A,false,ObjectCreationExpr,java.io.File,File,C:\Users\tyin363\Documents\repos\asciidoctor__asciidoctor-maven-plugin\asciidoctor-maven-plugin\src\main\java\org\asciidoctor\maven\AsciidoctorMojo.java,314
org.asciidoctor:asciidoctorj-api,3.0.0,true,ClassOrInterfaceType,org.asciidoctor.extension.BlockMacroProcessor,BlockMacroProcessor,C:\Users\tyin363\Documents\repos\asciidoctor__asciidoctor-maven-plugin\asciidoctor-maven-plugin\src\main\java\org\asciidoctor\maven\extensions\AsciidoctorJExtensionRegistry.java,66
JDK:java.base,N/A,false,MethodCallExpr,java.io.File,length,C:\Users\tyin363\Documents\repos\asciidoctor__asciidoctor-maven-plugin\asciidoctor-maven-plugin\src\main\java\org\asciidoctor\maven\http\AsciidoctorHandler.java,66
JDK:java.base,N/A,false,ClassOrInterfaceType,java.io.File,File,C:\Users\tyin363\Documents\repos\asciidoctor__asciidoctor-maven-plugin\asciidoctor-maven-plugin\src\main\java\org\asciidoctor\maven\refresh\ResourceCopyFileAlterationListenerAdaptor.java,29
org.codehaus.plexus:plexus-utils,3.5.1,true,MethodCallExpr,org.codehaus.plexus.util.FileUtils,forceMkdir,C:\Users\tyin363\Documents\repos\asciidoctor__asciidoctor-maven-plugin\asciidoctor-maven-plugin\src\main\java\org\asciidoctor\maven\refresh\ResourceCopyFileAlterationListenerAdaptor.java,37
CLIENT:client-code,N/A,false,MethodCallExpr,org.asciidoctor.maven.refresh.AbstractFileAlterationListenerAdaptor,getMojo,C:\Users\tyin363\Documents\repos\asciidoctor__asciidoctor-maven-plugin\asciidoctor-maven-plugin\src\main\java\org\asciidoctor\maven\refresh\ResourceCopyFileAlterationListenerAdaptor.java,28
JDK:java.base,N/A,false,ClassOrInterfaceType,java.util.function.Consumer,Consumer,C:\Users\tyin363\Documents\repos\asciidoctor__asciidoctor-maven-plugin\asciidoctor-maven-plugin\src\main\java\org\asciidoctor\maven\process\SourceDirectoryFinder.java,26
JDK:java.base,N/A,false,ClassOrInterfaceType,java.lang.String,String,C:\Users\tyin363\Documents\repos\asciidoctor__asciidoctor-maven-plugin\asciidoctor-maven-plugin\src\main\java\org\asciidoctor\maven\process\SourceDocumentFinder.java,32
JDK:java.base,N/A,false,ClassOrInterfaceType,java.io.File,File,C:\Users\tyin363\Documents\repos\asciidoctor__asciidoctor-maven-plugin\asciidoctor-maven-plugin\src\main\java\org\asciidoctor\maven\AsciidoctorMojo.java,559
org.asciidoctor:asciidoctorj-api,3.0.0,true,MethodCallExpr,org.asciidoctor.extension.JavaExtensionRegistry,inlineMacro,C:\Users\tyin363\Documents\repos\asciidoctor__asciidoctor-maven-plugin\asciidoctor-maven-plugin\src\main\java\org\asciidoctor\maven\extensions\AsciidoctorJExtensionRegistry.java,76
io.netty:netty-codec-http,4.2.3.Final,false,ObjectCreationExpr,io.netty.handler.codec.http.DefaultFullHttpResponse,DefaultFullHttpResponse,C:\Users\tyin363\Documents\repos\asciidoctor__asciidoctor-maven-plugin\asciidoctor-maven-plugin\src\main\java\org\asciidoctor\maven\http\AsciidoctorHandler.java,62
CLIENT:client-code,N/A,false,FieldAccessExpr,org.asciidoctor.maven.AsciidoctorMaven,PREFIX,C:\Users\tyin363\Documents\repos\asciidoctor__asciidoctor-maven-plugin\asciidoctor-maven-plugin\src\main\java\org\asciidoctor\maven\AsciidoctorMojo.java,74
JDK:java.base,N/A,false,ClassOrInterfaceType,java.lang.String,String,C:\Users\tyin363\Documents\repos\asciidoctor__asciidoctor-maven-plugin\asciidoctor-maven-plugin\src\main\java\org\asciidoctor\maven\AsciidoctorMojo.java,459
JDK:java.base,N/A,false,ClassOrInterfaceType,java.io.File,File,C:\Users\tyin363\Documents\repos\asciidoctor__asciidoctor-maven-plugin\asciidoctor-maven-plugin\src\main\java\org\asciidoctor\maven\process\SourceDirectoryFinder.java,25
JDK:java.base,N/A,false,ClassOrInterfaceType,java.lang.Runnable,Runnable,C:\Users\tyin363\Documents\repos\asciidoctor__asciidoctor-maven-plugin\asciidoctor-maven-plugin\src\main\java\org\asciidoctor\maven\refresh\AbstractFileAlterationListenerAdaptor.java,12
JDK:java.base,N/A,false,MethodCallExpr,java.lang.String,equals,C:\Users\tyin363\Documents\repos\asciidoctor__asciidoctor-maven-plugin\asciidoctor-maven-plugin\src\main\java\org\asciidoctor\maven\AsciidoctorJFactory.java,53
JDK:java.base,N/A,false,MethodCallExpr,java.util.Collections,emptyList,C:\Users\tyin363\Documents\repos\asciidoctor__asciidoctor-maven-plugin\asciidoctor-maven-plugin\src\main\java\org\asciidoctor\maven\process\SourceDocumentFinder.java,85
JDK:java.base,N/A,false,ClassOrInterfaceType,java.util.List,List,C:\Users\tyin363\Documents\repos\asciidoctor__asciidoctor-maven-plugin\asciidoctor-maven-plugin\src\main\java\org\asciidoctor\maven\AsciidoctorMojo.java,559
org.apache.maven:maven-plugin-api,3.9.9,true,MethodCallExpr,org.apache.maven.plugin.logging.Log,info,C:\Users\tyin363\Documents\repos\asciidoctor__asciidoctor-maven-plugin\asciidoctor-maven-plugin\src\main\java\org\asciidoctor\maven\AsciidoctorMojo.java,196
JDK:java.base,N/A,false,ClassOrInterfaceType,java.lang.Exception,Exception,C:\Users\tyin363\Documents\repos\asciidoctor__asciidoctor-maven-plugin\asciidoctor-maven-plugin\src\main\java\org\asciidoctor\maven\AsciidoctorMojo.java,225
CLIENT:client-code,N/A,false,MethodCallExpr,org.asciidoctor.maven.AsciidoctorMojo,processSources,C:\Users\tyin363\Documents\repos\asciidoctor__asciidoctor-maven-plugin\asciidoctor-maven-plugin\src\main\java\org\asciidoctor\maven\AsciidoctorMojo.java,166
CLIENT:client-code,N/A,false,FieldAccessExpr,org.asciidoctor.maven.AsciidoctorMojo,relativeBaseDir,C:\Users\tyin363\Documents\repos\asciidoctor__asciidoctor-maven-plugin\asciidoctor-maven-plugin\src\main\java\org\asciidoctor\maven\AsciidoctorMojo.java,516
org.apache.maven:maven-core,3.9.9,false,ClassOrInterfaceType,org.apache.maven.project.MavenProject,MavenProject,C:\Users\tyin363\Documents\repos\asciidoctor__asciidoctor-maven-plugin\asciidoctor-maven-plugin\src\main\java\org\asciidoctor\maven\AsciidoctorOptionsFactory.java,37
JDK:java.base,N/A,false,ClassOrInterfaceType,java.util.zip.ZipEntry,ZipEntry,C:\Users\tyin363\Documents\repos\asciidoctor__asciidoctor-maven-plugin\asciidoctor-maven-plugin\src\main\java\org\asciidoctor\maven\io\Zips.java,40
io.netty:netty-codec-http,4.2.3.Final,false,MethodCallExpr,io.netty.handler.codec.http.HttpHeaders,set,C:\Users\tyin363\Documents\repos\asciidoctor__asciidoctor-maven-plugin\asciidoctor-maven-plugin\src\main\java\org\asciidoctor\maven\http\AsciidoctorHandler.java,55
CLIENT:client-code,N/A,false,ClassOrInterfaceType,org.asciidoctor.maven.AsciidoctorMojo.Destination,Destination,C:\Users\tyin363\Documents\repos\asciidoctor__asciidoctor-maven-plugin\asciidoctor-maven-plugin\src\main\java\org\asciidoctor\maven\AsciidoctorMojo.java,246
CLIENT:client-code,N/A,false,MethodCallExpr,org.asciidoctor.maven.process.CopyResourcesProcessor,copyFileToDirectory,C:\Users\tyin363\Documents\repos\asciidoctor__asciidoctor-maven-plugin\asciidoctor-maven-plugin\src\main\java\org\asciidoctor\maven\process\CopyResourcesProcessor.java,155
JDK:java.base,N/A,false,MethodCallExpr,java.util.function.Consumer,accept,C:\Users\tyin363\Documents\repos\asciidoctor__asciidoctor-maven-plugin\asciidoctor-maven-plugin\src\main\java\org\asciidoctor\maven\process\SourceDirectoryFinder.java,41
JDK:java.base,N/A,false,MethodCallExpr,java.util.List,toArray,C:\Users\tyin363\Documents\repos\asciidoctor__asciidoctor-maven-plugin\asciidoctor-maven-plugin\src\main\java\org\asciidoctor\maven\AsciidoctorOptionsFactory.java,92
io.netty:netty-codec-http,4.2.3.Final,false,ClassOrInterfaceType,io.netty.handler.codec.http.HttpObjectAggregator,HttpObjectAggregator,C:\Users\tyin363\Documents\repos\asciidoctor__asciidoctor-maven-plugin\asciidoctor-maven-plugin\src\main\java\org\asciidoctor\maven\http\AsciidoctorHttpServer.java,84
org.jruby:jruby-base,9.4.12.0,true,MethodCallExpr,org.jruby.Ruby,evalScriptlet,C:\Users\tyin363\Documents\repos\asciidoctor__asciidoctor-maven-plugin\asciidoctor-maven-plugin\src\main\java\org\asciidoctor\maven\AsciidoctorJFactory.java,52
CLIENT:client-code,N/A,false,FieldAccessExpr,org.asciidoctor.maven.model.Resource,excludes,C:\Users\tyin363\Documents\repos\asciidoctor__asciidoctor-maven-plugin\asciidoctor-maven-plugin\src\main\java\org\asciidoctor\maven\model\Resource.java,50
CLIENT:client-code,N/A,false,FieldAccessExpr,org.asciidoctor.maven.AsciidoctorMaven,PREFIX,C:\Users\tyin363\Documents\repos\asciidoctor__asciidoctor-maven-plugin\asciidoctor-maven-plugin\src\main\java\org\asciidoctor\maven\AsciidoctorMojo.java,71
JDK:java.base,N/A,false,ClassOrInterfaceType,java.io.File,File,C:\Users\tyin363\Documents\repos\asciidoctor__asciidoctor-maven-plugin\asciidoctor-maven-plugin\src\main\java\org\asciidoctor\maven\AsciidoctorMojo.java,298
JDK:java.base,N/A,false,MethodCallExpr,java.io.File,getCanonicalPath,C:\Users\tyin363\Documents\repos\asciidoctor__asciidoctor-maven-plugin\asciidoctor-maven-plugin\src\main\java\org\asciidoctor\maven\refresh\ResourceCopyFileAlterationListenerAdaptor.java,107
org.apache.maven:maven-plugin-api,3.9.9,true,MethodCallExpr,org.apache.maven.plugin.AbstractMojo,getLog,C:\Users\tyin363\Documents\repos\asciidoctor__asciidoctor-maven-plugin\asciidoctor-maven-plugin\src\main\java\org\asciidoctor\maven\AsciidoctorHttpMojo.java,32
org.apache.maven:maven-plugin-api,3.9.9,true,MethodCallExpr,org.apache.maven.plugin.logging.Log,error,C:\Users\tyin363\Documents\repos\asciidoctor__asciidoctor-maven-plugin\asciidoctor-maven-plugin\src\main\java\org\asciidoctor\maven\http\AsciidoctorHttpServer.java,99
JDK:java.base,N/A,false,MethodCallExpr,java.lang.String,length,C:\Users\tyin363\Documents\repos\asciidoctor__asciidoctor-maven-plugin\asciidoctor-maven-plugin\src\main\java\org\asciidoctor\maven\io\Zips.java,25
JDK:java.base,N/A,false,MethodCallExpr,java.io.File,mkdirs,C:\Users\tyin363\Documents\repos\asciidoctor__asciidoctor-maven-plugin\asciidoctor-maven-plugin\src\main\java\org\asciidoctor\maven\AsciidoctorMojo.java,371
org.apache.maven:maven-plugin-api,3.9.9,true,MethodCallExpr,org.apache.maven.plugin.logging.Log,info,C:\Users\tyin363\Documents\repos\asciidoctor__asciidoctor-maven-plugin\asciidoctor-maven-plugin\src\main\java\org\asciidoctor\maven\refresh\ResourceCopyFileAlterationListenerAdaptor.java,25
JDK:java.base,N/A,false,ClassOrInterfaceType,java.util.ArrayList,ArrayList,C:\Users\tyin363\Documents\repos\asciidoctor__asciidoctor-maven-plugin\asciidoctor-maven-plugin\src\main\java\org\asciidoctor\maven\AsciidoctorMojo.java,78
CLIENT:client-code,N/A,false,ClassOrInterfaceType,org.asciidoctor.maven.refresh.AbstractFileAlterationListenerAdaptor,AbstractFileAlterationListenerAdaptor,C:\Users\tyin363\Documents\repos\asciidoctor__asciidoctor-maven-plugin\asciidoctor-maven-plugin\src\main\java\org\asciidoctor\maven\refresh\AdditionalSourceFileAlterationListenerAdaptor.java,10
org.apache.maven:maven-plugin-api,3.9.9,true,ClassOrInterfaceType,org.apache.maven.plugin.MojoExecutionException,MojoExecutionException,C:\Users\tyin363\Documents\repos\asciidoctor__asciidoctor-maven-plugin\asciidoctor-maven-plugin\src\main\java\org\asciidoctor\maven\refresh\AdditionalSourceFileAlterationListenerAdaptor.java,27
org.apache.maven:maven-plugin-api,3.9.9,true,MethodCallExpr,org.apache.maven.plugin.logging.Log,warn,C:\Users\tyin363\Documents\repos\asciidoctor__asciidoctor-maven-plugin\asciidoctor-maven-plugin\src\main\java\org\asciidoctor\maven\AsciidoctorRefreshMojo.java,85
JDK:java.base,N/A,false,ClassOrInterfaceType,java.util.List,List,C:\Users\tyin363\Documents\repos\asciidoctor__asciidoctor-maven-plugin\asciidoctor-maven-plugin\src\main\java\org\asciidoctor\maven\refresh\ResourcesPatternBuilder.java,21
org.apache.maven:maven-plugin-api,3.9.9,true,ClassOrInterfaceType,org.apache.maven.plugin.MojoExecutionException,MojoExecutionException,C:\Users\tyin363\Documents\repos\asciidoctor__asciidoctor-maven-plugin\asciidoctor-maven-plugin\src\main\java\org\asciidoctor\maven\AsciidoctorMojo.java,155
CLIENT:client-code,N/A,false,MethodCallExpr,org.asciidoctor.maven.refresh.AbstractFileAlterationListenerAdaptor,getLog,C:\Users\tyin363\Documents\repos\asciidoctor__asciidoctor-maven-plugin\asciidoctor-maven-plugin\src\main\java\org\asciidoctor\maven\refresh\AdditionalSourceFileAlterationListenerAdaptor.java,28
JDK:java.base,N/A,false,MethodCallExpr,java.nio.file.Path,getParent,C:\Users\tyin363\Documents\repos\asciidoctor__asciidoctor-maven-plugin\asciidoctor-maven-plugin\src\main\java\org\asciidoctor\maven\process\CopyResourcesProcessor.java,174
CLIENT:client-code,N/A,false,FieldAccessExpr,org.asciidoctor.maven.model.Resource,directory,C:\Users\tyin363\Documents\repos\asciidoctor__asciidoctor-maven-plugin\asciidoctor-maven-plugin\src\main\java\org\asciidoctor\maven\model\Resource.java,14
org.apache.maven:maven-plugin-api,3.9.9,true,MethodCallExpr,org.apache.maven.plugin.logging.Log,error,C:\Users\tyin363\Documents\repos\asciidoctor__asciidoctor-maven-plugin\asciidoctor-maven-plugin\src\main\java\org\asciidoctor\maven\refresh\AsciidoctorConverterFileAlterationListenerAdaptor.java,28
JDK:java.base,N/A,false,MethodCallExpr,java.io.File,getAbsolutePath,C:\Users\tyin363\Documents\repos\asciidoctor__asciidoctor-maven-plugin\asciidoctor-maven-plugin\src\main\java\org\asciidoctor\maven\AsciidoctorZipMojo.java,61
JDK:java.base,N/A,false,ClassOrInterfaceType,java.io.File,File,C:\Users\tyin363\Documents\repos\asciidoctor__asciidoctor-maven-plugin\asciidoctor-maven-plugin\src\main\java\org\asciidoctor\maven\AsciidoctorMojo.java,99
CLIENT:client-code,N/A,false,MethodCallExpr,org.asciidoctor.maven.AsciidoctorRefreshMojo,stopMonitors,C:\Users\tyin363\Documents\repos\asciidoctor__asciidoctor-maven-plugin\asciidoctor-maven-plugin\src\main\java\org\asciidoctor\maven\AsciidoctorRefreshMojo.java,57
JDK:java.base,N/A,false,ClassOrInterfaceType,java.lang.String,String,C:\Users\tyin363\Documents\repos\asciidoctor__asciidoctor-maven-plugin\asciidoctor-maven-plugin\src\main\java\org\asciidoctor\maven\http\AsciidoctorHttpServer.java,46
JDK:java.base,N/A,false,ClassOrInterfaceType,java.util.Optional,Optional,C:\Users\tyin363\Documents\repos\asciidoctor__asciidoctor-maven-plugin\asciidoctor-maven-plugin\src\main\java\org\asciidoctor\maven\process\SourceDirectoryFinder.java,34
JDK:java.base,N/A,false,ClassOrInterfaceType,java.io.ByteArrayOutputStream,ByteArrayOutputStream,C:\Users\tyin363\Documents\repos\asciidoctor__asciidoctor-maven-plugin\asciidoctor-maven-plugin\src\main\java\org\asciidoctor\maven\http\AsciidoctorHandler.java,79
org.asciidoctor:asciidoctorj-api,3.0.0,true,MethodCallExpr,org.asciidoctor.extension.JavaExtensionRegistry,inlineMacro,C:\Users\tyin363\Documents\repos\asciidoctor__asciidoctor-maven-plugin\asciidoctor-maven-plugin\src\main\java\org\asciidoctor\maven\extensions\AsciidoctorJExtensionRegistry.java,74
JDK:java.base,N/A,false,ClassOrInterfaceType,java.lang.String,String,C:\Users\tyin363\Documents\repos\asciidoctor__asciidoctor-maven-plugin\asciidoctor-maven-plugin\src\main\java\org\asciidoctor\maven\refresh\ResourcesPatternBuilder.java,23
JDK:java.base,N/A,false,ClassOrInterfaceType,java.util.function.Consumer,Consumer,C:\Users\tyin363\Documents\repos\asciidoctor__asciidoctor-maven-plugin\asciidoctor-maven-plugin\src\main\java\org\asciidoctor\maven\process\SourceDirectoryFinder.java,28
org.apache.maven:maven-plugin-api,3.9.9,true,MethodCallExpr,org.apache.maven.plugin.logging.Log,info,C:\Users\tyin363\Documents\repos\asciidoctor__asciidoctor-maven-plugin\asciidoctor-maven-plugin\src\main\java\org\asciidoctor\maven\http\AsciidoctorHttpServer.java,112
org.asciidoctor:asciidoctorj-api,3.0.0,true,MethodCallExpr,org.asciidoctor.AttributesBuilder,build,C:\Users\tyin363\Documents\repos\asciidoctor__asciidoctor-maven-plugin\asciidoctor-maven-plugin\src\main\java\org\asciidoctor\maven\AsciidoctorOptionsFactory.java,54
CLIENT:client-code,N/A,false,MethodCallExpr,org.asciidoctor.maven.model.Resource,getExcludes,C:\Users\tyin363\Documents\repos\asciidoctor__asciidoctor-maven-plugin\asciidoctor-maven-plugin\src\main\java\org\asciidoctor\maven\process\CopyResourcesProcessor.java,113
JDK:java.base,N/A,false,FieldAccessExpr,java.io.File,pathSeparator,C:\Users\tyin363\Documents\repos\asciidoctor__asciidoctor-maven-plugin\asciidoctor-maven-plugin\src\main\java\org\asciidoctor\maven\AsciidoctorJFactory.java,53
CLIENT:client-code,N/A,false,FieldAccessExpr,org.asciidoctor.maven.AsciidoctorMojo,finder,C:\Users\tyin363\Documents\repos\asciidoctor__asciidoctor-maven-plugin\asciidoctor-maven-plugin\src\main\java\org\asciidoctor\maven\AsciidoctorMojo.java,150
JDK:java.base,N/A,false,MethodCallExpr,java.io.File,getCanonicalPath,C:\Users\tyin363\Documents\repos\asciidoctor__asciidoctor-maven-plugin\asciidoctor-maven-plugin\src\main\java\org\asciidoctor\maven\refresh\ResourceCopyFileAlterationListenerAdaptor.java,34
CLIENT:client-code,N/A,false,FieldAccessExpr,org.asciidoctor.maven.AsciidoctorZipMojo,attach,C:\Users\tyin363\Documents\repos\asciidoctor__asciidoctor-maven-plugin\asciidoctor-maven-plugin\src\main\java\org\asciidoctor\maven\AsciidoctorZipMojo.java,96
CLIENT:client-code,N/A,false,MethodCallExpr,org.asciidoctor.maven.process.SourceDocumentFinder,find,C:\Users\tyin363\Documents\repos\asciidoctor__asciidoctor-maven-plugin\asciidoctor-maven-plugin\src\main\java\org\asciidoctor\maven\AsciidoctorMojo.java,353
io.netty:netty-codec-http,4.2.3.Final,false,FieldAccessExpr,io.netty.handler.codec.http.HttpMethod,GET,C:\Users\tyin363\Documents\repos\asciidoctor__asciidoctor-maven-plugin\asciidoctor-maven-plugin\src\main\java\org\asciidoctor\maven\http\AsciidoctorHandler.java,45
org.apache.maven:maven-plugin-api,3.9.9,true,MethodCallExpr,org.apache.maven.plugin.logging.Log,warn,C:\Users\tyin363\Documents\repos\asciidoctor__asciidoctor-maven-plugin\asciidoctor-maven-plugin\src\main\java\org\asciidoctor\maven\AsciidoctorJFactory.java,56
CLIENT:client-code,N/A,false,MethodCallExpr,org.asciidoctor.maven.refresh.AbstractFileAlterationListenerAdaptor,getLog,C:\Users\tyin363\Documents\repos\asciidoctor__asciidoctor-maven-plugin\asciidoctor-maven-plugin\src\main\java\org\asciidoctor\maven\refresh\AdditionalSourceFileAlterationListenerAdaptor.java,31
CLIENT:client-code,N/A,false,MethodCallExpr,org.asciidoctor.maven.AsciidoctorMojo,getOutputFile,C:\Users\tyin363\Documents\repos\asciidoctor__asciidoctor-maven-plugin\asciidoctor-maven-plugin\src\main\java\org\asciidoctor\maven\AsciidoctorMojo.java,319
CLIENT:client-code,N/A,false,ClassOrInterfaceType,org.asciidoctor.maven.process.ResourcesProcessor,ResourcesProcessor,C:\Users\tyin363\Documents\repos\asciidoctor__asciidoctor-maven-plugin\asciidoctor-maven-plugin\src\main\java\org\asciidoctor\maven\refresh\AdditionalSourceFileAlterationListenerAdaptor.java,12
JDK:java.base,N/A,false,ClassOrInterfaceType,java.lang.String,String,C:\Users\tyin363\Documents\repos\asciidoctor__asciidoctor-maven-plugin\asciidoctor-maven-plugin\src\main\java\org\asciidoctor\maven\process\CopyResourcesProcessor.java,145
org.asciidoctor:asciidoctorj-api,3.0.0,true,ClassOrInterfaceType,org.asciidoctor.extension.InlineMacroProcessor,InlineMacroProcessor,C:\Users\tyin363\Documents\repos\asciidoctor__asciidoctor-maven-plugin\asciidoctor-maven-plugin\src\main\java\org\asciidoctor\maven\extensions\AsciidoctorJExtensionRegistry.java,72
CLIENT:client-code,N/A,false,MethodCallExpr,org.asciidoctor.maven.extensions.ExtensionConfiguration,getBlockName,C:\Users\tyin363\Documents\repos\asciidoctor__asciidoctor-maven-plugin\asciidoctor-maven-plugin\src\main\java\org\asciidoctor\maven\AsciidoctorMojo.java,224
CLIENT:client-code,N/A,false,MethodCallExpr,org.asciidoctor.maven.model.Resource,getIncludes,C:\Users\tyin363\Documents\repos\asciidoctor__asciidoctor-maven-plugin\asciidoctor-maven-plugin\src\main\java\org\asciidoctor\maven\refresh\ResourceCopyFileAlterationListenerAdaptor.java,47
CLIENT:client-code,N/A,false,ClassOrInterfaceType,org.asciidoctor.maven.AsciidoctorMojo,AsciidoctorMojo,C:\Users\tyin363\Documents\repos\asciidoctor__asciidoctor-maven-plugin\asciidoctor-maven-plugin\src\main\java\org\asciidoctor\maven\AsciidoctorZipMojo.java,20
JDK:java.base,N/A,false,ClassOrInterfaceType,java.lang.Class,Class,C:\Users\tyin363\Documents\repos\asciidoctor__asciidoctor-maven-plugin\asciidoctor-maven-plugin\src\main\java\org\asciidoctor\maven\extensions\AsciidoctorJExtensionRegistry.java,43
JDK:java.base,N/A,false,MethodCallExpr,java.lang.Throwable,getMessage,C:\Users\tyin363\Documents\repos\asciidoctor__asciidoctor-maven-plugin\asciidoctor-maven-plugin\src\main\java\org\asciidoctor\maven\AsciidoctorMojo.java,268
JDK:java.base,N/A,false,ClassOrInterfaceType,java.lang.String,String,C:\Users\tyin363\Documents\repos\asciidoctor__asciidoctor-maven-plugin\asciidoctor-maven-plugin\src\main\java\org\asciidoctor\maven\AsciidoctorMojo.java,455
JDK:java.base,N/A,false,ClassOrInterfaceType,java.io.File,File,C:\Users\tyin363\Documents\repos\asciidoctor__asciidoctor-maven-plugin\asciidoctor-maven-plugin\src\main\java\org\asciidoctor\maven\process\SourceDirectoryFinder.java,37
CLIENT:client-code,N/A,false,MethodCallExpr,org.asciidoctor.maven.AsciidoctorMojo,processAllSources,C:\Users\tyin363\Documents\repos\asciidoctor__asciidoctor-maven-plugin\asciidoctor-maven-plugin\src\main\java\org\asciidoctor\maven\AsciidoctorRefreshMojo.java,63
CLIENT:client-code,N/A,false,FieldAccessExpr,org.asciidoctor.maven.http.AsciidoctorHttpServer,workDir,C:\Users\tyin363\Documents\repos\asciidoctor__asciidoctor-maven-plugin\asciidoctor-maven-plugin\src\main\java\org\asciidoctor\maven\http\AsciidoctorHttpServer.java,49
CLIENT:client-code,N/A,false,FieldAccessExpr,org.asciidoctor.maven.AsciidoctorMojo,attributes,C:\Users\tyin363\Documents\repos\asciidoctor__asciidoctor-maven-plugin\asciidoctor-maven-plugin\src\main\java\org\asciidoctor\maven\AsciidoctorMojo.java,436
CLIENT:client-code,N/A,false,MethodCallExpr,org.asciidoctor.maven.process.SourceDocumentFinder,find,C:\Users\tyin363\Documents\repos\asciidoctor__asciidoctor-maven-plugin\asciidoctor-maven-plugin\src\main\java\org\asciidoctor\maven\AsciidoctorMojo.java,352
JDK:java.base,N/A,false,ClassOrInterfaceType,java.lang.String,String,C:\Users\tyin363\Documents\repos\asciidoctor__asciidoctor-maven-plugin\asciidoctor-maven-plugin\src\main\java\org\asciidoctor\maven\AsciidoctorRefreshMojo.java,156
JDK:java.base,N/A,false,ClassOrInterfaceType,java.io.File,File,C:\Users\tyin363\Documents\repos\asciidoctor__asciidoctor-maven-plugin\asciidoctor-maven-plugin\src\main\java\org\asciidoctor\maven\AsciidoctorMojo.java,348
commons-io:commons-io,2.20.0,false,ClassOrInterfaceType,org.apache.commons.io.monitor.FileAlterationListenerAdaptor,FileAlterationListenerAdaptor,C:\Users\tyin363\Documents\repos\asciidoctor__asciidoctor-maven-plugin\asciidoctor-maven-plugin\src\main\java\org\asciidoctor\maven\refresh\AbstractFileAlterationListenerAdaptor.java,9
JDK:java.base,N/A,false,MethodCallExpr,java.lang.Object,toString,C:\Users\tyin363\Documents\repos\asciidoctor__asciidoctor-maven-plugin\asciidoctor-maven-plugin\src\main\java\org\asciidoctor\maven\AsciidoctorJFactory.java,52
CLIENT:client-code,N/A,false,MethodCallExpr,org.asciidoctor.maven.refresh.TimeCounter,timed,C:\Users\tyin363\Documents\repos\asciidoctor__asciidoctor-maven-plugin\asciidoctor-maven-plugin\src\main\java\org\asciidoctor\maven\AsciidoctorRefreshMojo.java,61
JDK:java.base,N/A,false,MethodCallExpr,java.lang.String,trim,C:\Users\tyin363\Documents\repos\asciidoctor__asciidoctor-maven-plugin\asciidoctor-maven-plugin\src\main\java\org\asciidoctor\maven\AsciidoctorRefreshMojo.java,77
io.netty:netty-codec-http,4.2.3.Final,false,ClassOrInterfaceType,io.netty.handler.codec.http.HttpResponseEncoder,HttpResponseEncoder,C:\Users\tyin363\Documents\repos\asciidoctor__asciidoctor-maven-plugin\asciidoctor-maven-plugin\src\main\java\org\asciidoctor\maven\http\AsciidoctorHttpServer.java,85
JDK:java.base,N/A,false,ClassOrInterfaceType,java.lang.Runnable,Runnable,C:\Users\tyin363\Documents\repos\asciidoctor__asciidoctor-maven-plugin\asciidoctor-maven-plugin\src\main\java\org\asciidoctor\maven\refresh\ResourceCopyFileAlterationListenerAdaptor.java,19
,,false,MethodCallExpr,org.asciidoctor.jruby.AsciidoctorJRuby.Factory,create,C:\Users\tyin363\Documents\repos\asciidoctor__asciidoctor-maven-plugin\asciidoctor-maven-plugin\src\main\java\org\asciidoctor\maven\AsciidoctorJFactory.java,26
CLIENT:client-code,N/A,false,FieldAccessExpr,org.asciidoctor.maven.AsciidoctorMojo,sourceDirectory,C:\Users\tyin363\Documents\repos\asciidoctor__asciidoctor-maven-plugin\asciidoctor-maven-plugin\src\main\java\org\asciidoctor\maven\AsciidoctorMojo.java,381
JDK:java.base,N/A,false,ClassOrInterfaceType,java.io.File,File,C:\Users\tyin363\Documents\repos\asciidoctor__asciidoctor-maven-plugin\asciidoctor-maven-plugin\src\main\java\org\asciidoctor\maven\refresh\ResourceCopyFileAlterationListenerAdaptor.java,99
CLIENT:client-code,N/A,false,FieldAccessExpr,org.asciidoctor.maven.AsciidoctorMojo.Destination,path,C:\Users\tyin363\Documents\repos\asciidoctor__asciidoctor-maven-plugin\asciidoctor-maven-plugin\src\main\java\org\asciidoctor\maven\AsciidoctorMojo.java,341
JDK:java.base,N/A,false,MethodCallExpr,java.io.File,getAbsolutePath,C:\Users\tyin363\Documents\repos\asciidoctor__asciidoctor-maven-plugin\asciidoctor-maven-plugin\src\main\java\org\asciidoctor\maven\AsciidoctorZipMojo.java,51
org.asciidoctor:asciidoctorj-api,3.0.0,true,MethodCallExpr,org.asciidoctor.OptionsBuilder,templateEngine,C:\Users\tyin363\Documents\repos\asciidoctor__asciidoctor-maven-plugin\asciidoctor-maven-plugin\src\main\java\org\asciidoctor\maven\AsciidoctorOptionsFactory.java,89
JDK:java.base,N/A,false,ClassOrInterfaceType,java.lang.String,String,C:\Users\tyin363\Documents\repos\asciidoctor__asciidoctor-maven-plugin\asciidoctor-maven-plugin\src\main\java\org\asciidoctor\maven\process\SourceDirectoryFinder.java,61
io.netty:netty-transport,4.2.3.Final,true,MethodCallExpr,io.netty.channel.ChannelOutboundInvoker,writeAndFlush,C:\Users\tyin363\Documents\repos\asciidoctor__asciidoctor-maven-plugin\asciidoctor-maven-plugin\src\main\java\org\asciidoctor\maven\http\AsciidoctorHandler.java,96
org.asciidoctor:asciidoctorj-api,3.0.0,true,FieldAccessExpr,org.asciidoctor.Options,DOCTYPE,C:\Users\tyin363\Documents\repos\asciidoctor__asciidoctor-maven-plugin\asciidoctor-maven-plugin\src\main\java\org\asciidoctor\maven\AsciidoctorMojo.java,89
CLIENT:client-code,N/A,false,ClassOrInterfaceType,org.asciidoctor.maven.AsciidoctorRefreshMojo,AsciidoctorRefreshMojo,C:\Users\tyin363\Documents\repos\asciidoctor__asciidoctor-maven-plugin\asciidoctor-maven-plugin\src\main\java\org\asciidoctor\maven\refresh\AbstractFileAlterationListenerAdaptor.java,35
CLIENT:client-code,N/A,false,ClassOrInterfaceType,org.asciidoctor.maven.AsciidoctorMojo.Destination,Destination,C:\Users\tyin363\Documents\repos\asciidoctor__asciidoctor-maven-plugin\asciidoctor-maven-plugin\src\main\java\org\asciidoctor\maven\AsciidoctorMojo.java,325
JDK:java.base,N/A,false,ObjectCreationExpr,java.io.File,File,C:\Users\tyin363\Documents\repos\asciidoctor__asciidoctor-maven-plugin\asciidoctor-maven-plugin\src\main\java\org\asciidoctor\maven\process\SourceDirectoryFinder.java,58
org.codehaus.plexus:plexus-utils,3.5.1,true,MethodCallExpr,org.codehaus.plexus.util.DirectoryScanner,scan,C:\Users\tyin363\Documents\repos\asciidoctor__asciidoctor-maven-plugin\asciidoctor-maven-plugin\src\main\java\org\asciidoctor\maven\refresh\ResourceCopyFileAlterationListenerAdaptor.java,49
CLIENT:client-code,N/A,false,ClassOrInterfaceType,org.asciidoctor.maven.model.Resource,Resource,C:\Users\tyin363\Documents\repos\asciidoctor__asciidoctor-maven-plugin\asciidoctor-maven-plugin\src\main\java\org\asciidoctor\maven\refresh\ResourceCopyFileAlterationListenerAdaptor.java,113
JDK:java.base,N/A,false,ClassOrInterfaceType,java.io.File,File,C:\Users\tyin363\Documents\repos\asciidoctor__asciidoctor-maven-plugin\asciidoctor-maven-plugin\src\main\java\org\asciidoctor\maven\process\SourceDirectoryFinder.java,34
JDK:java.base,N/A,false,MethodCallExpr,java.io.File,getParentFile,C:\Users\tyin363\Documents\repos\asciidoctor__asciidoctor-maven-plugin\asciidoctor-maven-plugin\src\main\java\org\asciidoctor\maven\AsciidoctorMojo.java,306
CLIENT:client-code,N/A,false,ClassOrInterfaceType,org.asciidoctor.maven.refresh.AdditionalSourceFileAlterationListenerAdaptor,AdditionalSourceFileAlterationListenerAdaptor,C:\Users\tyin363\Documents\repos\asciidoctor__asciidoctor-maven-plugin\asciidoctor-maven-plugin\src\main\java\org\asciidoctor\maven\AsciidoctorRefreshMojo.java,129
io.netty:netty-buffer,4.2.3.Final,true,MethodCallExpr,io.netty.buffer.Unpooled,copiedBuffer,C:\Users\tyin363\Documents\repos\asciidoctor__asciidoctor-maven-plugin\asciidoctor-maven-plugin\src\main\java\org\asciidoctor\maven\http\AsciidoctorHandler.java,77
commons-io:commons-io,2.20.0,false,ClassOrInterfaceType,org.apache.commons.io.monitor.FileAlterationObserver,FileAlterationObserver,C:\Users\tyin363\Documents\repos\asciidoctor__asciidoctor-maven-plugin\asciidoctor-maven-plugin\src\main\java\org\asciidoctor\maven\AsciidoctorRefreshMojo.java,119
io.netty:netty-codec-http,4.2.3.Final,false,MethodCallExpr,io.netty.handler.codec.http.DefaultHttpMessage,headers,C:\Users\tyin363\Documents\repos\asciidoctor__asciidoctor-maven-plugin\asciidoctor-maven-plugin\src\main\java\org\asciidoctor\maven\http\AsciidoctorHandler.java,55
JDK:java.base,N/A,false,MethodCallExpr,java.io.File,getAbsolutePath,C:\Users\tyin363\Documents\repos\asciidoctor__asciidoctor-maven-plugin\asciidoctor-maven-plugin\src\main\java\org\asciidoctor\maven\io\Zips.java,18
org.codehaus.plexus:plexus-utils,3.5.1,true,MethodCallExpr,org.codehaus.plexus.util.AbstractScanner,setExcludes,C:\Users\tyin363\Documents\repos\asciidoctor__asciidoctor-maven-plugin\asciidoctor-maven-plugin\src\main\java\org\asciidoctor\maven\refresh\ResourceCopyFileAlterationListenerAdaptor.java,48
commons-io:commons-io,2.20.0,false,ClassOrInterfaceType,org.apache.commons.io.filefilter.RegexFileFilter,RegexFileFilter,C:\Users\tyin363\Documents\repos\asciidoctor__asciidoctor-maven-plugin\asciidoctor-maven-plugin\src\main\java\org\asciidoctor\maven\AsciidoctorRefreshMojo.java,128
JDK:java.base,N/A,false,MethodCallExpr,java.util.List,add,C:\Users\tyin363\Documents\repos\asciidoctor__asciidoctor-maven-plugin\asciidoctor-maven-plugin\src\main\java\org\asciidoctor\maven\process\CopyResourcesProcessor.java,105
JDK:java.base,N/A,false,MethodCallExpr,java.util.logging.Logger,getLogger,C:\Users\tyin363\Documents\repos\asciidoctor__asciidoctor-maven-plugin\asciidoctor-maven-plugin\src\main\java\org\asciidoctor\maven\AsciidoctorMojo.java,241
JDK:java.base,N/A,false,ClassOrInterfaceType,java.io.File,File,C:\Users\tyin363\Documents\repos\asciidoctor__asciidoctor-maven-plugin\asciidoctor-maven-plugin\src\main\java\org\asciidoctor\maven\refresh\ResourceCopyFileAlterationListenerAdaptor.java,30
org.apache.maven:maven-plugin-api,3.9.9,true,MethodCallExpr,org.apache.maven.plugin.logging.Log,error,C:\Users\tyin363\Documents\repos\asciidoctor__asciidoctor-maven-plugin\asciidoctor-maven-plugin\src\main\java\org\asciidoctor\maven\http\AsciidoctorHttpServer.java,93
JDK:java.base,N/A,false,ClassOrInterfaceType,java.io.File,File,C:\Users\tyin363\Documents\repos\asciidoctor__asciidoctor-maven-plugin\asciidoctor-maven-plugin\src\main\java\org\asciidoctor\maven\process\ResourcesProcessor.java,19
org.asciidoctor:asciidoctorj-api,3.0.0,true,ClassOrInterfaceType,org.asciidoctor.extension.InlineMacroProcessor,InlineMacroProcessor,C:\Users\tyin363\Documents\repos\asciidoctor__asciidoctor-maven-plugin\asciidoctor-maven-plugin\src\main\java\org\asciidoctor\maven\extensions\AsciidoctorJExtensionRegistry.java,74
JDK:java.base,N/A,false,ClassOrInterfaceType,java.io.File,File,C:\Users\tyin363\Documents\repos\asciidoctor__asciidoctor-maven-plugin\asciidoctor-maven-plugin\src\main\java\org\asciidoctor\maven\process\SourceDocumentFinder.java,67
commons-io:commons-io,2.20.0,false,MethodCallExpr,org.apache.commons.io.filefilter.FileFilterUtils,directoryFileFilter,C:\Users\tyin363\Documents\repos\asciidoctor__asciidoctor-maven-plugin\asciidoctor-maven-plugin\src\main\java\org\asciidoctor\maven\AsciidoctorRefreshMojo.java,172
org.apache.maven:maven-plugin-api,3.9.9,true,MethodCallExpr,org.apache.maven.plugin.logging.Log,info,C:\Users\tyin363\Documents\repos\asciidoctor__asciidoctor-maven-plugin\asciidoctor-maven-plugin\src\main\java\org\asciidoctor\maven\refresh\AdditionalSourceFileAlterationListenerAdaptor.java,31
CLIENT:client-code,N/A,false,ClassOrInterfaceType,org.asciidoctor.maven.AsciidoctorMojo.Destination,Destination,C:\Users\tyin363\Documents\repos\asciidoctor__asciidoctor-maven-plugin\asciidoctor-maven-plugin\src\main\java\org\asciidoctor\maven\AsciidoctorMojo.java,326
io.netty:netty-codec-http,4.2.3.Final,false,MethodCallExpr,io.netty.handler.codec.http.HttpRequest,method,C:\Users\tyin363\Documents\repos\asciidoctor__asciidoctor-maven-plugin\asciidoctor-maven-plugin\src\main\java\org\asciidoctor\maven\http\AsciidoctorHandler.java,61
CLIENT:client-code,N/A,false,FieldAccessExpr,org.asciidoctor.maven.AsciidoctorMaven,PREFIX,C:\Users\tyin363\Documents\repos\asciidoctor__asciidoctor-maven-plugin\asciidoctor-maven-plugin\src\main\java\org\asciidoctor\maven\AsciidoctorMojo.java,68
JDK:java.base,N/A,false,MethodCallExpr,java.util.Collection,stream,C:\Users\tyin363\Documents\repos\asciidoctor__asciidoctor-maven-plugin\asciidoctor-maven-plugin\src\main\java\org\asciidoctor\maven\refresh\ResourceCopyFileAlterationListenerAdaptor.java,85
JDK:java.base,N/A,false,ClassOrInterfaceType,java.lang.Class,Class,C:\Users\tyin363\Documents\repos\asciidoctor__asciidoctor-maven-plugin\asciidoctor-maven-plugin\src\main\java\org\asciidoctor\maven\extensions\AsciidoctorJExtensionRegistry.java,45
commons-io:commons-io,2.20.0,false,MethodCallExpr,org.apache.commons.io.FileUtils,forceMkdir,C:\Users\tyin363\Documents\repos\asciidoctor__asciidoctor-maven-plugin\asciidoctor-maven-plugin\src\main\java\org\asciidoctor\maven\process\CopyResourcesProcessor.java,176
CLIENT:client-code,N/A,false,MethodCallExpr,org.asciidoctor.maven.refresh.TimeCounter,timed,C:\Users\tyin363\Documents\repos\asciidoctor__asciidoctor-maven-plugin\asciidoctor-maven-plugin\src\main\java\org\asciidoctor\maven\refresh\ResourceCopyFileAlterationListenerAdaptor.java,26
CLIENT:client-code,N/A,false,ClassOrInterfaceType,org.asciidoctor.maven.model.Resource,Resource,C:\Users\tyin363\Documents\repos\asciidoctor__asciidoctor-maven-plugin\asciidoctor-maven-plugin\src\main\java\org\asciidoctor\maven\process\CopyResourcesProcessor.java,184
CLIENT:client-code,N/A,false,MethodCallExpr,org.asciidoctor.maven.refresh.ResourceCopyFileAlterationListenerAdaptor,containsFile,C:\Users\tyin363\Documents\repos\asciidoctor__asciidoctor-maven-plugin\asciidoctor-maven-plugin\src\main\java\org\asciidoctor\maven\refresh\ResourceCopyFileAlterationListenerAdaptor.java,50
JDK:java.base,N/A,false,ObjectCreationExpr,java.io.File,File,C:\Users\tyin363\Documents\repos\asciidoctor__asciidoctor-maven-plugin\asciidoctor-maven-plugin\src\main\java\org\asciidoctor\maven\refresh\ResourceCopyFileAlterationListenerAdaptor.java,70
CLIENT:client-code,N/A,false,MethodCallExpr,org.asciidoctor.maven.http.AsciidoctorHandler,mediaType,C:\Users\tyin363\Documents\repos\asciidoctor__asciidoctor-maven-plugin\asciidoctor-maven-plugin\src\main\java\org\asciidoctor\maven\http\AsciidoctorHandler.java,87
org.codehaus.plexus:plexus-utils,3.5.1,true,MethodCallExpr,org.codehaus.plexus.util.AbstractScanner,setIncludes,C:\Users\tyin363\Documents\repos\asciidoctor__asciidoctor-maven-plugin\asciidoctor-maven-plugin\src\main\java\org\asciidoctor\maven\refresh\ResourceCopyFileAlterationListenerAdaptor.java,45
JDK:java.base,N/A,false,ClassOrInterfaceType,java.lang.String,String,C:\Users\tyin363\Documents\repos\asciidoctor__asciidoctor-maven-plugin\asciidoctor-maven-plugin\src\main\java\org\asciidoctor\maven\process\SourceDocumentFinder.java,42
JDK:java.base,N/A,false,ClassOrInterfaceType,java.io.File,File,C:\Users\tyin363\Documents\repos\asciidoctor__asciidoctor-maven-plugin\asciidoctor-maven-plugin\src\main\java\org\asciidoctor\maven\AsciidoctorMojo.java,483
CLIENT:client-code,N/A,false,MethodCallExpr,org.asciidoctor.maven.AsciidoctorMojo,getSourceDocumentExtensions,C:\Users\tyin363\Documents\repos\asciidoctor__asciidoctor-maven-plugin\asciidoctor-maven-plugin\src\main\java\org\asciidoctor\maven\process\CopyResourcesProcessor.java,108
JDK:java.base,N/A,false,ClassOrInterfaceType,java.util.List,List,C:\Users\tyin363\Documents\repos\asciidoctor__asciidoctor-maven-plugin\asciidoctor-maven-plugin\src\main\java\org\asciidoctor\maven\AsciidoctorMojo.java,99
JDK:java.base,N/A,false,MethodCallExpr,java.util.stream.Stream,map,C:\Users\tyin363\Documents\repos\asciidoctor__asciidoctor-maven-plugin\asciidoctor-maven-plugin\src\main\java\org\asciidoctor\maven\process\SourceDocumentFinder.java,69
CLIENT:client-code,N/A,false,ClassOrInterfaceType,org.asciidoctor.maven.AsciidoctorMojo,AsciidoctorMojo,C:\Users\tyin363\Documents\repos\asciidoctor__asciidoctor-maven-plugin\asciidoctor-maven-plugin\src\main\java\org\asciidoctor\maven\process\ResourcesProcessor.java,19
CLIENT:client-code,N/A,false,MethodCallExpr,org.asciidoctor.maven.model.Resource,getIncludes,C:\Users\tyin363\Documents\repos\asciidoctor__asciidoctor-maven-plugin\asciidoctor-maven-plugin\src\main\java\org\asciidoctor\maven\refresh\ResourceCopyFileAlterationListenerAdaptor.java,44
CLIENT:client-code,N/A,false,FieldAccessExpr,org.asciidoctor.maven.AsciidoctorMaven,PREFIX,C:\Users\tyin363\Documents\repos\asciidoctor__asciidoctor-maven-plugin\asciidoctor-maven-plugin\src\main\java\org\asciidoctor\maven\AsciidoctorMojo.java,65
JDK:java.base,N/A,false,MethodCallExpr,java.util.function.Consumer,accept,C:\Users\tyin363\Documents\repos\asciidoctor__asciidoctor-maven-plugin\asciidoctor-maven-plugin\src\main\java\org\asciidoctor\maven\process\SourceDirectoryFinder.java,51
io.netty:netty-transport,4.2.3.Final,true,ClassOrInterfaceType,io.netty.channel.ChannelHandlerContext,ChannelHandlerContext,C:\Users\tyin363\Documents\repos\asciidoctor__asciidoctor-maven-plugin\asciidoctor-maven-plugin\src\main\java\org\asciidoctor\maven\http\AsciidoctorHandler.java,95
JDK:java.base,N/A,false,ClassOrInterfaceType,java.lang.String,String,C:\Users\tyin363\Documents\repos\asciidoctor__asciidoctor-maven-plugin\asciidoctor-maven-plugin\src\main\java\org\asciidoctor\maven\AsciidoctorMojo.java,320
CLIENT:client-code,N/A,false,MethodCallExpr,org.asciidoctor.maven.AsciidoctorMojo,getDoctype,C:\Users\tyin363\Documents\repos\asciidoctor__asciidoctor-maven-plugin\asciidoctor-maven-plugin\src\main\java\org\asciidoctor\maven\AsciidoctorOptionsFactory.java,85
JDK:java.base,N/A,false,MethodCallExpr,java.io.File,getAbsolutePath,C:\Users\tyin363\Documents\repos\asciidoctor__asciidoctor-maven-plugin\asciidoctor-maven-plugin\src\main\java\org\asciidoctor\maven\process\CopyResourcesProcessor.java,84
CLIENT:client-code,N/A,false,MethodCallExpr,org.asciidoctor.maven.AsciidoctorMojo,isRelativePath,C:\Users\tyin363\Documents\repos\asciidoctor__asciidoctor-maven-plugin\asciidoctor-maven-plugin\src\main\java\org\asciidoctor\maven\AsciidoctorMojo.java,276
JDK:java.base,N/A,false,ClassOrInterfaceType,java.util.List,List,C:\Users\tyin363\Documents\repos\asciidoctor__asciidoctor-maven-plugin\asciidoctor-maven-plugin\src\main\java\org\asciidoctor\maven\model\Resource.java,45
JDK:java.base,N/A,false,MethodCallExpr,java.io.File,getName,C:\Users\tyin363\Documents\repos\asciidoctor__asciidoctor-maven-plugin\asciidoctor-maven-plugin\src\main\java\org\asciidoctor\maven\AsciidoctorMojo.java,328
org.apache.maven:maven-plugin-api,3.9.9,true,MethodCallExpr,org.apache.maven.plugin.logging.Log,info,C:\Users\tyin363\Documents\repos\asciidoctor__asciidoctor-maven-plugin\asciidoctor-maven-plugin\src\main\java\org\asciidoctor\maven\AsciidoctorZipMojo.java,58
CLIENT:client-code,N/A,false,MethodCallExpr,org.asciidoctor.maven.model.Resource,getDirectory,C:\Users\tyin363\Documents\repos\asciidoctor__asciidoctor-maven-plugin\asciidoctor-maven-plugin\src\main\java\org\asciidoctor\maven\process\CopyResourcesProcessor.java,142
JDK:java.base,N/A,false,ClassOrInterfaceType,java.io.File,File,C:\Users\tyin363\Documents\repos\asciidoctor__asciidoctor-maven-plugin\asciidoctor-maven-plugin\src\main\java\org\asciidoctor\maven\process\CopyResourcesProcessor.java,175
CLIENT:client-code,N/A,false,MethodCallExpr,org.asciidoctor.maven.AsciidoctorMojo,findSourceDirectory,C:\Users\tyin363\Documents\repos\asciidoctor__asciidoctor-maven-plugin\asciidoctor-maven-plugin\src\main\java\org\asciidoctor\maven\AsciidoctorRefreshMojo.java,109
io.netty:netty-common,4.2.3.Final,true,MethodCallExpr,io.netty.util.concurrent.AbstractEventExecutorGroup,shutdownGracefully,C:\Users\tyin363\Documents\repos\asciidoctor__asciidoctor-maven-plugin\asciidoctor-maven-plugin\src\main\java\org\asciidoctor\maven\http\AsciidoctorHttpServer.java,108
io.netty:netty-transport,4.2.3.Final,true,ClassOrInterfaceType,io.netty.channel.nio.NioEventLoopGroup,NioEventLoopGroup,C:\Users\tyin363\Documents\repos\asciidoctor__asciidoctor-maven-plugin\asciidoctor-maven-plugin\src\main\java\org\asciidoctor\maven\http\AsciidoctorHttpServer.java,60
JDK:java.base,N/A,false,ClassOrInterfaceType,java.lang.String,String,C:\Users\tyin363\Documents\repos\asciidoctor__asciidoctor-maven-plugin\asciidoctor-maven-plugin\src\main\java\org\asciidoctor\maven\AsciidoctorMojo.java,451
org.apache.maven:maven-plugin-api,3.9.9,true,ObjectCreationExpr,org.apache.maven.plugin.MojoExecutionException,MojoExecutionException,C:\Users\tyin363\Documents\repos\asciidoctor__asciidoctor-maven-plugin\asciidoctor-maven-plugin\src\main\java\org\asciidoctor\maven\AsciidoctorJFactory.java,44
JDK:java.base,N/A,false,MethodCallExpr,java.util.List,isEmpty,C:\Users\tyin363\Documents\repos\asciidoctor__asciidoctor-maven-plugin\asciidoctor-maven-plugin\src\main\java\org\asciidoctor\maven\refresh\ResourceCopyFileAlterationListenerAdaptor.java,33
CLIENT:client-code,N/A,false,MethodCallExpr,org.asciidoctor.maven.AsciidoctorRefreshMojo,doWait,C:\Users\tyin363\Documents\repos\asciidoctor__asciidoctor-maven-plugin\asciidoctor-maven-plugin\src\main\java\org\asciidoctor\maven\AsciidoctorHttpMojo.java,37
CLIENT:client-code,N/A,false,MethodCallExpr,org.asciidoctor.maven.refresh.ResourcesPatternBuilder,build,C:\Users\tyin363\Documents\repos\asciidoctor__asciidoctor-maven-plugin\asciidoctor-maven-plugin\src\main\java\org\asciidoctor\maven\AsciidoctorRefreshMojo.java,156
CLIENT:client-code,N/A,false,MethodCallExpr,org.asciidoctor.maven.http.AsciidoctorHandler,send,C:\Users\tyin363\Documents\repos\asciidoctor__asciidoctor-maven-plugin\asciidoctor-maven-plugin\src\main\java\org\asciidoctor\maven\http\AsciidoctorHandler.java,46
io.netty:netty-codec-http,4.2.3.Final,false,FieldAccessExpr,io.netty.handler.codec.http.HttpHeaderNames,CONTENT_TYPE,C:\Users\tyin363\Documents\repos\asciidoctor__asciidoctor-maven-plugin\asciidoctor-maven-plugin\src\main\java\org\asciidoctor\maven\http\AsciidoctorHandler.java,68
commons-io:commons-io,2.20.0,false,MethodCallExpr,org.apache.commons.io.FileUtils,readFileToByteArray,C:\Users\tyin363\Documents\repos\asciidoctor__asciidoctor-maven-plugin\asciidoctor-maven-plugin\src\main\java\org\asciidoctor\maven\http\AsciidoctorHandler.java,82
CLIENT:client-code,N/A,false,MethodCallExpr,org.asciidoctor.maven.io.Zips,zip,C:\Users\tyin363\Documents\repos\asciidoctor__asciidoctor-maven-plugin\asciidoctor-maven-plugin\src\main\java\org\asciidoctor\maven\AsciidoctorZipMojo.java,50
JDK:java.base,N/A,false,MethodCallExpr,java.nio.file.Path,toFile,C:\Users\tyin363\Documents\repos\asciidoctor__asciidoctor-maven-plugin\asciidoctor-maven-plugin\src\main\java\org\asciidoctor\maven\process\CopyResourcesProcessor.java,175
CLIENT:client-code,N/A,false,FieldAccessExpr,org.asciidoctor.maven.model.Resource,targetPath,C:\Users\tyin363\Documents\repos\asciidoctor__asciidoctor-maven-plugin\asciidoctor-maven-plugin\src\main\java\org\asciidoctor\maven\model\Resource.java,26
JDK:java.base,N/A,false,ObjectCreationExpr,java.util.ArrayList,ArrayList,C:\Users\tyin363\Documents\repos\asciidoctor__asciidoctor-maven-plugin\asciidoctor-maven-plugin\src\main\java\org\asciidoctor\maven\AsciidoctorMojo.java,120
commons-io:commons-io,2.20.0,false,MethodCallExpr,org.apache.commons.io.FilenameUtils,getBaseName,C:\Users\tyin363\Documents\repos\asciidoctor__asciidoctor-maven-plugin\asciidoctor-maven-plugin\src\main\java\org\asciidoctor\maven\AsciidoctorMojo.java,251
CLIENT:client-code,N/A,false,MethodCallExpr,org.asciidoctor.maven.AsciidoctorMojo,getDoctype,C:\Users\tyin363\Documents\repos\asciidoctor__asciidoctor-maven-plugin\asciidoctor-maven-plugin\src\main\java\org\asciidoctor\maven\AsciidoctorOptionsFactory.java,86
JDK:java.base,N/A,false,MethodCallExpr,java.util.stream.Stream,anyMatch,C:\Users\tyin363\Documents\repos\asciidoctor__asciidoctor-maven-plugin\asciidoctor-maven-plugin\src\main\java\org\asciidoctor\maven\refresh\ResourceCopyFileAlterationListenerAdaptor.java,119
JDK:java.base,N/A,false,ClassOrInterfaceType,java.lang.String,String,C:\Users\tyin363\Documents\repos\asciidoctor__asciidoctor-maven-plugin\asciidoctor-maven-plugin\src\main\java\org\asciidoctor\maven\refresh\ResourcesPatternBuilder.java,34
CLIENT:client-code,N/A,false,MethodCallExpr,org.asciidoctor.maven.AsciidoctorJFactory,create,C:\Users\tyin363\Documents\repos\asciidoctor__asciidoctor-maven-plugin\asciidoctor-maven-plugin\src\main\java\org\asciidoctor\maven\AsciidoctorMojo.java,214
io.netty:netty-codec-http,4.2.3.Final,false,ObjectCreationExpr,io.netty.handler.codec.http.DefaultFullHttpResponse,DefaultFullHttpResponse,C:\Users\tyin363\Documents\repos\asciidoctor__asciidoctor-maven-plugin\asciidoctor-maven-plugin\src\main\java\org\asciidoctor\maven\http\AsciidoctorHandler.java,54
JDK:java.base,N/A,false,ClassOrInterfaceType,java.io.File,File,C:\Users\tyin363\Documents\repos\asciidoctor__asciidoctor-maven-plugin\asciidoctor-maven-plugin\src\main\java\org\asciidoctor\maven\refresh\AbstractFileAlterationListenerAdaptor.java,22
JDK:java.base,N/A,false,ObjectCreationExpr,java.io.File,File,C:\Users\tyin363\Documents\repos\asciidoctor__asciidoctor-maven-plugin\asciidoctor-maven-plugin\src\main\java\org\asciidoctor\maven\process\CopyResourcesProcessor.java,139
JDK:java.base,N/A,false,MethodCallExpr,java.io.File,isAbsolute,C:\Users\tyin363\Documents\repos\asciidoctor__asciidoctor-maven-plugin\asciidoctor-maven-plugin\src\main\java\org\asciidoctor\maven\process\CopyResourcesProcessor.java,130
org.apache.maven:maven-plugin-api,3.9.9,true,ClassOrInterfaceType,org.apache.maven.plugin.MojoExecutionException,MojoExecutionException,C:\Users\tyin363\Documents\repos\asciidoctor__asciidoctor-maven-plugin\asciidoctor-maven-plugin\src\main\java\org\asciidoctor\maven\AsciidoctorHttpMojo.java,30
JDK:java.base,N/A,false,MethodCallExpr,java.lang.String,endsWith,C:\Users\tyin363\Documents\repos\asciidoctor__asciidoctor-maven-plugin\asciidoctor-maven-plugin\src\main\java\org\asciidoctor\maven\http\AsciidoctorHandler.java,127
JDK:java.base,N/A,false,ClassOrInterfaceType,java.io.FileOutputStream,FileOutputStream,C:\Users\tyin363\Documents\repos\asciidoctor__asciidoctor-maven-plugin\asciidoctor-maven-plugin\src\main\java\org\asciidoctor\maven\io\Zips.java,17
JDK:java.base,N/A,false,ClassOrInterfaceType,java.lang.String,String,C:\Users\tyin363\Documents\repos\asciidoctor__asciidoctor-maven-plugin\asciidoctor-maven-plugin\src\main\java\org\asciidoctor\maven\refresh\ResourceCopyFileAlterationListenerAdaptor.java,69
CLIENT:client-code,N/A,false,MethodCallExpr,org.asciidoctor.maven.AsciidoctorMojo,getProjectDirectory,C:\Users\tyin363\Documents\repos\asciidoctor__asciidoctor-maven-plugin\asciidoctor-maven-plugin\src\main\java\org\asciidoctor\maven\refresh\ResourceCopyFileAlterationListenerAdaptor.java,114
CLIENT:client-code,N/A,false,FieldAccessExpr,org.asciidoctor.maven.AsciidoctorMaven,PREFIX,C:\Users\tyin363\Documents\repos\asciidoctor__asciidoctor-maven-plugin\asciidoctor-maven-plugin\src\main\java\org\asciidoctor\maven\AsciidoctorMojo.java,129
CLIENT:client-code,N/A,false,ClassOrInterfaceType,org.asciidoctor.maven.AsciidoctorRefreshMojo,AsciidoctorRefreshMojo,C:\Users\tyin363\Documents\repos\asciidoctor__asciidoctor-maven-plugin\asciidoctor-maven-plugin\src\main\java\org\asciidoctor\maven\refresh\AsciidoctorConverterFileAlterationListenerAdaptor.java,17
JDK:java.base,N/A,false,MethodCallExpr,java.nio.file.Path,getFileName,C:\Users\tyin363\Documents\repos\asciidoctor__asciidoctor-maven-plugin\asciidoctor-maven-plugin\src\main\java\org\asciidoctor\maven\process\SourceDocumentFinder.java,71
CLIENT:client-code,N/A,false,FieldAccessExpr,org.asciidoctor.maven.AsciidoctorMojo,asciidoctorOptionsFactory,C:\Users\tyin363\Documents\repos\asciidoctor__asciidoctor-maven-plugin\asciidoctor-maven-plugin\src\main\java\org\asciidoctor\maven\AsciidoctorMojo.java,149
org.apache.maven:maven-plugin-api,3.9.9,true,ObjectCreationExpr,org.apache.maven.plugin.MojoExecutionException,MojoExecutionException,C:\Users\tyin363\Documents\repos\asciidoctor__asciidoctor-maven-plugin\asciidoctor-maven-plugin\src\main\java\org\asciidoctor\maven\AsciidoctorRefreshMojo.java,150
JDK:java.base,N/A,false,ClassOrInterfaceType,java.io.File,File,C:\Users\tyin363\Documents\repos\asciidoctor__asciidoctor-maven-plugin\asciidoctor-maven-plugin\src\main\java\org\asciidoctor\maven\AsciidoctorZipMojo.java,79
JDK:java.base,N/A,false,ObjectCreationExpr,java.lang.StringBuilder,StringBuilder,C:\Users\tyin363\Documents\repos\asciidoctor__asciidoctor-maven-plugin\asciidoctor-maven-plugin\src\main\java\org\asciidoctor\maven\refresh\ResourcesPatternBuilder.java,39
JDK:java.base,N/A,false,MethodCallExpr,java.util.List,isEmpty,C:\Users\tyin363\Documents\repos\asciidoctor__asciidoctor-maven-plugin\asciidoctor-maven-plugin\src\main\java\org\asciidoctor\maven\AsciidoctorOptionsFactory.java,91
org.asciidoctor:asciidoctorj-api,3.0.0,true,MethodCallExpr,org.asciidoctor.Attributes,builder,C:\Users\tyin363\Documents\repos\asciidoctor__asciidoctor-maven-plugin\asciidoctor-maven-plugin\src\main\java\org\asciidoctor\maven\AsciidoctorOptionsFactory.java,39
JDK:java.base,N/A,false,MethodCallExpr,java.lang.String,replaceAll,C:\Users\tyin363\Documents\repos\asciidoctor__asciidoctor-maven-plugin\asciidoctor-maven-plugin\src\main\java\org\asciidoctor\maven\refresh\ResourcesPatternBuilder.java,36
JDK:java.base,N/A,false,ObjectCreationExpr,java.io.File,File,C:\Users\tyin363\Documents\repos\asciidoctor__asciidoctor-maven-plugin\asciidoctor-maven-plugin\src\main\java\org\asciidoctor\maven\process\SourceDirectoryFinder.java,62
JDK:java.base,N/A,false,ClassOrInterfaceType,java.io.File,File,C:\Users\tyin363\Documents\repos\asciidoctor__asciidoctor-maven-plugin\asciidoctor-maven-plugin\src\main\java\org\asciidoctor\maven\AsciidoctorMojo.java,356
CLIENT:client-code,N/A,false,ClassOrInterfaceType,org.asciidoctor.maven.model.Resource,Resource,C:\Users\tyin363\Documents\repos\asciidoctor__asciidoctor-maven-plugin\asciidoctor-maven-plugin\src\main\java\org\asciidoctor\maven\refresh\ResourceCopyFileAlterationListenerAdaptor.java,118
JDK:java.base,N/A,false,ClassOrInterfaceType,java.lang.String,String,C:\Users\tyin363\Documents\repos\asciidoctor__asciidoctor-maven-plugin\asciidoctor-maven-plugin\src\main\java\org\asciidoctor\maven\AsciidoctorJFactory.java,52
org.apache.maven:maven-plugin-api,3.9.9,true,MethodCallExpr,org.apache.maven.plugin.logging.Log,warn,C:\Users\tyin363\Documents\repos\asciidoctor__asciidoctor-maven-plugin\asciidoctor-maven-plugin\src\main\java\org\asciidoctor\maven\AsciidoctorMojo.java,254
JDK:java.base,N/A,false,ClassOrInterfaceType,java.util.Set,Set,C:\Users\tyin363\Documents\repos\asciidoctor__asciidoctor-maven-plugin\asciidoctor-maven-plugin\src\main\java\org\asciidoctor\maven\AsciidoctorMojo.java,243
JDK:java.base,N/A,false,ClassOrInterfaceType,java.lang.String,String,C:\Users\tyin363\Documents\repos\asciidoctor__asciidoctor-maven-plugin\asciidoctor-maven-plugin\src\main\java\org\asciidoctor\maven\refresh\ResourceCopyFileAlterationListenerAdaptor.java,68
io.netty:netty-transport,4.2.3.Final,true,ClassOrInterfaceType,io.netty.channel.ChannelInitializer,ChannelInitializer,C:\Users\tyin363\Documents\repos\asciidoctor__asciidoctor-maven-plugin\asciidoctor-maven-plugin\src\main\java\org\asciidoctor\maven\http\AsciidoctorHttpServer.java,79
JDK:java.base,N/A,false,MethodCallExpr,java.lang.String,format,C:\Users\tyin363\Documents\repos\asciidoctor__asciidoctor-maven-plugin\asciidoctor-maven-plugin\src\main\java\org\asciidoctor\maven\refresh\ResourceCopyFileAlterationListenerAdaptor.java,25
JDK:java.base,N/A,false,MethodCallExpr,java.util.List,add,C:\Users\tyin363\Documents\repos\asciidoctor__asciidoctor-maven-plugin\asciidoctor-maven-plugin\src\main\java\org\asciidoctor\maven\process\CopyResourcesProcessor.java,109
JDK:java.base,N/A,false,MethodCallExpr,java.nio.file.Files,walk,C:\Users\tyin363\Documents\repos\asciidoctor__asciidoctor-maven-plugin\asciidoctor-maven-plugin\src\main\java\org\asciidoctor\maven\process\SourceDocumentFinder.java,68
JDK:java.base,N/A,false,MethodCallExpr,java.util.stream.Stream,collect,C:\Users\tyin363\Documents\repos\asciidoctor__asciidoctor-maven-plugin\asciidoctor-maven-plugin\src\main\java\org\asciidoctor\maven\refresh\ResourceCopyFileAlterationListenerAdaptor.java,85
JDK:java.base,N/A,false,MethodCallExpr,java.lang.String,replaceAll,C:\Users\tyin363\Documents\repos\asciidoctor__asciidoctor-maven-plugin\asciidoctor-maven-plugin\src\main\java\org\asciidoctor\maven\refresh\ResourcesPatternBuilder.java,35
JDK:java.base,N/A,false,ClassOrInterfaceType,java.lang.Object,Object,C:\Users\tyin363\Documents\repos\asciidoctor__asciidoctor-maven-plugin\asciidoctor-maven-plugin\src\main\java\org\asciidoctor\maven\AsciidoctorMojo.java,435
CLIENT:client-code,N/A,false,FieldAccessExpr,org.asciidoctor.maven.AsciidoctorMaven,PREFIX,C:\Users\tyin363\Documents\repos\asciidoctor__asciidoctor-maven-plugin\asciidoctor-maven-plugin\src\main\java\org\asciidoctor\maven\AsciidoctorHttpMojo.java,16
io.netty:netty-handler,4.2.3.Final,true,ClassOrInterfaceType,io.netty.handler.stream.ChunkedWriteHandler,ChunkedWriteHandler,C:\Users\tyin363\Documents\repos\asciidoctor__asciidoctor-maven-plugin\asciidoctor-maven-plugin\src\main\java\org\asciidoctor\maven\http\AsciidoctorHttpServer.java,86
CLIENT:client-code,N/A,false,FieldAccessExpr,org.asciidoctor.maven.model.Resource,excludes,C:\Users\tyin363\Documents\repos\asciidoctor__asciidoctor-maven-plugin\asciidoctor-maven-plugin\src\main\java\org\asciidoctor\maven\model\Resource.java,42
io.netty:netty-codec-http,4.2.3.Final,false,ClassOrInterfaceType,io.netty.handler.codec.http.DefaultFullHttpResponse,DefaultFullHttpResponse,C:\Users\tyin363\Documents\repos\asciidoctor__asciidoctor-maven-plugin\asciidoctor-maven-plugin\src\main\java\org\asciidoctor\maven\http\AsciidoctorHandler.java,86
JDK:java.base,N/A,false,ClassOrInterfaceType,java.io.File,File,C:\Users\tyin363\Documents\repos\asciidoctor__asciidoctor-maven-plugin\asciidoctor-maven-plugin\src\main\java\org\asciidoctor\maven\AsciidoctorMojo.java,487
CLIENT:client-code,N/A,false,MethodCallExpr,org.asciidoctor.maven.AsciidoctorRefreshMojo,doWork,C:\Users\tyin363\Documents\repos\asciidoctor__asciidoctor-maven-plugin\asciidoctor-maven-plugin\src\main\java\org\asciidoctor\maven\AsciidoctorRefreshMojo.java,83
JDK:java.base,N/A,false,MethodCallExpr,java.util.zip.ZipOutputStream,putNextEntry,C:\Users\tyin363\Documents\repos\asciidoctor__asciidoctor-maven-plugin\asciidoctor-maven-plugin\src\main\java\org\asciidoctor\maven\io\Zips.java,41
CLIENT:client-code,N/A,false,MethodCallExpr,org.asciidoctor.maven.model.Resource,getDirectory,C:\Users\tyin363\Documents\repos\asciidoctor__asciidoctor-maven-plugin\asciidoctor-maven-plugin\src\main\java\org\asciidoctor\maven\process\CopyResourcesProcessor.java,139
JDK:java.base,N/A,false,MethodCallExpr,java.util.Scanner,nextLine,C:\Users\tyin363\Documents\repos\asciidoctor__asciidoctor-maven-plugin\asciidoctor-maven-plugin\src\main\java\org\asciidoctor\maven\AsciidoctorRefreshMojo.java,76
CLIENT:client-code,N/A,false,FieldAccessExpr,org.asciidoctor.maven.AsciidoctorMaven,PREFIX,C:\Users\tyin363\Documents\repos\asciidoctor__asciidoctor-maven-plugin\asciidoctor-maven-plugin\src\main\java\org\asciidoctor\maven\AsciidoctorRefreshMojo.java,37
org.apache.maven:maven-plugin-api,3.9.9,true,ClassOrInterfaceType,org.apache.maven.plugin.MojoExecutionException,MojoExecutionException,C:\Users\tyin363\Documents\repos\asciidoctor__asciidoctor-maven-plugin\asciidoctor-maven-plugin\src\main\java\org\asciidoctor\maven\AsciidoctorRefreshMojo.java,53
commons-io:commons-io,2.20.0,false,ObjectCreationExpr,org.apache.commons.io.filefilter.RegexFileFilter,RegexFileFilter,C:\Users\tyin363\Documents\repos\asciidoctor__asciidoctor-maven-plugin\asciidoctor-maven-plugin\src\main\java\org\asciidoctor\maven\AsciidoctorRefreshMojo.java,157
org.apache.maven:maven-plugin-api,3.9.9,true,ClassOrInterfaceType,org.apache.maven.plugin.logging.Log,Log,C:\Users\tyin363\Documents\repos\asciidoctor__asciidoctor-maven-plugin\asciidoctor-maven-plugin\src\main\java\org\asciidoctor\maven\http\AsciidoctorHttpServer.java,30
JDK:java.base,N/A,false,MethodCallExpr,java.lang.String,substring,C:\Users\tyin363\Documents\repos\asciidoctor__asciidoctor-maven-plugin\asciidoctor-maven-plugin\src\main\java\org\asciidoctor\maven\io\Zips.java,25
,,false,MethodCallExpr,org.asciidoctor.jruby.AsciidoctorJRuby.Factory,create,C:\Users\tyin363\Documents\repos\asciidoctor__asciidoctor-maven-plugin\asciidoctor-maven-plugin\src\main\java\org\asciidoctor\maven\AsciidoctorJFactory.java,32
CLIENT:client-code,N/A,false,FieldAccessExpr,org.asciidoctor.maven.AsciidoctorZipMojo,zipClassifier,C:\Users\tyin363\Documents\repos\asciidoctor__asciidoctor-maven-plugin\asciidoctor-maven-plugin\src\main\java\org\asciidoctor\maven\AsciidoctorZipMojo.java,72
JDK:java.base,N/A,false,MethodCallExpr,java.io.File,getAbsolutePath,C:\Users\tyin363\Documents\repos\asciidoctor__asciidoctor-maven-plugin\asciidoctor-maven-plugin\src\main\java\org\asciidoctor\maven\AsciidoctorZipMojo.java,53
JDK:java.base,N/A,false,ClassOrInterfaceType,java.lang.String,String,C:\Users\tyin363\Documents\repos\asciidoctor__asciidoctor-maven-plugin\asciidoctor-maven-plugin\src\main\java\org\asciidoctor\maven\AsciidoctorJFactory.java,53
org.asciidoctor:asciidoctorj-api,3.0.0,true,MethodCallExpr,org.asciidoctor.Options,builder,C:\Users\tyin363\Documents\repos\asciidoctor__asciidoctor-maven-plugin\asciidoctor-maven-plugin\src\main\java\org\asciidoctor\maven\AsciidoctorOptionsFactory.java,67
org.apache.maven:maven-plugin-api,3.9.9,true,MethodCallExpr,org.apache.maven.plugin.logging.Log,info,C:\Users\tyin363\Documents\repos\asciidoctor__asciidoctor-maven-plugin\asciidoctor-maven-plugin\src\main\java\org\asciidoctor\maven\AsciidoctorZipMojo.java,61
JDK:java.base,N/A,false,ClassOrInterfaceType,java.io.File,File,C:\Users\tyin363\Documents\repos\asciidoctor__asciidoctor-maven-plugin\asciidoctor-maven-plugin\src\main\java\org\asciidoctor\maven\refresh\ResourceCopyFileAlterationListenerAdaptor.java,35
JDK:java.base,N/A,false,ClassOrInterfaceType,java.io.File,File,C:\Users\tyin363\Documents\repos\asciidoctor__asciidoctor-maven-plugin\asciidoctor-maven-plugin\src\main\java\org\asciidoctor\maven\AsciidoctorOptionsFactory.java,92
JDK:java.base,N/A,false,ClassOrInterfaceType,java.lang.String,String,C:\Users\tyin363\Documents\repos\asciidoctor__asciidoctor-maven-plugin\asciidoctor-maven-plugin\src\main\java\org\asciidoctor\maven\io\Zips.java,15
