Library_Name,Version,Is_Transitive,Symbol_Type,Class_Name,Symbol_Name,Usage_Location,Line_Number
JDK:java.base,N/A,false,ClassOrInterfaceType,java.lang.String,String,C:\Users\tyin363\Documents\repos\graphhopper__graphhopper\web-api\src\main\java\com\graphhopper\ResponsePath.java,236
JDK:java.base,N/A,false,ClassOrInterfaceType,java.lang.String,String,C:\Users\tyin363\Documents\repos\graphhopper__graphhopper\web-api\src\main\java\com\graphhopper\util\Parameters.java,202
CLIENT:client-code,N/A,false,MethodCallExpr,com.graphhopper.jackson.ResponsePathSerializer,encodePolyline,C:\Users\tyin363\Documents\repos\graphhopper__graphhopper\web-api\src\main\java\com\graphhopper\jackson\ResponsePathSerializer.java,110
JDK:java.base,N/A,false,ObjectCreationExpr,java.lang.IllegalStateException,IllegalStateException,C:\Users\tyin363\Documents\repos\graphhopper__graphhopper\web-api\src\main\java\com\graphhopper\ResponsePath.java,125
JDK:java.base,N/A,false,ClassOrInterfaceType,java.util.AbstractList,AbstractList,C:\Users\tyin363\Documents\repos\graphhopper__graphhopper\web-api\src\main\java\com\graphhopper\util\InstructionList.java,25
JDK:java.base,N/A,false,ClassOrInterfaceType,java.lang.Throwable,Throwable,C:\Users\tyin363\Documents\repos\graphhopper__graphhopper\web-api\src\main\java\com\graphhopper\jackson\MultiExceptionSerializer.java,35
CLIENT:client-code,N/A,false,ClassOrInterfaceType,com.graphhopper.util.details.PathDetail,PathDetail,C:\Users\tyin363\Documents\repos\graphhopper__graphhopper\web-api\src\main\java\com\graphhopper\jackson\PathDetailDeserializer.java,48
JDK:java.base,N/A,false,ClassOrInterfaceType,java.lang.String,String,C:\Users\tyin363\Documents\repos\graphhopper__graphhopper\web-api\src\main\java\com\graphhopper\util\TurnCostsConfig.java,74
JDK:java.base,N/A,false,ClassOrInterfaceType,java.io.Closeable,Closeable,C:\Users\tyin363\Documents\repos\graphhopper__graphhopper\web-api\src\main\java\com\graphhopper\util\Helper.java,168
JDK:java.base,N/A,false,ClassOrInterfaceType,java.lang.RuntimeException,RuntimeException,C:\Users\tyin363\Documents\repos\graphhopper__graphhopper\web-api\src\main\java\com\graphhopper\jackson\ResponsePathDeserializerHelper.java,285
com.fasterxml.jackson.core:jackson-databind,2.19.2,false,ClassOrInterfaceType,com.fasterxml.jackson.databind.JsonDeserializer,JsonDeserializer,C:\Users\tyin363\Documents\repos\graphhopper__graphhopper\web-api\src\main\java\com\graphhopper\jackson\PathDetailDeserializer.java,30
CLIENT:client-code,N/A,false,ClassOrInterfaceType,com.graphhopper.json.Statement,Statement,C:\Users\tyin363\Documents\repos\graphhopper__graphhopper\web-api\src\main\java\com\graphhopper\json\Statement.java,138
CLIENT:client-code,N/A,false,MethodCallExpr,com.graphhopper.util.Instruction,getName,C:\Users\tyin363\Documents\repos\graphhopper__graphhopper\web-api\src\main\java\com\graphhopper\util\Instruction.java,170
CLIENT:client-code,N/A,false,MethodCallExpr,com.graphhopper.util.NumHelper,equalsEps,C:\Users\tyin363\Documents\repos\graphhopper__graphhopper\web-api\src\main\java\com\graphhopper\util\shapes\GHPoint.java,100
JDK:java.base,N/A,false,ClassOrInterfaceType,java.nio.MappedByteBuffer,MappedByteBuffer,C:\Users\tyin363\Documents\repos\graphhopper__graphhopper\web-api\src\main\java\com\graphhopper\util\Helper.java,187
JDK:java.base,N/A,false,ClassOrInterfaceType,java.util.Map,Map,C:\Users\tyin363\Documents\repos\graphhopper__graphhopper\web-api\src\main\java\com\graphhopper\jackson\PathDetailSerializer.java,48
CLIENT:client-code,N/A,false,MethodCallExpr,com.graphhopper.jackson.MultiExceptionSerializer,getMessage,C:\Users\tyin363\Documents\repos\graphhopper__graphhopper\web-api\src\main\java\com\graphhopper\jackson\MultiExceptionSerializer.java,41
JDK:java.base,N/A,false,FieldAccessExpr,java.lang.Double,NaN,C:\Users\tyin363\Documents\repos\graphhopper__graphhopper\web-api\src\main\java\com\graphhopper\util\RoundaboutInstruction.java,84
JDK:java.base,N/A,false,ClassOrInterfaceType,java.util.ArrayList,ArrayList,C:\Users\tyin363\Documents\repos\graphhopper__graphhopper\web-api\src\main\java\com\graphhopper\GHRequest.java,73
JDK:java.base,N/A,false,MethodCallExpr,java.lang.String,replace,C:\Users\tyin363\Documents\repos\graphhopper__graphhopper\web-api\src\main\java\com\graphhopper\util\PointList.java,504
JDK:java.base,N/A,false,MethodCallExpr,java.util.Map,putAll,C:\Users\tyin363\Documents\repos\graphhopper__graphhopper\web-api\src\main\java\com\graphhopper\jackson\InstructionListSerializer.java,47
com.fasterxml.jackson.core:jackson-databind,2.19.2,false,ClassOrInterfaceType,com.fasterxml.jackson.databind.JsonNode,JsonNode,C:\Users\tyin363\Documents\repos\graphhopper__graphhopper\web-api\src\main\java\com\graphhopper\jackson\ResponsePathDeserializerHelper.java,237
org.locationtech.jts:jts-core,1.20.0,true,ClassOrInterfaceType,org.locationtech.jts.geom.Geometry,Geometry,C:\Users\tyin363\Documents\repos\graphhopper__graphhopper\web-api\src\main\java\com\graphhopper\util\JsonFeature.java,44
com.fasterxml.jackson.core:jackson-core,2.19.2,false,MethodCallExpr,com.fasterxml.jackson.core.JsonParser,readValueAsTree,C:\Users\tyin363\Documents\repos\graphhopper__graphhopper\web-api\src\main\java\com\graphhopper\jackson\CustomModelAreasDeserializer.java,20
CLIENT:client-code,N/A,false,FieldAccessExpr,com.graphhopper.util.shapes.GHPoint,lon,C:\Users\tyin363\Documents\repos\graphhopper__graphhopper\web-api\src\main\java\com\graphhopper\util\PointList.java,227
CLIENT:client-code,N/A,false,MethodCallExpr,com.graphhopper.util.PointList,getLat,C:\Users\tyin363\Documents\repos\graphhopper__graphhopper\web-api\src\main\java\com\graphhopper\util\PointList.java,238
JDK:java.base,N/A,false,ClassOrInterfaceType,java.lang.String,String,C:\Users\tyin363\Documents\repos\graphhopper__graphhopper\web-api\src\main\java\com\graphhopper\ResponsePath.java,235
com.fasterxml.jackson.core:jackson-databind,2.19.2,false,ClassOrInterfaceType,com.fasterxml.jackson.databind.JsonNode,JsonNode,C:\Users\tyin363\Documents\repos\graphhopper__graphhopper\web-api\src\main\java\com\graphhopper\jackson\StatementDeserializer.java,92
com.fasterxml.jackson.core:jackson-databind,2.19.2,false,MethodCallExpr,com.fasterxml.jackson.databind.JsonNode,asText,C:\Users\tyin363\Documents\repos\graphhopper__graphhopper\web-api\src\main\java\com\graphhopper\jackson\ResponsePathDeserializerHelper.java,84
CLIENT:client-code,N/A,false,MethodCallExpr,com.graphhopper.util.Translation,tr,C:\Users\tyin363\Documents\repos\graphhopper__graphhopper\web-api\src\main\java\com\graphhopper\util\Instruction.java,208
CLIENT:client-code,N/A,false,FieldAccessExpr,com.graphhopper.GHRequest,curbsides,C:\Users\tyin363\Documents\repos\graphhopper__graphhopper\web-api\src\main\java\com\graphhopper\GHRequest.java,200
CLIENT:client-code,N/A,false,ClassOrInterfaceType,com.graphhopper.util.details.PathDetail,PathDetail,C:\Users\tyin363\Documents\repos\graphhopper__graphhopper\web-api\src\main\java\com\graphhopper\jackson\PathDetailDeserializer.java,46
com.fasterxml.jackson.core:jackson-databind,2.19.2,false,MethodCallExpr,com.fasterxml.jackson.databind.JsonNode,get,C:\Users\tyin363\Documents\repos\graphhopper__graphhopper\web-api\src\main\java\com\graphhopper\jackson\ResponsePathDeserializerHelper.java,257
com.fasterxml.jackson.core:jackson-core,2.19.2,false,ClassOrInterfaceType,com.fasterxml.jackson.core.JsonParser,JsonParser,C:\Users\tyin363\Documents\repos\graphhopper__graphhopper\web-api\src\main\java\com\graphhopper\jackson\JtsEnvelopeDeserializer.java,29
JDK:java.base,N/A,false,ClassOrInterfaceType,java.lang.String,String,C:\Users\tyin363\Documents\repos\graphhopper__graphhopper\web-api\src\main\java\com\graphhopper\util\ViaInstruction.java,26
JDK:java.base,N/A,false,MethodCallExpr,java.util.stream.Collectors,toSet,C:\Users\tyin363\Documents\repos\graphhopper__graphhopper\web-api\src\main\java\com\graphhopper\util\PMap.java,147
CLIENT:client-code,N/A,false,ClassOrInterfaceType,com.graphhopper.json.Statement,Statement,C:\Users\tyin363\Documents\repos\graphhopper__graphhopper\web-api\src\main\java\com\graphhopper\json\Statement.java,139
CLIENT:client-code,N/A,false,ClassOrInterfaceType,com.graphhopper.util.PointList,PointList,C:\Users\tyin363\Documents\repos\graphhopper__graphhopper\web-api\src\main\java\com\graphhopper\jackson\ResponsePathDeserializerHelper.java,90
JDK:java.base,N/A,false,ClassOrInterfaceType,java.util.List,List,C:\Users\tyin363\Documents\repos\graphhopper__graphhopper\web-api\src\main\java\com\graphhopper\jackson\ResponsePathDeserializerHelper.java,237
JDK:java.base,N/A,false,MethodCallExpr,java.lang.String,substring,C:\Users\tyin363\Documents\repos\graphhopper__graphhopper\web-api\src\main\java\com\graphhopper\util\Helper.java,49
com.fasterxml.jackson.core:jackson-databind,2.19.2,false,MethodCallExpr,com.fasterxml.jackson.databind.JsonNode,has,C:\Users\tyin363\Documents\repos\graphhopper__graphhopper\web-api\src\main\java\com\graphhopper\jackson\StatementDeserializer.java,74
JDK:java.base,N/A,false,ClassOrInterfaceType,java.lang.String,String,C:\Users\tyin363\Documents\repos\graphhopper__graphhopper\web-api\src\main\java\com\graphhopper\jackson\CustomModelAreasDeserializer.java,42
JDK:java.base,N/A,false,MethodCallExpr,java.lang.StringBuilder,append,C:\Users\tyin363\Documents\repos\graphhopper__graphhopper\web-api\src\main\java\com\graphhopper\util\Helper.java,395
JDK:java.base,N/A,false,ClassOrInterfaceType,java.lang.String,String,C:\Users\tyin363\Documents\repos\graphhopper__graphhopper\web-api\src\main\java\com\graphhopper\util\Parameters.java,200
JDK:java.base,N/A,false,ClassOrInterfaceType,java.lang.String,String,C:\Users\tyin363\Documents\repos\graphhopper__graphhopper\web-api\src\main\java\com\graphhopper\util\Parameters.java,68
JDK:java.base,N/A,false,ClassOrInterfaceType,java.lang.UnsupportedOperationException,UnsupportedOperationException,C:\Users\tyin363\Documents\repos\graphhopper__graphhopper\web-api\src\main\java\com\graphhopper\util\ShallowImmutablePointList.java,160
CLIENT:client-code,N/A,false,MethodCallExpr,com.graphhopper.util.Translation,tr,C:\Users\tyin363\Documents\repos\graphhopper__graphhopper\web-api\src\main\java\com\graphhopper\util\Instruction.java,205
CLIENT:client-code,N/A,false,FieldAccessExpr,com.graphhopper.util.PointList,is3D,C:\Users\tyin363\Documents\repos\graphhopper__graphhopper\web-api\src\main\java\com\graphhopper\util\PointList.java,146
JDK:java.base,N/A,false,ObjectCreationExpr,java.lang.UnsupportedOperationException,UnsupportedOperationException,C:\Users\tyin363\Documents\repos\graphhopper__graphhopper\web-api\src\main\java\com\graphhopper\util\PointList.java,96
JDK:java.base,N/A,false,ObjectCreationExpr,java.lang.IllegalStateException,IllegalStateException,C:\Users\tyin363\Documents\repos\graphhopper__graphhopper\web-api\src\main\java\com\graphhopper\util\PointList.java,214
JDK:java.base,N/A,false,ClassOrInterfaceType,java.lang.Integer,Integer,C:\Users\tyin363\Documents\repos\graphhopper__graphhopper\web-api\src\main\java\com\graphhopper\ResponsePath.java,84
CLIENT:client-code,N/A,false,FieldAccessExpr,com.graphhopper.util.ShallowImmutablePointList,toOffset,C:\Users\tyin363\Documents\repos\graphhopper__graphhopper\web-api\src\main\java\com\graphhopper\util\ShallowImmutablePointList.java,41
JDK:java.base,N/A,false,ClassOrInterfaceType,java.util.List,List,C:\Users\tyin363\Documents\repos\graphhopper__graphhopper\web-api\src\main\java\com\graphhopper\util\CustomModel.java,111
CLIENT:client-code,N/A,false,MethodCallExpr,com.graphhopper.util.Instruction,getPoints,C:\Users\tyin363\Documents\repos\graphhopper__graphhopper\web-api\src\main\java\com\graphhopper\util\ViaInstruction.java,31
JDK:java.base,N/A,false,MethodCallExpr,java.lang.String,isEmpty,C:\Users\tyin363\Documents\repos\graphhopper__graphhopper\web-api\src\main\java\com\graphhopper\GHRequest.java,236
JDK:java.base,N/A,false,ClassOrInterfaceType,java.util.List,List,C:\Users\tyin363\Documents\repos\graphhopper__graphhopper\web-api\src\main\java\com\graphhopper\GHRequest.java,212
CLIENT:client-code,N/A,false,MethodCallExpr,com.graphhopper.util.ShallowImmutablePointList,size,C:\Users\tyin363\Documents\repos\graphhopper__graphhopper\web-api\src\main\java\com\graphhopper\util\ShallowImmutablePointList.java,65
CLIENT:client-code,N/A,false,ClassOrInterfaceType,com.graphhopper.jackson.Gpx.Trk,Trk,C:\Users\tyin363\Documents\repos\graphhopper__graphhopper\web-api\src\main\java\com\graphhopper\jackson\Gpx.java,64
JDK:java.base,N/A,false,MethodCallExpr,java.util.Map,put,C:\Users\tyin363\Documents\repos\graphhopper__graphhopper\web-api\src\main\java\com\graphhopper\jackson\InstructionListSerializer.java,50
JDK:java.base,N/A,false,ClassOrInterfaceType,java.lang.String,String,C:\Users\tyin363\Documents\repos\graphhopper__graphhopper\web-api\src\main\java\com\graphhopper\GHRequest.java,190
com.fasterxml.jackson.core:jackson-core,2.19.2,false,MethodCallExpr,com.fasterxml.jackson.core.JsonParser,readValueAsTree,C:\Users\tyin363\Documents\repos\graphhopper__graphhopper\web-api\src\main\java\com\graphhopper\jackson\PathDetailDeserializer.java,34
CLIENT:client-code,N/A,false,MethodCallExpr,com.graphhopper.util.JsonFeature,getGeometry,C:\Users\tyin363\Documents\repos\graphhopper__graphhopper\web-api\src\main\java\com\graphhopper\util\JsonFeature.java,94
JDK:java.base,N/A,false,ClassOrInterfaceType,java.util.Map,Map,C:\Users\tyin363\Documents\repos\graphhopper__graphhopper\web-api\src\main\java\com\graphhopper\util\CustomModel.java,102
com.fasterxml.jackson.core:jackson-databind,2.19.2,false,ClassOrInterfaceType,com.fasterxml.jackson.databind.JsonNode,JsonNode,C:\Users\tyin363\Documents\repos\graphhopper__graphhopper\web-api\src\main\java\com\graphhopper\jackson\ResponsePathDeserializerHelper.java,239
JDK:java.base,N/A,false,ClassOrInterfaceType,java.lang.String,String,C:\Users\tyin363\Documents\repos\graphhopper__graphhopper\web-api\src\main\java\com\graphhopper\jackson\StatementDeserializer.java,72
CLIENT:client-code,N/A,false,ClassOrInterfaceType,com.graphhopper.util.PMap,PMap,C:\Users\tyin363\Documents\repos\graphhopper__graphhopper\web-api\src\main\java\com\graphhopper\util\PMap.java,47
JDK:java.base,N/A,false,ObjectCreationExpr,java.lang.RuntimeException,RuntimeException,C:\Users\tyin363\Documents\repos\graphhopper__graphhopper\web-api\src\main\java\com\graphhopper\util\PointList.java,86
JDK:java.base,N/A,false,ClassOrInterfaceType,java.lang.IllegalArgumentException,IllegalArgumentException,C:\Users\tyin363\Documents\repos\graphhopper__graphhopper\web-api\src\main\java\com\graphhopper\json\Statement.java,125
JDK:java.base,N/A,false,ClassOrInterfaceType,java.lang.String,String,C:\Users\tyin363\Documents\repos\graphhopper__graphhopper\web-api\src\main\java\com\graphhopper\util\Parameters.java,201
CLIENT:client-code,N/A,false,FieldAccessExpr,com.graphhopper.util.shapes.GHPoint,lon,C:\Users\tyin363\Documents\repos\graphhopper__graphhopper\web-api\src\main\java\com\graphhopper\util\PointList.java,229
CLIENT:client-code,N/A,false,ObjectCreationExpr,com.graphhopper.util.JsonFeatureCollection,JsonFeatureCollection,C:\Users\tyin363\Documents\repos\graphhopper__graphhopper\web-api\src\main\java\com\graphhopper\jackson\CustomModelAreasDeserializer.java,21
com.fasterxml.jackson.core:jackson-core,2.19.2,false,MethodCallExpr,com.fasterxml.jackson.core.JsonParser,getCodec,C:\Users\tyin363\Documents\repos\graphhopper__graphhopper\web-api\src\main\java\com\graphhopper\jackson\CustomModelAreasDeserializer.java,26
com.fasterxml.jackson.core:jackson-databind,2.19.2,false,MethodCallExpr,com.fasterxml.jackson.databind.JsonNode,get,C:\Users\tyin363\Documents\repos\graphhopper__graphhopper\web-api\src\main\java\com\graphhopper\jackson\ResponsePathDeserializerHelper.java,255
JDK:java.base,N/A,false,ClassOrInterfaceType,java.util.Map.Entry,Entry,C:\Users\tyin363\Documents\repos\graphhopper__graphhopper\web-api\src\main\java\com\graphhopper\ResponsePath.java,268
CLIENT:client-code,N/A,false,FieldAccessExpr,com.graphhopper.util.TurnCostsConfig,minSharpTurnAngle,C:\Users\tyin363\Documents\repos\graphhopper__graphhopper\web-api\src\main\java\com\graphhopper\util\TurnCostsConfig.java,172
CLIENT:client-code,N/A,false,MethodCallExpr,com.graphhopper.util.Instruction,setDistance,C:\Users\tyin363\Documents\repos\graphhopper__graphhopper\web-api\src\main\java\com\graphhopper\util\ViaInstruction.java,32
com.fasterxml.jackson.core:jackson-databind,2.19.2,false,ClassOrInterfaceType,com.fasterxml.jackson.databind.ObjectMapper,ObjectMapper,C:\Users\tyin363\Documents\repos\graphhopper__graphhopper\web-api\src\main\java\com\graphhopper\jackson\ResponsePathDeserializerHelper.java,237
JDK:java.base,N/A,false,ClassOrInterfaceType,java.lang.Throwable,Throwable,C:\Users\tyin363\Documents\repos\graphhopper__graphhopper\web-api\src\main\java\com\graphhopper\jackson\MultiExceptionSerializer.java,39
JDK:java.base,N/A,false,ClassOrInterfaceType,java.lang.String,String,C:\Users\tyin363\Documents\repos\graphhopper__graphhopper\web-api\src\main\java\com\graphhopper\util\PMap.java,121
CLIENT:client-code,N/A,false,ClassOrInterfaceType,com.graphhopper.util.details.PathDetail,PathDetail,C:\Users\tyin363\Documents\repos\graphhopper__graphhopper\web-api\src\main\java\com\graphhopper\jackson\PathDetailDeserializer.java,44
CLIENT:client-code,N/A,false,MethodCallExpr,com.graphhopper.util.exceptions.GHException,getDetails,C:\Users\tyin363\Documents\repos\graphhopper__graphhopper\web-api\src\main\java\com\graphhopper\jackson\MultiExceptionSerializer.java,44
JDK:java.base,N/A,false,ClassOrInterfaceType,java.lang.String,String,C:\Users\tyin363\Documents\repos\graphhopper__graphhopper\web-api\src\main\java\com\graphhopper\util\exceptions\ConnectionNotFoundException.java,31
com.fasterxml.jackson.core:jackson-databind,2.19.2,false,MethodCallExpr,com.fasterxml.jackson.databind.JsonNode,isValueNode,C:\Users\tyin363\Documents\repos\graphhopper__graphhopper\web-api\src\main\java\com\graphhopper\jackson\StatementDeserializer.java,62
JDK:java.base,N/A,false,ClassOrInterfaceType,java.util.List,List,C:\Users\tyin363\Documents\repos\graphhopper__graphhopper\web-api\src\main\java\com\graphhopper\GHRequest.java,81
CLIENT:client-code,N/A,false,MethodCallExpr,com.graphhopper.util.ShallowImmutablePointList,size,C:\Users\tyin363\Documents\repos\graphhopper__graphhopper\web-api\src\main\java\com\graphhopper\util\ShallowImmutablePointList.java,66
JDK:java.base,N/A,false,ClassOrInterfaceType,java.lang.String,String,C:\Users\tyin363\Documents\repos\graphhopper__graphhopper\web-api\src\main\java\com\graphhopper\util\TurnCostsConfig.java,71
org.locationtech.jts:jts-core,1.20.0,true,ClassOrInterfaceType,org.locationtech.jts.geom.GeometryFactory,GeometryFactory,C:\Users\tyin363\Documents\repos\graphhopper__graphhopper\web-api\src\main\java\com\graphhopper\util\PointList.java,42
JDK:java.base,N/A,false,ClassOrInterfaceType,java.util.Map,Map,C:\Users\tyin363\Documents\repos\graphhopper__graphhopper\web-api\src\main\java\com\graphhopper\util\CustomModel.java,101
JDK:java.base,N/A,false,MethodCallExpr,java.io.InputStream,close,C:\Users\tyin363\Documents\repos\graphhopper__graphhopper\web-api\src\main\java\com\graphhopper\util\Helper.java,110
JDK:java.base,N/A,false,MethodCallExpr,java.util.Arrays,asList,C:\Users\tyin363\Documents\repos\graphhopper__graphhopper\web-api\src\main\java\com\graphhopper\jackson\InstructionListSerializer.java,50
CLIENT:client-code,N/A,false,MethodCallExpr,com.graphhopper.ResponsePath,getErrors,C:\Users\tyin363\Documents\repos\graphhopper__graphhopper\web-api\src\main\java\com\graphhopper\ResponsePath.java,286
JDK:java.base,N/A,false,ClassOrInterfaceType,java.io.InputStreamReader,InputStreamReader,C:\Users\tyin363\Documents\repos\graphhopper__graphhopper\web-api\src\main\java\com\graphhopper\util\Helper.java,73
JDK:java.base,N/A,false,MethodCallExpr,java.lang.StringBuilder,append,C:\Users\tyin363\Documents\repos\graphhopper__graphhopper\web-api\src\main\java\com\graphhopper\util\Helper.java,393
CLIENT:client-code,N/A,false,MethodCallExpr,com.graphhopper.util.PointList,size,C:\Users\tyin363\Documents\repos\graphhopper__graphhopper\web-api\src\main\java\com\graphhopper\util\PointList.java,360
com.fasterxml.jackson.core:jackson-databind,2.19.2,false,ClassOrInterfaceType,com.fasterxml.jackson.databind.JsonDeserializer,JsonDeserializer,C:\Users\tyin363\Documents\repos\graphhopper__graphhopper\web-api\src\main\java\com\graphhopper\jackson\CustomModelAreasDeserializer.java,16
JDK:java.base,N/A,false,ClassOrInterfaceType,java.lang.String,String,C:\Users\tyin363\Documents\repos\graphhopper__graphhopper\web-api\src\main\java\com\graphhopper\util\Parameters.java,198
CLIENT:client-code,N/A,false,ClassOrInterfaceType,com.graphhopper.util.shapes.GHPoint,GHPoint,C:\Users\tyin363\Documents\repos\graphhopper__graphhopper\web-api\src\main\java\com\graphhopper\GHRequest.java,235
JDK:java.base,N/A,false,MethodCallExpr,java.nio.MappedByteBuffer,isLoaded,C:\Users\tyin363\Documents\repos\graphhopper__graphhopper\web-api\src\main\java\com\graphhopper\util\Helper.java,187
CLIENT:client-code,N/A,false,ClassOrInterfaceType,com.graphhopper.jackson.PathDetailSerializer,PathDetailSerializer,C:\Users\tyin363\Documents\repos\graphhopper__graphhopper\web-api\src\main\java\com\graphhopper\jackson\GraphHopperModule.java,37
CLIENT:client-code,N/A,false,ClassOrInterfaceType,com.graphhopper.json.Statement,Statement,C:\Users\tyin363\Documents\repos\graphhopper__graphhopper\web-api\src\main\java\com\graphhopper\json\Statement.java,134
CLIENT:client-code,N/A,false,ClassOrInterfaceType,com.graphhopper.util.exceptions.GHException,GHException,C:\Users\tyin363\Documents\repos\graphhopper__graphhopper\web-api\src\main\java\com\graphhopper\util\exceptions\DetailedIllegalArgumentException.java,25
CLIENT:client-code,N/A,false,ObjectCreationExpr,com.graphhopper.util.exceptions.DetailedIllegalArgumentException,DetailedIllegalArgumentException,C:\Users\tyin363\Documents\repos\graphhopper__graphhopper\web-api\src\main\java\com\graphhopper\jackson\ResponsePathDeserializerHelper.java,266
org.locationtech.jts:jts-core,1.20.0,true,ClassOrInterfaceType,org.locationtech.jts.geom.Geometry,Geometry,C:\Users\tyin363\Documents\repos\graphhopper__graphhopper\web-api\src\main\java\com\graphhopper\Trip.java,81
JDK:java.base,N/A,false,MethodCallExpr,java.util.List,add,C:\Users\tyin363\Documents\repos\graphhopper__graphhopper\web-api\src\main\java\com\graphhopper\util\CustomModel.java,125
JDK:java.base,N/A,false,MethodCallExpr,java.lang.String,isEmpty,C:\Users\tyin363\Documents\repos\graphhopper__graphhopper\web-api\src\main\java\com\graphhopper\GHRequest.java,242
JDK:java.base,N/A,false,ClassOrInterfaceType,java.util.Map,Map,C:\Users\tyin363\Documents\repos\graphhopper__graphhopper\web-api\src\main\java\com\graphhopper\util\CustomModel.java,100
JDK:java.base,N/A,false,MethodCallExpr,java.util.Set,contains,C:\Users\tyin363\Documents\repos\graphhopper__graphhopper\web-api\src\main\java\com\graphhopper\util\TurnCostsConfig.java,75
JDK:java.base,N/A,false,ClassOrInterfaceType,java.lang.String,String,C:\Users\tyin363\Documents\repos\graphhopper__graphhopper\web-api\src\main\java\com\graphhopper\util\Parameters.java,66
JDK:java.base,N/A,false,MethodCallExpr,java.util.Arrays,stream,C:\Users\tyin363\Documents\repos\graphhopper__graphhopper\web-api\src\main\java\com\graphhopper\util\PMap.java,147
CLIENT:client-code,N/A,false,ClassOrInterfaceType,com.graphhopper.util.shapes.GHPoint,GHPoint,C:\Users\tyin363\Documents\repos\graphhopper__graphhopper\web-api\src\main\java\com\graphhopper\util\PointList.java,225
com.fasterxml.jackson.core:jackson-core,2.19.2,false,ClassOrInterfaceType,com.fasterxml.jackson.core.JsonProcessingException,JsonProcessingException,C:\Users\tyin363\Documents\repos\graphhopper__graphhopper\web-api\src\main\java\com\graphhopper\jackson\JtsEnvelopeSerializer.java,31
CLIENT:client-code,N/A,false,ClassOrInterfaceType,com.graphhopper.json.Statement.Op,Op,C:\Users\tyin363\Documents\repos\graphhopper__graphhopper\web-api\src\main\java\com\graphhopper\jackson\StatementDeserializer.java,71
JDK:java.base,N/A,false,ClassOrInterfaceType,java.io.IOException,IOException,C:\Users\tyin363\Documents\repos\graphhopper__graphhopper\web-api\src\main\java\com\graphhopper\util\Helper.java,97
JDK:java.base,N/A,false,FieldAccessExpr,java.lang.Double,NaN,C:\Users\tyin363\Documents\repos\graphhopper__graphhopper\web-api\src\main\java\com\graphhopper\util\shapes\GHPoint.java,30
CLIENT:client-code,N/A,false,FieldAccessExpr,com.graphhopper.util.TurnCostsConfig,rightTurnCosts,C:\Users\tyin363\Documents\repos\graphhopper__graphhopper\web-api\src\main\java\com\graphhopper\util\TurnCostsConfig.java,131
JDK:java.base,N/A,false,ObjectCreationExpr,java.lang.IllegalArgumentException,IllegalArgumentException,C:\Users\tyin363\Documents\repos\graphhopper__graphhopper\web-api\src\main\java\com\graphhopper\ResponsePath.java,249
JDK:java.base,N/A,false,ClassOrInterfaceType,java.lang.String,String,C:\Users\tyin363\Documents\repos\graphhopper__graphhopper\web-api\src\main\java\com\graphhopper\util\Parameters.java,199
CLIENT:client-code,N/A,false,FieldAccessExpr,com.graphhopper.util.JsonFeature,properties,C:\Users\tyin363\Documents\repos\graphhopper__graphhopper\web-api\src\main\java\com\graphhopper\util\JsonFeature.java,89
CLIENT:client-code,N/A,false,ClassOrInterfaceType,com.graphhopper.json.Statement,Statement,C:\Users\tyin363\Documents\repos\graphhopper__graphhopper\web-api\src\main\java\com\graphhopper\json\Statement.java,135
JDK:java.base,N/A,false,MethodCallExpr,java.text.NumberFormat,getInstance,C:\Users\tyin363\Documents\repos\graphhopper__graphhopper\web-api\src\main\java\com\graphhopper\util\Helper.java,284
JDK:java.base,N/A,false,ObjectCreationExpr,java.lang.IllegalArgumentException,IllegalArgumentException,C:\Users\tyin363\Documents\repos\graphhopper__graphhopper\web-api\src\main\java\com\graphhopper\jackson\StatementDeserializer.java,85
JDK:java.base,N/A,false,ClassOrInterfaceType,java.util.ArrayList,ArrayList,C:\Users\tyin363\Documents\repos\graphhopper__graphhopper\web-api\src\main\java\com\graphhopper\util\Helper.java,411
JDK:java.base,N/A,false,ObjectCreationExpr,java.lang.IllegalStateException,IllegalStateException,C:\Users\tyin363\Documents\repos\graphhopper__graphhopper\web-api\src\main\java\com\graphhopper\util\ViaInstruction.java,44
CLIENT:client-code,N/A,false,MethodCallExpr,com.graphhopper.util.Helper,round6,C:\Users\tyin363\Documents\repos\graphhopper__graphhopper\web-api\src\main\java\com\graphhopper\jackson\JtsEnvelopeSerializer.java,33
JDK:java.base,N/A,false,ClassOrInterfaceType,java.lang.String,String,C:\Users\tyin363\Documents\repos\graphhopper__graphhopper\web-api\src\main\java\com\graphhopper\json\Statement.java,62
JDK:java.base,N/A,false,ObjectCreationExpr,java.util.LinkedHashMap,LinkedHashMap,C:\Users\tyin363\Documents\repos\graphhopper__graphhopper\web-api\src\main\java\com\graphhopper\util\PMap.java,52
CLIENT:client-code,N/A,false,ClassOrInterfaceType,com.graphhopper.util.details.PathDetail,PathDetail,C:\Users\tyin363\Documents\repos\graphhopper__graphhopper\web-api\src\main\java\com\graphhopper\jackson\PathDetailDeserializer.java,42
JDK:java.base,N/A,false,ClassOrInterfaceType,java.util.Map,Map,C:\Users\tyin363\Documents\repos\graphhopper__graphhopper\web-api\src\main\java\com\graphhopper\util\CustomModel.java,99
JDK:java.base,N/A,false,ClassOrInterfaceType,java.util.HashMap,HashMap,C:\Users\tyin363\Documents\repos\graphhopper__graphhopper\web-api\src\main\java\com\graphhopper\util\CustomModel.java,57
CLIENT:client-code,N/A,false,MethodCallExpr,com.graphhopper.ResponsePath,setAscend,C:\Users\tyin363\Documents\repos\graphhopper__graphhopper\web-api\src\main\java\com\graphhopper\jackson\ResponsePathDeserializerHelper.java,52
JDK:java.base,N/A,false,ClassOrInterfaceType,java.lang.UnsupportedOperationException,UnsupportedOperationException,C:\Users\tyin363\Documents\repos\graphhopper__graphhopper\web-api\src\main\java\com\graphhopper\util\ShallowImmutablePointList.java,155
JDK:java.base,N/A,false,ClassOrInterfaceType,java.lang.Object,Object,C:\Users\tyin363\Documents\repos\graphhopper__graphhopper\web-api\src\main\java\com\graphhopper\util\shapes\GHPoint3D.java,45
CLIENT:client-code,N/A,false,MethodCallExpr,com.graphhopper.util.PointList,size,C:\Users\tyin363\Documents\repos\graphhopper__graphhopper\web-api\src\main\java\com\graphhopper\util\PointList.java,490
JDK:java.base,N/A,false,ClassOrInterfaceType,java.lang.String,String,C:\Users\tyin363\Documents\repos\graphhopper__graphhopper\web-api\src\main\java\com\graphhopper\jackson\ResponsePathDeserializerHelper.java,84
JDK:java.base,N/A,false,ClassOrInterfaceType,java.lang.String,String,C:\Users\tyin363\Documents\repos\graphhopper__graphhopper\web-api\src\main\java\com\graphhopper\Trip.java,19
CLIENT:client-code,N/A,false,MethodCallExpr,com.graphhopper.util.PointList,getEle,C:\Users\tyin363\Documents\repos\graphhopper__graphhopper\web-api\src\main\java\com\graphhopper\util\PointList.java,365
CLIENT:client-code,N/A,false,FieldAccessExpr,com.graphhopper.util.Instruction,time,C:\Users\tyin363\Documents\repos\graphhopper__graphhopper\web-api\src\main\java\com\graphhopper\util\Instruction.java,127
CLIENT:client-code,N/A,false,FieldAccessExpr,com.graphhopper.Trip.Leg,geometry,C:\Users\tyin363\Documents\repos\graphhopper__graphhopper\web-api\src\main\java\com\graphhopper\Trip.java,22
JDK:java.base,N/A,false,ClassOrInterfaceType,java.util.Locale,Locale,C:\Users\tyin363\Documents\repos\graphhopper__graphhopper\web-api\src\main\java\com\graphhopper\GHRequest.java,141
com.fasterxml.jackson.core:jackson-core,2.19.2,false,MethodCallExpr,com.fasterxml.jackson.core.JsonGenerator,writeString,C:\Users\tyin363\Documents\repos\graphhopper__graphhopper\web-api\src\main\java\com\graphhopper\jackson\PathDetailSerializer.java,47
com.fasterxml.jackson.core:jackson-databind,2.19.2,false,MethodCallExpr,com.fasterxml.jackson.databind.JsonNode,asBoolean,C:\Users\tyin363\Documents\repos\graphhopper__graphhopper\web-api\src\main\java\com\graphhopper\jackson\ResponsePathDeserializerHelper.java,104
JDK:java.base,N/A,false,FieldAccessExpr,java.util.Locale,ENGLISH,C:\Users\tyin363\Documents\repos\graphhopper__graphhopper\web-api\src\main\java\com\graphhopper\util\Helper.java,284
org.locationtech.jts:jts-core,1.20.0,true,MethodCallExpr,org.locationtech.jts.geom.LineString,getCoordinates,C:\Users\tyin363\Documents\repos\graphhopper__graphhopper\web-api\src\main\java\com\graphhopper\util\PointList.java,352
JDK:java.base,N/A,false,ClassOrInterfaceType,java.util.List,List,C:\Users\tyin363\Documents\repos\graphhopper__graphhopper\web-api\src\main\java\com\graphhopper\GHRequest.java,217
CLIENT:client-code,N/A,false,MethodCallExpr,com.graphhopper.util.Helper,round6,C:\Users\tyin363\Documents\repos\graphhopper__graphhopper\web-api\src\main\java\com\graphhopper\jackson\JtsEnvelopeSerializer.java,34
JDK:java.base,N/A,false,ClassOrInterfaceType,java.util.List,List,C:\Users\tyin363\Documents\repos\graphhopper__graphhopper\web-api\src\main\java\com\graphhopper\util\Helper.java,411
JDK:java.base,N/A,false,ClassOrInterfaceType,java.lang.IllegalArgumentException,IllegalArgumentException,C:\Users\tyin363\Documents\repos\graphhopper__graphhopper\web-api\src\main\java\com\graphhopper\util\PointList.java,381
CLIENT:client-code,N/A,false,ClassOrInterfaceType,com.graphhopper.util.Instruction,Instruction,C:\Users\tyin363\Documents\repos\graphhopper__graphhopper\web-api\src\main\java\com\graphhopper\jackson\ResponsePathDeserializerHelper.java,124
JDK:java.base,N/A,false,ClassOrInterfaceType,java.util.Map,Map,C:\Users\tyin363\Documents\repos\graphhopper__graphhopper\web-api\src\main\java\com\graphhopper\util\CustomModel.java,98
JDK:java.base,N/A,false,ClassOrInterfaceType,java.nio.MappedByteBuffer,MappedByteBuffer,C:\Users\tyin363\Documents\repos\graphhopper__graphhopper\web-api\src\main\java\com\graphhopper\util\Helper.java,185
JDK:java.base,N/A,false,ClassOrInterfaceType,java.lang.String,String,C:\Users\tyin363\Documents\repos\graphhopper__graphhopper\web-api\src\main\java\com\graphhopper\util\Parameters.java,64
com.fasterxml.jackson.core:jackson-databind,2.19.2,false,MethodCallExpr,com.fasterxml.jackson.databind.JsonNode,asDouble,C:\Users\tyin363\Documents\repos\graphhopper__graphhopper\web-api\src\main\java\com\graphhopper\jackson\ResponsePathDeserializerHelper.java,127
JDK:java.base,N/A,false,ClassOrInterfaceType,java.lang.String,String,C:\Users\tyin363\Documents\repos\graphhopper__graphhopper\web-api\src\main\java\com\graphhopper\util\PMap.java,126
JDK:java.base,N/A,false,ObjectCreationExpr,java.lang.ArrayIndexOutOfBoundsException,ArrayIndexOutOfBoundsException,C:\Users\tyin363\Documents\repos\graphhopper__graphhopper\web-api\src\main\java\com\graphhopper\util\ShallowImmutablePointList.java,80
JDK:java.base,N/A,false,MethodCallExpr,java.lang.String,startsWith,C:\Users\tyin363\Documents\repos\graphhopper__graphhopper\web-api\src\main\java\com\graphhopper\util\JsonFeature.java,98
CLIENT:client-code,N/A,false,MethodCallExpr,com.graphhopper.json.Statement,isBlock,C:\Users\tyin363\Documents\repos\graphhopper__graphhopper\web-api\src\main\java\com\graphhopper\json\Statement.java,57
CLIENT:client-code,N/A,false,ClassOrInterfaceType,com.graphhopper.json.Statement.Op,Op,C:\Users\tyin363\Documents\repos\graphhopper__graphhopper\web-api\src\main\java\com\graphhopper\jackson\StatementDeserializer.java,73
JDK:java.base,N/A,false,ClassOrInterfaceType,java.lang.IllegalStateException,IllegalStateException,C:\Users\tyin363\Documents\repos\graphhopper__graphhopper\web-api\src\main\java\com\graphhopper\ResponsePath.java,170
JDK:java.base,N/A,false,ClassOrInterfaceType,java.lang.Object,Object,C:\Users\tyin363\Documents\repos\graphhopper__graphhopper\web-api\src\main\java\com\graphhopper\util\PMap.java,107
JDK:java.base,N/A,false,ClassOrInterfaceType,java.lang.String,String,C:\Users\tyin363\Documents\repos\graphhopper__graphhopper\web-api\src\main\java\com\graphhopper\util\shapes\GHPoint3D.java,60
CLIENT:client-code,N/A,false,MethodCallExpr,com.graphhopper.util.PointList,size,C:\Users\tyin363\Documents\repos\graphhopper__graphhopper\web-api\src\main\java\com\graphhopper\util\PointList.java,359
JDK:java.base,N/A,false,ClassOrInterfaceType,java.util.Objects,Objects,C:\Users\tyin363\Documents\repos\graphhopper__graphhopper\web-api\src\main\java\com\graphhopper\json\Statement.java,66
JDK:java.base,N/A,false,ClassOrInterfaceType,java.util.List,List,C:\Users\tyin363\Documents\repos\graphhopper__graphhopper\web-api\src\main\java\com\graphhopper\ResponsePath.java,131
JDK:java.base,N/A,false,ClassOrInterfaceType,java.lang.IllegalArgumentException,IllegalArgumentException,C:\Users\tyin363\Documents\repos\graphhopper__graphhopper\web-api\src\main\java\com\graphhopper\jackson\ResponsePathDeserializerHelper.java,265
JDK:java.base,N/A,false,ObjectCreationExpr,java.lang.UnsupportedOperationException,UnsupportedOperationException,C:\Users\tyin363\Documents\repos\graphhopper__graphhopper\web-api\src\main\java\com\graphhopper\util\PointList.java,101
JDK:java.base,N/A,false,ClassOrInterfaceType,java.lang.String,String,C:\Users\tyin363\Documents\repos\graphhopper__graphhopper\web-api\src\main\java\com\graphhopper\util\PointList.java,331
JDK:java.base,N/A,false,ClassOrInterfaceType,java.util.List,List,C:\Users\tyin363\Documents\repos\graphhopper__graphhopper\web-api\src\main\java\com\graphhopper\ResponsePath.java,264
CLIENT:client-code,N/A,false,MethodCallExpr,com.graphhopper.util.Translation,tr,C:\Users\tyin363\Documents\repos\graphhopper__graphhopper\web-api\src\main\java\com\graphhopper\util\Instruction.java,211
JDK:java.base,N/A,false,ClassOrInterfaceType,java.util.List,List,C:\Users\tyin363\Documents\repos\graphhopper__graphhopper\web-api\src\main\java\com\graphhopper\GHRequest.java,85
JDK:java.base,N/A,false,MethodCallExpr,java.lang.String,replace,C:\Users\tyin363\Documents\repos\graphhopper__graphhopper\web-api\src\main\java\com\graphhopper\util\Helper.java,51
JDK:java.base,N/A,false,ObjectCreationExpr,java.lang.IllegalArgumentException,IllegalArgumentException,C:\Users\tyin363\Documents\repos\graphhopper__graphhopper\web-api\src\main\java\com\graphhopper\jackson\StatementDeserializer.java,83
CLIENT:client-code,N/A,false,MethodCallExpr,com.graphhopper.util.Helper,round6,C:\Users\tyin363\Documents\repos\graphhopper__graphhopper\web-api\src\main\java\com\graphhopper\jackson\JtsEnvelopeSerializer.java,35
com.fasterxml.jackson.core:jackson-core,2.19.2,false,MethodCallExpr,com.fasterxml.jackson.core.JsonGenerator,writeEndObject,C:\Users\tyin363\Documents\repos\graphhopper__graphhopper\web-api\src\main\java\com\graphhopper\jackson\StatementSerializer.java,41
CLIENT:client-code,N/A,false,MethodCallExpr,com.graphhopper.util.Instruction,getSign,C:\Users\tyin363\Documents\repos\graphhopper__graphhopper\web-api\src\main\java\com\graphhopper\jackson\InstructionListSerializer.java,46
com.fasterxml.jackson.core:jackson-databind,2.19.2,false,MethodCallExpr,com.fasterxml.jackson.databind.node.JsonNodeFactory,objectNode,C:\Users\tyin363\Documents\repos\graphhopper__graphhopper\web-api\src\main\java\com\graphhopper\jackson\ResponsePathSerializer.java,89
JDK:java.base,N/A,false,ClassOrInterfaceType,java.lang.String,String,C:\Users\tyin363\Documents\repos\graphhopper__graphhopper\web-api\src\main\java\com\graphhopper\util\shapes\GHPoint.java,104
CLIENT:client-code,N/A,false,MethodCallExpr,com.graphhopper.GHResponse,getAll,C:\Users\tyin363\Documents\repos\graphhopper__graphhopper\web-api\src\main\java\com\graphhopper\jackson\ResponsePathSerializer.java,93
CLIENT:client-code,N/A,false,ClassOrInterfaceType,com.graphhopper.util.shapes.GHPoint,GHPoint,C:\Users\tyin363\Documents\repos\graphhopper__graphhopper\web-api\src\main\java\com\graphhopper\GHRequest.java,99
JDK:java.base,N/A,false,ClassOrInterfaceType,java.lang.Object,Object,C:\Users\tyin363\Documents\repos\graphhopper__graphhopper\web-api\src\main\java\com\graphhopper\util\PMap.java,112
CLIENT:client-code,N/A,false,ObjectCreationExpr,com.graphhopper.util.PointList,PointList,C:\Users\tyin363\Documents\repos\graphhopper__graphhopper\web-api\src\main\java\com\graphhopper\util\PointList.java,425
JDK:java.base,N/A,false,MethodCallExpr,java.util.Arrays,copyOf,C:\Users\tyin363\Documents\repos\graphhopper__graphhopper\web-api\src\main\java\com\graphhopper\util\PointList.java,193
JDK:java.base,N/A,false,ClassOrInterfaceType,java.util.List,List,C:\Users\tyin363\Documents\repos\graphhopper__graphhopper\web-api\src\main\java\com\graphhopper\GHRequest.java,223
CLIENT:client-code,N/A,false,ClassOrInterfaceType,com.graphhopper.json.Statement,Statement,C:\Users\tyin363\Documents\repos\graphhopper__graphhopper\web-api\src\main\java\com\graphhopper\util\CustomModel.java,37
com.fasterxml.jackson.core:jackson-databind,2.19.2,false,MethodCallExpr,com.fasterxml.jackson.databind.JsonNode,asLong,C:\Users\tyin363\Documents\repos\graphhopper__graphhopper\web-api\src\main\java\com\graphhopper\jackson\ResponsePathDeserializerHelper.java,85
JDK:java.base,N/A,false,MethodCallExpr,java.lang.String,trim,C:\Users\tyin363\Documents\repos\graphhopper__graphhopper\web-api\src\main\java\com\graphhopper\util\Helper.java,407
JDK:java.base,N/A,false,ObjectCreationExpr,java.lang.IllegalStateException,IllegalStateException,C:\Users\tyin363\Documents\repos\graphhopper__graphhopper\web-api\src\main\java\com\graphhopper\GHResponse.java,71
JDK:java.base,N/A,false,MethodCallExpr,java.util.Map,put,C:\Users\tyin363\Documents\repos\graphhopper__graphhopper\web-api\src\main\java\com\graphhopper\jackson\InstructionListSerializer.java,44
JDK:java.base,N/A,false,ClassOrInterfaceType,java.lang.String,String,C:\Users\tyin363\Documents\repos\graphhopper__graphhopper\web-api\src\main\java\com\graphhopper\util\Parameters.java,210
CLIENT:client-code,N/A,false,MethodCallExpr,com.graphhopper.jackson.ResponsePathSerializer,encodePolyline,C:\Users\tyin363\Documents\repos\graphhopper__graphhopper\web-api\src\main\java\com\graphhopper\jackson\ResponsePathSerializer.java,118
CLIENT:client-code,N/A,false,ClassOrInterfaceType,com.graphhopper.json.Statement,Statement,C:\Users\tyin363\Documents\repos\graphhopper__graphhopper\web-api\src\main\java\com\graphhopper\json\Statement.java,130
JDK:java.base,N/A,false,ClassOrInterfaceType,java.lang.Object,Object,C:\Users\tyin363\Documents\repos\graphhopper__graphhopper\web-api\src\main\java\com\graphhopper\util\Instruction.java,55
JDK:java.base,N/A,false,MethodCallExpr,java.util.Map,put,C:\Users\tyin363\Documents\repos\graphhopper__graphhopper\web-api\src\main\java\com\graphhopper\util\RoundaboutInstruction.java,101
CLIENT:client-code,N/A,false,ClassOrInterfaceType,com.graphhopper.util.shapes.GHPoint,GHPoint,C:\Users\tyin363\Documents\repos\graphhopper__graphhopper\web-api\src\main\java\com\graphhopper\GHRequest.java,90
CLIENT:client-code,N/A,false,MethodCallExpr,com.graphhopper.util.details.PathDetail,getLast,C:\Users\tyin363\Documents\repos\graphhopper__graphhopper\web-api\src\main\java\com\graphhopper\util\details\PathDetail.java,63
CLIENT:client-code,N/A,false,ObjectCreationExpr,com.graphhopper.util.shapes.GHPoint3D,GHPoint3D,C:\Users\tyin363\Documents\repos\graphhopper__graphhopper\web-api\src\main\java\com\graphhopper\util\PointList.java,510
CLIENT:client-code,N/A,false,MethodCallExpr,com.graphhopper.util.Helper,round6,C:\Users\tyin363\Documents\repos\graphhopper__graphhopper\web-api\src\main\java\com\graphhopper\jackson\JtsEnvelopeSerializer.java,36
CLIENT:client-code,N/A,false,ClassOrInterfaceType,com.graphhopper.util.TurnCostsConfig,TurnCostsConfig,C:\Users\tyin363\Documents\repos\graphhopper__graphhopper\web-api\src\main\java\com\graphhopper\util\TurnCostsConfig.java,130
CLIENT:client-code,N/A,false,FieldAccessExpr,com.graphhopper.Trip.WalkLeg,arrivalTime,C:\Users\tyin363\Documents\repos\graphhopper__graphhopper\web-api\src\main\java\com\graphhopper\Trip.java,86
CLIENT:client-code,N/A,false,MethodCallExpr,com.graphhopper.ResponsePath,check,C:\Users\tyin363\Documents\repos\graphhopper__graphhopper\web-api\src\main\java\com\graphhopper\ResponsePath.java,149
CLIENT:client-code,N/A,false,FieldAccessExpr,com.graphhopper.util.TurnCostsConfig,vehicleTypes,C:\Users\tyin363\Documents\repos\graphhopper__graphhopper\web-api\src\main\java\com\graphhopper\util\TurnCostsConfig.java,58
JDK:java.base,N/A,false,ClassOrInterfaceType,java.util.List,List,C:\Users\tyin363\Documents\repos\graphhopper__graphhopper\web-api\src\main\java\com\graphhopper\util\CustomModel.java,120
CLIENT:client-code,N/A,false,ClassOrInterfaceType,com.graphhopper.util.PointList,PointList,C:\Users\tyin363\Documents\repos\graphhopper__graphhopper\web-api\src\main\java\com\graphhopper\util\ShallowImmutablePointList.java,89
CLIENT:client-code,N/A,false,MethodCallExpr,com.graphhopper.util.NumHelper,equalsEps,C:\Users\tyin363\Documents\repos\graphhopper__graphhopper\web-api\src\main\java\com\graphhopper\util\shapes\GHPoint3D.java,55
JDK:java.base,N/A,false,FieldAccessExpr,java.util.Locale,US,C:\Users\tyin363\Documents\repos\graphhopper__graphhopper\web-api\src\main\java\com\graphhopper\GHRequest.java,48
JDK:java.base,N/A,false,ClassOrInterfaceType,java.lang.String,String,C:\Users\tyin363\Documents\repos\graphhopper__graphhopper\web-api\src\main\java\com\graphhopper\GHRequest.java,185
JDK:java.base,N/A,false,MethodCallExpr,java.lang.Runtime,totalMemory,C:\Users\tyin363\Documents\repos\graphhopper__graphhopper\web-api\src\main\java\com\graphhopper\util\Helper.java,142
CLIENT:client-code,N/A,false,FieldAccessExpr,com.graphhopper.GHRequest,headings,C:\Users\tyin363\Documents\repos\graphhopper__graphhopper\web-api\src\main\java\com\graphhopper\GHRequest.java,115
JDK:java.base,N/A,false,MethodCallExpr,java.util.List,add,C:\Users\tyin363\Documents\repos\graphhopper__graphhopper\web-api\src\main\java\com\graphhopper\jackson\ResponsePathDeserializerHelper.java,246
CLIENT:client-code,N/A,false,ClassOrInterfaceType,com.graphhopper.json.Statement,Statement,C:\Users\tyin363\Documents\repos\graphhopper__graphhopper\web-api\src\main\java\com\graphhopper\util\CustomModel.java,38
CLIENT:client-code,N/A,false,ClassOrInterfaceType,com.graphhopper.util.PointList,PointList,C:\Users\tyin363\Documents\repos\graphhopper__graphhopper\web-api\src\main\java\com\graphhopper\util\ViaInstruction.java,26
JDK:java.base,N/A,false,ClassOrInterfaceType,java.lang.String,String,C:\Users\tyin363\Documents\repos\graphhopper__graphhopper\web-api\src\main\java\com\graphhopper\util\PMap.java,131
JDK:java.base,N/A,false,MethodCallExpr,java.util.Map,put,C:\Users\tyin363\Documents\repos\graphhopper__graphhopper\web-api\src\main\java\com\graphhopper\jackson\InstructionListSerializer.java,45
JDK:java.base,N/A,false,ClassOrInterfaceType,java.lang.Double,Double,C:\Users\tyin363\Documents\repos\graphhopper__graphhopper\web-api\src\main\java\com\graphhopper\jackson\PathDetailSerializer.java,38
JDK:java.base,N/A,false,ObjectCreationExpr,java.io.ByteArrayOutputStream,ByteArrayOutputStream,C:\Users\tyin363\Documents\repos\graphhopper__graphhopper\web-api\src\main\java\com\graphhopper\util\Helper.java,103
CLIENT:client-code,N/A,false,ClassOrInterfaceType,com.graphhopper.util.details.PathDetail,PathDetail,C:\Users\tyin363\Documents\repos\graphhopper__graphhopper\web-api\src\main\java\com\graphhopper\jackson\PathDetailSerializer.java,29
CLIENT:client-code,N/A,false,ObjectCreationExpr,com.graphhopper.util.CustomModel,CustomModel,C:\Users\tyin363\Documents\repos\graphhopper__graphhopper\web-api\src\main\java\com\graphhopper\util\CustomModel.java,176
CLIENT:client-code,N/A,false,MethodCallExpr,com.graphhopper.util.ShallowImmutablePointList,size,C:\Users\tyin363\Documents\repos\graphhopper__graphhopper\web-api\src\main\java\com\graphhopper\util\ShallowImmutablePointList.java,56
CLIENT:client-code,N/A,false,ClassOrInterfaceType,com.graphhopper.json.Statement,Statement,C:\Users\tyin363\Documents\repos\graphhopper__graphhopper\web-api\src\main\java\com\graphhopper\json\Statement.java,131
CLIENT:client-code,N/A,false,MethodCallExpr,com.graphhopper.util.TurnCostsConfig,check,C:\Users\tyin363\Documents\repos\graphhopper__graphhopper\web-api\src\main\java\com\graphhopper\util\TurnCostsConfig.java,63
com.fasterxml.jackson.core:jackson-databind,2.19.2,false,MethodCallExpr,com.fasterxml.jackson.databind.node.JsonNodeFactory,objectNode,C:\Users\tyin363\Documents\repos\graphhopper__graphhopper\web-api\src\main\java\com\graphhopper\jackson\MultiExceptionSerializer.java,36
CLIENT:client-code,N/A,false,MethodCallExpr,com.graphhopper.util.InstructionList,getTr,C:\Users\tyin363\Documents\repos\graphhopper__graphhopper\web-api\src\main\java\com\graphhopper\jackson\InstructionListSerializer.java,41
CLIENT:client-code,N/A,false,MethodCallExpr,com.graphhopper.util.Translation,tr,C:\Users\tyin363\Documents\repos\graphhopper__graphhopper\web-api\src\main\java\com\graphhopper\util\Instruction.java,217
JDK:java.base,N/A,false,ClassOrInterfaceType,java.lang.String,String,C:\Users\tyin363\Documents\repos\graphhopper__graphhopper\web-api\src\main\java\com\graphhopper\util\Parameters.java,212
CLIENT:client-code,N/A,false,MethodCallExpr,com.graphhopper.util.PointList,getLat,C:\Users\tyin363\Documents\repos\graphhopper__graphhopper\web-api\src\main\java\com\graphhopper\util\PointList.java,510
CLIENT:client-code,N/A,false,ClassOrInterfaceType,com.graphhopper.util.details.PathDetail,PathDetail,C:\Users\tyin363\Documents\repos\graphhopper__graphhopper\web-api\src\main\java\com\graphhopper\jackson\GraphHopperModule.java,36
CLIENT:client-code,N/A,false,MethodCallExpr,com.graphhopper.json.Statement,isBlock,C:\Users\tyin363\Documents\repos\graphhopper__graphhopper\web-api\src\main\java\com\graphhopper\json\Statement.java,50
JDK:java.base,N/A,false,ObjectCreationExpr,java.lang.IllegalStateException,IllegalStateException,C:\Users\tyin363\Documents\repos\graphhopper__graphhopper\web-api\src\main\java\com\graphhopper\GHRequest.java,71
JDK:java.base,N/A,false,ClassOrInterfaceType,java.lang.IllegalStateException,IllegalStateException,C:\Users\tyin363\Documents\repos\graphhopper__graphhopper\web-api\src\main\java\com\graphhopper\util\PointList.java,248
CLIENT:client-code,N/A,false,FieldAccessExpr,com.graphhopper.util.JsonFeature,bbox,C:\Users\tyin363\Documents\repos\graphhopper__graphhopper\web-api\src\main\java\com\graphhopper\util\JsonFeature.java,81
com.fasterxml.jackson.core:jackson-databind,2.19.2,false,MethodCallExpr,com.fasterxml.jackson.databind.JsonNode,isNull,C:\Users\tyin363\Documents\repos\graphhopper__graphhopper\web-api\src\main\java\com\graphhopper\jackson\StatementDeserializer.java,62
JDK:java.base,N/A,false,ClassOrInterfaceType,java.io.InputStreamReader,InputStreamReader,C:\Users\tyin363\Documents\repos\graphhopper__graphhopper\web-api\src\main\java\com\graphhopper\util\Helper.java,80
JDK:java.base,N/A,false,ClassOrInterfaceType,java.lang.String,String,C:\Users\tyin363\Documents\repos\graphhopper__graphhopper\web-api\src\main\java\com\graphhopper\Trip.java,15
JDK:java.base,N/A,false,ClassOrInterfaceType,java.lang.String,String,C:\Users\tyin363\Documents\repos\graphhopper__graphhopper\web-api\src\main\java\com\graphhopper\util\Parameters.java,208
JDK:java.base,N/A,false,ClassOrInterfaceType,java.lang.String,String,C:\Users\tyin363\Documents\repos\graphhopper__graphhopper\web-api\src\main\java\com\graphhopper\util\TurnCostsConfig.java,81
JDK:java.base,N/A,false,ClassOrInterfaceType,java.lang.String,String,C:\Users\tyin363\Documents\repos\graphhopper__graphhopper\web-api\src\main\java\com\graphhopper\util\Parameters.java,76
JDK:java.base,N/A,false,MethodCallExpr,java.lang.String,equals,C:\Users\tyin363\Documents\repos\graphhopper__graphhopper\web-api\src\main\java\com\graphhopper\jackson\CustomModelAreasDeserializer.java,23
JDK:java.base,N/A,false,ClassOrInterfaceType,java.lang.String,String,C:\Users\tyin363\Documents\repos\graphhopper__graphhopper\web-api\src\main\java\com\graphhopper\jackson\MultiExceptionSerializer.java,50
CLIENT:client-code,N/A,false,ClassOrInterfaceType,com.graphhopper.util.details.PathDetail,PathDetail,C:\Users\tyin363\Documents\repos\graphhopper__graphhopper\web-api\src\main\java\com\graphhopper\jackson\PathDetailSerializer.java,32
JDK:java.base,N/A,false,MethodCallExpr,java.util.Map,put,C:\Users\tyin363\Documents\repos\graphhopper__graphhopper\web-api\src\main\java\com\graphhopper\util\RoundaboutInstruction.java,104
CLIENT:client-code,N/A,false,MethodCallExpr,com.graphhopper.util.Translation,tr,C:\Users\tyin363\Documents\repos\graphhopper__graphhopper\web-api\src\main\java\com\graphhopper\util\Instruction.java,214
JDK:java.base,N/A,false,ClassOrInterfaceType,java.util.ArrayList,ArrayList,C:\Users\tyin363\Documents\repos\graphhopper__graphhopper\web-api\src\main\java\com\graphhopper\util\CustomModel.java,93
CLIENT:client-code,N/A,false,MethodCallExpr,com.graphhopper.util.NumHelper,equalsEps,C:\Users\tyin363\Documents\repos\graphhopper__graphhopper\web-api\src\main\java\com\graphhopper\util\shapes\GHPoint3D.java,56
JDK:java.base,N/A,false,ObjectCreationExpr,java.lang.IllegalArgumentException,IllegalArgumentException,C:\Users\tyin363\Documents\repos\graphhopper__graphhopper\web-api\src\main\java\com\graphhopper\util\Helper.java,266
com.fasterxml.jackson.core:jackson-databind,2.19.2,false,MethodCallExpr,com.fasterxml.jackson.databind.JsonNode,isNull,C:\Users\tyin363\Documents\repos\graphhopper__graphhopper\web-api\src\main\java\com\graphhopper\jackson\PathDetailDeserializer.java,53
CLIENT:client-code,N/A,false,ClassOrInterfaceType,com.graphhopper.util.PointList,PointList,C:\Users\tyin363\Documents\repos\graphhopper__graphhopper\web-api\src\main\java\com\graphhopper\ResponsePath.java,104
JDK:java.base,N/A,false,MethodCallExpr,java.lang.String,length,C:\Users\tyin363\Documents\repos\graphhopper__graphhopper\web-api\src\main\java\com\graphhopper\util\PointList.java,500
CLIENT:client-code,N/A,false,MethodCallExpr,com.graphhopper.util.PointList,is3D,C:\Users\tyin363\Documents\repos\graphhopper__graphhopper\web-api\src\main\java\com\graphhopper\util\PointList.java,466
JDK:java.base,N/A,false,ClassOrInterfaceType,java.lang.String,String,C:\Users\tyin363\Documents\repos\graphhopper__graphhopper\web-api\src\main\java\com\graphhopper\util\shapes\GHPoint.java,108
com.fasterxml.jackson.core:jackson-databind,2.19.2,false,ClassOrInterfaceType,com.fasterxml.jackson.databind.JsonDeserializer,JsonDeserializer,C:\Users\tyin363\Documents\repos\graphhopper__graphhopper\web-api\src\main\java\com\graphhopper\jackson\GHPointDeserializer.java,28
JDK:java.base,N/A,false,ObjectCreationExpr,java.lang.RuntimeException,RuntimeException,C:\Users\tyin363\Documents\repos\graphhopper__graphhopper\web-api\src\main\java\com\graphhopper\util\PointList.java,76
JDK:java.base,N/A,false,ClassOrInterfaceType,java.util.List,List,C:\Users\tyin363\Documents\repos\graphhopper__graphhopper\web-api\src\main\java\com\graphhopper\GHRequest.java,90
CLIENT:client-code,N/A,false,MethodCallExpr,com.graphhopper.util.PointList,get,C:\Users\tyin363\Documents\repos\graphhopper__graphhopper\web-api\src\main\java\com\graphhopper\util\PointList.java,532
CLIENT:client-code,N/A,false,ClassOrInterfaceType,com.graphhopper.ResponsePath,ResponsePath,C:\Users\tyin363\Documents\repos\graphhopper__graphhopper\web-api\src\main\java\com\graphhopper\ResponsePath.java,123
JDK:java.base,N/A,false,ClassOrInterfaceType,java.lang.String,String,C:\Users\tyin363\Documents\repos\graphhopper__graphhopper\web-api\src\main\java\com\graphhopper\util\Parameters.java,209
JDK:java.base,N/A,false,MethodCallExpr,java.lang.String,length,C:\Users\tyin363\Documents\repos\graphhopper__graphhopper\web-api\src\main\java\com\graphhopper\util\Helper.java,178
JDK:java.base,N/A,false,MethodCallExpr,java.lang.StringBuilder,append,C:\Users\tyin363\Documents\repos\graphhopper__graphhopper\web-api\src\main\java\com\graphhopper\util\PointList.java,335
JDK:java.base,N/A,false,ClassOrInterfaceType,java.lang.String,String,C:\Users\tyin363\Documents\repos\graphhopper__graphhopper\web-api\src\main\java\com\graphhopper\Trip.java,14
JDK:java.base,N/A,false,MethodCallExpr,java.util.Map,put,C:\Users\tyin363\Documents\repos\graphhopper__graphhopper\web-api\src\main\java\com\graphhopper\jackson\InstructionListSerializer.java,43
JDK:java.base,N/A,false,ClassOrInterfaceType,java.util.List,List,C:\Users\tyin363\Documents\repos\graphhopper__graphhopper\web-api\src\main\java\com\graphhopper\ResponsePath.java,136
JDK:java.base,N/A,false,ObjectCreationExpr,java.lang.UnsupportedOperationException,UnsupportedOperationException,C:\Users\tyin363\Documents\repos\graphhopper__graphhopper\web-api\src\main\java\com\graphhopper\util\PointList.java,106
CLIENT:client-code,N/A,false,MethodCallExpr,com.graphhopper.json.Statement,Else,C:\Users\tyin363\Documents\repos\graphhopper__graphhopper\web-api\src\main\java\com\graphhopper\jackson\StatementDeserializer.java,63
JDK:java.base,N/A,false,ClassOrInterfaceType,java.util.List,List,C:\Users\tyin363\Documents\repos\graphhopper__graphhopper\web-api\src\main\java\com\graphhopper\util\Helper.java,406
com.fasterxml.jackson.core:jackson-databind,2.19.2,false,MethodCallExpr,com.fasterxml.jackson.databind.JsonNode,asText,C:\Users\tyin363\Documents\repos\graphhopper__graphhopper\web-api\src\main\java\com\graphhopper\jackson\StatementDeserializer.java,62
CLIENT:client-code,N/A,false,MethodCallExpr,com.graphhopper.util.PointList,getEle,C:\Users\tyin363\Documents\repos\graphhopper__graphhopper\web-api\src\main\java\com\graphhopper\util\PointList.java,510
CLIENT:client-code,N/A,false,FieldAccessExpr,com.graphhopper.Trip.Leg,type,C:\Users\tyin363\Documents\repos\graphhopper__graphhopper\web-api\src\main\java\com\graphhopper\Trip.java,20
CLIENT:client-code,N/A,false,MethodCallExpr,com.graphhopper.util.PointList,size,C:\Users\tyin363\Documents\repos\graphhopper__graphhopper\web-api\src\main\java\com\graphhopper\util\PointList.java,372
JDK:java.base,N/A,false,MethodCallExpr,java.lang.Math,abs,C:\Users\tyin363\Documents\repos\graphhopper__graphhopper\web-api\src\main\java\com\graphhopper\util\RoundaboutInstruction.java,83
JDK:java.base,N/A,false,MethodCallExpr,java.util.Map,put,C:\Users\tyin363\Documents\repos\graphhopper__graphhopper\web-api\src\main\java\com\graphhopper\util\CustomModel.java,59
JDK:java.base,N/A,false,ClassOrInterfaceType,java.util.List,List,C:\Users\tyin363\Documents\repos\graphhopper__graphhopper\web-api\src\main\java\com\graphhopper\ResponsePath.java,268
JDK:java.base,N/A,false,ClassOrInterfaceType,java.lang.String,String,C:\Users\tyin363\Documents\repos\graphhopper__graphhopper\web-api\src\main\java\com\graphhopper\util\PMap.java,136
JDK:java.base,N/A,false,MethodCallExpr,java.util.stream.Stream,map,C:\Users\tyin363\Documents\repos\graphhopper__graphhopper\web-api\src\main\java\com\graphhopper\util\CustomModel.java,66
com.fasterxml.jackson.core:jackson-databind,2.19.2,false,ClassOrInterfaceType,com.fasterxml.jackson.databind.JsonDeserializer,JsonDeserializer,C:\Users\tyin363\Documents\repos\graphhopper__graphhopper\web-api\src\main\java\com\graphhopper\jackson\StatementDeserializer.java,36
CLIENT:client-code,N/A,false,MethodCallExpr,com.graphhopper.util.Instruction,getTime,C:\Users\tyin363\Documents\repos\graphhopper__graphhopper\web-api\src\main\java\com\graphhopper\util\ViaInstruction.java,33
com.fasterxml.jackson.core:jackson-databind,2.19.2,false,MethodCallExpr,com.fasterxml.jackson.databind.module.SimpleModule,addSerializer,C:\Users\tyin363\Documents\repos\graphhopper__graphhopper\web-api\src\main\java\com\graphhopper\jackson\GraphHopperModule.java,37
CLIENT:client-code,N/A,false,ClassOrInterfaceType,com.graphhopper.util.PointList,PointList,C:\Users\tyin363\Documents\repos\graphhopper__graphhopper\web-api\src\main\java\com\graphhopper\ResponsePath.java,99
JDK:java.base,N/A,false,ClassOrInterfaceType,java.lang.String,String,C:\Users\tyin363\Documents\repos\graphhopper__graphhopper\web-api\src\main\java\com\graphhopper\util\TurnCostsConfig.java,87
CLIENT:client-code,N/A,false,ObjectCreationExpr,com.graphhopper.util.PointList,PointList,C:\Users\tyin363\Documents\repos\graphhopper__graphhopper\web-api\src\main\java\com\graphhopper\util\FinishInstruction.java,33
JDK:java.base,N/A,false,ClassOrInterfaceType,java.io.IOException,IOException,C:\Users\tyin363\Documents\repos\graphhopper__graphhopper\web-api\src\main\java\com\graphhopper\jackson\GHPointSerializer.java,30
CLIENT:client-code,N/A,false,ClassOrInterfaceType,com.graphhopper.ResponsePath,ResponsePath,C:\Users\tyin363\Documents\repos\graphhopper__graphhopper\web-api\src\main\java\com\graphhopper\GHResponse.java,58
CLIENT:client-code,N/A,false,FieldAccessExpr,com.graphhopper.ResponsePath,instructions,C:\Users\tyin363\Documents\repos\graphhopper__graphhopper\web-api\src\main\java\com\graphhopper\ResponsePath.java,255
JDK:java.base,N/A,false,ClassOrInterfaceType,java.lang.String,String,C:\Users\tyin363\Documents\repos\graphhopper__graphhopper\web-api\src\main\java\com\graphhopper\util\Parameters.java,206
com.fasterxml.jackson.core:jackson-databind,2.19.2,false,MethodCallExpr,com.fasterxml.jackson.databind.JsonNode,has,C:\Users\tyin363\Documents\repos\graphhopper__graphhopper\web-api\src\main\java\com\graphhopper\jackson\ResponsePathDeserializerHelper.java,99
JDK:java.base,N/A,false,ClassOrInterfaceType,java.util.Date,Date,C:\Users\tyin363\Documents\repos\graphhopper__graphhopper\web-api\src\main\java\com\graphhopper\Trip.java,95
CLIENT:client-code,N/A,false,MethodCallExpr,com.graphhopper.util.Instruction,getSign,C:\Users\tyin363\Documents\repos\graphhopper__graphhopper\web-api\src\main\java\com\graphhopper\util\RoundaboutInstruction.java,117
CLIENT:client-code,N/A,false,MethodCallExpr,com.graphhopper.ResponsePath,getErrors,C:\Users\tyin363\Documents\repos\graphhopper__graphhopper\web-api\src\main\java\com\graphhopper\GHResponse.java,113
CLIENT:client-code,N/A,false,MethodCallExpr,com.graphhopper.jackson.MultiExceptionSerializer,getMessage,C:\Users\tyin363\Documents\repos\graphhopper__graphhopper\web-api\src\main\java\com\graphhopper\jackson\MultiExceptionSerializer.java,37
JDK:java.base,N/A,false,ObjectCreationExpr,java.lang.UnsupportedOperationException,UnsupportedOperationException,C:\Users\tyin363\Documents\repos\graphhopper__graphhopper\web-api\src\main\java\com\graphhopper\util\PointList.java,111
CLIENT:client-code,N/A,false,MethodCallExpr,com.graphhopper.util.Translation,tr,C:\Users\tyin363\Documents\repos\graphhopper__graphhopper\web-api\src\main\java\com\graphhopper\util\Instruction.java,220
JDK:java.base,N/A,false,MethodCallExpr,java.util.AbstractMap,toString,C:\Users\tyin363\Documents\repos\graphhopper__graphhopper\web-api\src\main\java\com\graphhopper\util\PMap.java,163
JDK:java.base,N/A,false,FieldAccessExpr,java.lang.Integer,MIN_VALUE,C:\Users\tyin363\Documents\repos\graphhopper__graphhopper\web-api\src\main\java\com\graphhopper\util\Instruction.java,41
JDK:java.base,N/A,false,ObjectCreationExpr,java.lang.IllegalStateException,IllegalStateException,C:\Users\tyin363\Documents\repos\graphhopper__graphhopper\web-api\src\main\java\com\graphhopper\GHRequest.java,68
JDK:java.base,N/A,false,ClassOrInterfaceType,java.lang.Object,Object,C:\Users\tyin363\Documents\repos\graphhopper__graphhopper\web-api\src\main\java\com\graphhopper\util\PMap.java,117
JDK:java.base,N/A,false,ClassOrInterfaceType,java.util.List,List,C:\Users\tyin363\Documents\repos\graphhopper__graphhopper\web-api\src\main\java\com\graphhopper\GHRequest.java,228
org.locationtech.jts:jts-core,1.20.0,true,FieldAccessExpr,org.locationtech.jts.geom.Coordinate,y,C:\Users\tyin363\Documents\repos\graphhopper__graphhopper\web-api\src\main\java\com\graphhopper\util\PointList.java,547
com.fasterxml.jackson.core:jackson-databind,2.19.2,false,MethodCallExpr,com.fasterxml.jackson.databind.module.SimpleModule,addSerializer,C:\Users\tyin363\Documents\repos\graphhopper__graphhopper\web-api\src\main\java\com\graphhopper\jackson\GraphHopperModule.java,38
JDK:java.base,N/A,false,MethodCallExpr,java.util.List,isEmpty,C:\Users\tyin363\Documents\repos\graphhopper__graphhopper\web-api\src\main\java\com\graphhopper\GHRequest.java,245
JDK:java.base,N/A,false,ClassOrInterfaceType,java.math.BigDecimal,BigDecimal,C:\Users\tyin363\Documents\repos\graphhopper__graphhopper\web-api\src\main\java\com\graphhopper\ResponsePath.java,327
CLIENT:client-code,N/A,false,MethodCallExpr,com.graphhopper.util.TurnCostsConfig,check,C:\Users\tyin363\Documents\repos\graphhopper__graphhopper\web-api\src\main\java\com\graphhopper\util\TurnCostsConfig.java,67
CLIENT:client-code,N/A,false,ObjectCreationExpr,com.graphhopper.util.exceptions.ConnectionNotFoundException,ConnectionNotFoundException,C:\Users\tyin363\Documents\repos\graphhopper__graphhopper\web-api\src\main\java\com\graphhopper\jackson\ResponsePathDeserializerHelper.java,268
CLIENT:client-code,N/A,false,ObjectCreationExpr,com.graphhopper.jackson.StatementSerializer,StatementSerializer,C:\Users\tyin363\Documents\repos\graphhopper__graphhopper\web-api\src\main\java\com\graphhopper\jackson\GraphHopperModule.java,31
JDK:java.base,N/A,false,MethodCallExpr,java.util.Collections,singletonList,C:\Users\tyin363\Documents\repos\graphhopper__graphhopper\web-api\src\main\java\com\graphhopper\jackson\MultiException.java,34
JDK:java.base,N/A,false,ClassOrInterfaceType,java.lang.String,String,C:\Users\tyin363\Documents\repos\graphhopper__graphhopper\web-api\src\main\java\com\graphhopper\util\Parameters.java,207
CLIENT:client-code,N/A,false,FieldAccessExpr,com.graphhopper.util.PointList,size,C:\Users\tyin363\Documents\repos\graphhopper__graphhopper\web-api\src\main\java\com\graphhopper\util\PointList.java,462
CLIENT:client-code,N/A,false,ObjectCreationExpr,com.graphhopper.util.PointList,PointList,C:\Users\tyin363\Documents\repos\graphhopper__graphhopper\web-api\src\main\java\com\graphhopper\util\Helper.java,227
CLIENT:client-code,N/A,false,MethodCallExpr,com.graphhopper.ResponsePath,getPoints,C:\Users\tyin363\Documents\repos\graphhopper__graphhopper\web-api\src\main\java\com\graphhopper\jackson\ResponsePathSerializer.java,110
JDK:java.base,N/A,false,ClassOrInterfaceType,java.util.List,List,C:\Users\tyin363\Documents\repos\graphhopper__graphhopper\web-api\src\main\java\com\graphhopper\ResponsePath.java,270
JDK:java.base,N/A,false,ClassOrInterfaceType,java.lang.String,String,C:\Users\tyin363\Documents\repos\graphhopper__graphhopper\web-api\src\main\java\com\graphhopper\util\Parameters.java,72
CLIENT:client-code,N/A,false,MethodCallExpr,com.graphhopper.util.PointList,size,C:\Users\tyin363\Documents\repos\graphhopper__graphhopper\web-api\src\main\java\com\graphhopper\util\PointList.java,234
CLIENT:client-code,N/A,false,MethodCallExpr,com.graphhopper.util.PointList,getEle,C:\Users\tyin363\Documents\repos\graphhopper__graphhopper\web-api\src\main\java\com\graphhopper\util\PointList.java,241
CLIENT:client-code,N/A,false,MethodCallExpr,com.graphhopper.util.PMap,getObject,C:\Users\tyin363\Documents\repos\graphhopper__graphhopper\web-api\src\main\java\com\graphhopper\GHResponse.java,153
com.fasterxml.jackson.core:jackson-databind,2.19.2,false,MethodCallExpr,com.fasterxml.jackson.databind.module.SimpleModule,addSerializer,C:\Users\tyin363\Documents\repos\graphhopper__graphhopper\web-api\src\main\java\com\graphhopper\jackson\GraphHopperModule.java,39
CLIENT:client-code,N/A,false,ClassOrInterfaceType,com.graphhopper.util.PointList,PointList,C:\Users\tyin363\Documents\repos\graphhopper__graphhopper\web-api\src\main\java\com\graphhopper\util\PointList.java,461
JDK:java.base,N/A,false,ClassOrInterfaceType,java.lang.UnsupportedOperationException,UnsupportedOperationException,C:\Users\tyin363\Documents\repos\graphhopper__graphhopper\web-api\src\main\java\com\graphhopper\util\PointList.java,539
JDK:java.base,N/A,false,ObjectCreationExpr,java.lang.StringBuilder,StringBuilder,C:\Users\tyin363\Documents\repos\graphhopper__graphhopper\web-api\src\main\java\com\graphhopper\util\PointList.java,332
JDK:java.base,N/A,false,ClassOrInterfaceType,java.lang.String,String,C:\Users\tyin363\Documents\repos\graphhopper__graphhopper\web-api\src\main\java\com\graphhopper\GHRequest.java,46
,,false,ClassOrInterfaceType,org.locationtech.jts.geom.impl.PackedCoordinateSequence.Double,Double,C:\Users\tyin363\Documents\repos\graphhopper__graphhopper\web-api\src\main\java\com\graphhopper\util\PointList.java,374
JDK:java.base,N/A,false,ClassOrInterfaceType,java.lang.Double,Double,C:\Users\tyin363\Documents\repos\graphhopper__graphhopper\web-api\src\main\java\com\graphhopper\jackson\PathDetailSerializer.java,39
JDK:java.base,N/A,false,MethodCallExpr,java.util.Map,put,C:\Users\tyin363\Documents\repos\graphhopper__graphhopper\web-api\src\main\java\com\graphhopper\jackson\InstructionListSerializer.java,46
CLIENT:client-code,N/A,false,FieldAccessExpr,com.graphhopper.util.TurnCostsConfig,leftTurnCosts,C:\Users\tyin363\Documents\repos\graphhopper__graphhopper\web-api\src\main\java\com\graphhopper\util\TurnCostsConfig.java,111
JDK:java.base,N/A,false,ClassOrInterfaceType,java.lang.String,String,C:\Users\tyin363\Documents\repos\graphhopper__graphhopper\web-api\src\main\java\com\graphhopper\util\Parameters.java,204
JDK:java.base,N/A,false,ClassOrInterfaceType,java.util.NoSuchElementException,NoSuchElementException,C:\Users\tyin363\Documents\repos\graphhopper__graphhopper\web-api\src\main\java\com\graphhopper\util\PointList.java,530
JDK:java.base,N/A,false,MethodCallExpr,java.lang.Object,toString,C:\Users\tyin363\Documents\repos\graphhopper__graphhopper\web-api\src\main\java\com\graphhopper\GHResponse.java,155
org.locationtech.jts:jts-core,1.20.0,true,ClassOrInterfaceType,org.locationtech.jts.geom.Geometry,Geometry,C:\Users\tyin363\Documents\repos\graphhopper__graphhopper\web-api\src\main\java\com\graphhopper\util\JsonFeature.java,38
JDK:java.base,N/A,false,MethodCallExpr,java.util.List,isEmpty,C:\Users\tyin363\Documents\repos\graphhopper__graphhopper\web-api\src\main\java\com\graphhopper\ResponsePath.java,294
org.locationtech.jts:jts-core,1.20.0,true,ClassOrInterfaceType,org.locationtech.jts.geom.impl.PackedCoordinateSequence,PackedCoordinateSequence,C:\Users\tyin363\Documents\repos\graphhopper__graphhopper\web-api\src\main\java\com\graphhopper\util\PointList.java,374
org.locationtech.jts:jts-core,1.20.0,true,MethodCallExpr,org.locationtech.jts.geom.Envelope,getMinY,C:\Users\tyin363\Documents\repos\graphhopper__graphhopper\web-api\src\main\java\com\graphhopper\jackson\JtsEnvelopeSerializer.java,34
CLIENT:client-code,N/A,false,ClassOrInterfaceType,com.graphhopper.util.details.PathDetail,PathDetail,C:\Users\tyin363\Documents\repos\graphhopper__graphhopper\web-api\src\main\java\com\graphhopper\jackson\GraphHopperModule.java,37
CLIENT:client-code,N/A,false,ClassOrInterfaceType,com.graphhopper.util.details.PathDetail,PathDetail,C:\Users\tyin363\Documents\repos\graphhopper__graphhopper\web-api\src\main\java\com\graphhopper\jackson\PathDetailDeserializer.java,33
CLIENT:client-code,N/A,false,ClassOrInterfaceType,com.graphhopper.util.exceptions.DetailedRuntimeException,DetailedRuntimeException,C:\Users\tyin363\Documents\repos\graphhopper__graphhopper\web-api\src\main\java\com\graphhopper\jackson\ResponsePathDeserializerHelper.java,264
CLIENT:client-code,N/A,false,ClassOrInterfaceType,com.graphhopper.json.Statement.Op,Op,C:\Users\tyin363\Documents\repos\graphhopper__graphhopper\web-api\src\main\java\com\graphhopper\jackson\StatementDeserializer.java,83
JDK:java.base,N/A,false,MethodCallExpr,java.lang.Math,max,C:\Users\tyin363\Documents\repos\graphhopper__graphhopper\web-api\src\main\java\com\graphhopper\jackson\ResponsePathSerializer.java,49
CLIENT:client-code,N/A,false,ClassOrInterfaceType,com.graphhopper.util.CustomModel,CustomModel,C:\Users\tyin363\Documents\repos\graphhopper__graphhopper\web-api\src\main\java\com\graphhopper\util\CustomModel.java,115
JDK:java.base,N/A,false,MethodCallExpr,java.lang.StringBuilder,append,C:\Users\tyin363\Documents\repos\graphhopper__graphhopper\web-api\src\main\java\com\graphhopper\util\Helper.java,397
JDK:java.base,N/A,false,ClassOrInterfaceType,java.lang.UnsupportedOperationException,UnsupportedOperationException,C:\Users\tyin363\Documents\repos\graphhopper__graphhopper\web-api\src\main\java\com\graphhopper\util\ShallowImmutablePointList.java,165
JDK:java.base,N/A,false,ClassOrInterfaceType,java.lang.String,String,C:\Users\tyin363\Documents\repos\graphhopper__graphhopper\web-api\src\main\java\com\graphhopper\util\PMap.java,133
JDK:java.base,N/A,false,ClassOrInterfaceType,java.lang.String,String,C:\Users\tyin363\Documents\repos\graphhopper__graphhopper\web-api\src\main\java\com\graphhopper\GHRequest.java,47
JDK:java.base,N/A,false,MethodCallExpr,java.lang.Math,round,C:\Users\tyin363\Documents\repos\graphhopper__graphhopper\web-api\src\main\java\com\graphhopper\util\Helper.java,246
JDK:java.base,N/A,false,ObjectCreationExpr,java.util.ArrayList,ArrayList,C:\Users\tyin363\Documents\repos\graphhopper__graphhopper\web-api\src\main\java\com\graphhopper\GHRequest.java,42
com.fasterxml.jackson.core:jackson-databind,2.19.2,false,MethodCallExpr,com.fasterxml.jackson.databind.JsonNode,get,C:\Users\tyin363\Documents\repos\graphhopper__graphhopper\web-api\src\main\java\com\graphhopper\jackson\ResponsePathDeserializerHelper.java,127
JDK:java.base,N/A,false,ClassOrInterfaceType,java.util.Map,Map,C:\Users\tyin363\Documents\repos\graphhopper__graphhopper\web-api\src\main\java\com\graphhopper\ResponsePath.java,264
JDK:java.base,N/A,false,ClassOrInterfaceType,java.lang.String,String,C:\Users\tyin363\Documents\repos\graphhopper__graphhopper\web-api\src\main\java\com\graphhopper\util\Parameters.java,205
JDK:java.base,N/A,false,ObjectCreationExpr,java.util.ArrayList,ArrayList,C:\Users\tyin363\Documents\repos\graphhopper__graphhopper\web-api\src\main\java\com\graphhopper\util\Helper.java,86
JDK:java.base,N/A,false,ClassOrInterfaceType,java.util.ArrayList,ArrayList,C:\Users\tyin363\Documents\repos\graphhopper__graphhopper\web-api\src\main\java\com\graphhopper\jackson\ResponsePathDeserializerHelper.java,238
JDK:java.base,N/A,false,MethodCallExpr,java.util.Map.Entry,getValue,C:\Users\tyin363\Documents\repos\graphhopper__graphhopper\web-api\src\main\java\com\graphhopper\jackson\ResponsePathDeserializerHelper.java,152
JDK:java.base,N/A,false,ObjectCreationExpr,java.lang.RuntimeException,RuntimeException,C:\Users\tyin363\Documents\repos\graphhopper__graphhopper\web-api\src\main\java\com\graphhopper\util\PointList.java,81
CLIENT:client-code,N/A,false,MethodCallExpr,com.graphhopper.util.PointList,is3D,C:\Users\tyin363\Documents\repos\graphhopper__graphhopper\web-api\src\main\java\com\graphhopper\util\PointList.java,461
JDK:java.base,N/A,false,ClassOrInterfaceType,java.lang.Object,Object,C:\Users\tyin363\Documents\repos\graphhopper__graphhopper\web-api\src\main\java\com\graphhopper\util\shapes\GHPoint.java,95
com.fasterxml.jackson.core:jackson-core,2.19.2,false,MethodCallExpr,com.fasterxml.jackson.core.JsonGenerator,writeObject,C:\Users\tyin363\Documents\repos\graphhopper__graphhopper\web-api\src\main\java\com\graphhopper\jackson\MultiExceptionSerializer.java,47
JDK:java.base,N/A,false,ObjectCreationExpr,java.lang.UnsupportedOperationException,UnsupportedOperationException,C:\Users\tyin363\Documents\repos\graphhopper__graphhopper\web-api\src\main\java\com\graphhopper\jackson\ResponsePathDeserializerHelper.java,260
JDK:java.base,N/A,false,MethodCallExpr,java.util.Map.Entry,getKey,C:\Users\tyin363\Documents\repos\graphhopper__graphhopper\web-api\src\main\java\com\graphhopper\jackson\ResponsePathDeserializerHelper.java,156
CLIENT:client-code,N/A,false,MethodCallExpr,com.graphhopper.util.PointList,size,C:\Users\tyin363\Documents\repos\graphhopper__graphhopper\web-api\src\main\java\com\graphhopper\util\PointList.java,236
CLIENT:client-code,N/A,false,ClassOrInterfaceType,com.graphhopper.util.shapes.GHPoint3D,GHPoint3D,C:\Users\tyin363\Documents\repos\graphhopper__graphhopper\web-api\src\main\java\com\graphhopper\util\PointList.java,532
com.fasterxml.jackson.core:jackson-databind,2.19.2,false,MethodCallExpr,com.fasterxml.jackson.databind.module.SimpleModule,addSerializer,C:\Users\tyin363\Documents\repos\graphhopper__graphhopper\web-api\src\main\java\com\graphhopper\jackson\GraphHopperModule.java,33
CLIENT:client-code,N/A,false,MethodCallExpr,com.graphhopper.util.ShallowImmutablePointList,size,C:\Users\tyin363\Documents\repos\graphhopper__graphhopper\web-api\src\main\java\com\graphhopper\util\ShallowImmutablePointList.java,80
CLIENT:client-code,N/A,false,ClassOrInterfaceType,com.graphhopper.util.ShallowImmutablePointList,ShallowImmutablePointList,C:\Users\tyin363\Documents\repos\graphhopper__graphhopper\web-api\src\main\java\com\graphhopper\util\PointList.java,480
JDK:java.base,N/A,false,ClassOrInterfaceType,java.nio.charset.Charset,Charset,C:\Users\tyin363\Documents\repos\graphhopper__graphhopper\web-api\src\main\java\com\graphhopper\util\Helper.java,34
com.fasterxml.jackson.core:jackson-databind,2.19.2,false,MethodCallExpr,com.fasterxml.jackson.databind.JsonNode,asText,C:\Users\tyin363\Documents\repos\graphhopper__graphhopper\web-api\src\main\java\com\graphhopper\jackson\StatementDeserializer.java,90
CLIENT:client-code,N/A,false,FieldAccessExpr,com.graphhopper.util.shapes.GHPoint,lat,C:\Users\tyin363\Documents\repos\graphhopper__graphhopper\web-api\src\main\java\com\graphhopper\util\PointList.java,227
CLIENT:client-code,N/A,false,MethodCallExpr,com.graphhopper.util.Helper,getLocale,C:\Users\tyin363\Documents\repos\graphhopper__graphhopper\web-api\src\main\java\com\graphhopper\GHRequest.java,152
JDK:java.base,N/A,false,ObjectCreationExpr,java.util.ArrayList,ArrayList,C:\Users\tyin363\Documents\repos\graphhopper__graphhopper\web-api\src\main\java\com\graphhopper\GHRequest.java,43
JDK:java.base,N/A,false,ClassOrInterfaceType,java.util.List,List,C:\Users\tyin363\Documents\repos\graphhopper__graphhopper\web-api\src\main\java\com\graphhopper\util\JsonFeatureCollection.java,28
JDK:java.base,N/A,false,MethodCallExpr,java.lang.String,substring,C:\Users\tyin363\Documents\repos\graphhopper__graphhopper\web-api\src\main\java\com\graphhopper\util\PMap.java,60
com.fasterxml.jackson.core:jackson-databind,2.19.2,false,MethodCallExpr,com.fasterxml.jackson.databind.JsonNode,asInt,C:\Users\tyin363\Documents\repos\graphhopper__graphhopper\web-api\src\main\java\com\graphhopper\jackson\ResponsePathDeserializerHelper.java,89
JDK:java.base,N/A,false,MethodCallExpr,java.lang.String,substring,C:\Users\tyin363\Documents\repos\graphhopper__graphhopper\web-api\src\main\java\com\graphhopper\util\Helper.java,199
CLIENT:client-code,N/A,false,FieldAccessExpr,com.graphhopper.util.TurnCostsConfig,minSharpTurnAngle,C:\Users\tyin363\Documents\repos\graphhopper__graphhopper\web-api\src\main\java\com\graphhopper\util\TurnCostsConfig.java,56
JDK:java.base,N/A,false,ObjectCreationExpr,java.util.ArrayList,ArrayList,C:\Users\tyin363\Documents\repos\graphhopper__graphhopper\web-api\src\main\java\com\graphhopper\jackson\ResponsePathDeserializerHelper.java,165
com.fasterxml.jackson.core:jackson-databind,2.19.2,false,MethodReferenceExpr,com.fasterxml.jackson.databind.node.ObjectNode,putPOJO,C:\Users\tyin363\Documents\repos\graphhopper__graphhopper\web-api\src\main\java\com\graphhopper\jackson\MultiExceptionSerializer.java,44
JDK:java.base,N/A,false,ObjectCreationExpr,java.lang.RuntimeException,RuntimeException,C:\Users\tyin363\Documents\repos\graphhopper__graphhopper\web-api\src\main\java\com\graphhopper\util\Helper.java,173
JDK:java.base,N/A,false,ClassOrInterfaceType,java.lang.Object,Object,C:\Users\tyin363\Documents\repos\graphhopper__graphhopper\web-api\src\main\java\com\graphhopper\util\exceptions\DetailedIllegalArgumentException.java,37
JDK:java.base,N/A,false,ClassOrInterfaceType,java.lang.IllegalArgumentException,IllegalArgumentException,C:\Users\tyin363\Documents\repos\graphhopper__graphhopper\web-api\src\main\java\com\graphhopper\GHRequest.java,101
JDK:java.base,N/A,false,ClassOrInterfaceType,java.math.BigDecimal,BigDecimal,C:\Users\tyin363\Documents\repos\graphhopper__graphhopper\web-api\src\main\java\com\graphhopper\ResponsePath.java,323
CLIENT:client-code,N/A,false,ClassOrInterfaceType,com.graphhopper.util.PointList,PointList,C:\Users\tyin363\Documents\repos\graphhopper__graphhopper\web-api\src\main\java\com\graphhopper\jackson\ResponsePathDeserializerHelper.java,74
JDK:java.base,N/A,false,ObjectCreationExpr,java.lang.RuntimeException,RuntimeException,C:\Users\tyin363\Documents\repos\graphhopper__graphhopper\web-api\src\main\java\com\graphhopper\util\PointList.java,66
JDK:java.base,N/A,false,MethodCallExpr,java.util.List,add,C:\Users\tyin363\Documents\repos\graphhopper__graphhopper\web-api\src\main\java\com\graphhopper\jackson\ResponsePathDeserializerHelper.java,271
com.fasterxml.jackson.core:jackson-core,2.19.2,false,MethodCallExpr,com.fasterxml.jackson.core.JsonGenerator,writeEndArray,C:\Users\tyin363\Documents\repos\graphhopper__graphhopper\web-api\src\main\java\com\graphhopper\jackson\PathDetailSerializer.java,55
JDK:java.base,N/A,false,ClassOrInterfaceType,java.lang.String,String,C:\Users\tyin363\Documents\repos\graphhopper__graphhopper\web-api\src\main\java\com\graphhopper\util\PMap.java,106
com.fasterxml.jackson.core:jackson-databind,2.19.2,false,MethodCallExpr,com.fasterxml.jackson.databind.JsonNode,asText,C:\Users\tyin363\Documents\repos\graphhopper__graphhopper\web-api\src\main\java\com\graphhopper\jackson\StatementDeserializer.java,88
com.fasterxml.jackson.core:jackson-databind,2.19.2,false,FieldAccessExpr,com.fasterxml.jackson.databind.node.JsonNodeFactory,instance,C:\Users\tyin363\Documents\repos\graphhopper__graphhopper\web-api\src\main\java\com\graphhopper\jackson\ResponsePathSerializer.java,89
JDK:java.base,N/A,false,ObjectCreationExpr,java.util.ArrayList,ArrayList,C:\Users\tyin363\Documents\repos\graphhopper__graphhopper\web-api\src\main\java\com\graphhopper\GHRequest.java,44
JDK:java.base,N/A,false,ClassOrInterfaceType,java.lang.String,String,C:\Users\tyin363\Documents\repos\graphhopper__graphhopper\web-api\src\main\java\com\graphhopper\Trip.java,37
JDK:java.base,N/A,false,ClassOrInterfaceType,java.util.Map,Map,C:\Users\tyin363\Documents\repos\graphhopper__graphhopper\web-api\src\main\java\com\graphhopper\util\PMap.java,153
com.fasterxml.jackson.core:jackson-databind,2.19.2,false,ClassOrInterfaceType,com.fasterxml.jackson.databind.JsonNode,JsonNode,C:\Users\tyin363\Documents\repos\graphhopper__graphhopper\web-api\src\main\java\com\graphhopper\jackson\ResponsePathDeserializerHelper.java,87
com.fasterxml.jackson.core:jackson-databind,2.19.2,false,MethodCallExpr,com.fasterxml.jackson.databind.module.SimpleModule,addSerializer,C:\Users\tyin363\Documents\repos\graphhopper__graphhopper\web-api\src\main\java\com\graphhopper\jackson\GraphHopperModule.java,35
CLIENT:client-code,N/A,false,ClassOrInterfaceType,com.graphhopper.util.exceptions.PointNotFoundException,PointNotFoundException,C:\Users\tyin363\Documents\repos\graphhopper__graphhopper\web-api\src\main\java\com\graphhopper\jackson\ResponsePathDeserializerHelper.java,272
com.fasterxml.jackson.core:jackson-databind,2.19.2,false,MethodCallExpr,com.fasterxml.jackson.databind.JsonNode,get,C:\Users\tyin363\Documents\repos\graphhopper__graphhopper\web-api\src\main\java\com\graphhopper\jackson\ResponsePathDeserializerHelper.java,273
CLIENT:client-code,N/A,false,ClassOrInterfaceType,com.graphhopper.util.InstructionList,InstructionList,C:\Users\tyin363\Documents\repos\graphhopper__graphhopper\web-api\src\main\java\com\graphhopper\jackson\InstructionListSerializer.java,34
org.locationtech.jts:jts-core,1.20.0,true,ClassOrInterfaceType,org.locationtech.jts.geom.Point,Point,C:\Users\tyin363\Documents\repos\graphhopper__graphhopper\web-api\src\main\java\com\graphhopper\Trip.java,50
CLIENT:client-code,N/A,false,MethodCallExpr,com.graphhopper.ResponsePath,hasErrors,C:\Users\tyin363\Documents\repos\graphhopper__graphhopper\web-api\src\main\java\com\graphhopper\jackson\ResponsePathDeserializerHelper.java,36
JDK:java.base,N/A,false,ClassOrInterfaceType,java.io.IOException,IOException,C:\Users\tyin363\Documents\repos\graphhopper__graphhopper\web-api\src\main\java\com\graphhopper\util\Helper.java,79
JDK:java.base,N/A,false,MethodCallExpr,java.util.List,get,C:\Users\tyin363\Documents\repos\graphhopper__graphhopper\web-api\src\main\java\com\graphhopper\GHResponse.java,155
JDK:java.base,N/A,false,ClassOrInterfaceType,java.util.Map,Map,C:\Users\tyin363\Documents\repos\graphhopper__graphhopper\web-api\src\main\java\com\graphhopper\jackson\CustomModelAreasDeserializer.java,42
JDK:java.base,N/A,false,ClassOrInterfaceType,java.lang.String,String,C:\Users\tyin363\Documents\repos\graphhopper__graphhopper\web-api\src\main\java\com\graphhopper\util\Parameters.java,85
CLIENT:client-code,N/A,false,MethodCallExpr,com.graphhopper.util.PointList,getLon,C:\Users\tyin363\Documents\repos\graphhopper__graphhopper\web-api\src\main\java\com\graphhopper\util\PointList.java,401
JDK:java.base,N/A,false,MethodCallExpr,java.util.stream.Stream,filter,C:\Users\tyin363\Documents\repos\graphhopper__graphhopper\web-api\src\main\java\com\graphhopper\util\Helper.java,68
JDK:java.base,N/A,false,ClassOrInterfaceType,java.lang.String,String,C:\Users\tyin363\Documents\repos\graphhopper__graphhopper\web-api\src\main\java\com\graphhopper\util\Instruction.java,86
CLIENT:client-code,N/A,false,ClassOrInterfaceType,com.graphhopper.jackson.GHPointSerializer,GHPointSerializer,C:\Users\tyin363\Documents\repos\graphhopper__graphhopper\web-api\src\main\java\com\graphhopper\jackson\GraphHopperModule.java,35
CLIENT:client-code,N/A,false,MethodCallExpr,com.graphhopper.ResponsePath,getNumChanges,C:\Users\tyin363\Documents\repos\graphhopper__graphhopper\web-api\src\main\java\com\graphhopper\jackson\ResponsePathSerializer.java,98
JDK:java.base,N/A,false,ClassOrInterfaceType,java.util.Map,Map,C:\Users\tyin363\Documents\repos\graphhopper__graphhopper\web-api\src\main\java\com\graphhopper\ResponsePath.java,268
JDK:java.base,N/A,false,MethodCallExpr,java.lang.String,charAt,C:\Users\tyin363\Documents\repos\graphhopper__graphhopper\web-api\src\main\java\com\graphhopper\util\Helper.java,431
CLIENT:client-code,N/A,false,FieldAccessExpr,com.graphhopper.util.TurnCostsConfig,uTurnCosts,C:\Users\tyin363\Documents\repos\graphhopper__graphhopper\web-api\src\main\java\com\graphhopper\util\TurnCostsConfig.java,53
JDK:java.base,N/A,false,MethodCallExpr,java.util.List,add,C:\Users\tyin363\Documents\repos\graphhopper__graphhopper\web-api\src\main\java\com\graphhopper\util\CustomModel.java,116
CLIENT:client-code,N/A,false,ClassOrInterfaceType,com.graphhopper.util.TurnCostsConfig,TurnCostsConfig,C:\Users\tyin363\Documents\repos\graphhopper__graphhopper\web-api\src\main\java\com\graphhopper\util\TurnCostsConfig.java,120
CLIENT:client-code,N/A,false,FieldAccessExpr,com.graphhopper.ResponsePath,pathDetails,C:\Users\tyin363\Documents\repos\graphhopper__graphhopper\web-api\src\main\java\com\graphhopper\ResponsePath.java,270
JDK:java.base,N/A,false,ClassOrInterfaceType,java.lang.String,String,C:\Users\tyin363\Documents\repos\graphhopper__graphhopper\web-api\src\main\java\com\graphhopper\util\ShallowImmutablePointList.java,59
JDK:java.base,N/A,false,ClassOrInterfaceType,java.lang.Object,Object,C:\Users\tyin363\Documents\repos\graphhopper__graphhopper\web-api\src\main\java\com\graphhopper\util\exceptions\ConnectionNotFoundException.java,31
JDK:java.base,N/A,false,ObjectCreationExpr,java.util.ArrayList,ArrayList,C:\Users\tyin363\Documents\repos\graphhopper__graphhopper\web-api\src\main\java\com\graphhopper\GHRequest.java,46
org.locationtech.jts:jts-core,1.20.0,true,MethodCallExpr,org.locationtech.jts.geom.GeometryFactory,createLineString,C:\Users\tyin363\Documents\repos\graphhopper__graphhopper\web-api\src\main\java\com\graphhopper\util\PointList.java,374
CLIENT:client-code,N/A,false,MethodCallExpr,com.graphhopper.util.PointList,add,C:\Users\tyin363\Documents\repos\graphhopper__graphhopper\web-api\src\main\java\com\graphhopper\jackson\ResponsePathDeserializerHelper.java,92
CLIENT:client-code,N/A,false,ClassOrInterfaceType,com.graphhopper.util.CustomModel,CustomModel,C:\Users\tyin363\Documents\repos\graphhopper__graphhopper\web-api\src\main\java\com\graphhopper\GHRequest.java,49
CLIENT:client-code,N/A,false,MethodCallExpr,com.graphhopper.ResponsePath,getDistance,C:\Users\tyin363\Documents\repos\graphhopper__graphhopper\web-api\src\main\java\com\graphhopper\jackson\ResponsePathSerializer.java,95
JDK:java.base,N/A,false,ClassOrInterfaceType,java.lang.String,String,C:\Users\tyin363\Documents\repos\graphhopper__graphhopper\web-api\src\main\java\com\graphhopper\util\Parameters.java,86
CLIENT:client-code,N/A,false,ClassOrInterfaceType,com.graphhopper.util.Translation,Translation,C:\Users\tyin363\Documents\repos\graphhopper__graphhopper\web-api\src\main\java\com\graphhopper\util\InstructionList.java,64
JDK:java.base,N/A,false,MethodCallExpr,java.lang.Math,abs,C:\Users\tyin363\Documents\repos\graphhopper__graphhopper\web-api\src\main\java\com\graphhopper\util\PointList.java,417
CLIENT:client-code,N/A,false,ObjectCreationExpr,com.graphhopper.util.PointList,PointList,C:\Users\tyin363\Documents\repos\graphhopper__graphhopper\web-api\src\main\java\com\graphhopper\util\FinishInstruction.java,25
JDK:java.base,N/A,false,ClassOrInterfaceType,java.lang.String,String,C:\Users\tyin363\Documents\repos\graphhopper__graphhopper\web-api\src\main\java\com\graphhopper\util\Helper.java,383
JDK:java.base,N/A,false,ClassOrInterfaceType,java.lang.String,String,C:\Users\tyin363\Documents\repos\graphhopper__graphhopper\web-api\src\main\java\com\graphhopper\GHResponse.java,79
JDK:java.base,N/A,false,ObjectCreationExpr,java.lang.RuntimeException,RuntimeException,C:\Users\tyin363\Documents\repos\graphhopper__graphhopper\web-api\src\main\java\com\graphhopper\util\PointList.java,71
JDK:java.base,N/A,false,ClassOrInterfaceType,java.util.List,List,C:\Users\tyin363\Documents\repos\graphhopper__graphhopper\web-api\src\main\java\com\graphhopper\ResponsePath.java,279
CLIENT:client-code,N/A,false,FieldAccessExpr,com.graphhopper.ResponsePath,pathDetails,C:\Users\tyin363\Documents\repos\graphhopper__graphhopper\web-api\src\main\java\com\graphhopper\ResponsePath.java,265
JDK:java.base,N/A,false,ClassOrInterfaceType,java.lang.Object,Object,C:\Users\tyin363\Documents\repos\graphhopper__graphhopper\web-api\src\main\java\com\graphhopper\util\JsonFeature.java,88
com.fasterxml.jackson.core:jackson-databind,2.19.2,false,ClassOrInterfaceType,com.fasterxml.jackson.databind.SerializerProvider,SerializerProvider,C:\Users\tyin363\Documents\repos\graphhopper__graphhopper\web-api\src\main\java\com\graphhopper\jackson\StatementSerializer.java,29
CLIENT:client-code,N/A,false,MethodCallExpr,com.graphhopper.util.CustomModel,getPriority,C:\Users\tyin363\Documents\repos\graphhopper__graphhopper\web-api\src\main\java\com\graphhopper\util\CustomModel.java,184
org.locationtech.jts:jts-core,1.20.0,true,MethodCallExpr,org.locationtech.jts.geom.Geometry,getCoordinates,C:\Users\tyin363\Documents\repos\graphhopper__graphhopper\web-api\src\main\java\com\graphhopper\util\JsonFeature.java,94
JDK:java.base,N/A,false,ClassOrInterfaceType,java.lang.String,String,C:\Users\tyin363\Documents\repos\graphhopper__graphhopper\web-api\src\main\java\com\graphhopper\util\PMap.java,111
CLIENT:client-code,N/A,false,ClassOrInterfaceType,com.graphhopper.util.exceptions.PointNotFoundException,PointNotFoundException,C:\Users\tyin363\Documents\repos\graphhopper__graphhopper\web-api\src\main\java\com\graphhopper\jackson\ResponsePathDeserializerHelper.java,274
com.fasterxml.jackson.core:jackson-databind,2.19.2,false,MethodCallExpr,com.fasterxml.jackson.databind.JsonNode,asText,C:\Users\tyin363\Documents\repos\graphhopper__graphhopper\web-api\src\main\java\com\graphhopper\jackson\PathDetailDeserializer.java,50
CLIENT:client-code,N/A,false,MethodCallExpr,com.graphhopper.util.PMap,toMap,C:\Users\tyin363\Documents\repos\graphhopper__graphhopper\web-api\src\main\java\com\graphhopper\jackson\ResponsePathSerializer.java,90
JDK:java.base,N/A,false,ClassOrInterfaceType,java.lang.String,String,C:\Users\tyin363\Documents\repos\graphhopper__graphhopper\web-api\src\main\java\com\graphhopper\util\PointList.java,80
JDK:java.base,N/A,false,MethodCallExpr,java.util.List,add,C:\Users\tyin363\Documents\repos\graphhopper__graphhopper\web-api\src\main\java\com\graphhopper\jackson\ResponsePathDeserializerHelper.java,266
JDK:java.base,N/A,false,MethodCallExpr,java.util.List,size,C:\Users\tyin363\Documents\repos\graphhopper__graphhopper\web-api\src\main\java\com\graphhopper\util\CustomModel.java,57
JDK:java.base,N/A,false,ClassOrInterfaceType,java.lang.Object,Object,C:\Users\tyin363\Documents\repos\graphhopper__graphhopper\web-api\src\main\java\com\graphhopper\GHRequest.java,185
CLIENT:client-code,N/A,false,ClassOrInterfaceType,com.graphhopper.ResponsePath,ResponsePath,C:\Users\tyin363\Documents\repos\graphhopper__graphhopper\web-api\src\main\java\com\graphhopper\ResponsePath.java,136
com.fasterxml.jackson.core:jackson-databind,2.19.2,false,MethodCallExpr,com.fasterxml.jackson.databind.JsonNode,get,C:\Users\tyin363\Documents\repos\graphhopper__graphhopper\web-api\src\main\java\com\graphhopper\jackson\ResponsePathDeserializerHelper.java,270
JDK:java.base,N/A,false,ClassOrInterfaceType,java.util.ArrayList,ArrayList,C:\Users\tyin363\Documents\repos\graphhopper__graphhopper\web-api\src\main\java\com\graphhopper\util\InstructionList.java,35
CLIENT:client-code,N/A,false,ClassOrInterfaceType,com.graphhopper.util.PointList,PointList,C:\Users\tyin363\Documents\repos\graphhopper__graphhopper\web-api\src\main\java\com\graphhopper\util\Instruction.java,61
JDK:java.base,N/A,false,MethodCallExpr,java.util.List,add,C:\Users\tyin363\Documents\repos\graphhopper__graphhopper\web-api\src\main\java\com\graphhopper\util\Helper.java,415
CLIENT:client-code,N/A,false,MethodCallExpr,com.graphhopper.util.Translation,tr,C:\Users\tyin363\Documents\repos\graphhopper__graphhopper\web-api\src\main\java\com\graphhopper\util\Instruction.java,196
JDK:java.base,N/A,false,ObjectCreationExpr,java.util.ArrayList,ArrayList,C:\Users\tyin363\Documents\repos\graphhopper__graphhopper\web-api\src\main\java\com\graphhopper\ResponsePath.java,49
JDK:java.base,N/A,false,MethodCallExpr,java.lang.StringBuilder,toString,C:\Users\tyin363\Documents\repos\graphhopper__graphhopper\web-api\src\main\java\com\graphhopper\util\PointList.java,347
JDK:java.base,N/A,false,ClassOrInterfaceType,java.lang.String,String,C:\Users\tyin363\Documents\repos\graphhopper__graphhopper\web-api\src\main\java\com\graphhopper\GHResponse.java,80
org.locationtech.jts:jts-core,1.20.0,true,ClassOrInterfaceType,org.locationtech.jts.geom.Geometry,Geometry,C:\Users\tyin363\Documents\repos\graphhopper__graphhopper\web-api\src\main\java\com\graphhopper\util\JsonFeature.java,64
JDK:java.base,N/A,false,ClassOrInterfaceType,java.lang.String,String,C:\Users\tyin363\Documents\repos\graphhopper__graphhopper\web-api\src\main\java\com\graphhopper\util\Parameters.java,83
JDK:java.base,N/A,false,MethodCallExpr,java.util.Map,put,C:\Users\tyin363\Documents\repos\graphhopper__graphhopper\web-api\src\main\java\com\graphhopper\jackson\InstructionListSerializer.java,41
CLIENT:client-code,N/A,false,MethodCallExpr,com.graphhopper.util.CustomModel,getPriority,C:\Users\tyin363\Documents\repos\graphhopper__graphhopper\web-api\src\main\java\com\graphhopper\util\CustomModel.java,51
CLIENT:client-code,N/A,false,ClassOrInterfaceType,com.graphhopper.json.Statement.Keyword,Keyword,C:\Users\tyin363\Documents\repos\graphhopper__graphhopper\web-api\src\main\java\com\graphhopper\json\Statement.java,26
CLIENT:client-code,N/A,false,FieldAccessExpr,com.graphhopper.util.Instruction,sign,C:\Users\tyin363\Documents\repos\graphhopper__graphhopper\web-api\src\main\java\com\graphhopper\util\Instruction.java,83
com.fasterxml.jackson.core:jackson-databind,2.19.2,false,MethodCallExpr,com.fasterxml.jackson.databind.JsonNode,asText,C:\Users\tyin363\Documents\repos\graphhopper__graphhopper\web-api\src\main\java\com\graphhopper\jackson\StatementDeserializer.java,93
JDK:java.base,N/A,false,ClassOrInterfaceType,java.lang.StringBuilder,StringBuilder,C:\Users\tyin363\Documents\repos\graphhopper__graphhopper\web-api\src\main\java\com\graphhopper\util\Instruction.java,144
JDK:java.base,N/A,false,ClassOrInterfaceType,java.lang.String,String,C:\Users\tyin363\Documents\repos\graphhopper__graphhopper\web-api\src\main\java\com\graphhopper\util\Parameters.java,84
JDK:java.base,N/A,false,ClassOrInterfaceType,java.util.Iterator,Iterator,C:\Users\tyin363\Documents\repos\graphhopper__graphhopper\web-api\src\main\java\com\graphhopper\jackson\CustomModelAreasDeserializer.java,32
com.fasterxml.jackson.core:jackson-databind,2.19.2,false,MethodCallExpr,com.fasterxml.jackson.databind.JsonNode,has,C:\Users\tyin363\Documents\repos\graphhopper__graphhopper\web-api\src\main\java\com\graphhopper\jackson\ResponsePathDeserializerHelper.java,73
JDK:java.base,N/A,false,MethodCallExpr,java.lang.Double,compare,C:\Users\tyin363\Documents\repos\graphhopper__graphhopper\web-api\src\main\java\com\graphhopper\util\NumHelper.java,39
CLIENT:client-code,N/A,false,ClassOrInterfaceType,com.graphhopper.ResponsePath,ResponsePath,C:\Users\tyin363\Documents\repos\graphhopper__graphhopper\web-api\src\main\java\com\graphhopper\GHResponse.java,48
CLIENT:client-code,N/A,false,ClassOrInterfaceType,com.graphhopper.util.PointList,PointList,C:\Users\tyin363\Documents\repos\graphhopper__graphhopper\web-api\src\main\java\com\graphhopper\util\PointList.java,452
CLIENT:client-code,N/A,false,ObjectCreationExpr,com.graphhopper.util.shapes.GHPoint,GHPoint,C:\Users\tyin363\Documents\repos\graphhopper__graphhopper\web-api\src\main\java\com\graphhopper\GHRequest.java,63
JDK:java.base,N/A,false,ClassOrInterfaceType,java.util.List,List,C:\Users\tyin363\Documents\repos\graphhopper__graphhopper\web-api\src\main\java\com\graphhopper\GHResponse.java,58
JDK:java.base,N/A,false,MethodCallExpr,java.util.stream.Stream,map,C:\Users\tyin363\Documents\repos\graphhopper__graphhopper\web-api\src\main\java\com\graphhopper\json\Statement.java,66
JDK:java.base,N/A,false,ObjectCreationExpr,java.lang.IllegalArgumentException,IllegalArgumentException,C:\Users\tyin363\Documents\repos\graphhopper__graphhopper\web-api\src\main\java\com\graphhopper\jackson\StatementDeserializer.java,98
JDK:java.base,N/A,false,ClassOrInterfaceType,java.lang.String,String,C:\Users\tyin363\Documents\repos\graphhopper__graphhopper\web-api\src\main\java\com\graphhopper\jackson\ResponsePathSerializer.java,84
JDK:java.base,N/A,false,MethodCallExpr,java.lang.String,trim,C:\Users\tyin363\Documents\repos\graphhopper__graphhopper\web-api\src\main\java\com\graphhopper\util\Helper.java,413
JDK:java.base,N/A,false,ClassOrInterfaceType,java.lang.String,String,C:\Users\tyin363\Documents\repos\graphhopper__graphhopper\web-api\src\main\java\com\graphhopper\json\Statement.java,49
CLIENT:client-code,N/A,false,FieldAccessExpr,com.graphhopper.Trip.WalkLeg,departureTime,C:\Users\tyin363\Documents\repos\graphhopper__graphhopper\web-api\src\main\java\com\graphhopper\Trip.java,84
JDK:java.base,N/A,false,MethodCallExpr,java.util.List,add,C:\Users\tyin363\Documents\repos\graphhopper__graphhopper\web-api\src\main\java\com\graphhopper\jackson\ResponsePathDeserializerHelper.java,268
com.fasterxml.jackson.core:jackson-core,2.19.2,false,MethodCallExpr,com.fasterxml.jackson.core.ObjectCodec,treeToValue,C:\Users\tyin363\Documents\repos\graphhopper__graphhopper\web-api\src\main\java\com\graphhopper\jackson\CustomModelAreasDeserializer.java,35
JDK:java.base,N/A,false,ObjectCreationExpr,java.util.ArrayList,ArrayList,C:\Users\tyin363\Documents\repos\graphhopper__graphhopper\web-api\src\main\java\com\graphhopper\ResponsePath.java,48
JDK:java.base,N/A,false,ClassOrInterfaceType,java.util.HashMap,HashMap,C:\Users\tyin363\Documents\repos\graphhopper__graphhopper\web-api\src\main\java\com\graphhopper\ResponsePath.java,50
JDK:java.base,N/A,false,ClassOrInterfaceType,java.io.IOException,IOException,C:\Users\tyin363\Documents\repos\graphhopper__graphhopper\web-api\src\main\java\com\graphhopper\util\Helper.java,83
CLIENT:client-code,N/A,false,FieldAccessExpr,com.graphhopper.util.shapes.GHPoint,lat,C:\Users\tyin363\Documents\repos\graphhopper__graphhopper\web-api\src\main\java\com\graphhopper\util\PointList.java,229
JDK:java.base,N/A,false,MethodCallExpr,java.util.List,isEmpty,C:\Users\tyin363\Documents\repos\graphhopper__graphhopper\web-api\src\main\java\com\graphhopper\GHResponse.java,95
JDK:java.base,N/A,false,ObjectCreationExpr,java.lang.StringBuilder,StringBuilder,C:\Users\tyin363\Documents\repos\graphhopper__graphhopper\web-api\src\main\java\com\graphhopper\util\Helper.java,387
JDK:java.base,N/A,false,ClassOrInterfaceType,java.lang.String,String,C:\Users\tyin363\Documents\repos\graphhopper__graphhopper\web-api\src\main\java\com\graphhopper\util\Parameters.java,213
CLIENT:client-code,N/A,false,MethodCallExpr,com.graphhopper.util.Translation,tr,C:\Users\tyin363\Documents\repos\graphhopper__graphhopper\web-api\src\main\java\com\graphhopper\util\Instruction.java,193
com.fasterxml.jackson.core:jackson-databind,2.19.2,false,MethodCallExpr,com.fasterxml.jackson.databind.module.SimpleModule,addSerializer,C:\Users\tyin363\Documents\repos\graphhopper__graphhopper\web-api\src\main\java\com\graphhopper\jackson\GraphHopperModule.java,31
CLIENT:client-code,N/A,false,ObjectCreationExpr,com.graphhopper.ResponsePath,ResponsePath,C:\Users\tyin363\Documents\repos\graphhopper__graphhopper\web-api\src\main\java\com\graphhopper\jackson\ResponsePathDeserializerHelper.java,34
com.fasterxml.jackson.core:jackson-databind,2.19.2,false,MethodCallExpr,com.fasterxml.jackson.databind.JsonNode,asDouble,C:\Users\tyin363\Documents\repos\graphhopper__graphhopper\web-api\src\main\java\com\graphhopper\jackson\ResponsePathDeserializerHelper.java,110
CLIENT:client-code,N/A,false,FieldAccessExpr,com.graphhopper.util.Instruction,points,C:\Users\tyin363\Documents\repos\graphhopper__graphhopper\web-api\src\main\java\com\graphhopper\util\Instruction.java,64
CLIENT:client-code,N/A,false,FieldAccessExpr,com.graphhopper.util.JsonFeature,type,C:\Users\tyin363\Documents\repos\graphhopper__graphhopper\web-api\src\main\java\com\graphhopper\util\JsonFeature.java,46
JDK:java.base,N/A,false,MethodCallExpr,java.util.Map,put,C:\Users\tyin363\Documents\repos\graphhopper__graphhopper\web-api\src\main\java\com\graphhopper\util\RoundaboutInstruction.java,100
JDK:java.base,N/A,false,ClassOrInterfaceType,java.lang.String,String,C:\Users\tyin363\Documents\repos\graphhopper__graphhopper\web-api\src\main\java\com\graphhopper\GHRequest.java,204
JDK:java.base,N/A,false,ClassOrInterfaceType,java.nio.ByteBuffer,ByteBuffer,C:\Users\tyin363\Documents\repos\graphhopper__graphhopper\web-api\src\main\java\com\graphhopper\util\Helper.java,184
JDK:java.base,N/A,false,MethodCallExpr,java.util.Map,get,C:\Users\tyin363\Documents\repos\graphhopper__graphhopper\web-api\src\main\java\com\graphhopper\util\Instruction.java,95
JDK:java.base,N/A,false,ObjectCreationExpr,java.lang.ArrayIndexOutOfBoundsException,ArrayIndexOutOfBoundsException,C:\Users\tyin363\Documents\repos\graphhopper__graphhopper\web-api\src\main\java\com\graphhopper\util\PointList.java,176
org.locationtech.jts:jts-core,1.20.0,true,ClassOrInterfaceType,org.locationtech.jts.geom.LineString,LineString,C:\Users\tyin363\Documents\repos\graphhopper__graphhopper\web-api\src\main\java\com\graphhopper\util\PointList.java,350
CLIENT:client-code,N/A,false,MethodCallExpr,com.graphhopper.util.Instruction,getDistance,C:\Users\tyin363\Documents\repos\graphhopper__graphhopper\web-api\src\main\java\com\graphhopper\jackson\InstructionListSerializer.java,45
JDK:java.base,N/A,false,FieldAccessExpr,java.util.Locale,ROOT,C:\Users\tyin363\Documents\repos\graphhopper__graphhopper\web-api\src\main\java\com\graphhopper\GHResponse.java,153
JDK:java.base,N/A,false,ClassOrInterfaceType,java.lang.String,String,C:\Users\tyin363\Documents\repos\graphhopper__graphhopper\web-api\src\main\java\com\graphhopper\Trip.java,35
JDK:java.base,N/A,false,ClassOrInterfaceType,java.lang.String,String,C:\Users\tyin363\Documents\repos\graphhopper__graphhopper\web-api\src\main\java\com\graphhopper\util\Parameters.java,214
CLIENT:client-code,N/A,false,MethodCallExpr,com.graphhopper.util.PointList,add,C:\Users\tyin363\Documents\repos\graphhopper__graphhopper\web-api\src\main\java\com\graphhopper\util\PointList.java,202
JDK:java.base,N/A,false,ClassOrInterfaceType,java.lang.Object,Object,C:\Users\tyin363\Documents\repos\graphhopper__graphhopper\web-api\src\main\java\com\graphhopper\util\exceptions\DetailedIllegalArgumentException.java,31
com.graphhopper.external:jackson-datatype-jts,2.19.2,false,ObjectCreationExpr,com.bedatadriven.jackson.datatype.jts.JtsModule,JtsModule,C:\Users\tyin363\Documents\repos\graphhopper__graphhopper\web-api\src\main\java\com\graphhopper\jackson\Jackson.java,33
JDK:java.base,N/A,false,ClassOrInterfaceType,java.io.File,File,C:\Users\tyin363\Documents\repos\graphhopper__graphhopper\web-api\src\main\java\com\graphhopper\util\Helper.java,133
CLIENT:client-code,N/A,false,MethodCallExpr,com.graphhopper.util.Translation,tr,C:\Users\tyin363\Documents\repos\graphhopper__graphhopper\web-api\src\main\java\com\graphhopper\util\Instruction.java,199
com.fasterxml.jackson.core:jackson-core,2.19.2,false,MethodCallExpr,com.fasterxml.jackson.core.JsonGenerator,writeStartArray,C:\Users\tyin363\Documents\repos\graphhopper__graphhopper\web-api\src\main\java\com\graphhopper\jackson\JtsEnvelopeSerializer.java,32
CLIENT:client-code,N/A,false,ClassOrInterfaceType,com.graphhopper.util.CustomModel,CustomModel,C:\Users\tyin363\Documents\repos\graphhopper__graphhopper\web-api\src\main\java\com\graphhopper\util\CustomModel.java,124
com.fasterxml.jackson.core:jackson-databind,2.19.2,false,MethodCallExpr,com.fasterxml.jackson.databind.JsonNode,asInt,C:\Users\tyin363\Documents\repos\graphhopper__graphhopper\web-api\src\main\java\com\graphhopper\jackson\PathDetailDeserializer.java,58
JDK:java.base,N/A,false,MethodCallExpr,java.util.stream.Stream,filter,C:\Users\tyin363\Documents\repos\graphhopper__graphhopper\web-api\src\main\java\com\graphhopper\util\Helper.java,74
JDK:java.base,N/A,false,ClassOrInterfaceType,java.util.Date,Date,C:\Users\tyin363\Documents\repos\graphhopper__graphhopper\web-api\src\main\java\com\graphhopper\jackson\Gpx.java,57
JDK:java.base,N/A,false,ClassOrInterfaceType,java.math.BigDecimal,BigDecimal,C:\Users\tyin363\Documents\repos\graphhopper__graphhopper\web-api\src\main\java\com\graphhopper\ResponsePath.java,51
JDK:java.base,N/A,false,MethodCallExpr,java.util.List,add,C:\Users\tyin363\Documents\repos\graphhopper__graphhopper\web-api\src\main\java\com\graphhopper\jackson\ResponsePathDeserializerHelper.java,262
JDK:java.base,N/A,false,ClassOrInterfaceType,java.lang.String,String,C:\Users\tyin363\Documents\repos\graphhopper__graphhopper\web-api\src\main\java\com\graphhopper\util\PMap.java,116
com.fasterxml.jackson.core:jackson-core,2.19.2,false,MethodCallExpr,com.fasterxml.jackson.core.JsonParser,readValueAs,C:\Users\tyin363\Documents\repos\graphhopper__graphhopper\web-api\src\main\java\com\graphhopper\jackson\JtsEnvelopeDeserializer.java,30
CLIENT:client-code,N/A,false,MethodCallExpr,com.graphhopper.util.PointList,incCap,C:\Users\tyin363\Documents\repos\graphhopper__graphhopper\web-api\src\main\java\com\graphhopper\util\PointList.java,208
CLIENT:client-code,N/A,false,ObjectCreationExpr,com.graphhopper.util.shapes.GHPoint,GHPoint,C:\Users\tyin363\Documents\repos\graphhopper__graphhopper\web-api\src\main\java\com\graphhopper\util\shapes\GHPoint.java,67
JDK:java.base,N/A,false,MethodCallExpr,java.util.List,add,C:\Users\tyin363\Documents\repos\graphhopper__graphhopper\web-api\src\main\java\com\graphhopper\util\InstructionList.java,56
JDK:java.base,N/A,false,MethodCallExpr,java.lang.String,charAt,C:\Users\tyin363\Documents\repos\graphhopper__graphhopper\web-api\src\main\java\com\graphhopper\util\Helper.java,292
com.fasterxml.jackson.core:jackson-core,2.19.2,false,MethodCallExpr,com.fasterxml.jackson.core.JsonGenerator,writeObject,C:\Users\tyin363\Documents\repos\graphhopper__graphhopper\web-api\src\main\java\com\graphhopper\jackson\PathDetailSerializer.java,49
CLIENT:client-code,N/A,false,ClassOrInterfaceType,com.graphhopper.util.exceptions.DetailedIllegalArgumentException,DetailedIllegalArgumentException,C:\Users\tyin363\Documents\repos\graphhopper__graphhopper\web-api\src\main\java\com\graphhopper\util\exceptions\ConnectionNotFoundException.java,27
JDK:java.base,N/A,false,MethodCallExpr,java.util.Collections,emptyList,C:\Users\tyin363\Documents\repos\graphhopper__graphhopper\web-api\src\main\java\com\graphhopper\util\Helper.java,409
JDK:java.base,N/A,false,ClassOrInterfaceType,java.util.Map,Map,C:\Users\tyin363\Documents\repos\graphhopper__graphhopper\web-api\src\main\java\com\graphhopper\jackson\CustomModelAreasDeserializer.java,32
CLIENT:client-code,N/A,false,FieldAccessExpr,com.graphhopper.ResponsePath,impossible,C:\Users\tyin363\Documents\repos\graphhopper__graphhopper\web-api\src\main\java\com\graphhopper\ResponsePath.java,336
JDK:java.base,N/A,false,ClassOrInterfaceType,java.lang.String,String,C:\Users\tyin363\Documents\repos\graphhopper__graphhopper\web-api\src\main\java\com\graphhopper\util\Parameters.java,95
CLIENT:client-code,N/A,false,ClassOrInterfaceType,com.graphhopper.GHRequest,GHRequest,C:\Users\tyin363\Documents\repos\graphhopper__graphhopper\web-api\src\main\java\com\graphhopper\GHRequest.java,114
JDK:java.base,N/A,false,MethodCallExpr,java.lang.Object,toString,C:\Users\tyin363\Documents\repos\graphhopper__graphhopper\web-api\src\main\java\com\graphhopper\GHResponse.java,139
com.fasterxml.jackson.core:jackson-core,2.19.2,false,MethodCallExpr,com.fasterxml.jackson.core.ObjectCodec,treeToValue,C:\Users\tyin363\Documents\repos\graphhopper__graphhopper\web-api\src\main\java\com\graphhopper\jackson\CustomModelAreasDeserializer.java,26
JDK:java.base,N/A,false,MethodCallExpr,java.util.Map,size,C:\Users\tyin363\Documents\repos\graphhopper__graphhopper\web-api\src\main\java\com\graphhopper\jackson\CustomModelAreasDeserializer.java,43
JDK:java.base,N/A,false,ObjectCreationExpr,java.lang.UnsupportedOperationException,UnsupportedOperationException,C:\Users\tyin363\Documents\repos\graphhopper__graphhopper\web-api\src\main\java\com\graphhopper\util\PointList.java,91
CLIENT:client-code,N/A,false,ClassOrInterfaceType,com.graphhopper.util.PointList,PointList,C:\Users\tyin363\Documents\repos\graphhopper__graphhopper\web-api\src\main\java\com\graphhopper\util\PointList.java,43
com.fasterxml.jackson.core:jackson-databind,2.19.2,false,MethodCallExpr,com.fasterxml.jackson.databind.JsonNode,asInt,C:\Users\tyin363\Documents\repos\graphhopper__graphhopper\web-api\src\main\java\com\graphhopper\jackson\PathDetailDeserializer.java,59
com.fasterxml.jackson.core:jackson-core,2.19.2,false,ClassOrInterfaceType,com.fasterxml.jackson.core.JsonGenerator,JsonGenerator,C:\Users\tyin363\Documents\repos\graphhopper__graphhopper\web-api\src\main\java\com\graphhopper\jackson\StatementSerializer.java,29
CLIENT:client-code,N/A,false,MethodCallExpr,com.graphhopper.ResponsePath,setInstructions,C:\Users\tyin363\Documents\repos\graphhopper__graphhopper\web-api\src\main\java\com\graphhopper\jackson\ResponsePathDeserializerHelper.java,142
JDK:java.base,N/A,false,ClassOrInterfaceType,java.lang.UnsupportedOperationException,UnsupportedOperationException,C:\Users\tyin363\Documents\repos\graphhopper__graphhopper\web-api\src\main\java\com\graphhopper\util\PointList.java,121
CLIENT:client-code,N/A,false,MethodCallExpr,com.graphhopper.ResponsePath,check,C:\Users\tyin363\Documents\repos\graphhopper__graphhopper\web-api\src\main\java\com\graphhopper\ResponsePath.java,132
JDK:java.base,N/A,false,ObjectCreationExpr,java.util.ArrayList,ArrayList,C:\Users\tyin363\Documents\repos\graphhopper__graphhopper\web-api\src\main\java\com\graphhopper\ResponsePath.java,45
CLIENT:client-code,N/A,false,FieldAccessExpr,com.graphhopper.util.TurnCostsConfig,sharpRightTurnCosts,C:\Users\tyin363\Documents\repos\graphhopper__graphhopper\web-api\src\main\java\com\graphhopper\util\TurnCostsConfig.java,141
JDK:java.base,N/A,false,ClassOrInterfaceType,java.util.List,List,C:\Users\tyin363\Documents\repos\graphhopper__graphhopper\web-api\src\main\java\com\graphhopper\util\TurnCostsConfig.java,87
CLIENT:client-code,N/A,false,MethodCallExpr,com.graphhopper.util.Translation,tr,C:\Users\tyin363\Documents\repos\graphhopper__graphhopper\web-api\src\main\java\com\graphhopper\util\FinishInstruction.java,60
com.fasterxml.jackson.core:jackson-core,2.19.2,false,ClassOrInterfaceType,com.fasterxml.jackson.core.JsonGenerator,JsonGenerator,C:\Users\tyin363\Documents\repos\graphhopper__graphhopper\web-api\src\main\java\com\graphhopper\jackson\PathDetailSerializer.java,32
CLIENT:client-code,N/A,false,FieldAccessExpr,com.graphhopper.util.shapes.GHPoint3D,ele,C:\Users\tyin363\Documents\repos\graphhopper__graphhopper\web-api\src\main\java\com\graphhopper\util\shapes\GHPoint3D.java,30
CLIENT:client-code,N/A,false,FieldAccessExpr,com.graphhopper.Trip.Stop,predictedDepartureTime,C:\Users\tyin363\Documents\repos\graphhopper__graphhopper\web-api\src\main\java\com\graphhopper\Trip.java,61
JDK:java.base,N/A,false,ClassOrInterfaceType,java.lang.String,String,C:\Users\tyin363\Documents\repos\graphhopper__graphhopper\web-api\src\main\java\com\graphhopper\util\Parameters.java,96
JDK:java.base,N/A,false,ClassOrInterfaceType,java.lang.IllegalArgumentException,IllegalArgumentException,C:\Users\tyin363\Documents\repos\graphhopper__graphhopper\web-api\src\main\java\com\graphhopper\util\exceptions\DetailedIllegalArgumentException.java,25
JDK:java.base,N/A,false,MethodCallExpr,java.lang.String,split,C:\Users\tyin363\Documents\repos\graphhopper__graphhopper\web-api\src\main\java\com\graphhopper\util\PointList.java,503
JDK:java.base,N/A,false,ClassOrInterfaceType,java.lang.Object,Object,C:\Users\tyin363\Documents\repos\graphhopper__graphhopper\web-api\src\main\java\com\graphhopper\util\exceptions\DetailedIllegalArgumentException.java,29
CLIENT:client-code,N/A,false,MethodCallExpr,com.graphhopper.util.ShallowImmutablePointList,size,C:\Users\tyin363\Documents\repos\graphhopper__graphhopper\web-api\src\main\java\com\graphhopper\util\ShallowImmutablePointList.java,72
JDK:java.base,N/A,false,ObjectCreationExpr,java.lang.IllegalStateException,IllegalStateException,C:\Users\tyin363\Documents\repos\graphhopper__graphhopper\web-api\src\main\java\com\graphhopper\ResponsePath.java,266
JDK:java.base,N/A,false,ObjectCreationExpr,java.util.Locale,Locale,C:\Users\tyin363\Documents\repos\graphhopper__graphhopper\web-api\src\main\java\com\graphhopper\util\Helper.java,54
CLIENT:client-code,N/A,false,MethodCallExpr,com.graphhopper.util.PointList,getLat,C:\Users\tyin363\Documents\repos\graphhopper__graphhopper\web-api\src\main\java\com\graphhopper\util\PointList.java,398
CLIENT:client-code,N/A,false,MethodCallExpr,com.graphhopper.util.PointList,size,C:\Users\tyin363\Documents\repos\graphhopper__graphhopper\web-api\src\main\java\com\graphhopper\util\PointList.java,486
JDK:java.base,N/A,false,MethodCallExpr,java.lang.String,isEmpty,C:\Users\tyin363\Documents\repos\graphhopper__graphhopper\web-api\src\main\java\com\graphhopper\util\PMap.java,147
CLIENT:client-code,N/A,false,ClassOrInterfaceType,com.graphhopper.jackson.InstructionListSerializer,InstructionListSerializer,C:\Users\tyin363\Documents\repos\graphhopper__graphhopper\web-api\src\main\java\com\graphhopper\jackson\GraphHopperModule.java,38
JDK:java.base,N/A,false,MethodCallExpr,java.util.Iterator,hasNext,C:\Users\tyin363\Documents\repos\graphhopper__graphhopper\web-api\src\main\java\com\graphhopper\jackson\CustomModelAreasDeserializer.java,33
com.fasterxml.jackson.core:jackson-databind,2.19.2,false,MethodCallExpr,com.fasterxml.jackson.databind.JsonNode,has,C:\Users\tyin363\Documents\repos\graphhopper__graphhopper\web-api\src\main\java\com\graphhopper\jackson\ResponsePathDeserializerHelper.java,77
CLIENT:client-code,N/A,false,ClassOrInterfaceType,com.graphhopper.util.PointList,PointList,C:\Users\tyin363\Documents\repos\graphhopper__graphhopper\web-api\src\main\java\com\graphhopper\util\RoundaboutInstruction.java,33
JDK:java.base,N/A,false,MethodCallExpr,java.util.List,size,C:\Users\tyin363\Documents\repos\graphhopper__graphhopper\web-api\src\main\java\com\graphhopper\Trip.java,134
CLIENT:client-code,N/A,false,ClassOrInterfaceType,com.graphhopper.util.details.PathDetail,PathDetail,C:\Users\tyin363\Documents\repos\graphhopper__graphhopper\web-api\src\main\java\com\graphhopper\jackson\PathDetailDeserializer.java,54
JDK:java.base,N/A,false,MethodCallExpr,java.util.Collection,stream,C:\Users\tyin363\Documents\repos\graphhopper__graphhopper\web-api\src\main\java\com\graphhopper\json\Statement.java,66
JDK:java.base,N/A,false,ObjectCreationExpr,java.lang.IllegalArgumentException,IllegalArgumentException,C:\Users\tyin363\Documents\repos\graphhopper__graphhopper\web-api\src\main\java\com\graphhopper\jackson\GHPointDeserializer.java,35
org.locationtech.jts:jts-core,1.20.0,true,MethodCallExpr,org.locationtech.jts.geom.Envelope,getMaxY,C:\Users\tyin363\Documents\repos\graphhopper__graphhopper\web-api\src\main\java\com\graphhopper\jackson\JtsEnvelopeSerializer.java,36
JDK:java.base,N/A,false,ClassOrInterfaceType,java.lang.String,String,C:\Users\tyin363\Documents\repos\graphhopper__graphhopper\web-api\src\main\java\com\graphhopper\util\Instruction.java,94
com.fasterxml.jackson.core:jackson-databind,2.19.2,false,ClassOrInterfaceType,com.fasterxml.jackson.databind.JsonNode,JsonNode,C:\Users\tyin363\Documents\repos\graphhopper__graphhopper\web-api\src\main\java\com\graphhopper\jackson\ResponsePathDeserializerHelper.java,82
JDK:java.base,N/A,false,MethodCallExpr,java.util.List,add,C:\Users\tyin363\Documents\repos\graphhopper__graphhopper\web-api\src\main\java\com\graphhopper\jackson\ResponsePathDeserializerHelper.java,264
CLIENT:client-code,N/A,false,FieldAccessExpr,com.graphhopper.json.Statement.Op,name,C:\Users\tyin363\Documents\repos\graphhopper__graphhopper\web-api\src\main\java\com\graphhopper\json\Statement.java,100
CLIENT:client-code,N/A,false,FieldAccessExpr,com.graphhopper.util.PMap,map,C:\Users\tyin363\Documents\repos\graphhopper__graphhopper\web-api\src\main\java\com\graphhopper\util\PMap.java,40
JDK:java.base,N/A,false,ClassOrInterfaceType,java.util.Set,Set,C:\Users\tyin363\Documents\repos\graphhopper__graphhopper\web-api\src\main\java\com\graphhopper\util\TurnCostsConfig.java,27
JDK:java.base,N/A,false,ClassOrInterfaceType,java.util.Map,Map,C:\Users\tyin363\Documents\repos\graphhopper__graphhopper\web-api\src\main\java\com\graphhopper\jackson\CustomModelAreasDeserializer.java,34
CLIENT:client-code,N/A,false,ClassOrInterfaceType,com.graphhopper.jackson.CustomModelAreasDeserializer,CustomModelAreasDeserializer,C:\Users\tyin363\Documents\repos\graphhopper__graphhopper\web-api\src\main\java\com\graphhopper\util\CustomModel.java,129
CLIENT:client-code,N/A,false,MethodCallExpr,com.graphhopper.util.ShallowImmutablePointList,size,C:\Users\tyin363\Documents\repos\graphhopper__graphhopper\web-api\src\main\java\com\graphhopper\util\ShallowImmutablePointList.java,73
CLIENT:client-code,N/A,false,MethodCallExpr,com.graphhopper.jackson.ResponsePathDeserializerHelper,decodePolyline,C:\Users\tyin363\Documents\repos\graphhopper__graphhopper\web-api\src\main\java\com\graphhopper\jackson\ResponsePathDeserializerHelper.java,181
CLIENT:client-code,N/A,false,FieldAccessExpr,com.graphhopper.ResponsePath,routeWeight,C:\Users\tyin363\Documents\repos\graphhopper__graphhopper\web-api\src\main\java\com\graphhopper\ResponsePath.java,218
JDK:java.base,N/A,false,MethodCallExpr,java.lang.Math,max,C:\Users\tyin363\Documents\repos\graphhopper__graphhopper\web-api\src\main\java\com\graphhopper\util\Helper.java,299
CLIENT:client-code,N/A,false,FieldAccessExpr,com.graphhopper.util.ShallowImmutablePointList,wrappedPointList,C:\Users\tyin363\Documents\repos\graphhopper__graphhopper\web-api\src\main\java\com\graphhopper\util\ShallowImmutablePointList.java,42
CLIENT:client-code,N/A,false,MethodCallExpr,com.graphhopper.util.PointList,add,C:\Users\tyin363\Documents\repos\graphhopper__graphhopper\web-api\src\main\java\com\graphhopper\jackson\ResponsePathDeserializerHelper.java,232
com.fasterxml.jackson.core:jackson-databind,2.19.2,false,MethodCallExpr,com.fasterxml.jackson.databind.JsonNode,asText,C:\Users\tyin363\Documents\repos\graphhopper__graphhopper\web-api\src\main\java\com\graphhopper\jackson\StatementDeserializer.java,78
com.fasterxml.jackson.core:jackson-core,2.19.2,false,MethodCallExpr,com.fasterxml.jackson.core.JsonParser,getCodec,C:\Users\tyin363\Documents\repos\graphhopper__graphhopper\web-api\src\main\java\com\graphhopper\jackson\PathDetailDeserializer.java,52
JDK:java.base,N/A,false,MethodCallExpr,java.util.HashMap,put,C:\Users\tyin363\Documents\repos\graphhopper__graphhopper\web-api\src\main\java\com\graphhopper\util\PMap.java,142
JDK:java.base,N/A,false,MethodCallExpr,java.io.BufferedReader,readLine,C:\Users\tyin363\Documents\repos\graphhopper__graphhopper\web-api\src\main\java\com\graphhopper\util\Helper.java,88
JDK:java.base,N/A,false,MethodCallExpr,java.lang.Object,toString,C:\Users\tyin363\Documents\repos\graphhopper__graphhopper\web-api\src\main\java\com\graphhopper\jackson\MultiException.java,29
com.fasterxml.jackson.core:jackson-databind,2.19.2,false,MethodCallExpr,com.fasterxml.jackson.databind.JsonNode,asInt,C:\Users\tyin363\Documents\repos\graphhopper__graphhopper\web-api\src\main\java\com\graphhopper\jackson\ResponsePathDeserializerHelper.java,100
JDK:java.base,N/A,false,MethodCallExpr,java.lang.String,substring,C:\Users\tyin363\Documents\repos\graphhopper__graphhopper\web-api\src\main\java\com\graphhopper\util\Helper.java,56
JDK:java.base,N/A,false,ClassOrInterfaceType,java.lang.String,String,C:\Users\tyin363\Documents\repos\graphhopper__graphhopper\web-api\src\main\java\com\graphhopper\util\Instruction.java,95
com.fasterxml.jackson.core:jackson-core,2.19.2,false,ObjectCreationExpr,com.fasterxml.jackson.core.JsonParseException,JsonParseException,C:\Users\tyin363\Documents\repos\graphhopper__graphhopper\web-api\src\main\java\com\graphhopper\jackson\PathDetailDeserializer.java,36
JDK:java.base,N/A,false,ClassOrInterfaceType,java.lang.String,String,C:\Users\tyin363\Documents\repos\graphhopper__graphhopper\web-api\src\main\java\com\graphhopper\GHRequest.java,199
JDK:java.base,N/A,false,ClassOrInterfaceType,java.lang.String,String,C:\Users\tyin363\Documents\repos\graphhopper__graphhopper\web-api\src\main\java\com\graphhopper\util\Helper.java,367
JDK:java.base,N/A,false,ClassOrInterfaceType,java.lang.StringBuilder,StringBuilder,C:\Users\tyin363\Documents\repos\graphhopper__graphhopper\web-api\src\main\java\com\graphhopper\jackson\ResponsePathSerializer.java,49
JDK:java.base,N/A,false,ClassOrInterfaceType,java.lang.String,String,C:\Users\tyin363\Documents\repos\graphhopper__graphhopper\web-api\src\main\java\com\graphhopper\util\Parameters.java,94
JDK:java.base,N/A,false,ObjectCreationExpr,java.util.Locale,Locale,C:\Users\tyin363\Documents\repos\graphhopper__graphhopper\web-api\src\main\java\com\graphhopper\util\Helper.java,56
CLIENT:client-code,N/A,false,ClassOrInterfaceType,com.graphhopper.util.shapes.GHPoint3D,GHPoint3D,C:\Users\tyin363\Documents\repos\graphhopper__graphhopper\web-api\src\main\java\com\graphhopper\util\PointList.java,528
CLIENT:client-code,N/A,false,ClassOrInterfaceType,com.graphhopper.util.details.PathDetail,PathDetail,C:\Users\tyin363\Documents\repos\graphhopper__graphhopper\web-api\src\main\java\com\graphhopper\jackson\PathDetailDeserializer.java,52
CLIENT:client-code,N/A,false,MethodCallExpr,com.graphhopper.util.Helper,round,C:\Users\tyin363\Documents\repos\graphhopper__graphhopper\web-api\src\main\java\com\graphhopper\jackson\ResponsePathSerializer.java,95
CLIENT:client-code,N/A,false,ObjectCreationExpr,com.graphhopper.util.PointList,PointList,C:\Users\tyin363\Documents\repos\graphhopper__graphhopper\web-api\src\main\java\com\graphhopper\util\PointList.java,545
JDK:java.base,N/A,false,ClassOrInterfaceType,java.io.BufferedInputStream,BufferedInputStream,C:\Users\tyin363\Documents\repos\graphhopper__graphhopper\web-api\src\main\java\com\graphhopper\util\Helper.java,100
CLIENT:client-code,N/A,false,MethodCallExpr,com.graphhopper.util.PointList,is3D,C:\Users\tyin363\Documents\repos\graphhopper__graphhopper\web-api\src\main\java\com\graphhopper\util\ShallowImmutablePointList.java,105
JDK:java.base,N/A,false,MethodCallExpr,java.util.stream.Stream,findFirst,C:\Users\tyin363\Documents\repos\graphhopper__graphhopper\web-api\src\main\java\com\graphhopper\jackson\Gpx.java,40
CLIENT:client-code,N/A,false,FieldAccessExpr,com.graphhopper.util.ShallowImmutablePointList,wrappedPointList,C:\Users\tyin363\Documents\repos\graphhopper__graphhopper\web-api\src\main\java\com\graphhopper\util\PointList.java,455
JDK:java.base,N/A,false,ClassOrInterfaceType,java.util.Map,Map,C:\Users\tyin363\Documents\repos\graphhopper__graphhopper\web-api\src\main\java\com\graphhopper\ResponsePath.java,279
CLIENT:client-code,N/A,false,ClassOrInterfaceType,com.graphhopper.ResponsePath,ResponsePath,C:\Users\tyin363\Documents\repos\graphhopper__graphhopper\web-api\src\main\java\com\graphhopper\GHResponse.java,41
JDK:java.base,N/A,false,MethodCallExpr,java.util.Map,get,C:\Users\tyin363\Documents\repos\graphhopper__graphhopper\web-api\src\main\java\com\graphhopper\util\Instruction.java,235
CLIENT:client-code,N/A,false,FieldAccessExpr,com.graphhopper.Trip.Stop,stop_id,C:\Users\tyin363\Documents\repos\graphhopper__graphhopper\web-api\src\main\java\com\graphhopper\Trip.java,51
com.fasterxml.jackson.core:jackson-databind,2.19.2,false,MethodCallExpr,com.fasterxml.jackson.databind.JsonNode,get,C:\Users\tyin363\Documents\repos\graphhopper__graphhopper\web-api\src\main\java\com\graphhopper\jackson\ResponsePathDeserializerHelper.java,146
JDK:java.base,N/A,false,ObjectCreationExpr,java.util.ArrayList,ArrayList,C:\Users\tyin363\Documents\repos\graphhopper__graphhopper\web-api\src\main\java\com\graphhopper\jackson\ResponsePathDeserializerHelper.java,151
CLIENT:client-code,N/A,false,ObjectCreationExpr,com.graphhopper.util.exceptions.MaximumNodesExceededException,MaximumNodesExceededException,C:\Users\tyin363\Documents\repos\graphhopper__graphhopper\web-api\src\main\java\com\graphhopper\jackson\ResponsePathDeserializerHelper.java,271
CLIENT:client-code,N/A,false,ClassOrInterfaceType,com.graphhopper.util.TurnCostsConfig,TurnCostsConfig,C:\Users\tyin363\Documents\repos\graphhopper__graphhopper\web-api\src\main\java\com\graphhopper\util\TurnCostsConfig.java,110
JDK:java.base,N/A,false,MethodCallExpr,java.lang.String,split,C:\Users\tyin363\Documents\repos\graphhopper__graphhopper\web-api\src\main\java\com\graphhopper\util\PointList.java,499
CLIENT:client-code,N/A,false,MethodCallExpr,com.graphhopper.util.PointList,add,C:\Users\tyin363\Documents\repos\graphhopper__graphhopper\web-api\src\main\java\com\graphhopper\jackson\ResponsePathDeserializerHelper.java,230
JDK:java.base,N/A,false,MethodCallExpr,java.util.List,add,C:\Users\tyin363\Documents\repos\graphhopper__graphhopper\web-api\src\main\java\com\graphhopper\GHRequest.java,102
CLIENT:client-code,N/A,false,ClassOrInterfaceType,com.graphhopper.util.FinishInstruction,FinishInstruction,C:\Users\tyin363\Documents\repos\graphhopper__graphhopper\web-api\src\main\java\com\graphhopper\jackson\ResponsePathDeserializerHelper.java,122
JDK:java.base,N/A,false,MethodCallExpr,java.util.HashMap,isEmpty,C:\Users\tyin363\Documents\repos\graphhopper__graphhopper\web-api\src\main\java\com\graphhopper\util\PMap.java,158
com.fasterxml.jackson.core:jackson-databind,2.19.2,false,MethodCallExpr,com.fasterxml.jackson.databind.JsonNode,fields,C:\Users\tyin363\Documents\repos\graphhopper__graphhopper\web-api\src\main\java\com\graphhopper\jackson\ResponsePathDeserializerHelper.java,148
CLIENT:client-code,N/A,false,FieldAccessExpr,com.graphhopper.util.Instruction,U_TURN_LEFT,C:\Users\tyin363\Documents\repos\graphhopper__graphhopper\web-api\src\main\java\com\graphhopper\util\Instruction.java,195
CLIENT:client-code,N/A,false,MethodCallExpr,com.graphhopper.ResponsePath,getTime,C:\Users\tyin363\Documents\repos\graphhopper__graphhopper\web-api\src\main\java\com\graphhopper\jackson\ResponsePathSerializer.java,97
CLIENT:client-code,N/A,false,ClassOrInterfaceType,com.graphhopper.json.Statement,Statement,C:\Users\tyin363\Documents\repos\graphhopper__graphhopper\web-api\src\main\java\com\graphhopper\jackson\StatementDeserializer.java,36
JDK:java.base,N/A,false,ObjectCreationExpr,java.util.ArrayList,ArrayList,C:\Users\tyin363\Documents\repos\graphhopper__graphhopper\web-api\src\main\java\com\graphhopper\GHRequest.java,56
JDK:java.base,N/A,false,ClassOrInterfaceType,java.lang.UnsupportedOperationException,UnsupportedOperationException,C:\Users\tyin363\Documents\repos\graphhopper__graphhopper\web-api\src\main\java\com\graphhopper\util\PointList.java,126
com.fasterxml.jackson.core:jackson-databind,2.19.2,false,ClassOrInterfaceType,com.fasterxml.jackson.databind.SerializerProvider,SerializerProvider,C:\Users\tyin363\Documents\repos\graphhopper__graphhopper\web-api\src\main\java\com\graphhopper\jackson\JtsEnvelopeSerializer.java,31
JDK:java.base,N/A,false,MethodCallExpr,java.util.stream.Stream,filter,C:\Users\tyin363\Documents\repos\graphhopper__graphhopper\web-api\src\main\java\com\graphhopper\util\PMap.java,147
CLIENT:client-code,N/A,false,MethodCallExpr,com.graphhopper.util.shapes.GHPoint,fromJson,C:\Users\tyin363\Documents\repos\graphhopper__graphhopper\web-api\src\main\java\com\graphhopper\jackson\GHPointDeserializer.java,33
JDK:java.base,N/A,false,ClassOrInterfaceType,java.lang.String,String,C:\Users\tyin363\Documents\repos\graphhopper__graphhopper\web-api\src\main\java\com\graphhopper\util\Instruction.java,90
CLIENT:client-code,N/A,false,ClassOrInterfaceType,com.graphhopper.util.details.PathDetail,PathDetail,C:\Users\tyin363\Documents\repos\graphhopper__graphhopper\web-api\src\main\java\com\graphhopper\jackson\PathDetailDeserializer.java,50
JDK:java.base,N/A,false,ClassOrInterfaceType,java.util.Map,Map,C:\Users\tyin363\Documents\repos\graphhopper__graphhopper\web-api\src\main\java\com\graphhopper\util\exceptions\ConnectionNotFoundException.java,31
JDK:java.base,N/A,false,ClassOrInterfaceType,java.lang.Object,Object,C:\Users\tyin363\Documents\repos\graphhopper__graphhopper\web-api\src\main\java\com\graphhopper\util\PMap.java,98
JDK:java.base,N/A,false,MethodCallExpr,java.util.List,add,C:\Users\tyin363\Documents\repos\graphhopper__graphhopper\web-api\src\main\java\com\graphhopper\jackson\ResponsePathDeserializerHelper.java,260
CLIENT:client-code,N/A,false,FieldAccessExpr,com.graphhopper.util.PMap,map,C:\Users\tyin363\Documents\repos\graphhopper__graphhopper\web-api\src\main\java\com\graphhopper\util\PMap.java,44
CLIENT:client-code,N/A,false,ClassOrInterfaceType,com.graphhopper.util.CustomModel,CustomModel,C:\Users\tyin363\Documents\repos\graphhopper__graphhopper\web-api\src\main\java\com\graphhopper\util\CustomModel.java,130
CLIENT:client-code,N/A,false,MethodCallExpr,com.graphhopper.util.Helper,getUsedMB,C:\Users\tyin363\Documents\repos\graphhopper__graphhopper\web-api\src\main\java\com\graphhopper\util\Helper.java,150
CLIENT:client-code,N/A,false,ClassOrInterfaceType,com.graphhopper.util.PointList,PointList,C:\Users\tyin363\Documents\repos\graphhopper__graphhopper\web-api\src\main\java\com\graphhopper\util\PointList.java,445
JDK:java.base,N/A,false,ClassOrInterfaceType,java.lang.String,String,C:\Users\tyin363\Documents\repos\graphhopper__graphhopper\web-api\src\main\java\com\graphhopper\GHResponse.java,69
CLIENT:client-code,N/A,false,MethodCallExpr,com.graphhopper.util.Instruction,setTime,C:\Users\tyin363\Documents\repos\graphhopper__graphhopper\web-api\src\main\java\com\graphhopper\jackson\ResponsePathDeserializerHelper.java,139
JDK:java.base,N/A,false,ClassOrInterfaceType,java.lang.Throwable,Throwable,C:\Users\tyin363\Documents\repos\graphhopper__graphhopper\web-api\src\main\java\com\graphhopper\jackson\MultiExceptionSerializer.java,50
JDK:java.base,N/A,false,ClassOrInterfaceType,java.io.IOException,IOException,C:\Users\tyin363\Documents\repos\graphhopper__graphhopper\web-api\src\main\java\com\graphhopper\jackson\PathDetailDeserializer.java,33
com.fasterxml.jackson.core:jackson-databind,2.19.2,false,ClassOrInterfaceType,com.fasterxml.jackson.databind.JsonNode,JsonNode,C:\Users\tyin363\Documents\repos\graphhopper__graphhopper\web-api\src\main\java\com\graphhopper\jackson\ResponsePathDeserializerHelper.java,78
com.fasterxml.jackson.core:jackson-databind,2.19.2,false,MethodCallExpr,com.fasterxml.jackson.databind.JsonNode,get,C:\Users\tyin363\Documents\repos\graphhopper__graphhopper\web-api\src\main\java\com\graphhopper\jackson\ResponsePathDeserializerHelper.java,276
CLIENT:client-code,N/A,false,MethodCallExpr,com.graphhopper.util.ShallowImmutablePointList,size,C:\Users\tyin363\Documents\repos\graphhopper__graphhopper\web-api\src\main\java\com\graphhopper\util\ShallowImmutablePointList.java,79
org.locationtech.jts:jts-core,1.20.0,true,ClassOrInterfaceType,org.locationtech.jts.geom.LineString,LineString,C:\Users\tyin363\Documents\repos\graphhopper__graphhopper\web-api\src\main\java\com\graphhopper\util\PointList.java,358
JDK:java.base,N/A,false,MethodCallExpr,java.lang.String,split,C:\Users\tyin363\Documents\repos\graphhopper__graphhopper\web-api\src\main\java\com\graphhopper\util\PMap.java,147
CLIENT:client-code,N/A,false,FieldAccessExpr,com.graphhopper.ResponsePath,waypointIndices,C:\Users\tyin363\Documents\repos\graphhopper__graphhopper\web-api\src\main\java\com\graphhopper\ResponsePath.java,137
CLIENT:client-code,N/A,false,MethodCallExpr,com.graphhopper.util.Translation,tr,C:\Users\tyin363\Documents\repos\graphhopper__graphhopper\web-api\src\main\java\com\graphhopper\util\Instruction.java,202
CLIENT:client-code,N/A,false,FieldAccessExpr,com.graphhopper.ResponsePath,pathDetails,C:\Users\tyin363\Documents\repos\graphhopper__graphhopper\web-api\src\main\java\com\graphhopper\ResponsePath.java,274
JDK:java.base,N/A,false,ClassOrInterfaceType,java.lang.String,String,C:\Users\tyin363\Documents\repos\graphhopper__graphhopper\web-api\src\main\java\com\graphhopper\GHRequest.java,195
JDK:java.base,N/A,false,ClassOrInterfaceType,java.util.List,List,C:\Users\tyin363\Documents\repos\graphhopper__graphhopper\web-api\src\main\java\com\graphhopper\util\TurnCostsConfig.java,81
CLIENT:client-code,N/A,false,MethodCallExpr,com.graphhopper.ResponsePath,getAscend,C:\Users\tyin363\Documents\repos\graphhopper__graphhopper\web-api\src\main\java\com\graphhopper\jackson\ResponsePathSerializer.java,115
JDK:java.base,N/A,false,MethodCallExpr,java.util.Map,get,C:\Users\tyin363\Documents\repos\graphhopper__graphhopper\web-api\src\main\java\com\graphhopper\util\Instruction.java,236
JDK:java.base,N/A,false,ClassOrInterfaceType,java.lang.String,String,C:\Users\tyin363\Documents\repos\graphhopper__graphhopper\web-api\src\main\java\com\graphhopper\ResponsePath.java,269
CLIENT:client-code,N/A,false,MethodCallExpr,com.graphhopper.util.PointList,equalsEps,C:\Users\tyin363\Documents\repos\graphhopper__graphhopper\web-api\src\main\java\com\graphhopper\util\PointList.java,401
com.fasterxml.jackson.core:jackson-core,2.19.2,false,MethodCallExpr,com.fasterxml.jackson.core.JsonGenerator,writeEndArray,C:\Users\tyin363\Documents\repos\graphhopper__graphhopper\web-api\src\main\java\com\graphhopper\jackson\JtsEnvelopeSerializer.java,37
CLIENT:client-code,N/A,false,FieldAccessExpr,com.graphhopper.util.PointList,EMPTY,C:\Users\tyin363\Documents\repos\graphhopper__graphhopper\web-api\src\main\java\com\graphhopper\ResponsePath.java,44
CLIENT:client-code,N/A,false,FieldAccessExpr,com.graphhopper.Trip.PtLeg,stops,C:\Users\tyin363\Documents\repos\graphhopper__graphhopper\web-api\src\main\java\com\graphhopper\Trip.java,124
JDK:java.base,N/A,false,ClassOrInterfaceType,java.lang.Integer,Integer,C:\Users\tyin363\Documents\repos\graphhopper__graphhopper\web-api\src\main\java\com\graphhopper\jackson\ResponsePathDeserializerHelper.java,163
CLIENT:client-code,N/A,false,FieldAccessExpr,com.graphhopper.util.Instruction,PT_START_TRIP,C:\Users\tyin363\Documents\repos\graphhopper__graphhopper\web-api\src\main\java\com\graphhopper\util\Instruction.java,183
JDK:java.base,N/A,false,ObjectCreationExpr,java.lang.IllegalArgumentException,IllegalArgumentException,C:\Users\tyin363\Documents\repos\graphhopper__graphhopper\web-api\src\main\java\com\graphhopper\jackson\ResponsePathDeserializerHelper.java,191
JDK:java.base,N/A,false,MethodCallExpr,java.util.List,add,C:\Users\tyin363\Documents\repos\graphhopper__graphhopper\web-api\src\main\java\com\graphhopper\jackson\ResponsePathDeserializerHelper.java,154
CLIENT:client-code,N/A,false,MethodCallExpr,com.graphhopper.json.Statement.Keyword,getName,C:\Users\tyin363\Documents\repos\graphhopper__graphhopper\web-api\src\main\java\com\graphhopper\jackson\StatementDeserializer.java,89
JDK:java.base,N/A,false,ClassOrInterfaceType,java.lang.Object,Object,C:\Users\tyin363\Documents\repos\graphhopper__graphhopper\web-api\src\main\java\com\graphhopper\util\PMap.java,137
CLIENT:client-code,N/A,false,FieldAccessExpr,com.graphhopper.util.Instruction,TURN_SLIGHT_RIGHT,C:\Users\tyin363\Documents\repos\graphhopper__graphhopper\web-api\src\main\java\com\graphhopper\util\Instruction.java,213
CLIENT:client-code,N/A,false,MethodCallExpr,com.graphhopper.util.Translation,tr,C:\Users\tyin363\Documents\repos\graphhopper__graphhopper\web-api\src\main\java\com\graphhopper\util\Instruction.java,240
com.fasterxml.jackson.core:jackson-databind,2.19.2,false,MethodCallExpr,com.fasterxml.jackson.databind.JsonNode,has,C:\Users\tyin363\Documents\repos\graphhopper__graphhopper\web-api\src\main\java\com\graphhopper\jackson\ResponsePathDeserializerHelper.java,54
com.fasterxml.jackson.core:jackson-databind,2.19.2,false,MethodCallExpr,com.fasterxml.jackson.databind.JsonNode,toPrettyString,C:\Users\tyin363\Documents\repos\graphhopper__graphhopper\web-api\src\main\java\com\graphhopper\jackson\StatementDeserializer.java,66
CLIENT:client-code,N/A,false,FieldAccessExpr,com.graphhopper.Trip.Stop,departureTime,C:\Users\tyin363\Documents\repos\graphhopper__graphhopper\web-api\src\main\java\com\graphhopper\Trip.java,59
JDK:java.base,N/A,false,ClassOrInterfaceType,java.lang.String,String,C:\Users\tyin363\Documents\repos\graphhopper__graphhopper\web-api\src\main\java\com\graphhopper\util\RoundaboutInstruction.java,115
CLIENT:client-code,N/A,false,MethodCallExpr,com.graphhopper.util.PointList,is3D,C:\Users\tyin363\Documents\repos\graphhopper__graphhopper\web-api\src\main\java\com\graphhopper\util\PointList.java,425
JDK:java.base,N/A,false,ClassOrInterfaceType,java.lang.Object,Object,C:\Users\tyin363\Documents\repos\graphhopper__graphhopper\web-api\src\main\java\com\graphhopper\jackson\InstructionListSerializer.java,38
CLIENT:client-code,N/A,false,MethodCallExpr,com.graphhopper.util.Translation,tr,C:\Users\tyin363\Documents\repos\graphhopper__graphhopper\web-api\src\main\java\com\graphhopper\util\RoundaboutInstruction.java,123
CLIENT:client-code,N/A,false,MethodCallExpr,com.graphhopper.util.shapes.GHPoint,toString,C:\Users\tyin363\Documents\repos\graphhopper__graphhopper\web-api\src\main\java\com\graphhopper\GHRequest.java,239
JDK:java.base,N/A,false,ClassOrInterfaceType,java.lang.UnsupportedOperationException,UnsupportedOperationException,C:\Users\tyin363\Documents\repos\graphhopper__graphhopper\web-api\src\main\java\com\graphhopper\util\ShallowImmutablePointList.java,125
CLIENT:client-code,N/A,false,ObjectCreationExpr,com.graphhopper.util.exceptions.PointNotFoundException,PointNotFoundException,C:\Users\tyin363\Documents\repos\graphhopper__graphhopper\web-api\src\main\java\com\graphhopper\jackson\ResponsePathDeserializerHelper.java,274
JDK:java.base,N/A,false,ObjectCreationExpr,java.util.HashMap,HashMap,C:\Users\tyin363\Documents\repos\graphhopper__graphhopper\web-api\src\main\java\com\graphhopper\jackson\InstructionListSerializer.java,38
JDK:java.base,N/A,false,ClassOrInterfaceType,java.util.List,List,C:\Users\tyin363\Documents\repos\graphhopper__graphhopper\web-api\src\main\java\com\graphhopper\json\Statement.java,56
JDK:java.base,N/A,false,ClassOrInterfaceType,java.lang.String,String,C:\Users\tyin363\Documents\repos\graphhopper__graphhopper\web-api\src\main\java\com\graphhopper\ResponsePath.java,268
JDK:java.base,N/A,false,ClassOrInterfaceType,java.util.ArrayList,ArrayList,C:\Users\tyin363\Documents\repos\graphhopper__graphhopper\web-api\src\main\java\com\graphhopper\jackson\ResponsePathDeserializerHelper.java,63
CLIENT:client-code,N/A,false,MethodCallExpr,com.graphhopper.util.TurnCostsConfig,check,C:\Users\tyin363\Documents\repos\graphhopper__graphhopper\web-api\src\main\java\com\graphhopper\util\TurnCostsConfig.java,88
CLIENT:client-code,N/A,false,MethodCallExpr,com.graphhopper.json.Statement.Keyword,getName,C:\Users\tyin363\Documents\repos\graphhopper__graphhopper\web-api\src\main\java\com\graphhopper\jackson\StatementDeserializer.java,90
CLIENT:client-code,N/A,false,FieldAccessExpr,com.graphhopper.ResponsePath,ascend,C:\Users\tyin363\Documents\repos\graphhopper__graphhopper\web-api\src\main\java\com\graphhopper\ResponsePath.java,172
CLIENT:client-code,N/A,false,MethodCallExpr,com.graphhopper.util.Translation,tr,C:\Users\tyin363\Documents\repos\graphhopper__graphhopper\web-api\src\main\java\com\graphhopper\util\Instruction.java,241
CLIENT:client-code,N/A,false,ClassOrInterfaceType,com.graphhopper.util.Instruction,Instruction,C:\Users\tyin363\Documents\repos\graphhopper__graphhopper\web-api\src\main\java\com\graphhopper\jackson\ResponsePathDeserializerHelper.java,95
CLIENT:client-code,N/A,false,FieldAccessExpr,com.graphhopper.json.MinMax,min,C:\Users\tyin363\Documents\repos\graphhopper__graphhopper\web-api\src\main\java\com\graphhopper\json\MinMax.java,8
CLIENT:client-code,N/A,false,FieldAccessExpr,com.graphhopper.util.Instruction,LEAVE_ROUNDABOUT,C:\Users\tyin363\Documents\repos\graphhopper__graphhopper\web-api\src\main\java\com\graphhopper\jackson\ResponsePathDeserializerHelper.java,96
JDK:java.base,N/A,false,FieldAccessExpr,java.lang.Integer,MAX_VALUE,C:\Users\tyin363\Documents\repos\graphhopper__graphhopper\web-api\src\main\java\com\graphhopper\util\Helper.java,245
com.fasterxml.jackson.core:jackson-databind,2.19.2,false,MethodCallExpr,com.fasterxml.jackson.databind.JsonNode,size,C:\Users\tyin363\Documents\repos\graphhopper__graphhopper\web-api\src\main\java\com\graphhopper\jackson\ResponsePathDeserializerHelper.java,63
CLIENT:client-code,N/A,false,ClassOrInterfaceType,com.graphhopper.util.PointList,PointList,C:\Users\tyin363\Documents\repos\graphhopper__graphhopper\web-api\src\main\java\com\graphhopper\jackson\ResponsePathDeserializerHelper.java,189
CLIENT:client-code,N/A,false,FieldAccessExpr,com.graphhopper.util.TurnCostsConfig,vehicleTypes,C:\Users\tyin363\Documents\repos\graphhopper__graphhopper\web-api\src\main\java\com\graphhopper\util\TurnCostsConfig.java,82
JDK:java.base,N/A,false,ObjectCreationExpr,java.lang.UnsupportedOperationException,UnsupportedOperationException,C:\Users\tyin363\Documents\repos\graphhopper__graphhopper\web-api\src\main\java\com\graphhopper\util\ShallowImmutablePointList.java,145
com.fasterxml.jackson.core:jackson-databind,2.19.2,false,MethodCallExpr,com.fasterxml.jackson.databind.JsonNode,isValueNode,C:\Users\tyin363\Documents\repos\graphhopper__graphhopper\web-api\src\main\java\com\graphhopper\jackson\StatementDeserializer.java,93
CLIENT:client-code,N/A,false,MethodCallExpr,com.graphhopper.util.JsonFeature,getId,C:\Users\tyin363\Documents\repos\graphhopper__graphhopper\web-api\src\main\java\com\graphhopper\util\CustomModel.java,60
com.fasterxml.jackson.core:jackson-core,2.19.2,false,ClassOrInterfaceType,com.fasterxml.jackson.core.JsonProcessingException,JsonProcessingException,C:\Users\tyin363\Documents\repos\graphhopper__graphhopper\web-api\src\main\java\com\graphhopper\jackson\GHPointSerializer.java,30
JDK:java.base,N/A,false,MethodCallExpr,java.lang.Character,isDigit,C:\Users\tyin363\Documents\repos\graphhopper__graphhopper\web-api\src\main\java\com\graphhopper\util\JsonFeature.java,106
CLIENT:client-code,N/A,false,MethodCallExpr,com.graphhopper.util.Translation,tr,C:\Users\tyin363\Documents\repos\graphhopper__graphhopper\web-api\src\main\java\com\graphhopper\util\RoundaboutInstruction.java,122
JDK:java.base,N/A,false,ClassOrInterfaceType,java.lang.Object,Object,C:\Users\tyin363\Documents\repos\graphhopper__graphhopper\web-api\src\main\java\com\graphhopper\jackson\ResponsePathDeserializerHelper.java,292
CLIENT:client-code,N/A,false,ObjectCreationExpr,com.graphhopper.jackson.MultiExceptionSerializer,MultiExceptionSerializer,C:\Users\tyin363\Documents\repos\graphhopper__graphhopper\web-api\src\main\java\com\graphhopper\jackson\GraphHopperModule.java,39
CLIENT:client-code,N/A,false,MethodCallExpr,com.graphhopper.util.PointList,is3D,C:\Users\tyin363\Documents\repos\graphhopper__graphhopper\web-api\src\main\java\com\graphhopper\util\PointList.java,426
CLIENT:client-code,N/A,false,ClassOrInterfaceType,com.graphhopper.util.Instruction,Instruction,C:\Users\tyin363\Documents\repos\graphhopper__graphhopper\web-api\src\main\java\com\graphhopper\util\FinishInstruction.java,23
JDK:java.base,N/A,false,ClassOrInterfaceType,java.lang.String,String,C:\Users\tyin363\Documents\repos\graphhopper__graphhopper\web-api\src\main\java\com\graphhopper\util\Helper.java,97
JDK:java.base,N/A,false,ClassOrInterfaceType,java.lang.Object,Object,C:\Users\tyin363\Documents\repos\graphhopper__graphhopper\web-api\src\main\java\com\graphhopper\util\Helper.java,344
JDK:java.base,N/A,false,ClassOrInterfaceType,java.util.ArrayList,ArrayList,C:\Users\tyin363\Documents\repos\graphhopper__graphhopper\web-api\src\main\java\com\graphhopper\jackson\StatementDeserializer.java,51
CLIENT:client-code,N/A,false,FieldAccessExpr,com.graphhopper.util.details.PathDetail,first,C:\Users\tyin363\Documents\repos\graphhopper__graphhopper\web-api\src\main\java\com\graphhopper\util\details\PathDetail.java,42
CLIENT:client-code,N/A,false,MethodCallExpr,com.graphhopper.json.Statement.Keyword,getName,C:\Users\tyin363\Documents\repos\graphhopper__graphhopper\web-api\src\main\java\com\graphhopper\jackson\StatementDeserializer.java,91
JDK:java.base,N/A,false,ClassOrInterfaceType,java.lang.String,String,C:\Users\tyin363\Documents\repos\graphhopper__graphhopper\web-api\src\main\java\com\graphhopper\util\Instruction.java,168
JDK:java.base,N/A,false,ClassOrInterfaceType,java.lang.String,String,C:\Users\tyin363\Documents\repos\graphhopper__graphhopper\web-api\src\main\java\com\graphhopper\util\Parameters.java,101
CLIENT:client-code,N/A,false,FieldAccessExpr,com.graphhopper.util.PointList,EMPTY,C:\Users\tyin363\Documents\repos\graphhopper__graphhopper\web-api\src\main\java\com\graphhopper\ResponsePath.java,46
JDK:java.base,N/A,false,ClassOrInterfaceType,java.lang.Integer,Integer,C:\Users\tyin363\Documents\repos\graphhopper__graphhopper\web-api\src\main\java\com\graphhopper\jackson\ResponsePathDeserializerHelper.java,165
JDK:java.base,N/A,false,ClassOrInterfaceType,java.util.List,List,C:\Users\tyin363\Documents\repos\graphhopper__graphhopper\web-api\src\main\java\com\graphhopper\util\TurnCostsConfig.java,62
JDK:java.base,N/A,false,MethodCallExpr,java.lang.String,indexOf,C:\Users\tyin363\Documents\repos\graphhopper__graphhopper\web-api\src\main\java\com\graphhopper\util\Helper.java,52
JDK:java.base,N/A,false,MethodCallExpr,java.lang.String,split,C:\Users\tyin363\Documents\repos\graphhopper__graphhopper\web-api\src\main\java\com\graphhopper\util\shapes\GHPoint.java,57
JDK:java.base,N/A,false,ClassOrInterfaceType,java.io.IOException,IOException,C:\Users\tyin363\Documents\repos\graphhopper__graphhopper\web-api\src\main\java\com\graphhopper\jackson\PathDetailSerializer.java,32
JDK:java.base,N/A,false,ClassOrInterfaceType,java.lang.String,String,C:\Users\tyin363\Documents\repos\graphhopper__graphhopper\web-api\src\main\java\com\graphhopper\json\Statement.java,103
com.fasterxml.jackson.core:jackson-databind,2.19.2,false,MethodCallExpr,com.fasterxml.jackson.databind.JsonNode,asInt,C:\Users\tyin363\Documents\repos\graphhopper__graphhopper\web-api\src\main\java\com\graphhopper\jackson\ResponsePathDeserializerHelper.java,273
JDK:java.base,N/A,false,ObjectCreationExpr,java.util.ArrayList,ArrayList,C:\Users\tyin363\Documents\repos\graphhopper__graphhopper\web-api\src\main\java\com\graphhopper\ResponsePath.java,35
JDK:java.base,N/A,false,ClassOrInterfaceType,java.lang.IllegalStateException,IllegalStateException,C:\Users\tyin363\Documents\repos\graphhopper__graphhopper\web-api\src\main\java\com\graphhopper\util\PointList.java,290
JDK:java.base,N/A,false,MethodCallExpr,java.util.List,add,C:\Users\tyin363\Documents\repos\graphhopper__graphhopper\web-api\src\main\java\com\graphhopper\util\Helper.java,205
CLIENT:client-code,N/A,false,FieldAccessExpr,com.graphhopper.util.shapes.GHPoint,lon,C:\Users\tyin363\Documents\repos\graphhopper__graphhopper\web-api\src\main\java\com\graphhopper\util\shapes\GHPoint.java,37
CLIENT:client-code,N/A,false,MethodCallExpr,com.graphhopper.util.JsonFeature,getId,C:\Users\tyin363\Documents\repos\graphhopper__graphhopper\web-api\src\main\java\com\graphhopper\util\CustomModel.java,59
JDK:java.base,N/A,false,ObjectCreationExpr,java.util.LinkedHashMap,LinkedHashMap,C:\Users\tyin363\Documents\repos\graphhopper__graphhopper\web-api\src\main\java\com\graphhopper\util\PMap.java,154
JDK:java.base,N/A,false,ClassOrInterfaceType,java.lang.String,String,C:\Users\tyin363\Documents\repos\graphhopper__graphhopper\web-api\src\main\java\com\graphhopper\GHRequest.java,223
CLIENT:client-code,N/A,false,MethodCallExpr,com.graphhopper.util.shapes.GHPoint,toString,C:\Users\tyin363\Documents\repos\graphhopper__graphhopper\web-api\src\main\java\com\graphhopper\GHRequest.java,237
CLIENT:client-code,N/A,false,FieldAccessExpr,com.graphhopper.Trip.Stop,stop_name,C:\Users\tyin363\Documents\repos\graphhopper__graphhopper\web-api\src\main\java\com\graphhopper\Trip.java,117
CLIENT:client-code,N/A,false,ClassOrInterfaceType,com.graphhopper.util.shapes.GHPoint,GHPoint,C:\Users\tyin363\Documents\repos\graphhopper__graphhopper\web-api\src\main\java\com\graphhopper\GHRequest.java,63
JDK:java.base,N/A,false,ObjectCreationExpr,java.util.HashMap,HashMap,C:\Users\tyin363\Documents\repos\graphhopper__graphhopper\web-api\src\main\java\com\graphhopper\ResponsePath.java,50
CLIENT:client-code,N/A,false,FieldAccessExpr,com.graphhopper.util.exceptions.DetailedRuntimeException,details,C:\Users\tyin363\Documents\repos\graphhopper__graphhopper\web-api\src\main\java\com\graphhopper\util\exceptions\DetailedRuntimeException.java,33
JDK:java.base,N/A,false,MethodCallExpr,java.util.stream.Stream,collect,C:\Users\tyin363\Documents\repos\graphhopper__graphhopper\web-api\src\main\java\com\graphhopper\jackson\StatementDeserializer.java,83
com.fasterxml.jackson.core:jackson-databind,2.19.2,false,MethodCallExpr,com.fasterxml.jackson.databind.JsonNode,has,C:\Users\tyin363\Documents\repos\graphhopper__graphhopper\web-api\src\main\java\com\graphhopper\jackson\ResponsePathDeserializerHelper.java,51
CLIENT:client-code,N/A,false,ClassOrInterfaceType,com.graphhopper.util.Instruction,Instruction,C:\Users\tyin363\Documents\repos\graphhopper__graphhopper\web-api\src\main\java\com\graphhopper\util\RoundaboutInstruction.java,26
CLIENT:client-code,N/A,false,FieldAccessExpr,com.graphhopper.jackson.Gpx.Trkseg,trkpt,C:\Users\tyin363\Documents\repos\graphhopper__graphhopper\web-api\src\main\java\com\graphhopper\jackson\Gpx.java,40
CLIENT:client-code,N/A,false,MethodCallExpr,com.graphhopper.json.Statement.Keyword,getName,C:\Users\tyin363\Documents\repos\graphhopper__graphhopper\web-api\src\main\java\com\graphhopper\jackson\StatementDeserializer.java,92
CLIENT:client-code,N/A,false,ObjectCreationExpr,com.graphhopper.util.PMap,PMap,C:\Users\tyin363\Documents\repos\graphhopper__graphhopper\web-api\src\main\java\com\graphhopper\GHRequest.java,41
CLIENT:client-code,N/A,false,FieldAccessExpr,com.graphhopper.ResponsePath,waypointList,C:\Users\tyin363\Documents\repos\graphhopper__graphhopper\web-api\src\main\java\com\graphhopper\ResponsePath.java,127
JDK:java.base,N/A,false,MethodCallExpr,java.lang.String,startsWith,C:\Users\tyin363\Documents\repos\graphhopper__graphhopper\web-api\src\main\java\com\graphhopper\util\PMap.java,76
CLIENT:client-code,N/A,false,ClassOrInterfaceType,com.graphhopper.Trip.Leg,Leg,C:\Users\tyin363\Documents\repos\graphhopper__graphhopper\web-api\src\main\java\com\graphhopper\ResponsePath.java,319
JDK:java.base,N/A,false,ClassOrInterfaceType,java.util.Set,Set,C:\Users\tyin363\Documents\repos\graphhopper__graphhopper\web-api\src\main\java\com\graphhopper\util\CustomModel.java,66
CLIENT:client-code,N/A,false,FieldAccessExpr,com.graphhopper.util.Instruction,CONTINUE_ON_STREET,C:\Users\tyin363\Documents\repos\graphhopper__graphhopper\web-api\src\main\java\com\graphhopper\util\Instruction.java,177
CLIENT:client-code,N/A,false,MethodCallExpr,com.graphhopper.util.JsonFeature,getId,C:\Users\tyin363\Documents\repos\graphhopper__graphhopper\web-api\src\main\java\com\graphhopper\util\JsonFeature.java,94
CLIENT:client-code,N/A,false,FieldAccessExpr,com.graphhopper.util.Instruction,TURN_SHARP_LEFT,C:\Users\tyin363\Documents\repos\graphhopper__graphhopper\web-api\src\main\java\com\graphhopper\util\Instruction.java,204
JDK:java.base,N/A,false,ClassOrInterfaceType,java.lang.String,String,C:\Users\tyin363\Documents\repos\graphhopper__graphhopper\web-api\src\main\java\com\graphhopper\util\RoundaboutInstruction.java,116
CLIENT:client-code,N/A,false,ObjectCreationExpr,com.graphhopper.util.JsonFeatureCollection,JsonFeatureCollection,C:\Users\tyin363\Documents\repos\graphhopper__graphhopper\web-api\src\main\java\com\graphhopper\util\CustomModel.java,39
CLIENT:client-code,N/A,false,ClassOrInterfaceType,com.graphhopper.util.PMap,PMap,C:\Users\tyin363\Documents\repos\graphhopper__graphhopper\web-api\src\main\java\com\graphhopper\GHResponse.java,148
CLIENT:client-code,N/A,false,MethodCallExpr,com.graphhopper.util.Translation,tr,C:\Users\tyin363\Documents\repos\graphhopper__graphhopper\web-api\src\main\java\com\graphhopper\util\RoundaboutInstruction.java,120
JDK:java.base,N/A,false,ClassOrInterfaceType,java.util.Map.Entry,Entry,C:\Users\tyin363\Documents\repos\graphhopper__graphhopper\web-api\src\main\java\com\graphhopper\jackson\CustomModelAreasDeserializer.java,34
com.fasterxml.jackson.core:jackson-databind,2.19.2,false,MethodCallExpr,com.fasterxml.jackson.databind.ObjectMapper,convertValue,C:\Users\tyin363\Documents\repos\graphhopper__graphhopper\web-api\src\main\java\com\graphhopper\jackson\ResponsePathDeserializerHelper.java,163
CLIENT:client-code,N/A,false,MethodCallExpr,com.graphhopper.util.PointList,size,C:\Users\tyin363\Documents\repos\graphhopper__graphhopper\web-api\src\main\java\com\graphhopper\util\PointList.java,529
CLIENT:client-code,N/A,false,MethodCallExpr,com.graphhopper.util.PointAccess,getEle,C:\Users\tyin363\Documents\repos\graphhopper__graphhopper\web-api\src\main\java\com\graphhopper\util\FinishInstruction.java,42
CLIENT:client-code,N/A,false,MethodCallExpr,com.graphhopper.util.PointList,size,C:\Users\tyin363\Documents\repos\graphhopper__graphhopper\web-api\src\main\java\com\graphhopper\util\PointList.java,397
CLIENT:client-code,N/A,false,ObjectCreationExpr,com.graphhopper.util.shapes.GHPoint,GHPoint,C:\Users\tyin363\Documents\repos\graphhopper__graphhopper\web-api\src\main\java\com\graphhopper\util\PointList.java,353
CLIENT:client-code,N/A,false,MethodCallExpr,com.graphhopper.util.PointAccess,getEle,C:\Users\tyin363\Documents\repos\graphhopper__graphhopper\web-api\src\main\java\com\graphhopper\util\FinishInstruction.java,47
JDK:java.base,N/A,false,ClassOrInterfaceType,java.lang.Object,Object,C:\Users\tyin363\Documents\repos\graphhopper__graphhopper\web-api\src\main\java\com\graphhopper\util\PMap.java,141
JDK:java.base,N/A,false,ClassOrInterfaceType,java.lang.String,String,C:\Users\tyin363\Documents\repos\graphhopper__graphhopper\web-api\src\main\java\com\graphhopper\Trip.java,50
CLIENT:client-code,N/A,false,ClassOrInterfaceType,com.graphhopper.util.JsonFeature,JsonFeature,C:\Users\tyin363\Documents\repos\graphhopper__graphhopper\web-api\src\main\java\com\graphhopper\jackson\CustomModelAreasDeserializer.java,26
CLIENT:client-code,N/A,false,FieldAccessExpr,com.graphhopper.json.Statement.Keyword,name,C:\Users\tyin363\Documents\repos\graphhopper__graphhopper\web-api\src\main\java\com\graphhopper\json\Statement.java,86
CLIENT:client-code,N/A,false,MethodCallExpr,com.graphhopper.util.PointAccess,getEle,C:\Users\tyin363\Documents\repos\graphhopper__graphhopper\web-api\src\main\java\com\graphhopper\util\PointList.java,220
com.fasterxml.jackson.core:jackson-databind,2.19.2,false,MethodCallExpr,com.fasterxml.jackson.databind.JsonNode,get,C:\Users\tyin363\Documents\repos\graphhopper__graphhopper\web-api\src\main\java\com\graphhopper\jackson\ResponsePathDeserializerHelper.java,89
CLIENT:client-code,N/A,false,ClassOrInterfaceType,com.graphhopper.ResponsePath,ResponsePath,C:\Users\tyin363\Documents\repos\graphhopper__graphhopper\web-api\src\main\java\com\graphhopper\ResponsePath.java,153
CLIENT:client-code,N/A,false,ClassOrInterfaceType,com.graphhopper.util.JsonFeature,JsonFeature,C:\Users\tyin363\Documents\repos\graphhopper__graphhopper\web-api\src\main\java\com\graphhopper\util\CustomModel.java,67
CLIENT:client-code,N/A,false,ObjectCreationExpr,com.graphhopper.jackson.GraphHopperModule,GraphHopperModule,C:\Users\tyin363\Documents\repos\graphhopper__graphhopper\web-api\src\main\java\com\graphhopper\jackson\Jackson.java,32
CLIENT:client-code,N/A,false,MethodCallExpr,com.graphhopper.util.PointList,size,C:\Users\tyin363\Documents\repos\graphhopper__graphhopper\web-api\src\main\java\com\graphhopper\jackson\ResponsePathSerializer.java,49
JDK:java.base,N/A,false,ClassOrInterfaceType,java.lang.IllegalStateException,IllegalStateException,C:\Users\tyin363\Documents\repos\graphhopper__graphhopper\web-api\src\main\java\com\graphhopper\ResponsePath.java,266
CLIENT:client-code,N/A,false,MethodCallExpr,com.graphhopper.util.PointList,toLineString,C:\Users\tyin363\Documents\repos\graphhopper__graphhopper\web-api\src\main\java\com\graphhopper\util\PointList.java,382
CLIENT:client-code,N/A,false,ClassOrInterfaceType,com.graphhopper.util.PointList,PointList,C:\Users\tyin363\Documents\repos\graphhopper__graphhopper\web-api\src\main\java\com\graphhopper\jackson\ResponsePathDeserializerHelper.java,193
CLIENT:client-code,N/A,false,MethodCallExpr,com.graphhopper.util.PointList,setElevation,C:\Users\tyin363\Documents\repos\graphhopper__graphhopper\web-api\src\main\java\com\graphhopper\util\ShallowImmutablePointList.java,86
CLIENT:client-code,N/A,false,MethodCallExpr,com.graphhopper.json.Statement,isBlock,C:\Users\tyin363\Documents\repos\graphhopper__graphhopper\web-api\src\main\java\com\graphhopper\jackson\StatementSerializer.java,32
CLIENT:client-code,N/A,false,ClassOrInterfaceType,com.graphhopper.jackson.Gpx.Trkseg,Trkseg,C:\Users\tyin363\Documents\repos\graphhopper__graphhopper\web-api\src\main\java\com\graphhopper\jackson\Gpx.java,36
JDK:java.base,N/A,false,MethodCallExpr,java.lang.Object,getClass,C:\Users\tyin363\Documents\repos\graphhopper__graphhopper\web-api\src\main\java\com\graphhopper\jackson\MultiExceptionSerializer.java,52
CLIENT:client-code,N/A,false,MethodCallExpr,com.graphhopper.jackson.MultiException,getErrors,C:\Users\tyin363\Documents\repos\graphhopper__graphhopper\web-api\src\main\java\com\graphhopper\jackson\MultiExceptionSerializer.java,35
CLIENT:client-code,N/A,false,MethodCallExpr,com.graphhopper.util.PointList,add,C:\Users\tyin363\Documents\repos\graphhopper__graphhopper\web-api\src\main\java\com\graphhopper\util\PointList.java,222
CLIENT:client-code,N/A,false,MethodCallExpr,com.graphhopper.util.Instruction,setTime,C:\Users\tyin363\Documents\repos\graphhopper__graphhopper\web-api\src\main\java\com\graphhopper\util\ViaInstruction.java,33
JDK:java.base,N/A,false,ClassOrInterfaceType,java.lang.String,String,C:\Users\tyin363\Documents\repos\graphhopper__graphhopper\web-api\src\main\java\com\graphhopper\util\Parameters.java,99
JDK:java.base,N/A,false,ObjectCreationExpr,java.lang.UnsupportedOperationException,UnsupportedOperationException,C:\Users\tyin363\Documents\repos\graphhopper__graphhopper\web-api\src\main\java\com\graphhopper\util\ShallowImmutablePointList.java,140
CLIENT:client-code,N/A,false,ClassOrInterfaceType,com.graphhopper.jackson.Gpx.Trkpt,Trkpt,C:\Users\tyin363\Documents\repos\graphhopper__graphhopper\web-api\src\main\java\com\graphhopper\jackson\Gpx.java,49
com.fasterxml.jackson.core:jackson-core,2.19.2,false,MethodCallExpr,com.fasterxml.jackson.core.JsonGenerator,writeBoolean,C:\Users\tyin363\Documents\repos\graphhopper__graphhopper\web-api\src\main\java\com\graphhopper\jackson\PathDetailSerializer.java,45
CLIENT:client-code,N/A,false,FieldAccessExpr,com.graphhopper.util.Instruction,CONTINUE_ON_STREET,C:\Users\tyin363\Documents\repos\graphhopper__graphhopper\web-api\src\main\java\com\graphhopper\jackson\ResponsePathDeserializerHelper.java,125
JDK:java.base,N/A,false,ObjectCreationExpr,java.lang.ArrayIndexOutOfBoundsException,ArrayIndexOutOfBoundsException,C:\Users\tyin363\Documents\repos\graphhopper__graphhopper\web-api\src\main\java\com\graphhopper\util\PointList.java,288
CLIENT:client-code,N/A,false,MethodCallExpr,com.graphhopper.util.PointList,size,C:\Users\tyin363\Documents\repos\graphhopper__graphhopper\web-api\src\main\java\com\graphhopper\util\PointList.java,394
CLIENT:client-code,N/A,false,ClassOrInterfaceType,com.graphhopper.util.shapes.GHPoint3D,GHPoint3D,C:\Users\tyin363\Documents\repos\graphhopper__graphhopper\web-api\src\main\java\com\graphhopper\util\shapes\GHPoint3D.java,50
CLIENT:client-code,N/A,false,ClassOrInterfaceType,com.graphhopper.ResponsePath,ResponsePath,C:\Users\tyin363\Documents\repos\graphhopper__graphhopper\web-api\src\main\java\com\graphhopper\GHResponse.java,98
com.fasterxml.jackson.core:jackson-databind,2.19.2,false,MethodCallExpr,com.fasterxml.jackson.databind.JsonNode,get,C:\Users\tyin363\Documents\repos\graphhopper__graphhopper\web-api\src\main\java\com\graphhopper\jackson\ResponsePathDeserializerHelper.java,88
JDK:java.base,N/A,false,ObjectCreationExpr,java.lang.IllegalArgumentException,IllegalArgumentException,C:\Users\tyin363\Documents\repos\graphhopper__graphhopper\web-api\src\main\java\com\graphhopper\json\Statement.java,114
JDK:java.base,N/A,false,ClassOrInterfaceType,java.lang.String,String,C:\Users\tyin363\Documents\repos\graphhopper__graphhopper\web-api\src\main\java\com\graphhopper\util\Parameters.java,100
CLIENT:client-code,N/A,false,MethodCallExpr,com.graphhopper.util.PointList,fromLineString,C:\Users\tyin363\Documents\repos\graphhopper__graphhopper\web-api\src\main\java\com\graphhopper\jackson\ResponsePathDeserializerHelper.java,184
JDK:java.base,N/A,false,ClassOrInterfaceType,java.lang.String,String,C:\Users\tyin363\Documents\repos\graphhopper__graphhopper\web-api\src\main\java\com\graphhopper\ResponsePath.java,264
org.locationtech.jts:jts-core,1.20.0,true,ClassOrInterfaceType,org.locationtech.jts.geom.Envelope,Envelope,C:\Users\tyin363\Documents\repos\graphhopper__graphhopper\web-api\src\main\java\com\graphhopper\ResponsePath.java,227
com.fasterxml.jackson.core:jackson-databind,2.19.2,false,MethodCallExpr,com.fasterxml.jackson.databind.JsonNode,has,C:\Users\tyin363\Documents\repos\graphhopper__graphhopper\web-api\src\main\java\com\graphhopper\jackson\ResponsePathDeserializerHelper.java,57
CLIENT:client-code,N/A,false,MethodCallExpr,com.graphhopper.util.PointList,size,C:\Users\tyin363\Documents\repos\graphhopper__graphhopper\web-api\src\main\java\com\graphhopper\jackson\ResponsePathSerializer.java,50
CLIENT:client-code,N/A,false,ClassOrInterfaceType,com.graphhopper.util.JsonFeature,JsonFeature,C:\Users\tyin363\Documents\repos\graphhopper__graphhopper\web-api\src\main\java\com\graphhopper\util\CustomModel.java,66
com.fasterxml.jackson.core:jackson-databind,2.19.2,false,ClassOrInterfaceType,com.fasterxml.jackson.databind.JsonSerializer,JsonSerializer,C:\Users\tyin363\Documents\repos\graphhopper__graphhopper\web-api\src\main\java\com\graphhopper\jackson\InstructionListSerializer.java,32
CLIENT:client-code,N/A,false,FieldAccessExpr,com.graphhopper.ResponsePath,pathDetails,C:\Users\tyin363\Documents\repos\graphhopper__graphhopper\web-api\src\main\java\com\graphhopper\ResponsePath.java,280
JDK:java.base,N/A,false,ObjectCreationExpr,java.lang.IllegalStateException,IllegalStateException,C:\Users\tyin363\Documents\repos\graphhopper__graphhopper\web-api\src\main\java\com\graphhopper\util\PointList.java,248
CLIENT:client-code,N/A,false,MethodCallExpr,com.graphhopper.json.Statement,Else,C:\Users\tyin363\Documents\repos\graphhopper__graphhopper\web-api\src\main\java\com\graphhopper\jackson\StatementDeserializer.java,94
com.fasterxml.jackson.core:jackson-databind,2.19.2,false,MethodCallExpr,com.fasterxml.jackson.databind.JsonNode,asInt,C:\Users\tyin363\Documents\repos\graphhopper__graphhopper\web-api\src\main\java\com\graphhopper\jackson\ResponsePathDeserializerHelper.java,276
CLIENT:client-code,N/A,false,MethodCallExpr,com.graphhopper.util.PointList,add,C:\Users\tyin363\Documents\repos\graphhopper__graphhopper\web-api\src\main\java\com\graphhopper\util\PointList.java,353
JDK:java.base,N/A,false,ClassOrInterfaceType,java.util.Map.Entry,Entry,C:\Users\tyin363\Documents\repos\graphhopper__graphhopper\web-api\src\main\java\com\graphhopper\jackson\CustomModelAreasDeserializer.java,32
CLIENT:client-code,N/A,false,MethodCallExpr,com.graphhopper.json.Statement.Keyword,getName,C:\Users\tyin363\Documents\repos\graphhopper__graphhopper\web-api\src\main\java\com\graphhopper\jackson\StatementDeserializer.java,95
JDK:java.base,N/A,false,ClassOrInterfaceType,java.io.IOException,IOException,C:\Users\tyin363\Documents\repos\graphhopper__graphhopper\web-api\src\main\java\com\graphhopper\util\Helper.java,67
org.locationtech.jts:jts-core,1.20.0,true,ClassOrInterfaceType,org.locationtech.jts.geom.Coordinate,Coordinate,C:\Users\tyin363\Documents\repos\graphhopper__graphhopper\web-api\src\main\java\com\graphhopper\util\PointList.java,352
CLIENT:client-code,N/A,false,FieldAccessExpr,com.graphhopper.Trip.PtLeg,trip_headsign,C:\Users\tyin363\Documents\repos\graphhopper__graphhopper\web-api\src\main\java\com\graphhopper\Trip.java,122
JDK:java.base,N/A,false,ObjectCreationExpr,java.lang.IllegalArgumentException,IllegalArgumentException,C:\Users\tyin363\Documents\repos\graphhopper__graphhopper\web-api\src\main\java\com\graphhopper\GHRequest.java,101
CLIENT:client-code,N/A,false,MethodCallExpr,com.graphhopper.util.CustomModel,createContentString,C:\Users\tyin363\Documents\repos\graphhopper__graphhopper\web-api\src\main\java\com\graphhopper\util\CustomModel.java,159
JDK:java.base,N/A,false,ObjectCreationExpr,java.lang.StringBuilder,StringBuilder,C:\Users\tyin363\Documents\repos\graphhopper__graphhopper\web-api\src\main\java\com\graphhopper\util\Helper.java,371
CLIENT:client-code,N/A,false,MethodCallExpr,com.graphhopper.util.Instruction,getTime,C:\Users\tyin363\Documents\repos\graphhopper__graphhopper\web-api\src\main\java\com\graphhopper\jackson\InstructionListSerializer.java,44
com.fasterxml.jackson.core:jackson-databind,2.19.2,false,MethodCallExpr,com.fasterxml.jackson.databind.JsonNode,get,C:\Users\tyin363\Documents\repos\graphhopper__graphhopper\web-api\src\main\java\com\graphhopper\jackson\ResponsePathDeserializerHelper.java,87
JDK:java.base,N/A,false,ClassOrInterfaceType,java.lang.String,String,C:\Users\tyin363\Documents\repos\graphhopper__graphhopper\web-api\src\main\java\com\graphhopper\json\Statement.java,99
JDK:java.base,N/A,false,ClassOrInterfaceType,java.util.Map,Map,C:\Users\tyin363\Documents\repos\graphhopper__graphhopper\web-api\src\main\java\com\graphhopper\util\Instruction.java,55
JDK:java.base,N/A,false,FieldAccessExpr,java.lang.Integer,MAX_VALUE,C:\Users\tyin363\Documents\repos\graphhopper__graphhopper\web-api\src\main\java\com\graphhopper\util\Helper.java,243
JDK:java.base,N/A,false,MethodCallExpr,java.lang.StringBuilder,append,C:\Users\tyin363\Documents\repos\graphhopper__graphhopper\web-api\src\main\java\com\graphhopper\jackson\ResponsePathSerializer.java,77
CLIENT:client-code,N/A,false,ClassOrInterfaceType,com.graphhopper.util.details.PathDetail,PathDetail,C:\Users\tyin363\Documents\repos\graphhopper__graphhopper\web-api\src\main\java\com\graphhopper\ResponsePath.java,264
CLIENT:client-code,N/A,false,MethodCallExpr,com.graphhopper.util.Translation,tr,C:\Users\tyin363\Documents\repos\graphhopper__graphhopper\web-api\src\main\java\com\graphhopper\util\Instruction.java,243
JDK:java.base,N/A,false,MethodCallExpr,java.util.Collections,singletonMap,C:\Users\tyin363\Documents\repos\graphhopper__graphhopper\web-api\src\main\java\com\graphhopper\util\exceptions\MaximumNodesExceededException.java,29
CLIENT:client-code,N/A,false,ObjectCreationExpr,com.graphhopper.util.shapes.GHPoint,GHPoint,C:\Users\tyin363\Documents\repos\graphhopper__graphhopper\web-api\src\main\java\com\graphhopper\util\shapes\GHPoint.java,65
CLIENT:client-code,N/A,false,MethodCallExpr,com.graphhopper.util.PointList,add,C:\Users\tyin363\Documents\repos\graphhopper__graphhopper\web-api\src\main\java\com\graphhopper\util\PointList.java,220
JDK:java.base,N/A,false,ClassOrInterfaceType,java.util.List,List,C:\Users\tyin363\Documents\repos\graphhopper__graphhopper\web-api\src\main\java\com\graphhopper\jackson\MultiExceptionSerializer.java,35
JDK:java.base,N/A,false,ClassOrInterfaceType,java.lang.String,String,C:\Users\tyin363\Documents\repos\graphhopper__graphhopper\web-api\src\main\java\com\graphhopper\util\Parameters.java,97
JDK:java.base,N/A,false,MethodCallExpr,java.util.List,add,C:\Users\tyin363\Documents\repos\graphhopper__graphhopper\web-api\src\main\java\com\graphhopper\jackson\ResponsePathDeserializerHelper.java,285
JDK:java.base,N/A,false,MethodCallExpr,java.lang.Math,round,C:\Users\tyin363\Documents\repos\graphhopper__graphhopper\web-api\src\main\java\com\graphhopper\util\Helper.java,269
CLIENT:client-code,N/A,false,MethodCallExpr,com.graphhopper.util.PointList,size,C:\Users\tyin363\Documents\repos\graphhopper__graphhopper\web-api\src\main\java\com\graphhopper\util\PointList.java,524
CLIENT:client-code,N/A,false,ClassOrInterfaceType,com.graphhopper.GHRequest,GHRequest,C:\Users\tyin363\Documents\repos\graphhopper__graphhopper\web-api\src\main\java\com\graphhopper\GHRequest.java,151
CLIENT:client-code,N/A,false,MethodCallExpr,com.graphhopper.util.details.PathDetail,getFirst,C:\Users\tyin363\Documents\repos\graphhopper__graphhopper\web-api\src\main\java\com\graphhopper\jackson\PathDetailSerializer.java,35
CLIENT:client-code,N/A,false,MethodCallExpr,com.graphhopper.ResponsePath,setPoints,C:\Users\tyin363\Documents\repos\graphhopper__graphhopper\web-api\src\main\java\com\graphhopper\jackson\ResponsePathDeserializerHelper.java,75
com.fasterxml.jackson.core:jackson-databind,2.19.2,false,MethodCallExpr,com.fasterxml.jackson.databind.JsonNode,get,C:\Users\tyin363\Documents\repos\graphhopper__graphhopper\web-api\src\main\java\com\graphhopper\jackson\ResponsePathDeserializerHelper.java,86
JDK:java.base,N/A,false,MethodCallExpr,java.lang.String,split,C:\Users\tyin363\Documents\repos\graphhopper__graphhopper\web-api\src\main\java\com\graphhopper\util\Helper.java,410
CLIENT:client-code,N/A,false,ClassOrInterfaceType,com.graphhopper.util.shapes.GHPoint,GHPoint,C:\Users\tyin363\Documents\repos\graphhopper__graphhopper\web-api\src\main\java\com\graphhopper\util\shapes\GHPoint.java,99
JDK:java.base,N/A,false,FieldAccessExpr,java.lang.Double,NaN,C:\Users\tyin363\Documents\repos\graphhopper__graphhopper\web-api\src\main\java\com\graphhopper\util\FinishInstruction.java,47
org.locationtech.jts:jts-core,1.20.0,true,ClassOrInterfaceType,org.locationtech.jts.geom.Envelope,Envelope,C:\Users\tyin363\Documents\repos\graphhopper__graphhopper\web-api\src\main\java\com\graphhopper\ResponsePath.java,225
CLIENT:client-code,N/A,false,ClassOrInterfaceType,com.graphhopper.util.Translation,Translation,C:\Users\tyin363\Documents\repos\graphhopper__graphhopper\web-api\src\main\java\com\graphhopper\util\Instruction.java,168
CLIENT:client-code,N/A,false,MethodCallExpr,com.graphhopper.ResponsePath,setDistance,C:\Users\tyin363\Documents\repos\graphhopper__graphhopper\web-api\src\main\java\com\graphhopper\jackson\ResponsePathDeserializerHelper.java,174
JDK:java.base,N/A,false,MethodCallExpr,java.util.List,add,C:\Users\tyin363\Documents\repos\graphhopper__graphhopper\web-api\src\main\java\com\graphhopper\util\CustomModel.java,95
JDK:java.base,N/A,false,ClassOrInterfaceType,java.util.HashMap,HashMap,C:\Users\tyin363\Documents\repos\graphhopper__graphhopper\web-api\src\main\java\com\graphhopper\jackson\ResponsePathDeserializerHelper.java,147
JDK:java.base,N/A,false,ClassOrInterfaceType,java.lang.IllegalArgumentException,IllegalArgumentException,C:\Users\tyin363\Documents\repos\graphhopper__graphhopper\web-api\src\main\java\com\graphhopper\util\ShallowImmutablePointList.java,37
JDK:java.base,N/A,false,ClassOrInterfaceType,java.lang.String,String,C:\Users\tyin363\Documents\repos\graphhopper__graphhopper\web-api\src\main\java\com\graphhopper\json\Statement.java,97
CLIENT:client-code,N/A,false,ClassOrInterfaceType,com.graphhopper.util.CustomModel,CustomModel,C:\Users\tyin363\Documents\repos\graphhopper__graphhopper\web-api\src\main\java\com\graphhopper\util\CustomModel.java,139
CLIENT:client-code,N/A,false,MethodCallExpr,com.graphhopper.util.Helper,idealByteArraySize,C:\Users\tyin363\Documents\repos\graphhopper__graphhopper\web-api\src\main\java\com\graphhopper\util\Helper.java,115
CLIENT:client-code,N/A,false,ClassOrInterfaceType,com.graphhopper.util.Translation,Translation,C:\Users\tyin363\Documents\repos\graphhopper__graphhopper\web-api\src\main\java\com\graphhopper\util\FinishInstruction.java,56
JDK:java.base,N/A,false,ClassOrInterfaceType,java.lang.String,String,C:\Users\tyin363\Documents\repos\graphhopper__graphhopper\web-api\src\main\java\com\graphhopper\util\Parameters.java,98
JDK:java.base,N/A,false,ClassOrInterfaceType,java.lang.RuntimeException,RuntimeException,C:\Users\tyin363\Documents\repos\graphhopper__graphhopper\web-api\src\main\java\com\graphhopper\util\Helper.java,173
CLIENT:client-code,N/A,false,ClassOrInterfaceType,com.graphhopper.util.shapes.GHPoint,GHPoint,C:\Users\tyin363\Documents\repos\graphhopper__graphhopper\web-api\src\main\java\com\graphhopper\GHRequest.java,66
JDK:java.base,N/A,false,ClassOrInterfaceType,java.lang.String,String,C:\Users\tyin363\Documents\repos\graphhopper__graphhopper\web-api\src\main\java\com\graphhopper\util\Helper.java,99
JDK:java.base,N/A,false,FieldAccessExpr,java.lang.Double,MAX_VALUE,C:\Users\tyin363\Documents\repos\graphhopper__graphhopper\web-api\src\main\java\com\graphhopper\util\Helper.java,278
CLIENT:client-code,N/A,false,MethodCallExpr,com.graphhopper.util.PointList,equalsEps,C:\Users\tyin363\Documents\repos\graphhopper__graphhopper\web-api\src\main\java\com\graphhopper\util\PointList.java,404
JDK:java.base,N/A,false,ObjectCreationExpr,java.util.HashMap,HashMap,C:\Users\tyin363\Documents\repos\graphhopper__graphhopper\web-api\src\main\java\com\graphhopper\util\RoundaboutInstruction.java,99
CLIENT:client-code,N/A,false,ClassOrInterfaceType,com.graphhopper.util.exceptions.GHException,GHException,C:\Users\tyin363\Documents\repos\graphhopper__graphhopper\web-api\src\main\java\com\graphhopper\util\exceptions\DetailedRuntimeException.java,25
JDK:java.base,N/A,false,FieldAccessExpr,java.util.Locale,ROOT,C:\Users\tyin363\Documents\repos\graphhopper__graphhopper\web-api\src\main\java\com\graphhopper\util\Helper.java,60
JDK:java.base,N/A,false,ClassOrInterfaceType,java.util.List,List,C:\Users\tyin363\Documents\repos\graphhopper__graphhopper\web-api\src\main\java\com\graphhopper\jackson\ResponsePathDeserializerHelper.java,63
JDK:java.base,N/A,false,ClassOrInterfaceType,java.lang.String,String,C:\Users\tyin363\Documents\repos\graphhopper__graphhopper\web-api\src\main\java\com\graphhopper\GHRequest.java,217
JDK:java.base,N/A,false,ClassOrInterfaceType,java.util.List,List,C:\Users\tyin363\Documents\repos\graphhopper__graphhopper\web-api\src\main\java\com\graphhopper\GHRequest.java,190
com.fasterxml.jackson.core:jackson-core,2.19.2,false,ClassOrInterfaceType,com.fasterxml.jackson.core.JsonGenerationException,JsonGenerationException,C:\Users\tyin363\Documents\repos\graphhopper__graphhopper\web-api\src\main\java\com\graphhopper\jackson\PathDetailSerializer.java,53
JDK:java.base,N/A,false,ClassOrInterfaceType,java.lang.Object,Object,C:\Users\tyin363\Documents\repos\graphhopper__graphhopper\web-api\src\main\java\com\graphhopper\util\exceptions\DetailedRuntimeException.java,37
CLIENT:client-code,N/A,false,ClassOrInterfaceType,com.graphhopper.Trip.Stop,Stop,C:\Users\tyin363\Documents\repos\graphhopper__graphhopper\web-api\src\main\java\com\graphhopper\Trip.java,112
com.fasterxml.jackson.core:jackson-databind,2.19.2,false,ClassOrInterfaceType,com.fasterxml.jackson.databind.JsonSerializer,JsonSerializer,C:\Users\tyin363\Documents\repos\graphhopper__graphhopper\web-api\src\main\java\com\graphhopper\jackson\PathDetailSerializer.java,29
JDK:java.base,N/A,false,ClassOrInterfaceType,java.util.Date,Date,C:\Users\tyin363\Documents\repos\graphhopper__graphhopper\web-api\src\main\java\com\graphhopper\Trip.java,133
org.locationtech.jts:jts-core,1.20.0,true,ClassOrInterfaceType,org.locationtech.jts.geom.Envelope,Envelope,C:\Users\tyin363\Documents\repos\graphhopper__graphhopper\web-api\src\main\java\com\graphhopper\jackson\JtsEnvelopeDeserializer.java,31
CLIENT:client-code,N/A,false,MethodCallExpr,com.graphhopper.util.Instruction,_getName,C:\Users\tyin363\Documents\repos\graphhopper__graphhopper\web-api\src\main\java\com\graphhopper\util\Instruction.java,173
com.fasterxml.jackson.core:jackson-databind,2.19.2,false,ClassOrInterfaceType,com.fasterxml.jackson.databind.JsonNode,JsonNode,C:\Users\tyin363\Documents\repos\graphhopper__graphhopper\web-api\src\main\java\com\graphhopper\jackson\ResponsePathDeserializerHelper.java,64
CLIENT:client-code,N/A,false,ClassOrInterfaceType,com.graphhopper.util.PointList,PointList,C:\Users\tyin363\Documents\repos\graphhopper__graphhopper\web-api\src\main\java\com\graphhopper\util\Instruction.java,49
CLIENT:client-code,N/A,false,MethodCallExpr,com.graphhopper.util.Instruction,getDistance,C:\Users\tyin363\Documents\repos\graphhopper__graphhopper\web-api\src\main\java\com\graphhopper\util\ViaInstruction.java,32
CLIENT:client-code,N/A,false,MethodCallExpr,com.graphhopper.util.PointList,getLon,C:\Users\tyin363\Documents\repos\graphhopper__graphhopper\web-api\src\main\java\com\graphhopper\util\PointList.java,428
JDK:java.base,N/A,false,ClassOrInterfaceType,java.lang.String,String,C:\Users\tyin363\Documents\repos\graphhopper__graphhopper\web-api\src\main\java\com\graphhopper\util\PMap.java,33
CLIENT:client-code,N/A,false,MethodCallExpr,com.graphhopper.ResponsePath,setDescend,C:\Users\tyin363\Documents\repos\graphhopper__graphhopper\web-api\src\main\java\com\graphhopper\jackson\ResponsePathDeserializerHelper.java,55
CLIENT:client-code,N/A,false,FieldAccessExpr,com.graphhopper.Trip.Leg,distance,C:\Users\tyin363\Documents\repos\graphhopper__graphhopper\web-api\src\main\java\com\graphhopper\Trip.java,23
JDK:java.base,N/A,false,ClassOrInterfaceType,java.util.ArrayList,ArrayList,C:\Users\tyin363\Documents\repos\graphhopper__graphhopper\web-api\src\main\java\com\graphhopper\jackson\Gpx.java,49
CLIENT:client-code,N/A,false,MethodCallExpr,com.graphhopper.ResponsePath,check,C:\Users\tyin363\Documents\repos\graphhopper__graphhopper\web-api\src\main\java\com\graphhopper\ResponsePath.java,116
JDK:java.base,N/A,false,ClassOrInterfaceType,java.util.List,List,C:\Users\tyin363\Documents\repos\graphhopper__graphhopper\web-api\src\main\java\com\graphhopper\util\TurnCostsConfig.java,71
JDK:java.base,N/A,false,MethodCallExpr,java.util.List,add,C:\Users\tyin363\Documents\repos\graphhopper__graphhopper\web-api\src\main\java\com\graphhopper\jackson\ResponsePathDeserializerHelper.java,279
CLIENT:client-code,N/A,false,ClassOrInterfaceType,com.graphhopper.util.CustomModel,CustomModel,C:\Users\tyin363\Documents\repos\graphhopper__graphhopper\web-api\src\main\java\com\graphhopper\GHRequest.java,159
JDK:java.base,N/A,false,ClassOrInterfaceType,java.lang.UnsupportedOperationException,UnsupportedOperationException,C:\Users\tyin363\Documents\repos\graphhopper__graphhopper\web-api\src\main\java\com\graphhopper\jackson\ResponsePathDeserializerHelper.java,259
CLIENT:client-code,N/A,false,ClassOrInterfaceType,com.graphhopper.Trip,Trip,C:\Users\tyin363\Documents\repos\graphhopper__graphhopper\web-api\src\main\java\com\graphhopper\ResponsePath.java,319
JDK:java.base,N/A,false,ObjectCreationExpr,java.util.ArrayList,ArrayList,C:\Users\tyin363\Documents\repos\graphhopper__graphhopper\web-api\src\main\java\com\graphhopper\util\InstructionList.java,35
com.fasterxml.jackson.core:jackson-databind,2.19.2,false,MethodCallExpr,com.fasterxml.jackson.databind.JsonNode,get,C:\Users\tyin363\Documents\repos\graphhopper__graphhopper\web-api\src\main\java\com\graphhopper\jackson\ResponsePathDeserializerHelper.java,100
com.fasterxml.jackson.core:jackson-core,2.19.2,false,MethodCallExpr,com.fasterxml.jackson.core.JsonGenerator,writeNumber,C:\Users\tyin363\Documents\repos\graphhopper__graphhopper\web-api\src\main\java\com\graphhopper\jackson\PathDetailSerializer.java,43
CLIENT:client-code,N/A,false,MethodCallExpr,com.graphhopper.util.PointList,size,C:\Users\tyin363\Documents\repos\graphhopper__graphhopper\web-api\src\main\java\com\graphhopper\ResponsePath.java,236
CLIENT:client-code,N/A,false,ClassOrInterfaceType,com.graphhopper.jackson.JtsEnvelopeDeserializer,JtsEnvelopeDeserializer,C:\Users\tyin363\Documents\repos\graphhopper__graphhopper\web-api\src\main\java\com\graphhopper\jackson\GraphHopperModule.java,32
CLIENT:client-code,N/A,false,MethodCallExpr,com.graphhopper.util.PointList,add,C:\Users\tyin363\Documents\repos\graphhopper__graphhopper\web-api\src\main\java\com\graphhopper\util\FinishInstruction.java,27
JDK:java.base,N/A,false,MethodCallExpr,java.lang.Runtime,getRuntime,C:\Users\tyin363\Documents\repos\graphhopper__graphhopper\web-api\src\main\java\com\graphhopper\util\Helper.java,146
JDK:java.base,N/A,false,ObjectCreationExpr,java.lang.IllegalStateException,IllegalStateException,C:\Users\tyin363\Documents\repos\graphhopper__graphhopper\web-api\src\main\java\com\graphhopper\jackson\ResponsePathDeserializerHelper.java,262
JDK:java.base,N/A,false,ClassOrInterfaceType,java.lang.UnsupportedOperationException,UnsupportedOperationException,C:\Users\tyin363\Documents\repos\graphhopper__graphhopper\web-api\src\main\java\com\graphhopper\util\ShallowImmutablePointList.java,135
JDK:java.base,N/A,false,ClassOrInterfaceType,java.lang.IllegalArgumentException,IllegalArgumentException,C:\Users\tyin363\Documents\repos\graphhopper__graphhopper\web-api\src\main\java\com\graphhopper\util\PMap.java,87
com.fasterxml.jackson.core:jackson-databind,2.19.2,false,ClassOrInterfaceType,com.fasterxml.jackson.databind.DeserializationContext,DeserializationContext,C:\Users\tyin363\Documents\repos\graphhopper__graphhopper\web-api\src\main\java\com\graphhopper\jackson\PathDetailDeserializer.java,33
com.fasterxml.jackson.core:jackson-databind,2.19.2,false,MethodCallExpr,com.fasterxml.jackson.databind.JsonNode,has,C:\Users\tyin363\Documents\repos\graphhopper__graphhopper\web-api\src\main\java\com\graphhopper\jackson\ResponsePathDeserializerHelper.java,60
org.locationtech.jts:jts-core,1.20.0,true,ClassOrInterfaceType,org.locationtech.jts.geom.Envelope,Envelope,C:\Users\tyin363\Documents\repos\graphhopper__graphhopper\web-api\src\main\java\com\graphhopper\jackson\JtsEnvelopeDeserializer.java,29
CLIENT:client-code,N/A,false,FieldAccessExpr,com.graphhopper.util.PointList,isImmutable,C:\Users\tyin363\Documents\repos\graphhopper__graphhopper\web-api\src\main\java\com\graphhopper\util\PointList.java,463
JDK:java.base,N/A,false,ClassOrInterfaceType,java.lang.String,String,C:\Users\tyin363\Documents\repos\graphhopper__graphhopper\web-api\src\main\java\com\graphhopper\util\ViaInstruction.java,54
JDK:java.base,N/A,false,MethodCallExpr,java.lang.String,trim,C:\Users\tyin363\Documents\repos\graphhopper__graphhopper\web-api\src\main\java\com\graphhopper\util\Helper.java,178
org.locationtech.jts:jts-core,1.20.0,true,MethodCallExpr,org.locationtech.jts.geom.Envelope,getMinX,C:\Users\tyin363\Documents\repos\graphhopper__graphhopper\web-api\src\main\java\com\graphhopper\jackson\JtsEnvelopeSerializer.java,33
JDK:java.base,N/A,false,ClassOrInterfaceType,java.lang.UnsupportedOperationException,UnsupportedOperationException,C:\Users\tyin363\Documents\repos\graphhopper__graphhopper\web-api\src\main\java\com\graphhopper\util\PointList.java,106
CLIENT:client-code,N/A,false,MethodCallExpr,com.graphhopper.util.Translation,tr,C:\Users\tyin363\Documents\repos\graphhopper__graphhopper\web-api\src\main\java\com\graphhopper\util\ViaInstruction.java,58
CLIENT:client-code,N/A,false,MethodCallExpr,com.graphhopper.util.RoundaboutInstruction,setRadian,C:\Users\tyin363\Documents\repos\graphhopper__graphhopper\web-api\src\main\java\com\graphhopper\jackson\ResponsePathDeserializerHelper.java,112
com.fasterxml.jackson.core:jackson-databind,2.19.2,false,ClassOrInterfaceType,com.fasterxml.jackson.databind.SerializerProvider,SerializerProvider,C:\Users\tyin363\Documents\repos\graphhopper__graphhopper\web-api\src\main\java\com\graphhopper\jackson\PathDetailSerializer.java,32
CLIENT:client-code,N/A,false,ClassOrInterfaceType,com.graphhopper.util.PointList,PointList,C:\Users\tyin363\Documents\repos\graphhopper__graphhopper\web-api\src\main\java\com\graphhopper\util\PointList.java,424
CLIENT:client-code,N/A,false,ClassOrInterfaceType,com.graphhopper.util.exceptions.DetailedIllegalArgumentException,DetailedIllegalArgumentException,C:\Users\tyin363\Documents\repos\graphhopper__graphhopper\web-api\src\main\java\com\graphhopper\util\exceptions\MaximumNodesExceededException.java,22
CLIENT:client-code,N/A,false,MethodCallExpr,com.graphhopper.util.ViaInstruction,setViaCount,C:\Users\tyin363\Documents\repos\graphhopper__graphhopper\web-api\src\main\java\com\graphhopper\jackson\ResponsePathDeserializerHelper.java,118
CLIENT:client-code,N/A,false,ClassOrInterfaceType,com.graphhopper.Trip.Leg,Leg,C:\Users\tyin363\Documents\repos\graphhopper__graphhopper\web-api\src\main\java\com\graphhopper\ResponsePath.java,48
CLIENT:client-code,N/A,false,FieldAccessExpr,com.graphhopper.util.JsonFeature,geometry,C:\Users\tyin363\Documents\repos\graphhopper__graphhopper\web-api\src\main\java\com\graphhopper\util\JsonFeature.java,48
CLIENT:client-code,N/A,false,ClassOrInterfaceType,com.graphhopper.util.PointList,PointList,C:\Users\tyin363\Documents\repos\graphhopper__graphhopper\web-api\src\main\java\com\graphhopper\jackson\ResponsePathDeserializerHelper.java,178
JDK:java.base,N/A,false,MethodCallExpr,javax.lang.model.SourceVersion,isKeyword,C:\Users\tyin363\Documents\repos\graphhopper__graphhopper\web-api\src\main\java\com\graphhopper\util\JsonFeature.java,98
CLIENT:client-code,N/A,false,FieldAccessExpr,com.graphhopper.Trip.PtLeg,trip_id,C:\Users\tyin363\Documents\repos\graphhopper__graphhopper\web-api\src\main\java\com\graphhopper\Trip.java,120
JDK:java.base,N/A,false,MethodCallExpr,java.util.Optional,ofNullable,C:\Users\tyin363\Documents\repos\graphhopper__graphhopper\web-api\src\main\java\com\graphhopper\jackson\Gpx.java,40
CLIENT:client-code,N/A,false,ObjectCreationExpr,com.graphhopper.jackson.StatementDeserializer,StatementDeserializer,C:\Users\tyin363\Documents\repos\graphhopper__graphhopper\web-api\src\main\java\com\graphhopper\jackson\GraphHopperModule.java,30
JDK:java.base,N/A,false,MethodCallExpr,java.util.List,add,C:\Users\tyin363\Documents\repos\graphhopper__graphhopper\web-api\src\main\java\com\graphhopper\jackson\ResponsePathDeserializerHelper.java,281
JDK:java.base,N/A,false,ClassOrInterfaceType,java.lang.String,String,C:\Users\tyin363\Documents\repos\graphhopper__graphhopper\web-api\src\main\java\com\graphhopper\util\PMap.java,162
JDK:java.base,N/A,false,ClassOrInterfaceType,java.lang.String,String,C:\Users\tyin363\Documents\repos\graphhopper__graphhopper\web-api\src\main\java\com\graphhopper\util\Helper.java,87
CLIENT:client-code,N/A,false,MethodCallExpr,com.graphhopper.util.Helper,removeDir,C:\Users\tyin363\Documents\repos\graphhopper__graphhopper\web-api\src\main\java\com\graphhopper\util\Helper.java,134
JDK:java.base,N/A,false,ClassOrInterfaceType,java.io.IOException,IOException,C:\Users\tyin363\Documents\repos\graphhopper__graphhopper\web-api\src\main\java\com\graphhopper\jackson\MultiExceptionSerializer.java,34
CLIENT:client-code,N/A,false,MethodCallExpr,com.graphhopper.json.Statement,toString,C:\Users\tyin363\Documents\repos\graphhopper__graphhopper\web-api\src\main\java\com\graphhopper\json\Statement.java,69
JDK:java.base,N/A,false,MethodCallExpr,java.util.List,size,C:\Users\tyin363\Documents\repos\graphhopper__graphhopper\web-api\src\main\java\com\graphhopper\util\InstructionList.java,41
JDK:java.base,N/A,false,ClassOrInterfaceType,java.lang.String,String,C:\Users\tyin363\Documents\repos\graphhopper__graphhopper\web-api\src\main\java\com\graphhopper\util\Parameters.java,110
JDK:java.base,N/A,false,MethodCallExpr,java.util.List,of,C:\Users\tyin363\Documents\repos\graphhopper__graphhopper\web-api\src\main\java\com\graphhopper\util\TurnCostsConfig.java,41
CLIENT:client-code,N/A,false,ClassOrInterfaceType,com.graphhopper.util.TurnCostsConfig,TurnCostsConfig,C:\Users\tyin363\Documents\repos\graphhopper__graphhopper\web-api\src\main\java\com\graphhopper\util\TurnCostsConfig.java,96
com.fasterxml.jackson.core:jackson-core,2.19.2,false,MethodCallExpr,com.fasterxml.jackson.core.JsonGenerator,writeNumber,C:\Users\tyin363\Documents\repos\graphhopper__graphhopper\web-api\src\main\java\com\graphhopper\jackson\PathDetailSerializer.java,41
org.locationtech.jts:jts-core,1.20.0,true,ClassOrInterfaceType,org.locationtech.jts.geom.Envelope,Envelope,C:\Users\tyin363\Documents\repos\graphhopper__graphhopper\web-api\src\main\java\com\graphhopper\jackson\JtsEnvelopeDeserializer.java,27
CLIENT:client-code,N/A,false,ClassOrInterfaceType,com.graphhopper.jackson.GHPointDeserializer,GHPointDeserializer,C:\Users\tyin363\Documents\repos\graphhopper__graphhopper\web-api\src\main\java\com\graphhopper\jackson\GraphHopperModule.java,34
CLIENT:client-code,N/A,false,ClassOrInterfaceType,com.graphhopper.util.PointList,PointList,C:\Users\tyin363\Documents\repos\graphhopper__graphhopper\web-api\src\main\java\com\graphhopper\jackson\ResponsePathDeserializerHelper.java,179
JDK:java.base,N/A,false,MethodCallExpr,java.util.stream.Stream,map,C:\Users\tyin363\Documents\repos\graphhopper__graphhopper\web-api\src\main\java\com\graphhopper\jackson\StatementDeserializer.java,83
JDK:java.base,N/A,false,ObjectCreationExpr,java.lang.UnsupportedOperationException,UnsupportedOperationException,C:\Users\tyin363\Documents\repos\graphhopper__graphhopper\web-api\src\main\java\com\graphhopper\util\ShallowImmutablePointList.java,135
CLIENT:client-code,N/A,false,ClassOrInterfaceType,com.graphhopper.util.PointList,PointList,C:\Users\tyin363\Documents\repos\graphhopper__graphhopper\web-api\src\main\java\com\graphhopper\util\PointList.java,425
JDK:java.base,N/A,false,ClassOrInterfaceType,java.lang.Object,Object,C:\Users\tyin363\Documents\repos\graphhopper__graphhopper\web-api\src\main\java\com\graphhopper\util\RoundaboutInstruction.java,99
JDK:java.base,N/A,false,FieldAccessExpr,java.lang.Integer,MAX_VALUE,C:\Users\tyin363\Documents\repos\graphhopper__graphhopper\web-api\src\main\java\com\graphhopper\util\Helper.java,255
CLIENT:client-code,N/A,false,FieldAccessExpr,com.graphhopper.util.Instruction,name,C:\Users\tyin363\Documents\repos\graphhopper__graphhopper\web-api\src\main\java\com\graphhopper\util\Instruction.java,63
CLIENT:client-code,N/A,false,ObjectCreationExpr,com.graphhopper.jackson.PathDetailDeserializer,PathDetailDeserializer,C:\Users\tyin363\Documents\repos\graphhopper__graphhopper\web-api\src\main\java\com\graphhopper\jackson\GraphHopperModule.java,36
CLIENT:client-code,N/A,false,ClassOrInterfaceType,com.graphhopper.util.PointList,PointList,C:\Users\tyin363\Documents\repos\graphhopper__graphhopper\web-api\src\main\java\com\graphhopper\jackson\ResponsePathDeserializerHelper.java,47
JDK:java.base,N/A,false,FieldAccessExpr,java.nio.charset.StandardCharsets,UTF_8,C:\Users\tyin363\Documents\repos\graphhopper__graphhopper\web-api\src\main\java\com\graphhopper\util\Helper.java,34
CLIENT:client-code,N/A,false,ClassOrInterfaceType,com.graphhopper.Trip.Stop,Stop,C:\Users\tyin363\Documents\repos\graphhopper__graphhopper\web-api\src\main\java\com\graphhopper\Trip.java,116
CLIENT:client-code,N/A,false,ClassOrInterfaceType,com.graphhopper.util.InstructionList,InstructionList,C:\Users\tyin363\Documents\repos\graphhopper__graphhopper\web-api\src\main\java\com\graphhopper\jackson\InstructionListSerializer.java,32
JDK:java.base,N/A,false,FieldAccessExpr,java.util.Locale,ROOT,C:\Users\tyin363\Documents\repos\graphhopper__graphhopper\web-api\src\main\java\com\graphhopper\util\Helper.java,64
JDK:java.base,N/A,false,MethodCallExpr,java.io.File,listFiles,C:\Users\tyin363\Documents\repos\graphhopper__graphhopper\web-api\src\main\java\com\graphhopper\util\Helper.java,133
org.locationtech.jts:jts-core,1.20.0,true,FieldAccessExpr,org.locationtech.jts.geom.Coordinate,x,C:\Users\tyin363\Documents\repos\graphhopper__graphhopper\web-api\src\main\java\com\graphhopper\util\PointList.java,353
com.fasterxml.jackson.core:jackson-databind,2.19.2,false,MethodCallExpr,com.fasterxml.jackson.databind.JsonNode,isNull,C:\Users\tyin363\Documents\repos\graphhopper__graphhopper\web-api\src\main\java\com\graphhopper\jackson\StatementDeserializer.java,93
JDK:java.base,N/A,false,ClassOrInterfaceType,java.util.List,List,C:\Users\tyin363\Documents\repos\graphhopper__graphhopper\web-api\src\main\java\com\graphhopper\GHResponse.java,35
JDK:java.base,N/A,false,ClassOrInterfaceType,java.io.IOException,IOException,C:\Users\tyin363\Documents\repos\graphhopper__graphhopper\web-api\src\main\java\com\graphhopper\util\Helper.java,73
CLIENT:client-code,N/A,false,ClassOrInterfaceType,com.graphhopper.util.PointAccess,PointAccess,C:\Users\tyin363\Documents\repos\graphhopper__graphhopper\web-api\src\main\java\com\graphhopper\util\PointList.java,40
JDK:java.base,N/A,false,MethodCallExpr,java.util.List,add,C:\Users\tyin363\Documents\repos\graphhopper__graphhopper\web-api\src\main\java\com\graphhopper\jackson\ResponsePathDeserializerHelper.java,274
JDK:java.base,N/A,false,ClassOrInterfaceType,java.lang.IllegalArgumentException,IllegalArgumentException,C:\Users\tyin363\Documents\repos\graphhopper__graphhopper\web-api\src\main\java\com\graphhopper\jackson\ResponsePathSerializer.java,47
JDK:java.base,N/A,false,ClassOrInterfaceType,java.util.Date,Date,C:\Users\tyin363\Documents\repos\graphhopper__graphhopper\web-api\src\main\java\com\graphhopper\Trip.java,128
JDK:java.base,N/A,false,MethodCallExpr,java.lang.Double,doubleToLongBits,C:\Users\tyin363\Documents\repos\graphhopper__graphhopper\web-api\src\main\java\com\graphhopper\util\shapes\GHPoint.java,90
JDK:java.base,N/A,false,ClassOrInterfaceType,java.lang.Object,Object,C:\Users\tyin363\Documents\repos\graphhopper__graphhopper\web-api\src\main\java\com\graphhopper\util\RoundaboutInstruction.java,98
CLIENT:client-code,N/A,false,FieldAccessExpr,com.graphhopper.util.Instruction,PT_END_TRIP,C:\Users\tyin363\Documents\repos\graphhopper__graphhopper\web-api\src\main\java\com\graphhopper\util\Instruction.java,187
CLIENT:client-code,N/A,false,MethodCallExpr,com.graphhopper.ResponsePath,setDescription,C:\Users\tyin363\Documents\repos\graphhopper__graphhopper\web-api\src\main\java\com\graphhopper\jackson\ResponsePathDeserializerHelper.java,67
JDK:java.base,N/A,false,MethodCallExpr,java.lang.String,startsWith,C:\Users\tyin363\Documents\repos\graphhopper__graphhopper\web-api\src\main\java\com\graphhopper\util\PMap.java,80
CLIENT:client-code,N/A,false,FieldAccessExpr,com.graphhopper.util.JsonFeature,id,C:\Users\tyin363\Documents\repos\graphhopper__graphhopper\web-api\src\main\java\com\graphhopper\util\JsonFeature.java,45
JDK:java.base,N/A,false,ClassOrInterfaceType,java.lang.String,String,C:\Users\tyin363\Documents\repos\graphhopper__graphhopper\web-api\src\main\java\com\graphhopper\util\RoundaboutInstruction.java,111
CLIENT:client-code,N/A,false,ObjectCreationExpr,com.graphhopper.util.shapes.GHPoint,GHPoint,C:\Users\tyin363\Documents\repos\graphhopper__graphhopper\web-api\src\main\java\com\graphhopper\util\shapes\GHPoint.java,53
JDK:java.base,N/A,false,ClassOrInterfaceType,java.util.List,List,C:\Users\tyin363\Documents\repos\graphhopper__graphhopper\web-api\src\main\java\com\graphhopper\GHRequest.java,195
CLIENT:client-code,N/A,false,ClassOrInterfaceType,com.graphhopper.util.JsonFeature,JsonFeature,C:\Users\tyin363\Documents\repos\graphhopper__graphhopper\web-api\src\main\java\com\graphhopper\jackson\CustomModelAreasDeserializer.java,35
JDK:java.base,N/A,false,MethodCallExpr,java.lang.Object,getClass,C:\Users\tyin363\Documents\repos\graphhopper__graphhopper\web-api\src\main\java\com\graphhopper\jackson\MultiExceptionSerializer.java,42
JDK:java.base,N/A,false,ClassOrInterfaceType,java.lang.RuntimeException,RuntimeException,C:\Users\tyin363\Documents\repos\graphhopper__graphhopper\web-api\src\main\java\com\graphhopper\jackson\ResponsePathDeserializerHelper.java,263
JDK:java.base,N/A,false,MethodCallExpr,java.lang.Runtime,getRuntime,C:\Users\tyin363\Documents\repos\graphhopper__graphhopper\web-api\src\main\java\com\graphhopper\util\Helper.java,142
JDK:java.base,N/A,false,ClassOrInterfaceType,java.lang.UnsupportedOperationException,UnsupportedOperationException,C:\Users\tyin363\Documents\repos\graphhopper__graphhopper\web-api\src\main\java\com\graphhopper\util\ShallowImmutablePointList.java,130
org.locationtech.jts:jts-core,1.20.0,true,ClassOrInterfaceType,org.locationtech.jts.geom.Point,Point,C:\Users\tyin363\Documents\repos\graphhopper__graphhopper\web-api\src\main\java\com\graphhopper\util\shapes\GHPoint.java,40
com.fasterxml.jackson.core:jackson-databind,2.19.2,false,ClassOrInterfaceType,com.fasterxml.jackson.databind.JsonSerializer,JsonSerializer,C:\Users\tyin363\Documents\repos\graphhopper__graphhopper\web-api\src\main\java\com\graphhopper\jackson\StatementSerializer.java,27
CLIENT:client-code,N/A,false,MethodCallExpr,com.graphhopper.util.PointList,equalsEps,C:\Users\tyin363\Documents\repos\graphhopper__graphhopper\web-api\src\main\java\com\graphhopper\util\PointList.java,398
CLIENT:client-code,N/A,false,FieldAccessExpr,com.graphhopper.json.MinMax,max,C:\Users\tyin363\Documents\repos\graphhopper__graphhopper\web-api\src\main\java\com\graphhopper\json\MinMax.java,9
CLIENT:client-code,N/A,false,MethodCallExpr,com.graphhopper.util.details.PathDetail,getValue,C:\Users\tyin363\Documents\repos\graphhopper__graphhopper\web-api\src\main\java\com\graphhopper\jackson\PathDetailSerializer.java,38
JDK:java.base,N/A,false,ObjectCreationExpr,java.util.ArrayList,ArrayList,C:\Users\tyin363\Documents\repos\graphhopper__graphhopper\web-api\src\main\java\com\graphhopper\GHRequest.java,73
JDK:java.base,N/A,false,ObjectCreationExpr,java.util.ArrayList,ArrayList,C:\Users\tyin363\Documents\repos\graphhopper__graphhopper\web-api\src\main\java\com\graphhopper\util\CustomModel.java,93
CLIENT:client-code,N/A,false,MethodCallExpr,com.graphhopper.util.details.PathDetail,getFirst,C:\Users\tyin363\Documents\repos\graphhopper__graphhopper\web-api\src\main\java\com\graphhopper\util\details\PathDetail.java,63
JDK:java.base,N/A,false,ClassOrInterfaceType,java.io.File,File,C:\Users\tyin363\Documents\repos\graphhopper__graphhopper\web-api\src\main\java\com\graphhopper\util\Helper.java,127
CLIENT:client-code,N/A,false,MethodCallExpr,com.graphhopper.util.PointList,add,C:\Users\tyin363\Documents\repos\graphhopper__graphhopper\web-api\src\main\java\com\graphhopper\util\PointList.java,229
JDK:java.base,N/A,false,ClassOrInterfaceType,java.lang.Double,Double,C:\Users\tyin363\Documents\repos\graphhopper__graphhopper\web-api\src\main\java\com\graphhopper\util\shapes\GHPoint.java,115
CLIENT:client-code,N/A,false,MethodCallExpr,com.graphhopper.util.CustomModel,getAreas,C:\Users\tyin363\Documents\repos\graphhopper__graphhopper\web-api\src\main\java\com\graphhopper\util\CustomModel.java,186
JDK:java.base,N/A,false,MethodCallExpr,java.lang.Double,doubleToLongBits,C:\Users\tyin363\Documents\repos\graphhopper__graphhopper\web-api\src\main\java\com\graphhopper\util\shapes\GHPoint.java,89
JDK:java.base,N/A,false,ClassOrInterfaceType,java.lang.Object,Object,C:\Users\tyin363\Documents\repos\graphhopper__graphhopper\web-api\src\main\java\com\graphhopper\jackson\InstructionListSerializer.java,35
JDK:java.base,N/A,false,ClassOrInterfaceType,java.lang.String,String,C:\Users\tyin363\Documents\repos\graphhopper__graphhopper\web-api\src\main\java\com\graphhopper\util\Instruction.java,172
org.locationtech.jts:jts-core,1.20.0,true,ClassOrInterfaceType,org.locationtech.jts.geom.Coordinate,Coordinate,C:\Users\tyin363\Documents\repos\graphhopper__graphhopper\web-api\src\main\java\com\graphhopper\util\PointList.java,359
CLIENT:client-code,N/A,false,MethodCallExpr,com.graphhopper.util.Helper,round2,C:\Users\tyin363\Documents\repos\graphhopper__graphhopper\web-api\src\main\java\com\graphhopper\util\PointList.java,365
CLIENT:client-code,N/A,false,MethodCallExpr,com.graphhopper.util.PointList,getEle,C:\Users\tyin363\Documents\repos\graphhopper__graphhopper\web-api\src\main\java\com\graphhopper\util\PointList.java,343
JDK:java.base,N/A,false,ClassOrInterfaceType,java.lang.String,String,C:\Users\tyin363\Documents\repos\graphhopper__graphhopper\web-api\src\main\java\com\graphhopper\util\Parameters.java,105
CLIENT:client-code,N/A,false,MethodCallExpr,com.graphhopper.ResponsePath,getDebugInfo,C:\Users\tyin363\Documents\repos\graphhopper__graphhopper\web-api\src\main\java\com\graphhopper\GHResponse.java,85
CLIENT:client-code,N/A,false,MethodCallExpr,com.graphhopper.ResponsePath,check,C:\Users\tyin363\Documents\repos\graphhopper__graphhopper\web-api\src\main\java\com\graphhopper\ResponsePath.java,247
CLIENT:client-code,N/A,false,ClassOrInterfaceType,com.graphhopper.util.PointList,PointList,C:\Users\tyin363\Documents\repos\graphhopper__graphhopper\web-api\src\main\java\com\graphhopper\util\PointList.java,560
CLIENT:client-code,N/A,false,MethodCallExpr,com.graphhopper.util.details.PathDetail,getValue,C:\Users\tyin363\Documents\repos\graphhopper__graphhopper\web-api\src\main\java\com\graphhopper\jackson\PathDetailSerializer.java,39
JDK:java.base,N/A,false,ClassOrInterfaceType,java.util.List,List,C:\Users\tyin363\Documents\repos\graphhopper__graphhopper\web-api\src\main\java\com\graphhopper\util\TurnCostsConfig.java,66
JDK:java.base,N/A,false,MethodCallExpr,java.lang.Iterable,forEach,C:\Users\tyin363\Documents\repos\graphhopper__graphhopper\web-api\src\main\java\com\graphhopper\util\CustomModel.java,58
CLIENT:client-code,N/A,false,MethodCallExpr,com.graphhopper.util.PointList,add,C:\Users\tyin363\Documents\repos\graphhopper__graphhopper\web-api\src\main\java\com\graphhopper\util\FinishInstruction.java,35
JDK:java.base,N/A,false,ObjectCreationExpr,java.lang.UnsupportedOperationException,UnsupportedOperationException,C:\Users\tyin363\Documents\repos\graphhopper__graphhopper\web-api\src\main\java\com\graphhopper\util\ShallowImmutablePointList.java,130
JDK:java.base,N/A,false,ClassOrInterfaceType,java.util.List,List,C:\Users\tyin363\Documents\repos\graphhopper__graphhopper\web-api\src\main\java\com\graphhopper\GHResponse.java,33
CLIENT:client-code,N/A,false,MethodCallExpr,com.graphhopper.util.CustomModel,getAreas,C:\Users\tyin363\Documents\repos\graphhopper__graphhopper\web-api\src\main\java\com\graphhopper\util\CustomModel.java,53
CLIENT:client-code,N/A,false,MethodCallExpr,com.graphhopper.util.CustomModel,getDistanceInfluence,C:\Users\tyin363\Documents\repos\graphhopper__graphhopper\web-api\src\main\java\com\graphhopper\util\CustomModel.java,179
JDK:java.base,N/A,false,ClassOrInterfaceType,java.io.IOException,IOException,C:\Users\tyin363\Documents\repos\graphhopper__graphhopper\web-api\src\main\java\com\graphhopper\jackson\InstructionListSerializer.java,34
CLIENT:client-code,N/A,false,MethodCallExpr,com.graphhopper.ResponsePath,addPathDetails,C:\Users\tyin363\Documents\repos\graphhopper__graphhopper\web-api\src\main\java\com\graphhopper\jackson\ResponsePathDeserializerHelper.java,158
CLIENT:client-code,N/A,false,ObjectCreationExpr,com.graphhopper.util.exceptions.DetailedRuntimeException,DetailedRuntimeException,C:\Users\tyin363\Documents\repos\graphhopper__graphhopper\web-api\src\main\java\com\graphhopper\jackson\ResponsePathDeserializerHelper.java,264
com.fasterxml.jackson.core:jackson-databind,2.19.2,false,ClassOrInterfaceType,com.fasterxml.jackson.databind.DeserializationContext,DeserializationContext,C:\Users\tyin363\Documents\repos\graphhopper__graphhopper\web-api\src\main\java\com\graphhopper\jackson\StatementDeserializer.java,39
JDK:java.base,N/A,false,ClassOrInterfaceType,java.lang.UnsupportedOperationException,UnsupportedOperationException,C:\Users\tyin363\Documents\repos\graphhopper__graphhopper\web-api\src\main\java\com\graphhopper\jackson\ResponsePathDeserializerHelper.java,260
JDK:java.base,N/A,false,MethodCallExpr,java.text.DateFormat,setTimeZone,C:\Users\tyin363\Documents\repos\graphhopper__graphhopper\web-api\src\main\java\com\graphhopper\util\Helper.java,336
JDK:java.base,N/A,false,ClassOrInterfaceType,java.lang.Double,Double,C:\Users\tyin363\Documents\repos\graphhopper__graphhopper\web-api\src\main\java\com\graphhopper\util\shapes\GHPoint.java,116
org.locationtech.jts:jts-core,1.20.0,true,ClassOrInterfaceType,org.locationtech.jts.geom.Point,Point,C:\Users\tyin363\Documents\repos\graphhopper__graphhopper\web-api\src\main\java\com\graphhopper\Trip.java,38
JDK:java.base,N/A,false,MethodCallExpr,java.util.List,add,C:\Users\tyin363\Documents\repos\graphhopper__graphhopper\web-api\src\main\java\com\graphhopper\GHResponse.java,124
CLIENT:client-code,N/A,false,ClassOrInterfaceType,com.graphhopper.util.JsonFeature,JsonFeature,C:\Users\tyin363\Documents\repos\graphhopper__graphhopper\web-api\src\main\java\com\graphhopper\util\CustomModel.java,57
CLIENT:client-code,N/A,false,ClassOrInterfaceType,com.graphhopper.GHRequest,GHRequest,C:\Users\tyin363\Documents\repos\graphhopper__graphhopper\web-api\src\main\java\com\graphhopper\GHRequest.java,159
com.fasterxml.jackson.core:jackson-databind,2.19.2,false,MethodCallExpr,com.fasterxml.jackson.databind.ObjectMapper,convertValue,C:\Users\tyin363\Documents\repos\graphhopper__graphhopper\web-api\src\main\java\com\graphhopper\jackson\ResponsePathDeserializerHelper.java,292
JDK:java.base,N/A,false,ClassOrInterfaceType,java.lang.String,String,C:\Users\tyin363\Documents\repos\graphhopper__graphhopper\web-api\src\main\java\com\graphhopper\util\Instruction.java,173
JDK:java.base,N/A,false,ClassOrInterfaceType,java.lang.Object,Object,C:\Users\tyin363\Documents\repos\graphhopper__graphhopper\web-api\src\main\java\com\graphhopper\jackson\ResponsePathDeserializerHelper.java,291
com.fasterxml.jackson.core:jackson-core,2.19.2,false,ObjectCreationExpr,com.fasterxml.jackson.core.JsonParseException,JsonParseException,C:\Users\tyin363\Documents\repos\graphhopper__graphhopper\web-api\src\main\java\com\graphhopper\jackson\PathDetailDeserializer.java,56
com.fasterxml.jackson.core:jackson-databind,2.19.2,false,ClassOrInterfaceType,com.fasterxml.jackson.databind.DeserializationContext,DeserializationContext,C:\Users\tyin363\Documents\repos\graphhopper__graphhopper\web-api\src\main\java\com\graphhopper\jackson\GHPointDeserializer.java,30
CLIENT:client-code,N/A,false,ClassOrInterfaceType,com.graphhopper.util.CustomModel,CustomModel,C:\Users\tyin363\Documents\repos\graphhopper__graphhopper\web-api\src\main\java\com\graphhopper\util\CustomModel.java,148
JDK:java.base,N/A,false,MethodCallExpr,java.lang.String,indexOf,C:\Users\tyin363\Documents\repos\graphhopper__graphhopper\web-api\src\main\java\com\graphhopper\util\Helper.java,47
JDK:java.base,N/A,false,MethodCallExpr,java.util.List,add,C:\Users\tyin363\Documents\repos\graphhopper__graphhopper\web-api\src\main\java\com\graphhopper\jackson\ResponsePathDeserializerHelper.java,277
CLIENT:client-code,N/A,false,ClassOrInterfaceType,com.graphhopper.jackson.ResponsePathSerializer.Info,Info,C:\Users\tyin363\Documents\repos\graphhopper__graphhopper\web-api\src\main\java\com\graphhopper\jackson\ResponsePathSerializer.java,87
JDK:java.base,N/A,false,ClassOrInterfaceType,java.lang.String,String,C:\Users\tyin363\Documents\repos\graphhopper__graphhopper\web-api\src\main\java\com\graphhopper\util\Parameters.java,106
CLIENT:client-code,N/A,false,MethodCallExpr,com.graphhopper.util.details.PathDetail,getValue,C:\Users\tyin363\Documents\repos\graphhopper__graphhopper\web-api\src\main\java\com\graphhopper\jackson\PathDetailSerializer.java,40
JDK:java.base,N/A,false,ClassOrInterfaceType,java.lang.StringBuilder,StringBuilder,C:\Users\tyin363\Documents\repos\graphhopper__graphhopper\web-api\src\main\java\com\graphhopper\util\PointList.java,332
JDK:java.base,N/A,false,ClassOrInterfaceType,java.lang.String,String,C:\Users\tyin363\Documents\repos\graphhopper__graphhopper\web-api\src\main\java\com\graphhopper\GHRequest.java,212
JDK:java.base,N/A,false,MethodCallExpr,java.util.List,of,C:\Users\tyin363\Documents\repos\graphhopper__graphhopper\web-api\src\main\java\com\graphhopper\util\TurnCostsConfig.java,37
CLIENT:client-code,N/A,false,MethodCallExpr,com.graphhopper.util.Instruction,getName,C:\Users\tyin363\Documents\repos\graphhopper__graphhopper\web-api\src\main\java\com\graphhopper\util\ViaInstruction.java,31
JDK:java.base,N/A,false,ClassOrInterfaceType,java.lang.String,String,C:\Users\tyin363\Documents\repos\graphhopper__graphhopper\web-api\src\main\java\com\graphhopper\GHResponse.java,152
CLIENT:client-code,N/A,false,MethodCallExpr,com.graphhopper.util.JsonFeature,getId,C:\Users\tyin363\Documents\repos\graphhopper__graphhopper\web-api\src\main\java\com\graphhopper\jackson\CustomModelAreasDeserializer.java,27
JDK:java.base,N/A,false,ClassOrInterfaceType,java.util.Map,Map,C:\Users\tyin363\Documents\repos\graphhopper__graphhopper\web-api\src\main\java\com\graphhopper\util\exceptions\DetailedRuntimeException.java,29
com.fasterxml.jackson.core:jackson-databind,2.19.2,false,ClassOrInterfaceType,com.fasterxml.jackson.databind.JsonNode,JsonNode,C:\Users\tyin363\Documents\repos\graphhopper__graphhopper\web-api\src\main\java\com\graphhopper\jackson\ResponsePathDeserializerHelper.java,61
JDK:java.base,N/A,false,ClassOrInterfaceType,java.lang.UnsupportedOperationException,UnsupportedOperationException,C:\Users\tyin363\Documents\repos\graphhopper__graphhopper\web-api\src\main\java\com\graphhopper\util\PointList.java,111
JDK:java.base,N/A,false,MethodCallExpr,java.util.Collection,stream,C:\Users\tyin363\Documents\repos\graphhopper__graphhopper\web-api\src\main\java\com\graphhopper\jackson\Gpx.java,40
com.fasterxml.jackson.core:jackson-databind,2.19.2,false,MethodCallExpr,com.fasterxml.jackson.databind.JsonNode,asText,C:\Users\tyin363\Documents\repos\graphhopper__graphhopper\web-api\src\main\java\com\graphhopper\jackson\ResponsePathDeserializerHelper.java,65
CLIENT:client-code,N/A,false,ClassOrInterfaceType,com.graphhopper.util.JsonFeature,JsonFeature,C:\Users\tyin363\Documents\repos\graphhopper__graphhopper\web-api\src\main\java\com\graphhopper\util\CustomModel.java,56
CLIENT:client-code,N/A,false,FieldAccessExpr,com.graphhopper.util.shapes.GHPoint3D,ele,C:\Users\tyin363\Documents\repos\graphhopper__graphhopper\web-api\src\main\java\com\graphhopper\util\shapes\GHPoint3D.java,40
CLIENT:client-code,N/A,false,ClassOrInterfaceType,com.graphhopper.util.PMap,PMap,C:\Users\tyin363\Documents\repos\graphhopper__graphhopper\web-api\src\main\java\com\graphhopper\util\PMap.java,141
JDK:java.base,N/A,false,ClassOrInterfaceType,java.lang.String,String,C:\Users\tyin363\Documents\repos\graphhopper__graphhopper\web-api\src\main\java\com\graphhopper\json\Statement.java,89
JDK:java.base,N/A,false,ClassOrInterfaceType,java.lang.String,String,C:\Users\tyin363\Documents\repos\graphhopper__graphhopper\web-api\src\main\java\com\graphhopper\util\Instruction.java,174
CLIENT:client-code,N/A,false,MethodCallExpr,com.graphhopper.util.PointList,add,C:\Users\tyin363\Documents\repos\graphhopper__graphhopper\web-api\src\main\java\com\graphhopper\util\PointList.java,227
JDK:java.base,N/A,false,ClassOrInterfaceType,java.lang.String,String,C:\Users\tyin363\Documents\repos\graphhopper__graphhopper\web-api\src\main\java\com\graphhopper\util\RoundaboutInstruction.java,98
JDK:java.base,N/A,false,ClassOrInterfaceType,java.util.List,List,C:\Users\tyin363\Documents\repos\graphhopper__graphhopper\web-api\src\main\java\com\graphhopper\util\Helper.java,203
com.fasterxml.jackson.core:jackson-core,2.19.2,false,ClassOrInterfaceType,com.fasterxml.jackson.core.JsonGenerator,JsonGenerator,C:\Users\tyin363\Documents\repos\graphhopper__graphhopper\web-api\src\main\java\com\graphhopper\jackson\MultiExceptionSerializer.java,34
CLIENT:client-code,N/A,false,FieldAccessExpr,com.graphhopper.util.RoundaboutInstruction,exitNumber,C:\Users\tyin363\Documents\repos\graphhopper__graphhopper\web-api\src\main\java\com\graphhopper\util\RoundaboutInstruction.java,38
JDK:java.base,N/A,false,MethodCallExpr,java.lang.String,isEmpty,C:\Users\tyin363\Documents\repos\graphhopper__graphhopper\web-api\src\main\java\com\graphhopper\util\Instruction.java,229
JDK:java.base,N/A,false,ObjectCreationExpr,java.lang.IllegalArgumentException,IllegalArgumentException,C:\Users\tyin363\Documents\repos\graphhopper__graphhopper\web-api\src\main\java\com\graphhopper\util\PointList.java,449
CLIENT:client-code,N/A,false,FieldAccessExpr,com.graphhopper.util.TurnCostsConfig,vehicleTypes,C:\Users\tyin363\Documents\repos\graphhopper__graphhopper\web-api\src\main\java\com\graphhopper\util\TurnCostsConfig.java,67
CLIENT:client-code,N/A,false,MethodCallExpr,com.graphhopper.util.details.PathDetail,getValue,C:\Users\tyin363\Documents\repos\graphhopper__graphhopper\web-api\src\main\java\com\graphhopper\jackson\PathDetailSerializer.java,41
CLIENT:client-code,N/A,false,MethodCallExpr,com.graphhopper.util.Helper,round6,C:\Users\tyin363\Documents\repos\graphhopper__graphhopper\web-api\src\main\java\com\graphhopper\util\PointList.java,367
CLIENT:client-code,N/A,false,MethodCallExpr,com.graphhopper.util.PointList,getDimension,C:\Users\tyin363\Documents\repos\graphhopper__graphhopper\web-api\src\main\java\com\graphhopper\util\ShallowImmutablePointList.java,110
CLIENT:client-code,N/A,false,FieldAccessExpr,com.graphhopper.util.shapes.GHPoint3D,ele,C:\Users\tyin363\Documents\repos\graphhopper__graphhopper\web-api\src\main\java\com\graphhopper\util\shapes\GHPoint3D.java,56
CLIENT:client-code,N/A,false,ClassOrInterfaceType,com.graphhopper.json.Statement,Statement,C:\Users\tyin363\Documents\repos\graphhopper__graphhopper\web-api\src\main\java\com\graphhopper\util\CustomModel.java,111
com.fasterxml.jackson.core:jackson-databind,2.19.2,false,ClassOrInterfaceType,com.fasterxml.jackson.databind.ObjectMapper,ObjectMapper,C:\Users\tyin363\Documents\repos\graphhopper__graphhopper\web-api\src\main\java\com\graphhopper\jackson\Jackson.java,27
CLIENT:client-code,N/A,false,ClassOrInterfaceType,com.graphhopper.util.Translation,Translation,C:\Users\tyin363\Documents\repos\graphhopper__graphhopper\web-api\src\main\java\com\graphhopper\util\InstructionList.java,34
com.fasterxml.jackson.core:jackson-core,2.19.2,false,MethodCallExpr,com.fasterxml.jackson.core.JsonGenerator,writeNumber,C:\Users\tyin363\Documents\repos\graphhopper__graphhopper\web-api\src\main\java\com\graphhopper\jackson\PathDetailSerializer.java,36
JDK:java.base,N/A,false,MethodCallExpr,java.lang.Class,getName,C:\Users\tyin363\Documents\repos\graphhopper__graphhopper\web-api\src\main\java\com\graphhopper\jackson\ResponsePathDeserializerHelper.java,272
JDK:java.base,N/A,false,ObjectCreationExpr,java.lang.IllegalArgumentException,IllegalArgumentException,C:\Users\tyin363\Documents\repos\graphhopper__graphhopper\web-api\src\main\java\com\graphhopper\util\Helper.java,224
CLIENT:client-code,N/A,false,FieldAccessExpr,com.graphhopper.util.Instruction,name,C:\Users\tyin363\Documents\repos\graphhopper__graphhopper\web-api\src\main\java\com\graphhopper\util\Instruction.java,91
JDK:java.base,N/A,false,ClassOrInterfaceType,java.util.List,List,C:\Users\tyin363\Documents\repos\graphhopper__graphhopper\web-api\src\main\java\com\graphhopper\util\Helper.java,202
CLIENT:client-code,N/A,false,ClassOrInterfaceType,com.graphhopper.util.details.PathDetail,PathDetail,C:\Users\tyin363\Documents\repos\graphhopper__graphhopper\web-api\src\main\java\com\graphhopper\jackson\PathDetailDeserializer.java,30
JDK:java.base,N/A,false,ClassOrInterfaceType,java.lang.UnsupportedOperationException,UnsupportedOperationException,C:\Users\tyin363\Documents\repos\graphhopper__graphhopper\web-api\src\main\java\com\graphhopper\util\PointList.java,96
JDK:java.base,N/A,false,ClassOrInterfaceType,java.lang.Object,Object,C:\Users\tyin363\Documents\repos\graphhopper__graphhopper\web-api\src\main\java\com\graphhopper\GHResponse.java,153
com.fasterxml.jackson.core:jackson-databind,2.19.2,false,MethodCallExpr,com.fasterxml.jackson.databind.module.SimpleModule,addDeserializer,C:\Users\tyin363\Documents\repos\graphhopper__graphhopper\web-api\src\main\java\com\graphhopper\jackson\GraphHopperModule.java,30
JDK:java.base,N/A,false,ClassOrInterfaceType,java.lang.StringBuilder,StringBuilder,C:\Users\tyin363\Documents\repos\graphhopper__graphhopper\web-api\src\main\java\com\graphhopper\util\Helper.java,371
JDK:java.base,N/A,false,ClassOrInterfaceType,java.util.Locale,Locale,C:\Users\tyin363\Documents\repos\graphhopper__graphhopper\web-api\src\main\java\com\graphhopper\util\Translation.java,32
CLIENT:client-code,N/A,false,ObjectCreationExpr,com.graphhopper.jackson.GHPointDeserializer,GHPointDeserializer,C:\Users\tyin363\Documents\repos\graphhopper__graphhopper\web-api\src\main\java\com\graphhopper\jackson\GraphHopperModule.java,34
CLIENT:client-code,N/A,false,MethodCallExpr,com.graphhopper.util.details.PathDetail,getValue,C:\Users\tyin363\Documents\repos\graphhopper__graphhopper\web-api\src\main\java\com\graphhopper\jackson\PathDetailSerializer.java,42
JDK:java.base,N/A,false,MethodCallExpr,java.util.List,size,C:\Users\tyin363\Documents\repos\graphhopper__graphhopper\web-api\src\main\java\com\graphhopper\util\CustomModel.java,93
JDK:java.base,N/A,false,ObjectCreationExpr,java.util.LinkedHashMap,LinkedHashMap,C:\Users\tyin363\Documents\repos\graphhopper__graphhopper\web-api\src\main\java\com\graphhopper\util\PMap.java,40
JDK:java.base,N/A,false,ClassOrInterfaceType,java.util.Map,Map,C:\Users\tyin363\Documents\repos\graphhopper__graphhopper\web-api\src\main\java\com\graphhopper\util\exceptions\DetailedRuntimeException.java,31
CLIENT:client-code,N/A,false,ObjectCreationExpr,com.graphhopper.util.shapes.GHPoint,GHPoint,C:\Users\tyin363\Documents\repos\graphhopper__graphhopper\web-api\src\main\java\com\graphhopper\util\shapes\GHPoint.java,41
CLIENT:client-code,N/A,false,ClassOrInterfaceType,com.graphhopper.util.shapes.GHPoint,GHPoint,C:\Users\tyin363\Documents\repos\graphhopper__graphhopper\web-api\src\main\java\com\graphhopper\GHRequest.java,81
CLIENT:client-code,N/A,false,MethodCallExpr,com.graphhopper.util.PointList,size,C:\Users\tyin363\Documents\repos\graphhopper__graphhopper\web-api\src\main\java\com\graphhopper\ResponsePath.java,228
JDK:java.base,N/A,false,MethodCallExpr,java.lang.Throwable,getMessage,C:\Users\tyin363\Documents\repos\graphhopper__graphhopper\web-api\src\main\java\com\graphhopper\jackson\MultiExceptionSerializer.java,51
JDK:java.base,N/A,false,ClassOrInterfaceType,java.lang.String,String,C:\Users\tyin363\Documents\repos\graphhopper__graphhopper\web-api\src\main\java\com\graphhopper\util\Instruction.java,52
com.fasterxml.jackson.core:jackson-databind,2.19.2,false,ClassOrInterfaceType,com.fasterxml.jackson.databind.ObjectMapper,ObjectMapper,C:\Users\tyin363\Documents\repos\graphhopper__graphhopper\web-api\src\main\java\com\graphhopper\jackson\Jackson.java,28
JDK:java.base,N/A,false,ClassOrInterfaceType,java.lang.Object,Object,C:\Users\tyin363\Documents\repos\graphhopper__graphhopper\web-api\src\main\java\com\graphhopper\util\PMap.java,122
JDK:java.base,N/A,false,MethodCallExpr,java.util.Map.Entry,getValue,C:\Users\tyin363\Documents\repos\graphhopper__graphhopper\web-api\src\main\java\com\graphhopper\ResponsePath.java,274
CLIENT:client-code,N/A,false,FieldAccessExpr,com.graphhopper.GHRequest,points,C:\Users\tyin363\Documents\repos\graphhopper__graphhopper\web-api\src\main\java\com\graphhopper\GHRequest.java,82
JDK:java.base,N/A,false,ClassOrInterfaceType,java.lang.String,String,C:\Users\tyin363\Documents\repos\graphhopper__graphhopper\web-api\src\main\java\com\graphhopper\json\Statement.java,83
JDK:java.base,N/A,false,MethodCallExpr,java.util.Set,add,C:\Users\tyin363\Documents\repos\graphhopper__graphhopper\web-api\src\main\java\com\graphhopper\util\CustomModel.java,73
JDK:java.base,N/A,false,ClassOrInterfaceType,java.util.List,List,C:\Users\tyin363\Documents\repos\graphhopper__graphhopper\web-api\src\main\java\com\graphhopper\GHRequest.java,199
com.fasterxml.jackson.core:jackson-core,2.19.2,false,MethodCallExpr,com.fasterxml.jackson.core.JsonGenerator,writeNumber,C:\Users\tyin363\Documents\repos\graphhopper__graphhopper\web-api\src\main\java\com\graphhopper\jackson\PathDetailSerializer.java,35
JDK:java.base,N/A,false,MethodCallExpr,java.util.Set,of,C:\Users\tyin363\Documents\repos\graphhopper__graphhopper\web-api\src\main\java\com\graphhopper\util\TurnCostsConfig.java,27
CLIENT:client-code,N/A,false,MethodCallExpr,com.graphhopper.util.details.PathDetail,getValue,C:\Users\tyin363\Documents\repos\graphhopper__graphhopper\web-api\src\main\java\com\graphhopper\jackson\PathDetailSerializer.java,43
CLIENT:client-code,N/A,false,MethodCallExpr,com.graphhopper.util.CustomModel,deepCopy,C:\Users\tyin363\Documents\repos\graphhopper__graphhopper\web-api\src\main\java\com\graphhopper\util\CustomModel.java,50
JDK:java.base,N/A,false,ObjectCreationExpr,java.lang.IllegalArgumentException,IllegalArgumentException,C:\Users\tyin363\Documents\repos\graphhopper__graphhopper\web-api\src\main\java\com\graphhopper\util\PointList.java,447
com.fasterxml.jackson.core:jackson-databind,2.19.2,false,MethodCallExpr,com.fasterxml.jackson.databind.ObjectMapper,registerModule,C:\Users\tyin363\Documents\repos\graphhopper__graphhopper\web-api\src\main\java\com\graphhopper\jackson\Jackson.java,32
JDK:java.base,N/A,false,MethodCallExpr,java.util.Map.Entry,getKey,C:\Users\tyin363\Documents\repos\graphhopper__graphhopper\web-api\src\main\java\com\graphhopper\ResponsePath.java,269
JDK:java.base,N/A,false,ClassOrInterfaceType,java.lang.String,String,C:\Users\tyin363\Documents\repos\graphhopper__graphhopper\web-api\src\main\java\com\graphhopper\util\Helper.java,344
CLIENT:client-code,N/A,false,MethodCallExpr,com.graphhopper.util.PointList,incCap,C:\Users\tyin363\Documents\repos\graphhopper__graphhopper\web-api\src\main\java\com\graphhopper\util\PointList.java,165
JDK:java.base,N/A,false,ClassOrInterfaceType,java.lang.String,String,C:\Users\tyin363\Documents\repos\graphhopper__graphhopper\web-api\src\main\java\com\graphhopper\util\Helper.java,79
JDK:java.base,N/A,false,MethodCallExpr,java.lang.Throwable,getMessage,C:\Users\tyin363\Documents\repos\graphhopper__graphhopper\web-api\src\main\java\com\graphhopper\jackson\MultiExceptionSerializer.java,54
JDK:java.base,N/A,false,ClassOrInterfaceType,java.lang.String,String,C:\Users\tyin363\Documents\repos\graphhopper__graphhopper\web-api\src\main\java\com\graphhopper\jackson\ResponsePathDeserializerHelper.java,63
CLIENT:client-code,N/A,false,FieldAccessExpr,com.graphhopper.util.TurnCostsConfig,rightTurnCosts,C:\Users\tyin363\Documents\repos\graphhopper__graphhopper\web-api\src\main\java\com\graphhopper\util\TurnCostsConfig.java,51
JDK:java.base,N/A,false,MethodCallExpr,java.lang.Math,round,C:\Users\tyin363\Documents\repos\graphhopper__graphhopper\web-api\src\main\java\com\graphhopper\jackson\ResponsePathSerializer.java,55
JDK:java.base,N/A,false,ObjectCreationExpr,java.lang.IllegalStateException,IllegalStateException,C:\Users\tyin363\Documents\repos\graphhopper__graphhopper\web-api\src\main\java\com\graphhopper\ResponsePath.java,106
JDK:java.base,N/A,false,ClassOrInterfaceType,java.util.List,List,C:\Users\tyin363\Documents\repos\graphhopper__graphhopper\web-api\src\main\java\com\graphhopper\util\CustomModel.java,94
JDK:java.base,N/A,false,MethodCallExpr,java.lang.Double,parseDouble,C:\Users\tyin363\Documents\repos\graphhopper__graphhopper\web-api\src\main\java\com\graphhopper\util\PointList.java,505
JDK:java.base,N/A,false,ObjectCreationExpr,java.util.ArrayList,ArrayList,C:\Users\tyin363\Documents\repos\graphhopper__graphhopper\web-api\src\main\java\com\graphhopper\util\TurnCostsConfig.java,59
CLIENT:client-code,N/A,false,MethodCallExpr,com.graphhopper.util.details.PathDetail,getValue,C:\Users\tyin363\Documents\repos\graphhopper__graphhopper\web-api\src\main\java\com\graphhopper\jackson\PathDetailSerializer.java,44
CLIENT:client-code,N/A,false,ClassOrInterfaceType,com.graphhopper.util.JsonFeatureCollection,JsonFeatureCollection,C:\Users\tyin363\Documents\repos\graphhopper__graphhopper\web-api\src\main\java\com\graphhopper\util\CustomModel.java,65
CLIENT:client-code,N/A,false,MethodCallExpr,com.graphhopper.util.Helper,round6,C:\Users\tyin363\Documents\repos\graphhopper__graphhopper\web-api\src\main\java\com\graphhopper\util\PointList.java,364
JDK:java.base,N/A,false,ClassOrInterfaceType,java.lang.String,String,C:\Users\tyin363\Documents\repos\graphhopper__graphhopper\web-api\src\main\java\com\graphhopper\util\RoundaboutInstruction.java,99
com.fasterxml.jackson.core:jackson-databind,2.19.2,false,MethodCallExpr,com.fasterxml.jackson.databind.ObjectMapper,registerModule,C:\Users\tyin363\Documents\repos\graphhopper__graphhopper\web-api\src\main\java\com\graphhopper\jackson\Jackson.java,33
JDK:java.base,N/A,false,ObjectCreationExpr,java.lang.ArrayIndexOutOfBoundsException,ArrayIndexOutOfBoundsException,C:\Users\tyin363\Documents\repos\graphhopper__graphhopper\web-api\src\main\java\com\graphhopper\util\PointList.java,279
CLIENT:client-code,N/A,false,FieldAccessExpr,com.graphhopper.util.exceptions.PointNotFoundException,INDEX_KEY,C:\Users\tyin363\Documents\repos\graphhopper__graphhopper\web-api\src\main\java\com\graphhopper\jackson\ResponsePathDeserializerHelper.java,276
CLIENT:client-code,N/A,false,MethodCallExpr,com.graphhopper.jackson.ResponsePathSerializer,encodeNumber,C:\Users\tyin363\Documents\repos\graphhopper__graphhopper\web-api\src\main\java\com\graphhopper\jackson\ResponsePathSerializer.java,63
JDK:java.base,N/A,false,ClassOrInterfaceType,java.util.ArrayList,ArrayList,C:\Users\tyin363\Documents\repos\graphhopper__graphhopper\web-api\src\main\java\com\graphhopper\ResponsePath.java,35
JDK:java.base,N/A,false,MethodCallExpr,java.util.LinkedHashMap,get,C:\Users\tyin363\Documents\repos\graphhopper__graphhopper\web-api\src\main\java\com\graphhopper\util\PMap.java,117
CLIENT:client-code,N/A,false,FieldAccessExpr,com.graphhopper.util.PointList,elevations,C:\Users\tyin363\Documents\repos\graphhopper__graphhopper\web-api\src\main\java\com\graphhopper\util\PointList.java,291
JDK:java.base,N/A,false,ClassOrInterfaceType,java.lang.String,String,C:\Users\tyin363\Documents\repos\graphhopper__graphhopper\web-api\src\main\java\com\graphhopper\jackson\InstructionListSerializer.java,38
CLIENT:client-code,N/A,false,FieldAccessExpr,com.graphhopper.ResponsePath,distance,C:\Users\tyin363\Documents\repos\graphhopper__graphhopper\web-api\src\main\java\com\graphhopper\ResponsePath.java,154
JDK:java.base,N/A,false,MethodCallExpr,java.util.Map.Entry,getValue,C:\Users\tyin363\Documents\repos\graphhopper__graphhopper\web-api\src\main\java\com\graphhopper\ResponsePath.java,272
CLIENT:client-code,N/A,false,FieldAccessExpr,com.graphhopper.jackson.Gpx.Trkpt,time,C:\Users\tyin363\Documents\repos\graphhopper__graphhopper\web-api\src\main\java\com\graphhopper\jackson\Gpx.java,40
JDK:java.base,N/A,false,ClassOrInterfaceType,java.lang.IllegalStateException,IllegalStateException,C:\Users\tyin363\Documents\repos\graphhopper__graphhopper\web-api\src\main\java\com\graphhopper\ResponsePath.java,125
CLIENT:client-code,N/A,false,MethodCallExpr,com.graphhopper.util.PointList,reverse,C:\Users\tyin363\Documents\repos\graphhopper__graphhopper\web-api\src\main\java\com\graphhopper\util\PointList.java,435
JDK:java.base,N/A,false,ClassOrInterfaceType,java.lang.UnsupportedOperationException,UnsupportedOperationException,C:\Users\tyin363\Documents\repos\graphhopper__graphhopper\web-api\src\main\java\com\graphhopper\util\ShallowImmutablePointList.java,145
CLIENT:client-code,N/A,false,ClassOrInterfaceType,com.graphhopper.util.JsonFeature,JsonFeature,C:\Users\tyin363\Documents\repos\graphhopper__graphhopper\web-api\src\main\java\com\graphhopper\jackson\CustomModelAreasDeserializer.java,42
com.fasterxml.jackson.core:jackson-databind,2.19.2,false,MethodCallExpr,com.fasterxml.jackson.databind.module.SimpleModule,addDeserializer,C:\Users\tyin363\Documents\repos\graphhopper__graphhopper\web-api\src\main\java\com\graphhopper\jackson\GraphHopperModule.java,32
CLIENT:client-code,N/A,false,FieldAccessExpr,com.graphhopper.util.TurnCostsConfig,vehicleTypes,C:\Users\tyin363\Documents\repos\graphhopper__graphhopper\web-api\src\main\java\com\graphhopper\util\TurnCostsConfig.java,63
JDK:java.base,N/A,false,ClassOrInterfaceType,java.lang.String,String,C:\Users\tyin363\Documents\repos\graphhopper__graphhopper\web-api\src\main\java\com\graphhopper\json\Statement.java,85
CLIENT:client-code,N/A,false,ClassOrInterfaceType,com.graphhopper.Trip,Trip,C:\Users\tyin363\Documents\repos\graphhopper__graphhopper\web-api\src\main\java\com\graphhopper\ResponsePath.java,48
JDK:java.base,N/A,false,ClassOrInterfaceType,java.util.List,List,C:\Users\tyin363\Documents\repos\graphhopper__graphhopper\web-api\src\main\java\com\graphhopper\util\CustomModel.java,93
org.locationtech.jts:jts-core,1.20.0,true,ObjectCreationExpr,org.locationtech.jts.geom.Envelope,Envelope,C:\Users\tyin363\Documents\repos\graphhopper__graphhopper\web-api\src\main\java\com\graphhopper\ResponsePath.java,227
CLIENT:client-code,N/A,false,MethodCallExpr,com.graphhopper.util.Translation,tr,C:\Users\tyin363\Documents\repos\graphhopper__graphhopper\web-api\src\main\java\com\graphhopper\util\Instruction.java,223
CLIENT:client-code,N/A,false,MethodCallExpr,com.graphhopper.util.details.PathDetail,getValue,C:\Users\tyin363\Documents\repos\graphhopper__graphhopper\web-api\src\main\java\com\graphhopper\jackson\PathDetailSerializer.java,45
CLIENT:client-code,N/A,false,MethodCallExpr,com.graphhopper.util.Helper,round6,C:\Users\tyin363\Documents\repos\graphhopper__graphhopper\web-api\src\main\java\com\graphhopper\util\PointList.java,363
CLIENT:client-code,N/A,false,MethodCallExpr,com.graphhopper.util.PointList,makeImmutable,C:\Users\tyin363\Documents\repos\graphhopper__graphhopper\web-api\src\main\java\com\graphhopper\util\PointList.java,479
com.fasterxml.jackson.core:jackson-databind,2.19.2,false,MethodCallExpr,com.fasterxml.jackson.databind.node.ObjectNode,putArray,C:\Users\tyin363\Documents\repos\graphhopper__graphhopper\web-api\src\main\java\com\graphhopper\jackson\MultiExceptionSerializer.java,38
JDK:java.base,N/A,false,MethodCallExpr,java.lang.Math,round,C:\Users\tyin363\Documents\repos\graphhopper__graphhopper\web-api\src\main\java\com\graphhopper\jackson\ResponsePathSerializer.java,62
JDK:java.base,N/A,false,ClassOrInterfaceType,java.lang.String,String,C:\Users\tyin363\Documents\repos\graphhopper__graphhopper\web-api\src\main\java\com\graphhopper\util\Helper.java,86
CLIENT:client-code,N/A,false,MethodCallExpr,com.graphhopper.util.JsonFeature,getId,C:\Users\tyin363\Documents\repos\graphhopper__graphhopper\web-api\src\main\java\com\graphhopper\util\CustomModel.java,73
JDK:java.base,N/A,false,ClassOrInterfaceType,java.lang.String,String,C:\Users\tyin363\Documents\repos\graphhopper__graphhopper\web-api\src\main\java\com\graphhopper\util\Parameters.java,115
CLIENT:client-code,N/A,false,MethodCallExpr,com.graphhopper.util.Instruction,getExtraInfoJSON,C:\Users\tyin363\Documents\repos\graphhopper__graphhopper\web-api\src\main\java\com\graphhopper\jackson\InstructionListSerializer.java,47
JDK:java.base,N/A,false,MethodCallExpr,java.util.List,add,C:\Users\tyin363\Documents\repos\graphhopper__graphhopper\web-api\src\main\java\com\graphhopper\jackson\ResponsePathDeserializerHelper.java,167
CLIENT:client-code,N/A,false,MethodCallExpr,com.graphhopper.json.Statement.Keyword,getName,C:\Users\tyin363\Documents\repos\graphhopper__graphhopper\web-api\src\main\java\com\graphhopper\json\Statement.java,75
JDK:java.base,N/A,false,ClassOrInterfaceType,java.lang.String,String,C:\Users\tyin363\Documents\repos\graphhopper__graphhopper\web-api\src\main\java\com\graphhopper\util\Parameters.java,116
CLIENT:client-code,N/A,false,MethodCallExpr,com.graphhopper.util.PointList,getLon,C:\Users\tyin363\Documents\repos\graphhopper__graphhopper\web-api\src\main\java\com\graphhopper\util\PointList.java,432
CLIENT:client-code,N/A,false,MethodCallExpr,com.graphhopper.util.PMap,putObject,C:\Users\tyin363\Documents\repos\graphhopper__graphhopper\web-api\src\main\java\com\graphhopper\GHRequest.java,186
CLIENT:client-code,N/A,false,ClassOrInterfaceType,com.graphhopper.ResponsePath,ResponsePath,C:\Users\tyin363\Documents\repos\graphhopper__graphhopper\web-api\src\main\java\com\graphhopper\ResponsePath.java,301
CLIENT:client-code,N/A,false,ClassOrInterfaceType,com.graphhopper.json.Statement,Statement,C:\Users\tyin363\Documents\repos\graphhopper__graphhopper\web-api\src\main\java\com\graphhopper\util\CustomModel.java,115
JDK:java.base,N/A,false,ClassOrInterfaceType,java.lang.RuntimeException,RuntimeException,C:\Users\tyin363\Documents\repos\graphhopper__graphhopper\web-api\src\main\java\com\graphhopper\util\exceptions\DetailedRuntimeException.java,25
CLIENT:client-code,N/A,false,ClassOrInterfaceType,com.graphhopper.util.Translation,Translation,C:\Users\tyin363\Documents\repos\graphhopper__graphhopper\web-api\src\main\java\com\graphhopper\util\InstructionList.java,30
JDK:java.base,N/A,false,ClassOrInterfaceType,java.lang.String,String,C:\Users\tyin363\Documents\repos\graphhopper__graphhopper\web-api\src\main\java\com\graphhopper\jackson\PathDetailSerializer.java,47
JDK:java.base,N/A,false,ClassOrInterfaceType,java.util.List,List,C:\Users\tyin363\Documents\repos\graphhopper__graphhopper\web-api\src\main\java\com\graphhopper\util\CustomModel.java,92
JDK:java.base,N/A,false,ClassOrInterfaceType,java.lang.String,String,C:\Users\tyin363\Documents\repos\graphhopper__graphhopper\web-api\src\main\java\com\graphhopper\util\TurnCostsConfig.java,62
JDK:java.base,N/A,false,ClassOrInterfaceType,java.lang.Iterable,Iterable,C:\Users\tyin363\Documents\repos\graphhopper__graphhopper\web-api\src\main\java\com\graphhopper\util\PointList.java,40
CLIENT:client-code,N/A,false,FieldAccessExpr,com.graphhopper.util.CustomModel,internal,C:\Users\tyin363\Documents\repos\graphhopper__graphhopper\web-api\src\main\java\com\graphhopper\util\CustomModel.java,45
JDK:java.base,N/A,false,MethodCallExpr,java.util.List,get,C:\Users\tyin363\Documents\repos\graphhopper__graphhopper\web-api\src\main\java\com\graphhopper\util\InstructionList.java,46
com.fasterxml.jackson.core:jackson-databind,2.19.2,false,MethodCallExpr,com.fasterxml.jackson.databind.JsonNode,asLong,C:\Users\tyin363\Documents\repos\graphhopper__graphhopper\web-api\src\main\java\com\graphhopper\jackson\ResponsePathDeserializerHelper.java,173
CLIENT:client-code,N/A,false,MethodReferenceExpr,com.graphhopper.json.Statement.Op,getName,C:\Users\tyin363\Documents\repos\graphhopper__graphhopper\web-api\src\main\java\com\graphhopper\jackson\StatementDeserializer.java,83
CLIENT:client-code,N/A,false,MethodCallExpr,com.graphhopper.util.CustomModel,deepCopy,C:\Users\tyin363\Documents\repos\graphhopper__graphhopper\web-api\src\main\java\com\graphhopper\util\CustomModel.java,51
CLIENT:client-code,N/A,false,MethodCallExpr,com.graphhopper.util.Translation,tr,C:\Users\tyin363\Documents\repos\graphhopper__graphhopper\web-api\src\main\java\com\graphhopper\util\Instruction.java,229
CLIENT:client-code,N/A,false,ClassOrInterfaceType,com.graphhopper.util.details.PathDetail,PathDetail,C:\Users\tyin363\Documents\repos\graphhopper__graphhopper\web-api\src\main\java\com\graphhopper\ResponsePath.java,279
CLIENT:client-code,N/A,false,MethodCallExpr,com.graphhopper.util.details.PathDetail,getValue,C:\Users\tyin363\Documents\repos\graphhopper__graphhopper\web-api\src\main\java\com\graphhopper\jackson\PathDetailSerializer.java,46
JDK:java.base,N/A,false,ObjectCreationExpr,java.lang.UnsupportedOperationException,UnsupportedOperationException,C:\Users\tyin363\Documents\repos\graphhopper__graphhopper\web-api\src\main\java\com\graphhopper\util\ShallowImmutablePointList.java,125
CLIENT:client-code,N/A,false,ClassOrInterfaceType,com.graphhopper.util.CustomModel,CustomModel,C:\Users\tyin363\Documents\repos\graphhopper__graphhopper\web-api\src\main\java\com\graphhopper\GHRequest.java,155
JDK:java.base,N/A,false,ClassOrInterfaceType,java.lang.IllegalStateException,IllegalStateException,C:\Users\tyin363\Documents\repos\graphhopper__graphhopper\web-api\src\main\java\com\graphhopper\util\PointList.java,567
JDK:java.base,N/A,false,MethodCallExpr,java.text.Format,format,C:\Users\tyin363\Documents\repos\graphhopper__graphhopper\web-api\src\main\java\com\graphhopper\jackson\ResponsePathSerializer.java,120
CLIENT:client-code,N/A,false,MethodCallExpr,com.graphhopper.util.exceptions.DetailedIllegalArgumentException,getDetails,C:\Users\tyin363\Documents\repos\graphhopper__graphhopper\web-api\src\main\java\com\graphhopper\util\exceptions\PointNotFoundException.java,39
CLIENT:client-code,N/A,false,ClassOrInterfaceType,com.graphhopper.util.Translation,Translation,C:\Users\tyin363\Documents\repos\graphhopper__graphhopper\web-api\src\main\java\com\graphhopper\util\InstructionList.java,28
CLIENT:client-code,N/A,false,MethodCallExpr,com.graphhopper.util.shapes.GHPoint,toString,C:\Users\tyin363\Documents\repos\graphhopper__graphhopper\web-api\src\main\java\com\graphhopper\util\shapes\GHPoint3D.java,61
JDK:java.base,N/A,false,ObjectCreationExpr,java.util.ArrayList,ArrayList,C:\Users\tyin363\Documents\repos\graphhopper__graphhopper\web-api\src\main\java\com\graphhopper\jackson\InstructionListSerializer.java,35
CLIENT:client-code,N/A,false,ClassOrInterfaceType,com.graphhopper.util.shapes.GHPoint3D,GHPoint3D,C:\Users\tyin363\Documents\repos\graphhopper__graphhopper\web-api\src\main\java\com\graphhopper\util\PointList.java,40
CLIENT:client-code,N/A,false,ClassOrInterfaceType,com.graphhopper.GHRequest,GHRequest,C:\Users\tyin363\Documents\repos\graphhopper__graphhopper\web-api\src\main\java\com\graphhopper\GHRequest.java,135
CLIENT:client-code,N/A,false,ClassOrInterfaceType,com.graphhopper.util.PointList,PointList,C:\Users\tyin363\Documents\repos\graphhopper__graphhopper\web-api\src\main\java\com\graphhopper\ResponsePath.java,123
CLIENT:client-code,N/A,false,ClassOrInterfaceType,com.graphhopper.util.shapes.GHPoint,GHPoint,C:\Users\tyin363\Documents\repos\graphhopper__graphhopper\web-api\src\main\java\com\graphhopper\GHRequest.java,85
CLIENT:client-code,N/A,false,ClassOrInterfaceType,com.graphhopper.ResponsePath,ResponsePath,C:\Users\tyin363\Documents\repos\graphhopper__graphhopper\web-api\src\main\java\com\graphhopper\GHResponse.java,81
com.fasterxml.jackson.core:jackson-databind,2.19.2,false,MethodCallExpr,com.fasterxml.jackson.databind.JsonNode,get,C:\Users\tyin363\Documents\repos\graphhopper__graphhopper\web-api\src\main\java\com\graphhopper\jackson\ResponsePathDeserializerHelper.java,104
JDK:java.base,N/A,false,ClassOrInterfaceType,java.lang.String,String,C:\Users\tyin363\Documents\repos\graphhopper__graphhopper\web-api\src\main\java\com\graphhopper\Trip.java,66
JDK:java.base,N/A,false,ClassOrInterfaceType,java.lang.String,String,C:\Users\tyin363\Documents\repos\graphhopper__graphhopper\web-api\src\main\java\com\graphhopper\jackson\PathDetailSerializer.java,46
com.fasterxml.jackson.core:jackson-core,2.19.2,false,MethodCallExpr,com.fasterxml.jackson.core.JsonGenerator,writeNumber,C:\Users\tyin363\Documents\repos\graphhopper__graphhopper\web-api\src\main\java\com\graphhopper\jackson\PathDetailSerializer.java,39
JDK:java.base,N/A,false,MethodCallExpr,java.lang.Class,getName,C:\Users\tyin363\Documents\repos\graphhopper__graphhopper\web-api\src\main\java\com\graphhopper\jackson\ResponsePathDeserializerHelper.java,267
JDK:java.base,N/A,false,ClassOrInterfaceType,java.lang.IllegalArgumentException,IllegalArgumentException,C:\Users\tyin363\Documents\repos\graphhopper__graphhopper\web-api\src\main\java\com\graphhopper\util\Helper.java,266
CLIENT:client-code,N/A,false,MethodCallExpr,com.graphhopper.util.details.PathDetail,getValue,C:\Users\tyin363\Documents\repos\graphhopper__graphhopper\web-api\src\main\java\com\graphhopper\jackson\PathDetailSerializer.java,47
CLIENT:client-code,N/A,false,MethodCallExpr,com.graphhopper.util.Instruction,getName,C:\Users\tyin363\Documents\repos\graphhopper__graphhopper\web-api\src\main\java\com\graphhopper\jackson\InstructionListSerializer.java,43
JDK:java.base,N/A,false,ClassOrInterfaceType,java.lang.UnsupportedOperationException,UnsupportedOperationException,C:\Users\tyin363\Documents\repos\graphhopper__graphhopper\web-api\src\main\java\com\graphhopper\util\PointList.java,101
JDK:java.base,N/A,false,MethodCallExpr,java.lang.String,isEmpty,C:\Users\tyin363\Documents\repos\graphhopper__graphhopper\web-api\src\main\java\com\graphhopper\GHResponse.java,82
CLIENT:client-code,N/A,false,FieldAccessExpr,com.graphhopper.ResponsePath,errors,C:\Users\tyin363\Documents\repos\graphhopper__graphhopper\web-api\src\main\java\com\graphhopper\ResponsePath.java,307
CLIENT:client-code,N/A,false,ClassOrInterfaceType,com.graphhopper.util.InstructionList,InstructionList,C:\Users\tyin363\Documents\repos\graphhopper__graphhopper\web-api\src\main\java\com\graphhopper\ResponsePath.java,246
CLIENT:client-code,N/A,false,ClassOrInterfaceType,com.graphhopper.util.Instruction,Instruction,C:\Users\tyin363\Documents\repos\graphhopper__graphhopper\web-api\src\main\java\com\graphhopper\util\Instruction.java,126
CLIENT:client-code,N/A,false,MethodCallExpr,com.graphhopper.util.JsonFeature,getId,C:\Users\tyin363\Documents\repos\graphhopper__graphhopper\web-api\src\main\java\com\graphhopper\util\CustomModel.java,71
JDK:java.base,N/A,false,MethodCallExpr,java.lang.String,format,C:\Users\tyin363\Documents\repos\graphhopper__graphhopper\web-api\src\main\java\com\graphhopper\util\shapes\GHPoint.java,109
CLIENT:client-code,N/A,false,FieldAccessExpr,com.graphhopper.util.exceptions.PointNotFoundException,INDEX_KEY,C:\Users\tyin363\Documents\repos\graphhopper__graphhopper\web-api\src\main\java\com\graphhopper\jackson\ResponsePathDeserializerHelper.java,273
JDK:java.base,N/A,false,ClassOrInterfaceType,java.lang.Boolean,Boolean,C:\Users\tyin363\Documents\repos\graphhopper__graphhopper\web-api\src\main\java\com\graphhopper\jackson\PathDetailSerializer.java,45
CLIENT:client-code,N/A,false,MethodCallExpr,com.graphhopper.json.Statement,isBlock,C:\Users\tyin363\Documents\repos\graphhopper__graphhopper\web-api\src\main\java\com\graphhopper\json\Statement.java,74
JDK:java.base,N/A,false,MethodCallExpr,java.util.LinkedHashMap,get,C:\Users\tyin363\Documents\repos\graphhopper__graphhopper\web-api\src\main\java\com\graphhopper\util\PMap.java,112
CLIENT:client-code,N/A,false,FieldAccessExpr,com.graphhopper.ResponsePath,numChanges,C:\Users\tyin363\Documents\repos\graphhopper__graphhopper\web-api\src\main\java\com\graphhopper\ResponsePath.java,312
JDK:java.base,N/A,false,MethodCallExpr,java.util.List,get,C:\Users\tyin363\Documents\repos\graphhopper__graphhopper\web-api\src\main\java\com\graphhopper\GHResponse.java,52
com.fasterxml.jackson.core:jackson-core,2.19.2,false,ClassOrInterfaceType,com.fasterxml.jackson.core.JsonProcessingException,JsonProcessingException,C:\Users\tyin363\Documents\repos\graphhopper__graphhopper\web-api\src\main\java\com\graphhopper\jackson\GHPointDeserializer.java,34
JDK:java.base,N/A,false,ClassOrInterfaceType,java.lang.IllegalArgumentException,IllegalArgumentException,C:\Users\tyin363\Documents\repos\graphhopper__graphhopper\web-api\src\main\java\com\graphhopper\json\Statement.java,114
CLIENT:client-code,N/A,false,MethodCallExpr,com.graphhopper.json.Statement.Keyword,getName,C:\Users\tyin363\Documents\repos\graphhopper__graphhopper\web-api\src\main\java\com\graphhopper\json\Statement.java,77
JDK:java.base,N/A,false,ClassOrInterfaceType,java.util.Map,Map,C:\Users\tyin363\Documents\repos\graphhopper__graphhopper\web-api\src\main\java\com\graphhopper\util\exceptions\DetailedRuntimeException.java,37
JDK:java.base,N/A,false,FieldAccessExpr,java.lang.Double,NaN,C:\Users\tyin363\Documents\repos\graphhopper__graphhopper\web-api\src\main\java\com\graphhopper\util\PointList.java,505
org.locationtech.jts:jts-core,1.20.0,true,MethodCallExpr,org.locationtech.jts.geom.Point,getX,C:\Users\tyin363\Documents\repos\graphhopper__graphhopper\web-api\src\main\java\com\graphhopper\util\shapes\GHPoint.java,41
JDK:java.base,N/A,false,ClassOrInterfaceType,java.lang.Long,Long,C:\Users\tyin363\Documents\repos\graphhopper__graphhopper\web-api\src\main\java\com\graphhopper\jackson\PathDetailSerializer.java,41
CLIENT:client-code,N/A,false,MethodCallExpr,com.graphhopper.util.details.PathDetail,getValue,C:\Users\tyin363\Documents\repos\graphhopper__graphhopper\web-api\src\main\java\com\graphhopper\jackson\PathDetailSerializer.java,48
JDK:java.base,N/A,false,ClassOrInterfaceType,java.lang.Double,Double,C:\Users\tyin363\Documents\repos\graphhopper__graphhopper\web-api\src\main\java\com\graphhopper\util\Helper.java,202
CLIENT:client-code,N/A,false,FieldAccessExpr,com.graphhopper.Trip.Stop,geometry,C:\Users\tyin363\Documents\repos\graphhopper__graphhopper\web-api\src\main\java\com\graphhopper\Trip.java,54
JDK:java.base,N/A,false,ClassOrInterfaceType,java.lang.Double,Double,C:\Users\tyin363\Documents\repos\graphhopper__graphhopper\web-api\src\main\java\com\graphhopper\util\shapes\GHPoint3D.java,66
com.fasterxml.jackson.core:jackson-databind,2.19.2,false,ClassOrInterfaceType,com.fasterxml.jackson.databind.JsonSerializer,JsonSerializer,C:\Users\tyin363\Documents\repos\graphhopper__graphhopper\web-api\src\main\java\com\graphhopper\jackson\MultiExceptionSerializer.java,31
JDK:java.base,N/A,false,ClassOrInterfaceType,java.lang.Boolean,Boolean,C:\Users\tyin363\Documents\repos\graphhopper__graphhopper\web-api\src\main\java\com\graphhopper\jackson\PathDetailSerializer.java,44
CLIENT:client-code,N/A,false,MethodCallExpr,com.graphhopper.util.PointList,is3D,C:\Users\tyin363\Documents\repos\graphhopper__graphhopper\web-api\src\main\java\com\graphhopper\util\PointList.java,404
CLIENT:client-code,N/A,false,MethodCallExpr,com.graphhopper.util.Translation,tr,C:\Users\tyin363\Documents\repos\graphhopper__graphhopper\web-api\src\main\java\com\graphhopper\util\Instruction.java,227
JDK:java.base,N/A,false,MethodCallExpr,java.lang.String,equals,C:\Users\tyin363\Documents\repos\graphhopper__graphhopper\web-api\src\main\java\com\graphhopper\jackson\ResponsePathDeserializerHelper.java,259
CLIENT:client-code,N/A,false,MethodCallExpr,com.graphhopper.util.NumHelper,equalsEps,C:\Users\tyin363\Documents\repos\graphhopper__graphhopper\web-api\src\main\java\com\graphhopper\util\shapes\GHPoint3D.java,53
CLIENT:client-code,N/A,false,FieldAccessExpr,com.graphhopper.json.MinMax,min,C:\Users\tyin363\Documents\repos\graphhopper__graphhopper\web-api\src\main\java\com\graphhopper\json\Statement.java,123
com.fasterxml.jackson.core:jackson-databind,2.19.2,false,MethodCallExpr,com.fasterxml.jackson.databind.ObjectMapper,convertValue,C:\Users\tyin363\Documents\repos\graphhopper__graphhopper\web-api\src\main\java\com\graphhopper\jackson\ResponsePathDeserializerHelper.java,183
CLIENT:client-code,N/A,false,FieldAccessExpr,com.graphhopper.util.shapes.GHPoint,lat,C:\Users\tyin363\Documents\repos\graphhopper__graphhopper\web-api\src\main\java\com\graphhopper\util\shapes\GHPoint.java,36
JDK:java.base,N/A,false,ObjectCreationExpr,java.lang.IllegalArgumentException,IllegalArgumentException,C:\Users\tyin363\Documents\repos\graphhopper__graphhopper\web-api\src\main\java\com\graphhopper\util\TurnCostsConfig.java,73
CLIENT:client-code,N/A,false,MethodCallExpr,com.graphhopper.util.JsonFeature,getId,C:\Users\tyin363\Documents\repos\graphhopper__graphhopper\web-api\src\main\java\com\graphhopper\util\CustomModel.java,70
JDK:java.base,N/A,false,ClassOrInterfaceType,java.lang.String,String,C:\Users\tyin363\Documents\repos\graphhopper__graphhopper\web-api\src\main\java\com\graphhopper\util\Parameters.java,114
JDK:java.base,N/A,false,ClassOrInterfaceType,java.lang.UnsupportedOperationException,UnsupportedOperationException,C:\Users\tyin363\Documents\repos\graphhopper__graphhopper\web-api\src\main\java\com\graphhopper\util\ShallowImmutablePointList.java,140
CLIENT:client-code,N/A,false,MethodCallExpr,com.graphhopper.util.Instruction,getName,C:\Users\tyin363\Documents\repos\graphhopper__graphhopper\web-api\src\main\java\com\graphhopper\util\ViaInstruction.java,56
JDK:java.base,N/A,false,ClassOrInterfaceType,java.lang.String,String,C:\Users\tyin363\Documents\repos\graphhopper__graphhopper\web-api\src\main\java\com\graphhopper\util\Helper.java,83
JDK:java.base,N/A,false,ClassOrInterfaceType,java.lang.String,String,C:\Users\tyin363\Documents\repos\graphhopper__graphhopper\web-api\src\main\java\com\graphhopper\util\PMap.java,141
JDK:java.base,N/A,false,FieldAccessExpr,java.lang.Double,NaN,C:\Users\tyin363\Documents\repos\graphhopper__graphhopper\web-api\src\main\java\com\graphhopper\util\RoundaboutInstruction.java,31
CLIENT:client-code,N/A,false,ClassOrInterfaceType,com.graphhopper.util.RoundaboutInstruction,RoundaboutInstruction,C:\Users\tyin363\Documents\repos\graphhopper__graphhopper\web-api\src\main\java\com\graphhopper\util\RoundaboutInstruction.java,92
JDK:java.base,N/A,false,MethodCallExpr,java.util.List,add,C:\Users\tyin363\Documents\repos\graphhopper__graphhopper\web-api\src\main\java\com\graphhopper\GHRequest.java,75
JDK:java.base,N/A,false,ClassOrInterfaceType,java.lang.String,String,C:\Users\tyin363\Documents\repos\graphhopper__graphhopper\web-api\src\main\java\com\graphhopper\ResponsePath.java,283
JDK:java.base,N/A,false,ObjectCreationExpr,java.util.ArrayList,ArrayList,C:\Users\tyin363\Documents\repos\graphhopper__graphhopper\web-api\src\main\java\com\graphhopper\jackson\ResponsePathDeserializerHelper.java,63
JDK:java.base,N/A,false,MethodCallExpr,java.lang.Math,round,C:\Users\tyin363\Documents\repos\graphhopper__graphhopper\web-api\src\main\java\com\graphhopper\jackson\ResponsePathSerializer.java,58
JDK:java.base,N/A,false,MethodCallExpr,java.lang.Class,getName,C:\Users\tyin363\Documents\repos\graphhopper__graphhopper\web-api\src\main\java\com\graphhopper\jackson\ResponsePathDeserializerHelper.java,269
CLIENT:client-code,N/A,false,ClassOrInterfaceType,com.graphhopper.ResponsePath,ResponsePath,C:\Users\tyin363\Documents\repos\graphhopper__graphhopper\web-api\src\main\java\com\graphhopper\ResponsePath.java,168
JDK:java.base,N/A,false,ClassOrInterfaceType,java.lang.Throwable,Throwable,C:\Users\tyin363\Documents\repos\graphhopper__graphhopper\web-api\src\main\java\com\graphhopper\GHResponse.java,33
JDK:java.base,N/A,false,ClassOrInterfaceType,java.lang.Double,Double,C:\Users\tyin363\Documents\repos\graphhopper__graphhopper\web-api\src\main\java\com\graphhopper\util\Helper.java,203
JDK:java.base,N/A,false,FieldAccessExpr,java.util.Locale,ENGLISH,C:\Users\tyin363\Documents\repos\graphhopper__graphhopper\web-api\src\main\java\com\graphhopper\util\Helper.java,335
JDK:java.base,N/A,false,ClassOrInterfaceType,java.lang.Double,Double,C:\Users\tyin363\Documents\repos\graphhopper__graphhopper\web-api\src\main\java\com\graphhopper\util\shapes\GHPoint3D.java,65
CLIENT:client-code,N/A,false,FieldAccessExpr,com.graphhopper.util.TurnCostsConfig,vehicleTypes,C:\Users\tyin363\Documents\repos\graphhopper__graphhopper\web-api\src\main\java\com\graphhopper\util\TurnCostsConfig.java,59
JDK:java.base,N/A,false,ClassOrInterfaceType,java.lang.Long,Long,C:\Users\tyin363\Documents\repos\graphhopper__graphhopper\web-api\src\main\java\com\graphhopper\jackson\PathDetailSerializer.java,40
CLIENT:client-code,N/A,false,MethodCallExpr,com.graphhopper.util.details.PathDetail,getValue,C:\Users\tyin363\Documents\repos\graphhopper__graphhopper\web-api\src\main\java\com\graphhopper\jackson\PathDetailSerializer.java,49
JDK:java.base,N/A,false,ClassOrInterfaceType,java.lang.String,String,C:\Users\tyin363\Documents\repos\graphhopper__graphhopper\web-api\src\main\java\com\graphhopper\util\TurnCostsConfig.java,191
CLIENT:client-code,N/A,false,FieldAccessExpr,com.graphhopper.util.Instruction,distance,C:\Users\tyin363\Documents\repos\graphhopper__graphhopper\web-api\src\main\java\com\graphhopper\util\Instruction.java,115
JDK:java.base,N/A,false,ClassOrInterfaceType,java.util.List,List,C:\Users\tyin363\Documents\repos\graphhopper__graphhopper\web-api\src\main\java\com\graphhopper\GHResponse.java,155
CLIENT:client-code,N/A,false,FieldAccessExpr,com.graphhopper.util.CustomModel,speedStatements,C:\Users\tyin363\Documents\repos\graphhopper__graphhopper\web-api\src\main\java\com\graphhopper\util\CustomModel.java,183
JDK:java.base,N/A,false,ObjectCreationExpr,java.lang.IllegalArgumentException,IllegalArgumentException,C:\Users\tyin363\Documents\repos\graphhopper__graphhopper\web-api\src\main\java\com\graphhopper\util\PointList.java,325
JDK:java.base,N/A,false,MethodCallExpr,java.lang.String,toLowerCase,C:\Users\tyin363\Documents\repos\graphhopper__graphhopper\web-api\src\main\java\com\graphhopper\util\Helper.java,60
JDK:java.base,N/A,false,ObjectCreationExpr,java.lang.IllegalArgumentException,IllegalArgumentException,C:\Users\tyin363\Documents\repos\graphhopper__graphhopper\web-api\src\main\java\com\graphhopper\util\TurnCostsConfig.java,76
JDK:java.base,N/A,false,ObjectCreationExpr,java.lang.UnsupportedOperationException,UnsupportedOperationException,C:\Users\tyin363\Documents\repos\graphhopper__graphhopper\web-api\src\main\java\com\graphhopper\util\ShallowImmutablePointList.java,120
CLIENT:client-code,N/A,false,ClassOrInterfaceType,com.graphhopper.json.Statement,Statement,C:\Users\tyin363\Documents\repos\graphhopper__graphhopper\web-api\src\main\java\com\graphhopper\util\CustomModel.java,120
JDK:java.base,N/A,false,ClassOrInterfaceType,java.lang.String,String,C:\Users\tyin363\Documents\repos\graphhopper__graphhopper\web-api\src\main\java\com\graphhopper\jackson\ResponsePathDeserializerHelper.java,189
CLIENT:client-code,N/A,false,MethodCallExpr,com.graphhopper.util.PointList,size,C:\Users\tyin363\Documents\repos\graphhopper__graphhopper\web-api\src\main\java\com\graphhopper\util\PointList.java,257
JDK:java.base,N/A,false,ClassOrInterfaceType,java.lang.String,String,C:\Users\tyin363\Documents\repos\graphhopper__graphhopper\web-api\src\main\java\com\graphhopper\GHRequest.java,234
CLIENT:client-code,N/A,false,ClassOrInterfaceType,com.graphhopper.util.exceptions.MaximumNodesExceededException,MaximumNodesExceededException,C:\Users\tyin363\Documents\repos\graphhopper__graphhopper\web-api\src\main\java\com\graphhopper\jackson\ResponsePathDeserializerHelper.java,271
JDK:java.base,N/A,false,ObjectCreationExpr,java.lang.ArrayIndexOutOfBoundsException,ArrayIndexOutOfBoundsException,C:\Users\tyin363\Documents\repos\graphhopper__graphhopper\web-api\src\main\java\com\graphhopper\util\ShallowImmutablePointList.java,66
CLIENT:client-code,N/A,false,MethodCallExpr,com.graphhopper.ResponsePath,check,C:\Users\tyin363\Documents\repos\graphhopper__graphhopper\web-api\src\main\java\com\graphhopper\ResponsePath.java,100
CLIENT:client-code,N/A,false,MethodCallExpr,com.graphhopper.util.JsonFeature,getId,C:\Users\tyin363\Documents\repos\graphhopper__graphhopper\web-api\src\main\java\com\graphhopper\util\CustomModel.java,69
CLIENT:client-code,N/A,false,MethodCallExpr,com.graphhopper.util.ViaInstruction,getViaCount,C:\Users\tyin363\Documents\repos\graphhopper__graphhopper\web-api\src\main\java\com\graphhopper\util\ViaInstruction.java,58
JDK:java.base,N/A,false,ClassOrInterfaceType,java.lang.UnsupportedOperationException,UnsupportedOperationException,C:\Users\tyin363\Documents\repos\graphhopper__graphhopper\web-api\src\main\java\com\graphhopper\util\ShallowImmutablePointList.java,150
JDK:java.base,N/A,false,MethodCallExpr,java.util.List,add,C:\Users\tyin363\Documents\repos\graphhopper__graphhopper\web-api\src\main\java\com\graphhopper\GHRequest.java,74
JDK:java.base,N/A,false,ClassOrInterfaceType,java.lang.String,String,C:\Users\tyin363\Documents\repos\graphhopper__graphhopper\web-api\src\main\java\com\graphhopper\GHRequest.java,233
CLIENT:client-code,N/A,false,ClassOrInterfaceType,com.graphhopper.util.shapes.GHPoint,GHPoint,C:\Users\tyin363\Documents\repos\graphhopper__graphhopper\web-api\src\main\java\com\graphhopper\util\shapes\GHPoint3D.java,25
JDK:java.base,N/A,false,ObjectCreationExpr,java.util.ArrayList,ArrayList,C:\Users\tyin363\Documents\repos\graphhopper__graphhopper\web-api\src\main\java\com\graphhopper\GHResponse.java,33
JDK:java.base,N/A,false,ClassOrInterfaceType,java.lang.String,String,C:\Users\tyin363\Documents\repos\graphhopper__graphhopper\web-api\src\main\java\com\graphhopper\util\Helper.java,73
JDK:java.base,N/A,false,ClassOrInterfaceType,java.lang.String,String,C:\Users\tyin363\Documents\repos\graphhopper__graphhopper\web-api\src\main\java\com\graphhopper\util\TurnCostsConfig.java,66
JDK:java.base,N/A,false,ClassOrInterfaceType,java.lang.IllegalArgumentException,IllegalArgumentException,C:\Users\tyin363\Documents\repos\graphhopper__graphhopper\web-api\src\main\java\com\graphhopper\jackson\GHPointDeserializer.java,35
JDK:java.base,N/A,false,ClassOrInterfaceType,java.util.List,List,C:\Users\tyin363\Documents\repos\graphhopper__graphhopper\web-api\src\main\java\com\graphhopper\jackson\ResponsePathSerializer.java,84
JDK:java.base,N/A,false,MethodCallExpr,java.lang.String,equals,C:\Users\tyin363\Documents\repos\graphhopper__graphhopper\web-api\src\main\java\com\graphhopper\jackson\ResponsePathDeserializerHelper.java,261
CLIENT:client-code,N/A,false,MethodCallExpr,com.graphhopper.util.details.PathDetail,getValue,C:\Users\tyin363\Documents\repos\graphhopper__graphhopper\web-api\src\main\java\com\graphhopper\jackson\PathDetailSerializer.java,50
CLIENT:client-code,N/A,false,ClassOrInterfaceType,com.graphhopper.util.TurnCostsConfig,TurnCostsConfig,C:\Users\tyin363\Documents\repos\graphhopper__graphhopper\web-api\src\main\java\com\graphhopper\util\TurnCostsConfig.java,81
JDK:java.base,N/A,false,MethodCallExpr,java.lang.Math,min,C:\Users\tyin363\Documents\repos\graphhopper__graphhopper\web-api\src\main\java\com\graphhopper\json\Statement.java,123
JDK:java.base,N/A,false,MethodCallExpr,java.lang.Object,getClass,C:\Users\tyin363\Documents\repos\graphhopper__graphhopper\web-api\src\main\java\com\graphhopper\jackson\PathDetailSerializer.java,53
CLIENT:client-code,N/A,false,MethodCallExpr,com.graphhopper.util.Translation,tr,C:\Users\tyin363\Documents\repos\graphhopper__graphhopper\web-api\src\main\java\com\graphhopper\util\Instruction.java,233
CLIENT:client-code,N/A,false,FieldAccessExpr,com.graphhopper.json.MinMax,min,C:\Users\tyin363\Documents\repos\graphhopper__graphhopper\web-api\src\main\java\com\graphhopper\json\Statement.java,121
CLIENT:client-code,N/A,false,MethodCallExpr,com.graphhopper.util.PointList,getLat,C:\Users\tyin363\Documents\repos\graphhopper__graphhopper\web-api\src\main\java\com\graphhopper\util\PointList.java,428
com.fasterxml.jackson.core:jackson-databind,2.19.2,false,MethodCallExpr,com.fasterxml.jackson.databind.JsonNode,has,C:\Users\tyin363\Documents\repos\graphhopper__graphhopper\web-api\src\main\java\com\graphhopper\jackson\ResponsePathDeserializerHelper.java,45
CLIENT:client-code,N/A,false,MethodCallExpr,com.graphhopper.ResponsePath,hasErrors,C:\Users\tyin363\Documents\repos\graphhopper__graphhopper\web-api\src\main\java\com\graphhopper\ResponsePath.java,284
JDK:java.base,N/A,false,ObjectCreationExpr,java.lang.RuntimeException,RuntimeException,C:\Users\tyin363\Documents\repos\graphhopper__graphhopper\web-api\src\main\java\com\graphhopper\jackson\ResponsePathDeserializerHelper.java,246
org.locationtech.jts:jts-core,1.20.0,true,MethodCallExpr,org.locationtech.jts.geom.Envelope,expandToInclude,C:\Users\tyin363\Documents\repos\graphhopper__graphhopper\web-api\src\main\java\com\graphhopper\ResponsePath.java,229
JDK:java.base,N/A,false,MethodCallExpr,java.lang.String,isEmpty,C:\Users\tyin363\Documents\repos\graphhopper__graphhopper\web-api\src\main\java\com\graphhopper\util\Helper.java,368
com.fasterxml.jackson.core:jackson-databind,2.19.2,false,MethodCallExpr,com.fasterxml.jackson.databind.JsonNode,asDouble,C:\Users\tyin363\Documents\repos\graphhopper__graphhopper\web-api\src\main\java\com\graphhopper\jackson\ResponsePathDeserializerHelper.java,83
JDK:java.base,N/A,false,ObjectCreationExpr,java.util.LinkedHashMap,LinkedHashMap,C:\Users\tyin363\Documents\repos\graphhopper__graphhopper\web-api\src\main\java\com\graphhopper\util\PMap.java,48
CLIENT:client-code,N/A,false,MethodCallExpr,com.graphhopper.util.JsonFeature,getId,C:\Users\tyin363\Documents\repos\graphhopper__graphhopper\web-api\src\main\java\com\graphhopper\util\CustomModel.java,68
JDK:java.base,N/A,false,MethodCallExpr,java.io.File,isDirectory,C:\Users\tyin363\Documents\repos\graphhopper__graphhopper\web-api\src\main\java\com\graphhopper\util\Helper.java,132
CLIENT:client-code,N/A,false,ClassOrInterfaceType,com.graphhopper.ResponsePath,ResponsePath,C:\Users\tyin363\Documents\repos\graphhopper__graphhopper\web-api\src\main\java\com\graphhopper\ResponsePath.java,306
JDK:java.base,N/A,false,MethodCallExpr,java.lang.Number,floatValue,C:\Users\tyin363\Documents\repos\graphhopper__graphhopper\web-api\src\main\java\com\graphhopper\util\PMap.java,123
com.fasterxml.jackson.core:jackson-databind,2.19.2,false,ClassOrInterfaceType,com.fasterxml.jackson.databind.JsonNode,JsonNode,C:\Users\tyin363\Documents\repos\graphhopper__graphhopper\web-api\src\main\java\com\graphhopper\jackson\ResponsePathDeserializerHelper.java,178
JDK:java.base,N/A,false,MethodCallExpr,java.lang.String,toLowerCase,C:\Users\tyin363\Documents\repos\graphhopper__graphhopper\web-api\src\main\java\com\graphhopper\GHResponse.java,153
JDK:java.base,N/A,false,ClassOrInterfaceType,java.lang.IllegalArgumentException,IllegalArgumentException,C:\Users\tyin363\Documents\repos\graphhopper__graphhopper\web-api\src\main\java\com\graphhopper\jackson\StatementDeserializer.java,50
JDK:java.base,N/A,false,MethodCallExpr,java.io.BufferedReader,close,C:\Users\tyin363\Documents\repos\graphhopper__graphhopper\web-api\src\main\java\com\graphhopper\util\Helper.java,93
JDK:java.base,N/A,false,MethodCallExpr,java.lang.Boolean,parseBoolean,C:\Users\tyin363\Documents\repos\graphhopper__graphhopper\web-api\src\main\java\com\graphhopper\util\Helper.java,346
CLIENT:client-code,N/A,false,FieldAccessExpr,com.graphhopper.util.CustomModel,distanceInfluence,C:\Users\tyin363\Documents\repos\graphhopper__graphhopper\web-api\src\main\java\com\graphhopper\util\CustomModel.java,47
CLIENT:client-code,N/A,false,FieldAccessExpr,com.graphhopper.util.TurnCostsConfig,sharpLeftTurnCosts,C:\Users\tyin363\Documents\repos\graphhopper__graphhopper\web-api\src\main\java\com\graphhopper\util\TurnCostsConfig.java,121
com.fasterxml.jackson.core:jackson-databind,2.19.2,false,ClassOrInterfaceType,com.fasterxml.jackson.databind.JsonNode,JsonNode,C:\Users\tyin363\Documents\repos\graphhopper__graphhopper\web-api\src\main\java\com\graphhopper\jackson\ResponsePathDeserializerHelper.java,46
com.fasterxml.jackson.core:jackson-core,2.19.2,false,MethodCallExpr,com.fasterxml.jackson.core.JsonParser,readValueAsTree,C:\Users\tyin363\Documents\repos\graphhopper__graphhopper\web-api\src\main\java\com\graphhopper\jackson\StatementDeserializer.java,40
JDK:java.base,N/A,false,FieldAccessExpr,java.lang.Double,NaN,C:\Users\tyin363\Documents\repos\graphhopper__graphhopper\web-api\src\main\java\com\graphhopper\util\shapes\GHPoint.java,29
JDK:java.base,N/A,false,MethodCallExpr,java.util.Map.Entry,getKey,C:\Users\tyin363\Documents\repos\graphhopper__graphhopper\web-api\src\main\java\com\graphhopper\util\CustomModel.java,103
JDK:java.base,N/A,false,MethodCallExpr,java.lang.Class,getSimpleName,C:\Users\tyin363\Documents\repos\graphhopper__graphhopper\web-api\src\main\java\com\graphhopper\jackson\MultiExceptionSerializer.java,52
CLIENT:client-code,N/A,false,MethodCallExpr,com.graphhopper.util.CustomModel,getSpeed,C:\Users\tyin363\Documents\repos\graphhopper__graphhopper\web-api\src\main\java\com\graphhopper\util\CustomModel.java,50
JDK:java.base,N/A,false,ClassOrInterfaceType,java.util.Locale,Locale,C:\Users\tyin363\Documents\repos\graphhopper__graphhopper\web-api\src\main\java\com\graphhopper\GHRequest.java,145
CLIENT:client-code,N/A,false,MethodCallExpr,com.graphhopper.util.PointList,add,C:\Users\tyin363\Documents\repos\graphhopper__graphhopper\web-api\src\main\java\com\graphhopper\util\PointList.java,505
JDK:java.base,N/A,false,ClassOrInterfaceType,java.lang.String,String,C:\Users\tyin363\Documents\repos\graphhopper__graphhopper\web-api\src\main\java\com\graphhopper\util\Instruction.java,61
CLIENT:client-code,N/A,false,ClassOrInterfaceType,com.graphhopper.util.ShallowImmutablePointList,ShallowImmutablePointList,C:\Users\tyin363\Documents\repos\graphhopper__graphhopper\web-api\src\main\java\com\graphhopper\util\PointList.java,453
CLIENT:client-code,N/A,false,MethodCallExpr,com.graphhopper.json.Statement.Keyword,getName,C:\Users\tyin363\Documents\repos\graphhopper__graphhopper\web-api\src\main\java\com\graphhopper\json\Statement.java,64
JDK:java.base,N/A,false,ClassOrInterfaceType,java.lang.Object,Object,C:\Users\tyin363\Documents\repos\graphhopper__graphhopper\web-api\src\main\java\com\graphhopper\util\CustomModel.java,93
CLIENT:client-code,N/A,false,MethodCallExpr,com.graphhopper.util.Helper,isEmpty,C:\Users\tyin363\Documents\repos\graphhopper__graphhopper\web-api\src\main\java\com\graphhopper\util\RoundaboutInstruction.java,122
JDK:java.base,N/A,false,ClassOrInterfaceType,java.lang.String,String,C:\Users\tyin363\Documents\repos\graphhopper__graphhopper\web-api\src\main\java\com\graphhopper\ResponsePath.java,279
CLIENT:client-code,N/A,false,MethodCallExpr,com.graphhopper.jackson.ResponsePathSerializer,encodeNumber,C:\Users\tyin363\Documents\repos\graphhopper__graphhopper\web-api\src\main\java\com\graphhopper\jackson\ResponsePathSerializer.java,56
CLIENT:client-code,N/A,false,ClassOrInterfaceType,com.graphhopper.util.details.PathDetail,PathDetail,C:\Users\tyin363\Documents\repos\graphhopper__graphhopper\web-api\src\main\java\com\graphhopper\ResponsePath.java,268
CLIENT:client-code,N/A,false,MethodCallExpr,com.graphhopper.util.shapes.GHPoint,toGeoJson,C:\Users\tyin363\Documents\repos\graphhopper__graphhopper\web-api\src\main\java\com\graphhopper\jackson\GHPointSerializer.java,32
com.fasterxml.jackson.core:jackson-databind,2.19.2,false,MethodCallExpr,com.fasterxml.jackson.databind.JsonNode,size,C:\Users\tyin363\Documents\repos\graphhopper__graphhopper\web-api\src\main\java\com\graphhopper\jackson\PathDetailDeserializer.java,36
CLIENT:client-code,N/A,false,MethodCallExpr,com.graphhopper.util.details.PathDetail,getLast,C:\Users\tyin363\Documents\repos\graphhopper__graphhopper\web-api\src\main\java\com\graphhopper\jackson\PathDetailSerializer.java,36
org.locationtech.jts:jts-core,1.20.0,true,MethodCallExpr,org.locationtech.jts.geom.LineString,getCoordinates,C:\Users\tyin363\Documents\repos\graphhopper__graphhopper\web-api\src\main\java\com\graphhopper\util\PointList.java,546
JDK:java.base,N/A,false,ClassOrInterfaceType,java.lang.Object,Object,C:\Users\tyin363\Documents\repos\graphhopper__graphhopper\web-api\src\main\java\com\graphhopper\util\PMap.java,127
JDK:java.base,N/A,false,ObjectCreationExpr,java.util.ArrayList,ArrayList,C:\Users\tyin363\Documents\repos\graphhopper__graphhopper\web-api\src\main\java\com\graphhopper\GHResponse.java,35
JDK:java.base,N/A,false,ClassOrInterfaceType,java.util.ArrayList,ArrayList,C:\Users\tyin363\Documents\repos\graphhopper__graphhopper\web-api\src\main\java\com\graphhopper\ResponsePath.java,45
com.fasterxml.jackson.core:jackson-databind,2.19.2,false,MethodCallExpr,com.fasterxml.jackson.databind.JsonNode,size,C:\Users\tyin363\Documents\repos\graphhopper__graphhopper\web-api\src\main\java\com\graphhopper\jackson\PathDetailDeserializer.java,35
CLIENT:client-code,N/A,false,MethodCallExpr,com.graphhopper.util.Helper,camelCaseToUnderScore,C:\Users\tyin363\Documents\repos\graphhopper__graphhopper\web-api\src\main\java\com\graphhopper\util\PMap.java,60
CLIENT:client-code,N/A,false,ClassOrInterfaceType,com.graphhopper.util.JsonFeatureCollection,JsonFeatureCollection,C:\Users\tyin363\Documents\repos\graphhopper__graphhopper\web-api\src\main\java\com\graphhopper\util\CustomModel.java,56
JDK:java.base,N/A,false,ClassOrInterfaceType,java.util.List,List,C:\Users\tyin363\Documents\repos\graphhopper__graphhopper\web-api\src\main\java\com\graphhopper\GHRequest.java,204
JDK:java.base,N/A,false,MethodCallExpr,java.lang.StringBuilder,append,C:\Users\tyin363\Documents\repos\graphhopper__graphhopper\web-api\src\main\java\com\graphhopper\jackson\ResponsePathSerializer.java,81
CLIENT:client-code,N/A,false,FieldAccessExpr,com.graphhopper.util.CustomModel,distanceInfluence,C:\Users\tyin363\Documents\repos\graphhopper__graphhopper\web-api\src\main\java\com\graphhopper\util\CustomModel.java,180
JDK:java.base,N/A,false,ClassOrInterfaceType,java.lang.String,String,C:\Users\tyin363\Documents\repos\graphhopper__graphhopper\web-api\src\main\java\com\graphhopper\util\Parameters.java,126
com.fasterxml.jackson.core:jackson-databind,2.19.2,false,MethodCallExpr,com.fasterxml.jackson.databind.JsonNode,isTextual,C:\Users\tyin363\Documents\repos\graphhopper__graphhopper\web-api\src\main\java\com\graphhopper\jackson\ResponsePathDeserializerHelper.java,180
JDK:java.base,N/A,false,MethodCallExpr,java.lang.String,equals,C:\Users\tyin363\Documents\repos\graphhopper__graphhopper\web-api\src\main\java\com\graphhopper\jackson\ResponsePathDeserializerHelper.java,263
CLIENT:client-code,N/A,false,ClassOrInterfaceType,com.graphhopper.GHRequest,GHRequest,C:\Users\tyin363\Documents\repos\graphhopper__graphhopper\web-api\src\main\java\com\graphhopper\GHRequest.java,145
JDK:java.base,N/A,false,FieldAccessExpr,java.util.Locale,ROOT,C:\Users\tyin363\Documents\repos\graphhopper__graphhopper\web-api\src\main\java\com\graphhopper\util\shapes\GHPoint.java,109
JDK:java.base,N/A,false,ClassOrInterfaceType,java.util.List,List,C:\Users\tyin363\Documents\repos\graphhopper__graphhopper\web-api\src\main\java\com\graphhopper\GHResponse.java,154
CLIENT:client-code,N/A,false,ObjectCreationExpr,com.graphhopper.util.TurnCostsConfig,TurnCostsConfig,C:\Users\tyin363\Documents\repos\graphhopper__graphhopper\web-api\src\main\java\com\graphhopper\util\TurnCostsConfig.java,37
CLIENT:client-code,N/A,false,ClassOrInterfaceType,com.graphhopper.util.ShallowImmutablePointList,ShallowImmutablePointList,C:\Users\tyin363\Documents\repos\graphhopper__graphhopper\web-api\src\main\java\com\graphhopper\util\PointList.java,454
JDK:java.base,N/A,false,ClassOrInterfaceType,java.lang.Object,Object,C:\Users\tyin363\Documents\repos\graphhopper__graphhopper\web-api\src\main\java\com\graphhopper\util\CustomModel.java,94
JDK:java.base,N/A,false,ClassOrInterfaceType,java.util.ArrayList,ArrayList,C:\Users\tyin363\Documents\repos\graphhopper__graphhopper\web-api\src\main\java\com\graphhopper\jackson\Gpx.java,36
com.fasterxml.jackson.core:jackson-databind,2.19.2,false,MethodCallExpr,com.fasterxml.jackson.databind.JsonNode,isObject,C:\Users\tyin363\Documents\repos\graphhopper__graphhopper\web-api\src\main\java\com\graphhopper\jackson\PathDetailDeserializer.java,51
com.fasterxml.jackson.core:jackson-databind,2.19.2,false,MethodCallExpr,com.fasterxml.jackson.databind.JsonNode,asDouble,C:\Users\tyin363\Documents\repos\graphhopper__graphhopper\web-api\src\main\java\com\graphhopper\jackson\PathDetailDeserializer.java,46
CLIENT:client-code,N/A,false,FieldAccessExpr,com.graphhopper.Trip.WalkLeg,instructions,C:\Users\tyin363\Documents\repos\graphhopper__graphhopper\web-api\src\main\java\com\graphhopper\Trip.java,83
JDK:java.base,N/A,false,ClassOrInterfaceType,java.lang.String,String,C:\Users\tyin363\Documents\repos\graphhopper__graphhopper\web-api\src\main\java\com\graphhopper\util\Helper.java,334
JDK:java.base,N/A,false,ClassOrInterfaceType,java.util.List,List,C:\Users\tyin363\Documents\repos\graphhopper__graphhopper\web-api\src\main\java\com\graphhopper\util\InstructionList.java,27
CLIENT:client-code,N/A,false,MethodCallExpr,com.graphhopper.util.PointList,size,C:\Users\tyin363\Documents\repos\graphhopper__graphhopper\web-api\src\main\java\com\graphhopper\util\ShallowImmutablePointList.java,38
CLIENT:client-code,N/A,false,ClassOrInterfaceType,com.graphhopper.util.exceptions.PointOutOfBoundsException,PointOutOfBoundsException,C:\Users\tyin363\Documents\repos\graphhopper__graphhopper\web-api\src\main\java\com\graphhopper\jackson\ResponsePathDeserializerHelper.java,277
JDK:java.base,N/A,false,ClassOrInterfaceType,java.lang.String,String,C:\Users\tyin363\Documents\repos\graphhopper__graphhopper\web-api\src\main\java\com\graphhopper\util\PMap.java,146
CLIENT:client-code,N/A,false,ClassOrInterfaceType,com.graphhopper.jackson.MultiException,MultiException,C:\Users\tyin363\Documents\repos\graphhopper__graphhopper\web-api\src\main\java\com\graphhopper\jackson\MultiExceptionSerializer.java,31
CLIENT:client-code,N/A,false,MethodCallExpr,com.graphhopper.util.RoundaboutInstruction,setDirOfRotation,C:\Users\tyin363\Documents\repos\graphhopper__graphhopper\web-api\src\main\java\com\graphhopper\jackson\ResponsePathDeserializerHelper.java,111
com.fasterxml.jackson.core:jackson-databind,2.19.2,false,MethodCallExpr,com.fasterxml.jackson.databind.JsonNode,has,C:\Users\tyin363\Documents\repos\graphhopper__graphhopper\web-api\src\main\java\com\graphhopper\jackson\ResponsePathDeserializerHelper.java,42
CLIENT:client-code,N/A,false,MethodCallExpr,com.graphhopper.util.details.PathDetail,getValue,C:\Users\tyin363\Documents\repos\graphhopper__graphhopper\web-api\src\main\java\com\graphhopper\jackson\PathDetailSerializer.java,53
com.fasterxml.jackson.core:jackson-core,2.19.2,false,MethodCallExpr,com.fasterxml.jackson.core.JsonGenerator,writeStartObject,C:\Users\tyin363\Documents\repos\graphhopper__graphhopper\web-api\src\main\java\com\graphhopper\jackson\StatementSerializer.java,30
CLIENT:client-code,N/A,false,MethodCallExpr,com.graphhopper.util.Instruction,getName,C:\Users\tyin363\Documents\repos\graphhopper__graphhopper\web-api\src\main\java\com\graphhopper\util\ViaInstruction.java,44
JDK:java.base,N/A,false,ClassOrInterfaceType,java.lang.Integer,Integer,C:\Users\tyin363\Documents\repos\graphhopper__graphhopper\web-api\src\main\java\com\graphhopper\ResponsePath.java,90
CLIENT:client-code,N/A,false,MethodCallExpr,com.graphhopper.json.Statement,isBlock,C:\Users\tyin363\Documents\repos\graphhopper__graphhopper\web-api\src\main\java\com\graphhopper\json\Statement.java,63
JDK:java.base,N/A,false,ClassOrInterfaceType,java.lang.UnsupportedOperationException,UnsupportedOperationException,C:\Users\tyin363\Documents\repos\graphhopper__graphhopper\web-api\src\main\java\com\graphhopper\util\PointList.java,91
com.fasterxml.jackson.core:jackson-databind,2.19.2,false,MethodCallExpr,com.fasterxml.jackson.databind.JsonNode,get,C:\Users\tyin363\Documents\repos\graphhopper__graphhopper\web-api\src\main\java\com\graphhopper\jackson\ResponsePathDeserializerHelper.java,246
CLIENT:client-code,N/A,false,FieldAccessExpr,com.graphhopper.json.MinMax,max,C:\Users\tyin363\Documents\repos\graphhopper__graphhopper\web-api\src\main\java\com\graphhopper\json\Statement.java,123
CLIENT:client-code,N/A,false,ClassOrInterfaceType,com.graphhopper.util.PMap,PMap,C:\Users\tyin363\Documents\repos\graphhopper__graphhopper\web-api\src\main\java\com\graphhopper\GHResponse.java,144
JDK:java.base,N/A,false,FieldAccessExpr,java.lang.Double,NaN,C:\Users\tyin363\Documents\repos\graphhopper__graphhopper\web-api\src\main\java\com\graphhopper\util\FinishInstruction.java,42
CLIENT:client-code,N/A,false,ClassOrInterfaceType,com.graphhopper.util.exceptions.DetailedRuntimeException,DetailedRuntimeException,C:\Users\tyin363\Documents\repos\graphhopper__graphhopper\web-api\src\main\java\com\graphhopper\jackson\ResponsePathDeserializerHelper.java,279
CLIENT:client-code,N/A,false,ClassOrInterfaceType,com.graphhopper.util.details.PathDetail,PathDetail,C:\Users\tyin363\Documents\repos\graphhopper__graphhopper\web-api\src\main\java\com\graphhopper\ResponsePath.java,270
CLIENT:client-code,N/A,false,ClassOrInterfaceType,com.graphhopper.json.Statement,Statement,C:\Users\tyin363\Documents\repos\graphhopper__graphhopper\web-api\src\main\java\com\graphhopper\util\CustomModel.java,124
com.fasterxml.jackson.core:jackson-databind,2.19.2,false,ClassOrInterfaceType,com.fasterxml.jackson.databind.ObjectMapper,ObjectMapper,C:\Users\tyin363\Documents\repos\graphhopper__graphhopper\web-api\src\main\java\com\graphhopper\jackson\Jackson.java,31
JDK:java.base,N/A,false,ClassOrInterfaceType,java.lang.String,String,C:\Users\tyin363\Documents\repos\graphhopper__graphhopper\web-api\src\main\java\com\graphhopper\util\PMap.java,153
com.fasterxml.jackson.core:jackson-core,2.19.2,false,ClassOrInterfaceType,com.fasterxml.jackson.core.JsonParser,JsonParser,C:\Users\tyin363\Documents\repos\graphhopper__graphhopper\web-api\src\main\java\com\graphhopper\jackson\PathDetailDeserializer.java,33
JDK:java.base,N/A,false,ClassOrInterfaceType,java.io.IOException,IOException,C:\Users\tyin363\Documents\repos\graphhopper__graphhopper\web-api\src\main\java\com\graphhopper\jackson\StatementSerializer.java,29
CLIENT:client-code,N/A,false,MethodCallExpr,com.graphhopper.util.PointList,equalsEps,C:\Users\tyin363\Documents\repos\graphhopper__graphhopper\web-api\src\main\java\com\graphhopper\util\PointList.java,413
CLIENT:client-code,N/A,false,MethodCallExpr,com.graphhopper.jackson.Jackson,initObjectMapper,C:\Users\tyin363\Documents\repos\graphhopper__graphhopper\web-api\src\main\java\com\graphhopper\jackson\Jackson.java,28
JDK:java.base,N/A,false,ClassOrInterfaceType,java.lang.String,String,C:\Users\tyin363\Documents\repos\graphhopper__graphhopper\web-api\src\main\java\com\graphhopper\util\Instruction.java,55
CLIENT:client-code,N/A,false,ClassOrInterfaceType,com.graphhopper.util.exceptions.DetailedIllegalArgumentException,DetailedIllegalArgumentException,C:\Users\tyin363\Documents\repos\graphhopper__graphhopper\web-api\src\main\java\com\graphhopper\util\exceptions\PointDistanceExceededException.java,27
JDK:java.base,N/A,false,MethodCallExpr,java.lang.String,equals,C:\Users\tyin363\Documents\repos\graphhopper__graphhopper\web-api\src\main\java\com\graphhopper\jackson\ResponsePathDeserializerHelper.java,265
CLIENT:client-code,N/A,false,MethodCallExpr,com.graphhopper.util.PointList,ensureMutability,C:\Users\tyin363\Documents\repos\graphhopper__graphhopper\web-api\src\main\java\com\graphhopper\util\PointList.java,233
JDK:java.base,N/A,false,ClassOrInterfaceType,java.lang.String,String,C:\Users\tyin363\Documents\repos\graphhopper__graphhopper\web-api\src\main\java\com\graphhopper\util\Parameters.java,124
CLIENT:client-code,N/A,false,ClassOrInterfaceType,com.graphhopper.util.shapes.GHPoint,GHPoint,C:\Users\tyin363\Documents\repos\graphhopper__graphhopper\web-api\src\main\java\com\graphhopper\util\PointList.java,547
com.fasterxml.jackson.core:jackson-databind,2.19.2,false,ClassOrInterfaceType,com.fasterxml.jackson.databind.SerializerProvider,SerializerProvider,C:\Users\tyin363\Documents\repos\graphhopper__graphhopper\web-api\src\main\java\com\graphhopper\jackson\MultiExceptionSerializer.java,34
JDK:java.base,N/A,false,MethodCallExpr,java.lang.Class,getName,C:\Users\tyin363\Documents\repos\graphhopper__graphhopper\web-api\src\main\java\com\graphhopper\jackson\ResponsePathDeserializerHelper.java,275
CLIENT:client-code,N/A,false,MethodCallExpr,com.graphhopper.util.PointList,getLat,C:\Users\tyin363\Documents\repos\graphhopper__graphhopper\web-api\src\main\java\com\graphhopper\util\PointList.java,432
JDK:java.base,N/A,false,ClassOrInterfaceType,java.lang.IllegalArgumentException,IllegalArgumentException,C:\Users\tyin363\Documents\repos\graphhopper__graphhopper\web-api\src\main\java\com\graphhopper\jackson\StatementDeserializer.java,46
JDK:java.base,N/A,false,ObjectCreationExpr,java.util.LinkedHashMap,LinkedHashMap,C:\Users\tyin363\Documents\repos\graphhopper__graphhopper\web-api\src\main\java\com\graphhopper\util\PMap.java,44
CLIENT:client-code,N/A,false,FieldAccessExpr,com.graphhopper.GHRequest,points,C:\Users\tyin363\Documents\repos\graphhopper__graphhopper\web-api\src\main\java\com\graphhopper\GHRequest.java,86
CLIENT:client-code,N/A,false,MethodCallExpr,com.graphhopper.util.CustomModel,getSpeed,C:\Users\tyin363\Documents\repos\graphhopper__graphhopper\web-api\src\main\java\com\graphhopper\util\CustomModel.java,183
CLIENT:client-code,N/A,false,FieldAccessExpr,com.graphhopper.util.exceptions.MaximumNodesExceededException,NODES_KEY,C:\Users\tyin363\Documents\repos\graphhopper__graphhopper\web-api\src\main\java\com\graphhopper\jackson\ResponsePathDeserializerHelper.java,270
JDK:java.base,N/A,false,ClassOrInterfaceType,java.lang.Object,Object,C:\Users\tyin363\Documents\repos\graphhopper__graphhopper\web-api\src\main\java\com\graphhopper\util\CustomModel.java,101
CLIENT:client-code,N/A,false,ClassOrInterfaceType,com.graphhopper.util.Instruction,Instruction,C:\Users\tyin363\Documents\repos\graphhopper__graphhopper\web-api\src\main\java\com\graphhopper\util\Instruction.java,114
JDK:java.base,N/A,false,MethodCallExpr,java.util.LinkedHashMap,get,C:\Users\tyin363\Documents\repos\graphhopper__graphhopper\web-api\src\main\java\com\graphhopper\util\PMap.java,107
CLIENT:client-code,N/A,false,ClassOrInterfaceType,com.graphhopper.util.exceptions.PointOutOfBoundsException,PointOutOfBoundsException,C:\Users\tyin363\Documents\repos\graphhopper__graphhopper\web-api\src\main\java\com\graphhopper\jackson\ResponsePathDeserializerHelper.java,275
CLIENT:client-code,N/A,false,ClassOrInterfaceType,com.graphhopper.util.PointList,PointList,C:\Users\tyin363\Documents\repos\graphhopper__graphhopper\web-api\src\main\java\com\graphhopper\ResponsePath.java,115
com.fasterxml.jackson.core:jackson-databind,2.19.2,false,MethodCallExpr,com.fasterxml.jackson.databind.module.SimpleModule,addDeserializer,C:\Users\tyin363\Documents\repos\graphhopper__graphhopper\web-api\src\main\java\com\graphhopper\jackson\GraphHopperModule.java,34
JDK:java.base,N/A,false,ClassOrInterfaceType,java.lang.String,String,C:\Users\tyin363\Documents\repos\graphhopper__graphhopper\web-api\src\main\java\com\graphhopper\util\Parameters.java,125
CLIENT:client-code,N/A,false,FieldAccessExpr,com.graphhopper.json.MinMax,max,C:\Users\tyin363\Documents\repos\graphhopper__graphhopper\web-api\src\main\java\com\graphhopper\json\Statement.java,121
CLIENT:client-code,N/A,false,FieldAccessExpr,com.graphhopper.Trip.Stop,arrivalCancelled,C:\Users\tyin363\Documents\repos\graphhopper__graphhopper\web-api\src\main\java\com\graphhopper\Trip.java,58
CLIENT:client-code,N/A,false,MethodCallExpr,com.graphhopper.util.Instruction,getName,C:\Users\tyin363\Documents\repos\graphhopper__graphhopper\web-api\src\main\java\com\graphhopper\util\RoundaboutInstruction.java,113
CLIENT:client-code,N/A,false,FieldAccessExpr,com.graphhopper.GHRequest,profile,C:\Users\tyin363\Documents\repos\graphhopper__graphhopper\web-api\src\main\java\com\graphhopper\GHRequest.java,169
CLIENT:client-code,N/A,false,ClassOrInterfaceType,com.graphhopper.util.exceptions.MaximumNodesExceededException,MaximumNodesExceededException,C:\Users\tyin363\Documents\repos\graphhopper__graphhopper\web-api\src\main\java\com\graphhopper\jackson\ResponsePathDeserializerHelper.java,269
CLIENT:client-code,N/A,false,ClassOrInterfaceType,com.graphhopper.jackson.JtsEnvelopeSerializer,JtsEnvelopeSerializer,C:\Users\tyin363\Documents\repos\graphhopper__graphhopper\web-api\src\main\java\com\graphhopper\jackson\GraphHopperModule.java,33
JDK:java.base,N/A,false,MethodCallExpr,java.lang.String,isEmpty,C:\Users\tyin363\Documents\repos\graphhopper__graphhopper\web-api\src\main\java\com\graphhopper\util\Instruction.java,95
JDK:java.base,N/A,false,ClassOrInterfaceType,java.lang.String,String,C:\Users\tyin363\Documents\repos\graphhopper__graphhopper\web-api\src\main\java\com\graphhopper\jackson\InstructionListSerializer.java,35
JDK:java.base,N/A,false,MethodCallExpr,java.util.AbstractCollection,toString,C:\Users\tyin363\Documents\repos\graphhopper__graphhopper\web-api\src\main\java\com\graphhopper\ResponsePath.java,238
JDK:java.base,N/A,false,ObjectCreationExpr,java.util.ArrayList,ArrayList,C:\Users\tyin363\Documents\repos\graphhopper__graphhopper\web-api\src\main\java\com\graphhopper\util\Helper.java,203
com.fasterxml.jackson.core:jackson-databind,2.19.2,false,ClassOrInterfaceType,com.fasterxml.jackson.databind.SerializerProvider,SerializerProvider,C:\Users\tyin363\Documents\repos\graphhopper__graphhopper\web-api\src\main\java\com\graphhopper\jackson\InstructionListSerializer.java,34
JDK:java.base,N/A,false,ClassOrInterfaceType,java.lang.String,String,C:\Users\tyin363\Documents\repos\graphhopper__graphhopper\web-api\src\main\java\com\graphhopper\util\Parameters.java,122
CLIENT:client-code,N/A,false,ClassOrInterfaceType,com.graphhopper.util.exceptions.DetailedRuntimeException,DetailedRuntimeException,C:\Users\tyin363\Documents\repos\graphhopper__graphhopper\web-api\src\main\java\com\graphhopper\jackson\ResponsePathDeserializerHelper.java,281
CLIENT:client-code,N/A,false,ClassOrInterfaceType,com.graphhopper.util.PointList,PointList,C:\Users\tyin363\Documents\repos\graphhopper__graphhopper\web-api\src\main\java\com\graphhopper\util\PointList.java,544
JDK:java.base,N/A,false,MethodCallExpr,java.util.List,get,C:\Users\tyin363\Documents\repos\graphhopper__graphhopper\web-api\src\main\java\com\graphhopper\jackson\MultiExceptionSerializer.java,37
JDK:java.base,N/A,false,FieldAccessExpr,java.util.Locale,ROOT,C:\Users\tyin363\Documents\repos\graphhopper__graphhopper\web-api\src\main\java\com\graphhopper\jackson\ResponsePathSerializer.java,120
JDK:java.base,N/A,false,MethodCallExpr,java.util.stream.Stream,collect,C:\Users\tyin363\Documents\repos\graphhopper__graphhopper\web-api\src\main\java\com\graphhopper\util\CustomModel.java,66
JDK:java.base,N/A,false,ClassOrInterfaceType,java.lang.String,String,C:\Users\tyin363\Documents\repos\graphhopper__graphhopper\web-api\src\main\java\com\graphhopper\GHResponse.java,36
CLIENT:client-code,N/A,false,ClassOrInterfaceType,com.graphhopper.util.InstructionList,InstructionList,C:\Users\tyin363\Documents\repos\graphhopper__graphhopper\web-api\src\main\java\com\graphhopper\ResponsePath.java,254
JDK:java.base,N/A,false,MethodCallExpr,java.lang.String,equals,C:\Users\tyin363\Documents\repos\graphhopper__graphhopper\web-api\src\main\java\com\graphhopper\jackson\ResponsePathDeserializerHelper.java,267
CLIENT:client-code,N/A,false,ClassOrInterfaceType,com.graphhopper.Trip.Leg,Leg,C:\Users\tyin363\Documents\repos\graphhopper__graphhopper\web-api\src\main\java\com\graphhopper\Trip.java,75
JDK:java.base,N/A,false,MethodCallExpr,java.lang.String,isEmpty,C:\Users\tyin363\Documents\repos\graphhopper__graphhopper\web-api\src\main\java\com\graphhopper\GHResponse.java,73
com.fasterxml.jackson.core:jackson-databind,2.19.2,false,MethodCallExpr,com.fasterxml.jackson.databind.JsonNode,get,C:\Users\tyin363\Documents\repos\graphhopper__graphhopper\web-api\src\main\java\com\graphhopper\jackson\ResponsePathDeserializerHelper.java,243
CLIENT:client-code,N/A,false,ObjectCreationExpr,com.graphhopper.util.TurnCostsConfig,TurnCostsConfig,C:\Users\tyin363\Documents\repos\graphhopper__graphhopper\web-api\src\main\java\com\graphhopper\util\TurnCostsConfig.java,41
CLIENT:client-code,N/A,false,MethodCallExpr,com.graphhopper.jackson.ResponsePathSerializer,encodeNumber,C:\Users\tyin363\Documents\repos\graphhopper__graphhopper\web-api\src\main\java\com\graphhopper\jackson\ResponsePathSerializer.java,59
JDK:java.base,N/A,false,ObjectCreationExpr,java.lang.ArrayIndexOutOfBoundsException,ArrayIndexOutOfBoundsException,C:\Users\tyin363\Documents\repos\graphhopper__graphhopper\web-api\src\main\java\com\graphhopper\util\ShallowImmutablePointList.java,73
CLIENT:client-code,N/A,false,MethodCallExpr,com.graphhopper.util.Helper,round6,C:\Users\tyin363\Documents\repos\graphhopper__graphhopper\web-api\src\main\java\com\graphhopper\util\PointList.java,368
com.fasterxml.jackson.core:jackson-databind,2.19.2,false,MethodCallExpr,com.fasterxml.jackson.databind.JsonNode,getNodeType,C:\Users\tyin363\Documents\repos\graphhopper__graphhopper\web-api\src\main\java\com\graphhopper\jackson\PathDetailDeserializer.java,56
com.fasterxml.jackson.core:jackson-databind,2.19.2,false,MethodCallExpr,com.fasterxml.jackson.databind.JsonNode,asText,C:\Users\tyin363\Documents\repos\graphhopper__graphhopper\web-api\src\main\java\com\graphhopper\jackson\ResponsePathDeserializerHelper.java,181
JDK:java.base,N/A,false,ClassOrInterfaceType,java.lang.String,String,C:\Users\tyin363\Documents\repos\graphhopper__graphhopper\web-api\src\main\java\com\graphhopper\json\Statement.java,73
JDK:java.base,N/A,false,ClassOrInterfaceType,java.lang.String,String,C:\Users\tyin363\Documents\repos\graphhopper__graphhopper\web-api\src\main\java\com\graphhopper\util\Instruction.java,190
JDK:java.base,N/A,false,ClassOrInterfaceType,java.lang.Object,Object,C:\Users\tyin363\Documents\repos\graphhopper__graphhopper\web-api\src\main\java\com\graphhopper\util\PMap.java,132
CLIENT:client-code,N/A,false,ClassOrInterfaceType,com.graphhopper.util.PointList,PointList,C:\Users\tyin363\Documents\repos\graphhopper__graphhopper\web-api\src\main\java\com\graphhopper\util\PointList.java,545
CLIENT:client-code,N/A,false,FieldAccessExpr,com.graphhopper.Trip.PtLeg,travelTime,C:\Users\tyin363\Documents\repos\graphhopper__graphhopper\web-api\src\main\java\com\graphhopper\Trip.java,123
JDK:java.base,N/A,false,ClassOrInterfaceType,java.util.ArrayList,ArrayList,C:\Users\tyin363\Documents\repos\graphhopper__graphhopper\web-api\src\main\java\com\graphhopper\util\JsonFeatureCollection.java,28
com.fasterxml.jackson.core:jackson-databind,2.19.2,false,MethodCallExpr,com.fasterxml.jackson.databind.JsonNode,asInt,C:\Users\tyin363\Documents\repos\graphhopper__graphhopper\web-api\src\main\java\com\graphhopper\jackson\ResponsePathDeserializerHelper.java,270
JDK:java.base,N/A,false,ClassOrInterfaceType,java.lang.String,String,C:\Users\tyin363\Documents\repos\graphhopper__graphhopper\web-api\src\main\java\com\graphhopper\util\Parameters.java,123
CLIENT:client-code,N/A,false,MethodCallExpr,com.graphhopper.util.Helper,createFormatter,C:\Users\tyin363\Documents\repos\graphhopper__graphhopper\web-api\src\main\java\com\graphhopper\util\Helper.java,328
CLIENT:client-code,N/A,false,FieldAccessExpr,com.graphhopper.Trip.Stop,arrivalTime,C:\Users\tyin363\Documents\repos\graphhopper__graphhopper\web-api\src\main\java\com\graphhopper\Trip.java,55
JDK:java.base,N/A,false,ClassOrInterfaceType,java.lang.String,String,C:\Users\tyin363\Documents\repos\graphhopper__graphhopper\web-api\src\main\java\com\graphhopper\GHRequest.java,228
JDK:java.base,N/A,false,MethodCallExpr,java.util.List,addAll,C:\Users\tyin363\Documents\repos\graphhopper__graphhopper\web-api\src\main\java\com\graphhopper\ResponsePath.java,272
CLIENT:client-code,N/A,false,MethodCallExpr,com.graphhopper.util.TurnCostsConfig,check,C:\Users\tyin363\Documents\repos\graphhopper__graphhopper\web-api\src\main\java\com\graphhopper\util\TurnCostsConfig.java,82
com.fasterxml.jackson.core:jackson-databind,2.19.2,false,MethodCallExpr,com.fasterxml.jackson.databind.JsonNode,isArray,C:\Users\tyin363\Documents\repos\graphhopper__graphhopper\web-api\src\main\java\com\graphhopper\jackson\StatementDeserializer.java,49
com.fasterxml.jackson.core:jackson-databind,2.19.2,false,MethodCallExpr,com.fasterxml.jackson.databind.module.SimpleModule,addDeserializer,C:\Users\tyin363\Documents\repos\graphhopper__graphhopper\web-api\src\main\java\com\graphhopper\jackson\GraphHopperModule.java,36
com.fasterxml.jackson.core:jackson-databind,2.19.2,false,MethodCallExpr,com.fasterxml.jackson.databind.JsonNode,get,C:\Users\tyin363\Documents\repos\graphhopper__graphhopper\web-api\src\main\java\com\graphhopper\jackson\ResponsePathDeserializerHelper.java,110
JDK:java.base,N/A,false,ClassOrInterfaceType,java.lang.String,String,C:\Users\tyin363\Documents\repos\graphhopper__graphhopper\web-api\src\main\java\com\graphhopper\jackson\ResponsePathDeserializerHelper.java,148
CLIENT:client-code,N/A,false,MethodCallExpr,com.graphhopper.util.PointList,set,C:\Users\tyin363\Documents\repos\graphhopper__graphhopper\web-api\src\main\java\com\graphhopper\util\PointList.java,170
CLIENT:client-code,N/A,false,MethodCallExpr,com.graphhopper.util.Helper,round,C:\Users\tyin363\Documents\repos\graphhopper__graphhopper\web-api\src\main\java\com\graphhopper\jackson\InstructionListSerializer.java,45
com.fasterxml.jackson.core:jackson-databind,2.19.2,false,MethodCallExpr,com.fasterxml.jackson.databind.node.ObjectNode,put,C:\Users\tyin363\Documents\repos\graphhopper__graphhopper\web-api\src\main\java\com\graphhopper\jackson\MultiExceptionSerializer.java,42
CLIENT:client-code,N/A,false,MethodCallExpr,com.graphhopper.ResponsePath,getDescend,C:\Users\tyin363\Documents\repos\graphhopper__graphhopper\web-api\src\main\java\com\graphhopper\jackson\ResponsePathSerializer.java,116
JDK:java.base,N/A,false,MethodCallExpr,java.lang.String,charAt,C:\Users\tyin363\Documents\repos\graphhopper__graphhopper\web-api\src\main\java\com\graphhopper\jackson\ResponsePathDeserializerHelper.java,201
JDK:java.base,N/A,false,ObjectCreationExpr,java.lang.StringBuilder,StringBuilder,C:\Users\tyin363\Documents\repos\graphhopper__graphhopper\web-api\src\main\java\com\graphhopper\util\Instruction.java,144
JDK:java.base,N/A,false,ClassOrInterfaceType,java.lang.String,String,C:\Users\tyin363\Documents\repos\graphhopper__graphhopper\web-api\src\main\java\com\graphhopper\json\Statement.java,134
JDK:java.base,N/A,false,ClassOrInterfaceType,java.util.Date,Date,C:\Users\tyin363\Documents\repos\graphhopper__graphhopper\web-api\src\main\java\com\graphhopper\Trip.java,42
JDK:java.base,N/A,false,MethodCallExpr,java.lang.Float,parseFloat,C:\Users\tyin363\Documents\repos\graphhopper__graphhopper\web-api\src\main\java\com\graphhopper\util\Helper.java,354
CLIENT:client-code,N/A,false,ClassOrInterfaceType,com.graphhopper.GHRequest,GHRequest,C:\Users\tyin363\Documents\repos\graphhopper__graphhopper\web-api\src\main\java\com\graphhopper\GHRequest.java,190
JDK:java.base,N/A,false,MethodCallExpr,java.lang.String,equals,C:\Users\tyin363\Documents\repos\graphhopper__graphhopper\web-api\src\main\java\com\graphhopper\jackson\ResponsePathDeserializerHelper.java,269
JDK:java.base,N/A,false,ClassOrInterfaceType,java.util.Map,Map,C:\Users\tyin363\Documents\repos\graphhopper__graphhopper\web-api\src\main\java\com\graphhopper\jackson\InstructionListSerializer.java,38
com.fasterxml.jackson.core:jackson-databind,2.19.2,false,MethodCallExpr,com.fasterxml.jackson.databind.JsonNode,isBoolean,C:\Users\tyin363\Documents\repos\graphhopper__graphhopper\web-api\src\main\java\com\graphhopper\jackson\PathDetailDeserializer.java,43
CLIENT:client-code,N/A,false,MethodCallExpr,com.graphhopper.ResponsePath,calcBBox2D,C:\Users\tyin363\Documents\repos\graphhopper__graphhopper\web-api\src\main\java\com\graphhopper\jackson\ResponsePathSerializer.java,109
JDK:java.base,N/A,false,ClassOrInterfaceType,java.util.ArrayList,ArrayList,C:\Users\tyin363\Documents\repos\graphhopper__graphhopper\web-api\src\main\java\com\graphhopper\util\CustomModel.java,37
CLIENT:client-code,N/A,false,ClassOrInterfaceType,com.graphhopper.util.PointList,PointList,C:\Users\tyin363\Documents\repos\graphhopper__graphhopper\web-api\src\main\java\com\graphhopper\ResponsePath.java,46
JDK:java.base,N/A,false,MethodCallExpr,java.util.List,clear,C:\Users\tyin363\Documents\repos\graphhopper__graphhopper\web-api\src\main\java\com\graphhopper\ResponsePath.java,85
CLIENT:client-code,N/A,false,ObjectCreationExpr,com.graphhopper.util.PMap,PMap,C:\Users\tyin363\Documents\repos\graphhopper__graphhopper\web-api\src\main\java\com\graphhopper\util\PMap.java,68
JDK:java.base,N/A,false,ObjectCreationExpr,java.lang.IllegalArgumentException,IllegalArgumentException,C:\Users\tyin363\Documents\repos\graphhopper__graphhopper\web-api\src\main\java\com\graphhopper\jackson\ResponsePathSerializer.java,47
JDK:java.base,N/A,false,ClassOrInterfaceType,java.lang.String,String,C:\Users\tyin363\Documents\repos\graphhopper__graphhopper\web-api\src\main\java\com\graphhopper\util\exceptions\PointNotFoundException.java,34
CLIENT:client-code,N/A,false,MethodCallExpr,com.graphhopper.util.PointList,size,C:\Users\tyin363\Documents\repos\graphhopper__graphhopper\web-api\src\main\java\com\graphhopper\util\PointList.java,431
JDK:java.base,N/A,false,MethodCallExpr,java.lang.String,trim,C:\Users\tyin363\Documents\repos\graphhopper__graphhopper\web-api\src\main\java\com\graphhopper\util\Helper.java,69
CLIENT:client-code,N/A,false,ClassOrInterfaceType,com.graphhopper.json.Statement,Statement,C:\Users\tyin363\Documents\repos\graphhopper__graphhopper\web-api\src\main\java\com\graphhopper\jackson\StatementDeserializer.java,73
JDK:java.base,N/A,false,MethodCallExpr,java.lang.Runtime,freeMemory,C:\Users\tyin363\Documents\repos\graphhopper__graphhopper\web-api\src\main\java\com\graphhopper\util\Helper.java,146
JDK:java.base,N/A,false,ClassOrInterfaceType,java.lang.IllegalStateException,IllegalStateException,C:\Users\tyin363\Documents\repos\graphhopper__graphhopper\web-api\src\main\java\com\graphhopper\ResponsePath.java,106
CLIENT:client-code,N/A,false,MethodCallExpr,com.graphhopper.ResponsePath,getPathDetails,C:\Users\tyin363\Documents\repos\graphhopper__graphhopper\web-api\src\main\java\com\graphhopper\jackson\ResponsePathSerializer.java,114
com.fasterxml.jackson.core:jackson-databind,2.19.2,false,MethodCallExpr,com.fasterxml.jackson.databind.node.ObjectNode,put,C:\Users\tyin363\Documents\repos\graphhopper__graphhopper\web-api\src\main\java\com\graphhopper\jackson\MultiExceptionSerializer.java,41
JDK:java.base,N/A,false,ClassOrInterfaceType,java.lang.String,String,C:\Users\tyin363\Documents\repos\graphhopper__graphhopper\web-api\src\main\java\com\graphhopper\util\exceptions\DetailedRuntimeException.java,31
JDK:java.base,N/A,false,MethodCallExpr,java.util.List,isEmpty,C:\Users\tyin363\Documents\repos\graphhopper__graphhopper\web-api\src\main\java\com\graphhopper\GHResponse.java,49
CLIENT:client-code,N/A,false,ClassOrInterfaceType,com.graphhopper.util.PointList,PointList,C:\Users\tyin363\Documents\repos\graphhopper__graphhopper\web-api\src\main\java\com\graphhopper\jackson\ResponsePathSerializer.java,45
CLIENT:client-code,N/A,false,MethodCallExpr,com.graphhopper.util.Helper,round6,C:\Users\tyin363\Documents\repos\graphhopper__graphhopper\web-api\src\main\java\com\graphhopper\jackson\ResponsePathSerializer.java,96
CLIENT:client-code,N/A,false,FieldAccessExpr,com.graphhopper.util.TurnCostsConfig,straightCosts,C:\Users\tyin363\Documents\repos\graphhopper__graphhopper\web-api\src\main\java\com\graphhopper\util\TurnCostsConfig.java,50
com.fasterxml.jackson.core:jackson-databind,2.19.2,false,MethodCallExpr,com.fasterxml.jackson.databind.JsonNode,has,C:\Users\tyin363\Documents\repos\graphhopper__graphhopper\web-api\src\main\java\com\graphhopper\jackson\ResponsePathDeserializerHelper.java,284
com.fasterxml.jackson.core:jackson-databind,2.19.2,false,MethodCallExpr,com.fasterxml.jackson.databind.node.ObjectNode,putPOJO,C:\Users\tyin363\Documents\repos\graphhopper__graphhopper\web-api\src\main\java\com\graphhopper\jackson\ResponsePathSerializer.java,112
CLIENT:client-code,N/A,false,MethodCallExpr,com.graphhopper.json.Statement.Keyword,getName,C:\Users\tyin363\Documents\repos\graphhopper__graphhopper\web-api\src\main\java\com\graphhopper\jackson\StatementDeserializer.java,57
JDK:java.base,N/A,false,ClassOrInterfaceType,java.util.Date,Date,C:\Users\tyin363\Documents\repos\graphhopper__graphhopper\web-api\src\main\java\com\graphhopper\Trip.java,41
JDK:java.base,N/A,false,MethodCallExpr,java.util.Collection,stream,C:\Users\tyin363\Documents\repos\graphhopper__graphhopper\web-api\src\main\java\com\graphhopper\util\Helper.java,74
JDK:java.base,N/A,false,MethodCallExpr,java.lang.Double,isNaN,C:\Users\tyin363\Documents\repos\graphhopper__graphhopper\web-api\src\main\java\com\graphhopper\util\PointList.java,182
CLIENT:client-code,N/A,false,ObjectCreationExpr,com.graphhopper.util.PointList.Anonymous-6c9a69a4-1a5f-4e08-a272-745a877f7dec,Anonymous-6c9a69a4-1a5f-4e08-a272-745a877f7dec,C:\Users\tyin363\Documents\repos\graphhopper__graphhopper\web-api\src\main\java\com\graphhopper\util\PointList.java,519
JDK:java.base,N/A,false,ClassOrInterfaceType,java.lang.Throwable,Throwable,C:\Users\tyin363\Documents\repos\graphhopper__graphhopper\web-api\src\main\java\com\graphhopper\GHResponse.java,118
JDK:java.base,N/A,false,ClassOrInterfaceType,java.util.List,List,C:\Users\tyin363\Documents\repos\graphhopper__graphhopper\web-api\src\main\java\com\graphhopper\util\Helper.java,86
JDK:java.base,N/A,false,ClassOrInterfaceType,java.lang.StringBuilder,StringBuilder,C:\Users\tyin363\Documents\repos\graphhopper__graphhopper\web-api\src\main\java\com\graphhopper\util\Helper.java,387
CLIENT:client-code,N/A,false,ObjectCreationExpr,com.graphhopper.util.PointList,PointList,C:\Users\tyin363\Documents\repos\graphhopper__graphhopper\web-api\src\main\java\com\graphhopper\util\PointList.java,351
com.fasterxml.jackson.core:jackson-databind,2.19.2,false,MethodCallExpr,com.fasterxml.jackson.databind.JsonNode,asDouble,C:\Users\tyin363\Documents\repos\graphhopper__graphhopper\web-api\src\main\java\com\graphhopper\jackson\ResponsePathDeserializerHelper.java,58
CLIENT:client-code,N/A,false,ClassOrInterfaceType,com.graphhopper.GHResponse,GHResponse,C:\Users\tyin363\Documents\repos\graphhopper__graphhopper\web-api\src\main\java\com\graphhopper\jackson\ResponsePathSerializer.java,87
JDK:java.base,N/A,false,ClassOrInterfaceType,java.util.Map,Map,C:\Users\tyin363\Documents\repos\graphhopper__graphhopper\web-api\src\main\java\com\graphhopper\util\JsonFeature.java,68
CLIENT:client-code,N/A,false,FieldAccessExpr,com.graphhopper.ResponsePath,description,C:\Users\tyin363\Documents\repos\graphhopper__graphhopper\web-api\src\main\java\com\graphhopper\ResponsePath.java,65
JDK:java.base,N/A,false,MethodCallExpr,java.lang.String,length,C:\Users\tyin363\Documents\repos\graphhopper__graphhopper\web-api\src\main\java\com\graphhopper\util\Helper.java,387
CLIENT:client-code,N/A,false,ClassOrInterfaceType,com.graphhopper.util.RoundaboutInstruction,RoundaboutInstruction,C:\Users\tyin363\Documents\repos\graphhopper__graphhopper\web-api\src\main\java\com\graphhopper\util\RoundaboutInstruction.java,69
CLIENT:client-code,N/A,false,MethodCallExpr,com.graphhopper.ResponsePath,hasErrors,C:\Users\tyin363\Documents\repos\graphhopper__graphhopper\web-api\src\main\java\com\graphhopper\GHResponse.java,99
com.fasterxml.jackson.core:jackson-core,2.19.2,false,MethodCallExpr,com.fasterxml.jackson.core.JsonProcessingException,getMessage,C:\Users\tyin363\Documents\repos\graphhopper__graphhopper\web-api\src\main\java\com\graphhopper\jackson\GHPointDeserializer.java,35
JDK:java.base,N/A,false,ClassOrInterfaceType,java.lang.String,String,C:\Users\tyin363\Documents\repos\graphhopper__graphhopper\web-api\src\main\java\com\graphhopper\util\Helper.java,63
JDK:java.base,N/A,false,ClassOrInterfaceType,java.util.Map,Map,C:\Users\tyin363\Documents\repos\graphhopper__graphhopper\web-api\src\main\java\com\graphhopper\util\RoundaboutInstruction.java,98
CLIENT:client-code,N/A,false,FieldAccessExpr,com.graphhopper.util.TurnCostsConfig,sharpLeftTurnCosts,C:\Users\tyin363\Documents\repos\graphhopper__graphhopper\web-api\src\main\java\com\graphhopper\util\TurnCostsConfig.java,49
JDK:java.base,N/A,false,ClassOrInterfaceType,java.util.ArrayList,ArrayList,C:\Users\tyin363\Documents\repos\graphhopper__graphhopper\web-api\src\main\java\com\graphhopper\jackson\InstructionListSerializer.java,35
com.fasterxml.jackson.core:jackson-databind,2.19.2,false,MethodCallExpr,com.fasterxml.jackson.databind.JsonNode,asBoolean,C:\Users\tyin363\Documents\repos\graphhopper__graphhopper\web-api\src\main\java\com\graphhopper\jackson\ResponsePathDeserializerHelper.java,42
JDK:java.base,N/A,false,ClassOrInterfaceType,java.util.LinkedHashMap,LinkedHashMap,C:\Users\tyin363\Documents\repos\graphhopper__graphhopper\web-api\src\main\java\com\graphhopper\util\PMap.java,40
CLIENT:client-code,N/A,false,MethodCallExpr,com.graphhopper.ResponsePath,check,C:\Users\tyin363\Documents\repos\graphhopper__graphhopper\web-api\src\main\java\com\graphhopper\ResponsePath.java,226
com.fasterxml.jackson.core:jackson-databind,2.19.2,false,MethodCallExpr,com.fasterxml.jackson.databind.JsonNode,get,C:\Users\tyin363\Documents\repos\graphhopper__graphhopper\web-api\src\main\java\com\graphhopper\jackson\ResponsePathDeserializerHelper.java,58
CLIENT:client-code,N/A,false,MethodCallExpr,com.graphhopper.json.Statement.Keyword,getName,C:\Users\tyin363\Documents\repos\graphhopper__graphhopper\web-api\src\main\java\com\graphhopper\jackson\StatementDeserializer.java,58
JDK:java.base,N/A,false,ClassOrInterfaceType,java.util.Date,Date,C:\Users\tyin363\Documents\repos\graphhopper__graphhopper\web-api\src\main\java\com\graphhopper\Trip.java,40
JDK:java.base,N/A,false,ClassOrInterfaceType,java.lang.String,String,C:\Users\tyin363\Documents\repos\graphhopper__graphhopper\web-api\src\main\java\com\graphhopper\util\JsonFeature.java,56
CLIENT:client-code,N/A,false,ClassOrInterfaceType,com.graphhopper.util.PointList,PointList,C:\Users\tyin363\Documents\repos\graphhopper__graphhopper\web-api\src\main\java\com\graphhopper\util\Instruction.java,138
JDK:java.base,N/A,false,MethodCallExpr,java.lang.Double,isNaN,C:\Users\tyin363\Documents\repos\graphhopper__graphhopper\web-api\src\main\java\com\graphhopper\util\shapes\GHPoint3D.java,51
JDK:java.base,N/A,false,ObjectCreationExpr,java.lang.StringBuilder,StringBuilder,C:\Users\tyin363\Documents\repos\graphhopper__graphhopper\web-api\src\main\java\com\graphhopper\jackson\ResponsePathSerializer.java,49
CLIENT:client-code,N/A,false,FieldAccessExpr,com.graphhopper.util.Instruction,TURN_SHARP_RIGHT,C:\Users\tyin363\Documents\repos\graphhopper__graphhopper\web-api\src\main\java\com\graphhopper\util\Instruction.java,219
com.fasterxml.jackson.core:jackson-databind,2.19.2,false,MethodCallExpr,com.fasterxml.jackson.databind.JsonNode,asText,C:\Users\tyin363\Documents\repos\graphhopper__graphhopper\web-api\src\main\java\com\graphhopper\jackson\ResponsePathDeserializerHelper.java,285
CLIENT:client-code,N/A,false,ObjectCreationExpr,com.graphhopper.util.exceptions.PointOutOfBoundsException,PointOutOfBoundsException,C:\Users\tyin363\Documents\repos\graphhopper__graphhopper\web-api\src\main\java\com\graphhopper\jackson\ResponsePathDeserializerHelper.java,277
JDK:java.base,N/A,false,ClassOrInterfaceType,java.util.List,List,C:\Users\tyin363\Documents\repos\graphhopper__graphhopper\web-api\src\main\java\com\graphhopper\Trip.java,112
JDK:java.base,N/A,false,FieldAccessExpr,java.lang.Double,MAX_VALUE,C:\Users\tyin363\Documents\repos\graphhopper__graphhopper\web-api\src\main\java\com\graphhopper\util\Helper.java,242
JDK:java.base,N/A,false,ClassOrInterfaceType,java.lang.String,String,C:\Users\tyin363\Documents\repos\graphhopper__graphhopper\web-api\src\main\java\com\graphhopper\util\Helper.java,195
com.fasterxml.jackson.core:jackson-databind,2.19.2,false,MethodCallExpr,com.fasterxml.jackson.databind.JsonNode,get,C:\Users\tyin363\Documents\repos\graphhopper__graphhopper\web-api\src\main\java\com\graphhopper\jackson\PathDetailDeserializer.java,39
JDK:java.base,N/A,false,MethodCallExpr,java.util.List,addAll,C:\Users\tyin363\Documents\repos\graphhopper__graphhopper\web-api\src\main\java\com\graphhopper\util\CustomModel.java,183
com.fasterxml.jackson.core:jackson-databind,2.19.2,false,MethodCallExpr,com.fasterxml.jackson.databind.JsonNode,isDouble,C:\Users\tyin363\Documents\repos\graphhopper__graphhopper\web-api\src\main\java\com\graphhopper\jackson\PathDetailDeserializer.java,45
JDK:java.base,N/A,false,ClassOrInterfaceType,java.lang.String,String,C:\Users\tyin363\Documents\repos\graphhopper__graphhopper\web-api\src\main\java\com\graphhopper\jackson\ResponsePathDeserializerHelper.java,147
CLIENT:client-code,N/A,false,ObjectCreationExpr,com.graphhopper.util.ViaInstruction,ViaInstruction,C:\Users\tyin363\Documents\repos\graphhopper__graphhopper\web-api\src\main\java\com\graphhopper\jackson\ResponsePathDeserializerHelper.java,117
CLIENT:client-code,N/A,false,ClassOrInterfaceType,com.graphhopper.json.Statement,Statement,C:\Users\tyin363\Documents\repos\graphhopper__graphhopper\web-api\src\main\java\com\graphhopper\jackson\StatementDeserializer.java,71
CLIENT:client-code,N/A,false,MethodCallExpr,com.graphhopper.ResponsePath,getFare,C:\Users\tyin363\Documents\repos\graphhopper__graphhopper\web-api\src\main\java\com\graphhopper\jackson\ResponsePathSerializer.java,119
CLIENT:client-code,N/A,false,MethodCallExpr,com.graphhopper.json.Statement.Keyword,getName,C:\Users\tyin363\Documents\repos\graphhopper__graphhopper\web-api\src\main\java\com\graphhopper\jackson\StatementDeserializer.java,59
CLIENT:client-code,N/A,false,FieldAccessExpr,com.graphhopper.util.TurnCostsConfig,minTurnAngle,C:\Users\tyin363\Documents\repos\graphhopper__graphhopper\web-api\src\main\java\com\graphhopper\util\TurnCostsConfig.java,55
JDK:java.base,N/A,false,ClassOrInterfaceType,java.lang.String,String,C:\Users\tyin363\Documents\repos\graphhopper__graphhopper\web-api\src\main\java\com\graphhopper\util\exceptions\DetailedRuntimeException.java,29
com.fasterxml.jackson.core:jackson-databind,2.19.2,false,MethodCallExpr,com.fasterxml.jackson.databind.node.ObjectNode,putPOJO,C:\Users\tyin363\Documents\repos\graphhopper__graphhopper\web-api\src\main\java\com\graphhopper\jackson\ResponsePathSerializer.java,114
JDK:java.base,N/A,false,ClassOrInterfaceType,java.text.DateFormat,DateFormat,C:\Users\tyin363\Documents\repos\graphhopper__graphhopper\web-api\src\main\java\com\graphhopper\util\Helper.java,335
org.locationtech.jts:jts-core,1.20.0,true,ClassOrInterfaceType,org.locationtech.jts.geom.LineString,LineString,C:\Users\tyin363\Documents\repos\graphhopper__graphhopper\web-api\src\main\java\com\graphhopper\jackson\ResponsePathDeserializerHelper.java,183
JDK:java.base,N/A,false,MethodCallExpr,java.lang.String,equals,C:\Users\tyin363\Documents\repos\graphhopper__graphhopper\web-api\src\main\java\com\graphhopper\jackson\ResponsePathDeserializerHelper.java,272
com.fasterxml.jackson.core:jackson-databind,2.19.2,false,MethodCallExpr,com.fasterxml.jackson.databind.JsonNode,get,C:\Users\tyin363\Documents\repos\graphhopper__graphhopper\web-api\src\main\java\com\graphhopper\jackson\PathDetailDeserializer.java,38
JDK:java.base,N/A,false,ClassOrInterfaceType,java.util.Map,Map,C:\Users\tyin363\Documents\repos\graphhopper__graphhopper\web-api\src\main\java\com\graphhopper\jackson\ResponsePathDeserializerHelper.java,292
com.fasterxml.jackson.core:jackson-databind,2.19.2,false,MethodCallExpr,com.fasterxml.jackson.databind.node.ObjectNode,put,C:\Users\tyin363\Documents\repos\graphhopper__graphhopper\web-api\src\main\java\com\graphhopper\jackson\ResponsePathSerializer.java,98
com.fasterxml.jackson.core:jackson-databind,2.19.2,false,ObjectCreationExpr,com.fasterxml.jackson.databind.ObjectMapper,ObjectMapper,C:\Users\tyin363\Documents\repos\graphhopper__graphhopper\web-api\src\main\java\com\graphhopper\jackson\Jackson.java,28
JDK:java.base,N/A,false,FieldAccessExpr,java.lang.Double,NaN,C:\Users\tyin363\Documents\repos\graphhopper__graphhopper\web-api\src\main\java\com\graphhopper\util\PointAccess.java,41
JDK:java.base,N/A,false,ClassOrInterfaceType,java.util.Map,Map,C:\Users\tyin363\Documents\repos\graphhopper__graphhopper\web-api\src\main\java\com\graphhopper\jackson\InstructionListSerializer.java,35
CLIENT:client-code,N/A,false,MethodCallExpr,com.graphhopper.util.JsonFeature,isValidId,C:\Users\tyin363\Documents\repos\graphhopper__graphhopper\web-api\src\main\java\com\graphhopper\util\CustomModel.java,68
JDK:java.base,N/A,false,MethodCallExpr,java.util.List,addAll,C:\Users\tyin363\Documents\repos\graphhopper__graphhopper\web-api\src\main\java\com\graphhopper\util\CustomModel.java,184
CLIENT:client-code,N/A,false,MethodCallExpr,com.graphhopper.util.PointList,getLon,C:\Users\tyin363\Documents\repos\graphhopper__graphhopper\web-api\src\main\java\com\graphhopper\util\ShallowImmutablePointList.java,74
CLIENT:client-code,N/A,false,MethodCallExpr,com.graphhopper.json.Statement.Keyword,getName,C:\Users\tyin363\Documents\repos\graphhopper__graphhopper\web-api\src\main\java\com\graphhopper\jackson\StatementDeserializer.java,60
CLIENT:client-code,N/A,false,ClassOrInterfaceType,com.graphhopper.util.shapes.GHPoint,GHPoint,C:\Users\tyin363\Documents\repos\graphhopper__graphhopper\web-api\src\main\java\com\graphhopper\util\shapes\GHPoint.java,67
CLIENT:client-code,N/A,false,MethodCallExpr,com.graphhopper.util.Helper,isEmpty,C:\Users\tyin363\Documents\repos\graphhopper__graphhopper\web-api\src\main\java\com\graphhopper\json\Statement.java,36
JDK:java.base,N/A,false,ClassOrInterfaceType,java.util.List,List,C:\Users\tyin363\Documents\repos\graphhopper__graphhopper\web-api\src\main\java\com\graphhopper\ResponsePath.java,64
CLIENT:client-code,N/A,false,ClassOrInterfaceType,com.graphhopper.ResponsePath,ResponsePath,C:\Users\tyin363\Documents\repos\graphhopper__graphhopper\web-api\src\main\java\com\graphhopper\ResponsePath.java,186
,,false,ObjectCreationExpr,org.locationtech.jts.geom.impl.PackedCoordinateSequence.Double,PackedCoordinateSequence$Double,C:\Users\tyin363\Documents\repos\graphhopper__graphhopper\web-api\src\main\java\com\graphhopper\util\PointList.java,374
JDK:java.base,N/A,false,ClassOrInterfaceType,java.util.ArrayList,ArrayList,C:\Users\tyin363\Documents\repos\graphhopper__graphhopper\web-api\src\main\java\com\graphhopper\jackson\ResponsePathDeserializerHelper.java,165
JDK:java.base,N/A,false,ClassOrInterfaceType,java.text.DateFormat,DateFormat,C:\Users\tyin363\Documents\repos\graphhopper__graphhopper\web-api\src\main\java\com\graphhopper\util\Helper.java,334
CLIENT:client-code,N/A,false,MethodCallExpr,com.graphhopper.util.PointList,getLon,C:\Users\tyin363\Documents\repos\graphhopper__graphhopper\web-api\src\main\java\com\graphhopper\ResponsePath.java,229
JDK:java.base,N/A,false,ClassOrInterfaceType,java.util.Map,Map,C:\Users\tyin363\Documents\repos\graphhopper__graphhopper\web-api\src\main\java\com\graphhopper\jackson\ResponsePathDeserializerHelper.java,291
CLIENT:client-code,N/A,false,FieldAccessExpr,com.graphhopper.GHRequest,customModel,C:\Users\tyin363\Documents\repos\graphhopper__graphhopper\web-api\src\main\java\com\graphhopper\GHRequest.java,160
JDK:java.base,N/A,false,ClassOrInterfaceType,java.lang.String,String,C:\Users\tyin363\Documents\repos\graphhopper__graphhopper\web-api\src\main\java\com\graphhopper\GHResponse.java,129
JDK:java.base,N/A,false,ClassOrInterfaceType,java.lang.IllegalArgumentException,IllegalArgumentException,C:\Users\tyin363\Documents\repos\graphhopper__graphhopper\web-api\src\main\java\com\graphhopper\util\PointList.java,449
com.fasterxml.jackson.core:jackson-databind,2.19.2,false,MethodCallExpr,com.fasterxml.jackson.databind.node.ObjectNode,put,C:\Users\tyin363\Documents\repos\graphhopper__graphhopper\web-api\src\main\java\com\graphhopper\jackson\ResponsePathSerializer.java,105
JDK:java.base,N/A,false,ClassOrInterfaceType,java.util.List,List,C:\Users\tyin363\Documents\repos\graphhopper__graphhopper\web-api\src\main\java\com\graphhopper\util\Helper.java,83
CLIENT:client-code,N/A,false,ClassOrInterfaceType,com.graphhopper.jackson.MultiException,MultiException,C:\Users\tyin363\Documents\repos\graphhopper__graphhopper\web-api\src\main\java\com\graphhopper\jackson\MultiExceptionSerializer.java,34
CLIENT:client-code,N/A,false,FieldAccessExpr,com.graphhopper.util.CustomModel,headingPenalty,C:\Users\tyin363\Documents\repos\graphhopper__graphhopper\web-api\src\main\java\com\graphhopper\util\CustomModel.java,46
JDK:java.base,N/A,false,FieldAccessExpr,java.lang.Double,MAX_VALUE,C:\Users\tyin363\Documents\repos\graphhopper__graphhopper\web-api\src\main\java\com\graphhopper\util\Helper.java,244
CLIENT:client-code,N/A,false,ClassOrInterfaceType,com.graphhopper.ResponsePath,ResponsePath,C:\Users\tyin363\Documents\repos\graphhopper__graphhopper\web-api\src\main\java\com\graphhopper\GHResponse.java,131
com.fasterxml.jackson.core:jackson-databind,2.19.2,false,MethodCallExpr,com.fasterxml.jackson.databind.node.ObjectNode,put,C:\Users\tyin363\Documents\repos\graphhopper__graphhopper\web-api\src\main\java\com\graphhopper\jackson\MultiExceptionSerializer.java,37
CLIENT:client-code,N/A,false,MethodCallExpr,com.graphhopper.util.PointList,size,C:\Users\tyin363\Documents\repos\graphhopper__graphhopper\web-api\src\main\java\com\graphhopper\util\PointList.java,427
JDK:java.base,N/A,false,MethodCallExpr,java.lang.Math,round,C:\Users\tyin363\Documents\repos\graphhopper__graphhopper\web-api\src\main\java\com\graphhopper\util\PointList.java,488
JDK:java.base,N/A,false,ClassOrInterfaceType,java.util.List,List,C:\Users\tyin363\Documents\repos\graphhopper__graphhopper\web-api\src\main\java\com\graphhopper\json\Statement.java,27
JDK:java.base,N/A,false,ClassOrInterfaceType,java.lang.Object,Object,C:\Users\tyin363\Documents\repos\graphhopper__graphhopper\web-api\src\main\java\com\graphhopper\util\PMap.java,43
com.fasterxml.jackson.core:jackson-databind,2.19.2,false,MethodCallExpr,com.fasterxml.jackson.databind.JsonNode,get,C:\Users\tyin363\Documents\repos\graphhopper__graphhopper\web-api\src\main\java\com\graphhopper\jackson\ResponsePathDeserializerHelper.java,55
CLIENT:client-code,N/A,false,MethodCallExpr,com.graphhopper.json.Statement.Keyword,getName,C:\Users\tyin363\Documents\repos\graphhopper__graphhopper\web-api\src\main\java\com\graphhopper\jackson\StatementDeserializer.java,61
CLIENT:client-code,N/A,false,FieldAccessExpr,com.graphhopper.util.CustomModel,areas,C:\Users\tyin363\Documents\repos\graphhopper__graphhopper\web-api\src\main\java\com\graphhopper\util\CustomModel.java,131
CLIENT:client-code,N/A,false,ClassOrInterfaceType,com.graphhopper.ResponsePath,ResponsePath,C:\Users\tyin363\Documents\repos\graphhopper__graphhopper\web-api\src\main\java\com\graphhopper\jackson\ResponsePathDeserializerHelper.java,33
CLIENT:client-code,N/A,false,FieldAccessExpr,com.graphhopper.ResponsePath,fare,C:\Users\tyin363\Documents\repos\graphhopper__graphhopper\web-api\src\main\java\com\graphhopper\ResponsePath.java,324
JDK:java.base,N/A,false,ClassOrInterfaceType,java.lang.String,String,C:\Users\tyin363\Documents\repos\graphhopper__graphhopper\web-api\src\main\java\com\graphhopper\util\PointList.java,130
com.fasterxml.jackson.core:jackson-databind,2.19.2,false,MethodCallExpr,com.fasterxml.jackson.databind.JsonNode,get,C:\Users\tyin363\Documents\repos\graphhopper__graphhopper\web-api\src\main\java\com\graphhopper\jackson\CustomModelAreasDeserializer.java,23
JDK:java.base,N/A,false,ObjectCreationExpr,java.lang.IllegalStateException,IllegalStateException,C:\Users\tyin363\Documents\repos\graphhopper__graphhopper\web-api\src\main\java\com\graphhopper\ResponsePath.java,188
CLIENT:client-code,N/A,false,FieldAccessExpr,com.graphhopper.util.Instruction,TURN_LEFT,C:\Users\tyin363\Documents\repos\graphhopper__graphhopper\web-api\src\main\java\com\graphhopper\util\Instruction.java,207
JDK:java.base,N/A,false,ClassOrInterfaceType,java.util.LinkedHashMap,LinkedHashMap,C:\Users\tyin363\Documents\repos\graphhopper__graphhopper\web-api\src\main\java\com\graphhopper\util\PMap.java,33
CLIENT:client-code,N/A,false,MethodCallExpr,com.graphhopper.GHRequest,setLocale,C:\Users\tyin363\Documents\repos\graphhopper__graphhopper\web-api\src\main\java\com\graphhopper\GHRequest.java,152
CLIENT:client-code,N/A,false,MethodCallExpr,com.graphhopper.util.PointList,isImmutable,C:\Users\tyin363\Documents\repos\graphhopper__graphhopper\web-api\src\main\java\com\graphhopper\util\ShallowImmutablePointList.java,96
JDK:java.base,N/A,false,MethodCallExpr,java.util.HashMap,putAll,C:\Users\tyin363\Documents\repos\graphhopper__graphhopper\web-api\src\main\java\com\graphhopper\util\PMap.java,94
com.graphhopper.external:jackson-datatype-jts,2.19.2,false,ClassOrInterfaceType,com.bedatadriven.jackson.datatype.jts.JtsModule,JtsModule,C:\Users\tyin363\Documents\repos\graphhopper__graphhopper\web-api\src\main\java\com\graphhopper\jackson\Jackson.java,33
JDK:java.base,N/A,false,ClassOrInterfaceType,java.lang.String,String,C:\Users\tyin363\Documents\repos\graphhopper__graphhopper\web-api\src\main\java\com\graphhopper\GHResponse.java,130
CLIENT:client-code,N/A,false,ClassOrInterfaceType,com.graphhopper.GHRequest,GHRequest,C:\Users\tyin363\Documents\repos\graphhopper__graphhopper\web-api\src\main\java\com\graphhopper\GHRequest.java,185
CLIENT:client-code,N/A,false,FieldAccessExpr,com.graphhopper.util.TurnCostsConfig,uTurnCosts,C:\Users\tyin363\Documents\repos\graphhopper__graphhopper\web-api\src\main\java\com\graphhopper\util\TurnCostsConfig.java,97
com.fasterxml.jackson.core:jackson-databind,2.19.2,false,MethodCallExpr,com.fasterxml.jackson.databind.JsonNode,get,C:\Users\tyin363\Documents\repos\graphhopper__graphhopper\web-api\src\main\java\com\graphhopper\jackson\PathDetailDeserializer.java,40
JDK:java.base,N/A,false,MethodCallExpr,java.lang.Math,round,C:\Users\tyin363\Documents\repos\graphhopper__graphhopper\web-api\src\main\java\com\graphhopper\util\PointList.java,487
JDK:java.base,N/A,false,MethodCallExpr,java.util.LinkedHashMap,get,C:\Users\tyin363\Documents\repos\graphhopper__graphhopper\web-api\src\main\java\com\graphhopper\util\PMap.java,132
JDK:java.base,N/A,false,MethodCallExpr,java.util.Map,get,C:\Users\tyin363\Documents\repos\graphhopper__graphhopper\web-api\src\main\java\com\graphhopper\util\exceptions\PointNotFoundException.java,39
CLIENT:client-code,N/A,false,ClassOrInterfaceType,com.graphhopper.util.shapes.GHPoint,GHPoint,C:\Users\tyin363\Documents\repos\graphhopper__graphhopper\web-api\src\main\java\com\graphhopper\util\shapes\GHPoint.java,65
JDK:java.base,N/A,false,ClassOrInterfaceType,java.lang.String,String,C:\Users\tyin363\Documents\repos\graphhopper__graphhopper\web-api\src\main\java\com\graphhopper\util\JsonFeature.java,52
CLIENT:client-code,N/A,false,FieldAccessExpr,com.graphhopper.util.PMap,map,C:\Users\tyin363\Documents\repos\graphhopper__graphhopper\web-api\src\main\java\com\graphhopper\util\PMap.java,85
CLIENT:client-code,N/A,false,ClassOrInterfaceType,com.graphhopper.ResponsePath,ResponsePath,C:\Users\tyin363\Documents\repos\graphhopper__graphhopper\web-api\src\main\java\com\graphhopper\jackson\ResponsePathDeserializerHelper.java,34
JDK:java.base,N/A,false,FieldAccessExpr,java.lang.Math,PI,C:\Users\tyin363\Documents\repos\graphhopper__graphhopper\web-api\src\main\java\com\graphhopper\util\RoundaboutInstruction.java,86
JDK:java.base,N/A,false,ClassOrInterfaceType,java.util.List,List,C:\Users\tyin363\Documents\repos\graphhopper__graphhopper\web-api\src\main\java\com\graphhopper\util\TurnCostsConfig.java,25
JDK:java.base,N/A,false,ClassOrInterfaceType,java.lang.String,String,C:\Users\tyin363\Documents\repos\graphhopper__graphhopper\web-api\src\main\java\com\graphhopper\jackson\ResponsePathDeserializerHelper.java,150
com.fasterxml.jackson.core:jackson-core,2.19.2,false,ObjectCreationExpr,com.fasterxml.jackson.core.type.TypeReference,TypeReference,C:\Users\tyin363\Documents\repos\graphhopper__graphhopper\web-api\src\main\java\com\graphhopper\jackson\ResponsePathDeserializerHelper.java,292
JDK:java.base,N/A,false,ClassOrInterfaceType,java.util.List,List,C:\Users\tyin363\Documents\repos\graphhopper__graphhopper\web-api\src\main\java\com\graphhopper\Trip.java,116
JDK:java.base,N/A,false,ClassOrInterfaceType,java.lang.String,String,C:\Users\tyin363\Documents\repos\graphhopper__graphhopper\web-api\src\main\java\com\graphhopper\util\CustomModel.java,158
JDK:java.base,N/A,false,MethodCallExpr,java.lang.String,equals,C:\Users\tyin363\Documents\repos\graphhopper__graphhopper\web-api\src\main\java\com\graphhopper\jackson\ResponsePathDeserializerHelper.java,275
CLIENT:client-code,N/A,false,FieldAccessExpr,com.graphhopper.util.JsonFeature,geometry,C:\Users\tyin363\Documents\repos\graphhopper__graphhopper\web-api\src\main\java\com\graphhopper\util\JsonFeature.java,85
CLIENT:client-code,N/A,false,MethodCallExpr,com.graphhopper.util.Helper,camelCaseToUnderScore,C:\Users\tyin363\Documents\repos\graphhopper__graphhopper\web-api\src\main\java\com\graphhopper\GHRequest.java,137
JDK:java.base,N/A,false,ClassOrInterfaceType,java.lang.IllegalArgumentException,IllegalArgumentException,C:\Users\tyin363\Documents\repos\graphhopper__graphhopper\web-api\src\main\java\com\graphhopper\util\PointList.java,447
JDK:java.base,N/A,false,ClassOrInterfaceType,java.util.ArrayList,ArrayList,C:\Users\tyin363\Documents\repos\graphhopper__graphhopper\web-api\src\main\java\com\graphhopper\ResponsePath.java,49
JDK:java.base,N/A,false,ClassOrInterfaceType,java.io.BufferedReader,BufferedReader,C:\Users\tyin363\Documents\repos\graphhopper__graphhopper\web-api\src\main\java\com\graphhopper\util\Helper.java,84
JDK:java.base,N/A,false,MethodCallExpr,java.util.Optional,flatMap,C:\Users\tyin363\Documents\repos\graphhopper__graphhopper\web-api\src\main\java\com\graphhopper\jackson\Gpx.java,40
JDK:java.base,N/A,false,ClassOrInterfaceType,java.lang.String,String,C:\Users\tyin363\Documents\repos\graphhopper__graphhopper\web-api\src\main\java\com\graphhopper\ResponsePath.java,36
JDK:java.base,N/A,false,ClassOrInterfaceType,java.lang.String,String,C:\Users\tyin363\Documents\repos\graphhopper__graphhopper\web-api\src\main\java\com\graphhopper\util\Helper.java,67
JDK:java.base,N/A,false,ClassOrInterfaceType,java.lang.ArrayIndexOutOfBoundsException,ArrayIndexOutOfBoundsException,C:\Users\tyin363\Documents\repos\graphhopper__graphhopper\web-api\src\main\java\com\graphhopper\util\PointList.java,176
JDK:java.base,N/A,false,MethodCallExpr,java.lang.Character,toLowerCase,C:\Users\tyin363\Documents\repos\graphhopper__graphhopper\web-api\src\main\java\com\graphhopper\util\Helper.java,375
CLIENT:client-code,N/A,false,ClassOrInterfaceType,com.graphhopper.util.PointList,PointList,C:\Users\tyin363\Documents\repos\graphhopper__graphhopper\web-api\src\main\java\com\graphhopper\ResponsePath.java,44
CLIENT:client-code,N/A,false,ClassOrInterfaceType,com.graphhopper.json.Statement.Op,Op,C:\Users\tyin363\Documents\repos\graphhopper__graphhopper\web-api\src\main\java\com\graphhopper\json\Statement.java,134
CLIENT:client-code,N/A,false,ObjectCreationExpr,com.graphhopper.json.Statement,Statement,C:\Users\tyin363\Documents\repos\graphhopper__graphhopper\web-api\src\main\java\com\graphhopper\json\Statement.java,151
CLIENT:client-code,N/A,false,MethodCallExpr,com.graphhopper.util.PointList,size,C:\Users\tyin363\Documents\repos\graphhopper__graphhopper\web-api\src\main\java\com\graphhopper\util\PointList.java,425
com.fasterxml.jackson.core:jackson-databind,2.19.2,false,MethodCallExpr,com.fasterxml.jackson.databind.JsonNode,get,C:\Users\tyin363\Documents\repos\graphhopper__graphhopper\web-api\src\main\java\com\graphhopper\jackson\CustomModelAreasDeserializer.java,25
JDK:java.base,N/A,false,ObjectCreationExpr,java.lang.IllegalArgumentException,IllegalArgumentException,C:\Users\tyin363\Documents\repos\graphhopper__graphhopper\web-api\src\main\java\com\graphhopper\util\Helper.java,212
com.fasterxml.jackson.core:jackson-databind,2.19.2,false,MethodCallExpr,com.fasterxml.jackson.databind.node.ObjectNode,putPOJO,C:\Users\tyin363\Documents\repos\graphhopper__graphhopper\web-api\src\main\java\com\graphhopper\jackson\ResponsePathSerializer.java,118
JDK:java.base,N/A,false,ClassOrInterfaceType,java.util.List,List,C:\Users\tyin363\Documents\repos\graphhopper__graphhopper\web-api\src\main\java\com\graphhopper\jackson\ResponsePathDeserializerHelper.java,165
com.fasterxml.jackson.core:jackson-core,2.19.2,false,ClassOrInterfaceType,com.fasterxml.jackson.core.JsonParser,JsonParser,C:\Users\tyin363\Documents\repos\graphhopper__graphhopper\web-api\src\main\java\com\graphhopper\jackson\GHPointDeserializer.java,30
CLIENT:client-code,N/A,false,MethodCallExpr,com.graphhopper.util.PointList,ensureMutability,C:\Users\tyin363\Documents\repos\graphhopper__graphhopper\web-api\src\main\java\com\graphhopper\util\PointList.java,323
CLIENT:client-code,N/A,false,MethodCallExpr,com.graphhopper.util.Helper,round,C:\Users\tyin363\Documents\repos\graphhopper__graphhopper\web-api\src\main\java\com\graphhopper\util\RoundaboutInstruction.java,104
JDK:java.base,N/A,false,ClassOrInterfaceType,java.util.ArrayList,ArrayList,C:\Users\tyin363\Documents\repos\graphhopper__graphhopper\web-api\src\main\java\com\graphhopper\ResponsePath.java,48
CLIENT:client-code,N/A,false,MethodCallExpr,com.graphhopper.util.CustomModel,getHeadingPenalty,C:\Users\tyin363\Documents\repos\graphhopper__graphhopper\web-api\src\main\java\com\graphhopper\util\CustomModel.java,181
JDK:java.base,N/A,false,ClassOrInterfaceType,java.util.ArrayList,ArrayList,C:\Users\tyin363\Documents\repos\graphhopper__graphhopper\web-api\src\main\java\com\graphhopper\util\CustomModel.java,38
JDK:java.base,N/A,false,ClassOrInterfaceType,java.lang.String,String,C:\Users\tyin363\Documents\repos\graphhopper__graphhopper\web-api\src\main\java\com\graphhopper\json\Statement.java,130
com.fasterxml.jackson.core:jackson-databind,2.19.2,false,FieldAccessExpr,com.fasterxml.jackson.databind.PropertyNamingStrategies,SNAKE_CASE,C:\Users\tyin363\Documents\repos\graphhopper__graphhopper\web-api\src\main\java\com\graphhopper\jackson\Jackson.java,34
JDK:java.base,N/A,false,ClassOrInterfaceType,java.lang.String,String,C:\Users\tyin363\Documents\repos\graphhopper__graphhopper\web-api\src\main\java\com\graphhopper\util\Parameters.java,131
JDK:java.base,N/A,false,MethodCallExpr,java.io.Closeable,close,C:\Users\tyin363\Documents\repos\graphhopper__graphhopper\web-api\src\main\java\com\graphhopper\util\Helper.java,171
JDK:java.base,N/A,false,MethodCallExpr,java.lang.StringBuilder,toString,C:\Users\tyin363\Documents\repos\graphhopper__graphhopper\web-api\src\main\java\com\graphhopper\jackson\ResponsePathSerializer.java,67
CLIENT:client-code,N/A,false,MethodCallExpr,com.graphhopper.json.Statement.Keyword,getName,C:\Users\tyin363\Documents\repos\graphhopper__graphhopper\web-api\src\main\java\com\graphhopper\jackson\StatementDeserializer.java,64
JDK:java.base,N/A,false,ClassOrInterfaceType,java.util.Map,Map,C:\Users\tyin363\Documents\repos\graphhopper__graphhopper\web-api\src\main\java\com\graphhopper\util\exceptions\DetailedIllegalArgumentException.java,31
JDK:java.base,N/A,false,ClassOrInterfaceType,java.lang.IllegalArgumentException,IllegalArgumentException,C:\Users\tyin363\Documents\repos\graphhopper__graphhopper\web-api\src\main\java\com\graphhopper\util\TurnCostsConfig.java,73
JDK:java.base,N/A,false,ClassOrInterfaceType,java.io.FileInputStream,FileInputStream,C:\Users\tyin363\Documents\repos\graphhopper__graphhopper\web-api\src\main\java\com\graphhopper\util\Helper.java,80
CLIENT:client-code,N/A,false,MethodCallExpr,com.graphhopper.ResponsePath,addErrors,C:\Users\tyin363\Documents\repos\graphhopper__graphhopper\web-api\src\main\java\com\graphhopper\jackson\ResponsePathDeserializerHelper.java,35
JDK:java.base,N/A,false,ClassOrInterfaceType,java.util.ArrayList,ArrayList,C:\Users\tyin363\Documents\repos\graphhopper__graphhopper\web-api\src\main\java\com\graphhopper\util\Helper.java,86
JDK:java.base,N/A,false,MethodCallExpr,java.lang.Double,doubleToLongBits,C:\Users\tyin363\Documents\repos\graphhopper__graphhopper\web-api\src\main\java\com\graphhopper\util\shapes\GHPoint3D.java,40
org.locationtech.jts:jts-core,1.20.0,true,ClassOrInterfaceType,org.locationtech.jts.geom.Geometry,Geometry,C:\Users\tyin363\Documents\repos\graphhopper__graphhopper\web-api\src\main\java\com\graphhopper\Trip.java,19
JDK:java.base,N/A,false,MethodCallExpr,java.util.Map,put,C:\Users\tyin363\Documents\repos\graphhopper__graphhopper\web-api\src\main\java\com\graphhopper\util\Instruction.java,104
CLIENT:client-code,N/A,false,MethodCallExpr,com.graphhopper.util.PointList,isEmpty,C:\Users\tyin363\Documents\repos\graphhopper__graphhopper\web-api\src\main\java\com\graphhopper\util\PointList.java,391
CLIENT:client-code,N/A,false,FieldAccessExpr,com.graphhopper.GHResponse,errors,C:\Users\tyin363\Documents\repos\graphhopper__graphhopper\web-api\src\main\java\com\graphhopper\GHResponse.java,119
CLIENT:client-code,N/A,false,FieldAccessExpr,com.graphhopper.util.CustomModel,headingPenalty,C:\Users\tyin363\Documents\repos\graphhopper__graphhopper\web-api\src\main\java\com\graphhopper\util\CustomModel.java,182
com.fasterxml.jackson.core:jackson-core,2.19.2,false,MethodCallExpr,com.fasterxml.jackson.core.JsonParser,readValueAs,C:\Users\tyin363\Documents\repos\graphhopper__graphhopper\web-api\src\main\java\com\graphhopper\jackson\GHPointDeserializer.java,32
JDK:java.base,N/A,false,MethodCallExpr,java.util.List,isEmpty,C:\Users\tyin363\Documents\repos\graphhopper__graphhopper\web-api\src\main\java\com\graphhopper\jackson\ResponsePathSerializer.java,100
com.fasterxml.jackson.core:jackson-core,2.19.2,false,MethodCallExpr,com.fasterxml.jackson.core.JsonGenerator,writeStartArray,C:\Users\tyin363\Documents\repos\graphhopper__graphhopper\web-api\src\main\java\com\graphhopper\jackson\PathDetailSerializer.java,33
JDK:java.base,N/A,false,ClassOrInterfaceType,java.util.List,List,C:\Users\tyin363\Documents\repos\graphhopper__graphhopper\web-api\src\main\java\com\graphhopper\util\Helper.java,79
JDK:java.base,N/A,false,MethodCallExpr,java.text.NumberFormat,getCurrencyInstance,C:\Users\tyin363\Documents\repos\graphhopper__graphhopper\web-api\src\main\java\com\graphhopper\jackson\ResponsePathSerializer.java,120
CLIENT:client-code,N/A,false,ClassOrInterfaceType,com.graphhopper.util.CustomModel,CustomModel,C:\Users\tyin363\Documents\repos\graphhopper__graphhopper\web-api\src\main\java\com\graphhopper\util\CustomModel.java,173
com.fasterxml.jackson.core:jackson-core,2.19.2,false,ClassOrInterfaceType,com.fasterxml.jackson.core.JsonGenerator,JsonGenerator,C:\Users\tyin363\Documents\repos\graphhopper__graphhopper\web-api\src\main\java\com\graphhopper\jackson\JtsEnvelopeSerializer.java,31
JDK:java.base,N/A,false,MethodCallExpr,java.util.LinkedHashMap,get,C:\Users\tyin363\Documents\repos\graphhopper__graphhopper\web-api\src\main\java\com\graphhopper\util\PMap.java,127
org.locationtech.jts:jts-core,1.20.0,true,FieldAccessExpr,org.locationtech.jts.geom.Coordinate,y,C:\Users\tyin363\Documents\repos\graphhopper__graphhopper\web-api\src\main\java\com\graphhopper\util\PointList.java,353
JDK:java.base,N/A,false,ClassOrInterfaceType,java.util.Map,Map,C:\Users\tyin363\Documents\repos\graphhopper__graphhopper\web-api\src\main\java\com\graphhopper\util\Translation.java,30
JDK:java.base,N/A,false,ClassOrInterfaceType,java.lang.IllegalStateException,IllegalStateException,C:\Users\tyin363\Documents\repos\graphhopper__graphhopper\web-api\src\main\java\com\graphhopper\util\PointList.java,183
JDK:java.base,N/A,false,MethodCallExpr,java.lang.String,length,C:\Users\tyin363\Documents\repos\graphhopper__graphhopper\web-api\src\main\java\com\graphhopper\jackson\ResponsePathDeserializerHelper.java,195
JDK:java.base,N/A,false,ClassOrInterfaceType,java.lang.RuntimeException,RuntimeException,C:\Users\tyin363\Documents\repos\graphhopper__graphhopper\web-api\src\main\java\com\graphhopper\util\PointList.java,56
JDK:java.base,N/A,false,ClassOrInterfaceType,java.lang.Throwable,Throwable,C:\Users\tyin363\Documents\repos\graphhopper__graphhopper\web-api\src\main\java\com\graphhopper\GHResponse.java,109
CLIENT:client-code,N/A,false,ObjectCreationExpr,com.graphhopper.util.RoundaboutInstruction,RoundaboutInstruction,C:\Users\tyin363\Documents\repos\graphhopper__graphhopper\web-api\src\main\java\com\graphhopper\jackson\ResponsePathDeserializerHelper.java,97
CLIENT:client-code,N/A,false,FieldAccessExpr,com.graphhopper.util.TurnCostsConfig,leftTurnCosts,C:\Users\tyin363\Documents\repos\graphhopper__graphhopper\web-api\src\main\java\com\graphhopper\util\TurnCostsConfig.java,48
JDK:java.base,N/A,false,ClassOrInterfaceType,java.util.List,List,C:\Users\tyin363\Documents\repos\graphhopper__graphhopper\web-api\src\main\java\com\graphhopper\jackson\ResponsePathDeserializerHelper.java,163
CLIENT:client-code,N/A,false,FieldAccessExpr,com.graphhopper.util.RoundaboutInstruction,exited,C:\Users\tyin363\Documents\repos\graphhopper__graphhopper\web-api\src\main\java\com\graphhopper\util\RoundaboutInstruction.java,101
JDK:java.base,N/A,false,ClassOrInterfaceType,java.lang.Double,Double,C:\Users\tyin363\Documents\repos\graphhopper__graphhopper\web-api\src\main\java\com\graphhopper\util\CustomModel.java,144
JDK:java.base,N/A,false,ObjectCreationExpr,java.util.ArrayList,ArrayList,C:\Users\tyin363\Documents\repos\graphhopper__graphhopper\web-api\src\main\java\com\graphhopper\jackson\ResponsePathDeserializerHelper.java,238
JDK:java.base,N/A,false,MethodCallExpr,java.lang.Class,getName,C:\Users\tyin363\Documents\repos\graphhopper__graphhopper\web-api\src\main\java\com\graphhopper\jackson\ResponsePathDeserializerHelper.java,263
JDK:java.base,N/A,false,MethodCallExpr,java.util.Map.Entry,getValue,C:\Users\tyin363\Documents\repos\graphhopper__graphhopper\web-api\src\main\java\com\graphhopper\util\CustomModel.java,103
JDK:java.base,N/A,false,MethodCallExpr,java.util.List,add,C:\Users\tyin363\Documents\repos\graphhopper__graphhopper\web-api\src\main\java\com\graphhopper\util\CustomModel.java,72
CLIENT:client-code,N/A,false,ClassOrInterfaceType,com.graphhopper.util.PointList,PointList,C:\Users\tyin363\Documents\repos\graphhopper__graphhopper\web-api\src\main\java\com\graphhopper\util\PointList.java,390
JDK:java.base,N/A,false,MethodCallExpr,java.lang.String,isEmpty,C:\Users\tyin363\Documents\repos\graphhopper__graphhopper\web-api\src\main\java\com\graphhopper\util\Helper.java,384
JDK:java.base,N/A,false,ClassOrInterfaceType,java.lang.String,String,C:\Users\tyin363\Documents\repos\graphhopper__graphhopper\web-api\src\main\java\com\graphhopper\util\Instruction.java,143
CLIENT:client-code,N/A,false,MethodCallExpr,com.graphhopper.util.PointAccess,setNode,C:\Users\tyin363\Documents\repos\graphhopper__graphhopper\web-api\src\main\java\com\graphhopper\util\PointAccess.java,41
JDK:java.base,N/A,false,MethodCallExpr,java.util.List,add,C:\Users\tyin363\Documents\repos\graphhopper__graphhopper\web-api\src\main\java\com\graphhopper\jackson\StatementDeserializer.java,53
CLIENT:client-code,N/A,false,ClassOrInterfaceType,com.graphhopper.util.Instruction,Instruction,C:\Users\tyin363\Documents\repos\graphhopper__graphhopper\web-api\src\main\java\com\graphhopper\util\InstructionList.java,27
com.fasterxml.jackson.core:jackson-databind,2.19.2,false,ClassOrInterfaceType,com.fasterxml.jackson.databind.JsonNode,JsonNode,C:\Users\tyin363\Documents\repos\graphhopper__graphhopper\web-api\src\main\java\com\graphhopper\jackson\ResponsePathDeserializerHelper.java,33
JDK:java.base,N/A,false,ClassOrInterfaceType,java.lang.IllegalArgumentException,IllegalArgumentException,C:\Users\tyin363\Documents\repos\graphhopper__graphhopper\web-api\src\main\java\com\graphhopper\jackson\StatementDeserializer.java,66
JDK:java.base,N/A,false,ClassOrInterfaceType,java.lang.String,String,C:\Users\tyin363\Documents\repos\graphhopper__graphhopper\web-api\src\main\java\com\graphhopper\Trip.java,81
JDK:java.base,N/A,false,MethodCallExpr,java.util.AbstractCollection,isEmpty,C:\Users\tyin363\Documents\repos\graphhopper__graphhopper\web-api\src\main\java\com\graphhopper\ResponsePath.java,237
CLIENT:client-code,N/A,false,ClassOrInterfaceType,com.graphhopper.util.JsonFeatureCollection,JsonFeatureCollection,C:\Users\tyin363\Documents\repos\graphhopper__graphhopper\web-api\src\main\java\com\graphhopper\util\CustomModel.java,39
JDK:java.base,N/A,false,ClassOrInterfaceType,java.lang.Throwable,Throwable,C:\Users\tyin363\Documents\repos\graphhopper__graphhopper\web-api\src\main\java\com\graphhopper\GHResponse.java,110
CLIENT:client-code,N/A,false,MethodCallExpr,com.graphhopper.jackson.ResponsePathDeserializerHelper,deserializePointList,C:\Users\tyin363\Documents\repos\graphhopper__graphhopper\web-api\src\main\java\com\graphhopper\jackson\ResponsePathDeserializerHelper.java,74
CLIENT:client-code,N/A,false,ClassOrInterfaceType,com.graphhopper.util.details.PathDetail,PathDetail,C:\Users\tyin363\Documents\repos\graphhopper__graphhopper\web-api\src\main\java\com\graphhopper\jackson\ResponsePathDeserializerHelper.java,147
CLIENT:client-code,N/A,false,MethodCallExpr,com.graphhopper.util.PointList,ensureMutability,C:\Users\tyin363\Documents\repos\graphhopper__graphhopper\web-api\src\main\java\com\graphhopper\util\PointList.java,318
CLIENT:client-code,N/A,false,ClassOrInterfaceType,com.graphhopper.util.details.PathDetail,PathDetail,C:\Users\tyin363\Documents\repos\graphhopper__graphhopper\web-api\src\main\java\com\graphhopper\Trip.java,81
JDK:java.base,N/A,false,MethodCallExpr,java.lang.Double,parseDouble,C:\Users\tyin363\Documents\repos\graphhopper__graphhopper\web-api\src\main\java\com\graphhopper\util\shapes\GHPoint.java,62
JDK:java.base,N/A,false,ClassOrInterfaceType,java.util.Date,Date,C:\Users\tyin363\Documents\repos\graphhopper__graphhopper\web-api\src\main\java\com\graphhopper\Trip.java,31
JDK:java.base,N/A,false,ClassOrInterfaceType,java.lang.String,String,C:\Users\tyin363\Documents\repos\graphhopper__graphhopper\web-api\src\main\java\com\graphhopper\util\CustomModel.java,30
com.fasterxml.jackson.core:jackson-databind,2.19.2,false,ClassOrInterfaceType,com.fasterxml.jackson.databind.module.SimpleModule,SimpleModule,C:\Users\tyin363\Documents\repos\graphhopper__graphhopper\web-api\src\main\java\com\graphhopper\jackson\GraphHopperModule.java,27
com.fasterxml.jackson.core:jackson-databind,2.19.2,false,MethodCallExpr,com.fasterxml.jackson.databind.ObjectMapper,setPropertyNamingStrategy,C:\Users\tyin363\Documents\repos\graphhopper__graphhopper\web-api\src\main\java\com\graphhopper\jackson\Jackson.java,34
CLIENT:client-code,N/A,false,MethodCallExpr,com.graphhopper.util.shapes.GHPoint,fromString,C:\Users\tyin363\Documents\repos\graphhopper__graphhopper\web-api\src\main\java\com\graphhopper\util\shapes\GHPoint.java,45
CLIENT:client-code,N/A,false,ClassOrInterfaceType,com.graphhopper.jackson.MultiException,MultiException,C:\Users\tyin363\Documents\repos\graphhopper__graphhopper\web-api\src\main\java\com\graphhopper\jackson\GraphHopperModule.java,39
com.fasterxml.jackson.core:jackson-databind,2.19.2,false,MethodCallExpr,com.fasterxml.jackson.databind.JsonNode,get,C:\Users\tyin363\Documents\repos\graphhopper__graphhopper\web-api\src\main\java\com\graphhopper\jackson\StatementDeserializer.java,57
JDK:java.base,N/A,false,MethodCallExpr,java.lang.Math,round,C:\Users\tyin363\Documents\repos\graphhopper__graphhopper\web-api\src\main\java\com\graphhopper\util\Helper.java,308
JDK:java.base,N/A,false,MethodCallExpr,java.lang.StringBuilder,append,C:\Users\tyin363\Documents\repos\graphhopper__graphhopper\web-api\src\main\java\com\graphhopper\util\Instruction.java,145
JDK:java.base,N/A,false,MethodCallExpr,java.io.File,delete,C:\Users\tyin363\Documents\repos\graphhopper__graphhopper\web-api\src\main\java\com\graphhopper\util\Helper.java,138
JDK:java.base,N/A,false,ClassOrInterfaceType,java.lang.IllegalStateException,IllegalStateException,C:\Users\tyin363\Documents\repos\graphhopper__graphhopper\web-api\src\main\java\com\graphhopper\GHRequest.java,71
JDK:java.base,N/A,false,ClassOrInterfaceType,java.lang.Double,Double,C:\Users\tyin363\Documents\repos\graphhopper__graphhopper\web-api\src\main\java\com\graphhopper\GHRequest.java,114
JDK:java.base,N/A,false,MethodCallExpr,java.lang.String,charAt,C:\Users\tyin363\Documents\repos\graphhopper__graphhopper\web-api\src\main\java\com\graphhopper\util\Helper.java,373
com.fasterxml.jackson.core:jackson-databind,2.19.2,false,MethodCallExpr,com.fasterxml.jackson.databind.node.ArrayNode,addObject,C:\Users\tyin363\Documents\repos\graphhopper__graphhopper\web-api\src\main\java\com\graphhopper\jackson\MultiExceptionSerializer.java,40
JDK:java.base,N/A,false,ClassOrInterfaceType,java.lang.String,String,C:\Users\tyin363\Documents\repos\graphhopper__graphhopper\web-api\src\main\java\com\graphhopper\util\CustomModel.java,162
JDK:java.base,N/A,false,ObjectCreationExpr,java.lang.ArrayIndexOutOfBoundsException,ArrayIndexOutOfBoundsException,C:\Users\tyin363\Documents\repos\graphhopper__graphhopper\web-api\src\main\java\com\graphhopper\util\PointList.java,271
JDK:java.base,N/A,false,MethodCallExpr,java.lang.Double,parseDouble,C:\Users\tyin363\Documents\repos\graphhopper__graphhopper\web-api\src\main\java\com\graphhopper\util\shapes\GHPoint.java,63
org.locationtech.jts:jts-core,1.20.0,true,ClassOrInterfaceType,org.locationtech.jts.geom.Geometry,Geometry,C:\Users\tyin363\Documents\repos\graphhopper__graphhopper\web-api\src\main\java\com\graphhopper\Trip.java,16
JDK:java.base,N/A,false,ClassOrInterfaceType,java.util.Date,Date,C:\Users\tyin363\Documents\repos\graphhopper__graphhopper\web-api\src\main\java\com\graphhopper\Trip.java,30
CLIENT:client-code,N/A,false,FieldAccessExpr,com.graphhopper.util.PointList,isImmutable,C:\Users\tyin363\Documents\repos\graphhopper__graphhopper\web-api\src\main\java\com\graphhopper\util\PointList.java,561
JDK:java.base,N/A,false,ClassOrInterfaceType,java.lang.Object,Object,C:\Users\tyin363\Documents\repos\graphhopper__graphhopper\web-api\src\main\java\com\graphhopper\util\JsonFeature.java,39
CLIENT:client-code,N/A,false,MethodCallExpr,com.graphhopper.util.Instruction,getName,C:\Users\tyin363\Documents\repos\graphhopper__graphhopper\web-api\src\main\java\com\graphhopper\util\Instruction.java,95
CLIENT:client-code,N/A,false,FieldAccessExpr,com.graphhopper.GHRequest,algo,C:\Users\tyin363\Documents\repos\graphhopper__graphhopper\web-api\src\main\java\com\graphhopper\GHRequest.java,137
JDK:java.base,N/A,false,MethodCallExpr,java.lang.String,trim,C:\Users\tyin363\Documents\repos\graphhopper__graphhopper\web-api\src\main\java\com\graphhopper\util\PMap.java,55
JDK:java.base,N/A,false,MethodCallExpr,java.lang.Class,getName,C:\Users\tyin363\Documents\repos\graphhopper__graphhopper\web-api\src\main\java\com\graphhopper\jackson\ResponsePathDeserializerHelper.java,265
CLIENT:client-code,N/A,false,ClassOrInterfaceType,com.graphhopper.util.CustomModel,CustomModel,C:\Users\tyin363\Documents\repos\graphhopper__graphhopper\web-api\src\main\java\com\graphhopper\util\CustomModel.java,44
JDK:java.base,N/A,false,ClassOrInterfaceType,java.util.List,List,C:\Users\tyin363\Documents\repos\graphhopper__graphhopper\web-api\src\main\java\com\graphhopper\jackson\InstructionListSerializer.java,35
JDK:java.base,N/A,false,MethodCallExpr,java.util.Map,forEach,C:\Users\tyin363\Documents\repos\graphhopper__graphhopper\web-api\src\main\java\com\graphhopper\jackson\MultiExceptionSerializer.java,44
com.fasterxml.jackson.core:jackson-databind,2.19.2,false,MethodCallExpr,com.fasterxml.jackson.databind.node.ObjectNode,put,C:\Users\tyin363\Documents\repos\graphhopper__graphhopper\web-api\src\main\java\com\graphhopper\jackson\ResponsePathSerializer.java,106
CLIENT:client-code,N/A,false,ClassOrInterfaceType,com.graphhopper.util.CustomModel,CustomModel,C:\Users\tyin363\Documents\repos\graphhopper__graphhopper\web-api\src\main\java\com\graphhopper\util\CustomModel.java,176
CLIENT:client-code,N/A,false,MethodCallExpr,com.graphhopper.util.RoundaboutInstruction,getExitNumber,C:\Users\tyin363\Documents\repos\graphhopper__graphhopper\web-api\src\main\java\com\graphhopper\util\RoundaboutInstruction.java,100
com.fasterxml.jackson.core:jackson-databind,2.19.2,false,ClassOrInterfaceType,com.fasterxml.jackson.databind.JsonNode,JsonNode,C:\Users\tyin363\Documents\repos\graphhopper__graphhopper\web-api\src\main\java\com\graphhopper\jackson\ResponsePathDeserializerHelper.java,291
CLIENT:client-code,N/A,false,ClassOrInterfaceType,com.graphhopper.util.Instruction,Instruction,C:\Users\tyin363\Documents\repos\graphhopper__graphhopper\web-api\src\main\java\com\graphhopper\util\InstructionList.java,25
JDK:java.base,N/A,false,MethodCallExpr,java.util.List,size,C:\Users\tyin363\Documents\repos\graphhopper__graphhopper\web-api\src\main\java\com\graphhopper\GHResponse.java,66
CLIENT:client-code,N/A,false,MethodReferenceExpr,com.graphhopper.util.JsonFeature,getId,C:\Users\tyin363\Documents\repos\graphhopper__graphhopper\web-api\src\main\java\com\graphhopper\util\CustomModel.java,66
JDK:java.base,N/A,false,MethodCallExpr,java.lang.StringBuilder,append,C:\Users\tyin363\Documents\repos\graphhopper__graphhopper\web-api\src\main\java\com\graphhopper\util\Instruction.java,146
JDK:java.base,N/A,false,ClassOrInterfaceType,java.util.Map,Map,C:\Users\tyin363\Documents\repos\graphhopper__graphhopper\web-api\src\main\java\com\graphhopper\jackson\ResponsePathDeserializerHelper.java,150
JDK:java.base,N/A,false,ClassOrInterfaceType,java.lang.IllegalArgumentException,IllegalArgumentException,C:\Users\tyin363\Documents\repos\graphhopper__graphhopper\web-api\src\main\java\com\graphhopper\jackson\StatementDeserializer.java,64
JDK:java.base,N/A,false,MethodCallExpr,java.util.LinkedHashMap,get,C:\Users\tyin363\Documents\repos\graphhopper__graphhopper\web-api\src\main\java\com\graphhopper\util\PMap.java,122
JDK:java.base,N/A,false,ClassOrInterfaceType,java.lang.Double,Double,C:\Users\tyin363\Documents\repos\graphhopper__graphhopper\web-api\src\main\java\com\graphhopper\util\CustomModel.java,139
JDK:java.base,N/A,false,ClassOrInterfaceType,java.lang.String,String,C:\Users\tyin363\Documents\repos\graphhopper__graphhopper\web-api\src\main\java\com\graphhopper\util\Parameters.java,140
JDK:java.base,N/A,false,ClassOrInterfaceType,java.io.IOException,IOException,C:\Users\tyin363\Documents\repos\graphhopper__graphhopper\web-api\src\main\java\com\graphhopper\util\Helper.java,172
JDK:java.base,N/A,false,ClassOrInterfaceType,java.lang.RuntimeException,RuntimeException,C:\Users\tyin363\Documents\repos\graphhopper__graphhopper\web-api\src\main\java\com\graphhopper\util\PointList.java,51
JDK:java.base,N/A,false,ClassOrInterfaceType,java.lang.IllegalArgumentException,IllegalArgumentException,C:\Users\tyin363\Documents\repos\graphhopper__graphhopper\web-api\src\main\java\com\graphhopper\jackson\CustomModelAreasDeserializer.java,28
JDK:java.base,N/A,false,ObjectCreationExpr,java.lang.ArrayIndexOutOfBoundsException,ArrayIndexOutOfBoundsException,C:\Users\tyin363\Documents\repos\graphhopper__graphhopper\web-api\src\main\java\com\graphhopper\util\PointList.java,263
JDK:java.base,N/A,false,ObjectCreationExpr,java.lang.UnsupportedOperationException,UnsupportedOperationException,C:\Users\tyin363\Documents\repos\graphhopper__graphhopper\web-api\src\main\java\com\graphhopper\util\ShallowImmutablePointList.java,165
CLIENT:client-code,N/A,false,FieldAccessExpr,com.graphhopper.Trip.Stop,plannedDepartureTime,C:\Users\tyin363\Documents\repos\graphhopper__graphhopper\web-api\src\main\java\com\graphhopper\Trip.java,60
org.locationtech.jts:jts-core,1.20.0,true,ObjectCreationExpr,org.locationtech.jts.geom.Envelope,Envelope,C:\Users\tyin363\Documents\repos\graphhopper__graphhopper\web-api\src\main\java\com\graphhopper\jackson\JtsEnvelopeDeserializer.java,31
JDK:java.base,N/A,false,MethodCallExpr,java.lang.StringBuilder,append,C:\Users\tyin363\Documents\repos\graphhopper__graphhopper\web-api\src\main\java\com\graphhopper\util\Instruction.java,147
JDK:java.base,N/A,false,ClassOrInterfaceType,java.lang.String,String,C:\Users\tyin363\Documents\repos\graphhopper__graphhopper\web-api\src\main\java\com\graphhopper\util\PMap.java,69
JDK:java.base,N/A,false,ClassOrInterfaceType,java.lang.String,String,C:\Users\tyin363\Documents\repos\graphhopper__graphhopper\web-api\src\main\java\com\graphhopper\util\shapes\GHPoint.java,44
JDK:java.base,N/A,false,ClassOrInterfaceType,java.lang.IllegalStateException,IllegalStateException,C:\Users\tyin363\Documents\repos\graphhopper__graphhopper\web-api\src\main\java\com\graphhopper\GHResponse.java,71
CLIENT:client-code,N/A,false,ClassOrInterfaceType,com.graphhopper.json.MinMax,MinMax,C:\Users\tyin363\Documents\repos\graphhopper__graphhopper\web-api\src\main\java\com\graphhopper\json\Statement.java,121
com.fasterxml.jackson.core:jackson-databind,2.19.2,false,MethodCallExpr,com.fasterxml.jackson.databind.JsonNode,get,C:\Users\tyin363\Documents\repos\graphhopper__graphhopper\web-api\src\main\java\com\graphhopper\jackson\StatementDeserializer.java,59
com.fasterxml.jackson.core:jackson-databind,2.19.2,false,ClassOrInterfaceType,com.fasterxml.jackson.databind.ObjectMapper,ObjectMapper,C:\Users\tyin363\Documents\repos\graphhopper__graphhopper\web-api\src\main\java\com\graphhopper\jackson\ResponsePathDeserializerHelper.java,33
JDK:java.base,N/A,false,MethodCallExpr,java.io.InputStream,read,C:\Users\tyin363\Documents\repos\graphhopper__graphhopper\web-api\src\main\java\com\graphhopper\util\Helper.java,105
JDK:java.base,N/A,false,MethodCallExpr,java.lang.Class,getName,C:\Users\tyin363\Documents\repos\graphhopper__graphhopper\web-api\src\main\java\com\graphhopper\jackson\ResponsePathDeserializerHelper.java,259
CLIENT:client-code,N/A,false,MethodCallExpr,com.graphhopper.jackson.StatementSerializer,serialize,C:\Users\tyin363\Documents\repos\graphhopper__graphhopper\web-api\src\main\java\com\graphhopper\jackson\StatementSerializer.java,35
CLIENT:client-code,N/A,false,MethodCallExpr,com.graphhopper.json.Statement.Op,getName,C:\Users\tyin363\Documents\repos\graphhopper__graphhopper\web-api\src\main\java\com\graphhopper\json\Statement.java,77
com.fasterxml.jackson.core:jackson-core,2.19.2,false,ClassOrInterfaceType,com.fasterxml.jackson.core.JsonGenerator,JsonGenerator,C:\Users\tyin363\Documents\repos\graphhopper__graphhopper\web-api\src\main\java\com\graphhopper\jackson\InstructionListSerializer.java,34
CLIENT:client-code,N/A,false,FieldAccessExpr,com.graphhopper.util.ShallowImmutablePointList,fromOffset,C:\Users\tyin363\Documents\repos\graphhopper__graphhopper\web-api\src\main\java\com\graphhopper\util\ShallowImmutablePointList.java,40
JDK:java.base,N/A,false,MethodCallExpr,java.util.Iterator,next,C:\Users\tyin363\Documents\repos\graphhopper__graphhopper\web-api\src\main\java\com\graphhopper\jackson\CustomModelAreasDeserializer.java,34
JDK:java.base,N/A,false,MethodCallExpr,java.lang.StringBuilder,append,C:\Users\tyin363\Documents\repos\graphhopper__graphhopper\web-api\src\main\java\com\graphhopper\util\Instruction.java,148
JDK:java.base,N/A,false,MethodCallExpr,java.lang.Math,pow,C:\Users\tyin363\Documents\repos\graphhopper__graphhopper\web-api\src\main\java\com\graphhopper\util\Helper.java,307
JDK:java.base,N/A,false,ClassOrInterfaceType,java.util.Map,Map,C:\Users\tyin363\Documents\repos\graphhopper__graphhopper\web-api\src\main\java\com\graphhopper\jackson\ResponsePathDeserializerHelper.java,148
JDK:java.base,N/A,false,ClassOrInterfaceType,java.lang.String,String,C:\Users\tyin363\Documents\repos\graphhopper__graphhopper\web-api\src\main\java\com\graphhopper\util\Parameters.java,138
JDK:java.base,N/A,false,ClassOrInterfaceType,java.util.Map,Map,C:\Users\tyin363\Documents\repos\graphhopper__graphhopper\web-api\src\main\java\com\graphhopper\util\exceptions\DetailedIllegalArgumentException.java,29
JDK:java.base,N/A,false,ClassOrInterfaceType,java.lang.String,String,C:\Users\tyin363\Documents\repos\graphhopper__graphhopper\web-api\src\main\java\com\graphhopper\util\Helper.java,59
com.fasterxml.jackson.core:jackson-databind,2.19.2,false,MethodCallExpr,com.fasterxml.jackson.databind.node.ObjectNode,putPOJO,C:\Users\tyin363\Documents\repos\graphhopper__graphhopper\web-api\src\main\java\com\graphhopper\jackson\ResponsePathSerializer.java,109
JDK:java.base,N/A,false,ClassOrInterfaceType,java.lang.String,String,C:\Users\tyin363\Documents\repos\graphhopper__graphhopper\web-api\src\main\java\com\graphhopper\Trip.java,77
JDK:java.base,N/A,false,ClassOrInterfaceType,java.lang.IllegalStateException,IllegalStateException,C:\Users\tyin363\Documents\repos\graphhopper__graphhopper\web-api\src\main\java\com\graphhopper\GHRequest.java,68
JDK:java.base,N/A,false,MethodCallExpr,java.lang.String,length,C:\Users\tyin363\Documents\repos\graphhopper__graphhopper\web-api\src\main\java\com\graphhopper\util\Helper.java,371
JDK:java.base,N/A,false,ClassOrInterfaceType,java.lang.Double,Double,C:\Users\tyin363\Documents\repos\graphhopper__graphhopper\web-api\src\main\java\com\graphhopper\GHRequest.java,119
CLIENT:client-code,N/A,false,ClassOrInterfaceType,com.graphhopper.util.details.PathDetail,PathDetail,C:\Users\tyin363\Documents\repos\graphhopper__graphhopper\web-api\src\main\java\com\graphhopper\Trip.java,77
com.fasterxml.jackson.core:jackson-databind,2.19.2,false,MethodCallExpr,com.fasterxml.jackson.databind.node.ObjectNode,putArray,C:\Users\tyin363\Documents\repos\graphhopper__graphhopper\web-api\src\main\java\com\graphhopper\jackson\ResponsePathSerializer.java,92
JDK:java.base,N/A,false,MethodCallExpr,java.lang.String,trim,C:\Users\tyin363\Documents\repos\graphhopper__graphhopper\web-api\src\main\java\com\graphhopper\util\Helper.java,75
CLIENT:client-code,N/A,false,MethodCallExpr,com.graphhopper.util.PointList,is3D,C:\Users\tyin363\Documents\repos\graphhopper__graphhopper\web-api\src\main\java\com\graphhopper\util\PointList.java,394
JDK:java.base,N/A,false,MethodCallExpr,java.util.TimeZone,getTimeZone,C:\Users\tyin363\Documents\repos\graphhopper__graphhopper\web-api\src\main\java\com\graphhopper\util\Helper.java,35
CLIENT:client-code,N/A,false,MethodCallExpr,com.graphhopper.ResponsePath,check,C:\Users\tyin363\Documents\repos\graphhopper__graphhopper\web-api\src\main\java\com\graphhopper\ResponsePath.java,213
CLIENT:client-code,N/A,false,FieldAccessExpr,com.graphhopper.util.PMap,map,C:\Users\tyin363\Documents\repos\graphhopper__graphhopper\web-api\src\main\java\com\graphhopper\util\PMap.java,94
CLIENT:client-code,N/A,false,MethodCallExpr,com.graphhopper.util.shapes.GHPoint,fromString,C:\Users\tyin363\Documents\repos\graphhopper__graphhopper\web-api\src\main\java\com\graphhopper\util\shapes\GHPoint.java,49
JDK:java.base,N/A,false,ClassOrInterfaceType,java.util.Map,Map,C:\Users\tyin363\Documents\repos\graphhopper__graphhopper\web-api\src\main\java\com\graphhopper\jackson\ResponsePathDeserializerHelper.java,147
JDK:java.base,N/A,false,MethodCallExpr,java.lang.StringBuilder,append,C:\Users\tyin363\Documents\repos\graphhopper__graphhopper\web-api\src\main\java\com\graphhopper\util\Instruction.java,149
JDK:java.base,N/A,false,ClassOrInterfaceType,java.lang.String,String,C:\Users\tyin363\Documents\repos\graphhopper__graphhopper\web-api\src\main\java\com\graphhopper\util\Parameters.java,139
CLIENT:client-code,N/A,false,ClassOrInterfaceType,com.graphhopper.json.MinMax,MinMax,C:\Users\tyin363\Documents\repos\graphhopper__graphhopper\web-api\src\main\java\com\graphhopper\json\Statement.java,123
com.fasterxml.jackson.core:jackson-databind,2.19.2,false,MethodCallExpr,com.fasterxml.jackson.databind.node.ObjectNode,putPOJO,C:\Users\tyin363\Documents\repos\graphhopper__graphhopper\web-api\src\main\java\com\graphhopper\jackson\ResponsePathSerializer.java,110
JDK:java.base,N/A,false,ClassOrInterfaceType,java.lang.IllegalArgumentException,IllegalArgumentException,C:\Users\tyin363\Documents\repos\graphhopper__graphhopper\web-api\src\main\java\com\graphhopper\jackson\ResponsePathDeserializerHelper.java,191
JDK:java.base,N/A,false,ClassOrInterfaceType,java.lang.String,String,C:\Users\tyin363\Documents\repos\graphhopper__graphhopper\web-api\src\main\java\com\graphhopper\util\PMap.java,67
JDK:java.base,N/A,false,MethodCallExpr,java.util.Map,isEmpty,C:\Users\tyin363\Documents\repos\graphhopper__graphhopper\web-api\src\main\java\com\graphhopper\ResponsePath.java,265
JDK:java.base,N/A,false,ClassOrInterfaceType,java.lang.Object,Object,C:\Users\tyin363\Documents\repos\graphhopper__graphhopper\web-api\src\main\java\com\graphhopper\util\JsonFeature.java,44
JDK:java.base,N/A,false,MethodCallExpr,java.lang.String,length,C:\Users\tyin363\Documents\repos\graphhopper__graphhopper\web-api\src\main\java\com\graphhopper\util\Helper.java,372
CLIENT:client-code,N/A,false,ClassOrInterfaceType,com.graphhopper.json.Statement,Statement,C:\Users\tyin363\Documents\repos\graphhopper__graphhopper\web-api\src\main\java\com\graphhopper\jackson\StatementDeserializer.java,83
com.fasterxml.jackson.core:jackson-databind,2.19.2,false,MethodCallExpr,com.fasterxml.jackson.databind.JsonNode,get,C:\Users\tyin363\Documents\repos\graphhopper__graphhopper\web-api\src\main\java\com\graphhopper\jackson\ResponsePathDeserializerHelper.java,61
CLIENT:client-code,N/A,false,FieldAccessExpr,com.graphhopper.GHResponse,errors,C:\Users\tyin363\Documents\repos\graphhopper__graphhopper\web-api\src\main\java\com\graphhopper\GHResponse.java,124
JDK:java.base,N/A,false,ClassOrInterfaceType,java.lang.Integer,Integer,C:\Users\tyin363\Documents\repos\graphhopper__graphhopper\web-api\src\main\java\com\graphhopper\ResponsePath.java,136
CLIENT:client-code,N/A,false,FieldAccessExpr,com.graphhopper.GHRequest,pointHints,C:\Users\tyin363\Documents\repos\graphhopper__graphhopper\web-api\src\main\java\com\graphhopper\GHRequest.java,191
com.fasterxml.jackson.core:jackson-databind,2.19.2,false,MethodCallExpr,com.fasterxml.jackson.databind.JsonNode,has,C:\Users\tyin363\Documents\repos\graphhopper__graphhopper\web-api\src\main\java\com\graphhopper\jackson\ResponsePathDeserializerHelper.java,162
CLIENT:client-code,N/A,false,FieldAccessExpr,com.graphhopper.GHResponse,hintsMap,C:\Users\tyin363\Documents\repos\graphhopper__graphhopper\web-api\src\main\java\com\graphhopper\GHResponse.java,145
JDK:java.base,N/A,false,MethodCallExpr,java.lang.Class,getName,C:\Users\tyin363\Documents\repos\graphhopper__graphhopper\web-api\src\main\java\com\graphhopper\jackson\ResponsePathDeserializerHelper.java,261
CLIENT:client-code,N/A,false,MethodCallExpr,com.graphhopper.util.PointAccess,is3D,C:\Users\tyin363\Documents\repos\graphhopper__graphhopper\web-api\src\main\java\com\graphhopper\util\FinishInstruction.java,42
CLIENT:client-code,N/A,false,FieldAccessExpr,com.graphhopper.util.TurnCostsConfig,sharpRightTurnCosts,C:\Users\tyin363\Documents\repos\graphhopper__graphhopper\web-api\src\main\java\com\graphhopper\util\TurnCostsConfig.java,52
JDK:java.base,N/A,false,MethodCallExpr,java.lang.StringBuilder,append,C:\Users\tyin363\Documents\repos\graphhopper__graphhopper\web-api\src\main\java\com\graphhopper\util\Instruction.java,150
JDK:java.base,N/A,false,MethodCallExpr,java.util.Map,get,C:\Users\tyin363\Documents\repos\graphhopper__graphhopper\web-api\src\main\java\com\graphhopper\util\JsonFeature.java,73
CLIENT:client-code,N/A,false,FieldAccessExpr,com.graphhopper.util.JsonFeature,id,C:\Users\tyin363\Documents\repos\graphhopper__graphhopper\web-api\src\main\java\com\graphhopper\util\JsonFeature.java,77
CLIENT:client-code,N/A,false,ClassOrInterfaceType,com.graphhopper.json.MinMax,MinMax,C:\Users\tyin363\Documents\repos\graphhopper__graphhopper\web-api\src\main\java\com\graphhopper\json\Statement.java,118
CLIENT:client-code,N/A,false,FieldAccessExpr,com.graphhopper.util.CustomModel,internal,C:\Users\tyin363\Documents\repos\graphhopper__graphhopper\web-api\src\main\java\com\graphhopper\util\CustomModel.java,83
CLIENT:client-code,N/A,false,FieldAccessExpr,com.graphhopper.util.Instruction,FINISH,C:\Users\tyin363\Documents\repos\graphhopper__graphhopper\web-api\src\main\java\com\graphhopper\jackson\ResponsePathDeserializerHelper.java,121
JDK:java.base,N/A,false,ClassOrInterfaceType,java.lang.String,String,C:\Users\tyin363\Documents\repos\graphhopper__graphhopper\web-api\src\main\java\com\graphhopper\util\TurnCostsConfig.java,25
CLIENT:client-code,N/A,false,ClassOrInterfaceType,com.graphhopper.util.details.PathDetail,PathDetail,C:\Users\tyin363\Documents\repos\graphhopper__graphhopper\web-api\src\main\java\com\graphhopper\jackson\ResponsePathDeserializerHelper.java,153
com.fasterxml.jackson.core:jackson-databind,2.19.2,false,MethodCallExpr,com.fasterxml.jackson.databind.JsonNode,asDouble,C:\Users\tyin363\Documents\repos\graphhopper__graphhopper\web-api\src\main\java\com\graphhopper\jackson\ResponsePathDeserializerHelper.java,43
CLIENT:client-code,N/A,false,ClassOrInterfaceType,com.graphhopper.util.shapes.GHPoint,GHPoint,C:\Users\tyin363\Documents\repos\graphhopper__graphhopper\web-api\src\main\java\com\graphhopper\jackson\GHPointSerializer.java,28
JDK:java.base,N/A,false,ClassOrInterfaceType,java.lang.IllegalArgumentException,IllegalArgumentException,C:\Users\tyin363\Documents\repos\graphhopper__graphhopper\web-api\src\main\java\com\graphhopper\jackson\StatementDeserializer.java,76
JDK:java.base,N/A,false,FieldAccessExpr,java.lang.Double,MAX_VALUE,C:\Users\tyin363\Documents\repos\graphhopper__graphhopper\web-api\src\main\java\com\graphhopper\util\Helper.java,256
com.fasterxml.jackson.core:jackson-databind,2.19.2,false,MethodCallExpr,com.fasterxml.jackson.databind.JsonNode,get,C:\Users\tyin363\Documents\repos\graphhopper__graphhopper\web-api\src\main\java\com\graphhopper\jackson\StatementDeserializer.java,64
JDK:java.base,N/A,false,ClassOrInterfaceType,java.lang.Object,Object,C:\Users\tyin363\Documents\repos\graphhopper__graphhopper\web-api\src\main\java\com\graphhopper\util\exceptions\DetailedRuntimeException.java,29
JDK:java.base,N/A,false,MethodCallExpr,java.lang.Character,toUpperCase,C:\Users\tyin363\Documents\repos\graphhopper__graphhopper\web-api\src\main\java\com\graphhopper\util\Helper.java,393
JDK:java.base,N/A,false,ClassOrInterfaceType,java.lang.Object,Object,C:\Users\tyin363\Documents\repos\graphhopper__graphhopper\web-api\src\main\java\com\graphhopper\util\PointList.java,386
JDK:java.base,N/A,false,ClassOrInterfaceType,java.lang.String,String,C:\Users\tyin363\Documents\repos\graphhopper__graphhopper\web-api\src\main\java\com\graphhopper\util\details\PathDetail.java,62
org.locationtech.jts:jts-core,1.20.0,true,ClassOrInterfaceType,org.locationtech.jts.geom.Coordinate,Coordinate,C:\Users\tyin363\Documents\repos\graphhopper__graphhopper\web-api\src\main\java\com\graphhopper\util\PointList.java,362
JDK:java.base,N/A,false,ClassOrInterfaceType,java.lang.NumberFormatException,NumberFormatException,C:\Users\tyin363\Documents\repos\graphhopper__graphhopper\web-api\src\main\java\com\graphhopper\util\shapes\GHPoint.java,69
JDK:java.base,N/A,false,MethodCallExpr,java.util.HashMap,put,C:\Users\tyin363\Documents\repos\graphhopper__graphhopper\web-api\src\main\java\com\graphhopper\util\PMap.java,85
JDK:java.base,N/A,false,MethodCallExpr,java.util.List,set,C:\Users\tyin363\Documents\repos\graphhopper__graphhopper\web-api\src\main\java\com\graphhopper\util\InstructionList.java,51
JDK:java.base,N/A,false,ClassOrInterfaceType,java.lang.String,String,C:\Users\tyin363\Documents\repos\graphhopper__graphhopper\web-api\src\main\java\com\graphhopper\util\shapes\GHPoint.java,48
CLIENT:client-code,N/A,false,FieldAccessExpr,com.graphhopper.util.RoundaboutInstruction,exitNumber,C:\Users\tyin363\Documents\repos\graphhopper__graphhopper\web-api\src\main\java\com\graphhopper\util\RoundaboutInstruction.java,70
CLIENT:client-code,N/A,false,ClassOrInterfaceType,com.graphhopper.util.JsonFeatureCollection,JsonFeatureCollection,C:\Users\tyin363\Documents\repos\graphhopper__graphhopper\web-api\src\main\java\com\graphhopper\jackson\CustomModelAreasDeserializer.java,16
CLIENT:client-code,N/A,false,MethodCallExpr,com.graphhopper.ResponsePath,getInstructions,C:\Users\tyin363\Documents\repos\graphhopper__graphhopper\web-api\src\main\java\com\graphhopper\jackson\ResponsePathSerializer.java,112
CLIENT:client-code,N/A,false,ClassOrInterfaceType,com.graphhopper.json.Statement,Statement,C:\Users\tyin363\Documents\repos\graphhopper__graphhopper\web-api\src\main\java\com\graphhopper\jackson\StatementSerializer.java,34
CLIENT:client-code,N/A,false,FieldAccessExpr,com.graphhopper.GHResponse,debugInfo,C:\Users\tyin363\Documents\repos\graphhopper__graphhopper\web-api\src\main\java\com\graphhopper\GHResponse.java,76
CLIENT:client-code,N/A,false,ClassOrInterfaceType,com.graphhopper.util.shapes.GHPoint,GHPoint,C:\Users\tyin363\Documents\repos\graphhopper__graphhopper\web-api\src\main\java\com\graphhopper\util\shapes\GHPoint.java,56
JDK:java.base,N/A,false,MethodCallExpr,java.util.Map,put,C:\Users\tyin363\Documents\repos\graphhopper__graphhopper\web-api\src\main\java\com\graphhopper\util\CustomModel.java,103
CLIENT:client-code,N/A,false,ClassOrInterfaceType,com.graphhopper.json.Statement.Op,Op,C:\Users\tyin363\Documents\repos\graphhopper__graphhopper\web-api\src\main\java\com\graphhopper\json\Statement.java,150
JDK:java.base,N/A,false,ClassOrInterfaceType,java.util.List,List,C:\Users\tyin363\Documents\repos\graphhopper__graphhopper\web-api\src\main\java\com\graphhopper\json\Statement.java,138
com.fasterxml.jackson.core:jackson-core,2.19.2,false,ClassOrInterfaceType,com.fasterxml.jackson.core.JsonGenerator,JsonGenerator,C:\Users\tyin363\Documents\repos\graphhopper__graphhopper\web-api\src\main\java\com\graphhopper\jackson\GHPointSerializer.java,30
CLIENT:client-code,N/A,false,ClassOrInterfaceType,com.graphhopper.util.PMap,PMap,C:\Users\tyin363\Documents\repos\graphhopper__graphhopper\web-api\src\main\java\com\graphhopper\GHResponse.java,34
CLIENT:client-code,N/A,false,ClassOrInterfaceType,com.graphhopper.json.Statement,Statement,C:\Users\tyin363\Documents\repos\graphhopper__graphhopper\web-api\src\main\java\com\graphhopper\json\Statement.java,56
JDK:java.base,N/A,false,ClassOrInterfaceType,java.io.IOException,IOException,C:\Users\tyin363\Documents\repos\graphhopper__graphhopper\web-api\src\main\java\com\graphhopper\jackson\JtsEnvelopeDeserializer.java,29
CLIENT:client-code,N/A,false,MethodCallExpr,com.graphhopper.jackson.ResponsePathDeserializerHelper,toMap,C:\Users\tyin363\Documents\repos\graphhopper__graphhopper\web-api\src\main\java\com\graphhopper\jackson\ResponsePathDeserializerHelper.java,279
JDK:java.base,N/A,false,ClassOrInterfaceType,java.lang.Double,Double,C:\Users\tyin363\Documents\repos\graphhopper__graphhopper\web-api\src\main\java\com\graphhopper\util\CustomModel.java,34
JDK:java.base,N/A,false,MethodCallExpr,java.util.List,add,C:\Users\tyin363\Documents\repos\graphhopper__graphhopper\web-api\src\main\java\com\graphhopper\jackson\CustomModelAreasDeserializer.java,29
JDK:java.base,N/A,false,ObjectCreationExpr,java.util.HashMap,HashMap,C:\Users\tyin363\Documents\repos\graphhopper__graphhopper\web-api\src\main\java\com\graphhopper\util\CustomModel.java,57
CLIENT:client-code,N/A,false,ClassOrInterfaceType,com.graphhopper.ResponsePath,ResponsePath,C:\Users\tyin363\Documents\repos\graphhopper__graphhopper\web-api\src\main\java\com\graphhopper\ResponsePath.java,64
CLIENT:client-code,N/A,false,ClassOrInterfaceType,com.graphhopper.util.shapes.GHPoint,GHPoint,C:\Users\tyin363\Documents\repos\graphhopper__graphhopper\web-api\src\main\java\com\graphhopper\jackson\GHPointSerializer.java,30
CLIENT:client-code,N/A,false,ClassOrInterfaceType,com.graphhopper.jackson.StatementDeserializer,StatementDeserializer,C:\Users\tyin363\Documents\repos\graphhopper__graphhopper\web-api\src\main\java\com\graphhopper\jackson\GraphHopperModule.java,30
CLIENT:client-code,N/A,false,ClassOrInterfaceType,com.graphhopper.util.shapes.GHPoint,GHPoint,C:\Users\tyin363\Documents\repos\graphhopper__graphhopper\web-api\src\main\java\com\graphhopper\util\shapes\GHPoint.java,53
JDK:java.base,N/A,false,FieldAccessExpr,java.lang.Double,MAX_VALUE,C:\Users\tyin363\Documents\repos\graphhopper__graphhopper\web-api\src\main\java\com\graphhopper\util\Helper.java,258
CLIENT:client-code,N/A,false,MethodCallExpr,com.graphhopper.jackson.ResponsePathDeserializerHelper,readErrors,C:\Users\tyin363\Documents\repos\graphhopper__graphhopper\web-api\src\main\java\com\graphhopper\jackson\ResponsePathDeserializerHelper.java,35
com.fasterxml.jackson.core:jackson-databind,2.19.2,false,MethodCallExpr,com.fasterxml.jackson.databind.node.ObjectNode,put,C:\Users\tyin363\Documents\repos\graphhopper__graphhopper\web-api\src\main\java\com\graphhopper\jackson\ResponsePathSerializer.java,116
JDK:java.base,N/A,false,ClassOrInterfaceType,java.lang.Throwable,Throwable,C:\Users\tyin363\Documents\repos\graphhopper__graphhopper\web-api\src\main\java\com\graphhopper\jackson\MultiException.java,33
JDK:java.base,N/A,false,ClassOrInterfaceType,java.lang.String,String,C:\Users\tyin363\Documents\repos\graphhopper__graphhopper\web-api\src\main\java\com\graphhopper\util\FinishInstruction.java,24
JDK:java.base,N/A,false,ClassOrInterfaceType,java.lang.String,String,C:\Users\tyin363\Documents\repos\graphhopper__graphhopper\web-api\src\main\java\com\graphhopper\util\Helper.java,46
CLIENT:client-code,N/A,false,MethodCallExpr,com.graphhopper.json.Statement.Op,getName,C:\Users\tyin363\Documents\repos\graphhopper__graphhopper\web-api\src\main\java\com\graphhopper\jackson\StatementDeserializer.java,78
JDK:java.base,N/A,false,ClassOrInterfaceType,java.util.Map,Map,C:\Users\tyin363\Documents\repos\graphhopper__graphhopper\web-api\src\main\java\com\graphhopper\util\JsonFeature.java,88
JDK:java.base,N/A,false,ClassOrInterfaceType,java.lang.String,String,C:\Users\tyin363\Documents\repos\graphhopper__graphhopper\web-api\src\main\java\com\graphhopper\util\Parameters.java,151
CLIENT:client-code,N/A,false,FieldAccessExpr,com.graphhopper.jackson.MultiException,errors,C:\Users\tyin363\Documents\repos\graphhopper__graphhopper\web-api\src\main\java\com\graphhopper\jackson\MultiException.java,30
JDK:java.base,N/A,false,ClassOrInterfaceType,java.util.List,List,C:\Users\tyin363\Documents\repos\graphhopper__graphhopper\web-api\src\main\java\com\graphhopper\jackson\ResponsePathDeserializerHelper.java,151
com.fasterxml.jackson.core:jackson-databind,2.19.2,false,MethodCallExpr,com.fasterxml.jackson.databind.JsonNode,get,C:\Users\tyin363\Documents\repos\graphhopper__graphhopper\web-api\src\main\java\com\graphhopper\jackson\ResponsePathDeserializerHelper.java,74
JDK:java.base,N/A,false,ObjectCreationExpr,java.lang.IllegalArgumentException,IllegalArgumentException,C:\Users\tyin363\Documents\repos\graphhopper__graphhopper\web-api\src\main\java\com\graphhopper\json\Statement.java,125
CLIENT:client-code,N/A,false,MethodCallExpr,com.graphhopper.util.Helper,camelCaseToUnderScore,C:\Users\tyin363\Documents\repos\graphhopper__graphhopper\web-api\src\main\java\com\graphhopper\util\PMap.java,85
JDK:java.base,N/A,false,MethodCallExpr,java.util.List,add,C:\Users\tyin363\Documents\repos\graphhopper__graphhopper\web-api\src\main\java\com\graphhopper\util\Helper.java,89
JDK:java.base,N/A,false,ClassOrInterfaceType,java.lang.String,String,C:\Users\tyin363\Documents\repos\graphhopper__graphhopper\web-api\src\main\java\com\graphhopper\util\JsonFeature.java,39
JDK:java.base,N/A,false,ObjectCreationExpr,java.io.InputStreamReader,InputStreamReader,C:\Users\tyin363\Documents\repos\graphhopper__graphhopper\web-api\src\main\java\com\graphhopper\util\Helper.java,80
JDK:java.base,N/A,false,ObjectCreationExpr,java.lang.UnsupportedOperationException,UnsupportedOperationException,C:\Users\tyin363\Documents\repos\graphhopper__graphhopper\web-api\src\main\java\com\graphhopper\util\ShallowImmutablePointList.java,160
JDK:java.base,N/A,false,ClassOrInterfaceType,java.lang.RuntimeException,RuntimeException,C:\Users\tyin363\Documents\repos\graphhopper__graphhopper\web-api\src\main\java\com\graphhopper\util\PointList.java,46
com.fasterxml.jackson.core:jackson-databind,2.19.2,false,MethodCallExpr,com.fasterxml.jackson.databind.node.ObjectNode,put,C:\Users\tyin363\Documents\repos\graphhopper__graphhopper\web-api\src\main\java\com\graphhopper\jackson\ResponsePathSerializer.java,115
JDK:java.base,N/A,false,ObjectCreationExpr,java.lang.RuntimeException,RuntimeException,C:\Users\tyin363\Documents\repos\graphhopper__graphhopper\web-api\src\main\java\com\graphhopper\jackson\ResponsePathDeserializerHelper.java,285
CLIENT:client-code,N/A,false,ClassOrInterfaceType,com.graphhopper.util.PointList,PointList,C:\Users\tyin363\Documents\repos\graphhopper__graphhopper\web-api\src\main\java\com\graphhopper\util\ShallowImmutablePointList.java,33
com.fasterxml.jackson.core:jackson-databind,2.19.2,false,MethodCallExpr,com.fasterxml.jackson.databind.JsonNode,asDouble,C:\Users\tyin363\Documents\repos\graphhopper__graphhopper\web-api\src\main\java\com\graphhopper\jackson\ResponsePathDeserializerHelper.java,172
CLIENT:client-code,N/A,false,ClassOrInterfaceType,com.graphhopper.util.RoundaboutInstruction,RoundaboutInstruction,C:\Users\tyin363\Documents\repos\graphhopper__graphhopper\web-api\src\main\java\com\graphhopper\util\RoundaboutInstruction.java,54
JDK:java.base,N/A,false,ClassOrInterfaceType,java.lang.ArrayIndexOutOfBoundsException,ArrayIndexOutOfBoundsException,C:\Users\tyin363\Documents\repos\graphhopper__graphhopper\web-api\src\main\java\com\graphhopper\util\PointList.java,288
CLIENT:client-code,N/A,false,ObjectCreationExpr,com.graphhopper.jackson.JtsEnvelopeDeserializer,JtsEnvelopeDeserializer,C:\Users\tyin363\Documents\repos\graphhopper__graphhopper\web-api\src\main\java\com\graphhopper\jackson\GraphHopperModule.java,32
CLIENT:client-code,N/A,false,MethodCallExpr,com.graphhopper.util.PointAccess,is3D,C:\Users\tyin363\Documents\repos\graphhopper__graphhopper\web-api\src\main\java\com\graphhopper\util\FinishInstruction.java,47
org.locationtech.jts:jts-core,1.20.0,true,ClassOrInterfaceType,org.locationtech.jts.geom.LineString,LineString,C:\Users\tyin363\Documents\repos\graphhopper__graphhopper\web-api\src\main\java\com\graphhopper\util\PointList.java,544
CLIENT:client-code,N/A,false,MethodCallExpr,com.graphhopper.util.CustomModel,getAreasAsMap,C:\Users\tyin363\Documents\repos\graphhopper__graphhopper\web-api\src\main\java\com\graphhopper\jackson\CustomModelAreasDeserializer.java,42
CLIENT:client-code,N/A,false,ObjectCreationExpr,com.graphhopper.json.Statement,Statement,C:\Users\tyin363\Documents\repos\graphhopper__graphhopper\web-api\src\main\java\com\graphhopper\json\Statement.java,139
JDK:java.base,N/A,false,ClassOrInterfaceType,java.lang.Object,Object,C:\Users\tyin363\Documents\repos\graphhopper__graphhopper\web-api\src\main\java\com\graphhopper\util\PMap.java,153
CLIENT:client-code,N/A,false,FieldAccessExpr,com.graphhopper.util.PointList,isImmutable,C:\Users\tyin363\Documents\repos\graphhopper__graphhopper\web-api\src\main\java\com\graphhopper\util\PointList.java,553
JDK:java.base,N/A,false,ObjectCreationExpr,java.text.SimpleDateFormat,SimpleDateFormat,C:\Users\tyin363\Documents\repos\graphhopper__graphhopper\web-api\src\main\java\com\graphhopper\util\Helper.java,335
JDK:java.base,N/A,false,ClassOrInterfaceType,java.lang.Boolean,Boolean,C:\Users\tyin363\Documents\repos\graphhopper__graphhopper\web-api\src\main\java\com\graphhopper\util\PMap.java,108
JDK:java.base,N/A,false,ClassOrInterfaceType,java.lang.IllegalArgumentException,IllegalArgumentException,C:\Users\tyin363\Documents\repos\graphhopper__graphhopper\web-api\src\main\java\com\graphhopper\util\CustomModel.java,60
JDK:java.base,N/A,false,ClassOrInterfaceType,java.lang.String,String,C:\Users\tyin363\Documents\repos\graphhopper__graphhopper\web-api\src\main\java\com\graphhopper\util\exceptions\DetailedIllegalArgumentException.java,29
CLIENT:client-code,N/A,false,MethodCallExpr,com.graphhopper.util.RoundaboutInstruction,getExitNumber,C:\Users\tyin363\Documents\repos\graphhopper__graphhopper\web-api\src\main\java\com\graphhopper\util\RoundaboutInstruction.java,122
CLIENT:client-code,N/A,false,ClassOrInterfaceType,com.graphhopper.json.Statement,Statement,C:\Users\tyin363\Documents\repos\graphhopper__graphhopper\web-api\src\main\java\com\graphhopper\jackson\StatementSerializer.java,29
CLIENT:client-code,N/A,false,MethodCallExpr,com.graphhopper.util.Instruction,setDistance,C:\Users\tyin363\Documents\repos\graphhopper__graphhopper\web-api\src\main\java\com\graphhopper\jackson\ResponsePathDeserializerHelper.java,139
com.fasterxml.jackson.core:jackson-databind,2.19.2,false,MethodCallExpr,com.fasterxml.jackson.databind.ObjectMapper,convertValue,C:\Users\tyin363\Documents\repos\graphhopper__graphhopper\web-api\src\main\java\com\graphhopper\jackson\ResponsePathDeserializerHelper.java,153
org.locationtech.jts:jts-core,1.20.0,true,MethodCallExpr,org.locationtech.jts.geom.Point,getY,C:\Users\tyin363\Documents\repos\graphhopper__graphhopper\web-api\src\main\java\com\graphhopper\util\shapes\GHPoint.java,41
CLIENT:client-code,N/A,false,MethodCallExpr,com.graphhopper.jackson.ResponsePathDeserializerHelper,deserializePointList,C:\Users\tyin363\Documents\repos\graphhopper__graphhopper\web-api\src\main\java\com\graphhopper\jackson\ResponsePathDeserializerHelper.java,47
CLIENT:client-code,N/A,false,ClassOrInterfaceType,com.graphhopper.util.exceptions.GHException,GHException,C:\Users\tyin363\Documents\repos\graphhopper__graphhopper\web-api\src\main\java\com\graphhopper\jackson\MultiExceptionSerializer.java,44
JDK:java.base,N/A,false,ClassOrInterfaceType,java.lang.String,String,C:\Users\tyin363\Documents\repos\graphhopper__graphhopper\web-api\src\main\java\com\graphhopper\ResponsePath.java,50
org.locationtech.jts:jts-core,1.20.0,true,ClassOrInterfaceType,org.locationtech.jts.geom.Coordinate,Coordinate,C:\Users\tyin363\Documents\repos\graphhopper__graphhopper\web-api\src\main\java\com\graphhopper\util\PointList.java,366
CLIENT:client-code,N/A,false,MethodCallExpr,com.graphhopper.util.Helper,isEmpty,C:\Users\tyin363\Documents\repos\graphhopper__graphhopper\web-api\src\main\java\com\graphhopper\jackson\CustomModelAreasDeserializer.java,27
CLIENT:client-code,N/A,false,MethodCallExpr,com.graphhopper.ResponsePath,getWaypoints,C:\Users\tyin363\Documents\repos\graphhopper__graphhopper\web-api\src\main\java\com\graphhopper\jackson\ResponsePathDeserializerHelper.java,165
JDK:java.base,N/A,false,ClassOrInterfaceType,java.lang.String,String,C:\Users\tyin363\Documents\repos\graphhopper__graphhopper\web-api\src\main\java\com\graphhopper\Trip.java,100
com.fasterxml.jackson.core:jackson-databind,2.19.2,false,ClassOrInterfaceType,com.fasterxml.jackson.databind.JsonNode,JsonNode,C:\Users\tyin363\Documents\repos\graphhopper__graphhopper\web-api\src\main\java\com\graphhopper\jackson\ResponsePathDeserializerHelper.java,150
JDK:java.base,N/A,false,ObjectCreationExpr,java.lang.IllegalStateException,IllegalStateException,C:\Users\tyin363\Documents\repos\graphhopper__graphhopper\web-api\src\main\java\com\graphhopper\ResponsePath.java,71
CLIENT:client-code,N/A,false,MethodCallExpr,com.graphhopper.util.Helper,camelCaseToUnderScore,C:\Users\tyin363\Documents\repos\graphhopper__graphhopper\web-api\src\main\java\com\graphhopper\util\PMap.java,87
JDK:java.base,N/A,false,ClassOrInterfaceType,java.lang.Integer,Integer,C:\Users\tyin363\Documents\repos\graphhopper__graphhopper\web-api\src\main\java\com\graphhopper\ResponsePath.java,131
CLIENT:client-code,N/A,false,ClassOrInterfaceType,com.graphhopper.ResponsePath,ResponsePath,C:\Users\tyin363\Documents\repos\graphhopper__graphhopper\web-api\src\main\java\com\graphhopper\ResponsePath.java,202
JDK:java.base,N/A,false,MethodCallExpr,java.lang.Number,longValue,C:\Users\tyin363\Documents\repos\graphhopper__graphhopper\web-api\src\main\java\com\graphhopper\util\PMap.java,118
CLIENT:client-code,N/A,false,ClassOrInterfaceType,com.graphhopper.util.JsonFeatureCollection,JsonFeatureCollection,C:\Users\tyin363\Documents\repos\graphhopper__graphhopper\web-api\src\main\java\com\graphhopper\jackson\CustomModelAreasDeserializer.java,21
JDK:java.base,N/A,false,ClassOrInterfaceType,java.lang.IllegalArgumentException,IllegalArgumentException,C:\Users\tyin363\Documents\repos\graphhopper__graphhopper\web-api\src\main\java\com\graphhopper\util\TurnCostsConfig.java,76
JDK:java.base,N/A,false,ClassOrInterfaceType,java.lang.Double,Double,C:\Users\tyin363\Documents\repos\graphhopper__graphhopper\web-api\src\main\java\com\graphhopper\util\CustomModel.java,33
CLIENT:client-code,N/A,false,MethodCallExpr,com.graphhopper.util.RoundaboutInstruction,getExitNumber,C:\Users\tyin363\Documents\repos\graphhopper__graphhopper\web-api\src\main\java\com\graphhopper\util\RoundaboutInstruction.java,123
CLIENT:client-code,N/A,false,ClassOrInterfaceType,com.graphhopper.util.PointList,PointList,C:\Users\tyin363\Documents\repos\graphhopper__graphhopper\web-api\src\main\java\com\graphhopper\util\ShallowImmutablePointList.java,27
JDK:java.base,N/A,false,MethodCallExpr,java.lang.StringBuilder,toString,C:\Users\tyin363\Documents\repos\graphhopper__graphhopper\web-api\src\main\java\com\graphhopper\util\Helper.java,380
CLIENT:client-code,N/A,false,ClassOrInterfaceType,com.graphhopper.util.shapes.GHPoint,GHPoint,C:\Users\tyin363\Documents\repos\graphhopper__graphhopper\web-api\src\main\java\com\graphhopper\util\shapes\GHPoint.java,52
CLIENT:client-code,N/A,false,MethodCallExpr,com.graphhopper.util.Instruction,getTurnDescription,C:\Users\tyin363\Documents\repos\graphhopper__graphhopper\web-api\src\main\java\com\graphhopper\jackson\InstructionListSerializer.java,41
JDK:java.base,N/A,false,MethodCallExpr,java.util.stream.Collectors,joining,C:\Users\tyin363\Documents\repos\graphhopper__graphhopper\web-api\src\main\java\com\graphhopper\json\Statement.java,66
CLIENT:client-code,N/A,false,ClassOrInterfaceType,com.graphhopper.GHRequest,GHRequest,C:\Users\tyin363\Documents\repos\graphhopper__graphhopper\web-api\src\main\java\com\graphhopper\GHRequest.java,168
CLIENT:client-code,N/A,false,MethodCallExpr,com.graphhopper.ResponsePath,getWaypoints,C:\Users\tyin363\Documents\repos\graphhopper__graphhopper\web-api\src\main\java\com\graphhopper\jackson\ResponsePathDeserializerHelper.java,166
CLIENT:client-code,N/A,false,FieldAccessExpr,com.graphhopper.util.Instruction,U_TURN_UNKNOWN,C:\Users\tyin363\Documents\repos\graphhopper__graphhopper\web-api\src\main\java\com\graphhopper\util\Instruction.java,192
JDK:java.base,N/A,false,ClassOrInterfaceType,java.lang.Throwable,Throwable,C:\Users\tyin363\Documents\repos\graphhopper__graphhopper\web-api\src\main\java\com\graphhopper\ResponsePath.java,306
JDK:java.base,N/A,false,ClassOrInterfaceType,java.lang.IllegalStateException,IllegalStateException,C:\Users\tyin363\Documents\repos\graphhopper__graphhopper\web-api\src\main\java\com\graphhopper\jackson\ResponsePathDeserializerHelper.java,69
CLIENT:client-code,N/A,false,MethodCallExpr,com.graphhopper.ResponsePath,toString,C:\Users\tyin363\Documents\repos\graphhopper__graphhopper\web-api\src\main\java\com\graphhopper\GHResponse.java,132
com.fasterxml.jackson.core:jackson-databind,2.19.2,false,MethodCallExpr,com.fasterxml.jackson.databind.node.ObjectNode,putPOJO,C:\Users\tyin363\Documents\repos\graphhopper__graphhopper\web-api\src\main\java\com\graphhopper\jackson\ResponsePathSerializer.java,99
JDK:java.base,N/A,false,FieldAccessExpr,java.lang.Integer,MAX_VALUE,C:\Users\tyin363\Documents\repos\graphhopper__graphhopper\web-api\src\main\java\com\graphhopper\util\Helper.java,257
CLIENT:client-code,N/A,false,ClassOrInterfaceType,com.graphhopper.util.JsonFeatureCollection,JsonFeatureCollection,C:\Users\tyin363\Documents\repos\graphhopper__graphhopper\web-api\src\main\java\com\graphhopper\jackson\CustomModelAreasDeserializer.java,19
JDK:java.base,N/A,false,ClassOrInterfaceType,java.lang.IllegalArgumentException,IllegalArgumentException,C:\Users\tyin363\Documents\repos\graphhopper__graphhopper\web-api\src\main\java\com\graphhopper\jackson\StatementDeserializer.java,70
JDK:java.base,N/A,false,ClassOrInterfaceType,java.lang.String,String,C:\Users\tyin363\Documents\repos\graphhopper__graphhopper\web-api\src\main\java\com\graphhopper\util\exceptions\DetailedIllegalArgumentException.java,31
com.fasterxml.jackson.core:jackson-databind,2.19.2,false,MethodCallExpr,com.fasterxml.jackson.databind.JsonNode,asBoolean,C:\Users\tyin363\Documents\repos\graphhopper__graphhopper\web-api\src\main\java\com\graphhopper\jackson\PathDetailDeserializer.java,44
CLIENT:client-code,N/A,false,MethodCallExpr,com.graphhopper.ResponsePath,setRouteWeight,C:\Users\tyin363\Documents\repos\graphhopper__graphhopper\web-api\src\main\java\com\graphhopper\jackson\ResponsePathDeserializerHelper.java,58
JDK:java.base,N/A,false,ClassOrInterfaceType,java.lang.String,String,C:\Users\tyin363\Documents\repos\graphhopper__graphhopper\web-api\src\main\java\com\graphhopper\util\TurnCostsConfig.java,27
CLIENT:client-code,N/A,false,ClassOrInterfaceType,com.graphhopper.util.TurnCostsConfig,TurnCostsConfig,C:\Users\tyin363\Documents\repos\graphhopper__graphhopper\web-api\src\main\java\com\graphhopper\util\TurnCostsConfig.java,181
CLIENT:client-code,N/A,false,FieldAccessExpr,com.graphhopper.util.shapes.GHPoint,lon,C:\Users\tyin363\Documents\repos\graphhopper__graphhopper\web-api\src\main\java\com\graphhopper\util\shapes\GHPoint.java,90
com.fasterxml.jackson.core:jackson-databind,2.19.2,false,MethodCallExpr,com.fasterxml.jackson.databind.node.ObjectNode,put,C:\Users\tyin363\Documents\repos\graphhopper__graphhopper\web-api\src\main\java\com\graphhopper\jackson\ResponsePathSerializer.java,120
CLIENT:client-code,N/A,false,ClassOrInterfaceType,com.graphhopper.util.details.PathDetail,PathDetail,C:\Users\tyin363\Documents\repos\graphhopper__graphhopper\web-api\src\main\java\com\graphhopper\jackson\ResponsePathDeserializerHelper.java,151
JDK:java.base,N/A,false,ClassOrInterfaceType,java.util.List,List,C:\Users\tyin363\Documents\repos\graphhopper__graphhopper\web-api\src\main\java\com\graphhopper\json\Statement.java,146
JDK:java.base,N/A,false,ClassOrInterfaceType,java.lang.Object,Object,C:\Users\tyin363\Documents\repos\graphhopper__graphhopper\web-api\src\main\java\com\graphhopper\util\exceptions\DetailedRuntimeException.java,31
JDK:java.base,N/A,false,ObjectCreationExpr,java.lang.UnsupportedOperationException,UnsupportedOperationException,C:\Users\tyin363\Documents\repos\graphhopper__graphhopper\web-api\src\main\java\com\graphhopper\util\ShallowImmutablePointList.java,155
JDK:java.base,N/A,false,MethodCallExpr,java.lang.String,charAt,C:\Users\tyin363\Documents\repos\graphhopper__graphhopper\web-api\src\main\java\com\graphhopper\jackson\ResponsePathDeserializerHelper.java,224
JDK:java.base,N/A,false,ClassOrInterfaceType,java.lang.String,String,C:\Users\tyin363\Documents\repos\graphhopper__graphhopper\web-api\src\main\java\com\graphhopper\util\PMap.java,43
com.fasterxml.jackson.core:jackson-databind,2.19.2,false,ClassOrInterfaceType,com.fasterxml.jackson.databind.DeserializationContext,DeserializationContext,C:\Users\tyin363\Documents\repos\graphhopper__graphhopper\web-api\src\main\java\com\graphhopper\jackson\CustomModelAreasDeserializer.java,19
com.fasterxml.jackson.core:jackson-databind,2.19.2,false,MethodCallExpr,com.fasterxml.jackson.databind.JsonNode,canConvertToLong,C:\Users\tyin363\Documents\repos\graphhopper__graphhopper\web-api\src\main\java\com\graphhopper\jackson\PathDetailDeserializer.java,47
CLIENT:client-code,N/A,false,FieldAccessExpr,com.graphhopper.Trip.Stop,predictedArrivalTime,C:\Users\tyin363\Documents\repos\graphhopper__graphhopper\web-api\src\main\java\com\graphhopper\Trip.java,57
com.fasterxml.jackson.core:jackson-databind,2.19.2,false,ClassOrInterfaceType,com.fasterxml.jackson.databind.JsonNode,JsonNode,C:\Users\tyin363\Documents\repos\graphhopper__graphhopper\web-api\src\main\java\com\graphhopper\jackson\ResponsePathDeserializerHelper.java,152
CLIENT:client-code,N/A,false,ClassOrInterfaceType,com.graphhopper.util.shapes.GHPoint,GHPoint,C:\Users\tyin363\Documents\repos\graphhopper__graphhopper\web-api\src\main\java\com\graphhopper\util\shapes\GHPoint.java,48
CLIENT:client-code,N/A,false,MethodCallExpr,com.graphhopper.util.PointAccess,getLon,C:\Users\tyin363\Documents\repos\graphhopper__graphhopper\web-api\src\main\java\com\graphhopper\util\PointList.java,222
CLIENT:client-code,N/A,false,MethodCallExpr,com.graphhopper.json.Statement.Op,getName,C:\Users\tyin363\Documents\repos\graphhopper__graphhopper\web-api\src\main\java\com\graphhopper\jackson\StatementDeserializer.java,74
JDK:java.base,N/A,false,ObjectCreationExpr,java.lang.UnsupportedOperationException,UnsupportedOperationException,C:\Users\tyin363\Documents\repos\graphhopper__graphhopper\web-api\src\main\java\com\graphhopper\json\Statement.java,51
JDK:java.base,N/A,false,ClassOrInterfaceType,java.util.LinkedHashMap,LinkedHashMap,C:\Users\tyin363\Documents\repos\graphhopper__graphhopper\web-api\src\main\java\com\graphhopper\util\PMap.java,52
JDK:java.base,N/A,false,ClassOrInterfaceType,java.lang.String,String,C:\Users\tyin363\Documents\repos\graphhopper__graphhopper\web-api\src\main\java\com\graphhopper\util\JsonFeature.java,35
JDK:java.base,N/A,false,ClassOrInterfaceType,java.util.List,List,C:\Users\tyin363\Documents\repos\graphhopper__graphhopper\web-api\src\main\java\com\graphhopper\jackson\ResponsePathDeserializerHelper.java,147
CLIENT:client-code,N/A,false,ClassOrInterfaceType,com.graphhopper.util.exceptions.DetailedIllegalArgumentException,DetailedIllegalArgumentException,C:\Users\tyin363\Documents\repos\graphhopper__graphhopper\web-api\src\main\java\com\graphhopper\jackson\ResponsePathDeserializerHelper.java,266
CLIENT:client-code,N/A,false,ClassOrInterfaceType,com.graphhopper.jackson.GraphHopperModule,GraphHopperModule,C:\Users\tyin363\Documents\repos\graphhopper__graphhopper\web-api\src\main\java\com\graphhopper\jackson\Jackson.java,32
CLIENT:client-code,N/A,false,MethodCallExpr,com.graphhopper.util.PointList,ensureMutability,C:\Users\tyin363\Documents\repos\graphhopper__graphhopper\web-api\src\main\java\com\graphhopper\util\PointList.java,206
JDK:java.base,N/A,false,ClassOrInterfaceType,java.lang.Throwable,Throwable,C:\Users\tyin363\Documents\repos\graphhopper__graphhopper\web-api\src\main\java\com\graphhopper\jackson\MultiException.java,28
CLIENT:client-code,N/A,false,MethodCallExpr,com.graphhopper.util.PointList,getLat,C:\Users\tyin363\Documents\repos\graphhopper__graphhopper\web-api\src\main\java\com\graphhopper\ResponsePath.java,229
CLIENT:client-code,N/A,false,ObjectCreationExpr,com.graphhopper.util.PointList,PointList,C:\Users\tyin363\Documents\repos\graphhopper__graphhopper\web-api\src\main\java\com\graphhopper\jackson\ResponsePathDeserializerHelper.java,90
CLIENT:client-code,N/A,false,MethodCallExpr,com.graphhopper.util.PointAccess,getLon,C:\Users\tyin363\Documents\repos\graphhopper__graphhopper\web-api\src\main\java\com\graphhopper\util\PointList.java,220
CLIENT:client-code,N/A,false,ClassOrInterfaceType,com.graphhopper.util.details.PathDetail,PathDetail,C:\Users\tyin363\Documents\repos\graphhopper__graphhopper\web-api\src\main\java\com\graphhopper\ResponsePath.java,50
CLIENT:client-code,N/A,false,ClassOrInterfaceType,com.graphhopper.util.PointList,PointList,C:\Users\tyin363\Documents\repos\graphhopper__graphhopper\web-api\src\main\java\com\graphhopper\util\Helper.java,222
JDK:java.base,N/A,false,ClassOrInterfaceType,java.lang.String,String,C:\Users\tyin363\Documents\repos\graphhopper__graphhopper\web-api\src\main\java\com\graphhopper\util\Parameters.java,147
JDK:java.base,N/A,false,MethodCallExpr,java.util.stream.Collectors,toSet,C:\Users\tyin363\Documents\repos\graphhopper__graphhopper\web-api\src\main\java\com\graphhopper\util\CustomModel.java,66
JDK:java.base,N/A,false,ClassOrInterfaceType,java.lang.String,String,C:\Users\tyin363\Documents\repos\graphhopper__graphhopper\web-api\src\main\java\com\graphhopper\util\JsonFeatureCollection.java,39
com.fasterxml.jackson.core:jackson-core,2.19.2,false,ClassOrInterfaceType,com.fasterxml.jackson.core.JsonParser,JsonParser,C:\Users\tyin363\Documents\repos\graphhopper__graphhopper\web-api\src\main\java\com\graphhopper\jackson\StatementDeserializer.java,39
CLIENT:client-code,N/A,false,FieldAccessExpr,com.graphhopper.util.Instruction,USE_ROUNDABOUT,C:\Users\tyin363\Documents\repos\graphhopper__graphhopper\web-api\src\main\java\com\graphhopper\util\RoundaboutInstruction.java,118
CLIENT:client-code,N/A,false,ObjectCreationExpr,com.graphhopper.json.Statement,Statement,C:\Users\tyin363\Documents\repos\graphhopper__graphhopper\web-api\src\main\java\com\graphhopper\json\Statement.java,135
JDK:java.base,N/A,false,ClassOrInterfaceType,java.lang.String,String,C:\Users\tyin363\Documents\repos\graphhopper__graphhopper\web-api\src\main\java\com\graphhopper\util\JsonFeature.java,36
CLIENT:client-code,N/A,false,ObjectCreationExpr,com.graphhopper.util.Instruction,Instruction,C:\Users\tyin363\Documents\repos\graphhopper__graphhopper\web-api\src\main\java\com\graphhopper\jackson\ResponsePathDeserializerHelper.java,124
CLIENT:client-code,N/A,false,MethodCallExpr,com.graphhopper.util.PointList,getLat,C:\Users\tyin363\Documents\repos\graphhopper__graphhopper\web-api\src\main\java\com\graphhopper\util\ShallowImmutablePointList.java,67
CLIENT:client-code,N/A,false,ClassOrInterfaceType,com.graphhopper.ResponsePath,ResponsePath,C:\Users\tyin363\Documents\repos\graphhopper__graphhopper\web-api\src\main\java\com\graphhopper\GHResponse.java,112
JDK:java.base,N/A,false,ClassOrInterfaceType,java.lang.IllegalStateException,IllegalStateException,C:\Users\tyin363\Documents\repos\graphhopper__graphhopper\web-api\src\main\java\com\graphhopper\util\ViaInstruction.java,44
com.fasterxml.jackson.core:jackson-databind,2.19.2,false,MethodCallExpr,com.fasterxml.jackson.databind.node.ObjectNode,putPOJO,C:\Users\tyin363\Documents\repos\graphhopper__graphhopper\web-api\src\main\java\com\graphhopper\jackson\ResponsePathSerializer.java,101
com.fasterxml.jackson.core:jackson-databind,2.19.2,false,MethodCallExpr,com.fasterxml.jackson.databind.JsonNode,isTextual,C:\Users\tyin363\Documents\repos\graphhopper__graphhopper\web-api\src\main\java\com\graphhopper\jackson\PathDetailDeserializer.java,49
JDK:java.base,N/A,false,ClassOrInterfaceType,java.lang.ArrayIndexOutOfBoundsException,ArrayIndexOutOfBoundsException,C:\Users\tyin363\Documents\repos\graphhopper__graphhopper\web-api\src\main\java\com\graphhopper\util\ShallowImmutablePointList.java,66
CLIENT:client-code,N/A,false,ClassOrInterfaceType,com.graphhopper.ResponsePath,ResponsePath,C:\Users\tyin363\Documents\repos\graphhopper__graphhopper\web-api\src\main\java\com\graphhopper\ResponsePath.java,69
JDK:java.base,N/A,false,ObjectCreationExpr,java.util.ArrayList,ArrayList,C:\Users\tyin363\Documents\repos\graphhopper__graphhopper\web-api\src\main\java\com\graphhopper\jackson\Gpx.java,36
CLIENT:client-code,N/A,false,ClassOrInterfaceType,com.graphhopper.util.TurnCostsConfig,TurnCostsConfig,C:\Users\tyin363\Documents\repos\graphhopper__graphhopper\web-api\src\main\java\com\graphhopper\util\TurnCostsConfig.java,47
com.fasterxml.jackson.core:jackson-databind,2.19.2,false,MethodCallExpr,com.fasterxml.jackson.databind.JsonNode,has,C:\Users\tyin363\Documents\repos\graphhopper__graphhopper\web-api\src\main\java\com\graphhopper\jackson\ResponsePathDeserializerHelper.java,145
JDK:java.base,N/A,false,ClassOrInterfaceType,java.util.Date,Date,C:\Users\tyin363\Documents\repos\graphhopper__graphhopper\web-api\src\main\java\com\graphhopper\Trip.java,50
JDK:java.base,N/A,false,ClassOrInterfaceType,java.lang.String,String,C:\Users\tyin363\Documents\repos\graphhopper__graphhopper\web-api\src\main\java\com\graphhopper\util\JsonFeatureCollection.java,30
com.fasterxml.jackson.core:jackson-databind,2.19.2,false,MethodCallExpr,com.fasterxml.jackson.databind.JsonNode,get,C:\Users\tyin363\Documents\repos\graphhopper__graphhopper\web-api\src\main\java\com\graphhopper\jackson\ResponsePathDeserializerHelper.java,85
JDK:java.base,N/A,false,FieldAccessExpr,java.lang.Double,NaN,C:\Users\tyin363\Documents\repos\graphhopper__graphhopper\web-api\src\main\java\com\graphhopper\util\PointList.java,202
JDK:java.base,N/A,false,ObjectCreationExpr,java.util.LinkedHashMap,LinkedHashMap,C:\Users\tyin363\Documents\repos\graphhopper__graphhopper\web-api\src\main\java\com\graphhopper\util\CustomModel.java,99
CLIENT:client-code,N/A,false,MethodCallExpr,com.graphhopper.util.Instruction,setExtraInfo,C:\Users\tyin363\Documents\repos\graphhopper__graphhopper\web-api\src\main\java\com\graphhopper\jackson\ResponsePathDeserializerHelper.java,127
CLIENT:client-code,N/A,false,MethodCallExpr,com.graphhopper.util.PointList,size,C:\Users\tyin363\Documents\repos\graphhopper__graphhopper\web-api\src\main\java\com\graphhopper\util\Instruction.java,165
CLIENT:client-code,N/A,false,MethodCallExpr,com.graphhopper.ResponsePath,getDescription,C:\Users\tyin363\Documents\repos\graphhopper__graphhopper\web-api\src\main\java\com\graphhopper\jackson\ResponsePathSerializer.java,101
com.fasterxml.jackson.core:jackson-databind,2.19.2,false,ClassOrInterfaceType,com.fasterxml.jackson.databind.JsonNode,JsonNode,C:\Users\tyin363\Documents\repos\graphhopper__graphhopper\web-api\src\main\java\com\graphhopper\jackson\ResponsePathDeserializerHelper.java,146
JDK:java.base,N/A,false,ClassOrInterfaceType,java.lang.IllegalStateException,IllegalStateException,C:\Users\tyin363\Documents\repos\graphhopper__graphhopper\web-api\src\main\java\com\graphhopper\util\PointList.java,201
JDK:java.base,N/A,false,MethodCallExpr,java.util.List,isEmpty,C:\Users\tyin363\Documents\repos\graphhopper__graphhopper\web-api\src\main\java\com\graphhopper\util\TurnCostsConfig.java,72
com.fasterxml.jackson.core:jackson-core,2.19.2,false,MethodCallExpr,com.fasterxml.jackson.core.JsonGenerator,writeEndArray,C:\Users\tyin363\Documents\repos\graphhopper__graphhopper\web-api\src\main\java\com\graphhopper\jackson\GHPointSerializer.java,35
CLIENT:client-code,N/A,false,ObjectCreationExpr,com.graphhopper.util.exceptions.DetailedRuntimeException,DetailedRuntimeException,C:\Users\tyin363\Documents\repos\graphhopper__graphhopper\web-api\src\main\java\com\graphhopper\jackson\ResponsePathDeserializerHelper.java,279
CLIENT:client-code,N/A,false,FieldAccessExpr,com.graphhopper.util.Instruction,TURN_RIGHT,C:\Users\tyin363\Documents\repos\graphhopper__graphhopper\web-api\src\main\java\com\graphhopper\util\Instruction.java,216
com.fasterxml.jackson.core:jackson-databind,2.19.2,false,MethodCallExpr,com.fasterxml.jackson.databind.JsonNode,get,C:\Users\tyin363\Documents\repos\graphhopper__graphhopper\web-api\src\main\java\com\graphhopper\jackson\ResponsePathDeserializerHelper.java,84
com.fasterxml.jackson.core:jackson-databind,2.19.2,false,ClassOrInterfaceType,com.fasterxml.jackson.databind.JsonSerializer,JsonSerializer,C:\Users\tyin363\Documents\repos\graphhopper__graphhopper\web-api\src\main\java\com\graphhopper\jackson\JtsEnvelopeSerializer.java,29
JDK:java.base,N/A,false,ClassOrInterfaceType,java.util.List,List,C:\Users\tyin363\Documents\repos\graphhopper__graphhopper\web-api\src\main\java\com\graphhopper\ResponsePath.java,84
JDK:java.base,N/A,false,ObjectCreationExpr,java.util.HashMap,HashMap,C:\Users\tyin363\Documents\repos\graphhopper__graphhopper\web-api\src\main\java\com\graphhopper\util\Instruction.java,55
CLIENT:client-code,N/A,false,MethodCallExpr,com.graphhopper.util.PointList,size,C:\Users\tyin363\Documents\repos\graphhopper__graphhopper\web-api\src\main\java\com\graphhopper\jackson\ResponsePathDeserializerHelper.java,165
JDK:java.base,N/A,false,ClassOrInterfaceType,java.lang.Throwable,Throwable,C:\Users\tyin363\Documents\repos\graphhopper__graphhopper\web-api\src\main\java\com\graphhopper\jackson\MultiException.java,26
CLIENT:client-code,N/A,false,FieldAccessExpr,com.graphhopper.Trip.PtLeg,feed_id,C:\Users\tyin363\Documents\repos\graphhopper__graphhopper\web-api\src\main\java\com\graphhopper\Trip.java,118
JDK:java.base,N/A,false,ClassOrInterfaceType,java.lang.Throwable,Throwable,C:\Users\tyin363\Documents\repos\graphhopper__graphhopper\web-api\src\main\java\com\graphhopper\ResponsePath.java,301
CLIENT:client-code,N/A,false,FieldAccessExpr,com.graphhopper.util.details.PathDetail,last,C:\Users\tyin363\Documents\repos\graphhopper__graphhopper\web-api\src\main\java\com\graphhopper\util\details\PathDetail.java,50
JDK:java.base,N/A,false,ClassOrInterfaceType,java.lang.String,String,C:\Users\tyin363\Documents\repos\graphhopper__graphhopper\web-api\src\main\java\com\graphhopper\util\shapes\GHPoint.java,56
CLIENT:client-code,N/A,false,MethodCallExpr,com.graphhopper.ResponsePath,check,C:\Users\tyin363\Documents\repos\graphhopper__graphhopper\web-api\src\main\java\com\graphhopper\ResponsePath.java,198
JDK:java.base,N/A,false,ClassOrInterfaceType,java.lang.ArrayIndexOutOfBoundsException,ArrayIndexOutOfBoundsException,C:\Users\tyin363\Documents\repos\graphhopper__graphhopper\web-api\src\main\java\com\graphhopper\util\ShallowImmutablePointList.java,80
JDK:java.base,N/A,false,ClassOrInterfaceType,java.lang.String,String,C:\Users\tyin363\Documents\repos\graphhopper__graphhopper\web-api\src\main\java\com\graphhopper\GHRequest.java,135
JDK:java.base,N/A,false,MethodCallExpr,java.util.List,addAll,C:\Users\tyin363\Documents\repos\graphhopper__graphhopper\web-api\src\main\java\com\graphhopper\ResponsePath.java,307
JDK:java.base,N/A,false,ClassOrInterfaceType,java.lang.IllegalArgumentException,IllegalArgumentException,C:\Users\tyin363\Documents\repos\graphhopper__graphhopper\web-api\src\main\java\com\graphhopper\jackson\StatementDeserializer.java,83
JDK:java.base,N/A,false,MethodCallExpr,java.lang.System,arraycopy,C:\Users\tyin363\Documents\repos\graphhopper__graphhopper\web-api\src\main\java\com\graphhopper\util\PointList.java,467
JDK:java.base,N/A,false,ClassOrInterfaceType,java.lang.IllegalArgumentException,IllegalArgumentException,C:\Users\tyin363\Documents\repos\graphhopper__graphhopper\web-api\src\main\java\com\graphhopper\util\ShallowImmutablePointList.java,39
JDK:java.base,N/A,false,ObjectCreationExpr,java.util.ArrayList,ArrayList,C:\Users\tyin363\Documents\repos\graphhopper__graphhopper\web-api\src\main\java\com\graphhopper\util\JsonFeatureCollection.java,28
JDK:java.base,N/A,false,ClassOrInterfaceType,java.lang.String,String,C:\Users\tyin363\Documents\repos\graphhopper__graphhopper\web-api\src\main\java\com\graphhopper\util\shapes\GHPoint.java,57
JDK:java.base,N/A,false,MethodCallExpr,java.util.List,add,C:\Users\tyin363\Documents\repos\graphhopper__graphhopper\web-api\src\main\java\com\graphhopper\jackson\InstructionListSerializer.java,39
JDK:java.base,N/A,false,ClassOrInterfaceType,java.util.List,List,C:\Users\tyin363\Documents\repos\graphhopper__graphhopper\web-api\src\main\java\com\graphhopper\GHRequest.java,42
com.fasterxml.jackson.core:jackson-core,2.19.2,false,MethodCallExpr,com.fasterxml.jackson.core.JsonGenerator,writeNumber,C:\Users\tyin363\Documents\repos\graphhopper__graphhopper\web-api\src\main\java\com\graphhopper\jackson\GHPointSerializer.java,33
JDK:java.base,N/A,false,ClassOrInterfaceType,java.lang.String,String,C:\Users\tyin363\Documents\repos\graphhopper__graphhopper\web-api\src\main\java\com\graphhopper\jackson\Gpx.java,37
JDK:java.base,N/A,false,ClassOrInterfaceType,java.lang.String,String,C:\Users\tyin363\Documents\repos\graphhopper__graphhopper\web-api\src\main\java\com\graphhopper\util\Parameters.java,162
JDK:java.base,N/A,false,MethodCallExpr,java.lang.Double,isNaN,C:\Users\tyin363\Documents\repos\graphhopper__graphhopper\web-api\src\main\java\com\graphhopper\util\shapes\GHPoint.java,83
com.fasterxml.jackson.core:jackson-databind,2.19.2,false,ClassOrInterfaceType,com.fasterxml.jackson.databind.JsonNode,JsonNode,C:\Users\tyin363\Documents\repos\graphhopper__graphhopper\web-api\src\main\java\com\graphhopper\jackson\PathDetailDeserializer.java,40
JDK:java.base,N/A,false,MethodCallExpr,java.util.List,add,C:\Users\tyin363\Documents\repos\graphhopper__graphhopper\web-api\src\main\java\com\graphhopper\jackson\ResponsePathDeserializerHelper.java,65
com.fasterxml.jackson.core:jackson-databind,2.19.2,false,MethodCallExpr,com.fasterxml.jackson.databind.JsonNode,get,C:\Users\tyin363\Documents\repos\graphhopper__graphhopper\web-api\src\main\java\com\graphhopper\jackson\ResponsePathDeserializerHelper.java,83
CLIENT:client-code,N/A,false,ClassOrInterfaceType,com.graphhopper.util.shapes.GHPoint,GHPoint,C:\Users\tyin363\Documents\repos\graphhopper__graphhopper\web-api\src\main\java\com\graphhopper\GHRequest.java,39
CLIENT:client-code,N/A,false,MethodCallExpr,com.graphhopper.util.PointList,size,C:\Users\tyin363\Documents\repos\graphhopper__graphhopper\web-api\src\main\java\com\graphhopper\jackson\ResponsePathDeserializerHelper.java,166
CLIENT:client-code,N/A,false,ClassOrInterfaceType,com.graphhopper.json.Statement,Statement,C:\Users\tyin363\Documents\repos\graphhopper__graphhopper\web-api\src\main\java\com\graphhopper\jackson\StatementSerializer.java,27
com.fasterxml.jackson.core:jackson-databind,2.19.2,false,MethodCallExpr,com.fasterxml.jackson.databind.JsonNode,size,C:\Users\tyin363\Documents\repos\graphhopper__graphhopper\web-api\src\main\java\com\graphhopper\jackson\StatementDeserializer.java,46
CLIENT:client-code,N/A,false,MethodCallExpr,com.graphhopper.ResponsePath,getRouteWeight,C:\Users\tyin363\Documents\repos\graphhopper__graphhopper\web-api\src\main\java\com\graphhopper\jackson\ResponsePathSerializer.java,96
JDK:java.base,N/A,false,MethodCallExpr,java.util.Map,put,C:\Users\tyin363\Documents\repos\graphhopper__graphhopper\web-api\src\main\java\com\graphhopper\ResponsePath.java,274
JDK:java.base,N/A,false,MethodCallExpr,java.lang.String,length,C:\Users\tyin363\Documents\repos\graphhopper__graphhopper\web-api\src\main\java\com\graphhopper\util\Helper.java,392
com.fasterxml.jackson.core:jackson-databind,2.19.2,false,ClassOrInterfaceType,com.fasterxml.jackson.databind.JsonNode,JsonNode,C:\Users\tyin363\Documents\repos\graphhopper__graphhopper\web-api\src\main\java\com\graphhopper\jackson\ResponsePathDeserializerHelper.java,148
JDK:java.base,N/A,false,MethodCallExpr,java.lang.String,indexOf,C:\Users\tyin363\Documents\repos\graphhopper__graphhopper\web-api\src\main\java\com\graphhopper\util\PMap.java,70
CLIENT:client-code,N/A,false,ClassOrInterfaceType,com.graphhopper.util.shapes.GHPoint,GHPoint,C:\Users\tyin363\Documents\repos\graphhopper__graphhopper\web-api\src\main\java\com\graphhopper\util\shapes\GHPoint.java,44
JDK:java.base,N/A,false,ClassOrInterfaceType,java.lang.RuntimeException,RuntimeException,C:\Users\tyin363\Documents\repos\graphhopper__graphhopper\web-api\src\main\java\com\graphhopper\jackson\ResponsePathDeserializerHelper.java,246
CLIENT:client-code,N/A,false,MethodCallExpr,com.graphhopper.GHResponse,getHints,C:\Users\tyin363\Documents\repos\graphhopper__graphhopper\web-api\src\main\java\com\graphhopper\jackson\ResponsePathSerializer.java,90
JDK:java.base,N/A,false,MethodCallExpr,java.lang.String,length,C:\Users\tyin363\Documents\repos\graphhopper__graphhopper\web-api\src\main\java\com\graphhopper\jackson\ResponsePathDeserializerHelper.java,181
JDK:java.base,N/A,false,MethodCallExpr,java.lang.String,isEmpty,C:\Users\tyin363\Documents\repos\graphhopper__graphhopper\web-api\src\main\java\com\graphhopper\ResponsePath.java,73
JDK:java.base,N/A,false,ClassOrInterfaceType,java.lang.ArrayIndexOutOfBoundsException,ArrayIndexOutOfBoundsException,C:\Users\tyin363\Documents\repos\graphhopper__graphhopper\web-api\src\main\java\com\graphhopper\util\PointList.java,279
CLIENT:client-code,N/A,false,ClassOrInterfaceType,com.graphhopper.util.PMap,PMap,C:\Users\tyin363\Documents\repos\graphhopper__graphhopper\web-api\src\main\java\com\graphhopper\GHRequest.java,41
JDK:java.base,N/A,false,ClassOrInterfaceType,java.lang.IllegalArgumentException,IllegalArgumentException,C:\Users\tyin363\Documents\repos\graphhopper__graphhopper\web-api\src\main\java\com\graphhopper\util\CustomModel.java,71
com.fasterxml.jackson.core:jackson-databind,2.19.2,false,ClassOrInterfaceType,com.fasterxml.jackson.databind.JsonNode,JsonNode,C:\Users\tyin363\Documents\repos\graphhopper__graphhopper\web-api\src\main\java\com\graphhopper\jackson\PathDetailDeserializer.java,39
JDK:java.base,N/A,false,MethodCallExpr,java.util.AbstractList,add,C:\Users\tyin363\Documents\repos\graphhopper__graphhopper\web-api\src\main\java\com\graphhopper\jackson\ResponsePathDeserializerHelper.java,140
JDK:java.base,N/A,false,ClassOrInterfaceType,java.util.List,List,C:\Users\tyin363\Documents\repos\graphhopper__graphhopper\web-api\src\main\java\com\graphhopper\GHRequest.java,39
CLIENT:client-code,N/A,false,ClassOrInterfaceType,com.graphhopper.util.PMap,PMap,C:\Users\tyin363\Documents\repos\graphhopper__graphhopper\web-api\src\main\java\com\graphhopper\GHRequest.java,173
com.fasterxml.jackson.core:jackson-databind,2.19.2,false,ClassOrInterfaceType,com.fasterxml.jackson.databind.ObjectMapper,ObjectMapper,C:\Users\tyin363\Documents\repos\graphhopper__graphhopper\web-api\src\main\java\com\graphhopper\jackson\ResponsePathDeserializerHelper.java,178
JDK:java.base,N/A,false,ClassOrInterfaceType,java.util.LinkedHashMap,LinkedHashMap,C:\Users\tyin363\Documents\repos\graphhopper__graphhopper\web-api\src\main\java\com\graphhopper\util\PMap.java,48
JDK:java.base,N/A,false,ClassOrInterfaceType,java.util.Date,Date,C:\Users\tyin363\Documents\repos\graphhopper__graphhopper\web-api\src\main\java\com\graphhopper\Trip.java,47
com.fasterxml.jackson.core:jackson-databind,2.19.2,false,ClassOrInterfaceType,com.fasterxml.jackson.databind.JsonNode,JsonNode,C:\Users\tyin363\Documents\repos\graphhopper__graphhopper\web-api\src\main\java\com\graphhopper\jackson\PathDetailDeserializer.java,38
CLIENT:client-code,N/A,false,MethodCallExpr,com.graphhopper.jackson.ResponsePathDeserializerHelper,toMap,C:\Users\tyin363\Documents\repos\graphhopper__graphhopper\web-api\src\main\java\com\graphhopper\jackson\ResponsePathDeserializerHelper.java,268
JDK:java.base,N/A,false,MethodCallExpr,java.util.Collection,stream,C:\Users\tyin363\Documents\repos\graphhopper__graphhopper\web-api\src\main\java\com\graphhopper\util\Helper.java,68
org.locationtech.jts:jts-core,1.20.0,true,ClassOrInterfaceType,org.locationtech.jts.geom.Envelope,Envelope,C:\Users\tyin363\Documents\repos\graphhopper__graphhopper\web-api\src\main\java\com\graphhopper\util\JsonFeature.java,80
JDK:java.base,N/A,false,ClassOrInterfaceType,java.lang.Throwable,Throwable,C:\Users\tyin363\Documents\repos\graphhopper__graphhopper\web-api\src\main\java\com\graphhopper\ResponsePath.java,35
CLIENT:client-code,N/A,false,ClassOrInterfaceType,com.graphhopper.util.PointList,PointList,C:\Users\tyin363\Documents\repos\graphhopper__graphhopper\web-api\src\main\java\com\graphhopper\util\Helper.java,210
JDK:java.base,N/A,false,ClassOrInterfaceType,java.text.DateFormat,DateFormat,C:\Users\tyin363\Documents\repos\graphhopper__graphhopper\web-api\src\main\java\com\graphhopper\util\Helper.java,327
CLIENT:client-code,N/A,false,FieldAccessExpr,com.graphhopper.util.ViaInstruction,viaPosition,C:\Users\tyin363\Documents\repos\graphhopper__graphhopper\web-api\src\main\java\com\graphhopper\util\ViaInstruction.java,50
com.fasterxml.jackson.core:jackson-databind,2.19.2,false,MethodCallExpr,com.fasterxml.jackson.databind.JsonNode,size,C:\Users\tyin363\Documents\repos\graphhopper__graphhopper\web-api\src\main\java\com\graphhopper\jackson\StatementDeserializer.java,45
JDK:java.base,N/A,false,MethodCallExpr,java.io.ByteArrayOutputStream,toString,C:\Users\tyin363\Documents\repos\graphhopper__graphhopper\web-api\src\main\java\com\graphhopper\util\Helper.java,108
CLIENT:client-code,N/A,false,ObjectCreationExpr,com.graphhopper.json.Statement,Statement,C:\Users\tyin363\Documents\repos\graphhopper__graphhopper\web-api\src\main\java\com\graphhopper\json\Statement.java,147
JDK:java.base,N/A,false,ClassOrInterfaceType,java.lang.String,String,C:\Users\tyin363\Documents\repos\graphhopper__graphhopper\web-api\src\main\java\com\graphhopper\util\exceptions\DetailedRuntimeException.java,37
CLIENT:client-code,N/A,false,FieldAccessExpr,com.graphhopper.util.Instruction,U_TURN_RIGHT,C:\Users\tyin363\Documents\repos\graphhopper__graphhopper\web-api\src\main\java\com\graphhopper\util\Instruction.java,198
CLIENT:client-code,N/A,false,MethodCallExpr,com.graphhopper.ResponsePath,getDescription,C:\Users\tyin363\Documents\repos\graphhopper__graphhopper\web-api\src\main\java\com\graphhopper\jackson\ResponsePathSerializer.java,100
JDK:java.base,N/A,false,ClassOrInterfaceType,java.lang.NumberFormatException,NumberFormatException,C:\Users\tyin363\Documents\repos\graphhopper__graphhopper\web-api\src\main\java\com\graphhopper\util\Helper.java,358
CLIENT:client-code,N/A,false,FieldAccessExpr,com.graphhopper.ResponsePath,time,C:\Users\tyin363\Documents\repos\graphhopper__graphhopper\web-api\src\main\java\com\graphhopper\ResponsePath.java,203
CLIENT:client-code,N/A,false,ClassOrInterfaceType,com.graphhopper.util.InstructionList,InstructionList,C:\Users\tyin363\Documents\repos\graphhopper__graphhopper\web-api\src\main\java\com\graphhopper\Trip.java,76
JDK:java.base,N/A,false,ClassOrInterfaceType,java.lang.String,String,C:\Users\tyin363\Documents\repos\graphhopper__graphhopper\web-api\src\main\java\com\graphhopper\util\JsonFeatureCollection.java,27
JDK:java.base,N/A,false,ClassOrInterfaceType,java.lang.UnsupportedOperationException,UnsupportedOperationException,C:\Users\tyin363\Documents\repos\graphhopper__graphhopper\web-api\src\main\java\com\graphhopper\util\ShallowImmutablePointList.java,120
JDK:java.base,N/A,false,ClassOrInterfaceType,java.util.Date,Date,C:\Users\tyin363\Documents\repos\graphhopper__graphhopper\web-api\src\main\java\com\graphhopper\Trip.java,46
JDK:java.base,N/A,false,ClassOrInterfaceType,java.lang.IllegalArgumentException,IllegalArgumentException,C:\Users\tyin363\Documents\repos\graphhopper__graphhopper\web-api\src\main\java\com\graphhopper\jackson\CustomModelAreasDeserializer.java,44
JDK:java.base,N/A,false,MethodCallExpr,java.lang.String,isEmpty,C:\Users\tyin363\Documents\repos\graphhopper__graphhopper\web-api\src\main\java\com\graphhopper\jackson\StatementDeserializer.java,62
JDK:java.base,N/A,false,ClassOrInterfaceType,java.util.Locale,Locale,C:\Users\tyin363\Documents\repos\graphhopper__graphhopper\web-api\src\main\java\com\graphhopper\GHRequest.java,48
CLIENT:client-code,N/A,false,FieldAccessExpr,com.graphhopper.util.Parameters.Details,STREET_NAME,C:\Users\tyin363\Documents\repos\graphhopper__graphhopper\web-api\src\main\java\com\graphhopper\jackson\ResponsePathDeserializerHelper.java,84
CLIENT:client-code,N/A,false,FieldAccessExpr,com.graphhopper.util.CustomModel,distanceInfluence,C:\Users\tyin363\Documents\repos\graphhopper__graphhopper\web-api\src\main\java\com\graphhopper\util\CustomModel.java,140
JDK:java.base,N/A,false,ClassOrInterfaceType,java.lang.String,String,C:\Users\tyin363\Documents\repos\graphhopper__graphhopper\web-api\src\main\java\com\graphhopper\ResponsePath.java,42
CLIENT:client-code,N/A,false,FieldAccessExpr,com.graphhopper.GHResponse,debugInfo,C:\Users\tyin363\Documents\repos\graphhopper__graphhopper\web-api\src\main\java\com\graphhopper\GHResponse.java,73
JDK:java.base,N/A,false,ClassOrInterfaceType,java.lang.String,String,C:\Users\tyin363\Documents\repos\graphhopper__graphhopper\web-api\src\main\java\com\graphhopper\util\Helper.java,177
JDK:java.base,N/A,false,ClassOrInterfaceType,java.lang.IllegalArgumentException,IllegalArgumentException,C:\Users\tyin363\Documents\repos\graphhopper__graphhopper\web-api\src\main\java\com\graphhopper\util\Helper.java,224
JDK:java.base,N/A,false,ClassOrInterfaceType,java.lang.String,String,C:\Users\tyin363\Documents\repos\graphhopper__graphhopper\web-api\src\main\java\com\graphhopper\util\Parameters.java,25
com.fasterxml.jackson.core:jackson-databind,2.19.2,false,MethodCallExpr,com.fasterxml.jackson.databind.JsonNode,asDouble,C:\Users\tyin363\Documents\repos\graphhopper__graphhopper\web-api\src\main\java\com\graphhopper\jackson\ResponsePathDeserializerHelper.java,55
JDK:java.base,N/A,false,ClassOrInterfaceType,java.lang.String,String,C:\Users\tyin363\Documents\repos\graphhopper__graphhopper\web-api\src\main\java\com\graphhopper\jackson\ResponsePathDeserializerHelper.java,292
com.fasterxml.jackson.core:jackson-databind,2.19.2,false,MethodCallExpr,com.fasterxml.jackson.databind.node.ObjectNode,putPOJO,C:\Users\tyin363\Documents\repos\graphhopper__graphhopper\web-api\src\main\java\com\graphhopper\jackson\ResponsePathSerializer.java,90
JDK:java.base,N/A,false,ClassOrInterfaceType,java.lang.String,String,C:\Users\tyin363\Documents\repos\graphhopper__graphhopper\web-api\src\main\java\com\graphhopper\util\PMap.java,54
CLIENT:client-code,N/A,false,FieldAccessExpr,com.graphhopper.Trip.Stop,departureTime,C:\Users\tyin363\Documents\repos\graphhopper__graphhopper\web-api\src\main\java\com\graphhopper\Trip.java,129
CLIENT:client-code,N/A,false,MethodCallExpr,com.graphhopper.ResponsePath,setTime,C:\Users\tyin363\Documents\repos\graphhopper__graphhopper\web-api\src\main\java\com\graphhopper\jackson\ResponsePathDeserializerHelper.java,174
CLIENT:client-code,N/A,false,ClassOrInterfaceType,com.graphhopper.json.Statement,Statement,C:\Users\tyin363\Documents\repos\graphhopper__graphhopper\web-api\src\main\java\com\graphhopper\jackson\GraphHopperModule.java,30
JDK:java.base,N/A,false,ClassOrInterfaceType,java.lang.IllegalArgumentException,IllegalArgumentException,C:\Users\tyin363\Documents\repos\graphhopper__graphhopper\web-api\src\main\java\com\graphhopper\util\PointList.java,325
JDK:java.base,N/A,false,ClassOrInterfaceType,java.util.List,List,C:\Users\tyin363\Documents\repos\graphhopper__graphhopper\web-api\src\main\java\com\graphhopper\GHRequest.java,45
JDK:java.base,N/A,false,ClassOrInterfaceType,java.lang.IllegalArgumentException,IllegalArgumentException,C:\Users\tyin363\Documents\repos\graphhopper__graphhopper\web-api\src\main\java\com\graphhopper\util\CustomModel.java,69
JDK:java.base,N/A,false,ClassOrInterfaceType,java.lang.String,String,C:\Users\tyin363\Documents\repos\graphhopper__graphhopper\web-api\src\main\java\com\graphhopper\util\exceptions\DetailedIllegalArgumentException.java,37
JDK:java.base,N/A,false,ObjectCreationExpr,java.lang.IllegalStateException,IllegalStateException,C:\Users\tyin363\Documents\repos\graphhopper__graphhopper\web-api\src\main\java\com\graphhopper\util\PointList.java,290
JDK:java.base,N/A,false,ClassOrInterfaceType,java.util.List,List,C:\Users\tyin363\Documents\repos\graphhopper__graphhopper\web-api\src\main\java\com\graphhopper\GHResponse.java,118
com.fasterxml.jackson.core:jackson-databind,2.19.2,false,ClassOrInterfaceType,com.fasterxml.jackson.databind.JsonDeserializer,JsonDeserializer,C:\Users\tyin363\Documents\repos\graphhopper__graphhopper\web-api\src\main\java\com\graphhopper\jackson\JtsEnvelopeDeserializer.java,27
JDK:java.base,N/A,false,ClassOrInterfaceType,java.util.Date,Date,C:\Users\tyin363\Documents\repos\graphhopper__graphhopper\web-api\src\main\java\com\graphhopper\Trip.java,45
CLIENT:client-code,N/A,false,MethodCallExpr,com.graphhopper.jackson.ResponsePathDeserializerHelper,toMap,C:\Users\tyin363\Documents\repos\graphhopper__graphhopper\web-api\src\main\java\com\graphhopper\jackson\ResponsePathDeserializerHelper.java,266
JDK:java.base,N/A,false,ClassOrInterfaceType,java.util.Map,Map,C:\Users\tyin363\Documents\repos\graphhopper__graphhopper\web-api\src\main\java\com\graphhopper\util\RoundaboutInstruction.java,99
CLIENT:client-code,N/A,false,MethodCallExpr,com.graphhopper.util.CustomModel,getPriority,C:\Users\tyin363\Documents\repos\graphhopper__graphhopper\web-api\src\main\java\com\graphhopper\util\CustomModel.java,125
CLIENT:client-code,N/A,false,ClassOrInterfaceType,com.graphhopper.util.PointList,PointList,C:\Users\tyin363\Documents\repos\graphhopper__graphhopper\web-api\src\main\java\com\graphhopper\util\ShallowImmutablePointList.java,35
JDK:java.base,N/A,false,ObjectCreationExpr,java.lang.UnsupportedOperationException,UnsupportedOperationException,C:\Users\tyin363\Documents\repos\graphhopper__graphhopper\web-api\src\main\java\com\graphhopper\util\ShallowImmutablePointList.java,150
CLIENT:client-code,N/A,false,FieldAccessExpr,com.graphhopper.GHRequest,hints,C:\Users\tyin363\Documents\repos\graphhopper__graphhopper\web-api\src\main\java\com\graphhopper\GHRequest.java,186
JDK:java.base,N/A,false,ClassOrInterfaceType,java.lang.Throwable,Throwable,C:\Users\tyin363\Documents\repos\graphhopper__graphhopper\web-api\src\main\java\com\graphhopper\ResponsePath.java,297
CLIENT:client-code,N/A,false,ClassOrInterfaceType,com.graphhopper.util.PMap,PMap,C:\Users\tyin363\Documents\repos\graphhopper__graphhopper\web-api\src\main\java\com\graphhopper\util\PMap.java,93
JDK:java.base,N/A,false,ClassOrInterfaceType,java.util.ArrayList,ArrayList,C:\Users\tyin363\Documents\repos\graphhopper__graphhopper\web-api\src\main\java\com\graphhopper\GHResponse.java,35
CLIENT:client-code,N/A,false,MethodCallExpr,com.graphhopper.util.PointList,getLon,C:\Users\tyin363\Documents\repos\graphhopper__graphhopper\web-api\src\main\java\com\graphhopper\util\PointList.java,340
JDK:java.base,N/A,false,MethodCallExpr,java.lang.String,charAt,C:\Users\tyin363\Documents\repos\graphhopper__graphhopper\web-api\src\main\java\com\graphhopper\jackson\ResponsePathDeserializerHelper.java,212
com.fasterxml.jackson.core:jackson-databind,2.19.2,false,MethodCallExpr,com.fasterxml.jackson.databind.node.ObjectNode,putPOJO,C:\Users\tyin363\Documents\repos\graphhopper__graphhopper\web-api\src\main\java\com\graphhopper\jackson\ResponsePathSerializer.java,91
JDK:java.base,N/A,false,ClassOrInterfaceType,java.util.List,List,C:\Users\tyin363\Documents\repos\graphhopper__graphhopper\web-api\src\main\java\com\graphhopper\GHRequest.java,46
JDK:java.base,N/A,false,MethodCallExpr,java.lang.String,charAt,C:\Users\tyin363\Documents\repos\graphhopper__graphhopper\web-api\src\main\java\com\graphhopper\util\JsonFeature.java,102
CLIENT:client-code,N/A,false,ClassOrInterfaceType,com.graphhopper.json.Statement,Statement,C:\Users\tyin363\Documents\repos\graphhopper__graphhopper\web-api\src\main\java\com\graphhopper\jackson\GraphHopperModule.java,31
JDK:java.base,N/A,false,MethodCallExpr,java.util.List,add,C:\Users\tyin363\Documents\repos\graphhopper__graphhopper\web-api\src\main\java\com\graphhopper\jackson\CustomModelAreasDeserializer.java,37
JDK:java.base,N/A,false,MethodCallExpr,java.lang.String,equals,C:\Users\tyin363\Documents\repos\graphhopper__graphhopper\web-api\src\main\java\com\graphhopper\util\Instruction.java,232
CLIENT:client-code,N/A,false,ClassOrInterfaceType,com.graphhopper.Trip.Leg,Leg,C:\Users\tyin363\Documents\repos\graphhopper__graphhopper\web-api\src\main\java\com\graphhopper\Trip.java,107
JDK:java.base,N/A,false,ClassOrInterfaceType,java.lang.Object,Object,C:\Users\tyin363\Documents\repos\graphhopper__graphhopper\web-api\src\main\java\com\graphhopper\util\details\PathDetail.java,37
JDK:java.base,N/A,false,MethodCallExpr,java.lang.Object,toString,C:\Users\tyin363\Documents\repos\graphhopper__graphhopper\web-api\src\main\java\com\graphhopper\ResponsePath.java,241
JDK:java.base,N/A,false,ClassOrInterfaceType,java.lang.String,String,C:\Users\tyin363\Documents\repos\graphhopper__graphhopper\web-api\src\main\java\com\graphhopper\util\Parameters.java,158
CLIENT:client-code,N/A,false,MethodCallExpr,com.graphhopper.util.Helper,round,C:\Users\tyin363\Documents\repos\graphhopper__graphhopper\web-api\src\main\java\com\graphhopper\util\Helper.java,320
CLIENT:client-code,N/A,false,FieldAccessExpr,com.graphhopper.Trip.Stop,departureCancelled,C:\Users\tyin363\Documents\repos\graphhopper__graphhopper\web-api\src\main\java\com\graphhopper\Trip.java,62
CLIENT:client-code,N/A,false,ClassOrInterfaceType,com.graphhopper.util.PointList,PointList,C:\Users\tyin363\Documents\repos\graphhopper__graphhopper\web-api\src\main\java\com\graphhopper\util\Helper.java,215
JDK:java.base,N/A,false,ClassOrInterfaceType,java.lang.String,String,C:\Users\tyin363\Documents\repos\graphhopper__graphhopper\web-api\src\main\java\com\graphhopper\util\JsonFeature.java,44
JDK:java.base,N/A,false,ClassOrInterfaceType,java.lang.String,String,C:\Users\tyin363\Documents\repos\graphhopper__graphhopper\web-api\src\main\java\com\graphhopper\json\Statement.java,107
JDK:java.base,N/A,false,ClassOrInterfaceType,java.util.LinkedHashMap,LinkedHashMap,C:\Users\tyin363\Documents\repos\graphhopper__graphhopper\web-api\src\main\java\com\graphhopper\util\PMap.java,44
JDK:java.base,N/A,false,MethodCallExpr,java.util.List,add,C:\Users\tyin363\Documents\repos\graphhopper__graphhopper\web-api\src\main\java\com\graphhopper\GHResponse.java,42
JDK:java.base,N/A,false,ClassOrInterfaceType,java.lang.ArrayIndexOutOfBoundsException,ArrayIndexOutOfBoundsException,C:\Users\tyin363\Documents\repos\graphhopper__graphhopper\web-api\src\main\java\com\graphhopper\util\ShallowImmutablePointList.java,73
JDK:java.base,N/A,false,FieldAccessExpr,java.lang.Integer,MAX_VALUE,C:\Users\tyin363\Documents\repos\graphhopper__graphhopper\web-api\src\main\java\com\graphhopper\util\Helper.java,268
CLIENT:client-code,N/A,false,MethodCallExpr,com.graphhopper.util.Helper,isEmpty,C:\Users\tyin363\Documents\repos\graphhopper__graphhopper\web-api\src\main\java\com\graphhopper\util\Instruction.java,178
CLIENT:client-code,N/A,false,MethodCallExpr,com.graphhopper.json.Statement.Keyword,getName,C:\Users\tyin363\Documents\repos\graphhopper__graphhopper\web-api\src\main\java\com\graphhopper\jackson\StatementDeserializer.java,87
CLIENT:client-code,N/A,false,ClassOrInterfaceType,com.graphhopper.util.PointList,PointList,C:\Users\tyin363\Documents\repos\graphhopper__graphhopper\web-api\src\main\java\com\graphhopper\util\Instruction.java,134
CLIENT:client-code,N/A,false,MethodCallExpr,com.graphhopper.util.PointList,getEle,C:\Users\tyin363\Documents\repos\graphhopper__graphhopper\web-api\src\main\java\com\graphhopper\jackson\ResponsePathSerializer.java,62
JDK:java.base,N/A,false,ClassOrInterfaceType,java.util.Map,Map,C:\Users\tyin363\Documents\repos\graphhopper__graphhopper\web-api\src\main\java\com\graphhopper\util\CustomModel.java,57
JDK:java.base,N/A,false,ClassOrInterfaceType,java.util.ArrayList,ArrayList,C:\Users\tyin363\Documents\repos\graphhopper__graphhopper\web-api\src\main\java\com\graphhopper\jackson\Gpx.java,64
CLIENT:client-code,N/A,false,FieldAccessExpr,com.graphhopper.Trip.Stop,plannedArrivalTime,C:\Users\tyin363\Documents\repos\graphhopper__graphhopper\web-api\src\main\java\com\graphhopper\Trip.java,56
JDK:java.base,N/A,false,MethodCallExpr,java.lang.System,arraycopy,C:\Users\tyin363\Documents\repos\graphhopper__graphhopper\web-api\src\main\java\com\graphhopper\util\PointList.java,464
JDK:java.base,N/A,false,MethodCallExpr,java.util.LinkedHashMap,get,C:\Users\tyin363\Documents\repos\graphhopper__graphhopper\web-api\src\main\java\com\graphhopper\util\PMap.java,137
JDK:java.base,N/A,false,ClassOrInterfaceType,java.lang.Throwable,Throwable,C:\Users\tyin363\Documents\repos\graphhopper__graphhopper\web-api\src\main\java\com\graphhopper\GHResponse.java,123
CLIENT:client-code,N/A,false,ClassOrInterfaceType,com.graphhopper.json.Statement.Op,Op,C:\Users\tyin363\Documents\repos\graphhopper__graphhopper\web-api\src\main\java\com\graphhopper\json\Statement.java,142
CLIENT:client-code,N/A,false,ClassOrInterfaceType,com.graphhopper.util.TurnCostsConfig,TurnCostsConfig,C:\Users\tyin363\Documents\repos\graphhopper__graphhopper\web-api\src\main\java\com\graphhopper\util\TurnCostsConfig.java,41
JDK:java.base,N/A,false,ClassOrInterfaceType,java.util.List,List,C:\Users\tyin363\Documents\repos\graphhopper__graphhopper\web-api\src\main\java\com\graphhopper\GHRequest.java,43
JDK:java.base,N/A,false,ClassOrInterfaceType,java.lang.RuntimeException,RuntimeException,C:\Users\tyin363\Documents\repos\graphhopper__graphhopper\web-api\src\main\java\com\graphhopper\util\Instruction.java,181
JDK:java.base,N/A,false,ClassOrInterfaceType,java.lang.Double,Double,C:\Users\tyin363\Documents\repos\graphhopper__graphhopper\web-api\src\main\java\com\graphhopper\util\CustomModel.java,153
JDK:java.base,N/A,false,ClassOrInterfaceType,java.lang.String,String,C:\Users\tyin363\Documents\repos\graphhopper__graphhopper\web-api\src\main\java\com\graphhopper\GHRequest.java,128
CLIENT:client-code,N/A,false,ObjectCreationExpr,com.graphhopper.util.exceptions.DetailedRuntimeException,DetailedRuntimeException,C:\Users\tyin363\Documents\repos\graphhopper__graphhopper\web-api\src\main\java\com\graphhopper\jackson\ResponsePathDeserializerHelper.java,281
JDK:java.base,N/A,false,MethodCallExpr,java.lang.String,length,C:\Users\tyin363\Documents\repos\graphhopper__graphhopper\web-api\src\main\java\com\graphhopper\util\Helper.java,388
CLIENT:client-code,N/A,false,ClassOrInterfaceType,com.graphhopper.util.shapes.GHPoint,GHPoint,C:\Users\tyin363\Documents\repos\graphhopper__graphhopper\web-api\src\main\java\com\graphhopper\util\shapes\GHPoint.java,40
com.fasterxml.jackson.core:jackson-databind,2.19.2,false,MethodCallExpr,com.fasterxml.jackson.databind.JsonNode,get,C:\Users\tyin363\Documents\repos\graphhopper__graphhopper\web-api\src\main\java\com\graphhopper\jackson\ResponsePathDeserializerHelper.java,78
JDK:java.base,N/A,false,ClassOrInterfaceType,java.lang.String,String,C:\Users\tyin363\Documents\repos\graphhopper__graphhopper\web-api\src\main\java\com\graphhopper\util\exceptions\PointNotFoundException.java,32
JDK:java.base,N/A,false,MethodCallExpr,java.util.List,size,C:\Users\tyin363\Documents\repos\graphhopper__graphhopper\web-api\src\main\java\com\graphhopper\jackson\CustomModelAreasDeserializer.java,43
JDK:java.base,N/A,false,MethodCallExpr,java.lang.Number,intValue,C:\Users\tyin363\Documents\repos\graphhopper__graphhopper\web-api\src\main\java\com\graphhopper\util\PMap.java,113
CLIENT:client-code,N/A,false,MethodCallExpr,com.graphhopper.jackson.ResponsePathDeserializerHelper,toMap,C:\Users\tyin363\Documents\repos\graphhopper__graphhopper\web-api\src\main\java\com\graphhopper\jackson\ResponsePathDeserializerHelper.java,264
CLIENT:client-code,N/A,false,FieldAccessExpr,com.graphhopper.util.TurnCostsConfig,straightCosts,C:\Users\tyin363\Documents\repos\graphhopper__graphhopper\web-api\src\main\java\com\graphhopper\util\TurnCostsConfig.java,151
JDK:java.base,N/A,false,ClassOrInterfaceType,java.util.List,List,C:\Users\tyin363\Documents\repos\graphhopper__graphhopper\web-api\src\main\java\com\graphhopper\ResponsePath.java,90
JDK:java.base,N/A,false,MethodCallExpr,java.io.File,exists,C:\Users\tyin363\Documents\repos\graphhopper__graphhopper\web-api\src\main\java\com\graphhopper\util\Helper.java,128
com.fasterxml.jackson.core:jackson-databind,2.19.2,false,ClassOrInterfaceType,com.fasterxml.jackson.databind.JsonNode,JsonNode,C:\Users\tyin363\Documents\repos\graphhopper__graphhopper\web-api\src\main\java\com\graphhopper\jackson\PathDetailDeserializer.java,34
CLIENT:client-code,N/A,false,MethodCallExpr,com.graphhopper.json.Statement.Keyword,getName,C:\Users\tyin363\Documents\repos\graphhopper__graphhopper\web-api\src\main\java\com\graphhopper\jackson\StatementDeserializer.java,88
CLIENT:client-code,N/A,false,FieldAccessExpr,com.graphhopper.GHResponse,debugInfo,C:\Users\tyin363\Documents\repos\graphhopper__graphhopper\web-api\src\main\java\com\graphhopper\GHResponse.java,74
CLIENT:client-code,N/A,false,ObjectCreationExpr,com.graphhopper.json.Statement,Statement,C:\Users\tyin363\Documents\repos\graphhopper__graphhopper\web-api\src\main\java\com\graphhopper\json\Statement.java,143
JDK:java.base,N/A,false,ClassOrInterfaceType,java.util.Map,Map,C:\Users\tyin363\Documents\repos\graphhopper__graphhopper\web-api\src\main\java\com\graphhopper\util\CustomModel.java,56
JDK:java.base,N/A,false,ClassOrInterfaceType,java.util.ArrayList,ArrayList,C:\Users\tyin363\Documents\repos\graphhopper__graphhopper\web-api\src\main\java\com\graphhopper\GHResponse.java,33
JDK:java.base,N/A,false,ObjectCreationExpr,java.lang.UnsupportedOperationException,UnsupportedOperationException,C:\Users\tyin363\Documents\repos\graphhopper__graphhopper\web-api\src\main\java\com\graphhopper\json\Statement.java,58
JDK:java.base,N/A,false,MethodCallExpr,java.lang.Double,isNaN,C:\Users\tyin363\Documents\repos\graphhopper__graphhopper\web-api\src\main\java\com\graphhopper\util\Helper.java,266
com.fasterxml.jackson.core:jackson-databind,2.19.2,false,MethodCallExpr,com.fasterxml.jackson.databind.JsonNode,asDouble,C:\Users\tyin363\Documents\repos\graphhopper__graphhopper\web-api\src\main\java\com\graphhopper\jackson\ResponsePathDeserializerHelper.java,52
JDK:java.base,N/A,false,ClassOrInterfaceType,java.lang.String,String,C:\Users\tyin363\Documents\repos\graphhopper__graphhopper\web-api\src\main\java\com\graphhopper\jackson\ResponsePathDeserializerHelper.java,291
JDK:java.base,N/A,false,ClassOrInterfaceType,java.lang.Object,Object,C:\Users\tyin363\Documents\repos\graphhopper__graphhopper\web-api\src\main\java\com\graphhopper\util\PMap.java,33
JDK:java.base,N/A,false,MethodCallExpr,java.lang.System,arraycopy,C:\Users\tyin363\Documents\repos\graphhopper__graphhopper\web-api\src\main\java\com\graphhopper\util\PointList.java,465
com.fasterxml.jackson.core:jackson-core,2.19.2,false,ClassOrInterfaceType,com.fasterxml.jackson.core.JsonParser,JsonParser,C:\Users\tyin363\Documents\repos\graphhopper__graphhopper\web-api\src\main\java\com\graphhopper\jackson\CustomModelAreasDeserializer.java,19
JDK:java.base,N/A,false,ClassOrInterfaceType,java.lang.String,String,C:\Users\tyin363\Documents\repos\graphhopper__graphhopper\web-api\src\main\java\com\graphhopper\util\PMap.java,51
JDK:java.base,N/A,false,ClassOrInterfaceType,java.util.List,List,C:\Users\tyin363\Documents\repos\graphhopper__graphhopper\web-api\src\main\java\com\graphhopper\GHRequest.java,44
CLIENT:client-code,N/A,false,FieldAccessExpr,com.graphhopper.util.Instruction,points,C:\Users\tyin363\Documents\repos\graphhopper__graphhopper\web-api\src\main\java\com\graphhopper\util\Instruction.java,139
CLIENT:client-code,N/A,false,ObjectCreationExpr,com.graphhopper.jackson.JtsEnvelopeSerializer,JtsEnvelopeSerializer,C:\Users\tyin363\Documents\repos\graphhopper__graphhopper\web-api\src\main\java\com\graphhopper\jackson\GraphHopperModule.java,33
CLIENT:client-code,N/A,false,ClassOrInterfaceType,com.graphhopper.util.shapes.GHPoint,GHPoint,C:\Users\tyin363\Documents\repos\graphhopper__graphhopper\web-api\src\main\java\com\graphhopper\util\shapes\GHPoint.java,41
JDK:java.base,N/A,false,ClassOrInterfaceType,java.util.ArrayList,ArrayList,C:\Users\tyin363\Documents\repos\graphhopper__graphhopper\web-api\src\main\java\com\graphhopper\util\Helper.java,203
com.fasterxml.jackson.core:jackson-databind,2.19.2,false,MethodCallExpr,com.fasterxml.jackson.databind.JsonNode,get,C:\Users\tyin363\Documents\repos\graphhopper__graphhopper\web-api\src\main\java\com\graphhopper\jackson\StatementDeserializer.java,78
CLIENT:client-code,N/A,false,MethodCallExpr,com.graphhopper.util.PointList,getLat,C:\Users\tyin363\Documents\repos\graphhopper__graphhopper\web-api\src\main\java\com\graphhopper\util\PointList.java,338
CLIENT:client-code,N/A,false,MethodCallExpr,com.graphhopper.util.PointList,getEle,C:\Users\tyin363\Documents\repos\graphhopper__graphhopper\web-api\src\main\java\com\graphhopper\util\PointList.java,404
org.locationtech.jts:jts-core,1.20.0,true,FieldAccessExpr,org.locationtech.jts.geom.Coordinate,x,C:\Users\tyin363\Documents\repos\graphhopper__graphhopper\web-api\src\main\java\com\graphhopper\util\PointList.java,547
CLIENT:client-code,N/A,false,FieldAccessExpr,com.graphhopper.Trip.Stop,stop_sequence,C:\Users\tyin363\Documents\repos\graphhopper__graphhopper\web-api\src\main\java\com\graphhopper\Trip.java,52
JDK:java.base,N/A,false,ClassOrInterfaceType,java.lang.Object,Object,C:\Users\tyin363\Documents\repos\graphhopper__graphhopper\web-api\src\main\java\com\graphhopper\util\details\PathDetail.java,26
JDK:java.base,N/A,false,ObjectCreationExpr,java.lang.RuntimeException,RuntimeException,C:\Users\tyin363\Documents\repos\graphhopper__graphhopper\web-api\src\main\java\com\graphhopper\GHResponse.java,50
CLIENT:client-code,N/A,false,ObjectCreationExpr,com.graphhopper.util.shapes.GHPoint,GHPoint,C:\Users\tyin363\Documents\repos\graphhopper__graphhopper\web-api\src\main\java\com\graphhopper\util\PointList.java,547
com.fasterxml.jackson.core:jackson-databind,2.19.2,false,ClassOrInterfaceType,com.fasterxml.jackson.databind.JsonNode,JsonNode,C:\Users\tyin363\Documents\repos\graphhopper__graphhopper\web-api\src\main\java\com\graphhopper\jackson\CustomModelAreasDeserializer.java,32
JDK:java.base,N/A,false,MethodCallExpr,java.util.Collections,emptyList,C:\Users\tyin363\Documents\repos\graphhopper__graphhopper\web-api\src\main\java\com\graphhopper\ResponsePath.java,60
com.fasterxml.jackson.core:jackson-databind,2.19.2,false,ClassOrInterfaceType,com.fasterxml.jackson.databind.node.ObjectNode,ObjectNode,C:\Users\tyin363\Documents\repos\graphhopper__graphhopper\web-api\src\main\java\com\graphhopper\jackson\ResponsePathSerializer.java,87
JDK:java.base,N/A,false,ClassOrInterfaceType,java.lang.String,String,C:\Users\tyin363\Documents\repos\graphhopper__graphhopper\web-api\src\main\java\com\graphhopper\util\CustomModel.java,57
CLIENT:client-code,N/A,false,MethodCallExpr,com.graphhopper.util.PointList,ensureMutability,C:\Users\tyin363\Documents\repos\graphhopper__graphhopper\web-api\src\main\java\com\graphhopper\util\PointList.java,295
JDK:java.base,N/A,false,ClassOrInterfaceType,java.util.List,List,C:\Users\tyin363\Documents\repos\graphhopper__graphhopper\web-api\src\main\java\com\graphhopper\Trip.java,77
CLIENT:client-code,N/A,false,ClassOrInterfaceType,com.graphhopper.GHRequest,GHRequest,C:\Users\tyin363\Documents\repos\graphhopper__graphhopper\web-api\src\main\java\com\graphhopper\GHRequest.java,223
JDK:java.base,N/A,false,MethodCallExpr,java.lang.StringBuilder,toString,C:\Users\tyin363\Documents\repos\graphhopper__graphhopper\web-api\src\main\java\com\graphhopper\util\Helper.java,400
CLIENT:client-code,N/A,false,ClassOrInterfaceType,com.graphhopper.util.PointList,PointList,C:\Users\tyin363\Documents\repos\graphhopper__graphhopper\web-api\src\main\java\com\graphhopper\util\PointList.java,232
CLIENT:client-code,N/A,false,ClassOrInterfaceType,com.graphhopper.util.RoundaboutInstruction,RoundaboutInstruction,C:\Users\tyin363\Documents\repos\graphhopper__graphhopper\web-api\src\main\java\com\graphhopper\util\RoundaboutInstruction.java,37
JDK:java.base,N/A,false,ObjectCreationExpr,java.lang.RuntimeException,RuntimeException,C:\Users\tyin363\Documents\repos\graphhopper__graphhopper\web-api\src\main\java\com\graphhopper\util\PointList.java,51
CLIENT:client-code,N/A,false,ClassOrInterfaceType,com.graphhopper.util.TurnCostsConfig,TurnCostsConfig,C:\Users\tyin363\Documents\repos\graphhopper__graphhopper\web-api\src\main\java\com\graphhopper\util\TurnCostsConfig.java,171
JDK:java.base,N/A,false,ClassOrInterfaceType,java.lang.NumberFormatException,NumberFormatException,C:\Users\tyin363\Documents\repos\graphhopper__graphhopper\web-api\src\main\java\com\graphhopper\util\Helper.java,349
CLIENT:client-code,N/A,false,FieldAccessExpr,com.graphhopper.Trip.Leg,departureLocation,C:\Users\tyin363\Documents\repos\graphhopper__graphhopper\web-api\src\main\java\com\graphhopper\Trip.java,21
JDK:java.base,N/A,false,ClassOrInterfaceType,java.lang.String,String,C:\Users\tyin363\Documents\repos\graphhopper__graphhopper\web-api\src\main\java\com\graphhopper\util\Parameters.java,170
JDK:java.base,N/A,false,MethodCallExpr,java.lang.String,substring,C:\Users\tyin363\Documents\repos\graphhopper__graphhopper\web-api\src\main\java\com\graphhopper\util\PMap.java,75
CLIENT:client-code,N/A,false,ClassOrInterfaceType,com.graphhopper.util.Instruction,Instruction,C:\Users\tyin363\Documents\repos\graphhopper__graphhopper\web-api\src\main\java\com\graphhopper\util\InstructionList.java,55
JDK:java.base,N/A,false,ClassOrInterfaceType,java.lang.String,String,C:\Users\tyin363\Documents\repos\graphhopper__graphhopper\web-api\src\main\java\com\graphhopper\util\Parameters.java,38
JDK:java.base,N/A,false,MethodCallExpr,java.lang.String,lastIndexOf,C:\Users\tyin363\Documents\repos\graphhopper__graphhopper\web-api\src\main\java\com\graphhopper\util\Helper.java,196
JDK:java.base,N/A,false,ClassOrInterfaceType,java.lang.String,String,C:\Users\tyin363\Documents\repos\graphhopper__graphhopper\web-api\src\main\java\com\graphhopper\util\JsonFeature.java,88
JDK:java.base,N/A,false,MethodCallExpr,java.util.List,addAll,C:\Users\tyin363\Documents\repos\graphhopper__graphhopper\web-api\src\main\java\com\graphhopper\GHResponse.java,119
CLIENT:client-code,N/A,false,ObjectCreationExpr,com.graphhopper.json.MinMax,MinMax,C:\Users\tyin363\Documents\repos\graphhopper__graphhopper\web-api\src\main\java\com\graphhopper\json\Statement.java,123
JDK:java.base,N/A,false,MethodCallExpr,java.text.NumberFormat,format,C:\Users\tyin363\Documents\repos\graphhopper__graphhopper\web-api\src\main\java\com\graphhopper\util\Helper.java,284
JDK:java.base,N/A,false,ClassOrInterfaceType,java.lang.String,String,C:\Users\tyin363\Documents\repos\graphhopper__graphhopper\web-api\src\main\java\com\graphhopper\util\Helper.java,427
CLIENT:client-code,N/A,false,FieldAccessExpr,com.graphhopper.util.TurnCostsConfig,uTurnCosts,C:\Users\tyin363\Documents\repos\graphhopper__graphhopper\web-api\src\main\java\com\graphhopper\util\TurnCostsConfig.java,68
JDK:java.base,N/A,false,ClassOrInterfaceType,java.lang.String,String,C:\Users\tyin363\Documents\repos\graphhopper__graphhopper\web-api\src\main\java\com\graphhopper\util\CustomModel.java,56
JDK:java.base,N/A,false,MethodCallExpr,java.util.Collection,stream,C:\Users\tyin363\Documents\repos\graphhopper__graphhopper\web-api\src\main\java\com\graphhopper\util\CustomModel.java,66
CLIENT:client-code,N/A,false,MethodCallExpr,com.graphhopper.util.Helper,toObject,C:\Users\tyin363\Documents\repos\graphhopper__graphhopper\web-api\src\main\java\com\graphhopper\util\PMap.java,60
CLIENT:client-code,N/A,false,FieldAccessExpr,com.graphhopper.GHRequest,snapPreventions,C:\Users\tyin363\Documents\repos\graphhopper__graphhopper\web-api\src\main\java\com\graphhopper\GHRequest.java,213
CLIENT:client-code,N/A,false,FieldAccessExpr,com.graphhopper.util.Instruction,USE_ROUNDABOUT,C:\Users\tyin363\Documents\repos\graphhopper__graphhopper\web-api\src\main\java\com\graphhopper\jackson\ResponsePathDeserializerHelper.java,96
JDK:java.base,N/A,false,MethodCallExpr,java.lang.String,length,C:\Users\tyin363\Documents\repos\graphhopper__graphhopper\web-api\src\main\java\com\graphhopper\util\Helper.java,288
org.locationtech.jts:jts-core,1.20.0,true,ObjectCreationExpr,org.locationtech.jts.geom.Coordinate,Coordinate,C:\Users\tyin363\Documents\repos\graphhopper__graphhopper\web-api\src\main\java\com\graphhopper\util\PointList.java,366
CLIENT:client-code,N/A,false,ClassOrInterfaceType,com.graphhopper.util.TurnCostsConfig,TurnCostsConfig,C:\Users\tyin363\Documents\repos\graphhopper__graphhopper\web-api\src\main\java\com\graphhopper\util\TurnCostsConfig.java,40
CLIENT:client-code,N/A,false,MethodCallExpr,com.graphhopper.util.Helper,round,C:\Users\tyin363\Documents\repos\graphhopper__graphhopper\web-api\src\main\java\com\graphhopper\util\Helper.java,316
CLIENT:client-code,N/A,false,ClassOrInterfaceType,com.graphhopper.util.PointAccess,PointAccess,C:\Users\tyin363\Documents\repos\graphhopper__graphhopper\web-api\src\main\java\com\graphhopper\util\FinishInstruction.java,45
CLIENT:client-code,N/A,false,FieldAccessExpr,com.graphhopper.util.Instruction,sign,C:\Users\tyin363\Documents\repos\graphhopper__graphhopper\web-api\src\main\java\com\graphhopper\util\Instruction.java,62
CLIENT:client-code,N/A,false,FieldAccessExpr,com.graphhopper.util.shapes.GHPoint,lon,C:\Users\tyin363\Documents\repos\graphhopper__graphhopper\web-api\src\main\java\com\graphhopper\util\shapes\GHPoint.java,100
CLIENT:client-code,N/A,false,MethodCallExpr,com.graphhopper.util.PointList,size,C:\Users\tyin363\Documents\repos\graphhopper__graphhopper\web-api\src\main\java\com\graphhopper\util\PointList.java,333
CLIENT:client-code,N/A,false,MethodCallExpr,com.graphhopper.util.PointList,add,C:\Users\tyin363\Documents\repos\graphhopper__graphhopper\web-api\src\main\java\com\graphhopper\util\PointList.java,547
CLIENT:client-code,N/A,false,ClassOrInterfaceType,com.graphhopper.ResponsePath,ResponsePath,C:\Users\tyin363\Documents\repos\graphhopper__graphhopper\web-api\src\main\java\com\graphhopper\GHResponse.java,35
CLIENT:client-code,N/A,false,ClassOrInterfaceType,com.graphhopper.json.Statement,Statement,C:\Users\tyin363\Documents\repos\graphhopper__graphhopper\web-api\src\main\java\com\graphhopper\jackson\StatementDeserializer.java,39
JDK:java.base,N/A,false,MethodCallExpr,java.util.stream.Stream,reduce,C:\Users\tyin363\Documents\repos\graphhopper__graphhopper\web-api\src\main\java\com\graphhopper\util\Helper.java,74
JDK:java.base,N/A,false,ClassOrInterfaceType,java.lang.String,String,C:\Users\tyin363\Documents\repos\graphhopper__graphhopper\web-api\src\main\java\com\graphhopper\util\Instruction.java,102
JDK:java.base,N/A,false,ClassOrInterfaceType,java.lang.Double,Double,C:\Users\tyin363\Documents\repos\graphhopper__graphhopper\web-api\src\main\java\com\graphhopper\jackson\GHPointSerializer.java,32
JDK:java.base,N/A,false,ClassOrInterfaceType,java.lang.Number,Number,C:\Users\tyin363\Documents\repos\graphhopper__graphhopper\web-api\src\main\java\com\graphhopper\util\PMap.java,113
JDK:java.base,N/A,false,MethodCallExpr,java.io.ByteArrayOutputStream,write,C:\Users\tyin363\Documents\repos\graphhopper__graphhopper\web-api\src\main\java\com\graphhopper\util\Helper.java,106
CLIENT:client-code,N/A,false,FieldAccessExpr,com.graphhopper.util.PMap,map,C:\Users\tyin363\Documents\repos\graphhopper__graphhopper\web-api\src\main\java\com\graphhopper\util\PMap.java,48
CLIENT:client-code,N/A,false,MethodCallExpr,com.graphhopper.util.PointAccess,getLat,C:\Users\tyin363\Documents\repos\graphhopper__graphhopper\web-api\src\main\java\com\graphhopper\util\PointList.java,222
CLIENT:client-code,N/A,false,FieldAccessExpr,com.graphhopper.util.Instruction,FERRY,C:\Users\tyin363\Documents\repos\graphhopper__graphhopper\web-api\src\main\java\com\graphhopper\util\Instruction.java,179
JDK:java.base,N/A,false,FieldAccessExpr,java.lang.Math,PI,C:\Users\tyin363\Documents\repos\graphhopper__graphhopper\web-api\src\main\java\com\graphhopper\jackson\ResponsePathDeserializerHelper.java,112
CLIENT:client-code,N/A,false,ClassOrInterfaceType,com.graphhopper.util.TurnCostsConfig,TurnCostsConfig,C:\Users\tyin363\Documents\repos\graphhopper__graphhopper\web-api\src\main\java\com\graphhopper\util\TurnCostsConfig.java,37
com.fasterxml.jackson.core:jackson-databind,2.19.2,false,ClassOrInterfaceType,com.fasterxml.jackson.databind.node.ObjectNode,ObjectNode,C:\Users\tyin363\Documents\repos\graphhopper__graphhopper\web-api\src\main\java\com\graphhopper\jackson\ResponsePathSerializer.java,89
JDK:java.base,N/A,false,ClassOrInterfaceType,java.lang.String,String,C:\Users\tyin363\Documents\repos\graphhopper__graphhopper\web-api\src\main\java\com\graphhopper\util\Instruction.java,235
JDK:java.base,N/A,false,MethodCallExpr,java.util.Optional,orElse,C:\Users\tyin363\Documents\repos\graphhopper__graphhopper\web-api\src\main\java\com\graphhopper\util\Helper.java,68
org.locationtech.jts:jts-core,1.20.0,true,ClassOrInterfaceType,org.locationtech.jts.geom.Coordinate,Coordinate,C:\Users\tyin363\Documents\repos\graphhopper__graphhopper\web-api\src\main\java\com\graphhopper\util\PointList.java,546
JDK:java.base,N/A,false,ClassOrInterfaceType,java.lang.ArrayIndexOutOfBoundsException,ArrayIndexOutOfBoundsException,C:\Users\tyin363\Documents\repos\graphhopper__graphhopper\web-api\src\main\java\com\graphhopper\util\PointList.java,271
CLIENT:client-code,N/A,false,ClassOrInterfaceType,com.graphhopper.util.JsonFeature,JsonFeature,C:\Users\tyin363\Documents\repos\graphhopper__graphhopper\web-api\src\main\java\com\graphhopper\util\JsonFeatureCollection.java,34
JDK:java.base,N/A,false,MethodCallExpr,java.lang.Double,isNaN,C:\Users\tyin363\Documents\repos\graphhopper__graphhopper\web-api\src\main\java\com\graphhopper\util\PointList.java,213
CLIENT:client-code,N/A,false,MethodCallExpr,com.graphhopper.ResponsePath,setPointsOrder,C:\Users\tyin363\Documents\repos\graphhopper__graphhopper\web-api\src\main\java\com\graphhopper\jackson\ResponsePathDeserializerHelper.java,163
JDK:java.base,N/A,false,ClassOrInterfaceType,java.lang.IllegalArgumentException,IllegalArgumentException,C:\Users\tyin363\Documents\repos\graphhopper__graphhopper\web-api\src\main\java\com\graphhopper\util\shapes\GHPoint.java,59
CLIENT:client-code,N/A,false,ClassOrInterfaceType,com.graphhopper.util.Instruction,Instruction,C:\Users\tyin363\Documents\repos\graphhopper__graphhopper\web-api\src\main\java\com\graphhopper\jackson\InstructionListSerializer.java,37
JDK:java.base,N/A,false,MethodCallExpr,java.util.stream.Stream,flatMap,C:\Users\tyin363\Documents\repos\graphhopper__graphhopper\web-api\src\main\java\com\graphhopper\jackson\Gpx.java,40
JDK:java.base,N/A,false,ClassOrInterfaceType,java.util.List,List,C:\Users\tyin363\Documents\repos\graphhopper__graphhopper\web-api\src\main\java\com\graphhopper\GHRequest.java,114
JDK:java.base,N/A,false,ObjectCreationExpr,java.lang.IllegalArgumentException,IllegalArgumentException,C:\Users\tyin363\Documents\repos\graphhopper__graphhopper\web-api\src\main\java\com\graphhopper\jackson\StatementDeserializer.java,46
JDK:java.base,N/A,false,ObjectCreationExpr,java.lang.IllegalArgumentException,IllegalArgumentException,C:\Users\tyin363\Documents\repos\graphhopper__graphhopper\web-api\src\main\java\com\graphhopper\util\CustomModel.java,69
JDK:java.base,N/A,false,MethodCallExpr,java.lang.Long,parseLong,C:\Users\tyin363\Documents\repos\graphhopper__graphhopper\web-api\src\main\java\com\graphhopper\util\Helper.java,351
CLIENT:client-code,N/A,false,ClassOrInterfaceType,com.graphhopper.jackson.StatementSerializer,StatementSerializer,C:\Users\tyin363\Documents\repos\graphhopper__graphhopper\web-api\src\main\java\com\graphhopper\jackson\GraphHopperModule.java,31
JDK:java.base,N/A,false,ClassOrInterfaceType,java.lang.String,String,C:\Users\tyin363\Documents\repos\graphhopper__graphhopper\web-api\src\main\java\com\graphhopper\util\Instruction.java,236
JDK:java.base,N/A,false,MethodCallExpr,java.util.Map,get,C:\Users\tyin363\Documents\repos\graphhopper__graphhopper\web-api\src\main\java\com\graphhopper\util\Instruction.java,174
CLIENT:client-code,N/A,false,FieldAccessExpr,com.graphhopper.util.ShallowImmutablePointList,fromOffset,C:\Users\tyin363\Documents\repos\graphhopper__graphhopper\web-api\src\main\java\com\graphhopper\util\PointList.java,456
JDK:java.base,N/A,false,MethodCallExpr,java.lang.Math,min,C:\Users\tyin363\Documents\repos\graphhopper__graphhopper\web-api\src\main\java\com\graphhopper\util\Helper.java,299
JDK:java.base,N/A,false,ClassOrInterfaceType,java.lang.String,String,C:\Users\tyin363\Documents\repos\graphhopper__graphhopper\web-api\src\main\java\com\graphhopper\Trip.java,116
JDK:java.base,N/A,false,ClassOrInterfaceType,java.lang.Integer,Integer,C:\Users\tyin363\Documents\repos\graphhopper__graphhopper\web-api\src\main\java\com\graphhopper\ResponsePath.java,49
CLIENT:client-code,N/A,false,MethodCallExpr,com.graphhopper.util.PointAccess,getLat,C:\Users\tyin363\Documents\repos\graphhopper__graphhopper\web-api\src\main\java\com\graphhopper\util\PointList.java,220
CLIENT:client-code,N/A,false,FieldAccessExpr,com.graphhopper.util.Instruction,KEEP_RIGHT,C:\Users\tyin363\Documents\repos\graphhopper__graphhopper\web-api\src\main\java\com\graphhopper\util\Instruction.java,222
CLIENT:client-code,N/A,false,ClassOrInterfaceType,com.graphhopper.util.Instruction,Instruction,C:\Users\tyin363\Documents\repos\graphhopper__graphhopper\web-api\src\main\java\com\graphhopper\util\InstructionList.java,50
CLIENT:client-code,N/A,false,ObjectCreationExpr,com.graphhopper.jackson.GHPointSerializer,GHPointSerializer,C:\Users\tyin363\Documents\repos\graphhopper__graphhopper\web-api\src\main\java\com\graphhopper\jackson\GraphHopperModule.java,35
JDK:java.base,N/A,false,MethodCallExpr,java.lang.String,substring,C:\Users\tyin363\Documents\repos\graphhopper__graphhopper\web-api\src\main\java\com\graphhopper\util\Helper.java,410
CLIENT:client-code,N/A,false,FieldAccessExpr,com.graphhopper.util.shapes.GHPoint,lat,C:\Users\tyin363\Documents\repos\graphhopper__graphhopper\web-api\src\main\java\com\graphhopper\util\shapes\GHPoint.java,89
JDK:java.base,N/A,false,ClassOrInterfaceType,java.util.ArrayList,ArrayList,C:\Users\tyin363\Documents\repos\graphhopper__graphhopper\web-api\src\main\java\com\graphhopper\util\TurnCostsConfig.java,59
JDK:java.base,N/A,false,ClassOrInterfaceType,java.util.List,List,C:\Users\tyin363\Documents\repos\graphhopper__graphhopper\web-api\src\main\java\com\graphhopper\Trip.java,81
JDK:java.base,N/A,false,ClassOrInterfaceType,java.util.LinkedHashMap,LinkedHashMap,C:\Users\tyin363\Documents\repos\graphhopper__graphhopper\web-api\src\main\java\com\graphhopper\util\CustomModel.java,99
CLIENT:client-code,N/A,false,MethodCallExpr,com.graphhopper.util.PMap,isEmpty,C:\Users\tyin363\Documents\repos\graphhopper__graphhopper\web-api\src\main\java\com\graphhopper\GHRequest.java,248
JDK:java.base,N/A,false,ObjectCreationExpr,java.lang.IllegalStateException,IllegalStateException,C:\Users\tyin363\Documents\repos\graphhopper__graphhopper\web-api\src\main\java\com\graphhopper\util\PointList.java,183
JDK:java.base,N/A,false,ClassOrInterfaceType,java.util.List,List,C:\Users\tyin363\Documents\repos\graphhopper__graphhopper\web-api\src\main\java\com\graphhopper\GHResponse.java,110
JDK:java.base,N/A,false,MethodCallExpr,java.util.HashMap,remove,C:\Users\tyin363\Documents\repos\graphhopper__graphhopper\web-api\src\main\java\com\graphhopper\util\PMap.java,99
JDK:java.base,N/A,false,ObjectCreationExpr,java.util.HashMap,HashMap,C:\Users\tyin363\Documents\repos\graphhopper__graphhopper\web-api\src\main\java\com\graphhopper\util\CustomModel.java,100
JDK:java.base,N/A,false,ClassOrInterfaceType,java.lang.Object,Object,C:\Users\tyin363\Documents\repos\graphhopper__graphhopper\web-api\src\main\java\com\graphhopper\util\details\PathDetail.java,30
JDK:java.base,N/A,false,ClassOrInterfaceType,java.lang.String,String,C:\Users\tyin363\Documents\repos\graphhopper__graphhopper\web-api\src\main\java\com\graphhopper\util\FinishInstruction.java,40
CLIENT:client-code,N/A,false,FieldAccessExpr,com.graphhopper.util.ShallowImmutablePointList,fromOffset,C:\Users\tyin363\Documents\repos\graphhopper__graphhopper\web-api\src\main\java\com\graphhopper\util\PointList.java,457
JDK:java.base,N/A,false,ClassOrInterfaceType,java.lang.String,String,C:\Users\tyin363\Documents\repos\graphhopper__graphhopper\web-api\src\main\java\com\graphhopper\util\Parameters.java,166
CLIENT:client-code,N/A,false,MethodCallExpr,com.graphhopper.util.Helper,round,C:\Users\tyin363\Documents\repos\graphhopper__graphhopper\web-api\src\main\java\com\graphhopper\util\Helper.java,312
JDK:java.base,N/A,false,ClassOrInterfaceType,java.util.Map,Map,C:\Users\tyin363\Documents\repos\graphhopper__graphhopper\web-api\src\main\java\com\graphhopper\util\JsonFeature.java,39
CLIENT:client-code,N/A,false,ClassOrInterfaceType,com.graphhopper.util.shapes.GHPoint3D,GHPoint3D,C:\Users\tyin363\Documents\repos\graphhopper__graphhopper\web-api\src\main\java\com\graphhopper\util\PointList.java,519
JDK:java.base,N/A,false,ObjectCreationExpr,java.lang.IllegalArgumentException,IllegalArgumentException,C:\Users\tyin363\Documents\repos\graphhopper__graphhopper\web-api\src\main\java\com\graphhopper\util\CustomModel.java,71
JDK:java.base,N/A,false,ClassOrInterfaceType,java.util.ArrayList,ArrayList,C:\Users\tyin363\Documents\repos\graphhopper__graphhopper\web-api\src\main\java\com\graphhopper\GHResponse.java,110
JDK:java.base,N/A,false,ClassOrInterfaceType,java.lang.NumberFormatException,NumberFormatException,C:\Users\tyin363\Documents\repos\graphhopper__graphhopper\web-api\src\main\java\com\graphhopper\util\Helper.java,352
CLIENT:client-code,N/A,false,FieldAccessExpr,com.graphhopper.ResponsePath,descend,C:\Users\tyin363\Documents\repos\graphhopper__graphhopper\web-api\src\main\java\com\graphhopper\ResponsePath.java,190
CLIENT:client-code,N/A,false,ClassOrInterfaceType,com.graphhopper.util.TurnCostsConfig,TurnCostsConfig,C:\Users\tyin363\Documents\repos\graphhopper__graphhopper\web-api\src\main\java\com\graphhopper\util\TurnCostsConfig.java,36
JDK:java.base,N/A,false,ClassOrInterfaceType,java.lang.String,String,C:\Users\tyin363\Documents\repos\graphhopper__graphhopper\web-api\src\main\java\com\graphhopper\util\Parameters.java,34
JDK:java.base,N/A,false,MethodCallExpr,java.util.stream.Stream,reduce,C:\Users\tyin363\Documents\repos\graphhopper__graphhopper\web-api\src\main\java\com\graphhopper\util\Helper.java,68
com.fasterxml.jackson.core:jackson-core,2.19.2,false,ClassOrInterfaceType,com.fasterxml.jackson.core.JsonParseException,JsonParseException,C:\Users\tyin363\Documents\repos\graphhopper__graphhopper\web-api\src\main\java\com\graphhopper\jackson\PathDetailDeserializer.java,36
JDK:java.base,N/A,false,MethodCallExpr,java.util.List,add,C:\Users\tyin363\Documents\repos\graphhopper__graphhopper\web-api\src\main\java\com\graphhopper\ResponsePath.java,302
org.locationtech.jts:jts-core,1.20.0,true,ClassOrInterfaceType,org.locationtech.jts.geom.Envelope,Envelope,C:\Users\tyin363\Documents\repos\graphhopper__graphhopper\web-api\src\main\java\com\graphhopper\util\JsonFeature.java,44
CLIENT:client-code,N/A,false,ObjectCreationExpr,com.graphhopper.util.PMap,PMap,C:\Users\tyin363\Documents\repos\graphhopper__graphhopper\web-api\src\main\java\com\graphhopper\GHResponse.java,34
JDK:java.base,N/A,false,MethodCallExpr,java.lang.Double,isNaN,C:\Users\tyin363\Documents\repos\graphhopper__graphhopper\web-api\src\main\java\com\graphhopper\util\FinishInstruction.java,33
JDK:java.base,N/A,false,ClassOrInterfaceType,java.lang.String,String,C:\Users\tyin363\Documents\repos\graphhopper__graphhopper\web-api\src\main\java\com\graphhopper\util\Instruction.java,98
JDK:java.base,N/A,false,ClassOrInterfaceType,java.lang.Throwable,Throwable,C:\Users\tyin363\Documents\repos\graphhopper__graphhopper\web-api\src\main\java\com\graphhopper\jackson\ResponsePathDeserializerHelper.java,237
CLIENT:client-code,N/A,false,ClassOrInterfaceType,com.graphhopper.json.Statement,Statement,C:\Users\tyin363\Documents\repos\graphhopper__graphhopper\web-api\src\main\java\com\graphhopper\jackson\StatementDeserializer.java,43
JDK:java.base,N/A,false,ClassOrInterfaceType,java.lang.IllegalArgumentException,IllegalArgumentException,C:\Users\tyin363\Documents\repos\graphhopper__graphhopper\web-api\src\main\java\com\graphhopper\json\Statement.java,31
CLIENT:client-code,N/A,false,FieldAccessExpr,com.graphhopper.util.PMap,map,C:\Users\tyin363\Documents\repos\graphhopper__graphhopper\web-api\src\main\java\com\graphhopper\util\PMap.java,52
com.fasterxml.jackson.core:jackson-databind,2.19.2,false,ClassOrInterfaceType,com.fasterxml.jackson.databind.JsonNode,JsonNode,C:\Users\tyin363\Documents\repos\graphhopper__graphhopper\web-api\src\main\java\com\graphhopper\jackson\CustomModelAreasDeserializer.java,25
CLIENT:client-code,N/A,false,ClassOrInterfaceType,com.graphhopper.ResponsePath,ResponsePath,C:\Users\tyin363\Documents\repos\graphhopper__graphhopper\web-api\src\main\java\com\graphhopper\ResponsePath.java,217
CLIENT:client-code,N/A,false,MethodCallExpr,com.graphhopper.util.Helper,readFile,C:\Users\tyin363\Documents\repos\graphhopper__graphhopper\web-api\src\main\java\com\graphhopper\util\Helper.java,68
CLIENT:client-code,N/A,false,ClassOrInterfaceType,com.graphhopper.util.InstructionList,InstructionList,C:\Users\tyin363\Documents\repos\graphhopper__graphhopper\web-api\src\main\java\com\graphhopper\jackson\ResponsePathDeserializerHelper.java,80
com.fasterxml.jackson.core:jackson-databind,2.19.2,false,MethodCallExpr,com.fasterxml.jackson.databind.JsonNode,get,C:\Users\tyin363\Documents\repos\graphhopper__graphhopper\web-api\src\main\java\com\graphhopper\jackson\ResponsePathDeserializerHelper.java,285
CLIENT:client-code,N/A,false,ClassOrInterfaceType,com.graphhopper.util.shapes.GHPoint3D,GHPoint3D,C:\Users\tyin363\Documents\repos\graphhopper__graphhopper\web-api\src\main\java\com\graphhopper\util\PointList.java,518
CLIENT:client-code,N/A,false,ClassOrInterfaceType,com.graphhopper.ResponsePath,ResponsePath,C:\Users\tyin363\Documents\repos\graphhopper__graphhopper\web-api\src\main\java\com\graphhopper\ResponsePath.java,84
JDK:java.base,N/A,false,ClassOrInterfaceType,java.lang.NumberFormatException,NumberFormatException,C:\Users\tyin363\Documents\repos\graphhopper__graphhopper\web-api\src\main\java\com\graphhopper\util\Helper.java,355
JDK:java.base,N/A,false,ObjectCreationExpr,java.lang.IllegalArgumentException,IllegalArgumentException,C:\Users\tyin363\Documents\repos\graphhopper__graphhopper\web-api\src\main\java\com\graphhopper\util\shapes\GHPoint.java,70
CLIENT:client-code,N/A,false,FieldAccessExpr,com.graphhopper.util.Instruction,extraInfo,C:\Users\tyin363\Documents\repos\graphhopper__graphhopper\web-api\src\main\java\com\graphhopper\util\ViaInstruction.java,34
com.fasterxml.jackson.core:jackson-databind,2.19.2,false,MethodCallExpr,com.fasterxml.jackson.databind.JsonNode,has,C:\Users\tyin363\Documents\repos\graphhopper__graphhopper\web-api\src\main\java\com\graphhopper\jackson\ResponsePathDeserializerHelper.java,254
JDK:java.base,N/A,false,ClassOrInterfaceType,java.lang.Number,Number,C:\Users\tyin363\Documents\repos\graphhopper__graphhopper\web-api\src\main\java\com\graphhopper\util\PMap.java,118
JDK:java.base,N/A,false,ClassOrInterfaceType,java.lang.String,String,C:\Users\tyin363\Documents\repos\graphhopper__graphhopper\web-api\src\main\java\com\graphhopper\ResponsePath.java,69
CLIENT:client-code,N/A,false,MethodCallExpr,com.graphhopper.util.PointAccess,getLat,C:\Users\tyin363\Documents\repos\graphhopper__graphhopper\web-api\src\main\java\com\graphhopper\util\FinishInstruction.java,41
CLIENT:client-code,N/A,false,ClassOrInterfaceType,com.graphhopper.util.JsonFeature,JsonFeature,C:\Users\tyin363\Documents\repos\graphhopper__graphhopper\web-api\src\main\java\com\graphhopper\util\JsonFeatureCollection.java,28
CLIENT:client-code,N/A,false,MethodCallExpr,com.graphhopper.util.CustomModel,deepCopy,C:\Users\tyin363\Documents\repos\graphhopper__graphhopper\web-api\src\main\java\com\graphhopper\util\CustomModel.java,103
CLIENT:client-code,N/A,false,ClassOrInterfaceType,com.graphhopper.GHRequest,GHRequest,C:\Users\tyin363\Documents\repos\graphhopper__graphhopper\web-api\src\main\java\com\graphhopper\GHRequest.java,85
CLIENT:client-code,N/A,false,ClassOrInterfaceType,com.graphhopper.util.InstructionList,InstructionList,C:\Users\tyin363\Documents\repos\graphhopper__graphhopper\web-api\src\main\java\com\graphhopper\Trip.java,81
JDK:java.base,N/A,false,MethodCallExpr,java.lang.String,isEmpty,C:\Users\tyin363\Documents\repos\graphhopper__graphhopper\web-api\src\main\java\com\graphhopper\util\Helper.java,414
JDK:java.base,N/A,false,MethodCallExpr,java.lang.Object,toString,C:\Users\tyin363\Documents\repos\graphhopper__graphhopper\web-api\src\main\java\com\graphhopper\util\JsonFeatureCollection.java,40
JDK:java.base,N/A,false,ObjectCreationExpr,java.lang.IllegalStateException,IllegalStateException,C:\Users\tyin363\Documents\repos\graphhopper__graphhopper\web-api\src\main\java\com\graphhopper\jackson\ResponsePathDeserializerHelper.java,69
JDK:java.base,N/A,false,ClassOrInterfaceType,java.lang.String,String,C:\Users\tyin363\Documents\repos\graphhopper__graphhopper\web-api\src\main\java\com\graphhopper\util\exceptions\PointDistanceExceededException.java,31
CLIENT:client-code,N/A,false,ClassOrInterfaceType,com.graphhopper.util.RoundaboutInstruction,RoundaboutInstruction,C:\Users\tyin363\Documents\repos\graphhopper__graphhopper\web-api\src\main\java\com\graphhopper\util\RoundaboutInstruction.java,42
JDK:java.base,N/A,false,ClassOrInterfaceType,java.lang.Throwable,Throwable,C:\Users\tyin363\Documents\repos\graphhopper__graphhopper\web-api\src\main\java\com\graphhopper\jackson\ResponsePathDeserializerHelper.java,238
JDK:java.base,N/A,false,ClassOrInterfaceType,java.util.List,List,C:\Users\tyin363\Documents\repos\graphhopper__graphhopper\web-api\src\main\java\com\graphhopper\GHRequest.java,119
JDK:java.base,N/A,false,ClassOrInterfaceType,java.lang.String,String,C:\Users\tyin363\Documents\repos\graphhopper__graphhopper\web-api\src\main\java\com\graphhopper\util\Translation.java,34
JDK:java.base,N/A,false,ClassOrInterfaceType,java.lang.UnsupportedOperationException,UnsupportedOperationException,C:\Users\tyin363\Documents\repos\graphhopper__graphhopper\web-api\src\main\java\com\graphhopper\json\Statement.java,51
CLIENT:client-code,N/A,false,MethodCallExpr,com.graphhopper.util.JsonFeatureCollection,getFeatures,C:\Users\tyin363\Documents\repos\graphhopper__graphhopper\web-api\src\main\java\com\graphhopper\util\CustomModel.java,72
JDK:java.base,N/A,false,ClassOrInterfaceType,java.lang.IllegalStateException,IllegalStateException,C:\Users\tyin363\Documents\repos\graphhopper__graphhopper\web-api\src\main\java\com\graphhopper\ResponsePath.java,71
CLIENT:client-code,N/A,false,MethodCallExpr,com.graphhopper.util.Instruction,_getName,C:\Users\tyin363\Documents\repos\graphhopper__graphhopper\web-api\src\main\java\com\graphhopper\util\RoundaboutInstruction.java,116
JDK:java.base,N/A,false,ClassOrInterfaceType,java.lang.IllegalArgumentException,IllegalArgumentException,C:\Users\tyin363\Documents\repos\graphhopper__graphhopper\web-api\src\main\java\com\graphhopper\jackson\StatementDeserializer.java,85
JDK:java.base,N/A,false,ClassOrInterfaceType,java.util.List,List,C:\Users\tyin363\Documents\repos\graphhopper__graphhopper\web-api\src\main\java\com\graphhopper\ResponsePath.java,297
CLIENT:client-code,N/A,false,MethodCallExpr,com.graphhopper.util.Translation,tr,C:\Users\tyin363\Documents\repos\graphhopper__graphhopper\web-api\src\main\java\com\graphhopper\util\Instruction.java,178
JDK:java.base,N/A,false,ClassOrInterfaceType,java.lang.Object,Object,C:\Users\tyin363\Documents\repos\graphhopper__graphhopper\web-api\src\main\java\com\graphhopper\util\JsonFeature.java,68
JDK:java.base,N/A,false,ObjectCreationExpr,java.lang.RuntimeException,RuntimeException,C:\Users\tyin363\Documents\repos\graphhopper__graphhopper\web-api\src\main\java\com\graphhopper\util\PointList.java,56
JDK:java.base,N/A,false,ClassOrInterfaceType,java.util.List,List,C:\Users\tyin363\Documents\repos\graphhopper__graphhopper\web-api\src\main\java\com\graphhopper\GHResponse.java,109
JDK:java.base,N/A,false,ObjectCreationExpr,java.lang.IllegalArgumentException,IllegalArgumentException,C:\Users\tyin363\Documents\repos\graphhopper__graphhopper\web-api\src\main\java\com\graphhopper\jackson\StatementDeserializer.java,50
JDK:java.base,N/A,false,ClassOrInterfaceType,java.lang.Integer,Integer,C:\Users\tyin363\Documents\repos\graphhopper__graphhopper\web-api\src\main\java\com\graphhopper\ResponsePath.java,45
com.fasterxml.jackson.core:jackson-databind,2.19.2,false,MethodCallExpr,com.fasterxml.jackson.databind.JsonNode,asText,C:\Users\tyin363\Documents\repos\graphhopper__graphhopper\web-api\src\main\java\com\graphhopper\jackson\ResponsePathDeserializerHelper.java,255
com.fasterxml.jackson.core:jackson-databind,2.19.2,false,ClassOrInterfaceType,com.fasterxml.jackson.databind.node.ObjectNode,ObjectNode,C:\Users\tyin363\Documents\repos\graphhopper__graphhopper\web-api\src\main\java\com\graphhopper\jackson\ResponsePathSerializer.java,94
CLIENT:client-code,N/A,false,ClassOrInterfaceType,com.graphhopper.util.shapes.GHPoint3D,GHPoint3D,C:\Users\tyin363\Documents\repos\graphhopper__graphhopper\web-api\src\main\java\com\graphhopper\util\PointList.java,120
JDK:java.base,N/A,false,ClassOrInterfaceType,java.lang.String,String,C:\Users\tyin363\Documents\repos\graphhopper__graphhopper\web-api\src\main\java\com\graphhopper\GHRequest.java,151
JDK:java.base,N/A,false,ObjectCreationExpr,java.lang.RuntimeException,RuntimeException,C:\Users\tyin363\Documents\repos\graphhopper__graphhopper\web-api\src\main\java\com\graphhopper\ResponsePath.java,285
JDK:java.base,N/A,false,MethodCallExpr,java.lang.String,length,C:\Users\tyin363\Documents\repos\graphhopper__graphhopper\web-api\src\main\java\com\graphhopper\util\Helper.java,410
JDK:java.base,N/A,false,ClassOrInterfaceType,java.lang.IllegalArgumentException,IllegalArgumentException,C:\Users\tyin363\Documents\repos\graphhopper__graphhopper\web-api\src\main\java\com\graphhopper\json\Statement.java,33
JDK:java.base,N/A,false,ClassOrInterfaceType,java.lang.IllegalArgumentException,IllegalArgumentException,C:\Users\tyin363\Documents\repos\graphhopper__graphhopper\web-api\src\main\java\com\graphhopper\util\Helper.java,212
CLIENT:client-code,N/A,false,FieldAccessExpr,com.graphhopper.util.shapes.GHPoint,lat,C:\Users\tyin363\Documents\repos\graphhopper__graphhopper\web-api\src\main\java\com\graphhopper\util\shapes\GHPoint3D.java,55
CLIENT:client-code,N/A,false,FieldAccessExpr,com.graphhopper.util.Instruction,PT_TRANSFER,C:\Users\tyin363\Documents\repos\graphhopper__graphhopper\web-api\src\main\java\com\graphhopper\util\Instruction.java,185
CLIENT:client-code,N/A,false,MethodCallExpr,com.graphhopper.ResponsePath,getLegs,C:\Users\tyin363\Documents\repos\graphhopper__graphhopper\web-api\src\main\java\com\graphhopper\jackson\ResponsePathSerializer.java,99
JDK:java.base,N/A,false,ClassOrInterfaceType,java.util.List,List,C:\Users\tyin363\Documents\repos\graphhopper__graphhopper\web-api\src\main\java\com\graphhopper\ResponsePath.java,35
JDK:java.base,N/A,false,MethodCallExpr,java.lang.String,trim,C:\Users\tyin363\Documents\repos\graphhopper__graphhopper\web-api\src\main\java\com\graphhopper\util\PointList.java,500
com.fasterxml.jackson.core:jackson-databind,2.19.2,false,ClassOrInterfaceType,com.fasterxml.jackson.databind.node.ArrayNode,ArrayNode,C:\Users\tyin363\Documents\repos\graphhopper__graphhopper\web-api\src\main\java\com\graphhopper\jackson\ResponsePathSerializer.java,92
JDK:java.base,N/A,false,ClassOrInterfaceType,java.lang.String,String,C:\Users\tyin363\Documents\repos\graphhopper__graphhopper\web-api\src\main\java\com\graphhopper\util\CustomModel.java,66
JDK:java.base,N/A,false,MethodCallExpr,java.lang.String,substring,C:\Users\tyin363\Documents\repos\graphhopper__graphhopper\web-api\src\main\java\com\graphhopper\util\PMap.java,84
CLIENT:client-code,N/A,false,ClassOrInterfaceType,com.graphhopper.GHRequest,GHRequest,C:\Users\tyin363\Documents\repos\graphhopper__graphhopper\web-api\src\main\java\com\graphhopper\GHRequest.java,99
JDK:java.base,N/A,false,ClassOrInterfaceType,java.util.List,List,C:\Users\tyin363\Documents\repos\graphhopper__graphhopper\web-api\src\main\java\com\graphhopper\ResponsePath.java,36
JDK:java.base,N/A,false,ObjectCreationExpr,java.lang.IllegalStateException,IllegalStateException,C:\Users\tyin363\Documents\repos\graphhopper__graphhopper\web-api\src\main\java\com\graphhopper\util\PointList.java,567
CLIENT:client-code,N/A,false,FieldAccessExpr,com.graphhopper.util.shapes.GHPoint3D,ele,C:\Users\tyin363\Documents\repos\graphhopper__graphhopper\web-api\src\main\java\com\graphhopper\util\PointList.java,227
CLIENT:client-code,N/A,false,FieldAccessExpr,com.graphhopper.util.CustomModel,headingPenalty,C:\Users\tyin363\Documents\repos\graphhopper__graphhopper\web-api\src\main\java\com\graphhopper\util\CustomModel.java,149
JDK:java.base,N/A,false,ClassOrInterfaceType,java.util.Map,Map,C:\Users\tyin363\Documents\repos\graphhopper__graphhopper\web-api\src\main\java\com\graphhopper\Trip.java,77
JDK:java.base,N/A,false,ClassOrInterfaceType,java.util.List,List,C:\Users\tyin363\Documents\repos\graphhopper__graphhopper\web-api\src\main\java\com\graphhopper\jackson\StatementDeserializer.java,51
CLIENT:client-code,N/A,false,FieldAccessExpr,com.graphhopper.util.PointList,elevations,C:\Users\tyin363\Documents\repos\graphhopper__graphhopper\web-api\src\main\java\com\graphhopper\util\PointList.java,467
CLIENT:client-code,N/A,false,FieldAccessExpr,com.graphhopper.util.shapes.GHPoint,lon,C:\Users\tyin363\Documents\repos\graphhopper__graphhopper\web-api\src\main\java\com\graphhopper\util\shapes\GHPoint3D.java,55
CLIENT:client-code,N/A,false,ClassOrInterfaceType,com.graphhopper.util.exceptions.ConnectionNotFoundException,ConnectionNotFoundException,C:\Users\tyin363\Documents\repos\graphhopper__graphhopper\web-api\src\main\java\com\graphhopper\jackson\ResponsePathDeserializerHelper.java,268
JDK:java.base,N/A,false,ClassOrInterfaceType,java.lang.String,String,C:\Users\tyin363\Documents\repos\graphhopper__graphhopper\web-api\src\main\java\com\graphhopper\json\Statement.java,26
JDK:java.base,N/A,false,MethodCallExpr,java.lang.Enum,name,C:\Users\tyin363\Documents\repos\graphhopper__graphhopper\web-api\src\main\java\com\graphhopper\jackson\PathDetailDeserializer.java,56
CLIENT:client-code,N/A,false,MethodCallExpr,com.graphhopper.util.JsonFeatureCollection,getFeatures,C:\Users\tyin363\Documents\repos\graphhopper__graphhopper\web-api\src\main\java\com\graphhopper\util\CustomModel.java,66
JDK:java.base,N/A,false,ClassOrInterfaceType,java.lang.String,String,C:\Users\tyin363\Documents\repos\graphhopper__graphhopper\web-api\src\main\java\com\graphhopper\util\Helper.java,287
CLIENT:client-code,N/A,false,MethodCallExpr,com.graphhopper.util.PointList,getLon,C:\Users\tyin363\Documents\repos\graphhopper__graphhopper\web-api\src\main\java\com\graphhopper\jackson\ResponsePathSerializer.java,58
CLIENT:client-code,N/A,false,FieldAccessExpr,com.graphhopper.util.JsonFeature,bbox,C:\Users\tyin363\Documents\repos\graphhopper__graphhopper\web-api\src\main\java\com\graphhopper\util\JsonFeature.java,47
com.fasterxml.jackson.core:jackson-databind,2.19.2,false,MethodCallExpr,com.fasterxml.jackson.databind.JsonNode,get,C:\Users\tyin363\Documents\repos\graphhopper__graphhopper\web-api\src\main\java\com\graphhopper\jackson\StatementDeserializer.java,88
org.locationtech.jts:jts-core,1.20.0,true,ClassOrInterfaceType,org.locationtech.jts.geom.LineString,LineString,C:\Users\tyin363\Documents\repos\graphhopper__graphhopper\web-api\src\main\java\com\graphhopper\util\PointList.java,137
JDK:java.base,N/A,false,ClassOrInterfaceType,java.lang.String,String,C:\Users\tyin363\Documents\repos\graphhopper__graphhopper\web-api\src\main\java\com\graphhopper\util\PMap.java,98
JDK:java.base,N/A,false,MethodCallExpr,java.lang.Double,compare,C:\Users\tyin363\Documents\repos\graphhopper__graphhopper\web-api\src\main\java\com\graphhopper\util\NumHelper.java,35
JDK:java.base,N/A,false,MethodCallExpr,java.util.Map.Entry,getKey,C:\Users\tyin363\Documents\repos\graphhopper__graphhopper\web-api\src\main\java\com\graphhopper\jackson\CustomModelAreasDeserializer.java,36
CLIENT:client-code,N/A,false,ClassOrInterfaceType,com.graphhopper.json.Statement.Op,Op,C:\Users\tyin363\Documents\repos\graphhopper__graphhopper\web-api\src\main\java\com\graphhopper\json\Statement.java,26
JDK:java.base,N/A,false,ClassOrInterfaceType,java.lang.String,String,C:\Users\tyin363\Documents\repos\graphhopper__graphhopper\web-api\src\main\java\com\graphhopper\util\Parameters.java,46
CLIENT:client-code,N/A,false,ObjectCreationExpr,com.graphhopper.jackson.PathDetailSerializer,PathDetailSerializer,C:\Users\tyin363\Documents\repos\graphhopper__graphhopper\web-api\src\main\java\com\graphhopper\jackson\GraphHopperModule.java,37
JDK:java.base,N/A,false,MethodCallExpr,java.lang.Double,isNaN,C:\Users\tyin363\Documents\repos\graphhopper__graphhopper\web-api\src\main\java\com\graphhopper\ResponsePath.java,187
JDK:java.base,N/A,false,ObjectCreationExpr,java.lang.IllegalArgumentException,IllegalArgumentException,C:\Users\tyin363\Documents\repos\graphhopper__graphhopper\web-api\src\main\java\com\graphhopper\jackson\CustomModelAreasDeserializer.java,28
JDK:java.base,N/A,false,ObjectCreationExpr,java.lang.IllegalArgumentException,IllegalArgumentException,C:\Users\tyin363\Documents\repos\graphhopper__graphhopper\web-api\src\main\java\com\graphhopper\json\Statement.java,35
CLIENT:client-code,N/A,false,MethodCallExpr,com.graphhopper.util.Translation,tr,C:\Users\tyin363\Documents\repos\graphhopper__graphhopper\web-api\src\main\java\com\graphhopper\util\Instruction.java,184
com.fasterxml.jackson.core:jackson-databind,2.19.2,false,MethodCallExpr,com.fasterxml.jackson.databind.JsonNode,asText,C:\Users\tyin363\Documents\repos\graphhopper__graphhopper\web-api\src\main\java\com\graphhopper\jackson\ResponsePathDeserializerHelper.java,257
JDK:java.base,N/A,false,ClassOrInterfaceType,java.lang.Number,Number,C:\Users\tyin363\Documents\repos\graphhopper__graphhopper\web-api\src\main\java\com\graphhopper\util\PMap.java,123
JDK:java.base,N/A,false,ClassOrInterfaceType,java.util.List,List,C:\Users\tyin363\Documents\repos\graphhopper__graphhopper\web-api\src\main\java\com\graphhopper\json\Statement.java,130
JDK:java.base,N/A,false,MethodCallExpr,java.lang.Double,isNaN,C:\Users\tyin363\Documents\repos\graphhopper__graphhopper\web-api\src\main\java\com\graphhopper\util\FinishInstruction.java,25
JDK:java.base,N/A,false,MethodCallExpr,java.util.List,addAll,C:\Users\tyin363\Documents\repos\graphhopper__graphhopper\web-api\src\main\java\com\graphhopper\GHResponse.java,111
org.locationtech.jts:jts-core,1.20.0,true,ClassOrInterfaceType,org.locationtech.jts.geom.Envelope,Envelope,C:\Users\tyin363\Documents\repos\graphhopper__graphhopper\web-api\src\main\java\com\graphhopper\jackson\JtsEnvelopeSerializer.java,29
com.fasterxml.jackson.core:jackson-core,2.19.2,false,ClassOrInterfaceType,com.fasterxml.jackson.core.type.TypeReference,TypeReference,C:\Users\tyin363\Documents\repos\graphhopper__graphhopper\web-api\src\main\java\com\graphhopper\jackson\ResponsePathDeserializerHelper.java,292
JDK:java.base,N/A,false,MethodCallExpr,java.lang.String,length,C:\Users\tyin363\Documents\repos\graphhopper__graphhopper\web-api\src\main\java\com\graphhopper\util\Helper.java,408
CLIENT:client-code,N/A,false,MethodCallExpr,com.graphhopper.util.JsonFeatureCollection,getFeatures,C:\Users\tyin363\Documents\repos\graphhopper__graphhopper\web-api\src\main\java\com\graphhopper\util\CustomModel.java,67
CLIENT:client-code,N/A,false,ClassOrInterfaceType,com.graphhopper.util.Instruction,Instruction,C:\Users\tyin363\Documents\repos\graphhopper__graphhopper\web-api\src\main\java\com\graphhopper\util\InstructionList.java,60
CLIENT:client-code,N/A,false,FieldAccessExpr,com.graphhopper.util.shapes.GHPoint,lat,C:\Users\tyin363\Documents\repos\graphhopper__graphhopper\web-api\src\main\java\com\graphhopper\util\shapes\GHPoint3D.java,53
JDK:java.base,N/A,false,ClassOrInterfaceType,java.lang.IllegalStateException,IllegalStateException,C:\Users\tyin363\Documents\repos\graphhopper__graphhopper\web-api\src\main\java\com\graphhopper\util\RoundaboutInstruction.java,126
JDK:java.base,N/A,false,ClassOrInterfaceType,java.lang.String,String,C:\Users\tyin363\Documents\repos\graphhopper__graphhopper\web-api\src\main\java\com\graphhopper\Trip.java,114
CLIENT:client-code,N/A,false,FieldAccessExpr,com.graphhopper.Trip.Stop,arrivalTime,C:\Users\tyin363\Documents\repos\graphhopper__graphhopper\web-api\src\main\java\com\graphhopper\Trip.java,134
JDK:java.base,N/A,false,ObjectCreationExpr,java.io.BufferedReader,BufferedReader,C:\Users\tyin363\Documents\repos\graphhopper__graphhopper\web-api\src\main\java\com\graphhopper\util\Helper.java,84
JDK:java.base,N/A,false,ClassOrInterfaceType,java.util.List,List,C:\Users\tyin363\Documents\repos\graphhopper__graphhopper\web-api\src\main\java\com\graphhopper\jackson\MultiException.java,26
JDK:java.base,N/A,false,ClassOrInterfaceType,java.lang.RuntimeException,RuntimeException,C:\Users\tyin363\Documents\repos\graphhopper__graphhopper\web-api\src\main\java\com\graphhopper\util\PointList.java,86
JDK:java.base,N/A,false,ClassOrInterfaceType,java.lang.Integer,Integer,C:\Users\tyin363\Documents\repos\graphhopper__graphhopper\web-api\src\main\java\com\graphhopper\jackson\PathDetailSerializer.java,43
CLIENT:client-code,N/A,false,ClassOrInterfaceType,com.graphhopper.jackson.PathDetailDeserializer,PathDetailDeserializer,C:\Users\tyin363\Documents\repos\graphhopper__graphhopper\web-api\src\main\java\com\graphhopper\jackson\GraphHopperModule.java,36
CLIENT:client-code,N/A,false,FieldAccessExpr,com.graphhopper.util.RoundaboutInstruction,radian,C:\Users\tyin363\Documents\repos\graphhopper__graphhopper\web-api\src\main\java\com\graphhopper\util\RoundaboutInstruction.java,93
CLIENT:client-code,N/A,false,ClassOrInterfaceType,com.graphhopper.util.TurnCostsConfig,TurnCostsConfig,C:\Users\tyin363\Documents\repos\graphhopper__graphhopper\web-api\src\main\java\com\graphhopper\util\TurnCostsConfig.java,161
CLIENT:client-code,N/A,false,FieldAccessExpr,com.graphhopper.util.ShallowImmutablePointList,wrappedPointList,C:\Users\tyin363\Documents\repos\graphhopper__graphhopper\web-api\src\main\java\com\graphhopper\util\ShallowImmutablePointList.java,90
org.locationtech.jts:jts-core,1.20.0,true,ClassOrInterfaceType,org.locationtech.jts.geom.Geometry,Geometry,C:\Users\tyin363\Documents\repos\graphhopper__graphhopper\web-api\src\main\java\com\graphhopper\Trip.java,116
JDK:java.base,N/A,false,ClassOrInterfaceType,java.lang.String,String,C:\Users\tyin363\Documents\repos\graphhopper__graphhopper\web-api\src\main\java\com\graphhopper\util\JsonFeature.java,97
com.fasterxml.jackson.core:jackson-databind,2.19.2,false,MethodCallExpr,com.fasterxml.jackson.databind.JsonNode,fields,C:\Users\tyin363\Documents\repos\graphhopper__graphhopper\web-api\src\main\java\com\graphhopper\jackson\CustomModelAreasDeserializer.java,32
com.fasterxml.jackson.core:jackson-databind,2.19.2,false,MethodCallExpr,com.fasterxml.jackson.databind.JsonNode,has,C:\Users\tyin363\Documents\repos\graphhopper__graphhopper\web-api\src\main\java\com\graphhopper\jackson\ResponsePathDeserializerHelper.java,126
JDK:java.base,N/A,false,ClassOrInterfaceType,java.util.ArrayList,ArrayList,C:\Users\tyin363\Documents\repos\graphhopper__graphhopper\web-api\src\main\java\com\graphhopper\GHRequest.java,46
JDK:java.base,N/A,false,ClassOrInterfaceType,java.util.List,List,C:\Users\tyin363\Documents\repos\graphhopper__graphhopper\web-api\src\main\java\com\graphhopper\util\JsonFeatureCollection.java,34
JDK:java.base,N/A,false,ClassOrInterfaceType,java.util.Date,Date,C:\Users\tyin363\Documents\repos\graphhopper__graphhopper\web-api\src\main\java\com\graphhopper\jackson\Gpx.java,39
CLIENT:client-code,N/A,false,MethodCallExpr,com.graphhopper.util.PointList,toString,C:\Users\tyin363\Documents\repos\graphhopper__graphhopper\web-api\src\main\java\com\graphhopper\ResponsePath.java,236
JDK:java.base,N/A,false,ClassOrInterfaceType,java.util.TimeZone,TimeZone,C:\Users\tyin363\Documents\repos\graphhopper__graphhopper\web-api\src\main\java\com\graphhopper\util\Helper.java,35
JDK:java.base,N/A,false,ClassOrInterfaceType,java.lang.String,String,C:\Users\tyin363\Documents\repos\graphhopper__graphhopper\web-api\src\main\java\com\graphhopper\util\Translation.java,30
CLIENT:client-code,N/A,false,FieldAccessExpr,com.graphhopper.util.PointList,EMPTY,C:\Users\tyin363\Documents\repos\graphhopper__graphhopper\web-api\src\main\java\com\graphhopper\ResponsePath.java,105
JDK:java.base,N/A,false,ClassOrInterfaceType,java.lang.IllegalArgumentException,IllegalArgumentException,C:\Users\tyin363\Documents\repos\graphhopper__graphhopper\web-api\src\main\java\com\graphhopper\jackson\StatementDeserializer.java,98
JDK:java.base,N/A,false,ClassOrInterfaceType,java.lang.String,String,C:\Users\tyin363\Documents\repos\graphhopper__graphhopper\web-api\src\main\java\com\graphhopper\Trip.java,113
JDK:java.base,N/A,false,ClassOrInterfaceType,java.lang.IllegalStateException,IllegalStateException,C:\Users\tyin363\Documents\repos\graphhopper__graphhopper\web-api\src\main\java\com\graphhopper\util\PointList.java,214
com.fasterxml.jackson.core:jackson-core,2.19.2,false,MethodCallExpr,com.fasterxml.jackson.core.JsonGenerator,writeObject,C:\Users\tyin363\Documents\repos\graphhopper__graphhopper\web-api\src\main\java\com\graphhopper\jackson\InstructionListSerializer.java,54
JDK:java.base,N/A,false,ClassOrInterfaceType,java.lang.ArrayIndexOutOfBoundsException,ArrayIndexOutOfBoundsException,C:\Users\tyin363\Documents\repos\graphhopper__graphhopper\web-api\src\main\java\com\graphhopper\util\PointList.java,263
JDK:java.base,N/A,false,ClassOrInterfaceType,java.lang.Integer,Integer,C:\Users\tyin363\Documents\repos\graphhopper__graphhopper\web-api\src\main\java\com\graphhopper\jackson\PathDetailSerializer.java,42
JDK:java.base,N/A,false,MethodCallExpr,java.lang.String,startsWith,C:\Users\tyin363\Documents\repos\graphhopper__graphhopper\web-api\src\main\java\com\graphhopper\util\Helper.java,75
JDK:java.base,N/A,false,MethodCallExpr,java.lang.String,substring,C:\Users\tyin363\Documents\repos\graphhopper__graphhopper\web-api\src\main\java\com\graphhopper\util\PMap.java,81
com.fasterxml.jackson.core:jackson-databind,2.19.2,false,MethodCallExpr,com.fasterxml.jackson.databind.JsonNode,get,C:\Users\tyin363\Documents\repos\graphhopper__graphhopper\web-api\src\main\java\com\graphhopper\jackson\StatementDeserializer.java,90
CLIENT:client-code,N/A,false,ClassOrInterfaceType,com.graphhopper.util.exceptions.GHException,GHException,C:\Users\tyin363\Documents\repos\graphhopper__graphhopper\web-api\src\main\java\com\graphhopper\jackson\MultiExceptionSerializer.java,43
JDK:java.base,N/A,false,MethodCallExpr,java.util.stream.Stream,collect,C:\Users\tyin363\Documents\repos\graphhopper__graphhopper\web-api\src\main\java\com\graphhopper\util\PMap.java,147
CLIENT:client-code,N/A,false,ClassOrInterfaceType,com.graphhopper.util.InstructionList,InstructionList,C:\Users\tyin363\Documents\repos\graphhopper__graphhopper\web-api\src\main\java\com\graphhopper\ResponsePath.java,43
CLIENT:client-code,N/A,false,FieldAccessExpr,com.graphhopper.util.TurnCostsConfig,minTurnAngle,C:\Users\tyin363\Documents\repos\graphhopper__graphhopper\web-api\src\main\java\com\graphhopper\util\TurnCostsConfig.java,162
CLIENT:client-code,N/A,false,ClassOrInterfaceType,com.graphhopper.util.PointList,PointList,C:\Users\tyin363\Documents\repos\graphhopper__graphhopper\web-api\src\main\java\com\graphhopper\util\Helper.java,227
JDK:java.base,N/A,false,FieldAccessExpr,java.util.Collections,EMPTY_LIST,C:\Users\tyin363\Documents\repos\graphhopper__graphhopper\web-api\src\main\java\com\graphhopper\GHRequest.java,218
JDK:java.base,N/A,false,ObjectCreationExpr,java.lang.IllegalStateException,IllegalStateException,C:\Users\tyin363\Documents\repos\graphhopper__graphhopper\web-api\src\main\java\com\graphhopper\util\RoundaboutInstruction.java,126
JDK:java.base,N/A,false,ObjectCreationExpr,java.lang.IllegalArgumentException,IllegalArgumentException,C:\Users\tyin363\Documents\repos\graphhopper__graphhopper\web-api\src\main\java\com\graphhopper\json\Statement.java,33
CLIENT:client-code,N/A,false,MethodCallExpr,com.graphhopper.util.Translation,tr,C:\Users\tyin363\Documents\repos\graphhopper__graphhopper\web-api\src\main\java\com\graphhopper\util\Instruction.java,182
JDK:java.base,N/A,false,ClassOrInterfaceType,java.lang.Object,Object,C:\Users\tyin363\Documents\repos\graphhopper__graphhopper\web-api\src\main\java\com\graphhopper\util\JsonFeature.java,72
CLIENT:client-code,N/A,false,MethodCallExpr,com.graphhopper.util.Helper,readFile,C:\Users\tyin363\Documents\repos\graphhopper__graphhopper\web-api\src\main\java\com\graphhopper\util\Helper.java,80
JDK:java.base,N/A,false,ClassOrInterfaceType,java.lang.IllegalArgumentException,IllegalArgumentException,C:\Users\tyin363\Documents\repos\graphhopper__graphhopper\web-api\src\main\java\com\graphhopper\json\Statement.java,35
JDK:java.base,N/A,false,ClassOrInterfaceType,java.lang.String,String,C:\Users\tyin363\Documents\repos\graphhopper__graphhopper\web-api\src\main\java\com\graphhopper\ResponsePath.java,64
JDK:java.base,N/A,false,MethodCallExpr,java.util.List,addAll,C:\Users\tyin363\Documents\repos\graphhopper__graphhopper\web-api\src\main\java\com\graphhopper\GHResponse.java,113
CLIENT:client-code,N/A,false,ObjectCreationExpr,com.graphhopper.json.Statement,Statement,C:\Users\tyin363\Documents\repos\graphhopper__graphhopper\web-api\src\main\java\com\graphhopper\json\Statement.java,131
CLIENT:client-code,N/A,false,FieldAccessExpr,com.graphhopper.util.JsonFeature,properties,C:\Users\tyin363\Documents\repos\graphhopper__graphhopper\web-api\src\main\java\com\graphhopper\util\JsonFeature.java,49
com.fasterxml.jackson.core:jackson-databind,2.19.2,false,MethodCallExpr,com.fasterxml.jackson.databind.JsonNode,isArray,C:\Users\tyin363\Documents\repos\graphhopper__graphhopper\web-api\src\main\java\com\graphhopper\jackson\ResponsePathDeserializerHelper.java,62
JDK:java.base,N/A,false,ObjectCreationExpr,java.lang.RuntimeException,RuntimeException,C:\Users\tyin363\Documents\repos\graphhopper__graphhopper\web-api\src\main\java\com\graphhopper\util\PointList.java,46
CLIENT:client-code,N/A,false,ClassOrInterfaceType,com.graphhopper.json.Statement,Statement,C:\Users\tyin363\Documents\repos\graphhopper__graphhopper\web-api\src\main\java\com\graphhopper\json\Statement.java,27
JDK:java.base,N/A,false,MethodCallExpr,java.lang.String,trim,C:\Users\tyin363\Documents\repos\graphhopper__graphhopper\web-api\src\main\java\com\graphhopper\util\PointList.java,504
JDK:java.base,N/A,false,ClassOrInterfaceType,java.util.Map,Map,C:\Users\tyin363\Documents\repos\graphhopper__graphhopper\web-api\src\main\java\com\graphhopper\util\PMap.java,43
JDK:java.base,N/A,false,ClassOrInterfaceType,java.util.Map.Entry,Entry,C:\Users\tyin363\Documents\repos\graphhopper__graphhopper\web-api\src\main\java\com\graphhopper\jackson\ResponsePathDeserializerHelper.java,148
JDK:java.base,N/A,false,MethodCallExpr,java.lang.Math,abs,C:\Users\tyin363\Documents\repos\graphhopper__graphhopper\web-api\src\main\java\com\graphhopper\util\NumHelper.java,31
JDK:java.base,N/A,false,ClassOrInterfaceType,java.lang.String,String,C:\Users\tyin363\Documents\repos\graphhopper__graphhopper\web-api\src\main\java\com\graphhopper\Trip.java,108
JDK:java.base,N/A,false,ObjectCreationExpr,java.lang.IllegalArgumentException,IllegalArgumentException,C:\Users\tyin363\Documents\repos\graphhopper__graphhopper\web-api\src\main\java\com\graphhopper\json\Statement.java,41
com.fasterxml.jackson.core:jackson-databind,2.19.2,false,MethodCallExpr,com.fasterxml.jackson.databind.JsonNode,get,C:\Users\tyin363\Documents\repos\graphhopper__graphhopper\web-api\src\main\java\com\graphhopper\jackson\ResponsePathDeserializerHelper.java,163
JDK:java.base,N/A,false,ClassOrInterfaceType,java.util.List,List,C:\Users\tyin363\Documents\repos\graphhopper__graphhopper\web-api\src\main\java\com\graphhopper\jackson\MultiException.java,28
CLIENT:client-code,N/A,false,MethodCallExpr,com.graphhopper.util.details.PathDetail,setFirst,C:\Users\tyin363\Documents\repos\graphhopper__graphhopper\web-api\src\main\java\com\graphhopper\jackson\PathDetailDeserializer.java,58
JDK:java.base,N/A,false,ClassOrInterfaceType,java.util.ArrayList,ArrayList,C:\Users\tyin363\Documents\repos\graphhopper__graphhopper\web-api\src\main\java\com\graphhopper\GHRequest.java,44
CLIENT:client-code,N/A,false,FieldAccessExpr,com.graphhopper.Trip.Stop,stop_name,C:\Users\tyin363\Documents\repos\graphhopper__graphhopper\web-api\src\main\java\com\graphhopper\Trip.java,53
CLIENT:client-code,N/A,false,ClassOrInterfaceType,com.graphhopper.util.PointAccess,PointAccess,C:\Users\tyin363\Documents\repos\graphhopper__graphhopper\web-api\src\main\java\com\graphhopper\util\FinishInstruction.java,40
CLIENT:client-code,N/A,false,FieldAccessExpr,com.graphhopper.util.ShallowImmutablePointList,wrappedPointList,C:\Users\tyin363\Documents\repos\graphhopper__graphhopper\web-api\src\main\java\com\graphhopper\util\ShallowImmutablePointList.java,96
JDK:java.base,N/A,false,ClassOrInterfaceType,java.util.Map,Map,C:\Users\tyin363\Documents\repos\graphhopper__graphhopper\web-api\src\main\java\com\graphhopper\Trip.java,81
JDK:java.base,N/A,false,ClassOrInterfaceType,java.lang.Number,Number,C:\Users\tyin363\Documents\repos\graphhopper__graphhopper\web-api\src\main\java\com\graphhopper\util\PMap.java,128
JDK:java.base,N/A,false,MethodCallExpr,java.lang.String,trim,C:\Users\tyin363\Documents\repos\graphhopper__graphhopper\web-api\src\main\java\com\graphhopper\util\PointList.java,505
JDK:java.base,N/A,false,ClassOrInterfaceType,java.lang.String,String,C:\Users\tyin363\Documents\repos\graphhopper__graphhopper\web-api\src\main\java\com\graphhopper\util\Parameters.java,42
JDK:java.base,N/A,false,ClassOrInterfaceType,java.lang.String,String,C:\Users\tyin363\Documents\repos\graphhopper__graphhopper\web-api\src\main\java\com\graphhopper\util\PMap.java,102
JDK:java.base,N/A,false,MethodCallExpr,java.lang.String,startsWith,C:\Users\tyin363\Documents\repos\graphhopper__graphhopper\web-api\src\main\java\com\graphhopper\util\Helper.java,69
JDK:java.base,N/A,false,ClassOrInterfaceType,java.lang.String,String,C:\Users\tyin363\Documents\repos\graphhopper__graphhopper\web-api\src\main\java\com\graphhopper\util\Translation.java,28
CLIENT:client-code,N/A,false,FieldAccessExpr,com.graphhopper.util.CustomModel,priorityStatements,C:\Users\tyin363\Documents\repos\graphhopper__graphhopper\web-api\src\main\java\com\graphhopper\util\CustomModel.java,184
CLIENT:client-code,N/A,false,MethodCallExpr,com.graphhopper.util.Instruction,getSign,C:\Users\tyin363\Documents\repos\graphhopper__graphhopper\web-api\src\main\java\com\graphhopper\util\Instruction.java,176
JDK:java.base,N/A,false,ClassOrInterfaceType,java.util.List,List,C:\Users\tyin363\Documents\repos\graphhopper__graphhopper\web-api\src\main\java\com\graphhopper\jackson\Gpx.java,64
CLIENT:client-code,N/A,false,MethodCallExpr,com.graphhopper.util.PointList,add,C:\Users\tyin363\Documents\repos\graphhopper__graphhopper\web-api\src\main\java\com\graphhopper\util\PointList.java,428
CLIENT:client-code,N/A,false,ClassOrInterfaceType,com.graphhopper.util.Translation,Translation,C:\Users\tyin363\Documents\repos\graphhopper__graphhopper\web-api\src\main\java\com\graphhopper\util\RoundaboutInstruction.java,111
CLIENT:client-code,N/A,false,ClassOrInterfaceType,com.graphhopper.ResponsePath,ResponsePath,C:\Users\tyin363\Documents\repos\graphhopper__graphhopper\web-api\src\main\java\com\graphhopper\jackson\ResponsePathSerializer.java,93
JDK:java.base,N/A,false,ClassOrInterfaceType,java.lang.RuntimeException,RuntimeException,C:\Users\tyin363\Documents\repos\graphhopper__graphhopper\web-api\src\main\java\com\graphhopper\ResponsePath.java,285
JDK:java.base,N/A,false,MethodCallExpr,java.lang.Double,isNaN,C:\Users\tyin363\Documents\repos\graphhopper__graphhopper\web-api\src\main\java\com\graphhopper\util\RoundaboutInstruction.java,103
JDK:java.base,N/A,false,ObjectCreationExpr,java.util.ArrayList,ArrayList,C:\Users\tyin363\Documents\repos\graphhopper__graphhopper\web-api\src\main\java\com\graphhopper\jackson\Gpx.java,49
org.locationtech.jts:jts-core,1.20.0,true,ClassOrInterfaceType,org.locationtech.jts.geom.Envelope,Envelope,C:\Users\tyin363\Documents\repos\graphhopper__graphhopper\web-api\src\main\java\com\graphhopper\util\JsonFeature.java,37
JDK:java.base,N/A,false,ClassOrInterfaceType,java.lang.String,String,C:\Users\tyin363\Documents\repos\graphhopper__graphhopper\web-api\src\main\java\com\graphhopper\util\Parameters.java,174
CLIENT:client-code,N/A,false,MethodCallExpr,com.graphhopper.util.PointList,getLat,C:\Users\tyin363\Documents\repos\graphhopper__graphhopper\web-api\src\main\java\com\graphhopper\jackson\ResponsePathSerializer.java,55
CLIENT:client-code,N/A,false,MethodCallExpr,com.graphhopper.util.PointList,isImmutable,C:\Users\tyin363\Documents\repos\graphhopper__graphhopper\web-api\src\main\java\com\graphhopper\util\PointList.java,463
org.locationtech.jts:jts-core,1.20.0,true,ObjectCreationExpr,org.locationtech.jts.geom.GeometryFactory,GeometryFactory,C:\Users\tyin363\Documents\repos\graphhopper__graphhopper\web-api\src\main\java\com\graphhopper\util\PointList.java,42
JDK:java.base,N/A,false,ObjectCreationExpr,java.lang.IllegalArgumentException,IllegalArgumentException,C:\Users\tyin363\Documents\repos\graphhopper__graphhopper\web-api\src\main\java\com\graphhopper\json\Statement.java,39
CLIENT:client-code,N/A,false,MethodCallExpr,com.graphhopper.util.Helper,readFile,C:\Users\tyin363\Documents\repos\graphhopper__graphhopper\web-api\src\main\java\com\graphhopper\util\Helper.java,74
CLIENT:client-code,N/A,false,MethodCallExpr,com.graphhopper.util.PointList,add,C:\Users\tyin363\Documents\repos\graphhopper__graphhopper\web-api\src\main\java\com\graphhopper\util\Helper.java,229
org.locationtech.jts:jts-core,1.20.0,true,ObjectCreationExpr,org.locationtech.jts.geom.Coordinate,Coordinate,C:\Users\tyin363\Documents\repos\graphhopper__graphhopper\web-api\src\main\java\com\graphhopper\util\PointList.java,362
JDK:java.base,N/A,false,FieldAccessExpr,java.lang.Double,NaN,C:\Users\tyin363\Documents\repos\graphhopper__graphhopper\web-api\src\main\java\com\graphhopper\util\PointList.java,281
JDK:java.base,N/A,false,ClassOrInterfaceType,java.lang.String,String,C:\Users\tyin363\Documents\repos\graphhopper__graphhopper\web-api\src\main\java\com\graphhopper\ResponsePath.java,58
CLIENT:client-code,N/A,false,ClassOrInterfaceType,com.graphhopper.util.shapes.GHPoint3D,GHPoint3D,C:\Users\tyin363\Documents\repos\graphhopper__graphhopper\web-api\src\main\java\com\graphhopper\util\PointList.java,510
JDK:java.base,N/A,false,ClassOrInterfaceType,java.lang.IllegalArgumentException,IllegalArgumentException,C:\Users\tyin363\Documents\repos\graphhopper__graphhopper\web-api\src\main\java\com\graphhopper\json\Statement.java,37
CLIENT:client-code,N/A,false,MethodCallExpr,com.graphhopper.util.Translation,tr,C:\Users\tyin363\Documents\repos\graphhopper__graphhopper\web-api\src\main\java\com\graphhopper\util\Instruction.java,188
com.fasterxml.jackson.core:jackson-databind,2.19.2,false,MethodCallExpr,com.fasterxml.jackson.databind.JsonNode,asInt,C:\Users\tyin363\Documents\repos\graphhopper__graphhopper\web-api\src\main\java\com\graphhopper\jackson\ResponsePathDeserializerHelper.java,86
JDK:java.base,N/A,false,ClassOrInterfaceType,java.lang.Object,Object,C:\Users\tyin363\Documents\repos\graphhopper__graphhopper\web-api\src\main\java\com\graphhopper\util\PMap.java,85
CLIENT:client-code,N/A,false,ClassOrInterfaceType,com.graphhopper.util.RoundaboutInstruction,RoundaboutInstruction,C:\Users\tyin363\Documents\repos\graphhopper__graphhopper\web-api\src\main\java\com\graphhopper\jackson\ResponsePathDeserializerHelper.java,97
JDK:java.base,N/A,false,ClassOrInterfaceType,java.io.IOException,IOException,C:\Users\tyin363\Documents\repos\graphhopper__graphhopper\web-api\src\main\java\com\graphhopper\jackson\JtsEnvelopeSerializer.java,31
JDK:java.base,N/A,false,ClassOrInterfaceType,java.lang.IllegalArgumentException,IllegalArgumentException,C:\Users\tyin363\Documents\repos\graphhopper__graphhopper\web-api\src\main\java\com\graphhopper\jackson\StatementDeserializer.java,95
JDK:java.base,N/A,false,ClassOrInterfaceType,java.util.Map.Entry,Entry,C:\Users\tyin363\Documents\repos\graphhopper__graphhopper\web-api\src\main\java\com\graphhopper\jackson\ResponsePathDeserializerHelper.java,150
JDK:java.base,N/A,false,ClassOrInterfaceType,java.lang.Throwable,Throwable,C:\Users\tyin363\Documents\repos\graphhopper__graphhopper\web-api\src\main\java\com\graphhopper\jackson\MultiException.java,37
JDK:java.base,N/A,false,MethodCallExpr,java.util.Map,get,C:\Users\tyin363\Documents\repos\graphhopper__graphhopper\web-api\src\main\java\com\graphhopper\ResponsePath.java,270
JDK:java.base,N/A,false,ClassOrInterfaceType,java.lang.String,String,C:\Users\tyin363\Documents\repos\graphhopper__graphhopper\web-api\src\main\java\com\graphhopper\Trip.java,110
com.fasterxml.jackson.core:jackson-databind,2.19.2,false,MethodCallExpr,com.fasterxml.jackson.databind.JsonNode,get,C:\Users\tyin363\Documents\repos\graphhopper__graphhopper\web-api\src\main\java\com\graphhopper\jackson\StatementDeserializer.java,95
CLIENT:client-code,N/A,false,ClassOrInterfaceType,com.graphhopper.json.Statement,Statement,C:\Users\tyin363\Documents\repos\graphhopper__graphhopper\web-api\src\main\java\com\graphhopper\jackson\StatementDeserializer.java,51
CLIENT:client-code,N/A,false,MethodCallExpr,com.graphhopper.util.Helper,firstBig,C:\Users\tyin363\Documents\repos\graphhopper__graphhopper\web-api\src\main\java\com\graphhopper\jackson\InstructionListSerializer.java,41
CLIENT:client-code,N/A,false,MethodCallExpr,com.graphhopper.jackson.StatementDeserializer,deserializeStatement,C:\Users\tyin363\Documents\repos\graphhopper__graphhopper\web-api\src\main\java\com\graphhopper\jackson\StatementDeserializer.java,53
JDK:java.base,N/A,false,ClassOrInterfaceType,java.lang.String,String,C:\Users\tyin363\Documents\repos\graphhopper__graphhopper\web-api\src\main\java\com\graphhopper\util\JsonFeature.java,93
com.fasterxml.jackson.core:jackson-databind,2.19.2,false,ClassOrInterfaceType,com.fasterxml.jackson.databind.JsonNode,JsonNode,C:\Users\tyin363\Documents\repos\graphhopper__graphhopper\web-api\src\main\java\com\graphhopper\jackson\CustomModelAreasDeserializer.java,34
JDK:java.base,N/A,false,ClassOrInterfaceType,java.util.Locale,Locale,C:\Users\tyin363\Documents\repos\graphhopper__graphhopper\web-api\src\main\java\com\graphhopper\util\Helper.java,46
CLIENT:client-code,N/A,false,MethodCallExpr,com.graphhopper.util.CustomModel,deepCopy,C:\Users\tyin363\Documents\repos\graphhopper__graphhopper\web-api\src\main\java\com\graphhopper\util\CustomModel.java,95
CLIENT:client-code,N/A,false,ClassOrInterfaceType,com.graphhopper.util.shapes.GHPoint3D,GHPoint3D,C:\Users\tyin363\Documents\repos\graphhopper__graphhopper\web-api\src\main\java\com\graphhopper\util\PointList.java,509
CLIENT:client-code,N/A,false,FieldAccessExpr,com.graphhopper.util.InstructionList,tr,C:\Users\tyin363\Documents\repos\graphhopper__graphhopper\web-api\src\main\java\com\graphhopper\util\InstructionList.java,36
JDK:java.base,N/A,false,ClassOrInterfaceType,java.util.ArrayList,ArrayList,C:\Users\tyin363\Documents\repos\graphhopper__graphhopper\web-api\src\main\java\com\graphhopper\GHRequest.java,42
JDK:java.base,N/A,false,ClassOrInterfaceType,java.util.List,List,C:\Users\tyin363\Documents\repos\graphhopper__graphhopper\web-api\src\main\java\com\graphhopper\ResponsePath.java,306
CLIENT:client-code,N/A,false,MethodCallExpr,com.graphhopper.util.PointList,getLon,C:\Users\tyin363\Documents\repos\graphhopper__graphhopper\web-api\src\main\java\com\graphhopper\util\PointList.java,488
CLIENT:client-code,N/A,false,FieldAccessExpr,com.graphhopper.util.shapes.GHPoint,lon,C:\Users\tyin363\Documents\repos\graphhopper__graphhopper\web-api\src\main\java\com\graphhopper\util\shapes\GHPoint3D.java,53
CLIENT:client-code,N/A,false,MethodCallExpr,com.graphhopper.util.InstructionList,size,C:\Users\tyin363\Documents\repos\graphhopper__graphhopper\web-api\src\main\java\com\graphhopper\jackson\InstructionListSerializer.java,35
JDK:java.base,N/A,false,MethodCallExpr,java.util.Iterator,hasNext,C:\Users\tyin363\Documents\repos\graphhopper__graphhopper\web-api\src\main\java\com\graphhopper\jackson\ResponsePathDeserializerHelper.java,149
CLIENT:client-code,N/A,false,ClassOrInterfaceType,com.graphhopper.util.CustomModel,CustomModel,C:\Users\tyin363\Documents\repos\graphhopper__graphhopper\web-api\src\main\java\com\graphhopper\util\CustomModel.java,82
JDK:java.base,N/A,false,MethodCallExpr,java.lang.String,indexOf,C:\Users\tyin363\Documents\repos\graphhopper__graphhopper\web-api\src\main\java\com\graphhopper\util\PMap.java,56
JDK:java.base,N/A,false,ObjectCreationExpr,java.lang.UnsupportedOperationException,UnsupportedOperationException,C:\Users\tyin363\Documents\repos\graphhopper__graphhopper\web-api\src\main\java\com\graphhopper\util\PointList.java,539
JDK:java.base,N/A,false,MethodCallExpr,java.lang.String,substring,C:\Users\tyin363\Documents\repos\graphhopper__graphhopper\web-api\src\main\java\com\graphhopper\util\PMap.java,77
CLIENT:client-code,N/A,false,FieldAccessExpr,com.graphhopper.util.Instruction,REACHED_VIA,C:\Users\tyin363\Documents\repos\graphhopper__graphhopper\web-api\src\main\java\com\graphhopper\jackson\ResponsePathDeserializerHelper.java,116
JDK:java.base,N/A,false,ClassOrInterfaceType,java.lang.IllegalStateException,IllegalStateException,C:\Users\tyin363\Documents\repos\graphhopper__graphhopper\web-api\src\main\java\com\graphhopper\jackson\ResponsePathDeserializerHelper.java,262
JDK:java.base,N/A,false,ClassOrInterfaceType,java.lang.String,String,C:\Users\tyin363\Documents\repos\graphhopper__graphhopper\web-api\src\main\java\com\graphhopper\util\exceptions\GHException.java,28
CLIENT:client-code,N/A,false,ObjectCreationExpr,com.graphhopper.util.PointList,PointList,C:\Users\tyin363\Documents\repos\graphhopper__graphhopper\web-api\src\main\java\com\graphhopper\util\PointList.java,461
com.fasterxml.jackson.core:jackson-databind,2.19.2,false,ClassOrInterfaceType,com.fasterxml.jackson.databind.JsonNode,JsonNode,C:\Users\tyin363\Documents\repos\graphhopper__graphhopper\web-api\src\main\java\com\graphhopper\jackson\StatementDeserializer.java,61
JDK:java.base,N/A,false,FieldAccessExpr,java.lang.Double,NaN,C:\Users\tyin363\Documents\repos\graphhopper__graphhopper\web-api\src\main\java\com\graphhopper\util\Helper.java,217
JDK:java.base,N/A,false,MethodCallExpr,java.util.Map,entrySet,C:\Users\tyin363\Documents\repos\graphhopper__graphhopper\web-api\src\main\java\com\graphhopper\ResponsePath.java,268
JDK:java.base,N/A,false,ObjectCreationExpr,java.util.NoSuchElementException,NoSuchElementException,C:\Users\tyin363\Documents\repos\graphhopper__graphhopper\web-api\src\main\java\com\graphhopper\util\PointList.java,530
CLIENT:client-code,N/A,false,MethodCallExpr,com.graphhopper.jackson.ResponsePathDeserializerHelper,toMap,C:\Users\tyin363\Documents\repos\graphhopper__graphhopper\web-api\src\main\java\com\graphhopper\jackson\ResponsePathDeserializerHelper.java,281
CLIENT:client-code,N/A,false,FieldAccessExpr,com.graphhopper.util.PointList,longitudes,C:\Users\tyin363\Documents\repos\graphhopper__graphhopper\web-api\src\main\java\com\graphhopper\util\PointList.java,465
JDK:java.base,N/A,false,ObjectCreationExpr,java.lang.IllegalArgumentException,IllegalArgumentException,C:\Users\tyin363\Documents\repos\graphhopper__graphhopper\web-api\src\main\java\com\graphhopper\json\Statement.java,37
CLIENT:client-code,N/A,false,ObjectCreationExpr,com.graphhopper.json.MinMax,MinMax,C:\Users\tyin363\Documents\repos\graphhopper__graphhopper\web-api\src\main\java\com\graphhopper\json\Statement.java,121
JDK:java.base,N/A,false,ClassOrInterfaceType,java.lang.IllegalStateException,IllegalStateException,C:\Users\tyin363\Documents\repos\graphhopper__graphhopper\web-api\src\main\java\com\graphhopper\jackson\ResponsePathDeserializerHelper.java,261
com.fasterxml.jackson.core:jackson-databind,2.19.2,false,MethodCallExpr,com.fasterxml.jackson.databind.JsonNode,asInt,C:\Users\tyin363\Documents\repos\graphhopper__graphhopper\web-api\src\main\java\com\graphhopper\jackson\ResponsePathDeserializerHelper.java,88
JDK:java.base,N/A,false,ClassOrInterfaceType,java.util.ArrayList,ArrayList,C:\Users\tyin363\Documents\repos\graphhopper__graphhopper\web-api\src\main\java\com\graphhopper\GHRequest.java,43
JDK:java.base,N/A,false,MethodCallExpr,java.util.List,get,C:\Users\tyin363\Documents\repos\graphhopper__graphhopper\web-api\src\main\java\com\graphhopper\Trip.java,117
CLIENT:client-code,N/A,false,MethodCallExpr,com.graphhopper.util.Translation,tr,C:\Users\tyin363\Documents\repos\graphhopper__graphhopper\web-api\src\main\java\com\graphhopper\util\Instruction.java,186
CLIENT:client-code,N/A,false,ClassOrInterfaceType,com.graphhopper.util.exceptions.ConnectionNotFoundException,ConnectionNotFoundException,C:\Users\tyin363\Documents\repos\graphhopper__graphhopper\web-api\src\main\java\com\graphhopper\jackson\ResponsePathDeserializerHelper.java,267
JDK:java.base,N/A,false,ClassOrInterfaceType,java.lang.StringBuilder,StringBuilder,C:\Users\tyin363\Documents\repos\graphhopper__graphhopper\web-api\src\main\java\com\graphhopper\jackson\ResponsePathSerializer.java,70
JDK:java.base,N/A,false,ClassOrInterfaceType,java.lang.IllegalArgumentException,IllegalArgumentException,C:\Users\tyin363\Documents\repos\graphhopper__graphhopper\web-api\src\main\java\com\graphhopper\json\Statement.java,39
JDK:java.base,N/A,false,MethodCallExpr,java.util.List,isEmpty,C:\Users\tyin363\Documents\repos\graphhopper__graphhopper\web-api\src\main\java\com\graphhopper\GHResponse.java,154
CLIENT:client-code,N/A,false,MethodCallExpr,com.graphhopper.ResponsePath,hasErrors,C:\Users\tyin363\Documents\repos\graphhopper__graphhopper\web-api\src\main\java\com\graphhopper\ResponsePath.java,240
JDK:java.base,N/A,false,MethodCallExpr,java.util.Set,contains,C:\Users\tyin363\Documents\repos\graphhopper__graphhopper\web-api\src\main\java\com\graphhopper\util\CustomModel.java,70
JDK:java.base,N/A,false,ClassOrInterfaceType,java.util.Map,Map,C:\Users\tyin363\Documents\repos\graphhopper__graphhopper\web-api\src\main\java\com\graphhopper\util\Instruction.java,98
CLIENT:client-code,N/A,false,FieldAccessExpr,com.graphhopper.ResponsePath,debugInfo,C:\Users\tyin363\Documents\repos\graphhopper__graphhopper\web-api\src\main\java\com\graphhopper\ResponsePath.java,74
JDK:java.base,N/A,false,ClassOrInterfaceType,java.lang.String,String,C:\Users\tyin363\Documents\repos\graphhopper__graphhopper\web-api\src\main\java\com\graphhopper\util\Helper.java,412
CLIENT:client-code,N/A,false,FieldAccessExpr,com.graphhopper.util.Instruction,TURN_SLIGHT_LEFT,C:\Users\tyin363\Documents\repos\graphhopper__graphhopper\web-api\src\main\java\com\graphhopper\util\Instruction.java,210
com.fasterxml.jackson.core:jackson-databind,2.19.2,false,MethodCallExpr,com.fasterxml.jackson.databind.JsonNode,size,C:\Users\tyin363\Documents\repos\graphhopper__graphhopper\web-api\src\main\java\com\graphhopper\jackson\ResponsePathDeserializerHelper.java,147
JDK:java.base,N/A,false,ObjectCreationExpr,java.lang.IllegalArgumentException,IllegalArgumentException,C:\Users\tyin363\Documents\repos\graphhopper__graphhopper\web-api\src\main\java\com\graphhopper\util\shapes\GHPoint.java,59
JDK:java.base,N/A,false,ClassOrInterfaceType,java.io.Reader,Reader,C:\Users\tyin363\Documents\repos\graphhopper__graphhopper\web-api\src\main\java\com\graphhopper\util\Helper.java,83
com.fasterxml.jackson.core:jackson-databind,2.19.2,false,MethodCallExpr,com.fasterxml.jackson.databind.JsonNode,has,C:\Users\tyin363\Documents\repos\graphhopper__graphhopper\web-api\src\main\java\com\graphhopper\jackson\StatementDeserializer.java,58
JDK:java.base,N/A,false,MethodCallExpr,java.lang.StringBuilder,append,C:\Users\tyin363\Documents\repos\graphhopper__graphhopper\web-api\src\main\java\com\graphhopper\util\PointList.java,340
CLIENT:client-code,N/A,false,MethodCallExpr,com.graphhopper.util.PointList,getLat,C:\Users\tyin363\Documents\repos\graphhopper__graphhopper\web-api\src\main\java\com\graphhopper\util\PointList.java,487
JDK:java.base,N/A,false,ClassOrInterfaceType,java.lang.String,String,C:\Users\tyin363\Documents\repos\graphhopper__graphhopper\web-api\src\main\java\com\graphhopper\GHRequest.java,44
com.fasterxml.jackson.core:jackson-databind,2.19.2,false,MethodCallExpr,com.fasterxml.jackson.databind.JsonNode,asText,C:\Users\tyin363\Documents\repos\graphhopper__graphhopper\web-api\src\main\java\com\graphhopper\jackson\StatementDeserializer.java,57
com.fasterxml.jackson.core:jackson-core,2.19.2,false,MethodCallExpr,com.fasterxml.jackson.core.JsonGenerator,writeNumber,C:\Users\tyin363\Documents\repos\graphhopper__graphhopper\web-api\src\main\java\com\graphhopper\jackson\JtsEnvelopeSerializer.java,34
com.fasterxml.jackson.core:jackson-databind,2.19.2,false,MethodCallExpr,com.fasterxml.jackson.databind.JsonNode,size,C:\Users\tyin363\Documents\repos\graphhopper__graphhopper\web-api\src\main\java\com\graphhopper\jackson\StatementDeserializer.java,69
JDK:java.base,N/A,false,ClassOrInterfaceType,java.lang.IllegalStateException,IllegalStateException,C:\Users\tyin363\Documents\repos\graphhopper__graphhopper\web-api\src\main\java\com\graphhopper\ResponsePath.java,188
CLIENT:client-code,N/A,false,MethodCallExpr,com.graphhopper.util.PointList,isImmutable,C:\Users\tyin363\Documents\repos\graphhopper__graphhopper\web-api\src\main\java\com\graphhopper\util\PointList.java,566
JDK:java.base,N/A,false,ClassOrInterfaceType,java.lang.String,String,C:\Users\tyin363\Documents\repos\graphhopper__graphhopper\web-api\src\main\java\com\graphhopper\util\Parameters.java,54
com.fasterxml.jackson.core:jackson-databind,2.19.2,false,MethodCallExpr,com.fasterxml.jackson.databind.JsonNode,get,C:\Users\tyin363\Documents\repos\graphhopper__graphhopper\web-api\src\main\java\com\graphhopper\jackson\ResponsePathDeserializerHelper.java,43
CLIENT:client-code,N/A,false,ClassOrInterfaceType,com.graphhopper.util.Instruction,Instruction,C:\Users\tyin363\Documents\repos\graphhopper__graphhopper\web-api\src\main\java\com\graphhopper\util\ViaInstruction.java,23
JDK:java.base,N/A,false,ClassOrInterfaceType,java.lang.String,String,C:\Users\tyin363\Documents\repos\graphhopper__graphhopper\web-api\src\main\java\com\graphhopper\json\Statement.java,150
CLIENT:client-code,N/A,false,ObjectCreationExpr,com.graphhopper.util.details.PathDetail,PathDetail,C:\Users\tyin363\Documents\repos\graphhopper__graphhopper\web-api\src\main\java\com\graphhopper\jackson\PathDetailDeserializer.java,50
com.fasterxml.jackson.core:jackson-databind,2.19.2,false,MethodCallExpr,com.fasterxml.jackson.databind.JsonNode,has,C:\Users\tyin363\Documents\repos\graphhopper__graphhopper\web-api\src\main\java\com\graphhopper\jackson\ResponsePathDeserializerHelper.java,103
JDK:java.base,N/A,false,ClassOrInterfaceType,java.util.Locale,Locale,C:\Users\tyin363\Documents\repos\graphhopper__graphhopper\web-api\src\main\java\com\graphhopper\util\Helper.java,56
CLIENT:client-code,N/A,false,MethodCallExpr,com.graphhopper.util.JsonFeatureCollection,getFeatures,C:\Users\tyin363\Documents\repos\graphhopper__graphhopper\web-api\src\main\java\com\graphhopper\util\CustomModel.java,57
JDK:java.base,N/A,false,ObjectCreationExpr,java.util.ArrayList,ArrayList,C:\Users\tyin363\Documents\repos\graphhopper__graphhopper\web-api\src\main\java\com\graphhopper\util\Helper.java,411
JDK:java.base,N/A,false,MethodCallExpr,java.lang.Number,doubleValue,C:\Users\tyin363\Documents\repos\graphhopper__graphhopper\web-api\src\main\java\com\graphhopper\util\PMap.java,128
JDK:java.base,N/A,false,ClassOrInterfaceType,java.lang.RuntimeException,RuntimeException,C:\Users\tyin363\Documents\repos\graphhopper__graphhopper\web-api\src\main\java\com\graphhopper\util\PointList.java,81
JDK:java.base,N/A,false,ClassOrInterfaceType,java.lang.String,String,C:\Users\tyin363\Documents\repos\graphhopper__graphhopper\web-api\src\main\java\com\graphhopper\util\exceptions\MaximumNodesExceededException.java,28
JDK:java.base,N/A,false,ClassOrInterfaceType,java.lang.String,String,C:\Users\tyin363\Documents\repos\graphhopper__graphhopper\web-api\src\main\java\com\graphhopper\util\Helper.java,411
CLIENT:client-code,N/A,false,FieldAccessExpr,com.graphhopper.util.shapes.GHPoint,lat,C:\Users\tyin363\Documents\repos\graphhopper__graphhopper\web-api\src\main\java\com\graphhopper\util\shapes\GHPoint.java,100
com.fasterxml.jackson.core:jackson-core,2.19.2,false,MethodCallExpr,com.fasterxml.jackson.core.ObjectCodec,treeToValue,C:\Users\tyin363\Documents\repos\graphhopper__graphhopper\web-api\src\main\java\com\graphhopper\jackson\PathDetailDeserializer.java,52
CLIENT:client-code,N/A,false,MethodCallExpr,com.graphhopper.util.PointList,size,C:\Users\tyin363\Documents\repos\graphhopper__graphhopper\web-api\src\main\java\com\graphhopper\util\PointList.java,448
CLIENT:client-code,N/A,false,MethodCallExpr,com.graphhopper.util.PointAccess,getLon,C:\Users\tyin363\Documents\repos\graphhopper__graphhopper\web-api\src\main\java\com\graphhopper\util\FinishInstruction.java,41
CLIENT:client-code,N/A,false,MethodCallExpr,com.graphhopper.util.PointList,add,C:\Users\tyin363\Documents\repos\graphhopper__graphhopper\web-api\src\main\java\com\graphhopper\util\PointList.java,432
JDK:java.base,N/A,false,ClassOrInterfaceType,java.lang.String,String,C:\Users\tyin363\Documents\repos\graphhopper__graphhopper\web-api\src\main\java\com\graphhopper\GHRequest.java,45
JDK:java.base,N/A,false,MethodCallExpr,java.lang.String,isEmpty,C:\Users\tyin363\Documents\repos\graphhopper__graphhopper\web-api\src\main\java\com\graphhopper\jackson\ResponsePathDeserializerHelper.java,278
com.fasterxml.jackson.core:jackson-databind,2.19.2,false,MethodCallExpr,com.fasterxml.jackson.databind.node.ArrayNode,addObject,C:\Users\tyin363\Documents\repos\graphhopper__graphhopper\web-api\src\main\java\com\graphhopper\jackson\ResponsePathSerializer.java,94
com.fasterxml.jackson.core:jackson-core,2.19.2,false,MethodCallExpr,com.fasterxml.jackson.core.JsonGenerator,writeNumber,C:\Users\tyin363\Documents\repos\graphhopper__graphhopper\web-api\src\main\java\com\graphhopper\jackson\JtsEnvelopeSerializer.java,35
JDK:java.base,N/A,false,ClassOrInterfaceType,java.lang.String,String,C:\Users\tyin363\Documents\repos\graphhopper__graphhopper\web-api\src\main\java\com\graphhopper\util\Parameters.java,187
JDK:java.base,N/A,false,MethodCallExpr,java.lang.StringBuilder,append,C:\Users\tyin363\Documents\repos\graphhopper__graphhopper\web-api\src\main\java\com\graphhopper\util\PointList.java,342
JDK:java.base,N/A,false,MethodCallExpr,java.util.Map,size,C:\Users\tyin363\Documents\repos\graphhopper__graphhopper\web-api\src\main\java\com\graphhopper\ResponsePath.java,265
org.locationtech.jts:jts-core,1.20.0,true,ClassOrInterfaceType,org.locationtech.jts.geom.LineString,LineString,C:\Users\tyin363\Documents\repos\graphhopper__graphhopper\web-api\src\main\java\com\graphhopper\util\PointList.java,377
CLIENT:client-code,N/A,false,MethodCallExpr,com.graphhopper.util.JsonFeatureCollection,getFeatures,C:\Users\tyin363\Documents\repos\graphhopper__graphhopper\web-api\src\main\java\com\graphhopper\util\CustomModel.java,58
com.fasterxml.jackson.core:jackson-databind,2.19.2,false,MethodCallExpr,com.fasterxml.jackson.databind.JsonNode,get,C:\Users\tyin363\Documents\repos\graphhopper__graphhopper\web-api\src\main\java\com\graphhopper\jackson\ResponsePathDeserializerHelper.java,42
com.fasterxml.jackson.core:jackson-databind,2.19.2,false,ClassOrInterfaceType,com.fasterxml.jackson.databind.JsonNode,JsonNode,C:\Users\tyin363\Documents\repos\graphhopper__graphhopper\web-api\src\main\java\com\graphhopper\jackson\StatementDeserializer.java,43
JDK:java.base,N/A,false,ClassOrInterfaceType,java.lang.IllegalArgumentException,IllegalArgumentException,C:\Users\tyin363\Documents\repos\graphhopper__graphhopper\web-api\src\main\java\com\graphhopper\json\Statement.java,41
CLIENT:client-code,N/A,false,FieldAccessExpr,com.graphhopper.Trip.PtLeg,route_id,C:\Users\tyin363\Documents\repos\graphhopper__graphhopper\web-api\src\main\java\com\graphhopper\Trip.java,121
JDK:java.base,N/A,false,ClassOrInterfaceType,java.util.Date,Date,C:\Users\tyin363\Documents\repos\graphhopper__graphhopper\web-api\src\main\java\com\graphhopper\Trip.java,90
CLIENT:client-code,N/A,false,ObjectCreationExpr,com.graphhopper.util.InstructionList,InstructionList,C:\Users\tyin363\Documents\repos\graphhopper__graphhopper\web-api\src\main\java\com\graphhopper\jackson\ResponsePathDeserializerHelper.java,80
CLIENT:client-code,N/A,false,ClassOrInterfaceType,com.graphhopper.util.JsonFeatureCollection,JsonFeatureCollection,C:\Users\tyin363\Documents\repos\graphhopper__graphhopper\web-api\src\main\java\com\graphhopper\util\CustomModel.java,130
CLIENT:client-code,N/A,false,MethodCallExpr,com.graphhopper.util.PointList,is3D,C:\Users\tyin363\Documents\repos\graphhopper__graphhopper\web-api\src\main\java\com\graphhopper\util\PointList.java,341
CLIENT:client-code,N/A,false,ClassOrInterfaceType,com.graphhopper.GHResponse,GHResponse,C:\Users\tyin363\Documents\repos\graphhopper__graphhopper\web-api\src\main\java\com\graphhopper\GHResponse.java,123
JDK:java.base,N/A,false,ClassOrInterfaceType,java.lang.String,String,C:\Users\tyin363\Documents\repos\graphhopper__graphhopper\web-api\src\main\java\com\graphhopper\util\Helper.java,410
JDK:java.base,N/A,false,ObjectCreationExpr,java.util.ArrayList,ArrayList,C:\Users\tyin363\Documents\repos\graphhopper__graphhopper\web-api\src\main\java\com\graphhopper\GHResponse.java,110
JDK:java.base,N/A,false,ObjectCreationExpr,java.util.ArrayList,ArrayList,C:\Users\tyin363\Documents\repos\graphhopper__graphhopper\web-api\src\main\java\com\graphhopper\jackson\StatementDeserializer.java,51
CLIENT:client-code,N/A,false,ClassOrInterfaceType,com.graphhopper.util.Translation,Translation,C:\Users\tyin363\Documents\repos\graphhopper__graphhopper\web-api\src\main\java\com\graphhopper\util\ViaInstruction.java,54
CLIENT:client-code,N/A,false,FieldAccessExpr,com.graphhopper.GHRequest,pathDetails,C:\Users\tyin363\Documents\repos\graphhopper__graphhopper\web-api\src\main\java\com\graphhopper\GHRequest.java,224
JDK:java.base,N/A,false,ClassOrInterfaceType,java.util.List,List,C:\Users\tyin363\Documents\repos\graphhopper__graphhopper\web-api\src\main\java\com\graphhopper\jackson\Gpx.java,36
CLIENT:client-code,N/A,false,ClassOrInterfaceType,com.graphhopper.util.PointList,PointList,C:\Users\tyin363\Documents\repos\graphhopper__graphhopper\web-api\src\main\java\com\graphhopper\util\PointList.java,85
JDK:java.base,N/A,false,MethodCallExpr,java.lang.StringBuilder,append,C:\Users\tyin363\Documents\repos\graphhopper__graphhopper\web-api\src\main\java\com\graphhopper\util\Helper.java,377
JDK:java.base,N/A,false,ClassOrInterfaceType,java.io.IOException,IOException,C:\Users\tyin363\Documents\repos\graphhopper__graphhopper\web-api\src\main\java\com\graphhopper\jackson\CustomModelAreasDeserializer.java,19
com.fasterxml.jackson.core:jackson-databind,2.19.2,false,ClassOrInterfaceType,com.fasterxml.jackson.databind.DeserializationContext,DeserializationContext,C:\Users\tyin363\Documents\repos\graphhopper__graphhopper\web-api\src\main\java\com\graphhopper\jackson\JtsEnvelopeDeserializer.java,29
com.fasterxml.jackson.core:jackson-core,2.19.2,false,ClassOrInterfaceType,com.fasterxml.jackson.core.JsonParseException,JsonParseException,C:\Users\tyin363\Documents\repos\graphhopper__graphhopper\web-api\src\main\java\com\graphhopper\jackson\PathDetailDeserializer.java,56
JDK:java.base,N/A,false,MethodCallExpr,java.lang.StringBuilder,append,C:\Users\tyin363\Documents\repos\graphhopper__graphhopper\web-api\src\main\java\com\graphhopper\util\PointList.java,343
com.fasterxml.jackson.core:jackson-core,2.19.2,false,MethodCallExpr,com.fasterxml.jackson.core.JsonGenerator,writeNumber,C:\Users\tyin363\Documents\repos\graphhopper__graphhopper\web-api\src\main\java\com\graphhopper\jackson\JtsEnvelopeSerializer.java,36
CLIENT:client-code,N/A,false,MethodCallExpr,com.graphhopper.util.PointList,toLineString,C:\Users\tyin363\Documents\repos\graphhopper__graphhopper\web-api\src\main\java\com\graphhopper\jackson\ResponsePathSerializer.java,110
CLIENT:client-code,N/A,false,ClassOrInterfaceType,com.graphhopper.util.PointList,PointList,C:\Users\tyin363\Documents\repos\graphhopper__graphhopper\web-api\src\main\java\com\graphhopper\util\PointList.java,350
com.fasterxml.jackson.core:jackson-core,2.19.2,false,MethodCallExpr,com.fasterxml.jackson.core.JsonGenerator,writeStartArray,C:\Users\tyin363\Documents\repos\graphhopper__graphhopper\web-api\src\main\java\com\graphhopper\jackson\GHPointSerializer.java,31
JDK:java.base,N/A,false,ObjectCreationExpr,java.lang.IllegalArgumentException,IllegalArgumentException,C:\Users\tyin363\Documents\repos\graphhopper__graphhopper\web-api\src\main\java\com\graphhopper\util\PointList.java,381
CLIENT:client-code,N/A,false,MethodCallExpr,com.graphhopper.util.JsonFeatureCollection,getFeatures,C:\Users\tyin363\Documents\repos\graphhopper__graphhopper\web-api\src\main\java\com\graphhopper\jackson\CustomModelAreasDeserializer.java,43
JDK:java.base,N/A,false,ObjectCreationExpr,java.lang.IllegalArgumentException,IllegalArgumentException,C:\Users\tyin363\Documents\repos\graphhopper__graphhopper\web-api\src\main\java\com\graphhopper\util\PMap.java,87
JDK:java.base,N/A,false,ClassOrInterfaceType,java.lang.String,String,C:\Users\tyin363\Documents\repos\graphhopper__graphhopper\web-api\src\main\java\com\graphhopper\util\JsonFeature.java,72
CLIENT:client-code,N/A,false,FieldAccessExpr,com.graphhopper.util.Instruction,KEEP_LEFT,C:\Users\tyin363\Documents\repos\graphhopper__graphhopper\web-api\src\main\java\com\graphhopper\util\Instruction.java,201
com.fasterxml.jackson.core:jackson-databind,2.19.2,false,MethodCallExpr,com.fasterxml.jackson.databind.JsonNode,get,C:\Users\tyin363\Documents\repos\graphhopper__graphhopper\web-api\src\main\java\com\graphhopper\jackson\ResponsePathDeserializerHelper.java,173
CLIENT:client-code,N/A,false,ClassOrInterfaceType,com.graphhopper.util.PointList,PointList,C:\Users\tyin363\Documents\repos\graphhopper__graphhopper\web-api\src\main\java\com\graphhopper\util\FinishInstruction.java,33
JDK:java.base,N/A,false,ClassOrInterfaceType,java.lang.String,String,C:\Users\tyin363\Documents\repos\graphhopper__graphhopper\web-api\src\main\java\com\graphhopper\util\RoundaboutInstruction.java,33
CLIENT:client-code,N/A,false,ObjectCreationExpr,com.graphhopper.util.details.PathDetail,PathDetail,C:\Users\tyin363\Documents\repos\graphhopper__graphhopper\web-api\src\main\java\com\graphhopper\jackson\PathDetailDeserializer.java,52
CLIENT:client-code,N/A,false,ObjectCreationExpr,com.graphhopper.util.PointList,PointList,C:\Users\tyin363\Documents\repos\graphhopper__graphhopper\web-api\src\main\java\com\graphhopper\jackson\ResponsePathDeserializerHelper.java,193
CLIENT:client-code,N/A,false,FieldAccessExpr,com.graphhopper.ResponsePath,debugInfo,C:\Users\tyin363\Documents\repos\graphhopper__graphhopper\web-api\src\main\java\com\graphhopper\ResponsePath.java,73
JDK:java.base,N/A,false,ClassOrInterfaceType,java.util.Map.Entry,Entry,C:\Users\tyin363\Documents\repos\graphhopper__graphhopper\web-api\src\main\java\com\graphhopper\util\CustomModel.java,102
JDK:java.base,N/A,false,ClassOrInterfaceType,java.lang.String,String,C:\Users\tyin363\Documents\repos\graphhopper__graphhopper\web-api\src\main\java\com\graphhopper\GHRequest.java,43
CLIENT:client-code,N/A,false,FieldAccessExpr,com.graphhopper.util.TurnCostsConfig,minUTurnAngle,C:\Users\tyin363\Documents\repos\graphhopper__graphhopper\web-api\src\main\java\com\graphhopper\util\TurnCostsConfig.java,57
JDK:java.base,N/A,false,ClassOrInterfaceType,java.util.ArrayList,ArrayList,C:\Users\tyin363\Documents\repos\graphhopper__graphhopper\web-api\src\main\java\com\graphhopper\GHRequest.java,56
JDK:java.base,N/A,false,MethodCallExpr,java.util.List,addAll,C:\Users\tyin363\Documents\repos\graphhopper__graphhopper\web-api\src\main\java\com\graphhopper\ResponsePath.java,86
JDK:java.base,N/A,false,MethodCallExpr,java.lang.StringBuilder,toString,C:\Users\tyin363\Documents\repos\graphhopper__graphhopper\web-api\src\main\java\com\graphhopper\util\Instruction.java,151
JDK:java.base,N/A,false,ClassOrInterfaceType,java.util.Iterator,Iterator,C:\Users\tyin363\Documents\repos\graphhopper__graphhopper\web-api\src\main\java\com\graphhopper\util\PointList.java,518
JDK:java.base,N/A,false,ClassOrInterfaceType,java.io.IOException,IOException,C:\Users\tyin363\Documents\repos\graphhopper__graphhopper\web-api\src\main\java\com\graphhopper\jackson\GHPointDeserializer.java,30
JDK:java.base,N/A,false,ClassOrInterfaceType,java.util.HashMap,HashMap,C:\Users\tyin363\Documents\repos\graphhopper__graphhopper\web-api\src\main\java\com\graphhopper\util\CustomModel.java,100
CLIENT:client-code,N/A,false,MethodCallExpr,com.graphhopper.util.CustomModel,addAreas,C:\Users\tyin363\Documents\repos\graphhopper__graphhopper\web-api\src\main\java\com\graphhopper\util\CustomModel.java,53
com.fasterxml.jackson.core:jackson-databind,2.19.2,false,MethodCallExpr,com.fasterxml.jackson.databind.JsonNode,size,C:\Users\tyin363\Documents\repos\graphhopper__graphhopper\web-api\src\main\java\com\graphhopper\jackson\StatementDeserializer.java,70
JDK:java.base,N/A,false,ClassOrInterfaceType,java.util.LinkedHashMap,LinkedHashMap,C:\Users\tyin363\Documents\repos\graphhopper__graphhopper\web-api\src\main\java\com\graphhopper\util\PMap.java,154
CLIENT:client-code,N/A,false,ClassOrInterfaceType,com.graphhopper.util.PointList,PointList,C:\Users\tyin363\Documents\repos\graphhopper__graphhopper\web-api\src\main\java\com\graphhopper\util\PointList.java,351
com.fasterxml.jackson.core:jackson-databind,2.19.2,false,MethodCallExpr,com.fasterxml.jackson.databind.JsonNode,get,C:\Users\tyin363\Documents\repos\graphhopper__graphhopper\web-api\src\main\java\com\graphhopper\jackson\ResponsePathDeserializerHelper.java,172
CLIENT:client-code,N/A,false,MethodCallExpr,com.graphhopper.util.PointList,getLon,C:\Users\tyin363\Documents\repos\graphhopper__graphhopper\web-api\src\main\java\com\graphhopper\util\PointList.java,367
JDK:java.base,N/A,false,ClassOrInterfaceType,java.util.List,List,C:\Users\tyin363\Documents\repos\graphhopper__graphhopper\web-api\src\main\java\com\graphhopper\ResponsePath.java,45
JDK:java.base,N/A,false,ClassOrInterfaceType,java.lang.RuntimeException,RuntimeException,C:\Users\tyin363\Documents\repos\graphhopper__graphhopper\web-api\src\main\java\com\graphhopper\util\PointList.java,76
JDK:java.base,N/A,false,ObjectCreationExpr,java.lang.IllegalArgumentException,IllegalArgumentException,C:\Users\tyin363\Documents\repos\graphhopper__graphhopper\web-api\src\main\java\com\graphhopper\util\ShallowImmutablePointList.java,37
CLIENT:client-code,N/A,false,MethodCallExpr,com.graphhopper.util.ShallowImmutablePointList,size,C:\Users\tyin363\Documents\repos\graphhopper__graphhopper\web-api\src\main\java\com\graphhopper\util\ShallowImmutablePointList.java,51
JDK:java.base,N/A,false,MethodCallExpr,java.lang.StringBuilder,append,C:\Users\tyin363\Documents\repos\graphhopper__graphhopper\web-api\src\main\java\com\graphhopper\util\Helper.java,375
JDK:java.base,N/A,false,MethodCallExpr,java.util.List,remove,C:\Users\tyin363\Documents\repos\graphhopper__graphhopper\web-api\src\main\java\com\graphhopper\util\InstructionList.java,61
CLIENT:client-code,N/A,false,ClassOrInterfaceType,com.graphhopper.util.TurnCostsConfig,TurnCostsConfig,C:\Users\tyin363\Documents\repos\graphhopper__graphhopper\web-api\src\main\java\com\graphhopper\util\TurnCostsConfig.java,150
CLIENT:client-code,N/A,false,MethodCallExpr,com.graphhopper.util.CustomModel,addAreas,C:\Users\tyin363\Documents\repos\graphhopper__graphhopper\web-api\src\main\java\com\graphhopper\util\CustomModel.java,186
CLIENT:client-code,N/A,false,MethodCallExpr,com.graphhopper.util.PointAccess,getLon,C:\Users\tyin363\Documents\repos\graphhopper__graphhopper\web-api\src\main\java\com\graphhopper\util\FinishInstruction.java,46
JDK:java.base,N/A,false,ClassOrInterfaceType,java.util.Iterator,Iterator,C:\Users\tyin363\Documents\repos\graphhopper__graphhopper\web-api\src\main\java\com\graphhopper\util\PointList.java,519
CLIENT:client-code,N/A,false,MethodCallExpr,com.graphhopper.util.JsonFeatureCollection,getFeatures,C:\Users\tyin363\Documents\repos\graphhopper__graphhopper\web-api\src\main\java\com\graphhopper\jackson\CustomModelAreasDeserializer.java,37
com.fasterxml.jackson.core:jackson-core,2.19.2,false,MethodCallExpr,com.fasterxml.jackson.core.JsonGenerator,writeEndArray,C:\Users\tyin363\Documents\repos\graphhopper__graphhopper\web-api\src\main\java\com\graphhopper\jackson\StatementSerializer.java,37
JDK:java.base,N/A,false,ClassOrInterfaceType,java.lang.String,String,C:\Users\tyin363\Documents\repos\graphhopper__graphhopper\web-api\src\main\java\com\graphhopper\util\Parameters.java,182
CLIENT:client-code,N/A,false,MethodCallExpr,com.graphhopper.util.PMap,putObject,C:\Users\tyin363\Documents\repos\graphhopper__graphhopper\web-api\src\main\java\com\graphhopper\util\PMap.java,60
JDK:java.base,N/A,false,ClassOrInterfaceType,java.util.List,List,C:\Users\tyin363\Documents\repos\graphhopper__graphhopper\web-api\src\main\java\com\graphhopper\ResponsePath.java,48
JDK:java.base,N/A,false,MethodCallExpr,java.lang.Double,compare,C:\Users\tyin363\Documents\repos\graphhopper__graphhopper\web-api\src\main\java\com\graphhopper\GHRequest.java,125
CLIENT:client-code,N/A,false,ClassOrInterfaceType,com.graphhopper.json.Statement,Statement,C:\Users\tyin363\Documents\repos\graphhopper__graphhopper\web-api\src\main\java\com\graphhopper\json\Statement.java,150
JDK:java.base,N/A,false,ClassOrInterfaceType,java.lang.RuntimeException,RuntimeException,C:\Users\tyin363\Documents\repos\graphhopper__graphhopper\web-api\src\main\java\com\graphhopper\GHResponse.java,50
JDK:java.base,N/A,false,ObjectCreationExpr,java.lang.IllegalStateException,IllegalStateException,C:\Users\tyin363\Documents\repos\graphhopper__graphhopper\web-api\src\main\java\com\graphhopper\ResponsePath.java,170
CLIENT:client-code,N/A,false,ObjectCreationExpr,com.graphhopper.util.details.PathDetail,PathDetail,C:\Users\tyin363\Documents\repos\graphhopper__graphhopper\web-api\src\main\java\com\graphhopper\jackson\PathDetailDeserializer.java,54
CLIENT:client-code,N/A,false,ClassOrInterfaceType,com.graphhopper.util.PMap,PMap,C:\Users\tyin363\Documents\repos\graphhopper__graphhopper\web-api\src\main\java\com\graphhopper\util\PMap.java,68
JDK:java.base,N/A,false,MethodCallExpr,java.util.Arrays,copyOf,C:\Users\tyin363\Documents\repos\graphhopper__graphhopper\web-api\src\main\java\com\graphhopper\util\PointList.java,196
CLIENT:client-code,N/A,false,FieldAccessExpr,com.graphhopper.GHRequest,pathDetails,C:\Users\tyin363\Documents\repos\graphhopper__graphhopper\web-api\src\main\java\com\graphhopper\GHRequest.java,229
JDK:java.base,N/A,false,ClassOrInterfaceType,java.lang.Double,Double,C:\Users\tyin363\Documents\repos\graphhopper__graphhopper\web-api\src\main\java\com\graphhopper\GHRequest.java,42
CLIENT:client-code,N/A,false,MethodCallExpr,com.graphhopper.ResponsePath,getWaypoints,C:\Users\tyin363\Documents\repos\graphhopper__graphhopper\web-api\src\main\java\com\graphhopper\jackson\ResponsePathSerializer.java,118
JDK:java.base,N/A,false,MethodCallExpr,java.lang.StringBuilder,append,C:\Users\tyin363\Documents\repos\graphhopper__graphhopper\web-api\src\main\java\com\graphhopper\util\PointList.java,337
JDK:java.base,N/A,false,ClassOrInterfaceType,java.lang.String,String,C:\Users\tyin363\Documents\repos\graphhopper__graphhopper\web-api\src\main\java\com\graphhopper\util\Parameters.java,50
JDK:java.base,N/A,false,ClassOrInterfaceType,java.util.Map,Map,C:\Users\tyin363\Documents\repos\graphhopper__graphhopper\web-api\src\main\java\com\graphhopper\util\exceptions\GHException.java,28
JDK:java.base,N/A,false,ClassOrInterfaceType,java.lang.String,String,C:\Users\tyin363\Documents\repos\graphhopper__graphhopper\web-api\src\main\java\com\graphhopper\util\FinishInstruction.java,56
JDK:java.base,N/A,false,ClassOrInterfaceType,java.lang.String,String,C:\Users\tyin363\Documents\repos\graphhopper__graphhopper\web-api\src\main\java\com\graphhopper\GHRequest.java,40
CLIENT:client-code,N/A,false,FieldAccessExpr,com.graphhopper.util.PointList,EMPTY,C:\Users\tyin363\Documents\repos\graphhopper__graphhopper\web-api\src\main\java\com\graphhopper\ResponsePath.java,124
com.fasterxml.jackson.core:jackson-databind,2.19.2,false,ClassOrInterfaceType,com.fasterxml.jackson.databind.JsonSerializer,JsonSerializer,C:\Users\tyin363\Documents\repos\graphhopper__graphhopper\web-api\src\main\java\com\graphhopper\jackson\GHPointSerializer.java,28
JDK:java.base,N/A,false,ObjectCreationExpr,java.lang.IllegalArgumentException,IllegalArgumentException,C:\Users\tyin363\Documents\repos\graphhopper__graphhopper\web-api\src\main\java\com\graphhopper\json\Statement.java,31
JDK:java.base,N/A,false,MethodCallExpr,java.lang.String,equalsIgnoreCase,C:\Users\tyin363\Documents\repos\graphhopper__graphhopper\web-api\src\main\java\com\graphhopper\util\Helper.java,345
CLIENT:client-code,N/A,false,ClassOrInterfaceType,com.graphhopper.json.Statement,Statement,C:\Users\tyin363\Documents\repos\graphhopper__graphhopper\web-api\src\main\java\com\graphhopper\json\Statement.java,151
CLIENT:client-code,N/A,false,ClassOrInterfaceType,com.graphhopper.ResponsePath,ResponsePath,C:\Users\tyin363\Documents\repos\graphhopper__graphhopper\web-api\src\main\java\com\graphhopper\ResponsePath.java,104
JDK:java.base,N/A,false,MethodCallExpr,java.lang.Runtime,totalMemory,C:\Users\tyin363\Documents\repos\graphhopper__graphhopper\web-api\src\main\java\com\graphhopper\util\Helper.java,146
CLIENT:client-code,N/A,false,ClassOrInterfaceType,com.graphhopper.util.PMap,PMap,C:\Users\tyin363\Documents\repos\graphhopper__graphhopper\web-api\src\main\java\com\graphhopper\util\PMap.java,67
CLIENT:client-code,N/A,false,FieldAccessExpr,com.graphhopper.ResponsePath,debugInfo,C:\Users\tyin363\Documents\repos\graphhopper__graphhopper\web-api\src\main\java\com\graphhopper\ResponsePath.java,76
JDK:java.base,N/A,false,ClassOrInterfaceType,java.lang.String,String,C:\Users\tyin363\Documents\repos\graphhopper__graphhopper\web-api\src\main\java\com\graphhopper\util\Helper.java,282
JDK:java.base,N/A,false,ClassOrInterfaceType,java.lang.IllegalArgumentException,IllegalArgumentException,C:\Users\tyin363\Documents\repos\graphhopper__graphhopper\web-api\src\main\java\com\graphhopper\ResponsePath.java,249
com.fasterxml.jackson.core:jackson-databind,2.19.2,false,ClassOrInterfaceType,com.fasterxml.jackson.databind.node.ArrayNode,ArrayNode,C:\Users\tyin363\Documents\repos\graphhopper__graphhopper\web-api\src\main\java\com\graphhopper\jackson\MultiExceptionSerializer.java,38
JDK:java.base,N/A,false,ClassOrInterfaceType,java.lang.Object,Object,C:\Users\tyin363\Documents\repos\graphhopper__graphhopper\web-api\src\main\java\com\graphhopper\util\exceptions\PointDistanceExceededException.java,31
com.fasterxml.jackson.core:jackson-databind,2.19.2,false,ClassOrInterfaceType,com.fasterxml.jackson.databind.JsonNode,JsonNode,C:\Users\tyin363\Documents\repos\graphhopper__graphhopper\web-api\src\main\java\com\graphhopper\jackson\ResponsePathDeserializerHelper.java,252
JDK:java.base,N/A,false,ClassOrInterfaceType,java.lang.IllegalArgumentException,IllegalArgumentException,C:\Users\tyin363\Documents\repos\graphhopper__graphhopper\web-api\src\main\java\com\graphhopper\util\shapes\GHPoint.java,70
CLIENT:client-code,N/A,false,MethodCallExpr,com.graphhopper.util.PointList,makeImmutable,C:\Users\tyin363\Documents\repos\graphhopper__graphhopper\web-api\src\main\java\com\graphhopper\util\ShallowImmutablePointList.java,90
org.locationtech.jts:jts-core,1.20.0,true,MethodCallExpr,org.locationtech.jts.geom.Envelope,getMaxX,C:\Users\tyin363\Documents\repos\graphhopper__graphhopper\web-api\src\main\java\com\graphhopper\jackson\JtsEnvelopeSerializer.java,35
com.fasterxml.jackson.core:jackson-databind,2.19.2,false,MethodCallExpr,com.fasterxml.jackson.databind.JsonNode,asLong,C:\Users\tyin363\Documents\repos\graphhopper__graphhopper\web-api\src\main\java\com\graphhopper\jackson\PathDetailDeserializer.java,48
JDK:java.base,N/A,false,MethodCallExpr,java.lang.StringBuilder,append,C:\Users\tyin363\Documents\repos\graphhopper__graphhopper\web-api\src\main\java\com\graphhopper\util\PointList.java,338
JDK:java.base,N/A,false,ClassOrInterfaceType,java.io.ByteArrayOutputStream,ByteArrayOutputStream,C:\Users\tyin363\Documents\repos\graphhopper__graphhopper\web-api\src\main\java\com\graphhopper\util\Helper.java,103
com.fasterxml.jackson.core:jackson-databind,2.19.2,false,MethodCallExpr,com.fasterxml.jackson.databind.JsonNode,asText,C:\Users\tyin363\Documents\repos\graphhopper__graphhopper\web-api\src\main\java\com\graphhopper\jackson\StatementDeserializer.java,59
JDK:java.base,N/A,false,ObjectCreationExpr,java.util.HashMap,HashMap,C:\Users\tyin363\Documents\repos\graphhopper__graphhopper\web-api\src\main\java\com\graphhopper\jackson\ResponsePathDeserializerHelper.java,147
JDK:java.base,N/A,false,ObjectCreationExpr,java.util.ArrayList,ArrayList,C:\Users\tyin363\Documents\repos\graphhopper__graphhopper\web-api\src\main\java\com\graphhopper\util\CustomModel.java,38
JDK:java.base,N/A,false,ClassOrInterfaceType,java.lang.String,String,C:\Users\tyin363\Documents\repos\graphhopper__graphhopper\web-api\src\main\java\com\graphhopper\util\JsonFeature.java,68
JDK:java.base,N/A,false,MethodCallExpr,java.lang.String,substring,C:\Users\tyin363\Documents\repos\graphhopper__graphhopper\web-api\src\main\java\com\graphhopper\util\Helper.java,292
JDK:java.base,N/A,false,ClassOrInterfaceType,java.lang.Object,Object,C:\Users\tyin363\Documents\repos\graphhopper__graphhopper\web-api\src\main\java\com\graphhopper\util\Instruction.java,98
JDK:java.base,N/A,false,ClassOrInterfaceType,java.util.List,List,C:\Users\tyin363\Documents\repos\graphhopper__graphhopper\web-api\src\main\java\com\graphhopper\ResponsePath.java,50
JDK:java.base,N/A,false,ClassOrInterfaceType,java.util.Locale,Locale,C:\Users\tyin363\Documents\repos\graphhopper__graphhopper\web-api\src\main\java\com\graphhopper\util\Helper.java,54
CLIENT:client-code,N/A,false,FieldAccessExpr,com.graphhopper.GHRequest,locale,C:\Users\tyin363\Documents\repos\graphhopper__graphhopper\web-api\src\main\java\com\graphhopper\GHRequest.java,147
JDK:java.base,N/A,false,ClassOrInterfaceType,java.util.Optional,Optional,C:\Users\tyin363\Documents\repos\graphhopper__graphhopper\web-api\src\main\java\com\graphhopper\jackson\Gpx.java,39
CLIENT:client-code,N/A,false,MethodCallExpr,com.graphhopper.json.Statement.Op,values,C:\Users\tyin363\Documents\repos\graphhopper__graphhopper\web-api\src\main\java\com\graphhopper\jackson\StatementDeserializer.java,73
JDK:java.base,N/A,false,ClassOrInterfaceType,java.lang.String,String,C:\Users\tyin363\Documents\repos\graphhopper__graphhopper\web-api\src\main\java\com\graphhopper\util\Helper.java,413
JDK:java.base,N/A,false,ObjectCreationExpr,java.lang.IllegalArgumentException,IllegalArgumentException,C:\Users\tyin363\Documents\repos\graphhopper__graphhopper\web-api\src\main\java\com\graphhopper\jackson\StatementDeserializer.java,66
JDK:java.base,N/A,false,MethodCallExpr,java.util.Iterator,next,C:\Users\tyin363\Documents\repos\graphhopper__graphhopper\web-api\src\main\java\com\graphhopper\jackson\ResponsePathDeserializerHelper.java,150
com.fasterxml.jackson.core:jackson-core,2.19.2,false,ObjectCreationExpr,com.fasterxml.jackson.core.JsonGenerationException,JsonGenerationException,C:\Users\tyin363\Documents\repos\graphhopper__graphhopper\web-api\src\main\java\com\graphhopper\jackson\PathDetailSerializer.java,53
CLIENT:client-code,N/A,false,ObjectCreationExpr,com.graphhopper.jackson.InstructionListSerializer,InstructionListSerializer,C:\Users\tyin363\Documents\repos\graphhopper__graphhopper\web-api\src\main\java\com\graphhopper\jackson\GraphHopperModule.java,38
CLIENT:client-code,N/A,false,ClassOrInterfaceType,com.graphhopper.util.JsonFeatureCollection,JsonFeatureCollection,C:\Users\tyin363\Documents\repos\graphhopper__graphhopper\web-api\src\main\java\com\graphhopper\util\CustomModel.java,135
JDK:java.base,N/A,false,ObjectCreationExpr,java.io.FileInputStream,FileInputStream,C:\Users\tyin363\Documents\repos\graphhopper__graphhopper\web-api\src\main\java\com\graphhopper\util\Helper.java,80
JDK:java.base,N/A,false,MethodCallExpr,java.util.Arrays,copyOf,C:\Users\tyin363\Documents\repos\graphhopper__graphhopper\web-api\src\main\java\com\graphhopper\util\PointList.java,194
JDK:java.base,N/A,false,ObjectCreationExpr,java.lang.IllegalStateException,IllegalStateException,C:\Users\tyin363\Documents\repos\graphhopper__graphhopper\web-api\src\main\java\com\graphhopper\util\PointList.java,201
CLIENT:client-code,N/A,false,ClassOrInterfaceType,com.graphhopper.util.PointList,PointList,C:\Users\tyin363\Documents\repos\graphhopper__graphhopper\web-api\src\main\java\com\graphhopper\util\PointList.java,90
JDK:java.base,N/A,false,MethodCallExpr,java.lang.Class,getName,C:\Users\tyin363\Documents\repos\graphhopper__graphhopper\web-api\src\main\java\com\graphhopper\jackson\MultiExceptionSerializer.java,42
JDK:java.base,N/A,false,ClassOrInterfaceType,java.lang.String,String,C:\Users\tyin363\Documents\repos\graphhopper__graphhopper\web-api\src\main\java\com\graphhopper\util\Helper.java,149
com.fasterxml.jackson.core:jackson-databind,2.19.2,false,ClassOrInterfaceType,com.fasterxml.jackson.databind.ObjectMapper,ObjectMapper,C:\Users\tyin363\Documents\repos\graphhopper__graphhopper\web-api\src\main\java\com\graphhopper\jackson\ResponsePathDeserializerHelper.java,291
JDK:java.base,N/A,false,MethodCallExpr,java.lang.StringBuilder,append,C:\Users\tyin363\Documents\repos\graphhopper__graphhopper\web-api\src\main\java\com\graphhopper\util\PointList.java,339
CLIENT:client-code,N/A,false,ClassOrInterfaceType,com.graphhopper.GHRequest,GHRequest,C:\Users\tyin363\Documents\repos\graphhopper__graphhopper\web-api\src\main\java\com\graphhopper\GHRequest.java,199
JDK:java.base,N/A,false,ClassOrInterfaceType,java.util.HashMap,HashMap,C:\Users\tyin363\Documents\repos\graphhopper__graphhopper\web-api\src\main\java\com\graphhopper\jackson\InstructionListSerializer.java,38
JDK:java.base,N/A,false,ClassOrInterfaceType,java.lang.String,String,C:\Users\tyin363\Documents\repos\graphhopper__graphhopper\web-api\src\main\java\com\graphhopper\util\PMap.java,75
org.locationtech.jts:jts-core,1.20.0,true,ClassOrInterfaceType,org.locationtech.jts.geom.Envelope,Envelope,C:\Users\tyin363\Documents\repos\graphhopper__graphhopper\web-api\src\main\java\com\graphhopper\util\JsonFeature.java,60
JDK:java.base,N/A,false,ClassOrInterfaceType,java.util.Set,Set,C:\Users\tyin363\Documents\repos\graphhopper__graphhopper\web-api\src\main\java\com\graphhopper\util\PMap.java,146
JDK:java.base,N/A,false,ObjectCreationExpr,java.util.ArrayList,ArrayList,C:\Users\tyin363\Documents\repos\graphhopper__graphhopper\web-api\src\main\java\com\graphhopper\util\CustomModel.java,37
JDK:java.base,N/A,false,MethodCallExpr,java.util.Map,entrySet,C:\Users\tyin363\Documents\repos\graphhopper__graphhopper\web-api\src\main\java\com\graphhopper\util\CustomModel.java,101
JDK:java.base,N/A,false,ClassOrInterfaceType,java.util.List,List,C:\Users\tyin363\Documents\repos\graphhopper__graphhopper\web-api\src\main\java\com\graphhopper\ResponsePath.java,49
JDK:java.base,N/A,false,ClassOrInterfaceType,java.lang.String,String,C:\Users\tyin363\Documents\repos\graphhopper__graphhopper\web-api\src\main\java\com\graphhopper\util\exceptions\MaximumNodesExceededException.java,26
JDK:java.base,N/A,false,ClassOrInterfaceType,java.util.Map,Map,C:\Users\tyin363\Documents\repos\graphhopper__graphhopper\web-api\src\main\java\com\graphhopper\util\exceptions\DetailedIllegalArgumentException.java,37
org.locationtech.jts:jts-core,1.20.0,true,ClassOrInterfaceType,org.locationtech.jts.geom.Envelope,Envelope,C:\Users\tyin363\Documents\repos\graphhopper__graphhopper\web-api\src\main\java\com\graphhopper\jackson\JtsEnvelopeSerializer.java,31
JDK:java.base,N/A,false,MethodCallExpr,java.util.List,isEmpty,C:\Users\tyin363\Documents\repos\graphhopper__graphhopper\web-api\src\main\java\com\graphhopper\jackson\ResponsePathDeserializerHelper.java,284
com.fasterxml.jackson.core:jackson-core,2.19.2,false,MethodCallExpr,com.fasterxml.jackson.core.JsonGenerator,writeNumber,C:\Users\tyin363\Documents\repos\graphhopper__graphhopper\web-api\src\main\java\com\graphhopper\jackson\JtsEnvelopeSerializer.java,33
JDK:java.base,N/A,false,ClassOrInterfaceType,java.util.List,List,C:\Users\tyin363\Documents\repos\graphhopper__graphhopper\web-api\src\main\java\com\graphhopper\jackson\MultiException.java,37
CLIENT:client-code,N/A,false,MethodCallExpr,com.graphhopper.util.PointList,ensureMutability,C:\Users\tyin363\Documents\repos\graphhopper__graphhopper\web-api\src\main\java\com\graphhopper\util\PointList.java,174
CLIENT:client-code,N/A,false,MethodCallExpr,com.graphhopper.util.PointList,getLon,C:\Users\tyin363\Documents\repos\graphhopper__graphhopper\web-api\src\main\java\com\graphhopper\util\PointList.java,363
com.fasterxml.jackson.core:jackson-databind,2.19.2,false,MethodCallExpr,com.fasterxml.jackson.databind.JsonNode,get,C:\Users\tyin363\Documents\repos\graphhopper__graphhopper\web-api\src\main\java\com\graphhopper\jackson\ResponsePathDeserializerHelper.java,52
JDK:java.base,N/A,false,ClassOrInterfaceType,java.util.Map,Map,C:\Users\tyin363\Documents\repos\graphhopper__graphhopper\web-api\src\main\java\com\graphhopper\util\JsonFeature.java,44
JDK:java.base,N/A,false,ClassOrInterfaceType,java.lang.String,String,C:\Users\tyin363\Documents\repos\graphhopper__graphhopper\web-api\src\main\java\com\graphhopper\jackson\ResponsePathSerializer.java,45
CLIENT:client-code,N/A,false,MethodCallExpr,com.graphhopper.util.Instruction,setUseRawName,C:\Users\tyin363\Documents\repos\graphhopper__graphhopper\web-api\src\main\java\com\graphhopper\jackson\ResponsePathDeserializerHelper.java,137
JDK:java.base,N/A,false,ClassOrInterfaceType,java.lang.String,String,C:\Users\tyin363\Documents\repos\graphhopper__graphhopper\web-api\src\main\java\com\graphhopper\json\Statement.java,142
JDK:java.base,N/A,false,MethodCallExpr,java.lang.Integer,parseInt,C:\Users\tyin363\Documents\repos\graphhopper__graphhopper\web-api\src\main\java\com\graphhopper\util\Helper.java,348
CLIENT:client-code,N/A,false,MethodCallExpr,com.graphhopper.util.shapes.GHPoint,hashCode,C:\Users\tyin363\Documents\repos\graphhopper__graphhopper\web-api\src\main\java\com\graphhopper\util\shapes\GHPoint3D.java,39
JDK:java.base,N/A,false,MethodCallExpr,java.lang.Double,parseDouble,C:\Users\tyin363\Documents\repos\graphhopper__graphhopper\web-api\src\main\java\com\graphhopper\util\Helper.java,357
com.fasterxml.jackson.core:jackson-databind,2.19.2,false,FieldAccessExpr,com.fasterxml.jackson.databind.node.JsonNodeFactory,instance,C:\Users\tyin363\Documents\repos\graphhopper__graphhopper\web-api\src\main\java\com\graphhopper\jackson\MultiExceptionSerializer.java,36
CLIENT:client-code,N/A,false,MethodCallExpr,com.graphhopper.util.details.PathDetail,setLast,C:\Users\tyin363\Documents\repos\graphhopper__graphhopper\web-api\src\main\java\com\graphhopper\jackson\PathDetailDeserializer.java,59
JDK:java.base,N/A,false,MethodCallExpr,java.lang.String,isEmpty,C:\Users\tyin363\Documents\repos\graphhopper__graphhopper\web-api\src\main\java\com\graphhopper\json\Statement.java,40
CLIENT:client-code,N/A,false,MethodCallExpr,com.graphhopper.util.NumHelper,equalsEps,C:\Users\tyin363\Documents\repos\graphhopper__graphhopper\web-api\src\main\java\com\graphhopper\util\NumHelper.java,27
com.fasterxml.jackson.core:jackson-databind,2.19.2,false,ClassOrInterfaceType,com.fasterxml.jackson.databind.JsonNode,JsonNode,C:\Users\tyin363\Documents\repos\graphhopper__graphhopper\web-api\src\main\java\com\graphhopper\jackson\StatementDeserializer.java,52
CLIENT:client-code,N/A,false,MethodCallExpr,com.graphhopper.json.Statement.Op,values,C:\Users\tyin363\Documents\repos\graphhopper__graphhopper\web-api\src\main\java\com\graphhopper\jackson\StatementDeserializer.java,83
CLIENT:client-code,N/A,false,ClassOrInterfaceType,com.graphhopper.util.shapes.GHPoint,GHPoint,C:\Users\tyin363\Documents\repos\graphhopper__graphhopper\web-api\src\main\java\com\graphhopper\jackson\GraphHopperModule.java,35
JDK:java.base,N/A,false,ClassOrInterfaceType,java.util.List,List,C:\Users\tyin363\Documents\repos\graphhopper__graphhopper\web-api\src\main\java\com\graphhopper\util\CustomModel.java,38
JDK:java.base,N/A,false,MethodCallExpr,java.util.Optional,orElse,C:\Users\tyin363\Documents\repos\graphhopper__graphhopper\web-api\src\main\java\com\graphhopper\util\Helper.java,74
JDK:java.base,N/A,false,ClassOrInterfaceType,java.lang.RuntimeException,RuntimeException,C:\Users\tyin363\Documents\repos\graphhopper__graphhopper\web-api\src\main\java\com\graphhopper\util\PointList.java,71
CLIENT:client-code,N/A,false,ClassOrInterfaceType,com.graphhopper.json.Statement,Statement,C:\Users\tyin363\Documents\repos\graphhopper__graphhopper\web-api\src\main\java\com\graphhopper\json\Statement.java,146
CLIENT:client-code,N/A,false,ClassOrInterfaceType,com.graphhopper.util.shapes.GHPoint,GHPoint,C:\Users\tyin363\Documents\repos\graphhopper__graphhopper\web-api\src\main\java\com\graphhopper\util\PointList.java,353
org.locationtech.jts:jts-core,1.20.0,true,ClassOrInterfaceType,org.locationtech.jts.geom.Envelope,Envelope,C:\Users\tyin363\Documents\repos\graphhopper__graphhopper\web-api\src\main\java\com\graphhopper\jackson\GraphHopperModule.java,33
CLIENT:client-code,N/A,false,MethodCallExpr,com.graphhopper.util.PointList,add,C:\Users\tyin363\Documents\repos\graphhopper__graphhopper\web-api\src\main\java\com\graphhopper\util\Helper.java,217
JDK:java.base,N/A,false,MethodCallExpr,java.lang.String,length,C:\Users\tyin363\Documents\repos\graphhopper__graphhopper\web-api\src\main\java\com\graphhopper\util\JsonFeature.java,101
JDK:java.base,N/A,false,ObjectCreationExpr,java.lang.IllegalArgumentException,IllegalArgumentException,C:\Users\tyin363\Documents\repos\graphhopper__graphhopper\web-api\src\main\java\com\graphhopper\jackson\CustomModelAreasDeserializer.java,44
JDK:java.base,N/A,false,ClassOrInterfaceType,java.lang.RuntimeException,RuntimeException,C:\Users\tyin363\Documents\repos\graphhopper__graphhopper\web-api\src\main\java\com\graphhopper\jackson\MultiException.java,24
JDK:java.base,N/A,false,ClassOrInterfaceType,java.lang.String,String,C:\Users\tyin363\Documents\repos\graphhopper__graphhopper\web-api\src\main\java\com\graphhopper\jackson\CustomModelAreasDeserializer.java,34
JDK:java.base,N/A,false,ClassOrInterfaceType,java.lang.String,String,C:\Users\tyin363\Documents\repos\graphhopper__graphhopper\web-api\src\main\java\com\graphhopper\util\ShallowImmutablePointList.java,164
com.fasterxml.jackson.core:jackson-databind,2.19.2,false,ClassOrInterfaceType,com.fasterxml.jackson.databind.node.ObjectNode,ObjectNode,C:\Users\tyin363\Documents\repos\graphhopper__graphhopper\web-api\src\main\java\com\graphhopper\jackson\MultiExceptionSerializer.java,36
JDK:java.base,N/A,false,MethodCallExpr,java.lang.String,split,C:\Users\tyin363\Documents\repos\graphhopper__graphhopper\web-api\src\main\java\com\graphhopper\util\PMap.java,54
JDK:java.base,N/A,false,ClassOrInterfaceType,java.lang.String,String,C:\Users\tyin363\Documents\repos\graphhopper__graphhopper\web-api\src\main\java\com\graphhopper\util\PointList.java,498
CLIENT:client-code,N/A,false,MethodCallExpr,com.graphhopper.util.PointList,getLon,C:\Users\tyin363\Documents\repos\graphhopper__graphhopper\web-api\src\main\java\com\graphhopper\util\PointList.java,510
JDK:java.base,N/A,false,MethodCallExpr,java.lang.Double,isNaN,C:\Users\tyin363\Documents\repos\graphhopper__graphhopper\web-api\src\main\java\com\graphhopper\GHRequest.java,125
CLIENT:client-code,N/A,false,FieldAccessExpr,com.graphhopper.util.exceptions.DetailedIllegalArgumentException,details,C:\Users\tyin363\Documents\repos\graphhopper__graphhopper\web-api\src\main\java\com\graphhopper\util\exceptions\DetailedIllegalArgumentException.java,33
JDK:java.base,N/A,false,ClassOrInterfaceType,java.util.HashMap,HashMap,C:\Users\tyin363\Documents\repos\graphhopper__graphhopper\web-api\src\main\java\com\graphhopper\util\RoundaboutInstruction.java,99
CLIENT:client-code,N/A,false,ClassOrInterfaceType,com.graphhopper.util.PointList,PointList,C:\Users\tyin363\Documents\repos\graphhopper__graphhopper\web-api\src\main\java\com\graphhopper\util\ShallowImmutablePointList.java,139
JDK:java.base,N/A,false,ClassOrInterfaceType,java.lang.String,String,C:\Users\tyin363\Documents\repos\graphhopper__graphhopper\web-api\src\main\java\com\graphhopper\GHRequest.java,168
JDK:java.base,N/A,false,MethodCallExpr,java.util.Map.Entry,getValue,C:\Users\tyin363\Documents\repos\graphhopper__graphhopper\web-api\src\main\java\com\graphhopper\jackson\CustomModelAreasDeserializer.java,35
JDK:java.base,N/A,false,MethodCallExpr,java.lang.String,length,C:\Users\tyin363\Documents\repos\graphhopper__graphhopper\web-api\src\main\java\com\graphhopper\util\Helper.java,428
JDK:java.base,N/A,false,ClassOrInterfaceType,java.util.List,List,C:\Users\tyin363\Documents\repos\graphhopper__graphhopper\web-api\src\main\java\com\graphhopper\util\CustomModel.java,37
CLIENT:client-code,N/A,false,ClassOrInterfaceType,com.graphhopper.util.exceptions.DetailedIllegalArgumentException,DetailedIllegalArgumentException,C:\Users\tyin363\Documents\repos\graphhopper__graphhopper\web-api\src\main\java\com\graphhopper\util\exceptions\PointNotFoundException.java,28
CLIENT:client-code,N/A,false,ClassOrInterfaceType,com.graphhopper.util.PointAccess,PointAccess,C:\Users\tyin363\Documents\repos\graphhopper__graphhopper\web-api\src\main\java\com\graphhopper\util\PointList.java,218
CLIENT:client-code,N/A,false,MethodCallExpr,com.graphhopper.ResponsePath,setWaypoints,C:\Users\tyin363\Documents\repos\graphhopper__graphhopper\web-api\src\main\java\com\graphhopper\jackson\ResponsePathDeserializerHelper.java,48
CLIENT:client-code,N/A,false,MethodCallExpr,com.graphhopper.util.Helper,toObject,C:\Users\tyin363\Documents\repos\graphhopper__graphhopper\web-api\src\main\java\com\graphhopper\util\PMap.java,85
CLIENT:client-code,N/A,false,ObjectCreationExpr,com.graphhopper.util.PointList,PointList,C:\Users\tyin363\Documents\repos\graphhopper__graphhopper\web-api\src\main\java\com\graphhopper\util\Helper.java,215
JDK:java.base,N/A,false,ClassOrInterfaceType,java.lang.String,String,C:\Users\tyin363\Documents\repos\graphhopper__graphhopper\web-api\src\main\java\com\graphhopper\util\Parameters.java,195
CLIENT:client-code,N/A,false,ClassOrInterfaceType,com.graphhopper.json.Statement,Statement,C:\Users\tyin363\Documents\repos\graphhopper__graphhopper\web-api\src\main\java\com\graphhopper\json\Statement.java,147
CLIENT:client-code,N/A,false,ClassOrInterfaceType,com.graphhopper.util.Instruction,Instruction,C:\Users\tyin363\Documents\repos\graphhopper__graphhopper\web-api\src\main\java\com\graphhopper\util\ViaInstruction.java,30
CLIENT:client-code,N/A,false,ObjectCreationExpr,com.graphhopper.util.PointList,PointList,C:\Users\tyin363\Documents\repos\graphhopper__graphhopper\web-api\src\main\java\com\graphhopper\util\PointList.java,43
CLIENT:client-code,N/A,false,ClassOrInterfaceType,com.graphhopper.GHRequest,GHRequest,C:\Users\tyin363\Documents\repos\graphhopper__graphhopper\web-api\src\main\java\com\graphhopper\GHRequest.java,212
com.fasterxml.jackson.core:jackson-databind,2.19.2,false,MethodCallExpr,com.fasterxml.jackson.databind.JsonNode,has,C:\Users\tyin363\Documents\repos\graphhopper__graphhopper\web-api\src\main\java\com\graphhopper\jackson\ResponsePathDeserializerHelper.java,242
JDK:java.base,N/A,false,ObjectCreationExpr,java.lang.UnsupportedOperationException,UnsupportedOperationException,C:\Users\tyin363\Documents\repos\graphhopper__graphhopper\web-api\src\main\java\com\graphhopper\util\PointList.java,121
JDK:java.base,N/A,false,ClassOrInterfaceType,java.util.Date,Date,C:\Users\tyin363\Documents\repos\graphhopper__graphhopper\web-api\src\main\java\com\graphhopper\Trip.java,81
JDK:java.base,N/A,false,ObjectCreationExpr,java.lang.IllegalArgumentException,IllegalArgumentException,C:\Users\tyin363\Documents\repos\graphhopper__graphhopper\web-api\src\main\java\com\graphhopper\util\ShallowImmutablePointList.java,39
JDK:java.base,N/A,false,MethodCallExpr,java.lang.String,isEmpty,C:\Users\tyin363\Documents\repos\graphhopper__graphhopper\web-api\src\main\java\com\graphhopper\jackson\StatementDeserializer.java,93
org.locationtech.jts:jts-core,1.20.0,true,ClassOrInterfaceType,org.locationtech.jts.geom.Geometry,Geometry,C:\Users\tyin363\Documents\repos\graphhopper__graphhopper\web-api\src\main\java\com\graphhopper\util\JsonFeature.java,84
JDK:java.base,N/A,false,ClassOrInterfaceType,java.lang.String,String,C:\Users\tyin363\Documents\repos\graphhopper__graphhopper\web-api\src\main\java\com\graphhopper\util\PointList.java,499
JDK:java.base,N/A,false,ClassOrInterfaceType,java.lang.Object,Object,C:\Users\tyin363\Documents\repos\graphhopper__graphhopper\web-api\src\main\java\com\graphhopper\util\Translation.java,28
JDK:java.base,N/A,false,ClassOrInterfaceType,java.lang.String,String,C:\Users\tyin363\Documents\repos\graphhopper__graphhopper\web-api\src\main\java\com\graphhopper\jackson\ResponsePathDeserializerHelper.java,253
CLIENT:client-code,N/A,false,MethodCallExpr,com.graphhopper.util.PointList,toLineString,C:\Users\tyin363\Documents\repos\graphhopper__graphhopper\web-api\src\main\java\com\graphhopper\jackson\ResponsePathSerializer.java,118
JDK:java.base,N/A,false,MethodCallExpr,java.lang.String,isEmpty,C:\Users\tyin363\Documents\repos\graphhopper__graphhopper\web-api\src\main\java\com\graphhopper\json\Statement.java,38
JDK:java.base,N/A,false,MethodCallExpr,java.lang.Character,isLetter,C:\Users\tyin363\Documents\repos\graphhopper__graphhopper\web-api\src\main\java\com\graphhopper\util\JsonFeature.java,106
CLIENT:client-code,N/A,false,MethodCallExpr,com.graphhopper.util.CustomModel,getSpeed,C:\Users\tyin363\Documents\repos\graphhopper__graphhopper\web-api\src\main\java\com\graphhopper\util\CustomModel.java,116
CLIENT:client-code,N/A,false,MethodCallExpr,com.graphhopper.util.Instruction,getName,C:\Users\tyin363\Documents\repos\graphhopper__graphhopper\web-api\src\main\java\com\graphhopper\util\FinishInstruction.java,58
JDK:java.base,N/A,false,ClassOrInterfaceType,java.text.SimpleDateFormat,SimpleDateFormat,C:\Users\tyin363\Documents\repos\graphhopper__graphhopper\web-api\src\main\java\com\graphhopper\util\Helper.java,335
CLIENT:client-code,N/A,false,FieldAccessExpr,com.graphhopper.Trip.WalkLeg,details,C:\Users\tyin363\Documents\repos\graphhopper__graphhopper\web-api\src\main\java\com\graphhopper\Trip.java,85
CLIENT:client-code,N/A,false,ClassOrInterfaceType,com.graphhopper.util.exceptions.PointNotFoundException,PointNotFoundException,C:\Users\tyin363\Documents\repos\graphhopper__graphhopper\web-api\src\main\java\com\graphhopper\util\exceptions\PointOutOfBoundsException.java,8
CLIENT:client-code,N/A,false,FieldAccessExpr,com.graphhopper.util.details.PathDetail,value,C:\Users\tyin363\Documents\repos\graphhopper__graphhopper\web-api\src\main\java\com\graphhopper\util\details\PathDetail.java,31
JDK:java.base,N/A,false,ObjectCreationExpr,java.lang.IllegalArgumentException,IllegalArgumentException,C:\Users\tyin363\Documents\repos\graphhopper__graphhopper\web-api\src\main\java\com\graphhopper\jackson\StatementDeserializer.java,70
CLIENT:client-code,N/A,false,ObjectCreationExpr,com.graphhopper.util.details.PathDetail,PathDetail,C:\Users\tyin363\Documents\repos\graphhopper__graphhopper\web-api\src\main\java\com\graphhopper\jackson\PathDetailDeserializer.java,44
JDK:java.base,N/A,false,MethodCallExpr,java.lang.String,charAt,C:\Users\tyin363\Documents\repos\graphhopper__graphhopper\web-api\src\main\java\com\graphhopper\util\Helper.java,389
JDK:java.base,N/A,false,ClassOrInterfaceType,java.lang.Object,Object,C:\Users\tyin363\Documents\repos\graphhopper__graphhopper\web-api\src\main\java\com\graphhopper\util\Instruction.java,102
com.fasterxml.jackson.core:jackson-databind,2.19.2,false,MethodCallExpr,com.fasterxml.jackson.databind.JsonNode,has,C:\Users\tyin363\Documents\repos\graphhopper__graphhopper\web-api\src\main\java\com\graphhopper\jackson\ResponsePathDeserializerHelper.java,241
com.fasterxml.jackson.core:jackson-databind,2.19.2,false,ClassOrInterfaceType,com.fasterxml.jackson.databind.JsonNode,JsonNode,C:\Users\tyin363\Documents\repos\graphhopper__graphhopper\web-api\src\main\java\com\graphhopper\jackson\CustomModelAreasDeserializer.java,20
JDK:java.base,N/A,false,ObjectCreationExpr,java.lang.IllegalArgumentException,IllegalArgumentException,C:\Users\tyin363\Documents\repos\graphhopper__graphhopper\web-api\src\main\java\com\graphhopper\util\CustomModel.java,60
CLIENT:client-code,N/A,false,MethodCallExpr,com.graphhopper.util.PointList,getLat,C:\Users\tyin363\Documents\repos\graphhopper__graphhopper\web-api\src\main\java\com\graphhopper\util\PointList.java,364
com.fasterxml.jackson.core:jackson-databind,2.19.2,false,MethodCallExpr,com.fasterxml.jackson.databind.JsonNode,has,C:\Users\tyin363\Documents\repos\graphhopper__graphhopper\web-api\src\main\java\com\graphhopper\jackson\CustomModelAreasDeserializer.java,23
JDK:java.base,N/A,false,ClassOrInterfaceType,java.util.Iterator,Iterator,C:\Users\tyin363\Documents\repos\graphhopper__graphhopper\web-api\src\main\java\com\graphhopper\jackson\ResponsePathDeserializerHelper.java,148
JDK:java.base,N/A,false,ClassOrInterfaceType,java.lang.UnsupportedOperationException,UnsupportedOperationException,C:\Users\tyin363\Documents\repos\graphhopper__graphhopper\web-api\src\main\java\com\graphhopper\util\Helper.java,189
CLIENT:client-code,N/A,false,MethodCallExpr,com.graphhopper.util.PointList,getEle,C:\Users\tyin363\Documents\repos\graphhopper__graphhopper\web-api\src\main\java\com\graphhopper\util\PointList.java,428
CLIENT:client-code,N/A,false,ClassOrInterfaceType,com.graphhopper.util.Instruction,Instruction,C:\Users\tyin363\Documents\repos\graphhopper__graphhopper\web-api\src\main\java\com\graphhopper\util\InstructionList.java,45
JDK:java.base,N/A,false,ClassOrInterfaceType,java.lang.String,String,C:\Users\tyin363\Documents\repos\graphhopper__graphhopper\web-api\src\main\java\com\graphhopper\ResponsePath.java,80
JDK:java.base,N/A,false,MethodCallExpr,java.util.List,get,C:\Users\tyin363\Documents\repos\graphhopper__graphhopper\web-api\src\main\java\com\graphhopper\Trip.java,129
JDK:java.base,N/A,false,ClassOrInterfaceType,java.io.IOException,IOException,C:\Users\tyin363\Documents\repos\graphhopper__graphhopper\web-api\src\main\java\com\graphhopper\jackson\StatementDeserializer.java,39
com.fasterxml.jackson.core:jackson-databind,2.19.2,false,MethodCallExpr,com.fasterxml.jackson.databind.JsonNode,has,C:\Users\tyin363\Documents\repos\graphhopper__graphhopper\web-api\src\main\java\com\graphhopper\jackson\ResponsePathDeserializerHelper.java,108
com.fasterxml.jackson.core:jackson-core,2.19.2,false,MethodCallExpr,com.fasterxml.jackson.core.JsonGenerator,writeArrayFieldStart,C:\Users\tyin363\Documents\repos\graphhopper__graphhopper\web-api\src\main\java\com\graphhopper\jackson\StatementSerializer.java,33
CLIENT:client-code,N/A,false,ClassOrInterfaceType,com.graphhopper.util.PointList,PointList,C:\Users\tyin363\Documents\repos\graphhopper__graphhopper\web-api\src\main\java\com\graphhopper\util\FinishInstruction.java,25
JDK:java.base,N/A,false,ClassOrInterfaceType,java.util.ArrayList,ArrayList,C:\Users\tyin363\Documents\repos\graphhopper__graphhopper\web-api\src\main\java\com\graphhopper\jackson\ResponsePathDeserializerHelper.java,151
JDK:java.base,N/A,false,ClassOrInterfaceType,java.io.InputStream,InputStream,C:\Users\tyin363\Documents\repos\graphhopper__graphhopper\web-api\src\main\java\com\graphhopper\util\Helper.java,97
com.fasterxml.jackson.core:jackson-core,2.19.2,false,MethodCallExpr,com.fasterxml.jackson.core.JsonParser,getCodec,C:\Users\tyin363\Documents\repos\graphhopper__graphhopper\web-api\src\main\java\com\graphhopper\jackson\CustomModelAreasDeserializer.java,35
JDK:java.base,N/A,false,ClassOrInterfaceType,java.util.Date,Date,C:\Users\tyin363\Documents\repos\graphhopper__graphhopper\web-api\src\main\java\com\graphhopper\Trip.java,79
CLIENT:client-code,N/A,false,ClassOrInterfaceType,com.graphhopper.jackson.MultiExceptionSerializer,MultiExceptionSerializer,C:\Users\tyin363\Documents\repos\graphhopper__graphhopper\web-api\src\main\java\com\graphhopper\jackson\GraphHopperModule.java,39
JDK:java.base,N/A,false,MethodCallExpr,java.lang.String,length,C:\Users\tyin363\Documents\repos\graphhopper__graphhopper\web-api\src\main\java\com\graphhopper\util\JsonFeature.java,98
CLIENT:client-code,N/A,false,ClassOrInterfaceType,com.graphhopper.util.ViaInstruction,ViaInstruction,C:\Users\tyin363\Documents\repos\graphhopper__graphhopper\web-api\src\main\java\com\graphhopper\jackson\ResponsePathDeserializerHelper.java,117
JDK:java.base,N/A,false,ClassOrInterfaceType,java.lang.UnsupportedOperationException,UnsupportedOperationException,C:\Users\tyin363\Documents\repos\graphhopper__graphhopper\web-api\src\main\java\com\graphhopper\json\Statement.java,58
CLIENT:client-code,N/A,false,FieldAccessExpr,com.graphhopper.util.TurnCostsConfig,minUTurnAngle,C:\Users\tyin363\Documents\repos\graphhopper__graphhopper\web-api\src\main\java\com\graphhopper\util\TurnCostsConfig.java,182
com.fasterxml.jackson.core:jackson-core,2.19.2,false,MethodCallExpr,com.fasterxml.jackson.core.JsonGenerator,writeNull,C:\Users\tyin363\Documents\repos\graphhopper__graphhopper\web-api\src\main\java\com\graphhopper\jackson\PathDetailSerializer.java,51
CLIENT:client-code,N/A,false,ClassOrInterfaceType,com.graphhopper.util.InstructionList,InstructionList,C:\Users\tyin363\Documents\repos\graphhopper__graphhopper\web-api\src\main\java\com\graphhopper\jackson\GraphHopperModule.java,38
JDK:java.base,N/A,false,MethodCallExpr,java.util.List,isEmpty,C:\Users\tyin363\Documents\repos\graphhopper__graphhopper\web-api\src\main\java\com\graphhopper\GHResponse.java,135
CLIENT:client-code,N/A,false,MethodCallExpr,com.graphhopper.ResponsePath,getFare,C:\Users\tyin363\Documents\repos\graphhopper__graphhopper\web-api\src\main\java\com\graphhopper\jackson\ResponsePathSerializer.java,120
JDK:java.base,N/A,false,MethodCallExpr,java.util.Map,put,C:\Users\tyin363\Documents\repos\graphhopper__graphhopper\web-api\src\main\java\com\graphhopper\jackson\ResponsePathDeserializerHelper.java,156
com.fasterxml.jackson.core:jackson-databind,2.19.2,false,MethodCallExpr,com.fasterxml.jackson.databind.JsonNode,asText,C:\Users\tyin363\Documents\repos\graphhopper__graphhopper\web-api\src\main\java\com\graphhopper\jackson\ResponsePathDeserializerHelper.java,246
JDK:java.base,N/A,false,ClassOrInterfaceType,java.lang.String,String,C:\Users\tyin363\Documents\repos\graphhopper__graphhopper\web-api\src\main\java\com\graphhopper\json\Statement.java,138
JDK:java.base,N/A,false,ClassOrInterfaceType,java.lang.String,String,C:\Users\tyin363\Documents\repos\graphhopper__graphhopper\web-api\src\main\java\com\graphhopper\util\exceptions\PointOutOfBoundsException.java,12
JDK:java.base,N/A,false,MethodCallExpr,java.lang.StringBuilder,append,C:\Users\tyin363\Documents\repos\graphhopper__graphhopper\web-api\src\main\java\com\graphhopper\util\PointList.java,345
com.fasterxml.jackson.core:jackson-databind,2.19.2,false,MethodCallExpr,com.fasterxml.jackson.databind.node.ObjectNode,put,C:\Users\tyin363\Documents\repos\graphhopper__graphhopper\web-api\src\main\java\com\graphhopper\jackson\ResponsePathSerializer.java,97
JDK:java.base,N/A,false,ObjectCreationExpr,java.lang.IllegalArgumentException,IllegalArgumentException,C:\Users\tyin363\Documents\repos\graphhopper__graphhopper\web-api\src\main\java\com\graphhopper\jackson\StatementDeserializer.java,76
JDK:java.base,N/A,false,ClassOrInterfaceType,java.lang.String,String,C:\Users\tyin363\Documents\repos\graphhopper__graphhopper\web-api\src\main\java\com\graphhopper\util\Parameters.java,58
CLIENT:client-code,N/A,false,ClassOrInterfaceType,com.graphhopper.json.Statement,Statement,C:\Users\tyin363\Documents\repos\graphhopper__graphhopper\web-api\src\main\java\com\graphhopper\json\Statement.java,142
CLIENT:client-code,N/A,false,ObjectCreationExpr,com.graphhopper.util.ShallowImmutablePointList,ShallowImmutablePointList,C:\Users\tyin363\Documents\repos\graphhopper__graphhopper\web-api\src\main\java\com\graphhopper\util\PointList.java,480
CLIENT:client-code,N/A,false,ObjectCreationExpr,com.graphhopper.util.details.PathDetail,PathDetail,C:\Users\tyin363\Documents\repos\graphhopper__graphhopper\web-api\src\main\java\com\graphhopper\jackson\PathDetailDeserializer.java,46
com.fasterxml.jackson.core:jackson-databind,2.19.2,false,ClassOrInterfaceType,com.fasterxml.jackson.databind.SerializerProvider,SerializerProvider,C:\Users\tyin363\Documents\repos\graphhopper__graphhopper\web-api\src\main\java\com\graphhopper\jackson\GHPointSerializer.java,30
com.fasterxml.jackson.core:jackson-databind,2.19.2,false,ClassOrInterfaceType,com.fasterxml.jackson.databind.node.ObjectNode,ObjectNode,C:\Users\tyin363\Documents\repos\graphhopper__graphhopper\web-api\src\main\java\com\graphhopper\jackson\MultiExceptionSerializer.java,40
JDK:java.base,N/A,false,ObjectCreationExpr,java.util.ArrayList,ArrayList,C:\Users\tyin363\Documents\repos\graphhopper__graphhopper\web-api\src\main\java\com\graphhopper\jackson\Gpx.java,64
com.fasterxml.jackson.core:jackson-databind,2.19.2,false,ClassOrInterfaceType,com.fasterxml.jackson.databind.JsonNode,JsonNode,C:\Users\tyin363\Documents\repos\graphhopper__graphhopper\web-api\src\main\java\com\graphhopper\jackson\StatementDeserializer.java,48
JDK:java.base,N/A,false,ClassOrInterfaceType,java.util.Map,Map,C:\Users\tyin363\Documents\repos\graphhopper__graphhopper\web-api\src\main\java\com\graphhopper\util\exceptions\PointDistanceExceededException.java,31
JDK:java.base,N/A,false,ClassOrInterfaceType,java.lang.String,String,C:\Users\tyin363\Documents\repos\graphhopper__graphhopper\web-api\src\main\java\com\graphhopper\util\JsonFeature.java,76
JDK:java.base,N/A,false,ClassOrInterfaceType,java.util.Date,Date,C:\Users\tyin363\Documents\repos\graphhopper__graphhopper\web-api\src\main\java\com\graphhopper\Trip.java,78
CLIENT:client-code,N/A,false,ClassOrInterfaceType,com.graphhopper.util.shapes.GHPoint,GHPoint,C:\Users\tyin363\Documents\repos\graphhopper__graphhopper\web-api\src\main\java\com\graphhopper\jackson\GHPointDeserializer.java,28
CLIENT:client-code,N/A,false,MethodCallExpr,com.graphhopper.util.RoundaboutInstruction,setExitNumber,C:\Users\tyin363\Documents\repos\graphhopper__graphhopper\web-api\src\main\java\com\graphhopper\jackson\ResponsePathDeserializerHelper.java,100
JDK:java.base,N/A,false,ClassOrInterfaceType,java.util.Map,Map,C:\Users\tyin363\Documents\repos\graphhopper__graphhopper\web-api\src\main\java\com\graphhopper\jackson\PathDetailDeserializer.java,52
CLIENT:client-code,N/A,false,MethodCallExpr,com.graphhopper.util.PointAccess,getLat,C:\Users\tyin363\Documents\repos\graphhopper__graphhopper\web-api\src\main\java\com\graphhopper\util\FinishInstruction.java,46
CLIENT:client-code,N/A,false,MethodCallExpr,com.graphhopper.util.RoundaboutInstruction,setExited,C:\Users\tyin363\Documents\repos\graphhopper__graphhopper\web-api\src\main\java\com\graphhopper\jackson\ResponsePathDeserializerHelper.java,105
JDK:java.base,N/A,false,ClassOrInterfaceType,java.lang.String,String,C:\Users\tyin363\Documents\repos\graphhopper__graphhopper\web-api\src\main\java\com\graphhopper\util\Helper.java,407
CLIENT:client-code,N/A,false,MethodCallExpr,com.graphhopper.ResponsePath,setPointsOrder,C:\Users\tyin363\Documents\repos\graphhopper__graphhopper\web-api\src\main\java\com\graphhopper\jackson\ResponsePathDeserializerHelper.java,169
JDK:java.base,N/A,false,ClassOrInterfaceType,java.util.List,List,C:\Users\tyin363\Documents\repos\graphhopper__graphhopper\web-api\src\main\java\com\graphhopper\ResponsePath.java,319
com.fasterxml.jackson.core:jackson-databind,2.19.2,false,MethodCallExpr,com.fasterxml.jackson.databind.JsonNode,asText,C:\Users\tyin363\Documents\repos\graphhopper__graphhopper\web-api\src\main\java\com\graphhopper\jackson\CustomModelAreasDeserializer.java,23
com.fasterxml.jackson.core:jackson-databind,2.19.2,false,MethodCallExpr,com.fasterxml.jackson.databind.ObjectMapper,setSerializationInclusion,C:\Users\tyin363\Documents\repos\graphhopper__graphhopper\web-api\src\main\java\com\graphhopper\jackson\Jackson.java,35
com.fasterxml.jackson.core:jackson-databind,2.19.2,false,MethodCallExpr,com.fasterxml.jackson.databind.node.ObjectNode,put,C:\Users\tyin363\Documents\repos\graphhopper__graphhopper\web-api\src\main\java\com\graphhopper\jackson\ResponsePathSerializer.java,96
CLIENT:client-code,N/A,false,ClassOrInterfaceType,com.graphhopper.json.Statement,Statement,C:\Users\tyin363\Documents\repos\graphhopper__graphhopper\web-api\src\main\java\com\graphhopper\json\Statement.java,143
JDK:java.base,N/A,false,MethodCallExpr,java.lang.String,toUpperCase,C:\Users\tyin363\Documents\repos\graphhopper__graphhopper\web-api\src\main\java\com\graphhopper\util\Helper.java,64
CLIENT:client-code,N/A,false,ClassOrInterfaceType,com.graphhopper.util.PointList,PointList,C:\Users\tyin363\Documents\repos\graphhopper__graphhopper\web-api\src\main\java\com\graphhopper\util\PointList.java,477
JDK:java.base,N/A,false,ClassOrInterfaceType,java.lang.String,String,C:\Users\tyin363\Documents\repos\graphhopper__graphhopper\web-api\src\main\java\com\graphhopper\GHRequest.java,164
com.fasterxml.jackson.core:jackson-databind,2.19.2,false,MethodCallExpr,com.fasterxml.jackson.databind.JsonNode,get,C:\Users\tyin363\Documents\repos\graphhopper__graphhopper\web-api\src\main\java\com\graphhopper\jackson\ResponsePathDeserializerHelper.java,46
org.locationtech.jts:jts-core,1.20.0,true,ClassOrInterfaceType,org.locationtech.jts.geom.Envelope,Envelope,C:\Users\tyin363\Documents\repos\graphhopper__graphhopper\web-api\src\main\java\com\graphhopper\jackson\GraphHopperModule.java,32
JDK:java.base,N/A,false,MethodCallExpr,java.lang.Character,toUpperCase,C:\Users\tyin363\Documents\repos\graphhopper__graphhopper\web-api\src\main\java\com\graphhopper\util\Helper.java,292
JDK:java.base,N/A,false,ClassOrInterfaceType,java.lang.String,String,C:\Users\tyin363\Documents\repos\graphhopper__graphhopper\web-api\src\main\java\com\graphhopper\util\PointList.java,503
JDK:java.base,N/A,false,ClassOrInterfaceType,java.util.List,List,C:\Users\tyin363\Documents\repos\graphhopper__graphhopper\web-api\src\main\java\com\graphhopper\ResponsePath.java,58
JDK:java.base,N/A,false,ClassOrInterfaceType,java.util.HashMap,HashMap,C:\Users\tyin363\Documents\repos\graphhopper__graphhopper\web-api\src\main\java\com\graphhopper\util\Instruction.java,55
CLIENT:client-code,N/A,false,MethodCallExpr,com.graphhopper.util.Instruction,getLength,C:\Users\tyin363\Documents\repos\graphhopper__graphhopper\web-api\src\main\java\com\graphhopper\jackson\InstructionListSerializer.java,49
JDK:java.base,N/A,false,ClassOrInterfaceType,java.util.Map,Map,C:\Users\tyin363\Documents\repos\graphhopper__graphhopper\web-api\src\main\java\com\graphhopper\ResponsePath.java,50
JDK:java.base,N/A,false,ClassOrInterfaceType,java.lang.String,String,C:\Users\tyin363\Documents\repos\graphhopper__graphhopper\web-api\src\main\java\com\graphhopper\util\Helper.java,406
JDK:java.base,N/A,false,MethodCallExpr,java.util.List,get,C:\Users\tyin363\Documents\repos\graphhopper__graphhopper\web-api\src\main\java\com\graphhopper\Trip.java,134
CLIENT:client-code,N/A,false,MethodCallExpr,com.graphhopper.util.PointList,size,C:\Users\tyin363\Documents\repos\graphhopper__graphhopper\web-api\src\main\java\com\graphhopper\util\PointList.java,449
JDK:java.base,N/A,false,ClassOrInterfaceType,java.lang.String,String,C:\Users\tyin363\Documents\repos\graphhopper__graphhopper\web-api\src\main\java\com\graphhopper\util\ShallowImmutablePointList.java,29
JDK:java.base,N/A,false,ClassOrInterfaceType,java.lang.Object,Object,C:\Users\tyin363\Documents\repos\graphhopper__graphhopper\web-api\src\main\java\com\graphhopper\util\exceptions\GHException.java,28
JDK:java.base,N/A,false,ClassOrInterfaceType,java.util.List,List,C:\Users\tyin363\Documents\repos\graphhopper__graphhopper\web-api\src\main\java\com\graphhopper\jackson\ResponsePathDeserializerHelper.java,238
CLIENT:client-code,N/A,false,MethodCallExpr,com.graphhopper.util.PointList,incCap,C:\Users\tyin363\Documents\repos\graphhopper__graphhopper\web-api\src\main\java\com\graphhopper\util\PointList.java,235
JDK:java.base,N/A,false,MethodCallExpr,java.util.Map,size,C:\Users\tyin363\Documents\repos\graphhopper__graphhopper\web-api\src\main\java\com\graphhopper\util\CustomModel.java,99
CLIENT:client-code,N/A,false,MethodCallExpr,com.graphhopper.util.RoundaboutInstruction,getTurnAngle,C:\Users\tyin363\Documents\repos\graphhopper__graphhopper\web-api\src\main\java\com\graphhopper\util\RoundaboutInstruction.java,102
JDK:java.base,N/A,false,ObjectCreationExpr,java.io.BufferedInputStream,BufferedInputStream,C:\Users\tyin363\Documents\repos\graphhopper__graphhopper\web-api\src\main\java\com\graphhopper\util\Helper.java,100
JDK:java.base,N/A,false,MethodCallExpr,java.lang.Character,isUpperCase,C:\Users\tyin363\Documents\repos\graphhopper__graphhopper\web-api\src\main\java\com\graphhopper\util\Helper.java,374
JDK:java.base,N/A,false,ClassOrInterfaceType,java.lang.String,String,C:\Users\tyin363\Documents\repos\graphhopper__graphhopper\web-api\src\main\java\com\graphhopper\jackson\ResponsePathDeserializerHelper.java,257
com.fasterxml.jackson.core:jackson-databind,2.19.2,false,MethodCallExpr,com.fasterxml.jackson.databind.node.ObjectNode,put,C:\Users\tyin363\Documents\repos\graphhopper__graphhopper\web-api\src\main\java\com\graphhopper\jackson\ResponsePathSerializer.java,95
JDK:java.base,N/A,false,MethodCallExpr,java.util.HashMap,containsKey,C:\Users\tyin363\Documents\repos\graphhopper__graphhopper\web-api\src\main\java\com\graphhopper\util\PMap.java,103
CLIENT:client-code,N/A,false,ClassOrInterfaceType,com.graphhopper.GHResponse,GHResponse,C:\Users\tyin363\Documents\repos\graphhopper__graphhopper\web-api\src\main\java\com\graphhopper\GHResponse.java,118
CLIENT:client-code,N/A,false,FieldAccessExpr,com.graphhopper.util.PointList,latitudes,C:\Users\tyin363\Documents\repos\graphhopper__graphhopper\web-api\src\main\java\com\graphhopper\util\PointList.java,464
CLIENT:client-code,N/A,false,ClassOrInterfaceType,com.graphhopper.util.TurnCostsConfig,TurnCostsConfig,C:\Users\tyin363\Documents\repos\graphhopper__graphhopper\web-api\src\main\java\com\graphhopper\util\TurnCostsConfig.java,140
CLIENT:client-code,N/A,false,ObjectCreationExpr,com.graphhopper.util.details.PathDetail,PathDetail,C:\Users\tyin363\Documents\repos\graphhopper__graphhopper\web-api\src\main\java\com\graphhopper\jackson\PathDetailDeserializer.java,48
JDK:java.base,N/A,false,ClassOrInterfaceType,java.io.InputStream,InputStream,C:\Users\tyin363\Documents\repos\graphhopper__graphhopper\web-api\src\main\java\com\graphhopper\util\Helper.java,100
JDK:java.base,N/A,false,MethodCallExpr,java.lang.String,charAt,C:\Users\tyin363\Documents\repos\graphhopper__graphhopper\web-api\src\main\java\com\graphhopper\util\Helper.java,393
JDK:java.base,N/A,false,MethodCallExpr,java.lang.Double,isNaN,C:\Users\tyin363\Documents\repos\graphhopper__graphhopper\web-api\src\main\java\com\graphhopper\ResponsePath.java,169
CLIENT:client-code,N/A,false,FieldAccessExpr,com.graphhopper.Trip.PtLeg,isInSameVehicleAsPrevious,C:\Users\tyin363\Documents\repos\graphhopper__graphhopper\web-api\src\main\java\com\graphhopper\Trip.java,119
JDK:java.base,N/A,false,ObjectCreationExpr,java.lang.RuntimeException,RuntimeException,C:\Users\tyin363\Documents\repos\graphhopper__graphhopper\web-api\src\main\java\com\graphhopper\util\Instruction.java,181
JDK:java.base,N/A,false,ClassOrInterfaceType,java.lang.String,String,C:\Users\tyin363\Documents\repos\graphhopper__graphhopper\web-api\src\main\java\com\graphhopper\util\PointList.java,504
CLIENT:client-code,N/A,false,MethodCallExpr,com.graphhopper.util.PointList,getLat,C:\Users\tyin363\Documents\repos\graphhopper__graphhopper\web-api\src\main\java\com\graphhopper\util\PointList.java,368
CLIENT:client-code,N/A,false,ClassOrInterfaceType,com.graphhopper.util.shapes.GHPoint,GHPoint,C:\Users\tyin363\Documents\repos\graphhopper__graphhopper\web-api\src\main\java\com\graphhopper\jackson\GHPointDeserializer.java,30
JDK:java.base,N/A,false,ClassOrInterfaceType,java.lang.String,String,C:\Users\tyin363\Documents\repos\graphhopper__graphhopper\web-api\src\main\java\com\graphhopper\jackson\CustomModelAreasDeserializer.java,32
CLIENT:client-code,N/A,false,MethodCallExpr,com.graphhopper.util.JsonFeature,setId,C:\Users\tyin363\Documents\repos\graphhopper__graphhopper\web-api\src\main\java\com\graphhopper\jackson\CustomModelAreasDeserializer.java,36
CLIENT:client-code,N/A,false,MethodCallExpr,com.graphhopper.util.Helper,getTotalMB,C:\Users\tyin363\Documents\repos\graphhopper__graphhopper\web-api\src\main\java\com\graphhopper\util\Helper.java,150
JDK:java.base,N/A,false,ObjectCreationExpr,java.lang.UnsupportedOperationException,UnsupportedOperationException,C:\Users\tyin363\Documents\repos\graphhopper__graphhopper\web-api\src\main\java\com\graphhopper\util\PointList.java,126
CLIENT:client-code,N/A,false,ObjectCreationExpr,com.graphhopper.util.FinishInstruction,FinishInstruction,C:\Users\tyin363\Documents\repos\graphhopper__graphhopper\web-api\src\main\java\com\graphhopper\jackson\ResponsePathDeserializerHelper.java,122
CLIENT:client-code,N/A,false,MethodCallExpr,com.graphhopper.util.JsonFeatureCollection,getFeatures,C:\Users\tyin363\Documents\repos\graphhopper__graphhopper\web-api\src\main\java\com\graphhopper\jackson\CustomModelAreasDeserializer.java,29
JDK:java.base,N/A,false,MethodCallExpr,java.util.List,isEmpty,C:\Users\tyin363\Documents\repos\graphhopper__graphhopper\web-api\src\main\java\com\graphhopper\GHResponse.java,138
JDK:java.base,N/A,false,MethodReferenceExpr,java.util.Objects,toString,C:\Users\tyin363\Documents\repos\graphhopper__graphhopper\web-api\src\main\java\com\graphhopper\json\Statement.java,66
CLIENT:client-code,N/A,false,ClassOrInterfaceType,com.graphhopper.util.shapes.GHPoint3D,GHPoint3D,C:\Users\tyin363\Documents\repos\graphhopper__graphhopper\web-api\src\main\java\com\graphhopper\util\PointList.java,227
JDK:java.base,N/A,false,MethodCallExpr,java.util.Map,size,C:\Users\tyin363\Documents\repos\graphhopper__graphhopper\web-api\src\main\java\com\graphhopper\util\CustomModel.java,100
JDK:java.base,N/A,false,ClassOrInterfaceType,java.lang.String,String,C:\Users\tyin363\Documents\repos\graphhopper__graphhopper\web-api\src\main\java\com\graphhopper\util\PMap.java,84
CLIENT:client-code,N/A,false,ClassOrInterfaceType,com.graphhopper.util.shapes.GHPoint,GHPoint,C:\Users\tyin363\Documents\repos\graphhopper__graphhopper\web-api\src\main\java\com\graphhopper\jackson\GraphHopperModule.java,34
CLIENT:client-code,N/A,false,MethodCallExpr,com.graphhopper.util.PointList,getEle,C:\Users\tyin363\Documents\repos\graphhopper__graphhopper\web-api\src\main\java\com\graphhopper\util\ShallowImmutablePointList.java,81
JDK:java.base,N/A,false,ClassOrInterfaceType,java.util.List,List,C:\Users\tyin363\Documents\repos\graphhopper__graphhopper\web-api\src\main\java\com\graphhopper\jackson\Gpx.java,49
JDK:java.base,N/A,false,MethodCallExpr,java.lang.Math,max,C:\Users\tyin363\Documents\repos\graphhopper__graphhopper\web-api\src\main\java\com\graphhopper\jackson\ResponsePathDeserializerHelper.java,181
JDK:java.base,N/A,false,MethodCallExpr,java.util.Collections,singletonMap,C:\Users\tyin363\Documents\repos\graphhopper__graphhopper\web-api\src\main\java\com\graphhopper\util\exceptions\PointNotFoundException.java,35
CLIENT:client-code,N/A,false,MethodCallExpr,com.graphhopper.util.PointList,getLon,C:\Users\tyin363\Documents\repos\graphhopper__graphhopper\web-api\src\main\java\com\graphhopper\util\PointList.java,239
JDK:java.base,N/A,false,ClassOrInterfaceType,java.lang.RuntimeException,RuntimeException,C:\Users\tyin363\Documents\repos\graphhopper__graphhopper\web-api\src\main\java\com\graphhopper\util\PointList.java,66
