Library_Name,Symbol_Type,Class_Name,Symbol_Name,Usage_Location,Line_Number
,NameExpr,net.risedata.rpc.factory.model.ReturnType,returnType,C:\Users\tyin363\Documents\repos\risesoft-y9__DataFlow-Engine\y9-module-dataflow\risenet-y9boot-rpc-commons\src\main\java\net\risedata\rpc\factory\model\ReturnType.java,109
JDK:java.base:N/A:N/A,ClassOrInterfaceType,java.lang.Runnable,Runnable,C:\Users\tyin363\Documents\repos\risesoft-y9__DataFlow-Engine\y9-module-dataflow\risenet-y9boot-rpc-commons\src\main\java\net\risedata\rpc\service\RPCExecutorService.java,15
JDK:java.base:N/A:N/A,ClassOrInterfaceType,java.lang.String,String,C:\Users\tyin363\Documents\repos\risesoft-y9__DataFlow-Engine\y9-module-dataflow\risenet-y9boot-rpc-commons\src\main\java\net\risedata\rpc\utils\ClassTools.java,154
JDK:java.base:N/A:N/A,ObjectCreationExpr,java.io.File,File,C:\Users\tyin363\Documents\repos\risesoft-y9__DataFlow-Engine\y9-module-dataflow\risenet-y9boot-rpc-commons\src\main\java\net\risedata\rpc\utils\ClassTools.java,133
JDK:java.base:N/A:N/A,MethodCallExpr,java.util.concurrent.Semaphore,release,C:\Users\tyin363\Documents\repos\risesoft-y9__DataFlow-Engine\y9-module-dataflow\risenet-y9boot-rpc-commons\src\main\java\net\risedata\rpc\utils\KeyLock.java,38
,NameExpr,net.risedata.rpc.queue.TaskQueue,q,C:\Users\tyin363\Documents\repos\risesoft-y9__DataFlow-Engine\y9-module-dataflow\risenet-y9boot-rpc-commons\src\main\java\net\risedata\rpc\queue\TaskQueue.java,20
JDK:java.base:N/A:N/A,MethodCallExpr,java.lang.String,endsWith,C:\Users\tyin363\Documents\repos\risesoft-y9__DataFlow-Engine\y9-module-dataflow\risenet-y9boot-rpc-commons\src\main\java\net\risedata\rpc\utils\AntPathMatcher.java,83
JDK:java.base:N/A:N/A,MethodCallExpr,java.util.List,add,C:\Users\tyin363\Documents\repos\risesoft-y9__DataFlow-Engine\y9-module-dataflow\risenet-y9boot-rpc-commons\src\main\java\net\risedata\rpc\utils\StringUtils.java,393
,NameExpr,net.risedata.rpc.model.ListenerResponse,status,C:\Users\tyin363\Documents\repos\risesoft-y9__DataFlow-Engine\y9-module-dataflow\risenet-y9boot-rpc-commons\src\main\java\net\risedata\rpc\model\ListenerResponse.java,40
,FieldAccessExpr,net.risedata.rpc.model.Request,url,C:\Users\tyin363\Documents\repos\risesoft-y9__DataFlow-Engine\y9-module-dataflow\risenet-y9boot-rpc-commons\src\main\java\net\risedata\rpc\model\Request.java,57
JDK:java.base:N/A:N/A,ClassOrInterfaceType,java.lang.RuntimeException,RuntimeException,C:\Users\tyin363\Documents\repos\risesoft-y9__DataFlow-Engine\y9-module-dataflow\risenet-y9boot-rpc-commons\src\main\java\net\risedata\rpc\exceptions\ProxyException.java,8
,NameExpr,net.risedata.rpc.factory.model.ReturnType,isReturnTypeClass,C:\Users\tyin363\Documents\repos\risesoft-y9__DataFlow-Engine\y9-module-dataflow\risenet-y9boot-rpc-commons\src\main\java\net\risedata\rpc\factory\model\ReturnType.java,91
JDK:java.base:N/A:N/A,MethodCallExpr,java.util.Arrays,toString,C:\Users\tyin363\Documents\repos\risesoft-y9__DataFlow-Engine\y9-module-dataflow\risenet-y9boot-rpc-commons\src\main\java\net\risedata\rpc\utils\LParameter.java,128
,NameExpr,net.risedata.rpc.utils.LParameter,parameterType,C:\Users\tyin363\Documents\repos\risesoft-y9__DataFlow-Engine\y9-module-dataflow\risenet-y9boot-rpc-commons\src\main\java\net\risedata\rpc\utils\LParameter.java,94
JDK:java.base:N/A:N/A,MethodCallExpr,java.lang.annotation.Annotation,annotationType,C:\Users\tyin363\Documents\repos\risesoft-y9__DataFlow-Engine\y9-module-dataflow\risenet-y9boot-rpc-commons\src\main\java\net\risedata\rpc\utils\LParameter.java,59
JDK:java.base:N/A:N/A,ClassOrInterfaceType,java.lang.String,String,C:\Users\tyin363\Documents\repos\risesoft-y9__DataFlow-Engine\y9-module-dataflow\risenet-y9boot-rpc-commons\src\main\java\net\risedata\rpc\model\Request.java,87
,NameExpr,net.risedata.rpc.factory.model.ReturnType,genericityClass,C:\Users\tyin363\Documents\repos\risesoft-y9__DataFlow-Engine\y9-module-dataflow\risenet-y9boot-rpc-commons\src\main\java\net\risedata\rpc\factory\model\ReturnType.java,123
JDK:java.base:N/A:N/A,ClassOrInterfaceType,java.lang.Class,Class,C:\Users\tyin363\Documents\repos\risesoft-y9__DataFlow-Engine\y9-module-dataflow\risenet-y9boot-rpc-commons\src\main\java\net\risedata\rpc\factory\model\ReturnType.java,53
,NameExpr,net.risedata.rpc.queue.TaskQueue,q,C:\Users\tyin363\Documents\repos\risesoft-y9__DataFlow-Engine\y9-module-dataflow\risenet-y9boot-rpc-commons\src\main\java\net\risedata\rpc\queue\TaskQueue.java,21
JDK:java.base:N/A:N/A,MethodCallExpr,java.lang.String,split,C:\Users\tyin363\Documents\repos\risesoft-y9__DataFlow-Engine\y9-module-dataflow\risenet-y9boot-rpc-commons\src\main\java\net\risedata\rpc\utils\StringUtils.java,278
,NameExpr,net.risedata.rpc.queue.TaskQueue,o,C:\Users\tyin363\Documents\repos\risesoft-y9__DataFlow-Engine\y9-module-dataflow\risenet-y9boot-rpc-commons\src\main\java\net\risedata\rpc\queue\TaskQueue.java,27
JDK:java.base:N/A:N/A,MethodCallExpr,java.lang.Class,forName,C:\Users\tyin363\Documents\repos\risesoft-y9__DataFlow-Engine\y9-module-dataflow\risenet-y9boot-rpc-commons\src\main\java\net\risedata\rpc\utils\ClassTools.java,93
,NameExpr,net.risedata.rpc.factory.model.ReturnType,index,C:\Users\tyin363\Documents\repos\risesoft-y9__DataFlow-Engine\y9-module-dataflow\risenet-y9boot-rpc-commons\src\main\java\net\risedata\rpc\factory\model\ReturnType.java,91
,ClassOrInterfaceType,net.risedata.rpc.model.Response,Response,C:\Users\tyin363\Documents\repos\risesoft-y9__DataFlow-Engine\y9-module-dataflow\risenet-y9boot-rpc-commons\src\main\java\net\risedata\rpc\model\Response.java,31
,FieldAccessExpr,net.risedata.rpc.utils.AntPathMatcher,pathSeparator,C:\Users\tyin363\Documents\repos\risesoft-y9__DataFlow-Engine\y9-module-dataflow\risenet-y9boot-rpc-commons\src\main\java\net\risedata\rpc\utils\AntPathMatcher.java,54
JDK:java.base:N/A:N/A,MethodCallExpr,java.lang.StringBuilder,append,C:\Users\tyin363\Documents\repos\risesoft-y9__DataFlow-Engine\y9-module-dataflow\risenet-y9boot-rpc-commons\src\main\java\net\risedata\rpc\utils\AntPathMatcher.java,354
JDK:java.base:N/A:N/A,MethodCallExpr,java.lang.String,length,C:\Users\tyin363\Documents\repos\risesoft-y9__DataFlow-Engine\y9-module-dataflow\risenet-y9boot-rpc-commons\src\main\java\net\risedata\rpc\utils\StringUtils.java,80
,NameExpr,net.risedata.rpc.utils.LParameter,required,C:\Users\tyin363\Documents\repos\risesoft-y9__DataFlow-Engine\y9-module-dataflow\risenet-y9boot-rpc-commons\src\main\java\net\risedata\rpc\utils\LParameter.java,129
JDK:java.base:N/A:N/A,ClassOrInterfaceType,java.util.ArrayList,ArrayList,C:\Users\tyin363\Documents\repos\risesoft-y9__DataFlow-Engine\y9-module-dataflow\risenet-y9boot-rpc-commons\src\main\java\net\risedata\rpc\utils\ClassTools.java,36
JDK:java.base:N/A:N/A,ClassOrInterfaceType,java.lang.String,String,C:\Users\tyin363\Documents\repos\risesoft-y9__DataFlow-Engine\y9-module-dataflow\risenet-y9boot-rpc-commons\src\main\java\net\risedata\rpc\utils\ClassTools.java,90
JDK:java.base:N/A:N/A,ObjectCreationExpr,java.util.Timer,Timer,C:\Users\tyin363\Documents\repos\risesoft-y9__DataFlow-Engine\y9-module-dataflow\risenet-y9boot-rpc-commons\src\main\java\net\risedata\rpc\Task\ScheduleTask.java,33
,NameExpr,net.risedata.rpc.factory.model.ReturnType,returnType,C:\Users\tyin363\Documents\repos\risesoft-y9__DataFlow-Engine\y9-module-dataflow\risenet-y9boot-rpc-commons\src\main\java\net\risedata\rpc\factory\model\ReturnType.java,177
JDK:java.base:N/A:N/A,ClassOrInterfaceType,java.lang.annotation.Annotation,Annotation,C:\Users\tyin363\Documents\repos\risesoft-y9__DataFlow-Engine\y9-module-dataflow\risenet-y9boot-rpc-commons\src\main\java\net\risedata\rpc\utils\MethodUtils.java,32
JDK:java.base:N/A:N/A,MethodCallExpr,java.lang.String,equals,C:\Users\tyin363\Documents\repos\risesoft-y9__DataFlow-Engine\y9-module-dataflow\risenet-y9boot-rpc-commons\src\main\java\net\risedata\rpc\factory\model\ReturnType.java,63
JDK:java.base:N/A:N/A,FieldAccessExpr,java.lang.Long,MAX_VALUE,C:\Users\tyin363\Documents\repos\risesoft-y9__DataFlow-Engine\y9-module-dataflow\risenet-y9boot-rpc-commons\src\main\java\net\risedata\rpc\utils\IdUtils.java,18
,NameExpr,net.risedata.rpc.queue.TaskQueue,o,C:\Users\tyin363\Documents\repos\risesoft-y9__DataFlow-Engine\y9-module-dataflow\risenet-y9boot-rpc-commons\src\main\java\net\risedata\rpc\queue\TaskQueue.java,24
JDK:java.base:N/A:N/A,MethodCallExpr,java.lang.String,charAt,C:\Users\tyin363\Documents\repos\risesoft-y9__DataFlow-Engine\y9-module-dataflow\risenet-y9boot-rpc-commons\src\main\java\net\risedata\rpc\utils\ClassTools.java,73
JDK:java.base:N/A:N/A,ClassOrInterfaceType,java.lang.Class,Class,C:\Users\tyin363\Documents\repos\risesoft-y9__DataFlow-Engine\y9-module-dataflow\risenet-y9boot-rpc-commons\src\main\java\net\risedata\rpc\factory\model\ReturnType.java,122
JDK:java.base:N/A:N/A,ClassOrInterfaceType,java.lang.Class,Class,C:\Users\tyin363\Documents\repos\risesoft-y9__DataFlow-Engine\y9-module-dataflow\risenet-y9boot-rpc-commons\src\main\java\net\risedata\rpc\utils\LParameter.java,106
JDK:java.base:N/A:N/A,ObjectCreationExpr,java.util.ArrayList,ArrayList,C:\Users\tyin363\Documents\repos\risesoft-y9__DataFlow-Engine\y9-module-dataflow\risenet-y9boot-rpc-commons\src\main\java\net\risedata\rpc\Task\ScheduleTask.java,17
JDK:java.base:N/A:N/A,MethodCallExpr,java.lang.reflect.Method,getReturnType,C:\Users\tyin363\Documents\repos\risesoft-y9__DataFlow-Engine\y9-module-dataflow\risenet-y9boot-rpc-commons\src\main\java\net\risedata\rpc\factory\ReturnTypeFactory.java,27
JDK:java.base:N/A:N/A,MethodCallExpr,java.lang.String,startsWith,C:\Users\tyin363\Documents\repos\risesoft-y9__DataFlow-Engine\y9-module-dataflow\risenet-y9boot-rpc-commons\src\main\java\net\risedata\rpc\factory\ReturnTypeFactory.java,40
JDK:java.base:N/A:N/A,MethodCallExpr,java.lang.String,substring,C:\Users\tyin363\Documents\repos\risesoft-y9__DataFlow-Engine\y9-module-dataflow\risenet-y9boot-rpc-commons\src\main\java\net\risedata\rpc\utils\ClassTools.java,75
JDK:java.base:N/A:N/A,ClassOrInterfaceType,java.util.List,List,C:\Users\tyin363\Documents\repos\risesoft-y9__DataFlow-Engine\y9-module-dataflow\risenet-y9boot-rpc-commons\src\main\java\net\risedata\rpc\utils\LClassLoader.java,18
,FieldAccessExpr,net.risedata.rpc.utils.LParameter,parameterName,C:\Users\tyin363\Documents\repos\risesoft-y9__DataFlow-Engine\y9-module-dataflow\risenet-y9boot-rpc-commons\src\main\java\net\risedata\rpc\utils\LParameter.java,88
JDK:java.base:N/A:N/A,MethodCallExpr,java.io.File,exists,C:\Users\tyin363\Documents\repos\risesoft-y9__DataFlow-Engine\y9-module-dataflow\risenet-y9boot-rpc-commons\src\main\java\net\risedata\rpc\utils\ClassTools.java,135
JDK:java.base:N/A:N/A,MethodCallExpr,java.lang.String,split,C:\Users\tyin363\Documents\repos\risesoft-y9__DataFlow-Engine\y9-module-dataflow\risenet-y9boot-rpc-commons\src\main\java\net\risedata\rpc\utils\StringUtils.java,275
,ClassOrInterfaceType,net.risedata.rpc.model.Response,Response,C:\Users\tyin363\Documents\repos\risesoft-y9__DataFlow-Engine\y9-module-dataflow\risenet-y9boot-rpc-commons\src\main\java\net\risedata\rpc\model\Response.java,30
JDK:java.base:N/A:N/A,ClassOrInterfaceType,java.lang.String,String,C:\Users\tyin363\Documents\repos\risesoft-y9__DataFlow-Engine\y9-module-dataflow\risenet-y9boot-rpc-commons\src\main\java\net\risedata\rpc\model\Response.java,61
,FieldAccessExpr,net.risedata.rpc.factory.model.ReturnType,isReturnTypeClass,C:\Users\tyin363\Documents\repos\risesoft-y9__DataFlow-Engine\y9-module-dataflow\risenet-y9boot-rpc-commons\src\main\java\net\risedata\rpc\factory\model\ReturnType.java,59
,NameExpr,net.risedata.rpc.factory.model.ReturnType,isClass,C:\Users\tyin363\Documents\repos\risesoft-y9__DataFlow-Engine\y9-module-dataflow\risenet-y9boot-rpc-commons\src\main\java\net\risedata\rpc\factory\model\ReturnType.java,76
,NameExpr,net.risedata.rpc.utils.LParameter,isGeneral,C:\Users\tyin363\Documents\repos\risesoft-y9__DataFlow-Engine\y9-module-dataflow\risenet-y9boot-rpc-commons\src\main\java\net\risedata\rpc\utils\LParameter.java,119
JDK:java.base:N/A:N/A,MethodCallExpr,java.util.Arrays,toString,C:\Users\tyin363\Documents\repos\risesoft-y9__DataFlow-Engine\y9-module-dataflow\risenet-y9boot-rpc-commons\src\main\java\net\risedata\rpc\utils\LParameter.java,130
JDK:java.base:N/A:N/A,ClassOrInterfaceType,java.lang.Class,Class,C:\Users\tyin363\Documents\repos\risesoft-y9__DataFlow-Engine\y9-module-dataflow\risenet-y9boot-rpc-commons\src\main\java\net\risedata\rpc\utils\MethodUtils.java,76
JDK:java.base:N/A:N/A,MethodCallExpr,java.lang.String,charAt,C:\Users\tyin363\Documents\repos\risesoft-y9__DataFlow-Engine\y9-module-dataflow\risenet-y9boot-rpc-commons\src\main\java\net\risedata\rpc\utils\StringUtils.java,476
,FieldAccessExpr,net.risedata.rpc.model.Request,type,C:\Users\tyin363\Documents\repos\risesoft-y9__DataFlow-Engine\y9-module-dataflow\risenet-y9boot-rpc-commons\src\main\java\net\risedata\rpc\model\Request.java,60
JDK:java.base:N/A:N/A,ClassOrInterfaceType,java.lang.annotation.Annotation,Annotation,C:\Users\tyin363\Documents\repos\risesoft-y9__DataFlow-Engine\y9-module-dataflow\risenet-y9boot-rpc-commons\src\main\java\net\risedata\rpc\utils\LParameter.java,56
JDK:java.base:N/A:N/A,ObjectCreationExpr,java.lang.StringBuilder,StringBuilder,C:\Users\tyin363\Documents\repos\risesoft-y9__DataFlow-Engine\y9-module-dataflow\risenet-y9boot-rpc-commons\src\main\java\net\risedata\rpc\utils\StringUtils.java,163
,ClassOrInterfaceType,net.risedata.rpc.Task.Task,Task,C:\Users\tyin363\Documents\repos\risesoft-y9__DataFlow-Engine\y9-module-dataflow\risenet-y9boot-rpc-commons\src\main\java\net\risedata\rpc\Task\ScheduleTask.java,17
,NameExpr,net.risedata.rpc.utils.AntPathMatcher,DEFAULT_PATH_SEPARATOR,C:\Users\tyin363\Documents\repos\risesoft-y9__DataFlow-Engine\y9-module-dataflow\risenet-y9boot-rpc-commons\src\main\java\net\risedata\rpc\utils\AntPathMatcher.java,14
JDK:java.base:N/A:N/A,MethodCallExpr,java.util.Collection,size,C:\Users\tyin363\Documents\repos\risesoft-y9__DataFlow-Engine\y9-module-dataflow\risenet-y9boot-rpc-commons\src\main\java\net\risedata\rpc\utils\StringUtils.java,267
JDK:java.base:N/A:N/A,MethodCallExpr,java.lang.Thread,getContextClassLoader,C:\Users\tyin363\Documents\repos\risesoft-y9__DataFlow-Engine\y9-module-dataflow\risenet-y9boot-rpc-commons\src\main\java\net\risedata\rpc\utils\ClassTools.java,45
JDK:java.base:N/A:N/A,ClassOrInterfaceType,java.lang.Class,Class,C:\Users\tyin363\Documents\repos\risesoft-y9__DataFlow-Engine\y9-module-dataflow\risenet-y9boot-rpc-commons\src\main\java\net\risedata\rpc\utils\MethodUtils.java,83
JDK:java.base:N/A:N/A,ClassOrInterfaceType,java.lang.String,String,C:\Users\tyin363\Documents\repos\risesoft-y9__DataFlow-Engine\y9-module-dataflow\risenet-y9boot-rpc-commons\src\main\java\net\risedata\rpc\utils\AntPathMatcher.java,26
,FieldAccessExpr,net.risedata.rpc.factory.model.ReturnType,isGenericity,C:\Users\tyin363\Documents\repos\risesoft-y9__DataFlow-Engine\y9-module-dataflow\risenet-y9boot-rpc-commons\src\main\java\net\risedata\rpc\factory\model\ReturnType.java,58
,ClassOrInterfaceType,net.risedata.rpc.model.Msg,Msg,C:\Users\tyin363\Documents\repos\risesoft-y9__DataFlow-Engine\y9-module-dataflow\risenet-y9boot-rpc-commons\src\main\java\net\risedata\rpc\model\Response.java,30
JDK:java.base:N/A:N/A,ClassOrInterfaceType,java.lang.Class,Class,C:\Users\tyin363\Documents\repos\risesoft-y9__DataFlow-Engine\y9-module-dataflow\risenet-y9boot-rpc-commons\src\main\java\net\risedata\rpc\utils\LParameter.java,99
JDK:java.base:N/A:N/A,ObjectCreationExpr,java.lang.StringBuilder,StringBuilder,C:\Users\tyin363\Documents\repos\risesoft-y9__DataFlow-Engine\y9-module-dataflow\risenet-y9boot-rpc-commons\src\main\java\net\risedata\rpc\utils\StringUtils.java,427
,NameExpr,net.risedata.rpc.utils.IdUtils,MAX,C:\Users\tyin363\Documents\repos\risesoft-y9__DataFlow-Engine\y9-module-dataflow\risenet-y9boot-rpc-commons\src\main\java\net\risedata\rpc\utils\IdUtils.java,23
JDK:java.base:N/A:N/A,ClassOrInterfaceType,java.io.IOException,IOException,C:\Users\tyin363\Documents\repos\risesoft-y9__DataFlow-Engine\y9-module-dataflow\risenet-y9boot-rpc-commons\src\main\java\net\risedata\rpc\utils\ClassTools.java,112
,NameExpr,net.risedata.rpc.factory.model.ReturnType,isClass,C:\Users\tyin363\Documents\repos\risesoft-y9__DataFlow-Engine\y9-module-dataflow\risenet-y9boot-rpc-commons\src\main\java\net\risedata\rpc\factory\model\ReturnType.java,74
JDK:java.base:N/A:N/A,ClassOrInterfaceType,java.util.concurrent.ThreadPoolExecutor,ThreadPoolExecutor,C:\Users\tyin363\Documents\repos\risesoft-y9__DataFlow-Engine\y9-module-dataflow\risenet-y9boot-rpc-commons\src\main\java\net\risedata\rpc\service\patientia\FixedExecutorService.java,20
,FieldAccessExpr,net.risedata.rpc.utils.AntPathMatcher,pathSeparator,C:\Users\tyin363\Documents\repos\risesoft-y9__DataFlow-Engine\y9-module-dataflow\risenet-y9boot-rpc-commons\src\main\java\net\risedata\rpc\utils\AntPathMatcher.java,59
io.netty:netty-buffer:jar:4.1.101.Final,MethodCallExpr,io.netty.buffer.ByteBuf,writeBytes,C:\Users\tyin363\Documents\repos\risesoft-y9__DataFlow-Engine\y9-module-dataflow\risenet-y9boot-rpc-commons\src\main\java\net\risedata\rpc\coder\MsgEncoder.java,29
,FieldAccessExpr,net.risedata.rpc.model.Response,type,C:\Users\tyin363\Documents\repos\risesoft-y9__DataFlow-Engine\y9-module-dataflow\risenet-y9boot-rpc-commons\src\main\java\net\risedata\rpc\model\Response.java,43
JDK:java.base:N/A:N/A,MethodCallExpr,java.io.File,getAbsolutePath,C:\Users\tyin363\Documents\repos\risesoft-y9__DataFlow-Engine\y9-module-dataflow\risenet-y9boot-rpc-commons\src\main\java\net\risedata\rpc\utils\ClassTools.java,151
JDK:java.base:N/A:N/A,ClassOrInterfaceType,java.lang.Class,Class,C:\Users\tyin363\Documents\repos\risesoft-y9__DataFlow-Engine\y9-module-dataflow\risenet-y9boot-rpc-commons\src\main\java\net\risedata\rpc\factory\model\ReturnType.java,115
io.netty:netty-common:jar:4.1.101.Final,MethodCallExpr,io.netty.util.internal.logging.InternalLoggerFactory,getInstance,C:\Users\tyin363\Documents\repos\risesoft-y9__DataFlow-Engine\y9-module-dataflow\risenet-y9boot-rpc-commons\src\main\java\net\risedata\rpc\provide\config\Application.java,8
,ObjectCreationExpr,net.risedata.rpc.factory.model.ReturnType,ReturnType,C:\Users\tyin363\Documents\repos\risesoft-y9__DataFlow-Engine\y9-module-dataflow\risenet-y9boot-rpc-commons\src\main\java\net\risedata\rpc\factory\ReturnTypeFactory.java,35
,ClassOrInterfaceType,net.risedata.rpc.model.Msg,Msg,C:\Users\tyin363\Documents\repos\risesoft-y9__DataFlow-Engine\y9-module-dataflow\risenet-y9boot-rpc-commons\src\main\java\net\risedata\rpc\model\Response.java,95
,MethodCallExpr,net.risedata.rpc.utils.AntPathMatcher,match,C:\Users\tyin363\Documents\repos\risesoft-y9__DataFlow-Engine\y9-module-dataflow\risenet-y9boot-rpc-commons\src\main\java\net\risedata\rpc\utils\AntPathMatcher.java,31
JDK:java.base:N/A:N/A,MethodCallExpr,java.lang.String,startsWith,C:\Users\tyin363\Documents\repos\risesoft-y9__DataFlow-Engine\y9-module-dataflow\risenet-y9boot-rpc-commons\src\main\java\net\risedata\rpc\utils\ClassTools.java,78
,MethodCallExpr,net.risedata.rpc.utils.AntPathMatcher,matchStrings,C:\Users\tyin363\Documents\repos\risesoft-y9__DataFlow-Engine\y9-module-dataflow\risenet-y9boot-rpc-commons\src\main\java\net\risedata\rpc\utils\AntPathMatcher.java,112
,ObjectCreationExpr,net.risedata.rpc.exceptions.ProxyException,ProxyException,C:\Users\tyin363\Documents\repos\risesoft-y9__DataFlow-Engine\y9-module-dataflow\risenet-y9boot-rpc-commons\src\main\java\net\risedata\rpc\factory\ReturnTypeFactory.java,55
,MethodCallExpr,net.risedata.rpc.utils.ClassTools,getClasses,C:\Users\tyin363\Documents\repos\risesoft-y9__DataFlow-Engine\y9-module-dataflow\risenet-y9boot-rpc-commons\src\main\java\net\risedata\rpc\utils\LClassLoader.java,22
,FieldAccessExpr,net.risedata.rpc.utils.AntPathMatcher,pathSeparator,C:\Users\tyin363\Documents\repos\risesoft-y9__DataFlow-Engine\y9-module-dataflow\risenet-y9boot-rpc-commons\src\main\java\net\risedata\rpc\utils\AntPathMatcher.java,58
JDK:java.base:N/A:N/A,MethodCallExpr,java.lang.String,endsWith,C:\Users\tyin363\Documents\repos\risesoft-y9__DataFlow-Engine\y9-module-dataflow\risenet-y9boot-rpc-commons\src\main\java\net\risedata\rpc\utils\ClassTools.java,88
JDK:java.base:N/A:N/A,ClassOrInterfaceType,java.lang.ClassNotFoundException,ClassNotFoundException,C:\Users\tyin363\Documents\repos\risesoft-y9__DataFlow-Engine\y9-module-dataflow\risenet-y9boot-rpc-commons\src\main\java\net\risedata\rpc\factory\ReturnTypeFactory.java,54
JDK:java.base:N/A:N/A,ClassOrInterfaceType,java.lang.Object,Object,C:\Users\tyin363\Documents\repos\risesoft-y9__DataFlow-Engine\y9-module-dataflow\risenet-y9boot-rpc-commons\src\main\java\net\risedata\rpc\factory\ReturnTypeFactory.java,28
io.netty:netty-common:jar:4.1.101.Final,MethodCallExpr,io.netty.util.internal.logging.InternalLogger,info,C:\Users\tyin363\Documents\repos\risesoft-y9__DataFlow-Engine\y9-module-dataflow\risenet-y9boot-rpc-commons\src\main\java\net\risedata\rpc\Task\ScheduleTask.java,35
JDK:java.base:N/A:N/A,MethodCallExpr,java.lang.String,contains,C:\Users\tyin363\Documents\repos\risesoft-y9__DataFlow-Engine\y9-module-dataflow\risenet-y9boot-rpc-commons\src\main\java\net\risedata\rpc\factory\ReturnTypeFactory.java,77
JDK:java.base:N/A:N/A,MethodCallExpr,java.util.Map,get,C:\Users\tyin363\Documents\repos\risesoft-y9__DataFlow-Engine\y9-module-dataflow\risenet-y9boot-rpc-commons\src\main\java\net\risedata\rpc\utils\KeyLock.java,24
,NameExpr,net.risedata.rpc.utils.LParameter,isGeneral,C:\Users\tyin363\Documents\repos\risesoft-y9__DataFlow-Engine\y9-module-dataflow\risenet-y9boot-rpc-commons\src\main\java\net\risedata\rpc\utils\LParameter.java,115
JDK:java.base:N/A:N/A,MethodCallExpr,java.lang.String,endsWith,C:\Users\tyin363\Documents\repos\risesoft-y9__DataFlow-Engine\y9-module-dataflow\risenet-y9boot-rpc-commons\src\main\java\net\risedata\rpc\utils\AntPathMatcher.java,89
JDK:java.base:N/A:N/A,ClassOrInterfaceType,java.text.ParseException,ParseException,C:\Users\tyin363\Documents\repos\risesoft-y9__DataFlow-Engine\y9-module-dataflow\risenet-y9boot-rpc-commons\src\main\java\net\risedata\rpc\utils\StringUtils.java,282
,NameExpr,net.risedata.rpc.utils.LParameter,isPath,C:\Users\tyin363\Documents\repos\risesoft-y9__DataFlow-Engine\y9-module-dataflow\risenet-y9boot-rpc-commons\src\main\java\net\risedata\rpc\utils\LParameter.java,126
JDK:java.base:N/A:N/A,ClassOrInterfaceType,java.lang.String,String,C:\Users\tyin363\Documents\repos\risesoft-y9__DataFlow-Engine\y9-module-dataflow\risenet-y9boot-rpc-commons\src\main\java\net\risedata\rpc\utils\StringUtils.java,21
,MethodCallExpr,net.risedata.rpc.factory.ReturnTypeFactory,findT,C:\Users\tyin363\Documents\repos\risesoft-y9__DataFlow-Engine\y9-module-dataflow\risenet-y9boot-rpc-commons\src\main\java\net\risedata\rpc\factory\ReturnTypeFactory.java,30
,MethodCallExpr,net.risedata.rpc.utils.StringUtils,clean,C:\Users\tyin363\Documents\repos\risesoft-y9__DataFlow-Engine\y9-module-dataflow\risenet-y9boot-rpc-commons\src\main\java\net\risedata\rpc\utils\StringUtils.java,345
JDK:java.base:N/A:N/A,MethodCallExpr,java.lang.Class,forName,C:\Users\tyin363\Documents\repos\risesoft-y9__DataFlow-Engine\y9-module-dataflow\risenet-y9boot-rpc-commons\src\main\java\net\risedata\rpc\factory\ReturnTypeFactory.java,52
,MethodCallExpr,net.risedata.rpc.model.Request,toBytes,C:\Users\tyin363\Documents\repos\risesoft-y9__DataFlow-Engine\y9-module-dataflow\risenet-y9boot-rpc-commons\src\main\java\net\risedata\rpc\model\Request.java,92
JDK:java.base:N/A:N/A,ClassOrInterfaceType,java.util.concurrent.LinkedBlockingQueue,LinkedBlockingQueue,C:\Users\tyin363\Documents\repos\risesoft-y9__DataFlow-Engine\y9-module-dataflow\risenet-y9boot-rpc-commons\src\main\java\net\risedata\rpc\service\patientia\FixedExecutorService.java,24
JDK:java.base:N/A:N/A,ClassOrInterfaceType,java.lang.StringBuilder,StringBuilder,C:\Users\tyin363\Documents\repos\risesoft-y9__DataFlow-Engine\y9-module-dataflow\risenet-y9boot-rpc-commons\src\main\java\net\risedata\rpc\utils\StringUtils.java,474
,NameExpr,net.risedata.rpc.model.Response,status,C:\Users\tyin363\Documents\repos\risesoft-y9__DataFlow-Engine\y9-module-dataflow\risenet-y9boot-rpc-commons\src\main\java\net\risedata\rpc\model\Response.java,104
,FieldAccessExpr,net.risedata.rpc.model.ListenerResponse,msg,C:\Users\tyin363\Documents\repos\risesoft-y9__DataFlow-Engine\y9-module-dataflow\risenet-y9boot-rpc-commons\src\main\java\net\risedata\rpc\model\ListenerResponse.java,34
JDK:java.base:N/A:N/A,MethodCallExpr,java.lang.StringBuilder,append,C:\Users\tyin363\Documents\repos\risesoft-y9__DataFlow-Engine\y9-module-dataflow\risenet-y9boot-rpc-commons\src\main\java\net\risedata\rpc\utils\AntPathMatcher.java,352
JDK:java.base:N/A:N/A,ClassOrInterfaceType,java.lang.Class,Class,C:\Users\tyin363\Documents\repos\risesoft-y9__DataFlow-Engine\y9-module-dataflow\risenet-y9boot-rpc-commons\src\main\java\net\risedata\rpc\utils\ClassTools.java,131
,FieldAccessExpr,net.risedata.rpc.Task.ScheduleTask,refreshTime,C:\Users\tyin363\Documents\repos\risesoft-y9__DataFlow-Engine\y9-module-dataflow\risenet-y9boot-rpc-commons\src\main\java\net\risedata\rpc\Task\ScheduleTask.java,35
JDK:java.base:N/A:N/A,ClassOrInterfaceType,java.lang.String,String,C:\Users\tyin363\Documents\repos\risesoft-y9__DataFlow-Engine\y9-module-dataflow\risenet-y9boot-rpc-commons\src\main\java\net\risedata\rpc\utils\StringUtils.java,350
,MethodCallExpr,net.risedata.rpc.utils.ClassTools,findAndAddClassesInPackageByFile,C:\Users\tyin363\Documents\repos\risesoft-y9__DataFlow-Engine\y9-module-dataflow\risenet-y9boot-rpc-commons\src\main\java\net\risedata\rpc\utils\ClassTools.java,57
,NameExpr,net.risedata.rpc.factory.model.ReturnType,isClass,C:\Users\tyin363\Documents\repos\risesoft-y9__DataFlow-Engine\y9-module-dataflow\risenet-y9boot-rpc-commons\src\main\java\net\risedata\rpc\factory\model\ReturnType.java,137
JDK:java.base:N/A:N/A,ClassOrInterfaceType,java.lang.InterruptedException,InterruptedException,C:\Users\tyin363\Documents\repos\risesoft-y9__DataFlow-Engine\y9-module-dataflow\risenet-y9boot-rpc-commons\src\main\java\net\risedata\rpc\queue\TaskQueue.java,63
JDK:java.base:N/A:N/A,ClassOrInterfaceType,java.lang.Object,Object,C:\Users\tyin363\Documents\repos\risesoft-y9__DataFlow-Engine\y9-module-dataflow\risenet-y9boot-rpc-commons\src\main\java\net\risedata\rpc\Task\ScheduleTask.java,40
JDK:java.base:N/A:N/A,ClassOrInterfaceType,java.lang.Class,Class,C:\Users\tyin363\Documents\repos\risesoft-y9__DataFlow-Engine\y9-module-dataflow\risenet-y9boot-rpc-commons\src\main\java\net\risedata\rpc\factory\model\ReturnType.java,129
,MethodCallExpr,net.risedata.rpc.utils.LParameter,setGeneral,C:\Users\tyin363\Documents\repos\risesoft-y9__DataFlow-Engine\y9-module-dataflow\risenet-y9boot-rpc-commons\src\main\java\net\risedata\rpc\utils\MethodUtils.java,70
JDK:java.base:N/A:N/A,MethodCallExpr,java.lang.Character,toUpperCase,C:\Users\tyin363\Documents\repos\risesoft-y9__DataFlow-Engine\y9-module-dataflow\risenet-y9boot-rpc-commons\src\main\java\net\risedata\rpc\utils\StringUtils.java,476
JDK:java.base:N/A:N/A,MethodCallExpr,java.lang.Class,isArray,C:\Users\tyin363\Documents\repos\risesoft-y9__DataFlow-Engine\y9-module-dataflow\risenet-y9boot-rpc-commons\src\main\java\net\risedata\rpc\utils\ClassTools.java,172
com.alibaba:fastjson:jar:2.0.57,MethodCallExpr,com.alibaba.fastjson.JSONObject,getLong,C:\Users\tyin363\Documents\repos\risesoft-y9__DataFlow-Engine\y9-module-dataflow\risenet-y9boot-rpc-commons\src\main\java\net\risedata\rpc\model\Response.java,45
,NameExpr,net.risedata.rpc.factory.model.ReturnType,isGenericity,C:\Users\tyin363\Documents\repos\risesoft-y9__DataFlow-Engine\y9-module-dataflow\risenet-y9boot-rpc-commons\src\main\java\net\risedata\rpc\factory\model\ReturnType.java,165
JDK:java.base:N/A:N/A,ClassOrInterfaceType,java.util.Map,Map,C:\Users\tyin363\Documents\repos\risesoft-y9__DataFlow-Engine\y9-module-dataflow\risenet-y9boot-rpc-commons\src\main\java\net\risedata\rpc\factory\ReturnTypeFactory.java,61
,NameExpr,net.risedata.rpc.utils.StringUtils,EMPTY_STRING,C:\Users\tyin363\Documents\repos\risesoft-y9__DataFlow-Engine\y9-module-dataflow\risenet-y9boot-rpc-commons\src\main\java\net\risedata\rpc\utils\StringUtils.java,161
JDK:java.base:N/A:N/A,ClassOrInterfaceType,java.lang.String,String,C:\Users\tyin363\Documents\repos\risesoft-y9__DataFlow-Engine\y9-module-dataflow\risenet-y9boot-rpc-commons\src\main\java\net\risedata\rpc\utils\AntPathMatcher.java,14
JDK:java.base:N/A:N/A,ClassOrInterfaceType,java.util.List,List,C:\Users\tyin363\Documents\repos\risesoft-y9__DataFlow-Engine\y9-module-dataflow\risenet-y9boot-rpc-commons\src\main\java\net\risedata\rpc\utils\ClassTools.java,36
JDK:java.base:N/A:N/A,ClassOrInterfaceType,java.util.concurrent.ThreadPoolExecutor,ThreadPoolExecutor,C:\Users\tyin363\Documents\repos\risesoft-y9__DataFlow-Engine\y9-module-dataflow\risenet-y9boot-rpc-commons\src\main\java\net\risedata\rpc\service\patientia\FixedExecutorService.java,23
JDK:java.base:N/A:N/A,MethodCallExpr,java.lang.StringBuilder,append,C:\Users\tyin363\Documents\repos\risesoft-y9__DataFlow-Engine\y9-module-dataflow\risenet-y9boot-rpc-commons\src\main\java\net\risedata\rpc\utils\AntPathMatcher.java,362
,FieldAccessExpr,net.risedata.rpc.model.Response,status,C:\Users\tyin363\Documents\repos\risesoft-y9__DataFlow-Engine\y9-module-dataflow\risenet-y9boot-rpc-commons\src\main\java\net\risedata\rpc\model\Response.java,82
JDK:java.base:N/A:N/A,MethodCallExpr,java.lang.Throwable,printStackTrace,C:\Users\tyin363\Documents\repos\risesoft-y9__DataFlow-Engine\y9-module-dataflow\risenet-y9boot-rpc-commons\src\main\java\net\risedata\rpc\utils\ClassTools.java,113
,FieldAccessExpr,net.risedata.rpc.utils.LParameter,isPath,C:\Users\tyin363\Documents\repos\risesoft-y9__DataFlow-Engine\y9-module-dataflow\risenet-y9boot-rpc-commons\src\main\java\net\risedata\rpc\utils\LParameter.java,37
,MethodCallExpr,net.risedata.rpc.utils.StringUtils,toDelimitedString,C:\Users\tyin363\Documents\repos\risesoft-y9__DataFlow-Engine\y9-module-dataflow\risenet-y9boot-rpc-commons\src\main\java\net\risedata\rpc\utils\StringUtils.java,147
com.alibaba:fastjson:jar:2.0.57,ClassOrInterfaceType,com.alibaba.fastjson.JSONObject,JSONObject,C:\Users\tyin363\Documents\repos\risesoft-y9__DataFlow-Engine\y9-module-dataflow\risenet-y9boot-rpc-commons\src\main\java\net\risedata\rpc\model\Request.java,56
JDK:java.base:N/A:N/A,MethodCallExpr,java.util.concurrent.Semaphore,release,C:\Users\tyin363\Documents\repos\risesoft-y9__DataFlow-Engine\y9-module-dataflow\risenet-y9boot-rpc-commons\src\main\java\net\risedata\rpc\utils\KeyLock.java,29
JDK:java.base:N/A:N/A,ClassOrInterfaceType,java.lang.Object,Object,C:\Users\tyin363\Documents\repos\risesoft-y9__DataFlow-Engine\y9-module-dataflow\risenet-y9boot-rpc-commons\src\main\java\net\risedata\rpc\utils\StringUtils.java,146
,ClassOrInterfaceType,net.risedata.rpc.model.Msg,Msg,C:\Users\tyin363\Documents\repos\risesoft-y9__DataFlow-Engine\y9-module-dataflow\risenet-y9boot-rpc-commons\src\main\java\net\risedata\rpc\model\Request.java,42
JDK:java.base:N/A:N/A,MethodCallExpr,java.util.Map,get,C:\Users\tyin363\Documents\repos\risesoft-y9__DataFlow-Engine\y9-module-dataflow\risenet-y9boot-rpc-commons\src\main\java\net\risedata\rpc\utils\KeyLock.java,36
JDK:java.base:N/A:N/A,MethodCallExpr,java.lang.String,substring,C:\Users\tyin363\Documents\repos\risesoft-y9__DataFlow-Engine\y9-module-dataflow\risenet-y9boot-rpc-commons\src\main\java\net\risedata\rpc\utils\MethodUtils.java,81
JDK:java.base:N/A:N/A,ObjectCreationExpr,java.text.ParseException,ParseException,C:\Users\tyin363\Documents\repos\risesoft-y9__DataFlow-Engine\y9-module-dataflow\risenet-y9boot-rpc-commons\src\main\java\net\risedata\rpc\utils\StringUtils.java,301
JDK:java.base:N/A:N/A,MethodCallExpr,java.lang.reflect.Type,getTypeName,C:\Users\tyin363\Documents\repos\risesoft-y9__DataFlow-Engine\y9-module-dataflow\risenet-y9boot-rpc-commons\src\main\java\net\risedata\rpc\factory\ReturnTypeFactory.java,77
,FieldAccessExpr,net.risedata.rpc.factory.model.ReturnType,isClass,C:\Users\tyin363\Documents\repos\risesoft-y9__DataFlow-Engine\y9-module-dataflow\risenet-y9boot-rpc-commons\src\main\java\net\risedata\rpc\factory\model\ReturnType.java,42
JDK:java.base:N/A:N/A,ClassOrInterfaceType,java.util.Collection,Collection,C:\Users\tyin363\Documents\repos\risesoft-y9__DataFlow-Engine\y9-module-dataflow\risenet-y9boot-rpc-commons\src\main\java\net\risedata\rpc\utils\StringUtils.java,263
JDK:java.base:N/A:N/A,ClassOrInterfaceType,java.io.IOException,IOException,C:\Users\tyin363\Documents\repos\risesoft-y9__DataFlow-Engine\y9-module-dataflow\risenet-y9boot-rpc-commons\src\main\java\net\risedata\rpc\utils\ClassTools.java,106
JDK:java.base:N/A:N/A,MethodCallExpr,java.lang.StringBuilder,append,C:\Users\tyin363\Documents\repos\risesoft-y9__DataFlow-Engine\y9-module-dataflow\risenet-y9boot-rpc-commons\src\main\java\net\risedata\rpc\utils\StringUtils.java,166
JDK:java.base:N/A:N/A,MethodCallExpr,java.lang.Class,getName,C:\Users\tyin363\Documents\repos\risesoft-y9__DataFlow-Engine\y9-module-dataflow\risenet-y9boot-rpc-commons\src\main\java\net\risedata\rpc\factory\model\ReturnType.java,63
,ClassOrInterfaceType,net.risedata.rpc.exceptions.ProxyException,ProxyException,C:\Users\tyin363\Documents\repos\risesoft-y9__DataFlow-Engine\y9-module-dataflow\risenet-y9boot-rpc-commons\src\main\java\net\risedata\rpc\factory\ReturnTypeFactory.java,37
io.netty:netty-common:jar:4.1.101.Final,ClassOrInterfaceType,io.netty.util.internal.logging.InternalLogger,InternalLogger,C:\Users\tyin363\Documents\repos\risesoft-y9__DataFlow-Engine\y9-module-dataflow\risenet-y9boot-rpc-commons\src\main\java\net\risedata\rpc\provide\config\Application.java,8
JDK:java.base:N/A:N/A,MethodCallExpr,java.util.ArrayList,add,C:\Users\tyin363\Documents\repos\risesoft-y9__DataFlow-Engine\y9-module-dataflow\risenet-y9boot-rpc-commons\src\main\java\net\risedata\rpc\Task\ScheduleTask.java,22
JDK:java.base:N/A:N/A,MethodCallExpr,java.lang.StringBuilder,append,C:\Users\tyin363\Documents\repos\risesoft-y9__DataFlow-Engine\y9-module-dataflow\risenet-y9boot-rpc-commons\src\main\java\net\risedata\rpc\utils\AntPathMatcher.java,364
JDK:java.base:N/A:N/A,ClassOrInterfaceType,java.util.jar.JarEntry,JarEntry,C:\Users\tyin363\Documents\repos\risesoft-y9__DataFlow-Engine\y9-module-dataflow\risenet-y9boot-rpc-commons\src\main\java\net\risedata\rpc\utils\ClassTools.java,70
,ClassOrInterfaceType,net.risedata.rpc.model.Msg,Msg,C:\Users\tyin363\Documents\repos\risesoft-y9__DataFlow-Engine\y9-module-dataflow\risenet-y9boot-rpc-commons\src\main\java\net\risedata\rpc\model\Response.java,97
JDK:java.base:N/A:N/A,MethodCallExpr,java.io.File,getName,C:\Users\tyin363\Documents\repos\risesoft-y9__DataFlow-Engine\y9-module-dataflow\risenet-y9boot-rpc-commons\src\main\java\net\risedata\rpc\utils\ClassTools.java,154
JDK:java.base:N/A:N/A,MethodCallExpr,java.lang.String,length,C:\Users\tyin363\Documents\repos\risesoft-y9__DataFlow-Engine\y9-module-dataflow\risenet-y9boot-rpc-commons\src\main\java\net\risedata\rpc\utils\StringUtils.java,470
,FieldAccessExpr,net.risedata.rpc.model.Response,type,C:\Users\tyin363\Documents\repos\risesoft-y9__DataFlow-Engine\y9-module-dataflow\risenet-y9boot-rpc-commons\src\main\java\net\risedata\rpc\model\Response.java,58
,FieldAccessExpr,net.risedata.rpc.model.Msg,msg,C:\Users\tyin363\Documents\repos\risesoft-y9__DataFlow-Engine\y9-module-dataflow\risenet-y9boot-rpc-commons\src\main\java\net\risedata\rpc\model\Msg.java,16
,NameExpr,net.risedata.rpc.utils.AntPathMatcher,DEFAULT_PATH_SEPARATOR,C:\Users\tyin363\Documents\repos\risesoft-y9__DataFlow-Engine\y9-module-dataflow\risenet-y9boot-rpc-commons\src\main\java\net\risedata\rpc\utils\AntPathMatcher.java,22
JDK:java.base:N/A:N/A,MethodCallExpr,java.lang.String,equals,C:\Users\tyin363\Documents\repos\risesoft-y9__DataFlow-Engine\y9-module-dataflow\risenet-y9boot-rpc-commons\src\main\java\net\risedata\rpc\utils\AntPathMatcher.java,69
,NameExpr,net.risedata.rpc.model.Msg,msg,C:\Users\tyin363\Documents\repos\risesoft-y9__DataFlow-Engine\y9-module-dataflow\risenet-y9boot-rpc-commons\src\main\java\net\risedata\rpc\model\Msg.java,40
JDK:java.base:N/A:N/A,MethodCallExpr,java.lang.StringBuilder,append,C:\Users\tyin363\Documents\repos\risesoft-y9__DataFlow-Engine\y9-module-dataflow\risenet-y9boot-rpc-commons\src\main\java\net\risedata\rpc\utils\StringUtils.java,429
,FieldAccessExpr,net.risedata.rpc.model.Request,type,C:\Users\tyin363\Documents\repos\risesoft-y9__DataFlow-Engine\y9-module-dataflow\risenet-y9boot-rpc-commons\src\main\java\net\risedata\rpc\model\Request.java,68
JDK:java.base:N/A:N/A,ClassOrInterfaceType,java.lang.String,String,C:\Users\tyin363\Documents\repos\risesoft-y9__DataFlow-Engine\y9-module-dataflow\risenet-y9boot-rpc-commons\src\main\java\net\risedata\rpc\utils\StringUtils.java,296
JDK:java.base:N/A:N/A,ObjectCreationExpr,java.util.concurrent.ThreadPoolExecutor,ThreadPoolExecutor,C:\Users\tyin363\Documents\repos\risesoft-y9__DataFlow-Engine\y9-module-dataflow\risenet-y9boot-rpc-commons\src\main\java\net\risedata\rpc\service\patientia\FixedExecutorService.java,23
,FieldAccessExpr,net.risedata.rpc.model.Request,url,C:\Users\tyin363\Documents\repos\risesoft-y9__DataFlow-Engine\y9-module-dataflow\risenet-y9boot-rpc-commons\src\main\java\net\risedata\rpc\model\Request.java,119
JDK:java.base:N/A:N/A,ClassOrInterfaceType,java.util.Enumeration,Enumeration,C:\Users\tyin363\Documents\repos\risesoft-y9__DataFlow-Engine\y9-module-dataflow\risenet-y9boot-rpc-commons\src\main\java\net\risedata\rpc\utils\ClassTools.java,43
JDK:java.base:N/A:N/A,ClassOrInterfaceType,java.lang.String,String,C:\Users\tyin363\Documents\repos\risesoft-y9__DataFlow-Engine\y9-module-dataflow\risenet-y9boot-rpc-commons\src\main\java\net\risedata\rpc\utils\AntPathMatcher.java,150
JDK:java.base:N/A:N/A,MethodCallExpr,java.lang.StringBuilder,append,C:\Users\tyin363\Documents\repos\risesoft-y9__DataFlow-Engine\y9-module-dataflow\risenet-y9boot-rpc-commons\src\main\java\net\risedata\rpc\utils\StringUtils.java,168
JDK:java.base:N/A:N/A,ClassOrInterfaceType,java.lang.String,String,C:\Users\tyin363\Documents\repos\risesoft-y9__DataFlow-Engine\y9-module-dataflow\risenet-y9boot-rpc-commons\src\main\java\net\risedata\rpc\utils\StringUtils.java,159
JDK:java.base:N/A:N/A,ClassOrInterfaceType,java.net.JarURLConnection,JarURLConnection,C:\Users\tyin363\Documents\repos\risesoft-y9__DataFlow-Engine\y9-module-dataflow\risenet-y9boot-rpc-commons\src\main\java\net\risedata\rpc\utils\ClassTools.java,64
JDK:java.base:N/A:N/A,ClassOrInterfaceType,java.util.List,List,C:\Users\tyin363\Documents\repos\risesoft-y9__DataFlow-Engine\y9-module-dataflow\risenet-y9boot-rpc-commons\src\main\java\net\risedata\rpc\utils\StringUtils.java,239
,MethodCallExpr,net.risedata.rpc.utils.StringUtils,tokenizeToStringArray,C:\Users\tyin363\Documents\repos\risesoft-y9__DataFlow-Engine\y9-module-dataflow\risenet-y9boot-rpc-commons\src\main\java\net\risedata\rpc\utils\AntPathMatcher.java,58
,ClassOrInterfaceType,net.risedata.rpc.utils.LParameter,LParameter,C:\Users\tyin363\Documents\repos\risesoft-y9__DataFlow-Engine\y9-module-dataflow\risenet-y9boot-rpc-commons\src\main\java\net\risedata\rpc\utils\MethodUtils.java,52
,FieldAccessExpr,net.risedata.rpc.factory.model.ReturnType,genericityClass,C:\Users\tyin363\Documents\repos\risesoft-y9__DataFlow-Engine\y9-module-dataflow\risenet-y9boot-rpc-commons\src\main\java\net\risedata\rpc\factory\model\ReturnType.java,41
JDK:java.base:N/A:N/A,MethodCallExpr,java.lang.String,equals,C:\Users\tyin363\Documents\repos\risesoft-y9__DataFlow-Engine\y9-module-dataflow\risenet-y9boot-rpc-commons\src\main\java\net\risedata\rpc\factory\ReturnTypeFactory.java,29
JDK:java.base:N/A:N/A,ClassOrInterfaceType,java.lang.String,String,C:\Users\tyin363\Documents\repos\risesoft-y9__DataFlow-Engine\y9-module-dataflow\risenet-y9boot-rpc-commons\src\main\java\net\risedata\rpc\utils\AntPathMatcher.java,151
JDK:java.base:N/A:N/A,MethodCallExpr,java.lang.String,length,C:\Users\tyin363\Documents\repos\risesoft-y9__DataFlow-Engine\y9-module-dataflow\risenet-y9boot-rpc-commons\src\main\java\net\risedata\rpc\utils\StringUtils.java,473
JDK:java.base:N/A:N/A,ClassOrInterfaceType,java.lang.String,String,C:\Users\tyin363\Documents\repos\risesoft-y9__DataFlow-Engine\y9-module-dataflow\risenet-y9boot-rpc-commons\src\main\java\net\risedata\rpc\utils\LParameter.java,123
JDK:java.base:N/A:N/A,MethodCallExpr,java.lang.Throwable,getMessage,C:\Users\tyin363\Documents\repos\risesoft-y9__DataFlow-Engine\y9-module-dataflow\risenet-y9boot-rpc-commons\src\main\java\net\risedata\rpc\utils\MethodUtils.java,89
JDK:java.base:N/A:N/A,ClassOrInterfaceType,java.lang.String,String,C:\Users\tyin363\Documents\repos\risesoft-y9__DataFlow-Engine\y9-module-dataflow\risenet-y9boot-rpc-commons\src\main\java\net\risedata\rpc\utils\AntPathMatcher.java,349
JDK:java.base:N/A:N/A,ClassOrInterfaceType,java.lang.Exception,Exception,C:\Users\tyin363\Documents\repos\risesoft-y9__DataFlow-Engine\y9-module-dataflow\risenet-y9boot-rpc-commons\src\main\java\net\risedata\rpc\queue\TaskQueue.java,49
,ClassOrInterfaceType,net.risedata.rpc.utils.LParameter,LParameter,C:\Users\tyin363\Documents\repos\risesoft-y9__DataFlow-Engine\y9-module-dataflow\risenet-y9boot-rpc-commons\src\main\java\net\risedata\rpc\utils\MethodUtils.java,51
,FieldAccessExpr,net.risedata.rpc.model.Request,args,C:\Users\tyin363\Documents\repos\risesoft-y9__DataFlow-Engine\y9-module-dataflow\risenet-y9boot-rpc-commons\src\main\java\net\risedata\rpc\model\Request.java,58
,MethodCallExpr,net.risedata.rpc.utils.StringUtils,tokenizeToStringArray,C:\Users\tyin363\Documents\repos\risesoft-y9__DataFlow-Engine\y9-module-dataflow\risenet-y9boot-rpc-commons\src\main\java\net\risedata\rpc\utils\AntPathMatcher.java,59
JDK:java.base:N/A:N/A,ClassOrInterfaceType,java.util.List,List,C:\Users\tyin363\Documents\repos\risesoft-y9__DataFlow-Engine\y9-module-dataflow\risenet-y9boot-rpc-commons\src\main\java\net\risedata\rpc\utils\ClassTools.java,33
JDK:java.base:N/A:N/A,MethodCallExpr,java.lang.StringBuilder,append,C:\Users\tyin363\Documents\repos\risesoft-y9__DataFlow-Engine\y9-module-dataflow\risenet-y9boot-rpc-commons\src\main\java\net\risedata\rpc\utils\StringUtils.java,365
com.alibaba:fastjson:jar:2.0.57,MethodCallExpr,com.alibaba.fastjson.JSONObject,getInteger,C:\Users\tyin363\Documents\repos\risesoft-y9__DataFlow-Engine\y9-module-dataflow\risenet-y9boot-rpc-commons\src\main\java\net\risedata\rpc\model\Response.java,42
,NameExpr,net.risedata.rpc.coder.MsgDecoder,aBoolean,C:\Users\tyin363\Documents\repos\risesoft-y9__DataFlow-Engine\y9-module-dataflow\risenet-y9boot-rpc-commons\src\main\java\net\risedata\rpc\coder\MsgDecoder.java,20
,ClassOrInterfaceType,net.risedata.rpc.Task.Task,Task,C:\Users\tyin363\Documents\repos\risesoft-y9__DataFlow-Engine\y9-module-dataflow\risenet-y9boot-rpc-commons\src\main\java\net\risedata\rpc\Task\ScheduleTask.java,20
JDK:java.base:N/A:N/A,ClassOrInterfaceType,java.util.concurrent.Semaphore,Semaphore,C:\Users\tyin363\Documents\repos\risesoft-y9__DataFlow-Engine\y9-module-dataflow\risenet-y9boot-rpc-commons\src\main\java\net\risedata\rpc\utils\KeyLock.java,36
JDK:java.base:N/A:N/A,ClassOrInterfaceType,java.lang.Class,Class,C:\Users\tyin363\Documents\repos\risesoft-y9__DataFlow-Engine\y9-module-dataflow\risenet-y9boot-rpc-commons\src\main\java\net\risedata\rpc\utils\LParameter.java,110
,ClassOrInterfaceType,net.risedata.rpc.Task.Task,Task,C:\Users\tyin363\Documents\repos\risesoft-y9__DataFlow-Engine\y9-module-dataflow\risenet-y9boot-rpc-commons\src\main\java\net\risedata\rpc\queue\TaskQueue.java,39
JDK:java.base:N/A:N/A,ClassOrInterfaceType,java.lang.String,String,C:\Users\tyin363\Documents\repos\risesoft-y9__DataFlow-Engine\y9-module-dataflow\risenet-y9boot-rpc-commons\src\main\java\net\risedata\rpc\utils\StringUtils.java,95
,MethodCallExpr,net.risedata.rpc.utils.StringUtils,clean,C:\Users\tyin363\Documents\repos\risesoft-y9__DataFlow-Engine\y9-module-dataflow\risenet-y9boot-rpc-commons\src\main\java\net\risedata\rpc\utils\StringUtils.java,287
JDK:java.base:N/A:N/A,MethodCallExpr,java.lang.StringBuilder,append,C:\Users\tyin363\Documents\repos\risesoft-y9__DataFlow-Engine\y9-module-dataflow\risenet-y9boot-rpc-commons\src\main\java\net\risedata\rpc\utils\StringUtils.java,434
JDK:java.base:N/A:N/A,ClassOrInterfaceType,java.lang.String,String,C:\Users\tyin363\Documents\repos\risesoft-y9__DataFlow-Engine\y9-module-dataflow\risenet-y9boot-rpc-commons\src\main\java\net\risedata\rpc\model\Request.java,76
com.alibaba:fastjson:jar:2.0.57,MethodCallExpr,com.alibaba.fastjson.JSONObject,getInteger,C:\Users\tyin363\Documents\repos\risesoft-y9__DataFlow-Engine\y9-module-dataflow\risenet-y9boot-rpc-commons\src\main\java\net\risedata\rpc\model\Response.java,43
JDK:java.base:N/A:N/A,ClassOrInterfaceType,java.util.jar.JarEntry,JarEntry,C:\Users\tyin363\Documents\repos\risesoft-y9__DataFlow-Engine\y9-module-dataflow\risenet-y9boot-rpc-commons\src\main\java\net\risedata\rpc\utils\ClassTools.java,66
JDK:java.base:N/A:N/A,ObjectCreationExpr,java.lang.Object,Object,C:\Users\tyin363\Documents\repos\risesoft-y9__DataFlow-Engine\y9-module-dataflow\risenet-y9boot-rpc-commons\src\main\java\net\risedata\rpc\queue\TaskQueue.java,16
,NameExpr,net.risedata.rpc.coder.MsgDecoder,aBoolean,C:\Users\tyin363\Documents\repos\risesoft-y9__DataFlow-Engine\y9-module-dataflow\risenet-y9boot-rpc-commons\src\main\java\net\risedata\rpc\coder\MsgDecoder.java,21
JDK:java.base:N/A:N/A,ClassOrInterfaceType,java.lang.reflect.Method,Method,C:\Users\tyin363\Documents\repos\risesoft-y9__DataFlow-Engine\y9-module-dataflow\risenet-y9boot-rpc-commons\src\main\java\net\risedata\rpc\factory\ReturnTypeFactory.java,25
JDK:java.base:N/A:N/A,ClassOrInterfaceType,java.util.StringTokenizer,StringTokenizer,C:\Users\tyin363\Documents\repos\risesoft-y9__DataFlow-Engine\y9-module-dataflow\risenet-y9boot-rpc-commons\src\main\java\net\risedata\rpc\utils\StringUtils.java,238
,MethodCallExpr,net.risedata.rpc.utils.StringUtils,toStringArray,C:\Users\tyin363\Documents\repos\risesoft-y9__DataFlow-Engine\y9-module-dataflow\risenet-y9boot-rpc-commons\src\main\java\net\risedata\rpc\utils\StringUtils.java,249
JDK:java.base:N/A:N/A,MethodCallExpr,java.lang.Thread,start,C:\Users\tyin363\Documents\repos\risesoft-y9__DataFlow-Engine\y9-module-dataflow\risenet-y9boot-rpc-commons\src\main\java\net\risedata\rpc\queue\TaskQueue.java,34
JDK:java.base:N/A:N/A,MethodCallExpr,java.lang.Class,forName,C:\Users\tyin363\Documents\repos\risesoft-y9__DataFlow-Engine\y9-module-dataflow\risenet-y9boot-rpc-commons\src\main\java\net\risedata\rpc\utils\ClassTools.java,157
JDK:java.base:N/A:N/A,ClassOrInterfaceType,java.lang.ClassNotFoundException,ClassNotFoundException,C:\Users\tyin363\Documents\repos\risesoft-y9__DataFlow-Engine\y9-module-dataflow\risenet-y9boot-rpc-commons\src\main\java\net\risedata\rpc\utils\ClassTools.java,97
JDK:java.base:N/A:N/A,ClassOrInterfaceType,java.lang.String,String,C:\Users\tyin363\Documents\repos\risesoft-y9__DataFlow-Engine\y9-module-dataflow\risenet-y9boot-rpc-commons\src\main\java\net\risedata\rpc\utils\AntPathMatcher.java,21
JDK:java.base:N/A:N/A,MethodCallExpr,java.lang.String,equals,C:\Users\tyin363\Documents\repos\risesoft-y9__DataFlow-Engine\y9-module-dataflow\risenet-y9boot-rpc-commons\src\main\java\net\risedata\rpc\utils\AntPathMatcher.java,131
com.alibaba:fastjson:jar:2.0.57,MethodCallExpr,com.alibaba.fastjson.JSON,toJSONString,C:\Users\tyin363\Documents\repos\risesoft-y9__DataFlow-Engine\y9-module-dataflow\risenet-y9boot-rpc-commons\src\main\java\net\risedata\rpc\model\Response.java,49
,MethodCallExpr,net.risedata.rpc.utils.StringUtils,clean,C:\Users\tyin363\Documents\repos\risesoft-y9__DataFlow-Engine\y9-module-dataflow\risenet-y9boot-rpc-commons\src\main\java\net\risedata\rpc\utils\StringUtils.java,288
JDK:java.base:N/A:N/A,MethodCallExpr,java.net.URL,getFile,C:\Users\tyin363\Documents\repos\risesoft-y9__DataFlow-Engine\y9-module-dataflow\risenet-y9boot-rpc-commons\src\main\java\net\risedata\rpc\utils\ClassTools.java,55
,FieldAccessExpr,net.risedata.rpc.model.ListenerResponse,status,C:\Users\tyin363\Documents\repos\risesoft-y9__DataFlow-Engine\y9-module-dataflow\risenet-y9boot-rpc-commons\src\main\java\net\risedata\rpc\model\ListenerResponse.java,26
JDK:java.base:N/A:N/A,ClassOrInterfaceType,java.lang.ClassNotFoundException,ClassNotFoundException,C:\Users\tyin363\Documents\repos\risesoft-y9__DataFlow-Engine\y9-module-dataflow\risenet-y9boot-rpc-commons\src\main\java\net\risedata\rpc\utils\ClassTools.java,163
com.alibaba:fastjson:jar:2.0.57,MethodCallExpr,com.alibaba.fastjson.JSONObject,getString,C:\Users\tyin363\Documents\repos\risesoft-y9__DataFlow-Engine\y9-module-dataflow\risenet-y9boot-rpc-commons\src\main\java\net\risedata\rpc\model\Request.java,57
JDK:java.base:N/A:N/A,MethodCallExpr,java.lang.String,substring,C:\Users\tyin363\Documents\repos\risesoft-y9__DataFlow-Engine\y9-module-dataflow\risenet-y9boot-rpc-commons\src\main\java\net\risedata\rpc\utils\ClassTools.java,90
JDK:java.base:N/A:N/A,ClassOrInterfaceType,java.lang.String,String,C:\Users\tyin363\Documents\repos\risesoft-y9__DataFlow-Engine\y9-module-dataflow\risenet-y9boot-rpc-commons\src\main\java\net\risedata\rpc\utils\StringUtils.java,271
JDK:java.base:N/A:N/A,ClassOrInterfaceType,java.lang.String,String,C:\Users\tyin363\Documents\repos\risesoft-y9__DataFlow-Engine\y9-module-dataflow\risenet-y9boot-rpc-commons\src\main\java\net\risedata\rpc\utils\ClassTools.java,71
JDK:java.base:N/A:N/A,ClassOrInterfaceType,java.lang.String,String,C:\Users\tyin363\Documents\repos\risesoft-y9__DataFlow-Engine\y9-module-dataflow\risenet-y9boot-rpc-commons\src\main\java\net\risedata\rpc\utils\StringUtils.java,469
JDK:java.base:N/A:N/A,MethodCallExpr,java.lang.String,equals,C:\Users\tyin363\Documents\repos\risesoft-y9__DataFlow-Engine\y9-module-dataflow\risenet-y9boot-rpc-commons\src\main\java\net\risedata\rpc\utils\AntPathMatcher.java,93
io.netty:netty-transport:jar:4.1.101.Final,ClassOrInterfaceType,io.netty.channel.ChannelHandlerContext,ChannelHandlerContext,C:\Users\tyin363\Documents\repos\risesoft-y9__DataFlow-Engine\y9-module-dataflow\risenet-y9boot-rpc-commons\src\main\java\net\risedata\rpc\coder\MsgDecoder.java,28
JDK:java.base:N/A:N/A,MethodCallExpr,java.io.PrintStream,println,C:\Users\tyin363\Documents\repos\risesoft-y9__DataFlow-Engine\y9-module-dataflow\risenet-y9boot-rpc-commons\src\main\java\net\risedata\rpc\factory\model\ReturnType.java,76
JDK:java.base:N/A:N/A,MethodCallExpr,java.lang.StringBuilder,append,C:\Users\tyin363\Documents\repos\risesoft-y9__DataFlow-Engine\y9-module-dataflow\risenet-y9boot-rpc-commons\src\main\java\net\risedata\rpc\utils\StringUtils.java,370
JDK:java.base:N/A:N/A,ObjectCreationExpr,java.lang.String,String,C:\Users\tyin363\Documents\repos\risesoft-y9__DataFlow-Engine\y9-module-dataflow\risenet-y9boot-rpc-commons\src\main\java\net\risedata\rpc\model\Request.java,56
JDK:java.base:N/A:N/A,MethodCallExpr,java.io.File,getName,C:\Users\tyin363\Documents\repos\risesoft-y9__DataFlow-Engine\y9-module-dataflow\risenet-y9boot-rpc-commons\src\main\java\net\risedata\rpc\utils\ClassTools.java,144
,ClassOrInterfaceType,net.risedata.rpc.factory.model.ReturnType,ReturnType,C:\Users\tyin363\Documents\repos\risesoft-y9__DataFlow-Engine\y9-module-dataflow\risenet-y9boot-rpc-commons\src\main\java\net\risedata\rpc\factory\ReturnTypeFactory.java,35
JDK:java.base:N/A:N/A,MethodCallExpr,java.net.URLDecoder,decode,C:\Users\tyin363\Documents\repos\risesoft-y9__DataFlow-Engine\y9-module-dataflow\risenet-y9boot-rpc-commons\src\main\java\net\risedata\rpc\utils\ClassTools.java,55
JDK:java.base:N/A:N/A,ClassOrInterfaceType,java.util.Map,Map,C:\Users\tyin363\Documents\repos\risesoft-y9__DataFlow-Engine\y9-module-dataflow\risenet-y9boot-rpc-commons\src\main\java\net\risedata\rpc\utils\KeyLock.java,16
JDK:java.base:N/A:N/A,ClassOrInterfaceType,java.lang.String,String,C:\Users\tyin363\Documents\repos\risesoft-y9__DataFlow-Engine\y9-module-dataflow\risenet-y9boot-rpc-commons\src\main\java\net\risedata\rpc\utils\StringUtils.java,270
JDK:java.base:N/A:N/A,ClassOrInterfaceType,java.lang.ClassNotFoundException,ClassNotFoundException,C:\Users\tyin363\Documents\repos\risesoft-y9__DataFlow-Engine\y9-module-dataflow\risenet-y9boot-rpc-commons\src\main\java\net\risedata\rpc\utils\MethodUtils.java,88
com.alibaba:fastjson:jar:2.0.57,ClassOrInterfaceType,com.alibaba.fastjson.JSONArray,JSONArray,C:\Users\tyin363\Documents\repos\risesoft-y9__DataFlow-Engine\y9-module-dataflow\risenet-y9boot-rpc-commons\src\main\java\net\risedata\rpc\model\Request.java,96
JDK:java.base:N/A:N/A,MethodCallExpr,java.io.PrintStream,println,C:\Users\tyin363\Documents\repos\risesoft-y9__DataFlow-Engine\y9-module-dataflow\risenet-y9boot-rpc-commons\src\main\java\net\risedata\rpc\factory\model\ReturnType.java,77
JDK:java.base:N/A:N/A,MethodCallExpr,java.lang.String,trim,C:\Users\tyin363\Documents\repos\risesoft-y9__DataFlow-Engine\y9-module-dataflow\risenet-y9boot-rpc-commons\src\main\java\net\risedata\rpc\utils\MethodUtils.java,87
JDK:java.base:N/A:N/A,MethodCallExpr,java.lang.String,length,C:\Users\tyin363\Documents\repos\risesoft-y9__DataFlow-Engine\y9-module-dataflow\risenet-y9boot-rpc-commons\src\main\java\net\risedata\rpc\utils\StringUtils.java,361
JDK:java.base:N/A:N/A,FieldAccessExpr,java.lang.System,out,C:\Users\tyin363\Documents\repos\risesoft-y9__DataFlow-Engine\y9-module-dataflow\risenet-y9boot-rpc-commons\src\main\java\net\risedata\rpc\factory\model\ReturnType.java,76
JDK:java.base:N/A:N/A,MethodCallExpr,java.lang.ClassLoader,getResources,C:\Users\tyin363\Documents\repos\risesoft-y9__DataFlow-Engine\y9-module-dataflow\risenet-y9boot-rpc-commons\src\main\java\net\risedata\rpc\utils\ClassTools.java,45
,ObjectCreationExpr,net.risedata.rpc.model.Msg,Msg,C:\Users\tyin363\Documents\repos\risesoft-y9__DataFlow-Engine\y9-module-dataflow\risenet-y9boot-rpc-commons\src\main\java\net\risedata\rpc\model\Response.java,97
JDK:java.base:N/A:N/A,MethodCallExpr,java.lang.String,toCharArray,C:\Users\tyin363\Documents\repos\risesoft-y9__DataFlow-Engine\y9-module-dataflow\risenet-y9boot-rpc-commons\src\main\java\net\risedata\rpc\utils\AntPathMatcher.java,192
JDK:java.base:N/A:N/A,MethodCallExpr,java.lang.String,startsWith,C:\Users\tyin363\Documents\repos\risesoft-y9__DataFlow-Engine\y9-module-dataflow\risenet-y9boot-rpc-commons\src\main\java\net\risedata\rpc\utils\AntPathMatcher.java,351
,ClassOrInterfaceType,net.risedata.rpc.model.Msg,Msg,C:\Users\tyin363\Documents\repos\risesoft-y9__DataFlow-Engine\y9-module-dataflow\risenet-y9boot-rpc-commons\src\main\java\net\risedata\rpc\coder\MsgDecoder.java,15
JDK:java.base:N/A:N/A,MethodCallExpr,java.util.Collection,isEmpty,C:\Users\tyin363\Documents\repos\risesoft-y9__DataFlow-Engine\y9-module-dataflow\risenet-y9boot-rpc-commons\src\main\java\net\risedata\rpc\queue\TaskQueue.java,42
JDK:java.base:N/A:N/A,MethodCallExpr,java.lang.reflect.Parameter,getParameterizedType,C:\Users\tyin363\Documents\repos\risesoft-y9__DataFlow-Engine\y9-module-dataflow\risenet-y9boot-rpc-commons\src\main\java\net\risedata\rpc\utils\MethodUtils.java,37
JDK:java.base:N/A:N/A,MethodCallExpr,java.io.PrintStream,println,C:\Users\tyin363\Documents\repos\risesoft-y9__DataFlow-Engine\y9-module-dataflow\risenet-y9boot-rpc-commons\src\main\java\net\risedata\rpc\factory\model\ReturnType.java,78
JDK:java.base:N/A:N/A,ClassOrInterfaceType,java.lang.String,String,C:\Users\tyin363\Documents\repos\risesoft-y9__DataFlow-Engine\y9-module-dataflow\risenet-y9boot-rpc-commons\src\main\java\net\risedata\rpc\utils\LParameter.java,12
JDK:java.base:N/A:N/A,ClassOrInterfaceType,java.lang.String,String,C:\Users\tyin363\Documents\repos\risesoft-y9__DataFlow-Engine\y9-module-dataflow\risenet-y9boot-rpc-commons\src\main\java\net\risedata\rpc\utils\MethodUtils.java,49
JDK:java.base:N/A:N/A,ClassOrInterfaceType,java.text.ParseException,ParseException,C:\Users\tyin363\Documents\repos\risesoft-y9__DataFlow-Engine\y9-module-dataflow\risenet-y9boot-rpc-commons\src\main\java\net\risedata\rpc\utils\StringUtils.java,270
JDK:java.base:N/A:N/A,MethodCallExpr,java.lang.String,toCharArray,C:\Users\tyin363\Documents\repos\risesoft-y9__DataFlow-Engine\y9-module-dataflow\risenet-y9boot-rpc-commons\src\main\java\net\risedata\rpc\utils\AntPathMatcher.java,191
JDK:java.base:N/A:N/A,ClassOrInterfaceType,java.lang.String,String,C:\Users\tyin363\Documents\repos\risesoft-y9__DataFlow-Engine\y9-module-dataflow\risenet-y9boot-rpc-commons\src\main\java\net\risedata\rpc\utils\StringUtils.java,206
JDK:java.base:N/A:N/A,MethodCallExpr,java.lang.StringBuilder,append,C:\Users\tyin363\Documents\repos\risesoft-y9__DataFlow-Engine\y9-module-dataflow\risenet-y9boot-rpc-commons\src\main\java\net\risedata\rpc\utils\StringUtils.java,438
JDK:java.base:N/A:N/A,ClassOrInterfaceType,java.lang.reflect.Parameter,Parameter,C:\Users\tyin363\Documents\repos\risesoft-y9__DataFlow-Engine\y9-module-dataflow\risenet-y9boot-rpc-commons\src\main\java\net\risedata\rpc\factory\ReturnTypeFactory.java,75
com.alibaba:fastjson:jar:2.0.57,ObjectCreationExpr,com.alibaba.fastjson.JSONArray,JSONArray,C:\Users\tyin363\Documents\repos\risesoft-y9__DataFlow-Engine\y9-module-dataflow\risenet-y9boot-rpc-commons\src\main\java\net\risedata\rpc\model\Request.java,80
JDK:java.base:N/A:N/A,ClassOrInterfaceType,java.lang.Class,Class,C:\Users\tyin363\Documents\repos\risesoft-y9__DataFlow-Engine\y9-module-dataflow\risenet-y9boot-rpc-commons\src\main\java\net\risedata\rpc\factory\model\ReturnType.java,39
,NameExpr,net.risedata.rpc.utils.LParameter,annotations,C:\Users\tyin363\Documents\repos\risesoft-y9__DataFlow-Engine\y9-module-dataflow\risenet-y9boot-rpc-commons\src\main\java\net\risedata\rpc\utils\LParameter.java,128
JDK:java.base:N/A:N/A,ClassOrInterfaceType,java.lang.Long,Long,C:\Users\tyin363\Documents\repos\risesoft-y9__DataFlow-Engine\y9-module-dataflow\risenet-y9boot-rpc-commons\src\main\java\net\risedata\rpc\Task\ScheduleTask.java,26
JDK:java.base:N/A:N/A,FieldAccessExpr,java.lang.System,out,C:\Users\tyin363\Documents\repos\risesoft-y9__DataFlow-Engine\y9-module-dataflow\risenet-y9boot-rpc-commons\src\main\java\net\risedata\rpc\factory\model\ReturnType.java,78
JDK:java.base:N/A:N/A,ClassOrInterfaceType,java.lang.String,String,C:\Users\tyin363\Documents\repos\risesoft-y9__DataFlow-Engine\y9-module-dataflow\risenet-y9boot-rpc-commons\src\main\java\net\risedata\rpc\utils\StringUtils.java,267
JDK:java.base:N/A:N/A,MethodCallExpr,java.util.List,add,C:\Users\tyin363\Documents\repos\risesoft-y9__DataFlow-Engine\y9-module-dataflow\risenet-y9boot-rpc-commons\src\main\java\net\risedata\rpc\coder\MsgDecoder.java,32
JDK:java.base:N/A:N/A,ClassOrInterfaceType,java.lang.Class,Class,C:\Users\tyin363\Documents\repos\risesoft-y9__DataFlow-Engine\y9-module-dataflow\risenet-y9boot-rpc-commons\src\main\java\net\risedata\rpc\factory\ReturnTypeFactory.java,52
JDK:java.base:N/A:N/A,ClassOrInterfaceType,java.lang.String,String,C:\Users\tyin363\Documents\repos\risesoft-y9__DataFlow-Engine\y9-module-dataflow\risenet-y9boot-rpc-commons\src\main\java\net\risedata\rpc\utils\LParameter.java,81
,NameExpr,net.risedata.rpc.model.Response,type,C:\Users\tyin363\Documents\repos\risesoft-y9__DataFlow-Engine\y9-module-dataflow\risenet-y9boot-rpc-commons\src\main\java\net\risedata\rpc\model\Response.java,54
JDK:java.base:N/A:N/A,MethodCallExpr,java.lang.String,equals,C:\Users\tyin363\Documents\repos\risesoft-y9__DataFlow-Engine\y9-module-dataflow\risenet-y9boot-rpc-commons\src\main\java\net\risedata\rpc\utils\AntPathMatcher.java,88
,MethodCallExpr,net.risedata.rpc.Task.Task,run,C:\Users\tyin363\Documents\repos\risesoft-y9__DataFlow-Engine\y9-module-dataflow\risenet-y9boot-rpc-commons\src\main\java\net\risedata\rpc\queue\TaskQueue.java,48
,ClassOrInterfaceType,net.risedata.rpc.model.Msg,Msg,C:\Users\tyin363\Documents\repos\risesoft-y9__DataFlow-Engine\y9-module-dataflow\risenet-y9boot-rpc-commons\src\main\java\net\risedata\rpc\coder\MsgEncoder.java,15
,NameExpr,net.risedata.rpc.coder.MsgEncoder,aBoolean,C:\Users\tyin363\Documents\repos\risesoft-y9__DataFlow-Engine\y9-module-dataflow\risenet-y9boot-rpc-commons\src\main\java\net\risedata\rpc\coder\MsgEncoder.java,21
,NameExpr,net.risedata.rpc.factory.model.ReturnType,returnType,C:\Users\tyin363\Documents\repos\risesoft-y9__DataFlow-Engine\y9-module-dataflow\risenet-y9boot-rpc-commons\src\main\java\net\risedata\rpc\factory\model\ReturnType.java,63
JDK:java.base:N/A:N/A,ClassOrInterfaceType,java.lang.String,String,C:\Users\tyin363\Documents\repos\risesoft-y9__DataFlow-Engine\y9-module-dataflow\risenet-y9boot-rpc-commons\src\main\java\net\risedata\rpc\utils\AntPathMatcher.java,340
JDK:java.base:N/A:N/A,MethodCallExpr,java.lang.String,replace,C:\Users\tyin363\Documents\repos\risesoft-y9__DataFlow-Engine\y9-module-dataflow\risenet-y9boot-rpc-commons\src\main\java\net\risedata\rpc\utils\ClassTools.java,83
com.alibaba:fastjson:jar:2.0.57,ClassOrInterfaceType,com.alibaba.fastjson.JSONObject,JSONObject,C:\Users\tyin363\Documents\repos\risesoft-y9__DataFlow-Engine\y9-module-dataflow\risenet-y9boot-rpc-commons\src\main\java\net\risedata\rpc\model\Response.java,40
JDK:java.base:N/A:N/A,MethodCallExpr,java.util.List,size,C:\Users\tyin363\Documents\repos\risesoft-y9__DataFlow-Engine\y9-module-dataflow\risenet-y9boot-rpc-commons\src\main\java\net\risedata\rpc\utils\StringUtils.java,394
JDK:java.base:N/A:N/A,MethodCallExpr,java.lang.String,charAt,C:\Users\tyin363\Documents\repos\risesoft-y9__DataFlow-Engine\y9-module-dataflow\risenet-y9boot-rpc-commons\src\main\java\net\risedata\rpc\utils\StringUtils.java,57
JDK:java.base:N/A:N/A,FieldAccessExpr,java.lang.System,out,C:\Users\tyin363\Documents\repos\risesoft-y9__DataFlow-Engine\y9-module-dataflow\risenet-y9boot-rpc-commons\src\main\java\net\risedata\rpc\factory\model\ReturnType.java,77
,NameExpr,net.risedata.rpc.service.patientia.FixedExecutorService,executorService,C:\Users\tyin363\Documents\repos\risesoft-y9__DataFlow-Engine\y9-module-dataflow\risenet-y9boot-rpc-commons\src\main\java\net\risedata\rpc\service\patientia\FixedExecutorService.java,61
,ClassOrInterfaceType,net.risedata.rpc.utils.LParameter,LParameter,C:\Users\tyin363\Documents\repos\risesoft-y9__DataFlow-Engine\y9-module-dataflow\risenet-y9boot-rpc-commons\src\main\java\net\risedata\rpc\utils\MethodUtils.java,60
com.alibaba:fastjson:jar:2.0.57,ClassOrInterfaceType,com.alibaba.fastjson.JSONArray,JSONArray,C:\Users\tyin363\Documents\repos\risesoft-y9__DataFlow-Engine\y9-module-dataflow\risenet-y9boot-rpc-commons\src\main\java\net\risedata\rpc\model\Request.java,100
,NameExpr,net.risedata.rpc.Task.ScheduleTask,timer,C:\Users\tyin363\Documents\repos\risesoft-y9__DataFlow-Engine\y9-module-dataflow\risenet-y9boot-rpc-commons\src\main\java\net\risedata\rpc\Task\ScheduleTask.java,66
,ObjectCreationExpr,net.risedata.rpc.model.Msg,Msg,C:\Users\tyin363\Documents\repos\risesoft-y9__DataFlow-Engine\y9-module-dataflow\risenet-y9boot-rpc-commons\src\main\java\net\risedata\rpc\coder\MsgDecoder.java,32
JDK:java.base:N/A:N/A,MethodCallExpr,java.lang.String,getBytes,C:\Users\tyin363\Documents\repos\risesoft-y9__DataFlow-Engine\y9-module-dataflow\risenet-y9boot-rpc-commons\src\main\java\net\risedata\rpc\model\Response.java,49
,MethodCallExpr,net.risedata.rpc.utils.MethodUtils,getGeneralTypes,C:\Users\tyin363\Documents\repos\risesoft-y9__DataFlow-Engine\y9-module-dataflow\risenet-y9boot-rpc-commons\src\main\java\net\risedata\rpc\utils\MethodUtils.java,37
JDK:java.base:N/A:N/A,ClassOrInterfaceType,java.lang.String,String,C:\Users\tyin363\Documents\repos\risesoft-y9__DataFlow-Engine\y9-module-dataflow\risenet-y9boot-rpc-commons\src\main\java\net\risedata\rpc\utils\AntPathMatcher.java,341
,NameExpr,net.risedata.rpc.model.Response,id,C:\Users\tyin363\Documents\repos\risesoft-y9__DataFlow-Engine\y9-module-dataflow\risenet-y9boot-rpc-commons\src\main\java\net\risedata\rpc\model\Response.java,106
,NameExpr,net.risedata.rpc.coder.MsgEncoder,aBoolean,C:\Users\tyin363\Documents\repos\risesoft-y9__DataFlow-Engine\y9-module-dataflow\risenet-y9boot-rpc-commons\src\main\java\net\risedata\rpc\coder\MsgEncoder.java,20
JDK:java.base:N/A:N/A,ClassOrInterfaceType,java.lang.String,String,C:\Users\tyin363\Documents\repos\risesoft-y9__DataFlow-Engine\y9-module-dataflow\risenet-y9boot-rpc-commons\src\main\java\net\risedata\rpc\model\Response.java,85
JDK:java.base:N/A:N/A,MethodCallExpr,java.lang.String,substring,C:\Users\tyin363\Documents\repos\risesoft-y9__DataFlow-Engine\y9-module-dataflow\risenet-y9boot-rpc-commons\src\main\java\net\risedata\rpc\utils\ClassTools.java,154
io.netty:netty-buffer:jar:4.1.101.Final,ClassOrInterfaceType,io.netty.buffer.ByteBuf,ByteBuf,C:\Users\tyin363\Documents\repos\risesoft-y9__DataFlow-Engine\y9-module-dataflow\risenet-y9boot-rpc-commons\src\main\java\net\risedata\rpc\coder\MsgDecoder.java,28
JDK:java.base:N/A:N/A,MethodCallExpr,java.lang.reflect.Parameter,getAnnotations,C:\Users\tyin363\Documents\repos\risesoft-y9__DataFlow-Engine\y9-module-dataflow\risenet-y9boot-rpc-commons\src\main\java\net\risedata\rpc\utils\MethodUtils.java,36
JDK:java.base:N/A:N/A,ClassOrInterfaceType,java.util.LinkedList,LinkedList,C:\Users\tyin363\Documents\repos\risesoft-y9__DataFlow-Engine\y9-module-dataflow\risenet-y9boot-rpc-commons\src\main\java\net\risedata\rpc\queue\TaskQueue.java,15
JDK:java.base:N/A:N/A,MethodCallExpr,java.net.URL,openConnection,C:\Users\tyin363\Documents\repos\risesoft-y9__DataFlow-Engine\y9-module-dataflow\risenet-y9boot-rpc-commons\src\main\java\net\risedata\rpc\utils\ClassTools.java,64
JDK:java.base:N/A:N/A,MethodCallExpr,java.io.File,getName,C:\Users\tyin363\Documents\repos\risesoft-y9__DataFlow-Engine\y9-module-dataflow\risenet-y9boot-rpc-commons\src\main\java\net\risedata\rpc\utils\ClassTools.java,151
JDK:java.base:N/A:N/A,MethodCallExpr,java.lang.String,length,C:\Users\tyin363\Documents\repos\risesoft-y9__DataFlow-Engine\y9-module-dataflow\risenet-y9boot-rpc-commons\src\main\java\net\risedata\rpc\utils\StringUtils.java,102
JDK:java.base:N/A:N/A,ObjectCreationExpr,java.lang.StringBuilder,StringBuilder,C:\Users\tyin363\Documents\repos\risesoft-y9__DataFlow-Engine\y9-module-dataflow\risenet-y9boot-rpc-commons\src\main\java\net\risedata\rpc\utils\StringUtils.java,474
,NameExpr,net.risedata.rpc.utils.LParameter,parameterName,C:\Users\tyin363\Documents\repos\risesoft-y9__DataFlow-Engine\y9-module-dataflow\risenet-y9boot-rpc-commons\src\main\java\net\risedata\rpc\utils\LParameter.java,125
JDK:java.base:N/A:N/A,ClassOrInterfaceType,java.lang.Runnable,Runnable,C:\Users\tyin363\Documents\repos\risesoft-y9__DataFlow-Engine\y9-module-dataflow\risenet-y9boot-rpc-commons\src\main\java\net\risedata\rpc\service\patientia\FixedExecutorService.java,24
,NameExpr,net.risedata.rpc.utils.LParameter,generalType,C:\Users\tyin363\Documents\repos\risesoft-y9__DataFlow-Engine\y9-module-dataflow\risenet-y9boot-rpc-commons\src\main\java\net\risedata\rpc\utils\LParameter.java,130
JDK:java.base:N/A:N/A,MethodCallExpr,java.lang.String,substring,C:\Users\tyin363\Documents\repos\risesoft-y9__DataFlow-Engine\y9-module-dataflow\risenet-y9boot-rpc-commons\src\main\java\net\risedata\rpc\utils\StringUtils.java,292
com.alibaba:fastjson:jar:2.0.57,ClassOrInterfaceType,com.alibaba.fastjson.JSONArray,JSONArray,C:\Users\tyin363\Documents\repos\risesoft-y9__DataFlow-Engine\y9-module-dataflow\risenet-y9boot-rpc-commons\src\main\java\net\risedata\rpc\model\Request.java,35
JDK:java.base:N/A:N/A,MethodCallExpr,java.lang.reflect.Type,getTypeName,C:\Users\tyin363\Documents\repos\risesoft-y9__DataFlow-Engine\y9-module-dataflow\risenet-y9boot-rpc-commons\src\main\java\net\risedata\rpc\utils\MethodUtils.java,37
JDK:java.base:N/A:N/A,ClassOrInterfaceType,java.lang.RuntimeException,RuntimeException,C:\Users\tyin363\Documents\repos\risesoft-y9__DataFlow-Engine\y9-module-dataflow\risenet-y9boot-rpc-commons\src\main\java\net\risedata\rpc\exceptions\ConfigException.java,3
,FieldAccessExpr,net.risedata.rpc.utils.AntPathMatcher,pathSeparator,C:\Users\tyin363\Documents\repos\risesoft-y9__DataFlow-Engine\y9-module-dataflow\risenet-y9boot-rpc-commons\src\main\java\net\risedata\rpc\utils\AntPathMatcher.java,342
com.alibaba:fastjson:jar:2.0.57,MethodCallExpr,com.alibaba.fastjson.JSONArray,addAll,C:\Users\tyin363\Documents\repos\risesoft-y9__DataFlow-Engine\y9-module-dataflow\risenet-y9boot-rpc-commons\src\main\java\net\risedata\rpc\model\Request.java,81
JDK:java.base:N/A:N/A,ObjectCreationExpr,java.text.ParseException,ParseException,C:\Users\tyin363\Documents\repos\risesoft-y9__DataFlow-Engine\y9-module-dataflow\risenet-y9boot-rpc-commons\src\main\java\net\risedata\rpc\utils\StringUtils.java,297
JDK:java.base:N/A:N/A,ClassOrInterfaceType,java.lang.String,String,C:\Users\tyin363\Documents\repos\risesoft-y9__DataFlow-Engine\y9-module-dataflow\risenet-y9boot-rpc-commons\src\main\java\net\risedata\rpc\utils\AntPathMatcher.java,342
JDK:java.base:N/A:N/A,ClassOrInterfaceType,java.lang.String,String,C:\Users\tyin363\Documents\repos\risesoft-y9__DataFlow-Engine\y9-module-dataflow\risenet-y9boot-rpc-commons\src\main\java\net\risedata\rpc\utils\AntPathMatcher.java,12
JDK:java.base:N/A:N/A,MethodCallExpr,java.util.Enumeration,nextElement,C:\Users\tyin363\Documents\repos\risesoft-y9__DataFlow-Engine\y9-module-dataflow\risenet-y9boot-rpc-commons\src\main\java\net\risedata\rpc\utils\ClassTools.java,70
com.alibaba:fastjson:jar:2.0.57,ClassOrInterfaceType,com.alibaba.fastjson.JSONObject,JSONObject,C:\Users\tyin363\Documents\repos\risesoft-y9__DataFlow-Engine\y9-module-dataflow\risenet-y9boot-rpc-commons\src\main\java\net\risedata\rpc\factory\ReturnTypeFactory.java,35
JDK:java.base:N/A:N/A,ClassOrInterfaceType,java.lang.Class,Class,C:\Users\tyin363\Documents\repos\risesoft-y9__DataFlow-Engine\y9-module-dataflow\risenet-y9boot-rpc-commons\src\main\java\net\risedata\rpc\utils\LParameter.java,20
JDK:java.base:N/A:N/A,MethodCallExpr,java.lang.StringBuilder,append,C:\Users\tyin363\Documents\repos\risesoft-y9__DataFlow-Engine\y9-module-dataflow\risenet-y9boot-rpc-commons\src\main\java\net\risedata\rpc\utils\StringUtils.java,376
,FieldAccessExpr,net.risedata.rpc.utils.AntPathMatcher,pathSeparator,C:\Users\tyin363\Documents\repos\risesoft-y9__DataFlow-Engine\y9-module-dataflow\risenet-y9boot-rpc-commons\src\main\java\net\risedata\rpc\utils\AntPathMatcher.java,341
JDK:java.base:N/A:N/A,ClassOrInterfaceType,java.lang.Class,Class,C:\Users\tyin363\Documents\repos\risesoft-y9__DataFlow-Engine\y9-module-dataflow\risenet-y9boot-rpc-commons\src\main\java\net\risedata\rpc\factory\model\ReturnType.java,101
JDK:java.base:N/A:N/A,MethodCallExpr,java.lang.reflect.Method,getParameterTypes,C:\Users\tyin363\Documents\repos\risesoft-y9__DataFlow-Engine\y9-module-dataflow\risenet-y9boot-rpc-commons\src\main\java\net\risedata\rpc\utils\MethodUtils.java,31
JDK:java.base:N/A:N/A,MethodCallExpr,java.util.concurrent.ThreadPoolExecutor,getCorePoolSize,C:\Users\tyin363\Documents\repos\risesoft-y9__DataFlow-Engine\y9-module-dataflow\risenet-y9boot-rpc-commons\src\main\java\net\risedata\rpc\service\patientia\FixedExecutorService.java,51
,ObjectCreationExpr,net.risedata.rpc.factory.model.ReturnType,ReturnType,C:\Users\tyin363\Documents\repos\risesoft-y9__DataFlow-Engine\y9-module-dataflow\risenet-y9boot-rpc-commons\src\main\java\net\risedata\rpc\factory\ReturnTypeFactory.java,53
,MethodCallExpr,net.risedata.rpc.model.Msg,getMsg,C:\Users\tyin363\Documents\repos\risesoft-y9__DataFlow-Engine\y9-module-dataflow\risenet-y9boot-rpc-commons\src\main\java\net\risedata\rpc\model\Response.java,31
JDK:java.base:N/A:N/A,MethodCallExpr,java.lang.Throwable,getMessage,C:\Users\tyin363\Documents\repos\risesoft-y9__DataFlow-Engine\y9-module-dataflow\risenet-y9boot-rpc-commons\src\main\java\net\risedata\rpc\factory\ReturnTypeFactory.java,55
JDK:java.base:N/A:N/A,MethodCallExpr,java.lang.String,split,C:\Users\tyin363\Documents\repos\risesoft-y9__DataFlow-Engine\y9-module-dataflow\risenet-y9boot-rpc-commons\src\main\java\net\risedata\rpc\utils\MethodUtils.java,82
JDK:java.base:N/A:N/A,ClassOrInterfaceType,java.lang.String,String,C:\Users\tyin363\Documents\repos\risesoft-y9__DataFlow-Engine\y9-module-dataflow\risenet-y9boot-rpc-commons\src\main\java\net\risedata\rpc\utils\ClassTools.java,129
JDK:java.base:N/A:N/A,MethodCallExpr,java.lang.String,equals,C:\Users\tyin363\Documents\repos\risesoft-y9__DataFlow-Engine\y9-module-dataflow\risenet-y9boot-rpc-commons\src\main\java\net\risedata\rpc\utils\MethodUtils.java,65
,NameExpr,net.risedata.rpc.Task.ScheduleTask,taskS,C:\Users\tyin363\Documents\repos\risesoft-y9__DataFlow-Engine\y9-module-dataflow\risenet-y9boot-rpc-commons\src\main\java\net\risedata\rpc\Task\ScheduleTask.java,44
JDK:java.base:N/A:N/A,ClassOrInterfaceType,java.lang.String,String,C:\Users\tyin363\Documents\repos\risesoft-y9__DataFlow-Engine\y9-module-dataflow\risenet-y9boot-rpc-commons\src\main\java\net\risedata\rpc\utils\StringUtils.java,345
,ClassOrInterfaceType,net.risedata.rpc.model.Request,Request,C:\Users\tyin363\Documents\repos\risesoft-y9__DataFlow-Engine\y9-module-dataflow\risenet-y9boot-rpc-commons\src\main\java\net\risedata\rpc\model\Request.java,43
JDK:java.base:N/A:N/A,MethodCallExpr,java.util.concurrent.ThreadPoolExecutor,getCompletedTaskCount,C:\Users\tyin363\Documents\repos\risesoft-y9__DataFlow-Engine\y9-module-dataflow\risenet-y9boot-rpc-commons\src\main\java\net\risedata\rpc\service\patientia\FixedExecutorService.java,56
JDK:java.base:N/A:N/A,ClassOrInterfaceType,java.lang.String,String,C:\Users\tyin363\Documents\repos\risesoft-y9__DataFlow-Engine\y9-module-dataflow\risenet-y9boot-rpc-commons\src\main\java\net\risedata\rpc\utils\StringUtils.java,411
JDK:java.base:N/A:N/A,MethodCallExpr,java.lang.String,indexOf,C:\Users\tyin363\Documents\repos\risesoft-y9__DataFlow-Engine\y9-module-dataflow\risenet-y9boot-rpc-commons\src\main\java\net\risedata\rpc\utils\AntPathMatcher.java,350
JDK:java.base:N/A:N/A,ClassOrInterfaceType,java.util.concurrent.Semaphore,Semaphore,C:\Users\tyin363\Documents\repos\risesoft-y9__DataFlow-Engine\y9-module-dataflow\risenet-y9boot-rpc-commons\src\main\java\net\risedata\rpc\utils\KeyLock.java,26
,FieldAccessExpr,net.risedata.rpc.utils.LParameter,annotations,C:\Users\tyin363\Documents\repos\risesoft-y9__DataFlow-Engine\y9-module-dataflow\risenet-y9boot-rpc-commons\src\main\java\net\risedata\rpc\utils\LParameter.java,76
JDK:java.base:N/A:N/A,MethodCallExpr,java.lang.Object,notify,C:\Users\tyin363\Documents\repos\risesoft-y9__DataFlow-Engine\y9-module-dataflow\risenet-y9boot-rpc-commons\src\main\java\net\risedata\rpc\queue\TaskQueue.java,27
JDK:java.base:N/A:N/A,MethodCallExpr,java.lang.StringBuilder,toString,C:\Users\tyin363\Documents\repos\risesoft-y9__DataFlow-Engine\y9-module-dataflow\risenet-y9boot-rpc-commons\src\main\java\net\risedata\rpc\utils\StringUtils.java,481
JDK:java.base:N/A:N/A,ClassOrInterfaceType,java.lang.String,String,C:\Users\tyin363\Documents\repos\risesoft-y9__DataFlow-Engine\y9-module-dataflow\risenet-y9boot-rpc-commons\src\main\java\net\risedata\rpc\utils\StringUtils.java,146
,ObjectCreationExpr,net.risedata.rpc.factory.model.ReturnType,ReturnType,C:\Users\tyin363\Documents\repos\risesoft-y9__DataFlow-Engine\y9-module-dataflow\risenet-y9boot-rpc-commons\src\main\java\net\risedata\rpc\factory\ReturnTypeFactory.java,64
JDK:java.base:N/A:N/A,MethodCallExpr,java.lang.String,substring,C:\Users\tyin363\Documents\repos\risesoft-y9__DataFlow-Engine\y9-module-dataflow\risenet-y9boot-rpc-commons\src\main\java\net\risedata\rpc\utils\ClassTools.java,83
com.alibaba:fastjson:jar:2.0.57,MethodCallExpr,com.alibaba.fastjson.JSONObject,getString,C:\Users\tyin363\Documents\repos\risesoft-y9__DataFlow-Engine\y9-module-dataflow\risenet-y9boot-rpc-commons\src\main\java\net\risedata\rpc\model\Response.java,44
,NameExpr,net.risedata.rpc.Task.ScheduleTask,taskS,C:\Users\tyin363\Documents\repos\risesoft-y9__DataFlow-Engine\y9-module-dataflow\risenet-y9boot-rpc-commons\src\main\java\net\risedata\rpc\Task\ScheduleTask.java,45
,FieldAccessExpr,net.risedata.rpc.provide.config.Application,logger,C:\Users\tyin363\Documents\repos\risesoft-y9__DataFlow-Engine\y9-module-dataflow\risenet-y9boot-rpc-commons\src\main\java\net\risedata\rpc\Task\ScheduleTask.java,35
JDK:java.base:N/A:N/A,ClassOrInterfaceType,java.lang.reflect.Parameter,Parameter,C:\Users\tyin363\Documents\repos\risesoft-y9__DataFlow-Engine\y9-module-dataflow\risenet-y9boot-rpc-commons\src\main\java\net\risedata\rpc\utils\MethodUtils.java,34
JDK:java.base:N/A:N/A,ClassOrInterfaceType,java.lang.String,String,C:\Users\tyin363\Documents\repos\risesoft-y9__DataFlow-Engine\y9-module-dataflow\risenet-y9boot-rpc-commons\src\main\java\net\risedata\rpc\model\Response.java,89
,ClassOrInterfaceType,net.risedata.rpc.Task.Task,Task,C:\Users\tyin363\Documents\repos\risesoft-y9__DataFlow-Engine\y9-module-dataflow\risenet-y9boot-rpc-commons\src\main\java\net\risedata\rpc\queue\TaskQueue.java,15
JDK:java.base:N/A:N/A,ClassOrInterfaceType,java.lang.Exception,Exception,C:\Users\tyin363\Documents\repos\risesoft-y9__DataFlow-Engine\y9-module-dataflow\risenet-y9boot-rpc-commons\src\main\java\net\risedata\rpc\coder\MsgDecoder.java,28
JDK:java.base:N/A:N/A,MethodCallExpr,java.lang.String,length,C:\Users\tyin363\Documents\repos\risesoft-y9__DataFlow-Engine\y9-module-dataflow\risenet-y9boot-rpc-commons\src\main\java\net\risedata\rpc\utils\StringUtils.java,354
JDK:java.base:N/A:N/A,MethodCallExpr,java.lang.String,getBytes,C:\Users\tyin363\Documents\repos\risesoft-y9__DataFlow-Engine\y9-module-dataflow\risenet-y9boot-rpc-commons\src\main\java\net\risedata\rpc\model\Request.java,105
JDK:java.base:N/A:N/A,ClassOrInterfaceType,java.util.TimerTask,TimerTask,C:\Users\tyin363\Documents\repos\risesoft-y9__DataFlow-Engine\y9-module-dataflow\risenet-y9boot-rpc-commons\src\main\java\net\risedata\rpc\Task\ScheduleTask.java,15
,NameExpr,net.risedata.rpc.model.Msg,msg,C:\Users\tyin363\Documents\repos\risesoft-y9__DataFlow-Engine\y9-module-dataflow\risenet-y9boot-rpc-commons\src\main\java\net\risedata\rpc\model\Msg.java,24
JDK:java.base:N/A:N/A,ClassOrInterfaceType,java.util.Enumeration,Enumeration,C:\Users\tyin363\Documents\repos\risesoft-y9__DataFlow-Engine\y9-module-dataflow\risenet-y9boot-rpc-commons\src\main\java\net\risedata\rpc\utils\ClassTools.java,66
JDK:java.base:N/A:N/A,MethodCallExpr,java.lang.String,substring,C:\Users\tyin363\Documents\repos\risesoft-y9__DataFlow-Engine\y9-module-dataflow\risenet-y9boot-rpc-commons\src\main\java\net\risedata\rpc\utils\StringUtils.java,478
,NameExpr,net.risedata.rpc.service.patientia.FixedExecutorService,executorService,C:\Users\tyin363\Documents\repos\risesoft-y9__DataFlow-Engine\y9-module-dataflow\risenet-y9boot-rpc-commons\src\main\java\net\risedata\rpc\service\patientia\FixedExecutorService.java,56
,NameExpr,net.risedata.rpc.Task.ScheduleTask,taskS,C:\Users\tyin363\Documents\repos\risesoft-y9__DataFlow-Engine\y9-module-dataflow\risenet-y9boot-rpc-commons\src\main\java\net\risedata\rpc\Task\ScheduleTask.java,42
,FieldAccessExpr,net.risedata.rpc.utils.AntPathMatcher,pathSeparator,C:\Users\tyin363\Documents\repos\risesoft-y9__DataFlow-Engine\y9-module-dataflow\risenet-y9boot-rpc-commons\src\main\java\net\risedata\rpc\utils\AntPathMatcher.java,82
JDK:java.base:N/A:N/A,MethodCallExpr,java.util.List,add,C:\Users\tyin363\Documents\repos\risesoft-y9__DataFlow-Engine\y9-module-dataflow\risenet-y9boot-rpc-commons\src\main\java\net\risedata\rpc\utils\StringUtils.java,383
JDK:java.base:N/A:N/A,ClassOrInterfaceType,java.lang.Object,Object,C:\Users\tyin363\Documents\repos\risesoft-y9__DataFlow-Engine\y9-module-dataflow\risenet-y9boot-rpc-commons\src\main\java\net\risedata\rpc\coder\MsgDecoder.java,28
JDK:java.base:N/A:N/A,MethodCallExpr,java.util.Enumeration,hasMoreElements,C:\Users\tyin363\Documents\repos\risesoft-y9__DataFlow-Engine\y9-module-dataflow\risenet-y9boot-rpc-commons\src\main\java\net\risedata\rpc\utils\ClassTools.java,68
JDK:java.base:N/A:N/A,ClassOrInterfaceType,java.util.Collection,Collection,C:\Users\tyin363\Documents\repos\risesoft-y9__DataFlow-Engine\y9-module-dataflow\risenet-y9boot-rpc-commons\src\main\java\net\risedata\rpc\utils\StringUtils.java,182
JDK:java.base:N/A:N/A,MethodCallExpr,java.lang.String,endsWith,C:\Users\tyin363\Documents\repos\risesoft-y9__DataFlow-Engine\y9-module-dataflow\risenet-y9boot-rpc-commons\src\main\java\net\risedata\rpc\utils\ClassTools.java,144
io.netty:netty-codec:jar:4.1.101.Final,ClassOrInterfaceType,io.netty.handler.codec.MessageToByteEncoder,MessageToByteEncoder,C:\Users\tyin363\Documents\repos\risesoft-y9__DataFlow-Engine\y9-module-dataflow\risenet-y9boot-rpc-commons\src\main\java\net\risedata\rpc\coder\MsgEncoder.java,15
,FieldAccessExpr,net.risedata.rpc.model.Msg,msg,C:\Users\tyin363\Documents\repos\risesoft-y9__DataFlow-Engine\y9-module-dataflow\risenet-y9boot-rpc-commons\src\main\java\net\risedata\rpc\model\Msg.java,32
JDK:java.base:N/A:N/A,MethodCallExpr,java.net.URL,getProtocol,C:\Users\tyin363\Documents\repos\risesoft-y9__DataFlow-Engine\y9-module-dataflow\risenet-y9boot-rpc-commons\src\main\java\net\risedata\rpc\utils\ClassTools.java,51
io.netty:netty-common:jar:4.1.101.Final,FieldAccessExpr,io.netty.util.CharsetUtil,UTF_8,C:\Users\tyin363\Documents\repos\risesoft-y9__DataFlow-Engine\y9-module-dataflow\risenet-y9boot-rpc-commons\src\main\java\net\risedata\rpc\model\Request.java,105
,ClassOrInterfaceType,net.risedata.rpc.factory.model.ReturnType,ReturnType,C:\Users\tyin363\Documents\repos\risesoft-y9__DataFlow-Engine\y9-module-dataflow\risenet-y9boot-rpc-commons\src\main\java\net\risedata\rpc\factory\ReturnTypeFactory.java,25
JDK:java.base:N/A:N/A,MethodCallExpr,java.lang.reflect.Type,getTypeName,C:\Users\tyin363\Documents\repos\risesoft-y9__DataFlow-Engine\y9-module-dataflow\risenet-y9boot-rpc-commons\src\main\java\net\risedata\rpc\factory\ReturnTypeFactory.java,26
JDK:java.base:N/A:N/A,ClassOrInterfaceType,java.lang.String,String,C:\Users\tyin363\Documents\repos\risesoft-y9__DataFlow-Engine\y9-module-dataflow\risenet-y9boot-rpc-commons\src\main\java\net\risedata\rpc\utils\StringUtils.java,280
,ClassOrInterfaceType,net.risedata.rpc.model.Request,Request,C:\Users\tyin363\Documents\repos\risesoft-y9__DataFlow-Engine\y9-module-dataflow\risenet-y9boot-rpc-commons\src\main\java\net\risedata\rpc\model\Request.java,42
,FieldAccessExpr,net.risedata.rpc.model.Response,message,C:\Users\tyin363\Documents\repos\risesoft-y9__DataFlow-Engine\y9-module-dataflow\risenet-y9boot-rpc-commons\src\main\java\net\risedata\rpc\model\Response.java,90
JDK:java.base:N/A:N/A,ClassOrInterfaceType,java.lang.String,String,C:\Users\tyin363\Documents\repos\risesoft-y9__DataFlow-Engine\y9-module-dataflow\risenet-y9boot-rpc-commons\src\main\java\net\risedata\rpc\utils\StringUtils.java,412
io.netty:netty-buffer:jar:4.1.101.Final,ClassOrInterfaceType,io.netty.buffer.ByteBuf,ByteBuf,C:\Users\tyin363\Documents\repos\risesoft-y9__DataFlow-Engine\y9-module-dataflow\risenet-y9boot-rpc-commons\src\main\java\net\risedata\rpc\coder\MsgEncoder.java,27
,ClassOrInterfaceType,net.risedata.rpc.exceptions.ProxyException,ProxyException,C:\Users\tyin363\Documents\repos\risesoft-y9__DataFlow-Engine\y9-module-dataflow\risenet-y9boot-rpc-commons\src\main\java\net\risedata\rpc\factory\ReturnTypeFactory.java,55
,NameExpr,net.risedata.rpc.Task.ScheduleTask,taskS,C:\Users\tyin363\Documents\repos\risesoft-y9__DataFlow-Engine\y9-module-dataflow\risenet-y9boot-rpc-commons\src\main\java\net\risedata\rpc\Task\ScheduleTask.java,43
JDK:java.base:N/A:N/A,ClassOrInterfaceType,java.lang.String,String,C:\Users\tyin363\Documents\repos\risesoft-y9__DataFlow-Engine\y9-module-dataflow\risenet-y9boot-rpc-commons\src\main\java\net\risedata\rpc\utils\StringUtils.java,478
JDK:java.base:N/A:N/A,ClassOrInterfaceType,java.util.Timer,Timer,C:\Users\tyin363\Documents\repos\risesoft-y9__DataFlow-Engine\y9-module-dataflow\risenet-y9boot-rpc-commons\src\main\java\net\risedata\rpc\Task\ScheduleTask.java,18
com.alibaba:fastjson:jar:2.0.57,MethodCallExpr,com.alibaba.fastjson.JSONObject,getString,C:\Users\tyin363\Documents\repos\risesoft-y9__DataFlow-Engine\y9-module-dataflow\risenet-y9boot-rpc-commons\src\main\java\net\risedata\rpc\model\Response.java,41
JDK:java.base:N/A:N/A,ClassOrInterfaceType,java.lang.Object,Object,C:\Users\tyin363\Documents\repos\risesoft-y9__DataFlow-Engine\y9-module-dataflow\risenet-y9boot-rpc-commons\src\main\java\net\risedata\rpc\model\Request.java,72
JDK:java.base:N/A:N/A,MethodCallExpr,java.lang.String,substring,C:\Users\tyin363\Documents\repos\risesoft-y9__DataFlow-Engine\y9-module-dataflow\risenet-y9boot-rpc-commons\src\main\java\net\risedata\rpc\factory\ReturnTypeFactory.java,44
,NameExpr,net.risedata.rpc.utils.LParameter,annotations,C:\Users\tyin363\Documents\repos\risesoft-y9__DataFlow-Engine\y9-module-dataflow\risenet-y9boot-rpc-commons\src\main\java\net\risedata\rpc\utils\LParameter.java,70
JDK:java.base:N/A:N/A,MethodCallExpr,java.util.Iterator,next,C:\Users\tyin363\Documents\repos\risesoft-y9__DataFlow-Engine\y9-module-dataflow\risenet-y9boot-rpc-commons\src\main\java\net\risedata\rpc\utils\StringUtils.java,421
JDK:java.base:N/A:N/A,MethodCallExpr,java.lang.String,trim,C:\Users\tyin363\Documents\repos\risesoft-y9__DataFlow-Engine\y9-module-dataflow\risenet-y9boot-rpc-commons\src\main\java\net\risedata\rpc\utils\StringUtils.java,130
JDK:java.base:N/A:N/A,ClassOrInterfaceType,java.lang.String,String,C:\Users\tyin363\Documents\repos\risesoft-y9__DataFlow-Engine\y9-module-dataflow\risenet-y9boot-rpc-commons\src\main\java\net\risedata\rpc\utils\StringUtils.java,275
,ObjectCreationExpr,net.risedata.rpc.factory.model.ReturnType,ReturnType,C:\Users\tyin363\Documents\repos\risesoft-y9__DataFlow-Engine\y9-module-dataflow\risenet-y9boot-rpc-commons\src\main\java\net\risedata\rpc\factory\ReturnTypeFactory.java,58
JDK:java.base:N/A:N/A,MethodCallExpr,java.util.Collection,isEmpty,C:\Users\tyin363\Documents\repos\risesoft-y9__DataFlow-Engine\y9-module-dataflow\risenet-y9boot-rpc-commons\src\main\java\net\risedata\rpc\utils\StringUtils.java,183
JDK:java.base:N/A:N/A,MethodCallExpr,java.util.StringTokenizer,nextToken,C:\Users\tyin363\Documents\repos\risesoft-y9__DataFlow-Engine\y9-module-dataflow\risenet-y9boot-rpc-commons\src\main\java\net\risedata\rpc\utils\StringUtils.java,241
JDK:java.base:N/A:N/A,ClassOrInterfaceType,java.lang.Class,Class,C:\Users\tyin363\Documents\repos\risesoft-y9__DataFlow-Engine\y9-module-dataflow\risenet-y9boot-rpc-commons\src\main\java\net\risedata\rpc\factory\model\ReturnType.java,108
JDK:java.base:N/A:N/A,MethodCallExpr,java.lang.reflect.Executable,getParameters,C:\Users\tyin363\Documents\repos\risesoft-y9__DataFlow-Engine\y9-module-dataflow\risenet-y9boot-rpc-commons\src\main\java\net\risedata\rpc\factory\ReturnTypeFactory.java,75
JDK:java.base:N/A:N/A,MethodCallExpr,java.lang.Throwable,printStackTrace,C:\Users\tyin363\Documents\repos\risesoft-y9__DataFlow-Engine\y9-module-dataflow\risenet-y9boot-rpc-commons\src\main\java\net\risedata\rpc\queue\TaskQueue.java,50
JDK:java.base:N/A:N/A,ClassOrInterfaceType,java.lang.String,String,C:\Users\tyin363\Documents\repos\risesoft-y9__DataFlow-Engine\y9-module-dataflow\risenet-y9boot-rpc-commons\src\main\java\net\risedata\rpc\annotation\RPCScan.java,15
JDK:java.base:N/A:N/A,ClassOrInterfaceType,java.lang.String,String,C:\Users\tyin363\Documents\repos\risesoft-y9__DataFlow-Engine\y9-module-dataflow\risenet-y9boot-rpc-commons\src\main\java\net\risedata\rpc\model\Request.java,25
JDK:java.base:N/A:N/A,ClassOrInterfaceType,java.lang.String,String,C:\Users\tyin363\Documents\repos\risesoft-y9__DataFlow-Engine\y9-module-dataflow\risenet-y9boot-rpc-commons\src\main\java\net\risedata\rpc\utils\AntPathMatcher.java,68
,MethodCallExpr,net.risedata.rpc.model.Msg,getMsg,C:\Users\tyin363\Documents\repos\risesoft-y9__DataFlow-Engine\y9-module-dataflow\risenet-y9boot-rpc-commons\src\main\java\net\risedata\rpc\model\Request.java,43
,ClassOrInterfaceType,net.risedata.rpc.Task.Task,Task,C:\Users\tyin363\Documents\repos\risesoft-y9__DataFlow-Engine\y9-module-dataflow\risenet-y9boot-rpc-commons\src\main\java\net\risedata\rpc\queue\TaskQueue.java,19
,NameExpr,net.risedata.rpc.factory.model.ReturnType,index,C:\Users\tyin363\Documents\repos\risesoft-y9__DataFlow-Engine\y9-module-dataflow\risenet-y9boot-rpc-commons\src\main\java\net\risedata\rpc\factory\model\ReturnType.java,178
JDK:java.base:N/A:N/A,ClassOrInterfaceType,java.lang.String,String,C:\Users\tyin363\Documents\repos\risesoft-y9__DataFlow-Engine\y9-module-dataflow\risenet-y9boot-rpc-commons\src\main\java\net\risedata\rpc\provide\config\Application.java,10
JDK:java.base:N/A:N/A,ObjectCreationExpr,java.lang.StringBuilder,StringBuilder,C:\Users\tyin363\Documents\repos\risesoft-y9__DataFlow-Engine\y9-module-dataflow\risenet-y9boot-rpc-commons\src\main\java\net\risedata\rpc\utils\StringUtils.java,351
JDK:java.base:N/A:N/A,MethodCallExpr,java.lang.String,indexOf,C:\Users\tyin363\Documents\repos\risesoft-y9__DataFlow-Engine\y9-module-dataflow\risenet-y9boot-rpc-commons\src\main\java\net\risedata\rpc\utils\MethodUtils.java,77
,ClassOrInterfaceType,net.risedata.rpc.factory.model.ReturnType,ReturnType,C:\Users\tyin363\Documents\repos\risesoft-y9__DataFlow-Engine\y9-module-dataflow\risenet-y9boot-rpc-commons\src\main\java\net\risedata\rpc\factory\ReturnTypeFactory.java,32
,FieldAccessExpr,net.risedata.rpc.model.Response,id,C:\Users\tyin363\Documents\repos\risesoft-y9__DataFlow-Engine\y9-module-dataflow\risenet-y9boot-rpc-commons\src\main\java\net\risedata\rpc\model\Response.java,45
,NameExpr,net.risedata.rpc.Task.ScheduleTask,taskS,C:\Users\tyin363\Documents\repos\risesoft-y9__DataFlow-Engine\y9-module-dataflow\risenet-y9boot-rpc-commons\src\main\java\net\risedata\rpc\Task\ScheduleTask.java,41
,FieldAccessExpr,net.risedata.rpc.utils.AntPathMatcher,pathSeparator,C:\Users\tyin363\Documents\repos\risesoft-y9__DataFlow-Engine\y9-module-dataflow\risenet-y9boot-rpc-commons\src\main\java\net\risedata\rpc\utils\AntPathMatcher.java,83
JDK:java.base:N/A:N/A,MethodCallExpr,java.util.jar.JarFile,entries,C:\Users\tyin363\Documents\repos\risesoft-y9__DataFlow-Engine\y9-module-dataflow\risenet-y9boot-rpc-commons\src\main\java\net\risedata\rpc\utils\ClassTools.java,66
,NameExpr,net.risedata.rpc.model.Request,args,C:\Users\tyin363\Documents\repos\risesoft-y9__DataFlow-Engine\y9-module-dataflow\risenet-y9boot-rpc-commons\src\main\java\net\risedata\rpc\model\Request.java,127
JDK:java.base:N/A:N/A,MethodCallExpr,java.lang.String,length,C:\Users\tyin363\Documents\repos\risesoft-y9__DataFlow-Engine\y9-module-dataflow\risenet-y9boot-rpc-commons\src\main\java\net\risedata\rpc\utils\ClassTools.java,90
JDK:java.base:N/A:N/A,MethodCallExpr,java.lang.String,lastIndexOf,C:\Users\tyin363\Documents\repos\risesoft-y9__DataFlow-Engine\y9-module-dataflow\risenet-y9boot-rpc-commons\src\main\java\net\risedata\rpc\utils\MethodUtils.java,79
,FieldAccessExpr,net.risedata.rpc.model.Response,id,C:\Users\tyin363\Documents\repos\risesoft-y9__DataFlow-Engine\y9-module-dataflow\risenet-y9boot-rpc-commons\src\main\java\net\risedata\rpc\model\Response.java,111
JDK:java.base:N/A:N/A,ClassOrInterfaceType,java.lang.Exception,Exception,C:\Users\tyin363\Documents\repos\risesoft-y9__DataFlow-Engine\y9-module-dataflow\risenet-y9boot-rpc-commons\src\main\java\net\risedata\rpc\coder\MsgEncoder.java,27
JDK:java.base:N/A:N/A,MethodCallExpr,java.lang.Thread,currentThread,C:\Users\tyin363\Documents\repos\risesoft-y9__DataFlow-Engine\y9-module-dataflow\risenet-y9boot-rpc-commons\src\main\java\net\risedata\rpc\utils\IdUtils.java,15
,NameExpr,net.risedata.rpc.model.Msg,length,C:\Users\tyin363\Documents\repos\risesoft-y9__DataFlow-Engine\y9-module-dataflow\risenet-y9boot-rpc-commons\src\main\java\net\risedata\rpc\model\Msg.java,20
JDK:java.base:N/A:N/A,ClassOrInterfaceType,java.lang.String,String,C:\Users\tyin363\Documents\repos\risesoft-y9__DataFlow-Engine\y9-module-dataflow\risenet-y9boot-rpc-commons\src\main\java\net\risedata\rpc\utils\StringUtils.java,79
,MethodCallExpr,net.risedata.rpc.utils.StringUtils,clean,C:\Users\tyin363\Documents\repos\risesoft-y9__DataFlow-Engine\y9-module-dataflow\risenet-y9boot-rpc-commons\src\main\java\net\risedata\rpc\utils\StringUtils.java,271
JDK:java.base:N/A:N/A,ClassOrInterfaceType,java.lang.String,String,C:\Users\tyin363\Documents\repos\risesoft-y9__DataFlow-Engine\y9-module-dataflow\risenet-y9boot-rpc-commons\src\main\java\net\risedata\rpc\utils\StringUtils.java,343
JDK:java.base:N/A:N/A,MethodCallExpr,java.util.ArrayList,clear,C:\Users\tyin363\Documents\repos\risesoft-y9__DataFlow-Engine\y9-module-dataflow\risenet-y9boot-rpc-commons\src\main\java\net\risedata\rpc\Task\ScheduleTask.java,45
,NameExpr,net.risedata.rpc.service.patientia.FixedExecutorService,executorService,C:\Users\tyin363\Documents\repos\risesoft-y9__DataFlow-Engine\y9-module-dataflow\risenet-y9boot-rpc-commons\src\main\java\net\risedata\rpc\service\patientia\FixedExecutorService.java,51
JDK:java.base:N/A:N/A,ObjectCreationExpr,java.lang.StringBuilder,StringBuilder,C:\Users\tyin363\Documents\repos\risesoft-y9__DataFlow-Engine\y9-module-dataflow\risenet-y9boot-rpc-commons\src\main\java\net\risedata\rpc\utils\AntPathMatcher.java,344
,NameExpr,net.risedata.rpc.factory.model.ReturnType,genericityClass,C:\Users\tyin363\Documents\repos\risesoft-y9__DataFlow-Engine\y9-module-dataflow\risenet-y9boot-rpc-commons\src\main\java\net\risedata\rpc\factory\model\ReturnType.java,177
,NameExpr,net.risedata.rpc.queue.TaskQueue,isNotify,C:\Users\tyin363\Documents\repos\risesoft-y9__DataFlow-Engine\y9-module-dataflow\risenet-y9boot-rpc-commons\src\main\java\net\risedata\rpc\queue\TaskQueue.java,58
JDK:java.base:N/A:N/A,MethodCallExpr,java.lang.String,substring,C:\Users\tyin363\Documents\repos\risesoft-y9__DataFlow-Engine\y9-module-dataflow\risenet-y9boot-rpc-commons\src\main\java\net\risedata\rpc\factory\ReturnTypeFactory.java,49
,FieldAccessExpr,net.risedata.rpc.model.Msg,length,C:\Users\tyin363\Documents\repos\risesoft-y9__DataFlow-Engine\y9-module-dataflow\risenet-y9boot-rpc-commons\src\main\java\net\risedata\rpc\model\Msg.java,28
JDK:java.base:N/A:N/A,ClassOrInterfaceType,java.lang.Class,Class,C:\Users\tyin363\Documents\repos\risesoft-y9__DataFlow-Engine\y9-module-dataflow\risenet-y9boot-rpc-commons\src\main\java\net\risedata\rpc\utils\LParameter.java,93
JDK:java.base:N/A:N/A,ClassOrInterfaceType,java.lang.String,String,C:\Users\tyin363\Documents\repos\risesoft-y9__DataFlow-Engine\y9-module-dataflow\risenet-y9boot-rpc-commons\src\main\java\net\risedata\rpc\utils\MethodUtils.java,53
,FieldAccessExpr,net.risedata.rpc.factory.model.ReturnType,isClass,C:\Users\tyin363\Documents\repos\risesoft-y9__DataFlow-Engine\y9-module-dataflow\risenet-y9boot-rpc-commons\src\main\java\net\risedata\rpc\factory\model\ReturnType.java,56
JDK:java.base:N/A:N/A,MethodCallExpr,java.lang.String,trim,C:\Users\tyin363\Documents\repos\risesoft-y9__DataFlow-Engine\y9-module-dataflow\risenet-y9boot-rpc-commons\src\main\java\net\risedata\rpc\utils\StringUtils.java,391
JDK:java.base:N/A:N/A,ClassOrInterfaceType,java.lang.Thread,Thread,C:\Users\tyin363\Documents\repos\risesoft-y9__DataFlow-Engine\y9-module-dataflow\risenet-y9boot-rpc-commons\src\main\java\net\risedata\rpc\queue\TaskQueue.java,34
JDK:java.base:N/A:N/A,MethodCallExpr,java.lang.String,endsWith,C:\Users\tyin363\Documents\repos\risesoft-y9__DataFlow-Engine\y9-module-dataflow\risenet-y9boot-rpc-commons\src\main\java\net\risedata\rpc\utils\AntPathMatcher.java,82
,ObjectCreationExpr,net.risedata.rpc.exceptions.ConfigException,ConfigException,C:\Users\tyin363\Documents\repos\risesoft-y9__DataFlow-Engine\y9-module-dataflow\risenet-y9boot-rpc-commons\src\main\java\net\risedata\rpc\utils\MethodUtils.java,89
JDK:java.base:N/A:N/A,ClassOrInterfaceType,java.lang.Object,Object,C:\Users\tyin363\Documents\repos\risesoft-y9__DataFlow-Engine\y9-module-dataflow\risenet-y9boot-rpc-commons\src\main\java\net\risedata\rpc\factory\model\ReturnType.java,72
JDK:java.base:N/A:N/A,MethodCallExpr,java.util.ArrayList,size,C:\Users\tyin363\Documents\repos\risesoft-y9__DataFlow-Engine\y9-module-dataflow\risenet-y9boot-rpc-commons\src\main\java\net\risedata\rpc\Task\ScheduleTask.java,42
JDK:java.base:N/A:N/A,ClassOrInterfaceType,java.util.concurrent.ConcurrentHashMap,ConcurrentHashMap,C:\Users\tyin363\Documents\repos\risesoft-y9__DataFlow-Engine\y9-module-dataflow\risenet-y9boot-rpc-commons\src\main\java\net\risedata\rpc\utils\KeyLock.java,16
,MethodCallExpr,net.risedata.rpc.utils.StringUtils,split,C:\Users\tyin363\Documents\repos\risesoft-y9__DataFlow-Engine\y9-module-dataflow\risenet-y9boot-rpc-commons\src\main\java\net\risedata\rpc\utils\StringUtils.java,308
JDK:java.base:N/A:N/A,ClassOrInterfaceType,java.util.Queue,Queue,C:\Users\tyin363\Documents\repos\risesoft-y9__DataFlow-Engine\y9-module-dataflow\risenet-y9boot-rpc-commons\src\main\java\net\risedata\rpc\queue\TaskQueue.java,15
,ObjectCreationExpr,net.risedata.rpc.factory.model.ReturnType,ReturnType,C:\Users\tyin363\Documents\repos\risesoft-y9__DataFlow-Engine\y9-module-dataflow\risenet-y9boot-rpc-commons\src\main\java\net\risedata\rpc\factory\ReturnTypeFactory.java,61
JDK:java.base:N/A:N/A,ClassOrInterfaceType,java.lang.Object,Object,C:\Users\tyin363\Documents\repos\risesoft-y9__DataFlow-Engine\y9-module-dataflow\risenet-y9boot-rpc-commons\src\main\java\net\risedata\rpc\model\Request.java,76
JDK:java.base:N/A:N/A,MethodCallExpr,java.lang.String,indexOf,C:\Users\tyin363\Documents\repos\risesoft-y9__DataFlow-Engine\y9-module-dataflow\risenet-y9boot-rpc-commons\src\main\java\net\risedata\rpc\utils\AntPathMatcher.java,27
JDK:java.base:N/A:N/A,MethodCallExpr,java.util.List,add,C:\Users\tyin363\Documents\repos\risesoft-y9__DataFlow-Engine\y9-module-dataflow\risenet-y9boot-rpc-commons\src\main\java\net\risedata\rpc\utils\StringUtils.java,246
,FieldAccessExpr,net.risedata.rpc.factory.model.ReturnType,index,C:\Users\tyin363\Documents\repos\risesoft-y9__DataFlow-Engine\y9-module-dataflow\risenet-y9boot-rpc-commons\src\main\java\net\risedata\rpc\factory\model\ReturnType.java,57
JDK:java.base:N/A:N/A,MethodCallExpr,java.io.File,isDirectory,C:\Users\tyin363\Documents\repos\risesoft-y9__DataFlow-Engine\y9-module-dataflow\risenet-y9boot-rpc-commons\src\main\java\net\risedata\rpc\utils\ClassTools.java,135
,NameExpr,net.risedata.rpc.queue.TaskQueue,isNotify,C:\Users\tyin363\Documents\repos\risesoft-y9__DataFlow-Engine\y9-module-dataflow\risenet-y9boot-rpc-commons\src\main\java\net\risedata\rpc\queue\TaskQueue.java,59
JDK:java.base:N/A:N/A,ClassOrInterfaceType,java.util.ArrayList,ArrayList,C:\Users\tyin363\Documents\repos\risesoft-y9__DataFlow-Engine\y9-module-dataflow\risenet-y9boot-rpc-commons\src\main\java\net\risedata\rpc\utils\StringUtils.java,239
JDK:java.base:N/A:N/A,MethodCallExpr,java.lang.String,length,C:\Users\tyin363\Documents\repos\risesoft-y9__DataFlow-Engine\y9-module-dataflow\risenet-y9boot-rpc-commons\src\main\java\net\risedata\rpc\utils\ClassTools.java,154
,FieldAccessExpr,net.risedata.rpc.factory.model.ReturnType,genericityClass,C:\Users\tyin363\Documents\repos\risesoft-y9__DataFlow-Engine\y9-module-dataflow\risenet-y9boot-rpc-commons\src\main\java\net\risedata\rpc\factory\model\ReturnType.java,55
JDK:java.base:N/A:N/A,ClassOrInterfaceType,java.lang.String,String,C:\Users\tyin363\Documents\repos\risesoft-y9__DataFlow-Engine\y9-module-dataflow\risenet-y9boot-rpc-commons\src\main\java\net\risedata\rpc\model\Response.java,25
,FieldAccessExpr,net.risedata.rpc.Task.ScheduleTask,refreshTime,C:\Users\tyin363\Documents\repos\risesoft-y9__DataFlow-Engine\y9-module-dataflow\risenet-y9boot-rpc-commons\src\main\java\net\risedata\rpc\Task\ScheduleTask.java,27
JDK:java.base:N/A:N/A,MethodCallExpr,java.lang.String,startsWith,C:\Users\tyin363\Documents\repos\risesoft-y9__DataFlow-Engine\y9-module-dataflow\risenet-y9boot-rpc-commons\src\main\java\net\risedata\rpc\utils\StringUtils.java,289
JDK:java.base:N/A:N/A,ClassOrInterfaceType,java.util.concurrent.Semaphore,Semaphore,C:\Users\tyin363\Documents\repos\risesoft-y9__DataFlow-Engine\y9-module-dataflow\risenet-y9boot-rpc-commons\src\main\java\net\risedata\rpc\utils\KeyLock.java,21
com.alibaba:fastjson:jar:2.0.57,MethodCallExpr,com.alibaba.fastjson.JSONObject,getLong,C:\Users\tyin363\Documents\repos\risesoft-y9__DataFlow-Engine\y9-module-dataflow\risenet-y9boot-rpc-commons\src\main\java\net\risedata\rpc\model\Request.java,59
JDK:java.base:N/A:N/A,ClassOrInterfaceType,java.lang.StringBuilder,StringBuilder,C:\Users\tyin363\Documents\repos\risesoft-y9__DataFlow-Engine\y9-module-dataflow\risenet-y9boot-rpc-commons\src\main\java\net\risedata\rpc\utils\StringUtils.java,384
JDK:java.base:N/A:N/A,MethodCallExpr,java.lang.String,equals,C:\Users\tyin363\Documents\repos\risesoft-y9__DataFlow-Engine\y9-module-dataflow\risenet-y9boot-rpc-commons\src\main\java\net\risedata\rpc\utils\AntPathMatcher.java,109
JDK:java.base:N/A:N/A,ClassOrInterfaceType,java.lang.Object,Object,C:\Users\tyin363\Documents\repos\risesoft-y9__DataFlow-Engine\y9-module-dataflow\risenet-y9boot-rpc-commons\src\main\java\net\risedata\rpc\factory\model\ReturnType.java,90
JDK:java.base:N/A:N/A,ClassOrInterfaceType,java.lang.Exception,Exception,C:\Users\tyin363\Documents\repos\risesoft-y9__DataFlow-Engine\y9-module-dataflow\risenet-y9boot-rpc-commons\src\main\java\net\risedata\rpc\factory\model\ReturnType.java,75
,MethodCallExpr,net.risedata.rpc.utils.StringUtils,tokenizeToStringArray,C:\Users\tyin363\Documents\repos\risesoft-y9__DataFlow-Engine\y9-module-dataflow\risenet-y9boot-rpc-commons\src\main\java\net\risedata\rpc\utils\AntPathMatcher.java,342
,NameExpr,net.risedata.rpc.utils.LParameter,parameterName,C:\Users\tyin363\Documents\repos\risesoft-y9__DataFlow-Engine\y9-module-dataflow\risenet-y9boot-rpc-commons\src\main\java\net\risedata\rpc\utils\LParameter.java,82
JDK:java.base:N/A:N/A,ClassOrInterfaceType,java.util.List,List,C:\Users\tyin363\Documents\repos\risesoft-y9__DataFlow-Engine\y9-module-dataflow\risenet-y9boot-rpc-commons\src\main\java\net\risedata\rpc\coder\MsgDecoder.java,28
JDK:java.base:N/A:N/A,ClassOrInterfaceType,java.lang.String,String,C:\Users\tyin363\Documents\repos\risesoft-y9__DataFlow-Engine\y9-module-dataflow\risenet-y9boot-rpc-commons\src\main\java\net\risedata\rpc\factory\model\ReturnType.java,176
,FieldAccessExpr,net.risedata.rpc.utils.AntPathMatcher,pathSeparator,C:\Users\tyin363\Documents\repos\risesoft-y9__DataFlow-Engine\y9-module-dataflow\risenet-y9boot-rpc-commons\src\main\java\net\risedata\rpc\utils\AntPathMatcher.java,22
,NameExpr,net.risedata.rpc.model.Request,RPC,C:\Users\tyin363\Documents\repos\risesoft-y9__DataFlow-Engine\y9-module-dataflow\risenet-y9boot-rpc-commons\src\main\java\net\risedata\rpc\model\Request.java,73
,NameExpr,net.risedata.rpc.factory.model.ReturnType,isClass,C:\Users\tyin363\Documents\repos\risesoft-y9__DataFlow-Engine\y9-module-dataflow\risenet-y9boot-rpc-commons\src\main\java\net\risedata\rpc\factory\model\ReturnType.java,177
JDK:java.base:N/A:N/A,MethodCallExpr,java.util.Iterator,hasNext,C:\Users\tyin363\Documents\repos\risesoft-y9__DataFlow-Engine\y9-module-dataflow\risenet-y9boot-rpc-commons\src\main\java\net\risedata\rpc\utils\StringUtils.java,418
,FieldAccessExpr,net.risedata.rpc.utils.AntPathMatcher,pathSeparator,C:\Users\tyin363\Documents\repos\risesoft-y9__DataFlow-Engine\y9-module-dataflow\risenet-y9boot-rpc-commons\src\main\java\net\risedata\rpc\utils\AntPathMatcher.java,352
JDK:java.base:N/A:N/A,ClassOrInterfaceType,java.lang.String,String,C:\Users\tyin363\Documents\repos\risesoft-y9__DataFlow-Engine\y9-module-dataflow\risenet-y9boot-rpc-commons\src\main\java\net\risedata\rpc\utils\ClassTools.java,55
,NameExpr,net.risedata.rpc.utils.LParameter,parameterType,C:\Users\tyin363\Documents\repos\risesoft-y9__DataFlow-Engine\y9-module-dataflow\risenet-y9boot-rpc-commons\src\main\java\net\risedata\rpc\utils\LParameter.java,127
,FieldAccessExpr,net.risedata.rpc.model.Msg,length,C:\Users\tyin363\Documents\repos\risesoft-y9__DataFlow-Engine\y9-module-dataflow\risenet-y9boot-rpc-commons\src\main\java\net\risedata\rpc\model\Msg.java,15
JDK:java.base:N/A:N/A,MethodCallExpr,java.util.zip.ZipEntry,getName,C:\Users\tyin363\Documents\repos\risesoft-y9__DataFlow-Engine\y9-module-dataflow\risenet-y9boot-rpc-commons\src\main\java\net\risedata\rpc\utils\ClassTools.java,71
JDK:java.base:N/A:N/A,ClassOrInterfaceType,java.util.concurrent.Semaphore,Semaphore,C:\Users\tyin363\Documents\repos\risesoft-y9__DataFlow-Engine\y9-module-dataflow\risenet-y9boot-rpc-commons\src\main\java\net\risedata\rpc\utils\KeyLock.java,18
JDK:java.base:N/A:N/A,MethodCallExpr,java.util.List,add,C:\Users\tyin363\Documents\repos\risesoft-y9__DataFlow-Engine\y9-module-dataflow\risenet-y9boot-rpc-commons\src\main\java\net\risedata\rpc\utils\ClassTools.java,93
com.alibaba:fastjson:jar:2.0.57,MethodCallExpr,com.alibaba.fastjson.JSONObject,getJSONArray,C:\Users\tyin363\Documents\repos\risesoft-y9__DataFlow-Engine\y9-module-dataflow\risenet-y9boot-rpc-commons\src\main\java\net\risedata\rpc\model\Request.java,58
JDK:java.base:N/A:N/A,ClassOrInterfaceType,java.lang.String,String,C:\Users\tyin363\Documents\repos\risesoft-y9__DataFlow-Engine\y9-module-dataflow\risenet-y9boot-rpc-commons\src\main\java\net\risedata\rpc\model\ListenerResponse.java,19
JDK:java.base:N/A:N/A,MethodCallExpr,java.lang.StringBuilder,append,C:\Users\tyin363\Documents\repos\risesoft-y9__DataFlow-Engine\y9-module-dataflow\risenet-y9boot-rpc-commons\src\main\java\net\risedata\rpc\utils\StringUtils.java,386
JDK:java.base:N/A:N/A,ClassOrInterfaceType,java.lang.Class,Class,C:\Users\tyin363\Documents\repos\risesoft-y9__DataFlow-Engine\y9-module-dataflow\risenet-y9boot-rpc-commons\src\main\java\net\risedata\rpc\utils\ClassTools.java,33
,MethodCallExpr,net.risedata.rpc.model.Msg,getMsg,C:\Users\tyin363\Documents\repos\risesoft-y9__DataFlow-Engine\y9-module-dataflow\risenet-y9boot-rpc-commons\src\main\java\net\risedata\rpc\coder\MsgEncoder.java,29
,FieldAccessExpr,net.risedata.rpc.model.Response,message,C:\Users\tyin363\Documents\repos\risesoft-y9__DataFlow-Engine\y9-module-dataflow\risenet-y9boot-rpc-commons\src\main\java\net\risedata\rpc\model\Response.java,63
JDK:java.base:N/A:N/A,MethodCallExpr,java.lang.String,length,C:\Users\tyin363\Documents\repos\risesoft-y9__DataFlow-Engine\y9-module-dataflow\risenet-y9boot-rpc-commons\src\main\java\net\risedata\rpc\utils\StringUtils.java,245
JDK:java.base:N/A:N/A,ClassOrInterfaceType,java.lang.String,String,C:\Users\tyin363\Documents\repos\risesoft-y9__DataFlow-Engine\y9-module-dataflow\risenet-y9boot-rpc-commons\src\main\java\net\risedata\rpc\utils\StringUtils.java,319
io.netty:netty-buffer:jar:4.1.101.Final,MethodCallExpr,io.netty.buffer.ByteBuf,readBytes,C:\Users\tyin363\Documents\repos\risesoft-y9__DataFlow-Engine\y9-module-dataflow\risenet-y9boot-rpc-commons\src\main\java\net\risedata\rpc\coder\MsgDecoder.java,31
com.alibaba:fastjson:jar:2.0.57,ClassOrInterfaceType,com.alibaba.fastjson.JSONArray,JSONArray,C:\Users\tyin363\Documents\repos\risesoft-y9__DataFlow-Engine\y9-module-dataflow\risenet-y9boot-rpc-commons\src\main\java\net\risedata\rpc\model\Request.java,80
,FieldAccessExpr,net.risedata.rpc.utils.AntPathMatcher,pathSeparator,C:\Users\tyin363\Documents\repos\risesoft-y9__DataFlow-Engine\y9-module-dataflow\risenet-y9boot-rpc-commons\src\main\java\net\risedata\rpc\utils\AntPathMatcher.java,351
JDK:java.base:N/A:N/A,ClassOrInterfaceType,java.io.File,File,C:\Users\tyin363\Documents\repos\risesoft-y9__DataFlow-Engine\y9-module-dataflow\risenet-y9boot-rpc-commons\src\main\java\net\risedata\rpc\utils\ClassTools.java,148
,FieldAccessExpr,net.risedata.rpc.model.Request,id,C:\Users\tyin363\Documents\repos\risesoft-y9__DataFlow-Engine\y9-module-dataflow\risenet-y9boot-rpc-commons\src\main\java\net\risedata\rpc\model\Request.java,84
,FieldAccessExpr,net.risedata.rpc.utils.LParameter,parameterType,C:\Users\tyin363\Documents\repos\risesoft-y9__DataFlow-Engine\y9-module-dataflow\risenet-y9boot-rpc-commons\src\main\java\net\risedata\rpc\utils\LParameter.java,100
JDK:java.base:N/A:N/A,MethodCallExpr,java.lang.String,indexOf,C:\Users\tyin363\Documents\repos\risesoft-y9__DataFlow-Engine\y9-module-dataflow\risenet-y9boot-rpc-commons\src\main\java\net\risedata\rpc\factory\ReturnTypeFactory.java,41
,NameExpr,net.risedata.rpc.queue.TaskQueue,o,C:\Users\tyin363\Documents\repos\risesoft-y9__DataFlow-Engine\y9-module-dataflow\risenet-y9boot-rpc-commons\src\main\java\net\risedata\rpc\queue\TaskQueue.java,57
,FieldAccessExpr,net.risedata.rpc.model.Request,url,C:\Users\tyin363\Documents\repos\risesoft-y9__DataFlow-Engine\y9-module-dataflow\risenet-y9boot-rpc-commons\src\main\java\net\risedata\rpc\model\Request.java,88
,FieldAccessExpr,net.risedata.rpc.model.Response,status,C:\Users\tyin363\Documents\repos\risesoft-y9__DataFlow-Engine\y9-module-dataflow\risenet-y9boot-rpc-commons\src\main\java\net\risedata\rpc\model\Response.java,42
,ClassOrInterfaceType,net.risedata.rpc.model.Msg,Msg,C:\Users\tyin363\Documents\repos\risesoft-y9__DataFlow-Engine\y9-module-dataflow\risenet-y9boot-rpc-commons\src\main\java\net\risedata\rpc\coder\MsgDecoder.java,32
JDK:java.base:N/A:N/A,MethodCallExpr,java.util.concurrent.ThreadPoolExecutor,getTaskCount,C:\Users\tyin363\Documents\repos\risesoft-y9__DataFlow-Engine\y9-module-dataflow\risenet-y9boot-rpc-commons\src\main\java\net\risedata\rpc\service\patientia\FixedExecutorService.java,46
,NameExpr,net.risedata.rpc.model.Request,type,C:\Users\tyin363\Documents\repos\risesoft-y9__DataFlow-Engine\y9-module-dataflow\risenet-y9boot-rpc-commons\src\main\java\net\risedata\rpc\model\Request.java,126
JDK:java.base:N/A:N/A,ClassOrInterfaceType,java.util.jar.JarFile,JarFile,C:\Users\tyin363\Documents\repos\risesoft-y9__DataFlow-Engine\y9-module-dataflow\risenet-y9boot-rpc-commons\src\main\java\net\risedata\rpc\utils\ClassTools.java,61
JDK:java.base:N/A:N/A,ClassOrInterfaceType,java.util.concurrent.Semaphore,Semaphore,C:\Users\tyin363\Documents\repos\risesoft-y9__DataFlow-Engine\y9-module-dataflow\risenet-y9boot-rpc-commons\src\main\java\net\risedata\rpc\utils\KeyLock.java,16
JDK:java.base:N/A:N/A,ClassOrInterfaceType,java.lang.String,String,C:\Users\tyin363\Documents\repos\risesoft-y9__DataFlow-Engine\y9-module-dataflow\risenet-y9boot-rpc-commons\src\main\java\net\risedata\rpc\model\Request.java,56
JDK:java.base:N/A:N/A,ClassOrInterfaceType,java.lang.Object,Object,C:\Users\tyin363\Documents\repos\risesoft-y9__DataFlow-Engine\y9-module-dataflow\risenet-y9boot-rpc-commons\src\main\java\net\risedata\rpc\utils\StringUtils.java,436
JDK:java.base:N/A:N/A,ClassOrInterfaceType,java.lang.String,String,C:\Users\tyin363\Documents\repos\risesoft-y9__DataFlow-Engine\y9-module-dataflow\risenet-y9boot-rpc-commons\src\main\java\net\risedata\rpc\utils\AntPathMatcher.java,58
JDK:java.base:N/A:N/A,MethodCallExpr,java.net.JarURLConnection,getJarFile,C:\Users\tyin363\Documents\repos\risesoft-y9__DataFlow-Engine\y9-module-dataflow\risenet-y9boot-rpc-commons\src\main\java\net\risedata\rpc\utils\ClassTools.java,64
,FieldAccessExpr,net.risedata.rpc.model.Response,id,C:\Users\tyin363\Documents\repos\risesoft-y9__DataFlow-Engine\y9-module-dataflow\risenet-y9boot-rpc-commons\src\main\java\net\risedata\rpc\model\Response.java,64
JDK:java.base:N/A:N/A,ClassOrInterfaceType,java.lang.String,String,C:\Users\tyin363\Documents\repos\risesoft-y9__DataFlow-Engine\y9-module-dataflow\risenet-y9boot-rpc-commons\src\main\java\net\risedata\rpc\utils\AntPathMatcher.java,190
JDK:java.base:N/A:N/A,MethodCallExpr,java.util.zip.ZipEntry,isDirectory,C:\Users\tyin363\Documents\repos\risesoft-y9__DataFlow-Engine\y9-module-dataflow\risenet-y9boot-rpc-commons\src\main\java\net\risedata\rpc\utils\ClassTools.java,88
,NameExpr,net.risedata.rpc.service.patientia.FixedExecutorService,executorService,C:\Users\tyin363\Documents\repos\risesoft-y9__DataFlow-Engine\y9-module-dataflow\risenet-y9boot-rpc-commons\src\main\java\net\risedata\rpc\service\patientia\FixedExecutorService.java,46
JDK:java.base:N/A:N/A,ClassOrInterfaceType,java.lang.Class,Class,C:\Users\tyin363\Documents\repos\risesoft-y9__DataFlow-Engine\y9-module-dataflow\risenet-y9boot-rpc-commons\src\main\java\net\risedata\rpc\utils\ClassTools.java,36
,MethodCallExpr,net.risedata.rpc.utils.StringUtils,split,C:\Users\tyin363\Documents\repos\risesoft-y9__DataFlow-Engine\y9-module-dataflow\risenet-y9boot-rpc-commons\src\main\java\net\risedata\rpc\utils\StringUtils.java,312
JDK:java.base:N/A:N/A,MethodCallExpr,java.util.Collection,iterator,C:\Users\tyin363\Documents\repos\risesoft-y9__DataFlow-Engine\y9-module-dataflow\risenet-y9boot-rpc-commons\src\main\java\net\risedata\rpc\utils\StringUtils.java,186
,FieldAccessExpr,net.risedata.rpc.utils.AntPathMatcher,pathSeparator,C:\Users\tyin363\Documents\repos\risesoft-y9__DataFlow-Engine\y9-module-dataflow\risenet-y9boot-rpc-commons\src\main\java\net\risedata\rpc\utils\AntPathMatcher.java,89
,MethodCallExpr,net.risedata.rpc.utils.AntPathMatcher,doMatch,C:\Users\tyin363\Documents\repos\risesoft-y9__DataFlow-Engine\y9-module-dataflow\risenet-y9boot-rpc-commons\src\main\java\net\risedata\rpc\utils\AntPathMatcher.java,35
JDK:java.base:N/A:N/A,MethodCallExpr,java.util.ArrayList,clear,C:\Users\tyin363\Documents\repos\risesoft-y9__DataFlow-Engine\y9-module-dataflow\risenet-y9boot-rpc-commons\src\main\java\net\risedata\rpc\Task\ScheduleTask.java,67
JDK:java.base:N/A:N/A,MethodCallExpr,java.lang.reflect.Method,getGenericReturnType,C:\Users\tyin363\Documents\repos\risesoft-y9__DataFlow-Engine\y9-module-dataflow\risenet-y9boot-rpc-commons\src\main\java\net\risedata\rpc\factory\ReturnTypeFactory.java,26
JDK:java.base:N/A:N/A,ClassOrInterfaceType,java.lang.String,String,C:\Users\tyin363\Documents\repos\risesoft-y9__DataFlow-Engine\y9-module-dataflow\risenet-y9boot-rpc-commons\src\main\java\net\risedata\rpc\utils\AntPathMatcher.java,59
,NameExpr,net.risedata.rpc.model.Request,url,C:\Users\tyin363\Documents\repos\risesoft-y9__DataFlow-Engine\y9-module-dataflow\risenet-y9boot-rpc-commons\src\main\java\net\risedata\rpc\model\Request.java,115
JDK:java.base:N/A:N/A,ClassOrInterfaceType,java.lang.String,String,C:\Users\tyin363\Documents\repos\risesoft-y9__DataFlow-Engine\y9-module-dataflow\risenet-y9boot-rpc-commons\src\main\java\net\risedata\rpc\model\Response.java,101
,MethodCallExpr,net.risedata.rpc.utils.StringUtils,tokenizeToStringArray,C:\Users\tyin363\Documents\repos\risesoft-y9__DataFlow-Engine\y9-module-dataflow\risenet-y9boot-rpc-commons\src\main\java\net\risedata\rpc\utils\StringUtils.java,207
,NameExpr,net.risedata.rpc.model.Response,type,C:\Users\tyin363\Documents\repos\risesoft-y9__DataFlow-Engine\y9-module-dataflow\risenet-y9boot-rpc-commons\src\main\java\net\risedata\rpc\model\Response.java,103
,NameExpr,net.risedata.rpc.utils.KeyLock,keys,C:\Users\tyin363\Documents\repos\risesoft-y9__DataFlow-Engine\y9-module-dataflow\risenet-y9boot-rpc-commons\src\main\java\net\risedata\rpc\utils\KeyLock.java,27
io.netty:netty-common:jar:4.1.101.Final,FieldAccessExpr,io.netty.util.CharsetUtil,UTF_8,C:\Users\tyin363\Documents\repos\risesoft-y9__DataFlow-Engine\y9-module-dataflow\risenet-y9boot-rpc-commons\src\main\java\net\risedata\rpc\model\Response.java,40
JDK:java.base:N/A:N/A,MethodCallExpr,java.util.List,toArray,C:\Users\tyin363\Documents\repos\risesoft-y9__DataFlow-Engine\y9-module-dataflow\risenet-y9boot-rpc-commons\src\main\java\net\risedata\rpc\utils\StringUtils.java,394
JDK:java.base:N/A:N/A,MethodCallExpr,java.util.Iterator,hasNext,C:\Users\tyin363\Documents\repos\risesoft-y9__DataFlow-Engine\y9-module-dataflow\risenet-y9boot-rpc-commons\src\main\java\net\risedata\rpc\utils\StringUtils.java,422
,NameExpr,net.risedata.rpc.model.Response,message,C:\Users\tyin363\Documents\repos\risesoft-y9__DataFlow-Engine\y9-module-dataflow\risenet-y9boot-rpc-commons\src\main\java\net\risedata\rpc\model\Response.java,86
JDK:java.base:N/A:N/A,ClassOrInterfaceType,java.io.File,File,C:\Users\tyin363\Documents\repos\risesoft-y9__DataFlow-Engine\y9-module-dataflow\risenet-y9boot-rpc-commons\src\main\java\net\risedata\rpc\utils\ClassTools.java,143
,ClassOrInterfaceType,net.risedata.rpc.provide.config.Application,Application,C:\Users\tyin363\Documents\repos\risesoft-y9__DataFlow-Engine\y9-module-dataflow\risenet-y9boot-rpc-commons\src\main\java\net\risedata\rpc\provide\config\Application.java,8
JDK:java.base:N/A:N/A,ClassOrInterfaceType,java.lang.String,String,C:\Users\tyin363\Documents\repos\risesoft-y9__DataFlow-Engine\y9-module-dataflow\risenet-y9boot-rpc-commons\src\main\java\net\risedata\rpc\utils\StringUtils.java,51
JDK:java.base:N/A:N/A,ClassOrInterfaceType,java.lang.reflect.Method,Method,C:\Users\tyin363\Documents\repos\risesoft-y9__DataFlow-Engine\y9-module-dataflow\risenet-y9boot-rpc-commons\src\main\java\net\risedata\rpc\utils\MethodUtils.java,29
JDK:java.base:N/A:N/A,MethodCallExpr,java.util.Queue,add,C:\Users\tyin363\Documents\repos\risesoft-y9__DataFlow-Engine\y9-module-dataflow\risenet-y9boot-rpc-commons\src\main\java\net\risedata\rpc\queue\TaskQueue.java,21
JDK:java.base:N/A:N/A,ClassOrInterfaceType,java.lang.String,String,C:\Users\tyin363\Documents\repos\risesoft-y9__DataFlow-Engine\y9-module-dataflow\risenet-y9boot-rpc-commons\src\main\java\net\risedata\rpc\utils\StringUtils.java,315
JDK:java.base:N/A:N/A,MethodCallExpr,java.util.concurrent.ThreadPoolExecutor,getActiveCount,C:\Users\tyin363\Documents\repos\risesoft-y9__DataFlow-Engine\y9-module-dataflow\risenet-y9boot-rpc-commons\src\main\java\net\risedata\rpc\service\patientia\FixedExecutorService.java,41
,MethodCallExpr,net.risedata.rpc.utils.LParameter,setParameterName,C:\Users\tyin363\Documents\repos\risesoft-y9__DataFlow-Engine\y9-module-dataflow\risenet-y9boot-rpc-commons\src\main\java\net\risedata\rpc\utils\MethodUtils.java,65
,NameExpr,net.risedata.rpc.utils.StringUtils,EMPTY_STRING,C:\Users\tyin363\Documents\repos\risesoft-y9__DataFlow-Engine\y9-module-dataflow\risenet-y9boot-rpc-commons\src\main\java\net\risedata\rpc\utils\StringUtils.java,131
,FieldAccessExpr,net.risedata.rpc.factory.model.ReturnType,isClass,C:\Users\tyin363\Documents\repos\risesoft-y9__DataFlow-Engine\y9-module-dataflow\risenet-y9boot-rpc-commons\src\main\java\net\risedata\rpc\factory\model\ReturnType.java,144
JDK:java.base:N/A:N/A,ClassOrInterfaceType,java.lang.Class,Class,C:\Users\tyin363\Documents\repos\risesoft-y9__DataFlow-Engine\y9-module-dataflow\risenet-y9boot-rpc-commons\src\main\java\net\risedata\rpc\factory\model\ReturnType.java,16
JDK:java.base:N/A:N/A,MethodCallExpr,java.util.Enumeration,hasMoreElements,C:\Users\tyin363\Documents\repos\risesoft-y9__DataFlow-Engine\y9-module-dataflow\risenet-y9boot-rpc-commons\src\main\java\net\risedata\rpc\utils\ClassTools.java,47
,ClassOrInterfaceType,net.risedata.rpc.factory.model.ReturnType,ReturnType,C:\Users\tyin363\Documents\repos\risesoft-y9__DataFlow-Engine\y9-module-dataflow\risenet-y9boot-rpc-commons\src\main\java\net\risedata\rpc\factory\ReturnTypeFactory.java,53
JDK:java.base:N/A:N/A,MethodCallExpr,java.lang.reflect.Parameter,getParameterizedType,C:\Users\tyin363\Documents\repos\risesoft-y9__DataFlow-Engine\y9-module-dataflow\risenet-y9boot-rpc-commons\src\main\java\net\risedata\rpc\factory\ReturnTypeFactory.java,77
JDK:java.base:N/A:N/A,ClassOrInterfaceType,java.lang.Exception,Exception,C:\Users\tyin363\Documents\repos\risesoft-y9__DataFlow-Engine\y9-module-dataflow\risenet-y9boot-rpc-commons\src\main\java\net\risedata\rpc\Task\ScheduleTask.java,56
,FieldAccessExpr,net.risedata.rpc.model.Request,args,C:\Users\tyin363\Documents\repos\risesoft-y9__DataFlow-Engine\y9-module-dataflow\risenet-y9boot-rpc-commons\src\main\java\net\risedata\rpc\model\Request.java,82
JDK:java.base:N/A:N/A,ObjectCreationExpr,java.util.LinkedList,LinkedList,C:\Users\tyin363\Documents\repos\risesoft-y9__DataFlow-Engine\y9-module-dataflow\risenet-y9boot-rpc-commons\src\main\java\net\risedata\rpc\queue\TaskQueue.java,15
JDK:java.base:N/A:N/A,ClassOrInterfaceType,java.io.Serializable,Serializable,C:\Users\tyin363\Documents\repos\risesoft-y9__DataFlow-Engine\y9-module-dataflow\risenet-y9boot-rpc-commons\src\main\java\net\risedata\rpc\coder\MsgEncoder.java,15
JDK:java.base:N/A:N/A,MethodCallExpr,java.io.File,isDirectory,C:\Users\tyin363\Documents\repos\risesoft-y9__DataFlow-Engine\y9-module-dataflow\risenet-y9boot-rpc-commons\src\main\java\net\risedata\rpc\utils\ClassTools.java,144
JDK:java.base:N/A:N/A,ClassOrInterfaceType,java.lang.String,String,C:\Users\tyin363\Documents\repos\risesoft-y9__DataFlow-Engine\y9-module-dataflow\risenet-y9boot-rpc-commons\src\main\java\net\risedata\rpc\model\Request.java,118
JDK:java.base:N/A:N/A,ObjectCreationExpr,java.text.ParseException,ParseException,C:\Users\tyin363\Documents\repos\risesoft-y9__DataFlow-Engine\y9-module-dataflow\risenet-y9boot-rpc-commons\src\main\java\net\risedata\rpc\utils\StringUtils.java,282
JDK:java.base:N/A:N/A,ClassOrInterfaceType,java.lang.String,String,C:\Users\tyin363\Documents\repos\risesoft-y9__DataFlow-Engine\y9-module-dataflow\risenet-y9boot-rpc-commons\src\main\java\net\risedata\rpc\utils\ClassTools.java,128
,FieldAccessExpr,net.risedata.rpc.factory.model.ReturnType,genericityClass,C:\Users\tyin363\Documents\repos\risesoft-y9__DataFlow-Engine\y9-module-dataflow\risenet-y9boot-rpc-commons\src\main\java\net\risedata\rpc\factory\model\ReturnType.java,130
,ObjectCreationExpr,net.risedata.rpc.model.Msg,Msg,C:\Users\tyin363\Documents\repos\risesoft-y9__DataFlow-Engine\y9-module-dataflow\risenet-y9boot-rpc-commons\src\main\java\net\risedata\rpc\model\Request.java,93
JDK:java.base:N/A:N/A,MethodCallExpr,java.util.concurrent.Semaphore,acquireUninterruptibly,C:\Users\tyin363\Documents\repos\risesoft-y9__DataFlow-Engine\y9-module-dataflow\risenet-y9boot-rpc-commons\src\main\java\net\risedata\rpc\utils\KeyLock.java,31
,MethodCallExpr,net.risedata.rpc.utils.StringUtils,split,C:\Users\tyin363\Documents\repos\risesoft-y9__DataFlow-Engine\y9-module-dataflow\risenet-y9boot-rpc-commons\src\main\java\net\risedata\rpc\utils\StringUtils.java,316
,MethodCallExpr,net.risedata.rpc.utils.LParameter,setParameterName,C:\Users\tyin363\Documents\repos\risesoft-y9__DataFlow-Engine\y9-module-dataflow\risenet-y9boot-rpc-commons\src\main\java\net\risedata\rpc\utils\MethodUtils.java,63
JDK:java.base:N/A:N/A,MethodCallExpr,java.lang.String,startsWith,C:\Users\tyin363\Documents\repos\risesoft-y9__DataFlow-Engine\y9-module-dataflow\risenet-y9boot-rpc-commons\src\main\java\net\risedata\rpc\utils\StringUtils.java,99
JDK:java.base:N/A:N/A,MethodCallExpr,java.lang.reflect.Method,getName,C:\Users\tyin363\Documents\repos\risesoft-y9__DataFlow-Engine\y9-module-dataflow\risenet-y9boot-rpc-commons\src\main\java\net\risedata\rpc\utils\MethodUtils.java,41
,NameExpr,net.risedata.rpc.model.Request,id,C:\Users\tyin363\Documents\repos\risesoft-y9__DataFlow-Engine\y9-module-dataflow\risenet-y9boot-rpc-commons\src\main\java\net\risedata\rpc\model\Request.java,110
,NameExpr,net.risedata.rpc.Task.ScheduleTask,refreshTime,C:\Users\tyin363\Documents\repos\risesoft-y9__DataFlow-Engine\y9-module-dataflow\risenet-y9boot-rpc-commons\src\main\java\net\risedata\rpc\Task\ScheduleTask.java,34
,ClassOrInterfaceType,net.risedata.rpc.Task.Task,Task,C:\Users\tyin363\Documents\repos\risesoft-y9__DataFlow-Engine\y9-module-dataflow\risenet-y9boot-rpc-commons\src\main\java\net\risedata\rpc\Task\ScheduleTask.java,55
,NameExpr,net.risedata.rpc.model.ListenerResponse,msg,C:\Users\tyin363\Documents\repos\risesoft-y9__DataFlow-Engine\y9-module-dataflow\risenet-y9boot-rpc-commons\src\main\java\net\risedata\rpc\model\ListenerResponse.java,30
JDK:java.base:N/A:N/A,ClassOrInterfaceType,java.lang.String,String,C:\Users\tyin363\Documents\repos\risesoft-y9__DataFlow-Engine\y9-module-dataflow\risenet-y9boot-rpc-commons\src\main\java\net\risedata\rpc\utils\MethodUtils.java,76
,FieldAccessExpr,net.risedata.rpc.Task.ScheduleTask,taskS,C:\Users\tyin363\Documents\repos\risesoft-y9__DataFlow-Engine\y9-module-dataflow\risenet-y9boot-rpc-commons\src\main\java\net\risedata\rpc\Task\ScheduleTask.java,65
JDK:java.base:N/A:N/A,MethodCallExpr,java.lang.String,equals,C:\Users\tyin363\Documents\repos\risesoft-y9__DataFlow-Engine\y9-module-dataflow\risenet-y9boot-rpc-commons\src\main\java\net\risedata\rpc\utils\AntPathMatcher.java,101
,ClassOrInterfaceType,net.risedata.rpc.model.Msg,Msg,C:\Users\tyin363\Documents\repos\risesoft-y9__DataFlow-Engine\y9-module-dataflow\risenet-y9boot-rpc-commons\src\main\java\net\risedata\rpc\coder\MsgEncoder.java,27
,NameExpr,net.risedata.rpc.queue.TaskQueue,q,C:\Users\tyin363\Documents\repos\risesoft-y9__DataFlow-Engine\y9-module-dataflow\risenet-y9boot-rpc-commons\src\main\java\net\risedata\rpc\queue\TaskQueue.java,44
,NameExpr,net.risedata.rpc.service.patientia.FixedExecutorService,executorService,C:\Users\tyin363\Documents\repos\risesoft-y9__DataFlow-Engine\y9-module-dataflow\risenet-y9boot-rpc-commons\src\main\java\net\risedata\rpc\service\patientia\FixedExecutorService.java,41
,MethodCallExpr,net.risedata.rpc.utils.AntPathMatcher,doMatch,C:\Users\tyin363\Documents\repos\risesoft-y9__DataFlow-Engine\y9-module-dataflow\risenet-y9boot-rpc-commons\src\main\java\net\risedata\rpc\utils\AntPathMatcher.java,39
JDK:java.base:N/A:N/A,ClassOrInterfaceType,java.lang.String,String,C:\Users\tyin363\Documents\repos\risesoft-y9__DataFlow-Engine\y9-module-dataflow\risenet-y9boot-rpc-commons\src\main\java\net\risedata\rpc\utils\StringUtils.java,394
,FieldAccessExpr,net.risedata.rpc.factory.model.ReturnType,returnType,C:\Users\tyin363\Documents\repos\risesoft-y9__DataFlow-Engine\y9-module-dataflow\risenet-y9boot-rpc-commons\src\main\java\net\risedata\rpc\factory\model\ReturnType.java,40
JDK:java.base:N/A:N/A,ClassOrInterfaceType,java.io.FileFilter,FileFilter,C:\Users\tyin363\Documents\repos\risesoft-y9__DataFlow-Engine\y9-module-dataflow\risenet-y9boot-rpc-commons\src\main\java\net\risedata\rpc\utils\ClassTools.java,140
JDK:java.base:N/A:N/A,ClassOrInterfaceType,java.lang.Runnable,Runnable,C:\Users\tyin363\Documents\repos\risesoft-y9__DataFlow-Engine\y9-module-dataflow\risenet-y9boot-rpc-commons\src\main\java\net\risedata\rpc\service\patientia\FixedExecutorService.java,29
JDK:java.base:N/A:N/A,ClassOrInterfaceType,java.lang.String,String,C:\Users\tyin363\Documents\repos\risesoft-y9__DataFlow-Engine\y9-module-dataflow\risenet-y9boot-rpc-commons\src\main\java\net\risedata\rpc\model\Response.java,40
JDK:java.base:N/A:N/A,ClassOrInterfaceType,java.lang.Class,Class,C:\Users\tyin363\Documents\repos\risesoft-y9__DataFlow-Engine\y9-module-dataflow\risenet-y9boot-rpc-commons\src\main\java\net\risedata\rpc\utils\LParameter.java,14
,FieldAccessExpr,net.risedata.rpc.Task.ScheduleTask,taskS,C:\Users\tyin363\Documents\repos\risesoft-y9__DataFlow-Engine\y9-module-dataflow\risenet-y9boot-rpc-commons\src\main\java\net\risedata\rpc\Task\ScheduleTask.java,67
JDK:java.base:N/A:N/A,MethodCallExpr,java.lang.String,trim,C:\Users\tyin363\Documents\repos\risesoft-y9__DataFlow-Engine\y9-module-dataflow\risenet-y9boot-rpc-commons\src\main\java\net\risedata\rpc\utils\StringUtils.java,381
JDK:java.base:N/A:N/A,MethodCallExpr,java.lang.String,length,C:\Users\tyin363\Documents\repos\risesoft-y9__DataFlow-Engine\y9-module-dataflow\risenet-y9boot-rpc-commons\src\main\java\net\risedata\rpc\utils\StringUtils.java,105
,NameExpr,net.risedata.rpc.utils.KeyLock,keys,C:\Users\tyin363\Documents\repos\risesoft-y9__DataFlow-Engine\y9-module-dataflow\risenet-y9boot-rpc-commons\src\main\java\net\risedata\rpc\utils\KeyLock.java,24
,MethodCallExpr,net.risedata.rpc.utils.StringUtils,join,C:\Users\tyin363\Documents\repos\risesoft-y9__DataFlow-Engine\y9-module-dataflow\risenet-y9boot-rpc-commons\src\main\java\net\risedata\rpc\utils\StringUtils.java,186
JDK:java.base:N/A:N/A,ObjectCreationExpr,java.util.concurrent.LinkedBlockingQueue,LinkedBlockingQueue,C:\Users\tyin363\Documents\repos\risesoft-y9__DataFlow-Engine\y9-module-dataflow\risenet-y9boot-rpc-commons\src\main\java\net\risedata\rpc\service\patientia\FixedExecutorService.java,24
JDK:java.base:N/A:N/A,ClassOrInterfaceType,java.lang.String,String,C:\Users\tyin363\Documents\repos\risesoft-y9__DataFlow-Engine\y9-module-dataflow\risenet-y9boot-rpc-commons\src\main\java\net\risedata\rpc\utils\LParameter.java,87
JDK:java.base:N/A:N/A,MethodCallExpr,java.lang.StringBuilder,toString,C:\Users\tyin363\Documents\repos\risesoft-y9__DataFlow-Engine\y9-module-dataflow\risenet-y9boot-rpc-commons\src\main\java\net\risedata\rpc\utils\StringUtils.java,170
io.netty:netty-common:jar:4.1.101.Final,FieldAccessExpr,io.netty.util.CharsetUtil,UTF_8,C:\Users\tyin363\Documents\repos\risesoft-y9__DataFlow-Engine\y9-module-dataflow\risenet-y9boot-rpc-commons\src\main\java\net\risedata\rpc\model\Request.java,56
JDK:java.base:N/A:N/A,MethodCallExpr,java.util.ArrayList,clear,C:\Users\tyin363\Documents\repos\risesoft-y9__DataFlow-Engine\y9-module-dataflow\risenet-y9boot-rpc-commons\src\main\java\net\risedata\rpc\Task\ScheduleTask.java,65
,FieldAccessExpr,net.risedata.rpc.utils.AntPathMatcher,pathSeparator,C:\Users\tyin363\Documents\repos\risesoft-y9__DataFlow-Engine\y9-module-dataflow\risenet-y9boot-rpc-commons\src\main\java\net\risedata\rpc\utils\AntPathMatcher.java,362
,NameExpr,net.risedata.rpc.utils.KeyLock,createLock,C:\Users\tyin363\Documents\repos\risesoft-y9__DataFlow-Engine\y9-module-dataflow\risenet-y9boot-rpc-commons\src\main\java\net\risedata\rpc\utils\KeyLock.java,23
JDK:java.base:N/A:N/A,MethodCallExpr,java.lang.reflect.Executable,getParameters,C:\Users\tyin363\Documents\repos\risesoft-y9__DataFlow-Engine\y9-module-dataflow\risenet-y9boot-rpc-commons\src\main\java\net\risedata\rpc\utils\MethodUtils.java,34
JDK:java.base:N/A:N/A,MethodCallExpr,java.util.Iterator,next,C:\Users\tyin363\Documents\repos\risesoft-y9__DataFlow-Engine\y9-module-dataflow\risenet-y9boot-rpc-commons\src\main\java\net\risedata\rpc\utils\StringUtils.java,436
,FieldAccessExpr,net.risedata.rpc.factory.model.ReturnType,isGenericity,C:\Users\tyin363\Documents\repos\risesoft-y9__DataFlow-Engine\y9-module-dataflow\risenet-y9boot-rpc-commons\src\main\java\net\risedata\rpc\factory\model\ReturnType.java,172
,NameExpr,net.risedata.rpc.queue.TaskQueue,q,C:\Users\tyin363\Documents\repos\risesoft-y9__DataFlow-Engine\y9-module-dataflow\risenet-y9boot-rpc-commons\src\main\java\net\risedata\rpc\queue\TaskQueue.java,42
JDK:java.base:N/A:N/A,MethodCallExpr,java.lang.String,equals,C:\Users\tyin363\Documents\repos\risesoft-y9__DataFlow-Engine\y9-module-dataflow\risenet-y9boot-rpc-commons\src\main\java\net\risedata\rpc\utils\AntPathMatcher.java,169
,NameExpr,net.risedata.rpc.utils.StringUtils,DEFAULT_QUOTE_CHAR,C:\Users\tyin363\Documents\repos\risesoft-y9__DataFlow-Engine\y9-module-dataflow\risenet-y9boot-rpc-commons\src\main\java\net\risedata\rpc\utils\StringUtils.java,312
JDK:java.base:N/A:N/A,ClassOrInterfaceType,java.lang.String,String,C:\Users\tyin363\Documents\repos\risesoft-y9__DataFlow-Engine\y9-module-dataflow\risenet-y9boot-rpc-commons\src\main\java\net\risedata\rpc\model\Request.java,114
io.netty:netty-buffer:jar:4.1.101.Final,MethodCallExpr,io.netty.buffer.ByteBuf,readInt,C:\Users\tyin363\Documents\repos\risesoft-y9__DataFlow-Engine\y9-module-dataflow\risenet-y9boot-rpc-commons\src\main\java\net\risedata\rpc\coder\MsgDecoder.java,30
JDK:java.base:N/A:N/A,MethodCallExpr,java.lang.String,lastIndexOf,C:\Users\tyin363\Documents\repos\risesoft-y9__DataFlow-Engine\y9-module-dataflow\risenet-y9boot-rpc-commons\src\main\java\net\risedata\rpc\factory\ReturnTypeFactory.java,42
JDK:java.base:N/A:N/A,ClassOrInterfaceType,java.lang.String,String,C:\Users\tyin363\Documents\repos\risesoft-y9__DataFlow-Engine\y9-module-dataflow\risenet-y9boot-rpc-commons\src\main\java\net\risedata\rpc\factory\ReturnTypeFactory.java,26
,NameExpr,net.risedata.rpc.utils.LParameter,isPath,C:\Users\tyin363\Documents\repos\risesoft-y9__DataFlow-Engine\y9-module-dataflow\risenet-y9boot-rpc-commons\src\main\java\net\risedata\rpc\utils\LParameter.java,30
JDK:java.base:N/A:N/A,MethodCallExpr,java.util.Enumeration,nextElement,C:\Users\tyin363\Documents\repos\risesoft-y9__DataFlow-Engine\y9-module-dataflow\risenet-y9boot-rpc-commons\src\main\java\net\risedata\rpc\utils\ClassTools.java,49
JDK:java.base:N/A:N/A,MethodCallExpr,java.lang.String,toLowerCase,C:\Users\tyin363\Documents\repos\risesoft-y9__DataFlow-Engine\y9-module-dataflow\risenet-y9boot-rpc-commons\src\main\java\net\risedata\rpc\utils\StringUtils.java,105
,NameExpr,net.risedata.rpc.queue.TaskQueue,q,C:\Users\tyin363\Documents\repos\risesoft-y9__DataFlow-Engine\y9-module-dataflow\risenet-y9boot-rpc-commons\src\main\java\net\risedata\rpc\queue\TaskQueue.java,43
,MethodCallExpr,net.risedata.rpc.utils.StringUtils,split,C:\Users\tyin363\Documents\repos\risesoft-y9__DataFlow-Engine\y9-module-dataflow\risenet-y9boot-rpc-commons\src\main\java\net\risedata\rpc\utils\StringUtils.java,320
JDK:java.base:N/A:N/A,ClassOrInterfaceType,java.lang.String,String,C:\Users\tyin363\Documents\repos\risesoft-y9__DataFlow-Engine\y9-module-dataflow\risenet-y9boot-rpc-commons\src\main\java\net\risedata\rpc\utils\StringUtils.java,263
JDK:java.base:N/A:N/A,MethodCallExpr,java.lang.Object,toString,C:\Users\tyin363\Documents\repos\risesoft-y9__DataFlow-Engine\y9-module-dataflow\risenet-y9boot-rpc-commons\src\main\java\net\risedata\rpc\utils\StringUtils.java,423
com.alibaba:fastjson:jar:2.0.57,MethodCallExpr,com.alibaba.fastjson.JSON,parseObject,C:\Users\tyin363\Documents\repos\risesoft-y9__DataFlow-Engine\y9-module-dataflow\risenet-y9boot-rpc-commons\src\main\java\net\risedata\rpc\model\Request.java,56
,NameExpr,net.risedata.rpc.utils.LParameter,annotations,C:\Users\tyin363\Documents\repos\risesoft-y9__DataFlow-Engine\y9-module-dataflow\risenet-y9boot-rpc-commons\src\main\java\net\risedata\rpc\utils\LParameter.java,60
JDK:java.base:N/A:N/A,ClassOrInterfaceType,java.lang.Class,Class,C:\Users\tyin363\Documents\repos\risesoft-y9__DataFlow-Engine\y9-module-dataflow\risenet-y9boot-rpc-commons\src\main\java\net\risedata\rpc\factory\model\ReturnType.java,91
,NameExpr,net.risedata.rpc.model.Msg,length,C:\Users\tyin363\Documents\repos\risesoft-y9__DataFlow-Engine\y9-module-dataflow\risenet-y9boot-rpc-commons\src\main\java\net\risedata\rpc\model\Msg.java,39
JDK:java.base:N/A:N/A,ObjectCreationExpr,java.util.ArrayList,ArrayList,C:\Users\tyin363\Documents\repos\risesoft-y9__DataFlow-Engine\y9-module-dataflow\risenet-y9boot-rpc-commons\src\main\java\net\risedata\rpc\utils\StringUtils.java,350
JDK:java.base:N/A:N/A,ClassOrInterfaceType,java.lang.String,String,C:\Users\tyin363\Documents\repos\risesoft-y9__DataFlow-Engine\y9-module-dataflow\risenet-y9boot-rpc-commons\src\main\java\net\risedata\rpc\utils\StringUtils.java,126
JDK:java.base:N/A:N/A,MethodCallExpr,java.lang.String,equals,C:\Users\tyin363\Documents\repos\risesoft-y9__DataFlow-Engine\y9-module-dataflow\risenet-y9boot-rpc-commons\src\main\java\net\risedata\rpc\utils\StringUtils.java,107
JDK:java.base:N/A:N/A,ClassOrInterfaceType,java.lang.String,String,C:\Users\tyin363\Documents\repos\risesoft-y9__DataFlow-Engine\y9-module-dataflow\risenet-y9boot-rpc-commons\src\main\java\net\risedata\rpc\utils\ClassTools.java,51
JDK:java.base:N/A:N/A,MethodCallExpr,java.lang.String,toLowerCase,C:\Users\tyin363\Documents\repos\risesoft-y9__DataFlow-Engine\y9-module-dataflow\risenet-y9boot-rpc-commons\src\main\java\net\risedata\rpc\utils\StringUtils.java,106
JDK:java.base:N/A:N/A,MethodCallExpr,java.lang.String,indexOf,C:\Users\tyin363\Documents\repos\risesoft-y9__DataFlow-Engine\y9-module-dataflow\risenet-y9boot-rpc-commons\src\main\java\net\risedata\rpc\factory\ReturnTypeFactory.java,47
JDK:java.base:N/A:N/A,ClassOrInterfaceType,java.lang.Integer,Integer,C:\Users\tyin363\Documents\repos\risesoft-y9__DataFlow-Engine\y9-module-dataflow\risenet-y9boot-rpc-commons\src\main\java\net\risedata\rpc\model\ListenerResponse.java,15
,MethodCallExpr,net.risedata.rpc.utils.ClassTools,findAndAddClassesInPackageByFile,C:\Users\tyin363\Documents\repos\risesoft-y9__DataFlow-Engine\y9-module-dataflow\risenet-y9boot-rpc-commons\src\main\java\net\risedata\rpc\utils\ClassTools.java,151
JDK:java.base:N/A:N/A,ClassOrInterfaceType,java.util.List,List,C:\Users\tyin363\Documents\repos\risesoft-y9__DataFlow-Engine\y9-module-dataflow\risenet-y9boot-rpc-commons\src\main\java\net\risedata\rpc\utils\ClassTools.java,131
JDK:java.base:N/A:N/A,ClassOrInterfaceType,java.lang.String,String,C:\Users\tyin363\Documents\repos\risesoft-y9__DataFlow-Engine\y9-module-dataflow\risenet-y9boot-rpc-commons\src\main\java\net\risedata\rpc\model\Msg.java,37
,NameExpr,net.risedata.rpc.utils.LParameter,annotations,C:\Users\tyin363\Documents\repos\risesoft-y9__DataFlow-Engine\y9-module-dataflow\risenet-y9boot-rpc-commons\src\main\java\net\risedata\rpc\utils\LParameter.java,59
JDK:java.base:N/A:N/A,MethodCallExpr,java.lang.String,substring,C:\Users\tyin363\Documents\repos\risesoft-y9__DataFlow-Engine\y9-module-dataflow\risenet-y9boot-rpc-commons\src\main\java\net\risedata\rpc\utils\StringUtils.java,105
io.netty:netty-transport:jar:4.1.101.Final,ClassOrInterfaceType,io.netty.channel.ChannelHandlerContext,ChannelHandlerContext,C:\Users\tyin363\Documents\repos\risesoft-y9__DataFlow-Engine\y9-module-dataflow\risenet-y9boot-rpc-commons\src\main\java\net\risedata\rpc\coder\MsgEncoder.java,27
JDK:java.base:N/A:N/A,MethodCallExpr,java.lang.Character,isWhitespace,C:\Users\tyin363\Documents\repos\risesoft-y9__DataFlow-Engine\y9-module-dataflow\risenet-y9boot-rpc-commons\src\main\java\net\risedata\rpc\utils\StringUtils.java,57
,FieldAccessExpr,net.risedata.rpc.factory.model.ReturnType,returnType,C:\Users\tyin363\Documents\repos\risesoft-y9__DataFlow-Engine\y9-module-dataflow\risenet-y9boot-rpc-commons\src\main\java\net\risedata\rpc\factory\model\ReturnType.java,102
JDK:java.base:N/A:N/A,ClassOrInterfaceType,java.util.Timer,Timer,C:\Users\tyin363\Documents\repos\risesoft-y9__DataFlow-Engine\y9-module-dataflow\risenet-y9boot-rpc-commons\src\main\java\net\risedata\rpc\Task\ScheduleTask.java,33
JDK:java.base:N/A:N/A,MethodCallExpr,java.io.File,isDirectory,C:\Users\tyin363\Documents\repos\risesoft-y9__DataFlow-Engine\y9-module-dataflow\risenet-y9boot-rpc-commons\src\main\java\net\risedata\rpc\utils\ClassTools.java,150
JDK:java.base:N/A:N/A,ClassOrInterfaceType,java.lang.Class,Class,C:\Users\tyin363\Documents\repos\risesoft-y9__DataFlow-Engine\y9-module-dataflow\risenet-y9boot-rpc-commons\src\main\java\net\risedata\rpc\factory\model\ReturnType.java,90
JDK:java.base:N/A:N/A,MethodCallExpr,java.util.concurrent.ThreadPoolExecutor,execute,C:\Users\tyin363\Documents\repos\risesoft-y9__DataFlow-Engine\y9-module-dataflow\risenet-y9boot-rpc-commons\src\main\java\net\risedata\rpc\service\patientia\FixedExecutorService.java,30
,NameExpr,net.risedata.rpc.service.patientia.FixedExecutorService,executorService,C:\Users\tyin363\Documents\repos\risesoft-y9__DataFlow-Engine\y9-module-dataflow\risenet-y9boot-rpc-commons\src\main\java\net\risedata\rpc\service\patientia\FixedExecutorService.java,36
JDK:java.base:N/A:N/A,ClassOrInterfaceType,java.lang.String,String,C:\Users\tyin363\Documents\repos\risesoft-y9__DataFlow-Engine\y9-module-dataflow\risenet-y9boot-rpc-commons\src\main\java\net\risedata\rpc\utils\StringUtils.java,389
,NameExpr,net.risedata.rpc.utils.LParameter,annotations,C:\Users\tyin363\Documents\repos\risesoft-y9__DataFlow-Engine\y9-module-dataflow\risenet-y9boot-rpc-commons\src\main\java\net\risedata\rpc\utils\LParameter.java,58
JDK:java.base:N/A:N/A,ClassOrInterfaceType,java.lang.Object,Object,C:\Users\tyin363\Documents\repos\risesoft-y9__DataFlow-Engine\y9-module-dataflow\risenet-y9boot-rpc-commons\src\main\java\net\risedata\rpc\queue\TaskQueue.java,16
,NameExpr,net.risedata.rpc.Task.ScheduleTask,taskS,C:\Users\tyin363\Documents\repos\risesoft-y9__DataFlow-Engine\y9-module-dataflow\risenet-y9boot-rpc-commons\src\main\java\net\risedata\rpc\Task\ScheduleTask.java,22
JDK:java.base:N/A:N/A,MethodCallExpr,java.util.Iterator,hasNext,C:\Users\tyin363\Documents\repos\risesoft-y9__DataFlow-Engine\y9-module-dataflow\risenet-y9boot-rpc-commons\src\main\java\net\risedata\rpc\utils\StringUtils.java,432
JDK:java.base:N/A:N/A,MethodCallExpr,java.lang.Throwable,printStackTrace,C:\Users\tyin363\Documents\repos\risesoft-y9__DataFlow-Engine\y9-module-dataflow\risenet-y9boot-rpc-commons\src\main\java\net\risedata\rpc\queue\TaskQueue.java,64
JDK:java.base:N/A:N/A,MethodCallExpr,java.util.Timer,cancel,C:\Users\tyin363\Documents\repos\risesoft-y9__DataFlow-Engine\y9-module-dataflow\risenet-y9boot-rpc-commons\src\main\java\net\risedata\rpc\Task\ScheduleTask.java,66
,NameExpr,net.risedata.rpc.model.Response,status,C:\Users\tyin363\Documents\repos\risesoft-y9__DataFlow-Engine\y9-module-dataflow\risenet-y9boot-rpc-commons\src\main\java\net\risedata\rpc\model\Response.java,78
JDK:java.base:N/A:N/A,ObjectCreationExpr,java.util.StringTokenizer,StringTokenizer,C:\Users\tyin363\Documents\repos\risesoft-y9__DataFlow-Engine\y9-module-dataflow\risenet-y9boot-rpc-commons\src\main\java\net\risedata\rpc\utils\StringUtils.java,238
JDK:java.base:N/A:N/A,MethodCallExpr,java.lang.StringBuilder,toString,C:\Users\tyin363\Documents\repos\risesoft-y9__DataFlow-Engine\y9-module-dataflow\risenet-y9boot-rpc-commons\src\main\java\net\risedata\rpc\utils\AntPathMatcher.java,367
JDK:java.base:N/A:N/A,ClassOrInterfaceType,java.lang.String,String,C:\Users\tyin363\Documents\repos\risesoft-y9__DataFlow-Engine\y9-module-dataflow\risenet-y9boot-rpc-commons\src\main\java\net\risedata\rpc\utils\AntPathMatcher.java,53
,NameExpr,net.risedata.rpc.Task.ScheduleTask,taskS,C:\Users\tyin363\Documents\repos\risesoft-y9__DataFlow-Engine\y9-module-dataflow\risenet-y9boot-rpc-commons\src\main\java\net\risedata\rpc\Task\ScheduleTask.java,21
JDK:java.base:N/A:N/A,MethodCallExpr,java.lang.String,trim,C:\Users\tyin363\Documents\repos\risesoft-y9__DataFlow-Engine\y9-module-dataflow\risenet-y9boot-rpc-commons\src\main\java\net\risedata\rpc\utils\StringUtils.java,243
JDK:java.base:N/A:N/A,ClassOrInterfaceType,java.lang.Class,Class,C:\Users\tyin363\Documents\repos\risesoft-y9__DataFlow-Engine\y9-module-dataflow\risenet-y9boot-rpc-commons\src\main\java\net\risedata\rpc\utils\ClassTools.java,171
,MethodCallExpr,net.risedata.rpc.model.Response,toBytes,C:\Users\tyin363\Documents\repos\risesoft-y9__DataFlow-Engine\y9-module-dataflow\risenet-y9boot-rpc-commons\src\main\java\net\risedata\rpc\model\Response.java,96
,NameExpr,net.risedata.rpc.utils.KeyLock,keys,C:\Users\tyin363\Documents\repos\risesoft-y9__DataFlow-Engine\y9-module-dataflow\risenet-y9boot-rpc-commons\src\main\java\net\risedata\rpc\utils\KeyLock.java,21
,NameExpr,net.risedata.rpc.model.Request,type,C:\Users\tyin363\Documents\repos\risesoft-y9__DataFlow-Engine\y9-module-dataflow\risenet-y9boot-rpc-commons\src\main\java\net\risedata\rpc\model\Request.java,64
JDK:java.base:N/A:N/A,MethodCallExpr,java.util.Arrays,asList,C:\Users\tyin363\Documents\repos\risesoft-y9__DataFlow-Engine\y9-module-dataflow\risenet-y9boot-rpc-commons\src\main\java\net\risedata\rpc\model\Request.java,81
JDK:java.base:N/A:N/A,ClassOrInterfaceType,java.lang.Long,Long,C:\Users\tyin363\Documents\repos\risesoft-y9__DataFlow-Engine\y9-module-dataflow\risenet-y9boot-rpc-commons\src\main\java\net\risedata\rpc\Task\ScheduleTask.java,30
JDK:java.base:N/A:N/A,MethodCallExpr,java.util.List,add,C:\Users\tyin363\Documents\repos\risesoft-y9__DataFlow-Engine\y9-module-dataflow\risenet-y9boot-rpc-commons\src\main\java\net\risedata\rpc\utils\ClassTools.java,157
io.netty:netty-common:jar:4.1.101.Final,FieldAccessExpr,io.netty.util.CharsetUtil,UTF_8,C:\Users\tyin363\Documents\repos\risesoft-y9__DataFlow-Engine\y9-module-dataflow\risenet-y9boot-rpc-commons\src\main\java\net\risedata\rpc\model\Response.java,49
JDK:java.base:N/A:N/A,ClassOrInterfaceType,java.lang.String,String,C:\Users\tyin363\Documents\repos\risesoft-y9__DataFlow-Engine\y9-module-dataflow\risenet-y9boot-rpc-commons\src\main\java\net\risedata\rpc\utils\LClassLoader.java,18
JDK:java.base:N/A:N/A,MethodCallExpr,java.lang.reflect.Parameter,getName,C:\Users\tyin363\Documents\repos\risesoft-y9__DataFlow-Engine\y9-module-dataflow\risenet-y9boot-rpc-commons\src\main\java\net\risedata\rpc\utils\MethodUtils.java,63
,MethodCallExpr,net.risedata.rpc.utils.AntPathMatcher,matchStrings,C:\Users\tyin363\Documents\repos\risesoft-y9__DataFlow-Engine\y9-module-dataflow\risenet-y9boot-rpc-commons\src\main\java\net\risedata\rpc\utils\AntPathMatcher.java,152
,NameExpr,net.risedata.rpc.factory.model.ReturnType,returnType,C:\Users\tyin363\Documents\repos\risesoft-y9__DataFlow-Engine\y9-module-dataflow\risenet-y9boot-rpc-commons\src\main\java\net\risedata\rpc\factory\model\ReturnType.java,91
JDK:java.base:N/A:N/A,ClassOrInterfaceType,java.lang.Runnable,Runnable,C:\Users\tyin363\Documents\repos\risesoft-y9__DataFlow-Engine\y9-module-dataflow\risenet-y9boot-rpc-commons\src\main\java\net\risedata\rpc\queue\TaskQueue.java,14
,ObjectCreationExpr,net.risedata.rpc.model.Response,Response,C:\Users\tyin363\Documents\repos\risesoft-y9__DataFlow-Engine\y9-module-dataflow\risenet-y9boot-rpc-commons\src\main\java\net\risedata\rpc\model\Response.java,31
JDK:java.base:N/A:N/A,ClassOrInterfaceType,java.lang.String,String,C:\Users\tyin363\Documents\repos\risesoft-y9__DataFlow-Engine\y9-module-dataflow\risenet-y9boot-rpc-commons\src\main\java\net\risedata\rpc\utils\StringUtils.java,127
JDK:java.base:N/A:N/A,ObjectCreationExpr,java.lang.String,String,C:\Users\tyin363\Documents\repos\risesoft-y9__DataFlow-Engine\y9-module-dataflow\risenet-y9boot-rpc-commons\src\main\java\net\risedata\rpc\model\Response.java,40
JDK:java.base:N/A:N/A,MethodCallExpr,java.lang.String,lastIndexOf,C:\Users\tyin363\Documents\repos\risesoft-y9__DataFlow-Engine\y9-module-dataflow\risenet-y9boot-rpc-commons\src\main\java\net\risedata\rpc\utils\ClassTools.java,79
,NameExpr,net.risedata.rpc.factory.model.ReturnType,index,C:\Users\tyin363\Documents\repos\risesoft-y9__DataFlow-Engine\y9-module-dataflow\risenet-y9boot-rpc-commons\src\main\java\net\risedata\rpc\factory\model\ReturnType.java,74
JDK:java.base:N/A:N/A,ClassOrInterfaceType,java.lang.String,String,C:\Users\tyin363\Documents\repos\risesoft-y9__DataFlow-Engine\y9-module-dataflow\risenet-y9boot-rpc-commons\src\main\java\net\risedata\rpc\utils\StringUtils.java,106
JDK:java.base:N/A:N/A,ClassOrInterfaceType,java.lang.StringBuilder,StringBuilder,C:\Users\tyin363\Documents\repos\risesoft-y9__DataFlow-Engine\y9-module-dataflow\risenet-y9boot-rpc-commons\src\main\java\net\risedata\rpc\utils\StringUtils.java,163
JDK:java.base:N/A:N/A,ClassOrInterfaceType,java.lang.String,String,C:\Users\tyin363\Documents\repos\risesoft-y9__DataFlow-Engine\y9-module-dataflow\risenet-y9boot-rpc-commons\src\main\java\net\risedata\rpc\utils\AntPathMatcher.java,38
JDK:java.base:N/A:N/A,ClassOrInterfaceType,java.lang.Class,Class,C:\Users\tyin363\Documents\repos\risesoft-y9__DataFlow-Engine\y9-module-dataflow\risenet-y9boot-rpc-commons\src\main\java\net\risedata\rpc\utils\MethodUtils.java,29
JDK:java.base:N/A:N/A,ClassOrInterfaceType,java.util.ArrayList,ArrayList,C:\Users\tyin363\Documents\repos\risesoft-y9__DataFlow-Engine\y9-module-dataflow\risenet-y9boot-rpc-commons\src\main\java\net\risedata\rpc\utils\StringUtils.java,350
JDK:java.base:N/A:N/A,ClassOrInterfaceType,java.lang.StringBuilder,StringBuilder,C:\Users\tyin363\Documents\repos\risesoft-y9__DataFlow-Engine\y9-module-dataflow\risenet-y9boot-rpc-commons\src\main\java\net\risedata\rpc\utils\StringUtils.java,427
,FieldAccessExpr,net.risedata.rpc.utils.LParameter,required,C:\Users\tyin363\Documents\repos\risesoft-y9__DataFlow-Engine\y9-module-dataflow\risenet-y9boot-rpc-commons\src\main\java\net\risedata\rpc\utils\LParameter.java,51
,ObjectCreationExpr,net.risedata.rpc.utils.ClassTools.Anonymous-f70a7834-e7f9-422f-9525-58ef6a4f28da,Anonymous-f70a7834-e7f9-422f-9525-58ef6a4f28da,C:\Users\tyin363\Documents\repos\risesoft-y9__DataFlow-Engine\y9-module-dataflow\risenet-y9boot-rpc-commons\src\main\java\net\risedata\rpc\utils\ClassTools.java,140
JDK:java.base:N/A:N/A,ClassOrInterfaceType,java.lang.String,String,C:\Users\tyin363\Documents\repos\risesoft-y9__DataFlow-Engine\y9-module-dataflow\risenet-y9boot-rpc-commons\src\main\java\net\risedata\rpc\exceptions\ConfigException.java,5
,NameExpr,net.risedata.rpc.utils.StringUtils,DEFAULT_DELIMITER_CHAR,C:\Users\tyin363\Documents\repos\risesoft-y9__DataFlow-Engine\y9-module-dataflow\risenet-y9boot-rpc-commons\src\main\java\net\risedata\rpc\utils\StringUtils.java,308
JDK:java.base:N/A:N/A,MethodCallExpr,java.util.ArrayList,toArray,C:\Users\tyin363\Documents\repos\risesoft-y9__DataFlow-Engine\y9-module-dataflow\risenet-y9boot-rpc-commons\src\main\java\net\risedata\rpc\Task\ScheduleTask.java,44
,MethodCallExpr,net.risedata.rpc.factory.ReturnTypeFactory,findT,C:\Users\tyin363\Documents\repos\risesoft-y9__DataFlow-Engine\y9-module-dataflow\risenet-y9boot-rpc-commons\src\main\java\net\risedata\rpc\factory\ReturnTypeFactory.java,45
JDK:java.base:N/A:N/A,ClassOrInterfaceType,java.lang.String,String,C:\Users\tyin363\Documents\repos\risesoft-y9__DataFlow-Engine\y9-module-dataflow\risenet-y9boot-rpc-commons\src\main\java\net\risedata\rpc\utils\StringUtils.java,105
JDK:java.base:N/A:N/A,ObjectCreationExpr,java.util.ArrayList,ArrayList,C:\Users\tyin363\Documents\repos\risesoft-y9__DataFlow-Engine\y9-module-dataflow\risenet-y9boot-rpc-commons\src\main\java\net\risedata\rpc\utils\StringUtils.java,239
io.netty:netty-buffer:jar:4.1.101.Final,MethodCallExpr,io.netty.buffer.ByteBuf,writeInt,C:\Users\tyin363\Documents\repos\risesoft-y9__DataFlow-Engine\y9-module-dataflow\risenet-y9boot-rpc-commons\src\main\java\net\risedata\rpc\coder\MsgEncoder.java,28
,NameExpr,net.risedata.rpc.model.Response,SUCCESS,C:\Users\tyin363\Documents\repos\risesoft-y9__DataFlow-Engine\y9-module-dataflow\risenet-y9boot-rpc-commons\src\main\java\net\risedata\rpc\model\Response.java,70
,NameExpr,net.risedata.rpc.utils.StringUtils,EMPTY_STRING,C:\Users\tyin363\Documents\repos\risesoft-y9__DataFlow-Engine\y9-module-dataflow\risenet-y9boot-rpc-commons\src\main\java\net\risedata\rpc\utils\StringUtils.java,184
JDK:java.base:N/A:N/A,ClassOrInterfaceType,java.net.URL,URL,C:\Users\tyin363\Documents\repos\risesoft-y9__DataFlow-Engine\y9-module-dataflow\risenet-y9boot-rpc-commons\src\main\java\net\risedata\rpc\utils\ClassTools.java,49
,ClassOrInterfaceType,net.risedata.rpc.service.RPCExecutorService,RPCExecutorService,C:\Users\tyin363\Documents\repos\risesoft-y9__DataFlow-Engine\y9-module-dataflow\risenet-y9boot-rpc-commons\src\main\java\net\risedata\rpc\service\patientia\FixedExecutorService.java,16
,NameExpr,net.risedata.rpc.model.Request,id,C:\Users\tyin363\Documents\repos\risesoft-y9__DataFlow-Engine\y9-module-dataflow\risenet-y9boot-rpc-commons\src\main\java\net\risedata\rpc\model\Request.java,128
JDK:java.base:N/A:N/A,MethodCallExpr,java.lang.Class,forName,C:\Users\tyin363\Documents\repos\risesoft-y9__DataFlow-Engine\y9-module-dataflow\risenet-y9boot-rpc-commons\src\main\java\net\risedata\rpc\utils\MethodUtils.java,87
JDK:java.base:N/A:N/A,MethodCallExpr,java.lang.String,equals,C:\Users\tyin363\Documents\repos\risesoft-y9__DataFlow-Engine\y9-module-dataflow\risenet-y9boot-rpc-commons\src\main\java\net\risedata\rpc\utils\ClassTools.java,58
JDK:java.base:N/A:N/A,ClassOrInterfaceType,java.lang.String,String,C:\Users\tyin363\Documents\repos\risesoft-y9__DataFlow-Engine\y9-module-dataflow\risenet-y9boot-rpc-commons\src\main\java\net\risedata\rpc\utils\ClassTools.java,172
,FieldAccessExpr,net.risedata.rpc.model.Request,type,C:\Users\tyin363\Documents\repos\risesoft-y9__DataFlow-Engine\y9-module-dataflow\risenet-y9boot-rpc-commons\src\main\java\net\risedata\rpc\model\Request.java,78
JDK:java.base:N/A:N/A,MethodCallExpr,java.util.Queue,poll,C:\Users\tyin363\Documents\repos\risesoft-y9__DataFlow-Engine\y9-module-dataflow\risenet-y9boot-rpc-commons\src\main\java\net\risedata\rpc\queue\TaskQueue.java,44
JDK:java.base:N/A:N/A,MethodCallExpr,java.lang.StringBuilder,toString,C:\Users\tyin363\Documents\repos\risesoft-y9__DataFlow-Engine\y9-module-dataflow\risenet-y9boot-rpc-commons\src\main\java\net\risedata\rpc\utils\StringUtils.java,441
,NameExpr,net.risedata.rpc.utils.KeyLock,createLock,C:\Users\tyin363\Documents\repos\risesoft-y9__DataFlow-Engine\y9-module-dataflow\risenet-y9boot-rpc-commons\src\main\java\net\risedata\rpc\utils\KeyLock.java,29
JDK:java.base:N/A:N/A,ClassOrInterfaceType,java.lang.annotation.Annotation,Annotation,C:\Users\tyin363\Documents\repos\risesoft-y9__DataFlow-Engine\y9-module-dataflow\risenet-y9boot-rpc-commons\src\main\java\net\risedata\rpc\utils\LParameter.java,75
,NameExpr,net.risedata.rpc.utils.LParameter,required,C:\Users\tyin363\Documents\repos\risesoft-y9__DataFlow-Engine\y9-module-dataflow\risenet-y9boot-rpc-commons\src\main\java\net\risedata\rpc\utils\LParameter.java,44
,MethodCallExpr,net.risedata.rpc.utils.LParameter,setGeneralType,C:\Users\tyin363\Documents\repos\risesoft-y9__DataFlow-Engine\y9-module-dataflow\risenet-y9boot-rpc-commons\src\main\java\net\risedata\rpc\utils\MethodUtils.java,69
,MethodCallExpr,net.risedata.rpc.utils.StringUtils,clean,C:\Users\tyin363\Documents\repos\risesoft-y9__DataFlow-Engine\y9-module-dataflow\risenet-y9boot-rpc-commons\src\main\java\net\risedata\rpc\utils\StringUtils.java,292
JDK:java.base:N/A:N/A,ObjectCreationExpr,java.util.ArrayList,ArrayList,C:\Users\tyin363\Documents\repos\risesoft-y9__DataFlow-Engine\y9-module-dataflow\risenet-y9boot-rpc-commons\src\main\java\net\risedata\rpc\utils\ClassTools.java,36
JDK:java.base:N/A:N/A,MethodCallExpr,java.lang.String,startsWith,C:\Users\tyin363\Documents\repos\risesoft-y9__DataFlow-Engine\y9-module-dataflow\risenet-y9boot-rpc-commons\src\main\java\net\risedata\rpc\utils\AntPathMatcher.java,54
JDK:java.base:N/A:N/A,ClassOrInterfaceType,java.lang.String,String,C:\Users\tyin363\Documents\repos\risesoft-y9__DataFlow-Engine\y9-module-dataflow\risenet-y9boot-rpc-commons\src\main\java\net\risedata\rpc\utils\ClassTools.java,40
,NameExpr,net.risedata.rpc.factory.model.ReturnType,genericityClass,C:\Users\tyin363\Documents\repos\risesoft-y9__DataFlow-Engine\y9-module-dataflow\risenet-y9boot-rpc-commons\src\main\java\net\risedata\rpc\factory\model\ReturnType.java,74
JDK:java.base:N/A:N/A,ClassOrInterfaceType,java.lang.Integer,Integer,C:\Users\tyin363\Documents\repos\risesoft-y9__DataFlow-Engine\y9-module-dataflow\risenet-y9boot-rpc-commons\src\main\java\net\risedata\rpc\model\ListenerResponse.java,21
JDK:java.base:N/A:N/A,ClassOrInterfaceType,java.lang.String,String,C:\Users\tyin363\Documents\repos\risesoft-y9__DataFlow-Engine\y9-module-dataflow\risenet-y9boot-rpc-commons\src\main\java\net\risedata\rpc\model\Request.java,72
JDK:java.base:N/A:N/A,ClassOrInterfaceType,java.util.ArrayList,ArrayList,C:\Users\tyin363\Documents\repos\risesoft-y9__DataFlow-Engine\y9-module-dataflow\risenet-y9boot-rpc-commons\src\main\java\net\risedata\rpc\Task\ScheduleTask.java,17
,NameExpr,net.risedata.rpc.model.ListenerResponse,status,C:\Users\tyin363\Documents\repos\risesoft-y9__DataFlow-Engine\y9-module-dataflow\risenet-y9boot-rpc-commons\src\main\java\net\risedata\rpc\model\ListenerResponse.java,22
JDK:java.base:N/A:N/A,ClassOrInterfaceType,java.lang.Class,Class,C:\Users\tyin363\Documents\repos\risesoft-y9__DataFlow-Engine\y9-module-dataflow\risenet-y9boot-rpc-commons\src\main\java\net\risedata\rpc\utils\LParameter.java,56
JDK:java.base:N/A:N/A,ClassOrInterfaceType,java.lang.String,String,C:\Users\tyin363\Documents\repos\risesoft-y9__DataFlow-Engine\y9-module-dataflow\risenet-y9boot-rpc-commons\src\main\java\net\risedata\rpc\utils\MethodUtils.java,82
JDK:java.base:N/A:N/A,ClassOrInterfaceType,java.lang.String,String,C:\Users\tyin363\Documents\repos\risesoft-y9__DataFlow-Engine\y9-module-dataflow\risenet-y9boot-rpc-commons\src\main\java\net\risedata\rpc\model\ListenerResponse.java,38
,NameExpr,net.risedata.rpc.service.patientia.FixedExecutorService,executorService,C:\Users\tyin363\Documents\repos\risesoft-y9__DataFlow-Engine\y9-module-dataflow\risenet-y9boot-rpc-commons\src\main\java\net\risedata\rpc\service\patientia\FixedExecutorService.java,30
,FieldAccessExpr,net.risedata.rpc.model.Request,args,C:\Users\tyin363\Documents\repos\risesoft-y9__DataFlow-Engine\y9-module-dataflow\risenet-y9boot-rpc-commons\src\main\java\net\risedata\rpc\model\Request.java,101
,ClassOrInterfaceType,net.risedata.rpc.utils.LParameter,LParameter,C:\Users\tyin363\Documents\repos\risesoft-y9__DataFlow-Engine\y9-module-dataflow\risenet-y9boot-rpc-commons\src\main\java\net\risedata\rpc\utils\MethodUtils.java,29
JDK:java.base:N/A:N/A,ClassOrInterfaceType,java.io.File,File,C:\Users\tyin363\Documents\repos\risesoft-y9__DataFlow-Engine\y9-module-dataflow\risenet-y9boot-rpc-commons\src\main\java\net\risedata\rpc\utils\ClassTools.java,133
,FieldAccessExpr,net.risedata.rpc.factory.model.ReturnType,isReturnTypeClass,C:\Users\tyin363\Documents\repos\risesoft-y9__DataFlow-Engine\y9-module-dataflow\risenet-y9boot-rpc-commons\src\main\java\net\risedata\rpc\factory\model\ReturnType.java,44
,ObjectCreationExpr,net.risedata.rpc.exceptions.ProxyException,ProxyException,C:\Users\tyin363\Documents\repos\risesoft-y9__DataFlow-Engine\y9-module-dataflow\risenet-y9boot-rpc-commons\src\main\java\net\risedata\rpc\factory\ReturnTypeFactory.java,37
JDK:java.base:N/A:N/A,ClassOrInterfaceType,java.lang.String,String,C:\Users\tyin363\Documents\repos\risesoft-y9__DataFlow-Engine\y9-module-dataflow\risenet-y9boot-rpc-commons\src\main\java\net\risedata\rpc\utils\ClassTools.java,41
,NameExpr,net.risedata.rpc.model.Response,message,C:\Users\tyin363\Documents\repos\risesoft-y9__DataFlow-Engine\y9-module-dataflow\risenet-y9boot-rpc-commons\src\main\java\net\risedata\rpc\model\Response.java,105
JDK:java.base:N/A:N/A,ClassOrInterfaceType,java.lang.Class,Class,C:\Users\tyin363\Documents\repos\risesoft-y9__DataFlow-Engine\y9-module-dataflow\risenet-y9boot-rpc-commons\src\main\java\net\risedata\rpc\factory\model\ReturnType.java,72
JDK:java.base:N/A:N/A,ClassOrInterfaceType,java.lang.String,String,C:\Users\tyin363\Documents\repos\risesoft-y9__DataFlow-Engine\y9-module-dataflow\risenet-y9boot-rpc-commons\src\main\java\net\risedata\rpc\utils\MethodUtils.java,81
JDK:java.base:N/A:N/A,ClassOrInterfaceType,java.lang.String,String,C:\Users\tyin363\Documents\repos\risesoft-y9__DataFlow-Engine\y9-module-dataflow\risenet-y9boot-rpc-commons\src\main\java\net\risedata\rpc\utils\AntPathMatcher.java,108
JDK:java.base:N/A:N/A,ClassOrInterfaceType,java.lang.String,String,C:\Users\tyin363\Documents\repos\risesoft-y9__DataFlow-Engine\y9-module-dataflow\risenet-y9boot-rpc-commons\src\main\java\net\risedata\rpc\utils\StringUtils.java,300
,NameExpr,net.risedata.rpc.utils.IdUtils,id,C:\Users\tyin363\Documents\repos\risesoft-y9__DataFlow-Engine\y9-module-dataflow\risenet-y9boot-rpc-commons\src\main\java\net\risedata\rpc\utils\IdUtils.java,24
JDK:java.base:N/A:N/A,MethodCallExpr,java.util.Timer,schedule,C:\Users\tyin363\Documents\repos\risesoft-y9__DataFlow-Engine\y9-module-dataflow\risenet-y9boot-rpc-commons\src\main\java\net\risedata\rpc\Task\ScheduleTask.java,34
JDK:java.base:N/A:N/A,MethodCallExpr,java.lang.Throwable,printStackTrace,C:\Users\tyin363\Documents\repos\risesoft-y9__DataFlow-Engine\y9-module-dataflow\risenet-y9boot-rpc-commons\src\main\java\net\risedata\rpc\utils\ClassTools.java,108
JDK:java.base:N/A:N/A,MethodCallExpr,java.lang.String,equals,C:\Users\tyin363\Documents\repos\risesoft-y9__DataFlow-Engine\y9-module-dataflow\risenet-y9boot-rpc-commons\src\main\java\net\risedata\rpc\utils\AntPathMatcher.java,121
JDK:java.base:N/A:N/A,ClassOrInterfaceType,java.lang.Class,Class,C:\Users\tyin363\Documents\repos\risesoft-y9__DataFlow-Engine\y9-module-dataflow\risenet-y9boot-rpc-commons\src\main\java\net\risedata\rpc\utils\MethodUtils.java,33
JDK:java.base:N/A:N/A,MethodCallExpr,java.lang.Thread,currentThread,C:\Users\tyin363\Documents\repos\risesoft-y9__DataFlow-Engine\y9-module-dataflow\risenet-y9boot-rpc-commons\src\main\java\net\risedata\rpc\utils\ClassTools.java,45
JDK:java.base:N/A:N/A,ClassOrInterfaceType,java.text.ParseException,ParseException,C:\Users\tyin363\Documents\repos\risesoft-y9__DataFlow-Engine\y9-module-dataflow\risenet-y9boot-rpc-commons\src\main\java\net\risedata\rpc\utils\StringUtils.java,301
,FieldAccessExpr,net.risedata.rpc.model.Response,message,C:\Users\tyin363\Documents\repos\risesoft-y9__DataFlow-Engine\y9-module-dataflow\risenet-y9boot-rpc-commons\src\main\java\net\risedata\rpc\model\Response.java,41
JDK:java.base:N/A:N/A,ClassOrInterfaceType,java.lang.String,String,C:\Users\tyin363\Documents\repos\risesoft-y9__DataFlow-Engine\y9-module-dataflow\risenet-y9boot-rpc-commons\src\main\java\net\risedata\rpc\utils\StringUtils.java,233
,NameExpr,net.risedata.rpc.utils.IdUtils,id,C:\Users\tyin363\Documents\repos\risesoft-y9__DataFlow-Engine\y9-module-dataflow\risenet-y9boot-rpc-commons\src\main\java\net\risedata\rpc\utils\IdUtils.java,23
JDK:java.base:N/A:N/A,ObjectCreationExpr,java.util.concurrent.Semaphore,Semaphore,C:\Users\tyin363\Documents\repos\risesoft-y9__DataFlow-Engine\y9-module-dataflow\risenet-y9boot-rpc-commons\src\main\java\net\risedata\rpc\utils\KeyLock.java,26
,NameExpr,net.risedata.rpc.Task.ScheduleTask,timer,C:\Users\tyin363\Documents\repos\risesoft-y9__DataFlow-Engine\y9-module-dataflow\risenet-y9boot-rpc-commons\src\main\java\net\risedata\rpc\Task\ScheduleTask.java,33
JDK:java.base:N/A:N/A,MethodCallExpr,java.util.Map,put,C:\Users\tyin363\Documents\repos\risesoft-y9__DataFlow-Engine\y9-module-dataflow\risenet-y9boot-rpc-commons\src\main\java\net\risedata\rpc\utils\KeyLock.java,27
,FieldAccessExpr,net.risedata.rpc.factory.model.ReturnType,isGenericity,C:\Users\tyin363\Documents\repos\risesoft-y9__DataFlow-Engine\y9-module-dataflow\risenet-y9boot-rpc-commons\src\main\java\net\risedata\rpc\factory\model\ReturnType.java,43
JDK:java.base:N/A:N/A,MethodCallExpr,java.lang.StringBuilder,toString,C:\Users\tyin363\Documents\repos\risesoft-y9__DataFlow-Engine\y9-module-dataflow\risenet-y9boot-rpc-commons\src\main\java\net\risedata\rpc\utils\StringUtils.java,379
,ClassOrInterfaceType,net.risedata.rpc.model.Msg,Msg,C:\Users\tyin363\Documents\repos\risesoft-y9__DataFlow-Engine\y9-module-dataflow\risenet-y9boot-rpc-commons\src\main\java\net\risedata\rpc\model\Request.java,93
JDK:java.base:N/A:N/A,MethodCallExpr,java.lang.String,equals,C:\Users\tyin363\Documents\repos\risesoft-y9__DataFlow-Engine\y9-module-dataflow\risenet-y9boot-rpc-commons\src\main\java\net\risedata\rpc\utils\StringUtils.java,131
JDK:java.base:N/A:N/A,ClassOrInterfaceType,java.lang.String,String,C:\Users\tyin363\Documents\repos\risesoft-y9__DataFlow-Engine\y9-module-dataflow\risenet-y9boot-rpc-commons\src\main\java\net\risedata\rpc\utils\StringUtils.java,232
JDK:java.base:N/A:N/A,ClassOrInterfaceType,java.lang.String,String,C:\Users\tyin363\Documents\repos\risesoft-y9__DataFlow-Engine\y9-module-dataflow\risenet-y9boot-rpc-commons\src\main\java\net\risedata\rpc\exceptions\ProxyException.java,15
,FieldAccessExpr,net.risedata.rpc.model.Response,status,C:\Users\tyin363\Documents\repos\risesoft-y9__DataFlow-Engine\y9-module-dataflow\risenet-y9boot-rpc-commons\src\main\java\net\risedata\rpc\model\Response.java,62
,NameExpr,net.risedata.rpc.utils.IdUtils,id,C:\Users\tyin363\Documents\repos\risesoft-y9__DataFlow-Engine\y9-module-dataflow\risenet-y9boot-rpc-commons\src\main\java\net\risedata\rpc\utils\IdUtils.java,26
,FieldAccessExpr,net.risedata.rpc.model.Response,message,C:\Users\tyin363\Documents\repos\risesoft-y9__DataFlow-Engine\y9-module-dataflow\risenet-y9boot-rpc-commons\src\main\java\net\risedata\rpc\model\Response.java,44
JDK:java.base:N/A:N/A,MethodCallExpr,java.lang.StringBuilder,append,C:\Users\tyin363\Documents\repos\risesoft-y9__DataFlow-Engine\y9-module-dataflow\risenet-y9boot-rpc-commons\src\main\java\net\risedata\rpc\utils\StringUtils.java,476
JDK:java.base:N/A:N/A,ClassOrInterfaceType,java.lang.annotation.Annotation,Annotation,C:\Users\tyin363\Documents\repos\risesoft-y9__DataFlow-Engine\y9-module-dataflow\risenet-y9boot-rpc-commons\src\main\java\net\risedata\rpc\utils\LParameter.java,69
JDK:java.base:N/A:N/A,ClassOrInterfaceType,java.lang.Class,Class,C:\Users\tyin363\Documents\repos\risesoft-y9__DataFlow-Engine\y9-module-dataflow\risenet-y9boot-rpc-commons\src\main\java\net\risedata\rpc\utils\MethodUtils.java,31
io.netty:netty-codec:jar:4.1.101.Final,ClassOrInterfaceType,io.netty.handler.codec.ReplayingDecoder,ReplayingDecoder,C:\Users\tyin363\Documents\repos\risesoft-y9__DataFlow-Engine\y9-module-dataflow\risenet-y9boot-rpc-commons\src\main\java\net\risedata\rpc\coder\MsgDecoder.java,15
JDK:java.base:N/A:N/A,ClassOrInterfaceType,java.util.Iterator,Iterator,C:\Users\tyin363\Documents\repos\risesoft-y9__DataFlow-Engine\y9-module-dataflow\risenet-y9boot-rpc-commons\src\main\java\net\risedata\rpc\utils\StringUtils.java,411
JDK:java.base:N/A:N/A,ClassOrInterfaceType,java.lang.Integer,Integer,C:\Users\tyin363\Documents\repos\risesoft-y9__DataFlow-Engine\y9-module-dataflow\risenet-y9boot-rpc-commons\src\main\java\net\risedata\rpc\model\ListenerResponse.java,25
,NameExpr,net.risedata.rpc.model.ListenerResponse,msg,C:\Users\tyin363\Documents\repos\risesoft-y9__DataFlow-Engine\y9-module-dataflow\risenet-y9boot-rpc-commons\src\main\java\net\risedata\rpc\model\ListenerResponse.java,41
,NameExpr,net.risedata.rpc.Task.ScheduleTask,timer,C:\Users\tyin363\Documents\repos\risesoft-y9__DataFlow-Engine\y9-module-dataflow\risenet-y9boot-rpc-commons\src\main\java\net\risedata\rpc\Task\ScheduleTask.java,34
,NameExpr,net.risedata.rpc.utils.LParameter,isGeneral,C:\Users\tyin363\Documents\repos\risesoft-y9__DataFlow-Engine\y9-module-dataflow\risenet-y9boot-rpc-commons\src\main\java\net\risedata\rpc\utils\LParameter.java,131
JDK:java.base:N/A:N/A,MethodCallExpr,java.lang.Class,isPrimitive,C:\Users\tyin363\Documents\repos\risesoft-y9__DataFlow-Engine\y9-module-dataflow\risenet-y9boot-rpc-commons\src\main\java\net\risedata\rpc\utils\ClassTools.java,172
,NameExpr,net.risedata.rpc.model.Response,ERROR,C:\Users\tyin363\Documents\repos\risesoft-y9__DataFlow-Engine\y9-module-dataflow\risenet-y9boot-rpc-commons\src\main\java\net\risedata\rpc\model\Response.java,74
JDK:java.base:N/A:N/A,MethodCallExpr,java.lang.String,charAt,C:\Users\tyin363\Documents\repos\risesoft-y9__DataFlow-Engine\y9-module-dataflow\risenet-y9boot-rpc-commons\src\main\java\net\risedata\rpc\utils\StringUtils.java,356
,MethodCallExpr,net.risedata.rpc.utils.LParameter,setParameterType,C:\Users\tyin363\Documents\repos\risesoft-y9__DataFlow-Engine\y9-module-dataflow\risenet-y9boot-rpc-commons\src\main\java\net\risedata\rpc\utils\MethodUtils.java,67
JDK:java.base:N/A:N/A,MethodCallExpr,java.util.Collection,toArray,C:\Users\tyin363\Documents\repos\risesoft-y9__DataFlow-Engine\y9-module-dataflow\risenet-y9boot-rpc-commons\src\main\java\net\risedata\rpc\utils\StringUtils.java,267
JDK:java.base:N/A:N/A,ClassOrInterfaceType,java.lang.String,String,C:\Users\tyin363\Documents\repos\risesoft-y9__DataFlow-Engine\y9-module-dataflow\risenet-y9boot-rpc-commons\src\main\java\net\risedata\rpc\model\ListenerResponse.java,33
JDK:java.base:N/A:N/A,MethodCallExpr,java.lang.Thread,getId,C:\Users\tyin363\Documents\repos\risesoft-y9__DataFlow-Engine\y9-module-dataflow\risenet-y9boot-rpc-commons\src\main\java\net\risedata\rpc\utils\IdUtils.java,15
JDK:java.base:N/A:N/A,ClassOrInterfaceType,java.lang.Void,Void,C:\Users\tyin363\Documents\repos\risesoft-y9__DataFlow-Engine\y9-module-dataflow\risenet-y9boot-rpc-commons\src\main\java\net\risedata\rpc\factory\model\ReturnType.java,63
,NameExpr,net.risedata.rpc.utils.LParameter,generalType,C:\Users\tyin363\Documents\repos\risesoft-y9__DataFlow-Engine\y9-module-dataflow\risenet-y9boot-rpc-commons\src\main\java\net\risedata\rpc\utils\LParameter.java,107
,ObjectCreationExpr,net.risedata.rpc.utils.LParameter,LParameter,C:\Users\tyin363\Documents\repos\risesoft-y9__DataFlow-Engine\y9-module-dataflow\risenet-y9boot-rpc-commons\src\main\java\net\risedata\rpc\utils\MethodUtils.java,60
JDK:java.base:N/A:N/A,ClassOrInterfaceType,java.lang.String,String,C:\Users\tyin363\Documents\repos\risesoft-y9__DataFlow-Engine\y9-module-dataflow\risenet-y9boot-rpc-commons\src\main\java\net\risedata\rpc\utils\AntPathMatcher.java,30
JDK:java.base:N/A:N/A,MethodCallExpr,java.lang.String,charAt,C:\Users\tyin363\Documents\repos\risesoft-y9__DataFlow-Engine\y9-module-dataflow\risenet-y9boot-rpc-commons\src\main\java\net\risedata\rpc\utils\StringUtils.java,365
,NameExpr,net.risedata.rpc.queue.TaskQueue,isNotify,C:\Users\tyin363\Documents\repos\risesoft-y9__DataFlow-Engine\y9-module-dataflow\risenet-y9boot-rpc-commons\src\main\java\net\risedata\rpc\queue\TaskQueue.java,23
JDK:java.base:N/A:N/A,ClassOrInterfaceType,java.lang.Class,Class,C:\Users\tyin363\Documents\repos\risesoft-y9__DataFlow-Engine\y9-module-dataflow\risenet-y9boot-rpc-commons\src\main\java\net\risedata\rpc\factory\model\ReturnType.java,79
JDK:java.base:N/A:N/A,ClassOrInterfaceType,java.lang.Class,Class,C:\Users\tyin363\Documents\repos\risesoft-y9__DataFlow-Engine\y9-module-dataflow\risenet-y9boot-rpc-commons\src\main\java\net\risedata\rpc\utils\LClassLoader.java,18
JDK:java.base:N/A:N/A,ClassOrInterfaceType,java.text.ParseException,ParseException,C:\Users\tyin363\Documents\repos\risesoft-y9__DataFlow-Engine\y9-module-dataflow\risenet-y9boot-rpc-commons\src\main\java\net\risedata\rpc\utils\StringUtils.java,297
JDK:java.base:N/A:N/A,ClassOrInterfaceType,java.util.List,List,C:\Users\tyin363\Documents\repos\risesoft-y9__DataFlow-Engine\y9-module-dataflow\risenet-y9boot-rpc-commons\src\main\java\net\risedata\rpc\utils\StringUtils.java,350
JDK:java.base:N/A:N/A,ClassOrInterfaceType,java.lang.String,String,C:\Users\tyin363\Documents\repos\risesoft-y9__DataFlow-Engine\y9-module-dataflow\risenet-y9boot-rpc-commons\src\main\java\net\risedata\rpc\utils\StringUtils.java,311
JDK:java.base:N/A:N/A,MethodCallExpr,java.lang.String,length,C:\Users\tyin363\Documents\repos\risesoft-y9__DataFlow-Engine\y9-module-dataflow\risenet-y9boot-rpc-commons\src\main\java\net\risedata\rpc\utils\StringUtils.java,55
,FieldAccessExpr,net.risedata.rpc.utils.LParameter,generalType,C:\Users\tyin363\Documents\repos\risesoft-y9__DataFlow-Engine\y9-module-dataflow\risenet-y9boot-rpc-commons\src\main\java\net\risedata\rpc\utils\LParameter.java,111
,MethodCallExpr,net.risedata.rpc.model.Msg,getLength,C:\Users\tyin363\Documents\repos\risesoft-y9__DataFlow-Engine\y9-module-dataflow\risenet-y9boot-rpc-commons\src\main\java\net\risedata\rpc\coder\MsgEncoder.java,28
,FieldAccessExpr,net.risedata.rpc.model.Request,id,C:\Users\tyin363\Documents\repos\risesoft-y9__DataFlow-Engine\y9-module-dataflow\risenet-y9boot-rpc-commons\src\main\java\net\risedata\rpc\model\Request.java,59
,ClassOrInterfaceType,net.risedata.rpc.factory.model.ReturnType,ReturnType,C:\Users\tyin363\Documents\repos\risesoft-y9__DataFlow-Engine\y9-module-dataflow\risenet-y9boot-rpc-commons\src\main\java\net\risedata\rpc\factory\ReturnTypeFactory.java,61
JDK:java.base:N/A:N/A,ClassOrInterfaceType,java.lang.Class,Class,C:\Users\tyin363\Documents\repos\risesoft-y9__DataFlow-Engine\y9-module-dataflow\risenet-y9boot-rpc-commons\src\main\java\net\risedata\rpc\factory\model\ReturnType.java,12
JDK:java.base:N/A:N/A,ClassOrInterfaceType,java.io.File,File,C:\Users\tyin363\Documents\repos\risesoft-y9__DataFlow-Engine\y9-module-dataflow\risenet-y9boot-rpc-commons\src\main\java\net\risedata\rpc\utils\ClassTools.java,140
,ObjectCreationExpr,net.risedata.rpc.factory.model.ReturnType,ReturnType,C:\Users\tyin363\Documents\repos\risesoft-y9__DataFlow-Engine\y9-module-dataflow\risenet-y9boot-rpc-commons\src\main\java\net\risedata\rpc\factory\ReturnTypeFactory.java,32
,NameExpr,net.risedata.rpc.service.patientia.FixedExecutorService,executorService,C:\Users\tyin363\Documents\repos\risesoft-y9__DataFlow-Engine\y9-module-dataflow\risenet-y9boot-rpc-commons\src\main\java\net\risedata\rpc\service\patientia\FixedExecutorService.java,23
,NameExpr,net.risedata.rpc.utils.IdUtils,id,C:\Users\tyin363\Documents\repos\risesoft-y9__DataFlow-Engine\y9-module-dataflow\risenet-y9boot-rpc-commons\src\main\java\net\risedata\rpc\utils\IdUtils.java,30
JDK:java.base:N/A:N/A,ClassOrInterfaceType,java.lang.String,String,C:\Users\tyin363\Documents\repos\risesoft-y9__DataFlow-Engine\y9-module-dataflow\risenet-y9boot-rpc-commons\src\main\java\net\risedata\rpc\utils\StringUtils.java,182
JDK:java.base:N/A:N/A,MethodCallExpr,java.lang.Throwable,printStackTrace,C:\Users\tyin363\Documents\repos\risesoft-y9__DataFlow-Engine\y9-module-dataflow\risenet-y9boot-rpc-commons\src\main\java\net\risedata\rpc\Task\ScheduleTask.java,57
JDK:java.base:N/A:N/A,MethodCallExpr,java.lang.String,equals,C:\Users\tyin363\Documents\repos\risesoft-y9__DataFlow-Engine\y9-module-dataflow\risenet-y9boot-rpc-commons\src\main\java\net\risedata\rpc\utils\ClassTools.java,53
JDK:java.base:N/A:N/A,MethodCallExpr,java.util.concurrent.ThreadPoolExecutor,getMaximumPoolSize,C:\Users\tyin363\Documents\repos\risesoft-y9__DataFlow-Engine\y9-module-dataflow\risenet-y9boot-rpc-commons\src\main\java\net\risedata\rpc\service\patientia\FixedExecutorService.java,36
JDK:java.base:N/A:N/A,MethodCallExpr,java.util.Map,get,C:\Users\tyin363\Documents\repos\risesoft-y9__DataFlow-Engine\y9-module-dataflow\risenet-y9boot-rpc-commons\src\main\java\net\risedata\rpc\utils\KeyLock.java,21
JDK:java.base:N/A:N/A,ClassOrInterfaceType,java.lang.String,String,C:\Users\tyin363\Documents\repos\risesoft-y9__DataFlow-Engine\y9-module-dataflow\risenet-y9boot-rpc-commons\src\main\java\net\risedata\rpc\utils\ClassTools.java,33
JDK:java.base:N/A:N/A,ClassOrInterfaceType,java.lang.String,String,C:\Users\tyin363\Documents\repos\risesoft-y9__DataFlow-Engine\y9-module-dataflow\risenet-y9boot-rpc-commons\src\main\java\net\risedata\rpc\model\ListenerResponse.java,29
,ClassOrInterfaceType,net.risedata.rpc.factory.model.ReturnType,ReturnType,C:\Users\tyin363\Documents\repos\risesoft-y9__DataFlow-Engine\y9-module-dataflow\risenet-y9boot-rpc-commons\src\main\java\net\risedata\rpc\factory\ReturnTypeFactory.java,58
JDK:java.base:N/A:N/A,MethodCallExpr,java.lang.StringBuilder,append,C:\Users\tyin363\Documents\repos\risesoft-y9__DataFlow-Engine\y9-module-dataflow\risenet-y9boot-rpc-commons\src\main\java\net\risedata\rpc\utils\StringUtils.java,479
JDK:java.base:N/A:N/A,ClassOrInterfaceType,java.lang.annotation.Annotation,Annotation,C:\Users\tyin363\Documents\repos\risesoft-y9__DataFlow-Engine\y9-module-dataflow\risenet-y9boot-rpc-commons\src\main\java\net\risedata\rpc\utils\LParameter.java,15
JDK:java.base:N/A:N/A,ClassOrInterfaceType,java.lang.String,String,C:\Users\tyin363\Documents\repos\risesoft-y9__DataFlow-Engine\y9-module-dataflow\risenet-y9boot-rpc-commons\src\main\java\net\risedata\rpc\utils\StringUtils.java,379
,NameExpr,net.risedata.rpc.factory.model.ReturnType,index,C:\Users\tyin363\Documents\repos\risesoft-y9__DataFlow-Engine\y9-module-dataflow\risenet-y9boot-rpc-commons\src\main\java\net\risedata\rpc\factory\model\ReturnType.java,151
,FieldAccessExpr,net.risedata.rpc.factory.model.ReturnType,returnType,C:\Users\tyin363\Documents\repos\risesoft-y9__DataFlow-Engine\y9-module-dataflow\risenet-y9boot-rpc-commons\src\main\java\net\risedata\rpc\factory\model\ReturnType.java,54
com.alibaba:fastjson:jar:2.0.57,MethodCallExpr,com.alibaba.fastjson.JSON,toJSONString,C:\Users\tyin363\Documents\repos\risesoft-y9__DataFlow-Engine\y9-module-dataflow\risenet-y9boot-rpc-commons\src\main\java\net\risedata\rpc\model\Request.java,105
,ClassOrInterfaceType,net.risedata.rpc.model.Msg,Msg,C:\Users\tyin363\Documents\repos\risesoft-y9__DataFlow-Engine\y9-module-dataflow\risenet-y9boot-rpc-commons\src\main\java\net\risedata\rpc\model\Request.java,91
JDK:java.base:N/A:N/A,ClassOrInterfaceType,java.lang.String,String,C:\Users\tyin363\Documents\repos\risesoft-y9__DataFlow-Engine\y9-module-dataflow\risenet-y9boot-rpc-commons\src\main\java\net\risedata\rpc\utils\AntPathMatcher.java,34
JDK:java.base:N/A:N/A,ClassOrInterfaceType,java.math.BigDecimal,BigDecimal,C:\Users\tyin363\Documents\repos\risesoft-y9__DataFlow-Engine\y9-module-dataflow\risenet-y9boot-rpc-commons\src\main\java\net\risedata\rpc\utils\ClassTools.java,172
JDK:java.base:N/A:N/A,MethodCallExpr,java.util.StringTokenizer,hasMoreTokens,C:\Users\tyin363\Documents\repos\risesoft-y9__DataFlow-Engine\y9-module-dataflow\risenet-y9boot-rpc-commons\src\main\java\net\risedata\rpc\utils\StringUtils.java,240
,NameExpr,net.risedata.rpc.factory.model.ReturnType,index,C:\Users\tyin363\Documents\repos\risesoft-y9__DataFlow-Engine\y9-module-dataflow\risenet-y9boot-rpc-commons\src\main\java\net\risedata\rpc\factory\model\ReturnType.java,78
JDK:java.base:N/A:N/A,MethodCallExpr,java.util.concurrent.ThreadPoolExecutor,getPoolSize,C:\Users\tyin363\Documents\repos\risesoft-y9__DataFlow-Engine\y9-module-dataflow\risenet-y9boot-rpc-commons\src\main\java\net\risedata\rpc\service\patientia\FixedExecutorService.java,61
JDK:java.base:N/A:N/A,MethodCallExpr,java.lang.String,replace,C:\Users\tyin363\Documents\repos\risesoft-y9__DataFlow-Engine\y9-module-dataflow\risenet-y9boot-rpc-commons\src\main\java\net\risedata\rpc\utils\ClassTools.java,41
JDK:java.base:N/A:N/A,ClassOrInterfaceType,java.lang.String,String,C:\Users\tyin363\Documents\repos\risesoft-y9__DataFlow-Engine\y9-module-dataflow\risenet-y9boot-rpc-commons\src\main\java\net\risedata\rpc\model\Request.java,123
,NameExpr,net.risedata.rpc.factory.model.ReturnType,isReturnTypeClass,C:\Users\tyin363\Documents\repos\risesoft-y9__DataFlow-Engine\y9-module-dataflow\risenet-y9boot-rpc-commons\src\main\java\net\risedata\rpc\factory\model\ReturnType.java,95
,ClassOrInterfaceType,net.risedata.rpc.factory.model.ReturnType,ReturnType,C:\Users\tyin363\Documents\repos\risesoft-y9__DataFlow-Engine\y9-module-dataflow\risenet-y9boot-rpc-commons\src\main\java\net\risedata\rpc\factory\ReturnTypeFactory.java,64
JDK:java.base:N/A:N/A,MethodCallExpr,java.lang.Throwable,printStackTrace,C:\Users\tyin363\Documents\repos\risesoft-y9__DataFlow-Engine\y9-module-dataflow\risenet-y9boot-rpc-commons\src\main\java\net\risedata\rpc\utils\ClassTools.java,100
JDK:java.base:N/A:N/A,ClassOrInterfaceType,java.lang.reflect.Method,Method,C:\Users\tyin363\Documents\repos\risesoft-y9__DataFlow-Engine\y9-module-dataflow\risenet-y9boot-rpc-commons\src\main\java\net\risedata\rpc\factory\ReturnTypeFactory.java,74
,ObjectCreationExpr,net.risedata.rpc.model.Request,Request,C:\Users\tyin363\Documents\repos\risesoft-y9__DataFlow-Engine\y9-module-dataflow\risenet-y9boot-rpc-commons\src\main\java\net\risedata\rpc\model\Request.java,43
JDK:java.base:N/A:N/A,ClassOrInterfaceType,java.lang.Class,Class,C:\Users\tyin363\Documents\repos\risesoft-y9__DataFlow-Engine\y9-module-dataflow\risenet-y9boot-rpc-commons\src\main\java\net\risedata\rpc\factory\ReturnTypeFactory.java,27
JDK:java.base:N/A:N/A,ClassOrInterfaceType,java.lang.String,String,C:\Users\tyin363\Documents\repos\risesoft-y9__DataFlow-Engine\y9-module-dataflow\risenet-y9boot-rpc-commons\src\main\java\net\risedata\rpc\factory\ReturnTypeFactory.java,74
,MethodCallExpr,net.risedata.rpc.utils.AntPathMatcher,matchStrings,C:\Users\tyin363\Documents\repos\risesoft-y9__DataFlow-Engine\y9-module-dataflow\risenet-y9boot-rpc-commons\src\main\java\net\risedata\rpc\utils\AntPathMatcher.java,72
JDK:java.base:N/A:N/A,ClassOrInterfaceType,java.lang.Long,Long,C:\Users\tyin363\Documents\repos\risesoft-y9__DataFlow-Engine\y9-module-dataflow\risenet-y9boot-rpc-commons\src\main\java\net\risedata\rpc\model\Request.java,109
,MethodCallExpr,net.risedata.rpc.utils.StringUtils,hasLength,C:\Users\tyin363\Documents\repos\risesoft-y9__DataFlow-Engine\y9-module-dataflow\risenet-y9boot-rpc-commons\src\main\java\net\risedata\rpc\utils\StringUtils.java,52
JDK:java.base:N/A:N/A,ClassOrInterfaceType,java.lang.String,String,C:\Users\tyin363\Documents\repos\risesoft-y9__DataFlow-Engine\y9-module-dataflow\risenet-y9boot-rpc-commons\src\main\java\net\risedata\rpc\utils\StringUtils.java,241
JDK:java.base:N/A:N/A,ClassOrInterfaceType,java.lang.String,String,C:\Users\tyin363\Documents\repos\risesoft-y9__DataFlow-Engine\y9-module-dataflow\risenet-y9boot-rpc-commons\src\main\java\net\risedata\rpc\utils\StringUtils.java,307
,NameExpr,net.risedata.rpc.factory.model.ReturnType,index,C:\Users\tyin363\Documents\repos\risesoft-y9__DataFlow-Engine\y9-module-dataflow\risenet-y9boot-rpc-commons\src\main\java\net\risedata\rpc\factory\model\ReturnType.java,79
JDK:java.base:N/A:N/A,ObjectCreationExpr,java.lang.StringBuilder,StringBuilder,C:\Users\tyin363\Documents\repos\risesoft-y9__DataFlow-Engine\y9-module-dataflow\risenet-y9boot-rpc-commons\src\main\java\net\risedata\rpc\utils\StringUtils.java,384
,NameExpr,net.risedata.rpc.utils.KeyLock,keys,C:\Users\tyin363\Documents\repos\risesoft-y9__DataFlow-Engine\y9-module-dataflow\risenet-y9boot-rpc-commons\src\main\java\net\risedata\rpc\utils\KeyLock.java,36
JDK:java.base:N/A:N/A,MethodCallExpr,java.util.Arrays,toString,C:\Users\tyin363\Documents\repos\risesoft-y9__DataFlow-Engine\y9-module-dataflow\risenet-y9boot-rpc-commons\src\main\java\net\risedata\rpc\model\Msg.java,40
JDK:java.base:N/A:N/A,MethodCallExpr,java.lang.String,charAt,C:\Users\tyin363\Documents\repos\risesoft-y9__DataFlow-Engine\y9-module-dataflow\risenet-y9boot-rpc-commons\src\main\java\net\risedata\rpc\utils\StringUtils.java,362
JDK:java.base:N/A:N/A,MethodCallExpr,java.lang.Class,getName,C:\Users\tyin363\Documents\repos\risesoft-y9__DataFlow-Engine\y9-module-dataflow\risenet-y9boot-rpc-commons\src\main\java\net\risedata\rpc\utils\MethodUtils.java,40
JDK:java.base:N/A:N/A,ClassOrInterfaceType,java.lang.Object,Object,C:\Users\tyin363\Documents\repos\risesoft-y9__DataFlow-Engine\y9-module-dataflow\risenet-y9boot-rpc-commons\src\main\java\net\risedata\rpc\utils\StringUtils.java,421
JDK:java.base:N/A:N/A,ObjectCreationExpr,java.lang.Thread,Thread,C:\Users\tyin363\Documents\repos\risesoft-y9__DataFlow-Engine\y9-module-dataflow\risenet-y9boot-rpc-commons\src\main\java\net\risedata\rpc\queue\TaskQueue.java,34
JDK:java.base:N/A:N/A,MethodCallExpr,java.io.File,listFiles,C:\Users\tyin363\Documents\repos\risesoft-y9__DataFlow-Engine\y9-module-dataflow\risenet-y9boot-rpc-commons\src\main\java\net\risedata\rpc\utils\ClassTools.java,140
JDK:java.base:N/A:N/A,ClassOrInterfaceType,java.lang.Class,Class,C:\Users\tyin363\Documents\repos\risesoft-y9__DataFlow-Engine\y9-module-dataflow\risenet-y9boot-rpc-commons\src\main\java\net\risedata\rpc\factory\model\ReturnType.java,74
,NameExpr,net.risedata.rpc.factory.model.ReturnType,genericityClass,C:\Users\tyin363\Documents\repos\risesoft-y9__DataFlow-Engine\y9-module-dataflow\risenet-y9boot-rpc-commons\src\main\java\net\risedata\rpc\factory\model\ReturnType.java,77
,FieldAccessExpr,net.risedata.rpc.factory.model.ReturnType,index,C:\Users\tyin363\Documents\repos\risesoft-y9__DataFlow-Engine\y9-module-dataflow\risenet-y9boot-rpc-commons\src\main\java\net\risedata\rpc\factory\model\ReturnType.java,158
JDK:java.base:N/A:N/A,MethodCallExpr,java.lang.Object,wait,C:\Users\tyin363\Documents\repos\risesoft-y9__DataFlow-Engine\y9-module-dataflow\risenet-y9boot-rpc-commons\src\main\java\net\risedata\rpc\queue\TaskQueue.java,61
,NameExpr,net.risedata.rpc.model.Request,url,C:\Users\tyin363\Documents\repos\risesoft-y9__DataFlow-Engine\y9-module-dataflow\risenet-y9boot-rpc-commons\src\main\java\net\risedata\rpc\model\Request.java,125
JDK:java.base:N/A:N/A,MethodCallExpr,java.lang.StringBuilder,toString,C:\Users\tyin363\Documents\repos\risesoft-y9__DataFlow-Engine\y9-module-dataflow\risenet-y9boot-rpc-commons\src\main\java\net\risedata\rpc\utils\StringUtils.java,389
JDK:java.base:N/A:N/A,ClassOrInterfaceType,java.lang.Object,Object,C:\Users\tyin363\Documents\repos\risesoft-y9__DataFlow-Engine\y9-module-dataflow\risenet-y9boot-rpc-commons\src\main\java\net\risedata\rpc\Task\ScheduleTask.java,51
com.alibaba:fastjson:jar:2.0.57,MethodCallExpr,com.alibaba.fastjson.JSON,parseObject,C:\Users\tyin363\Documents\repos\risesoft-y9__DataFlow-Engine\y9-module-dataflow\risenet-y9boot-rpc-commons\src\main\java\net\risedata\rpc\model\Response.java,40
,NameExpr,net.risedata.rpc.queue.TaskQueue,o,C:\Users\tyin363\Documents\repos\risesoft-y9__DataFlow-Engine\y9-module-dataflow\risenet-y9boot-rpc-commons\src\main\java\net\risedata\rpc\queue\TaskQueue.java,61
,MethodCallExpr,net.risedata.rpc.utils.LParameter,setAnnotations,C:\Users\tyin363\Documents\repos\risesoft-y9__DataFlow-Engine\y9-module-dataflow\risenet-y9boot-rpc-commons\src\main\java\net\risedata\rpc\utils\MethodUtils.java,68
JDK:java.base:N/A:N/A,ObjectCreationExpr,java.util.concurrent.ConcurrentHashMap,ConcurrentHashMap,C:\Users\tyin363\Documents\repos\risesoft-y9__DataFlow-Engine\y9-module-dataflow\risenet-y9boot-rpc-commons\src\main\java\net\risedata\rpc\utils\KeyLock.java,16
JDK:java.base:N/A:N/A,ObjectCreationExpr,java.util.concurrent.Semaphore,Semaphore,C:\Users\tyin363\Documents\repos\risesoft-y9__DataFlow-Engine\y9-module-dataflow\risenet-y9boot-rpc-commons\src\main\java\net\risedata\rpc\utils\KeyLock.java,18
,NameExpr,net.risedata.rpc.model.Request,args,C:\Users\tyin363\Documents\repos\risesoft-y9__DataFlow-Engine\y9-module-dataflow\risenet-y9boot-rpc-commons\src\main\java\net\risedata\rpc\model\Request.java,97
,NameExpr,net.risedata.rpc.queue.TaskQueue,isNotify,C:\Users\tyin363\Documents\repos\risesoft-y9__DataFlow-Engine\y9-module-dataflow\risenet-y9boot-rpc-commons\src\main\java\net\risedata\rpc\queue\TaskQueue.java,25
com.alibaba:fastjson:jar:2.0.57,MethodCallExpr,com.alibaba.fastjson.JSONObject,getInteger,C:\Users\tyin363\Documents\repos\risesoft-y9__DataFlow-Engine\y9-module-dataflow\risenet-y9boot-rpc-commons\src\main\java\net\risedata\rpc\model\Request.java,60
,ClassOrInterfaceType,net.risedata.rpc.exceptions.ConfigException,ConfigException,C:\Users\tyin363\Documents\repos\risesoft-y9__DataFlow-Engine\y9-module-dataflow\risenet-y9boot-rpc-commons\src\main\java\net\risedata\rpc\utils\MethodUtils.java,89
JDK:java.base:N/A:N/A,ClassOrInterfaceType,java.lang.StringBuilder,StringBuilder,C:\Users\tyin363\Documents\repos\risesoft-y9__DataFlow-Engine\y9-module-dataflow\risenet-y9boot-rpc-commons\src\main\java\net\risedata\rpc\utils\AntPathMatcher.java,344
JDK:java.base:N/A:N/A,ClassOrInterfaceType,java.net.URL,URL,C:\Users\tyin363\Documents\repos\risesoft-y9__DataFlow-Engine\y9-module-dataflow\risenet-y9boot-rpc-commons\src\main\java\net\risedata\rpc\utils\ClassTools.java,43
,MethodCallExpr,net.risedata.rpc.utils.StringUtils,tokenizeToStringArray,C:\Users\tyin363\Documents\repos\risesoft-y9__DataFlow-Engine\y9-module-dataflow\risenet-y9boot-rpc-commons\src\main\java\net\risedata\rpc\utils\AntPathMatcher.java,341
JDK:java.base:N/A:N/A,MethodCallExpr,java.lang.Throwable,printStackTrace,C:\Users\tyin363\Documents\repos\risesoft-y9__DataFlow-Engine\y9-module-dataflow\risenet-y9boot-rpc-commons\src\main\java\net\risedata\rpc\utils\ClassTools.java,165
,FieldAccessExpr,net.risedata.rpc.factory.model.ReturnType,returnType,C:\Users\tyin363\Documents\repos\risesoft-y9__DataFlow-Engine\y9-module-dataflow\risenet-y9boot-rpc-commons\src\main\java\net\risedata\rpc\factory\model\ReturnType.java,116
,NameExpr,net.risedata.rpc.factory.model.ReturnType,isClass,C:\Users\tyin363\Documents\repos\risesoft-y9__DataFlow-Engine\y9-module-dataflow\risenet-y9boot-rpc-commons\src\main\java\net\risedata\rpc\factory\model\ReturnType.java,79
,NameExpr,net.risedata.rpc.queue.TaskQueue,isNotify,C:\Users\tyin363\Documents\repos\risesoft-y9__DataFlow-Engine\y9-module-dataflow\risenet-y9boot-rpc-commons\src\main\java\net\risedata\rpc\queue\TaskQueue.java,26
,MethodCallExpr,net.risedata.rpc.Task.Task,run,C:\Users\tyin363\Documents\repos\risesoft-y9__DataFlow-Engine\y9-module-dataflow\risenet-y9boot-rpc-commons\src\main\java\net\risedata\rpc\Task\ScheduleTask.java,55
JDK:java.base:N/A:N/A,MethodCallExpr,java.util.concurrent.Semaphore,acquireUninterruptibly,C:\Users\tyin363\Documents\repos\risesoft-y9__DataFlow-Engine\y9-module-dataflow\risenet-y9boot-rpc-commons\src\main\java\net\risedata\rpc\utils\KeyLock.java,23
JDK:java.base:N/A:N/A,ClassOrInterfaceType,java.lang.Object,Object,C:\Users\tyin363\Documents\repos\risesoft-y9__DataFlow-Engine\y9-module-dataflow\risenet-y9boot-rpc-commons\src\main\java\net\risedata\rpc\utils\StringUtils.java,159
JDK:java.base:N/A:N/A,ClassOrInterfaceType,java.lang.StringBuilder,StringBuilder,C:\Users\tyin363\Documents\repos\risesoft-y9__DataFlow-Engine\y9-module-dataflow\risenet-y9boot-rpc-commons\src\main\java\net\risedata\rpc\utils\StringUtils.java,351
,NameExpr,net.risedata.rpc.factory.model.ReturnType,genericityClass,C:\Users\tyin363\Documents\repos\risesoft-y9__DataFlow-Engine\y9-module-dataflow\risenet-y9boot-rpc-commons\src\main\java\net\risedata\rpc\factory\model\ReturnType.java,79
