Library_Name,Symbol_Type,Class_Name,Symbol_Name,Usage_Location,Line_Number
com.baomidou:mybatis-plus-jsqlparser-4.9:jar:3.5.12,ClassOrInterfaceType,com.baomidou.mybatisplus.extension.plugins.handler.TenantLineHandler,TenantLineHandler,C:\Users\tyin363\Documents\repos\chillzhuang__blade-tool\blade-starter-mybatis\src\main\java\org\springblade\core\mp\config\MybatisPlusConfiguration.java,62
JDK:java.base:N/A:N/A,ClassOrInterfaceType,java.lang.String,String,C:\Users\tyin363\Documents\repos\chillzhuang__blade-tool\blade-starter-mybatis\src\main\java\org\springblade\core\mp\support\Condition.java,46
JDK:java.base:N/A:N/A,ClassOrInterfaceType,java.lang.String,String,C:\Users\tyin363\Documents\repos\chillzhuang__blade-tool\blade-starter-mybatis\src\main\java\org\springblade\core\mp\support\Query.java,50
com.baomidou:mybatis-plus-core:jar:3.5.12,ClassOrInterfaceType,com.baomidou.mybatisplus.core.mapper.BaseMapper,BaseMapper,C:\Users\tyin363\Documents\repos\chillzhuang__blade-tool\blade-starter-mybatis\src\main\java\org\springblade\core\mp\base\BaseServiceImpl.java,44
CLIENT:client-code:N/A:N/A,MethodReferenceExpr,org.springblade.core.mp.support.BaseEntityWrapper,entityVO,C:\Users\tyin363\Documents\repos\chillzhuang__blade-tool\blade-starter-mybatis\src\main\java\org\springblade\core\mp\support\BaseEntityWrapper.java,46
JDK:java.base:N/A:N/A,ClassOrInterfaceType,java.lang.String,String,C:\Users\tyin363\Documents\repos\chillzhuang__blade-tool\blade-starter-mybatis\src\main\java\org\springblade\core\mp\support\SqlKeyword.java,74
JDK:java.base:N/A:N/A,ClassOrInterfaceType,java.lang.String,String,C:\Users\tyin363\Documents\repos\chillzhuang__blade-tool\blade-starter-mybatis\src\main\java\org\springblade\core\mp\support\SqlKeyword.java,140
org.springblade:blade-core-tool:jar:4.6.0,FieldAccessExpr,org.springblade.core.tool.utils.StringPool,EMPTY,C:\Users\tyin363\Documents\repos\chillzhuang__blade-tool\blade-starter-mybatis\src\main\java\org\springblade\core\mp\support\SqlKeyword.java,147
com.alibaba:druid:jar:1.2.25,ClassOrInterfaceType,com.alibaba.druid.proxy.jdbc.StatementProxy,StatementProxy,C:\Users\tyin363\Documents\repos\chillzhuang__blade-tool\blade-starter-mybatis\src\main\java\org\springblade\core\mp\plugins\SqlLogInterceptor.java,133
,NameExpr,io.swagger.v3.oas.annotations.media.Schema.AccessMode,READ_ONLY,C:\Users\tyin363\Documents\repos\chillzhuang__blade-tool\blade-starter-mybatis\src\main\java\org\springblade\core\mp\support\Query.java,55
CLIENT:client-code:N/A:N/A,ClassOrInterfaceType,org.springblade.core.mp.support.Query,Query,C:\Users\tyin363\Documents\repos\chillzhuang__blade-tool\blade-starter-mybatis\src\main\java\org\springblade\core\mp\support\Condition.java,43
CLIENT:client-code:N/A:N/A,MethodCallExpr,org.springblade.core.mp.support.SqlKeyword,getColumn,C:\Users\tyin363\Documents\repos\chillzhuang__blade-tool\blade-starter-mybatis\src\main\java\org\springblade\core\mp\support\SqlKeyword.java,91
org.springblade:blade-core-tool:jar:4.6.0,MethodCallExpr,org.springblade.core.tool.utils.DateUtil,now,C:\Users\tyin363\Documents\repos\chillzhuang__blade-tool\blade-starter-mybatis\src\main\java\org\springblade\core\mp\base\BaseServiceImpl.java,117
com.baomidou:mybatis-plus-core:jar:3.5.12,ClassOrInterfaceType,com.baomidou.mybatisplus.core.conditions.query.QueryWrapper,QueryWrapper,C:\Users\tyin363\Documents\repos\chillzhuang__blade-tool\blade-starter-mybatis\src\main\java\org\springblade\core\mp\support\Condition.java,92
com.alibaba:druid:jar:1.2.25,MethodCallExpr,com.alibaba.druid.proxy.jdbc.StatementProxy,setLastExecuteTimeNano,C:\Users\tyin363\Documents\repos\chillzhuang__blade-tool\blade-starter-mybatis\src\main\java\org\springblade\core\mp\plugins\SqlLogInterceptor.java,84
com.baomidou:mybatis-plus-core:jar:3.5.12,MethodCallExpr,com.baomidou.mybatisplus.core.metadata.IPage,setRecords,C:\Users\tyin363\Documents\repos\chillzhuang__blade-tool\blade-starter-mybatis\src\main\java\org\springblade\core\mp\support\BaseEntityWrapper.java,58
JDK:java.base:N/A:N/A,ClassOrInterfaceType,java.lang.String,String,C:\Users\tyin363\Documents\repos\chillzhuang__blade-tool\blade-starter-mybatis\src\main\java\org\springblade\core\mp\support\Condition.java,45
org.mybatis:mybatis:jar:3.5.19,ClassOrInterfaceType,org.apache.ibatis.mapping.BoundSql,BoundSql,C:\Users\tyin363\Documents\repos\chillzhuang__blade-tool\blade-starter-mybatis\src\main\java\org\springblade\core\mp\plugins\QueryInterceptorExecutor.java,41
JDK:java.base:N/A:N/A,MethodCallExpr,java.lang.String,endsWith,C:\Users\tyin363\Documents\repos\chillzhuang__blade-tool\blade-starter-mybatis\src\main\java\org\springblade\core\mp\support\SqlKeyword.java,104
org.springblade:blade-core-tool:jar:4.6.0,MethodCallExpr,org.springblade.core.tool.utils.Func,hasEmpty,C:\Users\tyin363\Documents\repos\chillzhuang__blade-tool\blade-starter-mybatis\src\main\java\org\springblade\core\mp\support\SqlKeyword.java,79
JDK:java.base:N/A:N/A,ClassOrInterfaceType,java.lang.Class,Class,C:\Users\tyin363\Documents\repos\chillzhuang__blade-tool\blade-starter-mybatis\src\main\java\org\springblade\core\mp\support\Condition.java,90
JDK:java.base:N/A:N/A,ClassOrInterfaceType,java.lang.String,String,C:\Users\tyin363\Documents\repos\chillzhuang__blade-tool\blade-starter-mybatis\src\main\java\org\springblade\core\mp\plugins\SqlLogInterceptor.java,53
,ClassOrInterfaceType,com.baomidou.mybatisplus.autoconfigure.MybatisPlusProperties.CoreConfiguration,CoreConfiguration,C:\Users\tyin363\Documents\repos\chillzhuang__blade-tool\blade-starter-mybatis\src\main\java\org\springblade\core\mp\config\MybatisPlusConfiguration.java,117
com.alibaba:druid:jar:1.2.25,MethodCallExpr,com.alibaba.druid.proxy.jdbc.DataSourceProxy,getDbType,C:\Users\tyin363\Documents\repos\chillzhuang__blade-tool\blade-starter-mybatis\src\main\java\org\springblade\core\mp\plugins\SqlLogInterceptor.java,116
com.github.jsqlparser:jsqlparser:jar:4.9,ClassOrInterfaceType,net.sf.jsqlparser.expression.Expression,Expression,C:\Users\tyin363\Documents\repos\chillzhuang__blade-tool\blade-starter-mybatis\src\main\java\org\springblade\core\mp\config\MybatisPlusConfiguration.java,64
,ClassOrInterfaceType,com.alibaba.druid.sql.SQLUtils.FormatOption,FormatOption,C:\Users\tyin363\Documents\repos\chillzhuang__blade-tool\blade-starter-mybatis\src\main\java\org\springblade\core\mp\plugins\SqlLogInterceptor.java,49
JDK:java.base:N/A:N/A,ClassOrInterfaceType,java.lang.String,String,C:\Users\tyin363\Documents\repos\chillzhuang__blade-tool\blade-starter-mybatis\src\main\java\org\springblade\core\mp\support\SqlKeyword.java,142
com.baomidou:mybatis-plus-core:jar:3.5.12,MethodCallExpr,com.baomidou.mybatisplus.core.conditions.interfaces.Compare,notLike,C:\Users\tyin363\Documents\repos\chillzhuang__blade-tool\blade-starter-mybatis\src\main\java\org\springblade\core\mp\support\SqlKeyword.java,93
CLIENT:client-code:N/A:N/A,NameExpr,org.springblade.core.mp.plugins.SqlLogInterceptor,FORMAT_OPTION,C:\Users\tyin363\Documents\repos\chillzhuang__blade-tool\blade-starter-mybatis\src\main\java\org\springblade\core\mp\plugins\SqlLogInterceptor.java,117
CLIENT:client-code:N/A:N/A,NameExpr,org.springblade.core.mp.support.SqlKeyword,GT,C:\Users\tyin363\Documents\repos\chillzhuang__blade-tool\blade-starter-mybatis\src\main\java\org\springblade\core\mp\support\SqlKeyword.java,98
com.baomidou:mybatis-plus-core:jar:3.5.12,MethodCallExpr,com.baomidou.mybatisplus.core.metadata.IPage,getRecords,C:\Users\tyin363\Documents\repos\chillzhuang__blade-tool\blade-starter-mybatis\src\main\java\org\springblade\core\mp\support\BaseEntityWrapper.java,56
CLIENT:client-code:N/A:N/A,ClassOrInterfaceType,org.springblade.core.mp.props.MybatisPlusProperties,MybatisPlusProperties,C:\Users\tyin363\Documents\repos\chillzhuang__blade-tool\blade-starter-mybatis\src\main\java\org\springblade\core\mp\config\MybatisPlusConfiguration.java,107
JDK:java.base:N/A:N/A,ClassOrInterfaceType,java.lang.Long,Long,C:\Users\tyin363\Documents\repos\chillzhuang__blade-tool\blade-starter-mybatis\src\main\java\org\springblade\core\mp\base\BaseEntity.java,47
CLIENT:client-code:N/A:N/A,ClassOrInterfaceType,org.springblade.core.mp.base.BaseService,BaseService,C:\Users\tyin363\Documents\repos\chillzhuang__blade-tool\blade-starter-mybatis\src\main\java\org\springblade\core\mp\base\BaseServiceImpl.java,44
JDK:java.base:N/A:N/A,ClassOrInterfaceType,java.lang.Object,Object,C:\Users\tyin363\Documents\repos\chillzhuang__blade-tool\blade-starter-mybatis\src\main\java\org\springblade\core\mp\intercept\QueryInterceptor.java,44
CLIENT:client-code:N/A:N/A,ClassOrInterfaceType,org.springblade.core.mp.plugins.BladePaginationInterceptor,BladePaginationInterceptor,C:\Users\tyin363\Documents\repos\chillzhuang__blade-tool\blade-starter-mybatis\src\main\java\org\springblade\core\mp\config\MybatisPlusConfiguration.java,87
com.baomidou:mybatis-plus-core:jar:3.5.12,MethodCallExpr,com.baomidou.mybatisplus.core.conditions.interfaces.Compare,eq,C:\Users\tyin363\Documents\repos\chillzhuang__blade-tool\blade-starter-mybatis\src\main\java\org\springblade\core\mp\base\BaseServiceImpl.java,87
com.baomidou:mybatis-plus-jsqlparser-4.9:jar:3.5.12,ClassOrInterfaceType,com.baomidou.mybatisplus.extension.plugins.inner.TenantLineInnerInterceptor,TenantLineInnerInterceptor,C:\Users\tyin363\Documents\repos\chillzhuang__blade-tool\blade-starter-mybatis\src\main\java\org\springblade\core\mp\config\MybatisPlusConfiguration.java,60
JDK:java.base:N/A:N/A,ClassOrInterfaceType,java.lang.String,String,C:\Users\tyin363\Documents\repos\chillzhuang__blade-tool\blade-starter-mybatis\src\main\java\org\springblade\core\mp\plugins\SqlLogInterceptor.java,83
CLIENT:client-code:N/A:N/A,MethodCallExpr,org.springblade.core.mp.support.SqlKeyword,getColumn,C:\Users\tyin363\Documents\repos\chillzhuang__blade-tool\blade-starter-mybatis\src\main\java\org\springblade\core\mp\support\SqlKeyword.java,93
JDK:java.base:N/A:N/A,ClassOrInterfaceType,java.lang.String,String,C:\Users\tyin363\Documents\repos\chillzhuang__blade-tool\blade-starter-mybatis\src\main\java\org\springblade\core\mp\plugins\SqlLogInterceptor.java,116
org.springblade:blade-core-tool:jar:4.6.0,FieldAccessExpr,org.springblade.core.tool.constant.BladeConstant,DB_NOT_DELETED,C:\Users\tyin363\Documents\repos\chillzhuang__blade-tool\blade-starter-mybatis\src\main\java\org\springblade\core\mp\base\BaseServiceImpl.java,108
CLIENT:client-code:N/A:N/A,MethodCallExpr,org.springblade.core.mp.intercept.QueryInterceptor,intercept,C:\Users\tyin363\Documents\repos\chillzhuang__blade-tool\blade-starter-mybatis\src\main\java\org\springblade\core\mp\plugins\QueryInterceptorExecutor.java,46
org.springblade:blade-core-launch:jar:4.6.0,FieldAccessExpr,org.springblade.core.launch.constant.TokenConstant,HEADER,C:\Users\tyin363\Documents\repos\chillzhuang__blade-tool\blade-starter-mybatis\src\main\java\org\springblade\core\mp\support\Condition.java,76
com.alibaba:druid:jar:1.2.25,MethodCallExpr,com.alibaba.druid.proxy.jdbc.StatementProxy,getConnectionProxy,C:\Users\tyin363\Documents\repos\chillzhuang__blade-tool\blade-starter-mybatis\src\main\java\org\springblade\core\mp\plugins\SqlLogInterceptor.java,116
org.springblade:blade-core-secure:jar:4.6.0,MethodCallExpr,org.springblade.core.secure.BladeUser,getUserId,C:\Users\tyin363\Documents\repos\chillzhuang__blade-tool\blade-starter-mybatis\src\main\java\org\springblade\core\mp\base\BaseServiceImpl.java,98
com.baomidou:mybatis-plus-extension:jar:3.5.12,ClassOrInterfaceType,com.baomidou.mybatisplus.extension.plugins.pagination.Page,Page,C:\Users\tyin363\Documents\repos\chillzhuang__blade-tool\blade-starter-mybatis\src\main\java\org\springblade\core\mp\support\BaseEntityWrapper.java,57
JDK:java.base:N/A:N/A,ClassOrInterfaceType,java.util.Map,Map,C:\Users\tyin363\Documents\repos\chillzhuang__blade-tool\blade-starter-mybatis\src\main\java\org\springblade\core\mp\support\Condition.java,90
com.baomidou:mybatis-plus-core:jar:3.5.12,ClassOrInterfaceType,com.baomidou.mybatisplus.core.handlers.MetaObjectHandler,MetaObjectHandler,C:\Users\tyin363\Documents\repos\chillzhuang__blade-tool\blade-starter-mybatis\src\main\java\org\springblade\core\mp\BladeMetaObjectHandler.java,28
CLIENT:client-code:N/A:N/A,MethodReferenceExpr,org.springblade.core.mp.base.BaseServiceImpl,resolveUpdate,C:\Users\tyin363\Documents\repos\chillzhuang__blade-tool\blade-starter-mybatis\src\main\java\org\springblade\core\mp\base\BaseServiceImpl.java,66
JDK:java.base:N/A:N/A,ClassOrInterfaceType,java.lang.String,String,C:\Users\tyin363\Documents\repos\chillzhuang__blade-tool\blade-starter-mybatis\src\main\java\org\springblade\core\mp\plugins\SqlLogInterceptor.java,117
JDK:java.base:N/A:N/A,MethodCallExpr,java.lang.String,endsWith,C:\Users\tyin363\Documents\repos\chillzhuang__blade-tool\blade-starter-mybatis\src\main\java\org\springblade\core\mp\support\SqlKeyword.java,102
com.baomidou:mybatis-plus-core:jar:3.5.12,MethodCallExpr,com.baomidou.mybatisplus.core.conditions.interfaces.Compare,lt,C:\Users\tyin363\Documents\repos\chillzhuang__blade-tool\blade-starter-mybatis\src\main\java\org\springblade\core\mp\support\SqlKeyword.java,111
JDK:java.base:N/A:N/A,MethodCallExpr,java.util.Collection,stream,C:\Users\tyin363\Documents\repos\chillzhuang__blade-tool\blade-starter-mybatis\src\main\java\org\springblade\core\mp\support\BaseEntityWrapper.java,46
org.springframework:spring-core:jar:5.3.31,MethodCallExpr,org.springframework.util.ObjectUtils,isEmpty,C:\Users\tyin363\Documents\repos\chillzhuang__blade-tool\blade-starter-mybatis\src\main\java\org\springblade\core\mp\plugins\QueryInterceptorExecutor.java,42
CLIENT:client-code:N/A:N/A,MethodCallExpr,org.springblade.core.mp.base.BaseServiceImpl,resolveUpdate,C:\Users\tyin363\Documents\repos\chillzhuang__blade-tool\blade-starter-mybatis\src\main\java\org\springblade\core\mp\base\BaseServiceImpl.java,60
org.springblade:blade-core-tool:jar:4.6.0,FieldAccessExpr,org.springblade.core.tool.utils.DateUtil,PATTERN_DATETIME,C:\Users\tyin363\Documents\repos\chillzhuang__blade-tool\blade-starter-mybatis\src\main\java\org\springblade\core\mp\base\BaseEntity.java,81
org.springblade:blade-core-tool:jar:4.6.0,MethodCallExpr,org.springblade.core.tool.utils.Func,isNotEmpty,C:\Users\tyin363\Documents\repos\chillzhuang__blade-tool\blade-starter-mybatis\src\main\java\org\springblade\core\mp\support\SqlKeyword.java,162
JDK:java.base:N/A:N/A,ClassOrInterfaceType,java.lang.Long,Long,C:\Users\tyin363\Documents\repos\chillzhuang__blade-tool\blade-starter-mybatis\src\main\java\org\springblade\core\mp\base\BaseService.java,38
JDK:java.base:N/A:N/A,ClassOrInterfaceType,java.lang.String,String,C:\Users\tyin363\Documents\repos\chillzhuang__blade-tool\blade-starter-mybatis\src\main\java\org\springblade\core\mp\support\Condition.java,50
org.mybatis:mybatis:jar:3.5.19,ClassOrInterfaceType,org.apache.ibatis.mapping.MappedStatement,MappedStatement,C:\Users\tyin363\Documents\repos\chillzhuang__blade-tool\blade-starter-mybatis\src\main\java\org\springblade\core\mp\plugins\BladePaginationInterceptor.java,43
com.baomidou:mybatis-plus-jsqlparser-4.9:jar:3.5.12,ClassOrInterfaceType,com.baomidou.mybatisplus.extension.plugins.inner.TenantLineInnerInterceptor,TenantLineInnerInterceptor,C:\Users\tyin363\Documents\repos\chillzhuang__blade-tool\blade-starter-mybatis\src\main\java\org\springblade\core\mp\config\MybatisPlusConfiguration.java,62
com.alibaba:druid:jar:1.2.25,MethodCallExpr,com.alibaba.druid.proxy.jdbc.StatementProxy,setLastExecuteStartNano,C:\Users\tyin363\Documents\repos\chillzhuang__blade-tool\blade-starter-mybatis\src\main\java\org\springblade\core\mp\plugins\SqlLogInterceptor.java,54
CLIENT:client-code:N/A:N/A,NameExpr,org.springblade.core.mp.support.SqlKeyword,LIKE_LEFT,C:\Users\tyin363\Documents\repos\chillzhuang__blade-tool\blade-starter-mybatis\src\main\java\org\springblade\core\mp\support\SqlKeyword.java,88
com.baomidou:mybatis-plus-spring-boot-autoconfigure:jar:3.5.12,MethodCallExpr,com.baomidou.mybatisplus.autoconfigure.MybatisPlusProperties,getConfiguration,C:\Users\tyin363\Documents\repos\chillzhuang__blade-tool\blade-starter-mybatis\src\main\java\org\springblade\core\mp\config\MybatisPlusConfiguration.java,117
CLIENT:client-code:N/A:N/A,MethodCallExpr,org.springblade.core.mp.base.BaseServiceImpl,resolveSave,C:\Users\tyin363\Documents\repos\chillzhuang__blade-tool\blade-starter-mybatis\src\main\java\org\springblade\core\mp\base\BaseServiceImpl.java,48
JDK:java.base:N/A:N/A,ClassOrInterfaceType,java.lang.Object,Object,C:\Users\tyin363\Documents\repos\chillzhuang__blade-tool\blade-starter-mybatis\src\main\java\org\springblade\core\mp\plugins\QueryInterceptorExecutor.java,41
com.baomidou:mybatis-plus-spring:jar:3.5.12,ClassOrInterfaceType,com.baomidou.mybatisplus.extension.service.impl.ServiceImpl,ServiceImpl,C:\Users\tyin363\Documents\repos\chillzhuang__blade-tool\blade-starter-mybatis\src\main\java\org\springblade\core\mp\base\BaseServiceImpl.java,44
CLIENT:client-code:N/A:N/A,MethodCallExpr,org.springblade.core.mp.support.SqlKeyword,getColumn,C:\Users\tyin363\Documents\repos\chillzhuang__blade-tool\blade-starter-mybatis\src\main\java\org\springblade\core\mp\support\SqlKeyword.java,87
org.mybatis:mybatis:jar:3.5.19,ClassOrInterfaceType,org.apache.ibatis.mapping.BoundSql,BoundSql,C:\Users\tyin363\Documents\repos\chillzhuang__blade-tool\blade-starter-mybatis\src\main\java\org\springblade\core\mp\intercept\QueryInterceptor.java,44
org.springblade:blade-core-tool:jar:4.6.0,FieldAccessExpr,org.springblade.core.tool.utils.DateUtil,PATTERN_DATETIME,C:\Users\tyin363\Documents\repos\chillzhuang__blade-tool\blade-starter-mybatis\src\main\java\org\springblade\core\mp\base\BaseEntity.java,82
JDK:java.base:N/A:N/A,ClassOrInterfaceType,java.lang.String,String,C:\Users\tyin363\Documents\repos\chillzhuang__blade-tool\blade-starter-mybatis\src\main\java\org\springblade\core\mp\support\Condition.java,49
com.baomidou:mybatis-plus-core:jar:3.5.12,MethodCallExpr,com.baomidou.mybatisplus.core.metadata.IPage,getSize,C:\Users\tyin363\Documents\repos\chillzhuang__blade-tool\blade-starter-mybatis\src\main\java\org\springblade\core\mp\support\BaseEntityWrapper.java,57
JDK:java.base:N/A:N/A,MethodCallExpr,java.lang.String,endsWith,C:\Users\tyin363\Documents\repos\chillzhuang__blade-tool\blade-starter-mybatis\src\main\java\org\springblade\core\mp\support\SqlKeyword.java,108
com.alibaba:druid:jar:1.2.25,MethodCallExpr,com.alibaba.druid.util.StringUtils,isEmpty,C:\Users\tyin363\Documents\repos\chillzhuang__blade-tool\blade-starter-mybatis\src\main\java\org\springblade\core\mp\plugins\SqlLogInterceptor.java,107
CLIENT:client-code:N/A:N/A,NameExpr,org.springblade.core.mp.support.SqlKeyword,LIKE_LEFT,C:\Users\tyin363\Documents\repos\chillzhuang__blade-tool\blade-starter-mybatis\src\main\java\org\springblade\core\mp\support\SqlKeyword.java,89
com.baomidou:mybatis-plus-jsqlparser-4.9:jar:3.5.12,ClassOrInterfaceType,com.baomidou.mybatisplus.extension.plugins.inner.TenantLineInnerInterceptor,TenantLineInnerInterceptor,C:\Users\tyin363\Documents\repos\chillzhuang__blade-tool\blade-starter-mybatis\src\main\java\org\springblade\core\mp\config\MybatisPlusConfiguration.java,61
com.baomidou:mybatis-plus-core:jar:3.5.12,MethodCallExpr,com.baomidou.mybatisplus.core.conditions.interfaces.Func,isNull,C:\Users\tyin363\Documents\repos\chillzhuang__blade-tool\blade-starter-mybatis\src\main\java\org\springblade\core\mp\support\SqlKeyword.java,113
com.alibaba:druid:jar:1.2.25,MethodCallExpr,com.alibaba.druid.proxy.jdbc.JdbcParameter,getValue,C:\Users\tyin363\Documents\repos\chillzhuang__blade-tool\blade-starter-mybatis\src\main\java\org\springblade\core\mp\plugins\SqlLogInterceptor.java,125
JDK:java.base:N/A:N/A,ClassOrInterfaceType,java.util.List,List,C:\Users\tyin363\Documents\repos\chillzhuang__blade-tool\blade-starter-mybatis\src\main\java\org\springblade\core\mp\support\BaseEntityWrapper.java,56
com.fasterxml.jackson.core:jackson-databind:jar:2.19.1,ClassOrInterfaceType,com.fasterxml.jackson.databind.ser.std.ToStringSerializer,ToStringSerializer,C:\Users\tyin363\Documents\repos\chillzhuang__blade-tool\blade-starter-mybatis\src\main\java\org\springblade\core\mp\base\BaseEntity.java,52
JDK:java.base:N/A:N/A,ClassOrInterfaceType,java.util.regex.Pattern,Pattern,C:\Users\tyin363\Documents\repos\chillzhuang__blade-tool\blade-starter-mybatis\src\main\java\org\springblade\core\mp\support\SqlKeyword.java,43
JDK:java.base:N/A:N/A,ClassOrInterfaceType,java.lang.String,String,C:\Users\tyin363\Documents\repos\chillzhuang__blade-tool\blade-starter-mybatis\src\main\java\org\springblade\core\mp\support\SqlKeyword.java,47
org.mybatis:mybatis:jar:3.5.19,ClassOrInterfaceType,org.apache.ibatis.session.RowBounds,RowBounds,C:\Users\tyin363\Documents\repos\chillzhuang__blade-tool\blade-starter-mybatis\src\main\java\org\springblade\core\mp\plugins\BladePaginationInterceptor.java,43
JDK:java.base:N/A:N/A,ClassOrInterfaceType,java.lang.Long,Long,C:\Users\tyin363\Documents\repos\chillzhuang__blade-tool\blade-starter-mybatis\src\main\java\org\springblade\core\mp\base\BaseEntity.java,76
org.mybatis:mybatis:jar:3.5.19,ClassOrInterfaceType,org.apache.ibatis.executor.Executor,Executor,C:\Users\tyin363\Documents\repos\chillzhuang__blade-tool\blade-starter-mybatis\src\main\java\org\springblade\core\mp\plugins\QueryInterceptorExecutor.java,41
com.baomidou:mybatis-plus-spring-boot-autoconfigure:jar:3.5.12,ClassOrInterfaceType,com.baomidou.mybatisplus.autoconfigure.MybatisPlusPropertiesCustomizer,MybatisPlusPropertiesCustomizer,C:\Users\tyin363\Documents\repos\chillzhuang__blade-tool\blade-starter-mybatis\src\main\java\org\springblade\core\mp\config\MybatisPlusConfiguration.java,115
CLIENT:client-code:N/A:N/A,ClassOrInterfaceType,org.springblade.core.mp.props.MybatisPlusProperties,MybatisPlusProperties,C:\Users\tyin363\Documents\repos\chillzhuang__blade-tool\blade-starter-mybatis\src\main\java\org\springblade\core\mp\plugins\SqlLogInterceptor.java,50
com.alibaba:druid:jar:1.2.25,MethodCallExpr,com.alibaba.druid.proxy.jdbc.StatementProxy,getLastExecuteTimeNano,C:\Users\tyin363\Documents\repos\chillzhuang__blade-tool\blade-starter-mybatis\src\main\java\org\springblade\core\mp\plugins\SqlLogInterceptor.java,138
com.alibaba:druid:jar:1.2.25,MethodCallExpr,com.alibaba.druid.proxy.jdbc.ConnectionProxy,getDirectDataSource,C:\Users\tyin363\Documents\repos\chillzhuang__blade-tool\blade-starter-mybatis\src\main\java\org\springblade\core\mp\plugins\SqlLogInterceptor.java,116
JDK:java.base:N/A:N/A,ClassOrInterfaceType,java.sql.SQLException,SQLException,C:\Users\tyin363\Documents\repos\chillzhuang__blade-tool\blade-starter-mybatis\src\main\java\org\springblade\core\mp\support\SqlKeyword.java,150
CLIENT:client-code:N/A:N/A,NameExpr,org.springblade.core.mp.support.SqlKeyword,SQL_REGEX,C:\Users\tyin363\Documents\repos\chillzhuang__blade-tool\blade-starter-mybatis\src\main\java\org\springblade\core\mp\support\SqlKeyword.java,147
com.alibaba:druid:jar:1.2.25,MethodCallExpr,com.alibaba.druid.sql.SQLUtils,format,C:\Users\tyin363\Documents\repos\chillzhuang__blade-tool\blade-starter-mybatis\src\main\java\org\springblade\core\mp\plugins\SqlLogInterceptor.java,117
CLIENT:client-code:N/A:N/A,MethodCallExpr,org.springblade.core.mp.support.SqlKeyword,getColumn,C:\Users\tyin363\Documents\repos\chillzhuang__blade-tool\blade-starter-mybatis\src\main\java\org\springblade\core\mp\support\SqlKeyword.java,89
com.baomidou:mybatis-plus-core:jar:3.5.12,ClassOrInterfaceType,com.baomidou.mybatisplus.core.conditions.query.QueryWrapper,QueryWrapper,C:\Users\tyin363\Documents\repos\chillzhuang__blade-tool\blade-starter-mybatis\src\main\java\org\springblade\core\mp\support\Condition.java,90
com.baomidou:mybatis-plus-core:jar:3.5.12,MethodCallExpr,com.baomidou.mybatisplus.core.conditions.interfaces.Compare,le,C:\Users\tyin363\Documents\repos\chillzhuang__blade-tool\blade-starter-mybatis\src\main\java\org\springblade\core\mp\support\SqlKeyword.java,97
com.baomidou:mybatis-plus-jsqlparser-4.9:jar:3.5.12,ClassOrInterfaceType,com.baomidou.mybatisplus.extension.plugins.inner.PaginationInnerInterceptor,PaginationInnerInterceptor,C:\Users\tyin363\Documents\repos\chillzhuang__blade-tool\blade-starter-mybatis\src\main\java\org\springblade\core\mp\plugins\BladePaginationInterceptor.java,34
CLIENT:client-code:N/A:N/A,ClassOrInterfaceType,org.springblade.core.mp.intercept.QueryInterceptor,QueryInterceptor,C:\Users\tyin363\Documents\repos\chillzhuang__blade-tool\blade-starter-mybatis\src\main\java\org\springblade\core\mp\config\MybatisPlusConfiguration.java,89
JDK:java.base:N/A:N/A,MethodCallExpr,java.util.stream.Stream,collect,C:\Users\tyin363\Documents\repos\chillzhuang__blade-tool\blade-starter-mybatis\src\main\java\org\springblade\core\mp\support\BaseEntityWrapper.java,46
JDK:java.base:N/A:N/A,ClassOrInterfaceType,java.lang.String,String,C:\Users\tyin363\Documents\repos\chillzhuang__blade-tool\blade-starter-mybatis\src\main\java\org\springblade\core\mp\support\Query.java,56
JDK:java.base:N/A:N/A,MethodCallExpr,java.util.Map,forEach,C:\Users\tyin363\Documents\repos\chillzhuang__blade-tool\blade-starter-mybatis\src\main\java\org\springblade\core\mp\support\SqlKeyword.java,78
JDK:java.base:N/A:N/A,MethodCallExpr,java.util.regex.Pattern,compile,C:\Users\tyin363\Documents\repos\chillzhuang__blade-tool\blade-starter-mybatis\src\main\java\org\springblade\core\mp\support\SqlKeyword.java,43
com.baomidou:mybatis-plus-core:jar:3.5.12,MethodCallExpr,com.baomidou.mybatisplus.core.conditions.interfaces.Compare,like,C:\Users\tyin363\Documents\repos\chillzhuang__blade-tool\blade-starter-mybatis\src\main\java\org\springblade\core\mp\support\SqlKeyword.java,117
org.springblade:blade-core-secure:jar:4.6.0,ClassOrInterfaceType,org.springblade.core.secure.BladeUser,BladeUser,C:\Users\tyin363\Documents\repos\chillzhuang__blade-tool\blade-starter-mybatis\src\main\java\org\springblade\core\mp\base\BaseServiceImpl.java,96
JDK:java.base:N/A:N/A,ClassOrInterfaceType,java.lang.String,String,C:\Users\tyin363\Documents\repos\chillzhuang__blade-tool\blade-starter-mybatis\src\main\java\org\springblade\core\mp\plugins\SqlLogInterceptor.java,88
CLIENT:client-code:N/A:N/A,MethodReferenceExpr,org.springblade.core.mp.base.BaseServiceImpl,resolveSave,C:\Users\tyin363\Documents\repos\chillzhuang__blade-tool\blade-starter-mybatis\src\main\java\org\springblade\core\mp\base\BaseServiceImpl.java,54
JDK:java.base:N/A:N/A,MethodCallExpr,java.util.regex.Matcher,find,C:\Users\tyin363\Documents\repos\chillzhuang__blade-tool\blade-starter-mybatis\src\main\java\org\springblade\core\mp\support\SqlKeyword.java,162
org.springframework:spring-core:jar:5.3.31,FieldAccessExpr,org.springframework.core.Ordered,LOWEST_PRECEDENCE,C:\Users\tyin363\Documents\repos\chillzhuang__blade-tool\blade-starter-mybatis\src\main\java\org\springblade\core\mp\intercept\QueryInterceptor.java,53
com.baomidou:mybatis-plus-extension:jar:3.5.12,MethodCallExpr,com.baomidou.mybatisplus.extension.plugins.MybatisPlusInterceptor,addInnerInterceptor,C:\Users\tyin363\Documents\repos\chillzhuang__blade-tool\blade-starter-mybatis\src\main\java\org\springblade\core\mp\config\MybatisPlusConfiguration.java,85
JDK:java.base:N/A:N/A,MethodCallExpr,java.lang.String,endsWith,C:\Users\tyin363\Documents\repos\chillzhuang__blade-tool\blade-starter-mybatis\src\main\java\org\springblade\core\mp\support\SqlKeyword.java,106
CLIENT:client-code:N/A:N/A,MethodCallExpr,org.springblade.core.mp.support.BaseEntityWrapper,listVO,C:\Users\tyin363\Documents\repos\chillzhuang__blade-tool\blade-starter-mybatis\src\main\java\org\springblade\core\mp\support\BaseEntityWrapper.java,56
com.alibaba:druid:jar:1.2.25,ClassOrInterfaceType,com.alibaba.druid.proxy.jdbc.StatementProxy,StatementProxy,C:\Users\tyin363\Documents\repos\chillzhuang__blade-tool\blade-starter-mybatis\src\main\java\org\springblade\core\mp\plugins\SqlLogInterceptor.java,68
JDK:java.base:N/A:N/A,ClassOrInterfaceType,java.sql.SQLException,SQLException,C:\Users\tyin363\Documents\repos\chillzhuang__blade-tool\blade-starter-mybatis\src\main\java\org\springblade\core\mp\plugins\SqlLogInterceptor.java,93
JDK:java.base:N/A:N/A,MethodCallExpr,java.lang.Iterable,forEach,C:\Users\tyin363\Documents\repos\chillzhuang__blade-tool\blade-starter-mybatis\src\main\java\org\springblade\core\mp\base\BaseServiceImpl.java,66
com.baomidou:mybatis-plus-extension:jar:3.5.12,ClassOrInterfaceType,com.baomidou.mybatisplus.extension.plugins.pagination.Page,Page,C:\Users\tyin363\Documents\repos\chillzhuang__blade-tool\blade-starter-mybatis\src\main\java\org\springblade\core\mp\support\Condition.java,44
JDK:java.base:N/A:N/A,MethodCallExpr,java.lang.String,valueOf,C:\Users\tyin363\Documents\repos\chillzhuang__blade-tool\blade-starter-mybatis\src\main\java\org\springblade\core\mp\support\SqlKeyword.java,109
org.mybatis:mybatis:jar:3.5.19,ClassOrInterfaceType,org.apache.ibatis.executor.Executor,Executor,C:\Users\tyin363\Documents\repos\chillzhuang__blade-tool\blade-starter-mybatis\src\main\java\org\springblade\core\mp\intercept\QueryInterceptor.java,44
JDK:java.base:N/A:N/A,ClassOrInterfaceType,java.lang.String,String,C:\Users\tyin363\Documents\repos\chillzhuang__blade-tool\blade-starter-mybatis\src\main\java\org\springblade\core\mp\support\SqlKeyword.java,50
org.springblade:blade-core-tool:jar:4.6.0,MethodCallExpr,org.springblade.core.tool.utils.DateUtil,parse,C:\Users\tyin363\Documents\repos\chillzhuang__blade-tool\blade-starter-mybatis\src\main\java\org\springblade\core\mp\support\SqlKeyword.java,109
JDK:java.base:N/A:N/A,ClassOrInterfaceType,java.util.List,List,C:\Users\tyin363\Documents\repos\chillzhuang__blade-tool\blade-starter-mybatis\src\main\java\org\springblade\core\mp\base\BaseService.java,38
JDK:java.base:N/A:N/A,MethodCallExpr,java.lang.String,endsWith,C:\Users\tyin363\Documents\repos\chillzhuang__blade-tool\blade-starter-mybatis\src\main\java\org\springblade\core\mp\support\SqlKeyword.java,94
JDK:java.base:N/A:N/A,ClassOrInterfaceType,java.util.Collection,Collection,C:\Users\tyin363\Documents\repos\chillzhuang__blade-tool\blade-starter-mybatis\src\main\java\org\springblade\core\mp\base\BaseServiceImpl.java,65
com.alibaba:druid:jar:1.2.25,MethodCallExpr,com.alibaba.druid.proxy.jdbc.StatementProxy,getParametersSize,C:\Users\tyin363\Documents\repos\chillzhuang__blade-tool\blade-starter-mybatis\src\main\java\org\springblade\core\mp\plugins\SqlLogInterceptor.java,110
CLIENT:client-code:N/A:N/A,MethodCallExpr,org.springblade.core.mp.plugins.SqlLogInterceptor,printSql,C:\Users\tyin363\Documents\repos\chillzhuang__blade-tool\blade-starter-mybatis\src\main\java\org\springblade\core\mp\plugins\SqlLogInterceptor.java,118
JDK:java.base:N/A:N/A,ClassOrInterfaceType,java.lang.Throwable,Throwable,C:\Users\tyin363\Documents\repos\chillzhuang__blade-tool\blade-starter-mybatis\src\main\java\org\springblade\core\mp\plugins\QueryInterceptorExecutor.java,41
CLIENT:client-code:N/A:N/A,MethodCallExpr,org.springblade.core.mp.base.BaseServiceImpl,updateById,C:\Users\tyin363\Documents\repos\chillzhuang__blade-tool\blade-starter-mybatis\src\main\java\org\springblade\core\mp\base\BaseServiceImpl.java,75
com.baomidou:mybatis-plus-core:jar:3.5.12,MethodCallExpr,com.baomidou.mybatisplus.core.conditions.interfaces.Compare,gt,C:\Users\tyin363\Documents\repos\chillzhuang__blade-tool\blade-starter-mybatis\src\main\java\org\springblade\core\mp\support\SqlKeyword.java,99
JDK:java.base:N/A:N/A,ClassOrInterfaceType,java.time.temporal.TemporalAccessor,TemporalAccessor,C:\Users\tyin363\Documents\repos\chillzhuang__blade-tool\blade-starter-mybatis\src\main\java\org\springblade\core\mp\plugins\SqlLogInterceptor.java,127
org.springblade:blade-core-tool:jar:4.6.0,MethodCallExpr,org.springblade.core.tool.utils.StringUtil,cleanIdentifier,C:\Users\tyin363\Documents\repos\chillzhuang__blade-tool\blade-starter-mybatis\src\main\java\org\springblade\core\mp\support\Condition.java,47
org.springblade:blade-core-secure:jar:4.6.0,MethodCallExpr,org.springblade.core.secure.utils.SecureUtil,getUser,C:\Users\tyin363\Documents\repos\chillzhuang__blade-tool\blade-starter-mybatis\src\main\java\org\springblade\core\mp\base\BaseServiceImpl.java,113
JDK:java.base:N/A:N/A,MethodCallExpr,java.util.stream.Collectors,toList,C:\Users\tyin363\Documents\repos\chillzhuang__blade-tool\blade-starter-mybatis\src\main\java\org\springblade\core\mp\support\BaseEntityWrapper.java,46
JDK:java.base:N/A:N/A,ClassOrInterfaceType,java.sql.SQLException,SQLException,C:\Users\tyin363\Documents\repos\chillzhuang__blade-tool\blade-starter-mybatis\src\main\java\org\springblade\core\mp\support\SqlKeyword.java,139
JDK:java.base:N/A:N/A,ClassOrInterfaceType,java.lang.String,String,C:\Users\tyin363\Documents\repos\chillzhuang__blade-tool\blade-starter-mybatis\src\main\java\org\springblade\core\mp\support\SqlKeyword.java,51
CLIENT:client-code:N/A:N/A,MethodCallExpr,org.springblade.core.mp.support.SqlKeyword,getColumn,C:\Users\tyin363\Documents\repos\chillzhuang__blade-tool\blade-starter-mybatis\src\main\java\org\springblade\core\mp\support\SqlKeyword.java,117
com.baomidou:mybatis-plus-jsqlparser-4.9:jar:3.5.12,ClassOrInterfaceType,com.baomidou.mybatisplus.extension.plugins.inner.TenantLineInnerInterceptor,TenantLineInnerInterceptor,C:\Users\tyin363\Documents\repos\chillzhuang__blade-tool\blade-starter-mybatis\src\main\java\org\springblade\core\mp\config\MybatisPlusConfiguration.java,81
org.springblade:blade-core-tool:jar:4.6.0,MethodCallExpr,org.springblade.core.tool.utils.StringUtil,cleanIdentifier,C:\Users\tyin363\Documents\repos\chillzhuang__blade-tool\blade-starter-mybatis\src\main\java\org\springblade\core\mp\support\SqlKeyword.java,142
com.baomidou:mybatis-plus-core:jar:3.5.12,MethodCallExpr,com.baomidou.mybatisplus.core.conditions.interfaces.Compare,likeLeft,C:\Users\tyin363\Documents\repos\chillzhuang__blade-tool\blade-starter-mybatis\src\main\java\org\springblade\core\mp\support\SqlKeyword.java,89
JDK:java.base:N/A:N/A,MethodCallExpr,java.lang.String,valueOf,C:\Users\tyin363\Documents\repos\chillzhuang__blade-tool\blade-starter-mybatis\src\main\java\org\springblade\core\mp\support\SqlKeyword.java,111
com.baomidou:mybatis-plus-extension:jar:3.5.12,ObjectCreationExpr,com.baomidou.mybatisplus.extension.plugins.pagination.Page,Page,C:\Users\tyin363\Documents\repos\chillzhuang__blade-tool\blade-starter-mybatis\src\main\java\org\springblade\core\mp\support\BaseEntityWrapper.java,57
,NameExpr,io.swagger.v3.oas.annotations.media.Schema.AccessMode,READ_ONLY,C:\Users\tyin363\Documents\repos\chillzhuang__blade-tool\blade-starter-mybatis\src\main\java\org\springblade\core\mp\support\Query.java,49
org.springblade:blade-core-tool:jar:4.6.0,MethodCallExpr,org.springblade.core.tool.utils.DateUtil,parse,C:\Users\tyin363\Documents\repos\chillzhuang__blade-tool\blade-starter-mybatis\src\main\java\org\springblade\core\mp\support\SqlKeyword.java,107
JDK:java.base:N/A:N/A,ClassOrInterfaceType,java.lang.String,String,C:\Users\tyin363\Documents\repos\chillzhuang__blade-tool\blade-starter-mybatis\src\main\java\org\springblade\core\mp\support\SqlKeyword.java,147
com.baomidou:mybatis-plus-core:jar:3.5.12,MethodCallExpr,com.baomidou.mybatisplus.core.mapper.BaseMapper,selectCount,C:\Users\tyin363\Documents\repos\chillzhuang__blade-tool\blade-starter-mybatis\src\main\java\org\springblade\core\mp\base\BaseServiceImpl.java,91
com.alibaba:druid:jar:1.2.25,ClassOrInterfaceType,com.alibaba.druid.proxy.jdbc.StatementProxy,StatementProxy,C:\Users\tyin363\Documents\repos\chillzhuang__blade-tool\blade-starter-mybatis\src\main\java\org\springblade\core\mp\plugins\SqlLogInterceptor.java,73
JDK:java.base:N/A:N/A,MethodCallExpr,java.lang.String,endsWith,C:\Users\tyin363\Documents\repos\chillzhuang__blade-tool\blade-starter-mybatis\src\main\java\org\springblade\core\mp\support\SqlKeyword.java,92
CLIENT:client-code:N/A:N/A,MethodCallExpr,org.springblade.core.mp.support.SqlKeyword,getColumn,C:\Users\tyin363\Documents\repos\chillzhuang__blade-tool\blade-starter-mybatis\src\main\java\org\springblade\core\mp\support\SqlKeyword.java,85
org.springblade:blade-core-tool:jar:4.6.0,MethodCallExpr,org.springblade.core.tool.utils.StringUtil,removeSuffix,C:\Users\tyin363\Documents\repos\chillzhuang__blade-tool\blade-starter-mybatis\src\main\java\org\springblade\core\mp\support\SqlKeyword.java,130
com.baomidou:mybatis-plus-spring:jar:3.5.12,ClassOrInterfaceType,com.baomidou.mybatisplus.extension.service.IService,IService,C:\Users\tyin363\Documents\repos\chillzhuang__blade-tool\blade-starter-mybatis\src\main\java\org\springblade\core\mp\base\BaseService.java,30
CLIENT:client-code:N/A:N/A,ObjectCreationExpr,org.springblade.core.mp.config.MybatisPlusConfiguration.Anonymous-c5387097-2dc6-4b87-b165-1a4e295d9961,Anonymous-c5387097-2dc6-4b87-b165-1a4e295d9961,C:\Users\tyin363\Documents\repos\chillzhuang__blade-tool\blade-starter-mybatis\src\main\java\org\springblade\core\mp\config\MybatisPlusConfiguration.java,62
JDK:java.base:N/A:N/A,ClassOrInterfaceType,java.util.Date,Date,C:\Users\tyin363\Documents\repos\chillzhuang__blade-tool\blade-starter-mybatis\src\main\java\org\springblade\core\mp\base\BaseEntity.java,69
JDK:java.base:N/A:N/A,ClassOrInterfaceType,java.lang.Integer,Integer,C:\Users\tyin363\Documents\repos\chillzhuang__blade-tool\blade-starter-mybatis\src\main\java\org\springblade\core\mp\base\BaseEntity.java,97
CLIENT:client-code:N/A:N/A,ClassOrInterfaceType,org.springblade.core.mp.intercept.QueryInterceptor,QueryInterceptor,C:\Users\tyin363\Documents\repos\chillzhuang__blade-tool\blade-starter-mybatis\src\main\java\org\springblade\core\mp\plugins\BladePaginationInterceptor.java,39
CLIENT:client-code:N/A:N/A,ObjectCreationExpr,org.springblade.core.mp.plugins.BladePaginationInterceptor,BladePaginationInterceptor,C:\Users\tyin363\Documents\repos\chillzhuang__blade-tool\blade-starter-mybatis\src\main\java\org\springblade\core\mp\config\MybatisPlusConfiguration.java,87
CLIENT:client-code:N/A:N/A,MethodCallExpr,org.springblade.core.mp.support.SqlKeyword,buildCondition,C:\Users\tyin363\Documents\repos\chillzhuang__blade-tool\blade-starter-mybatis\src\main\java\org\springblade\core\mp\support\Condition.java,94
JDK:java.base:N/A:N/A,ClassOrInterfaceType,java.lang.String,String,C:\Users\tyin363\Documents\repos\chillzhuang__blade-tool\blade-starter-mybatis\src\main\java\org\springblade\core\mp\support\SqlKeyword.java,49
com.baomidou:mybatis-plus-spring:jar:3.5.12,MethodCallExpr,com.baomidou.mybatisplus.extension.repository.CrudRepository,updateBatchById,C:\Users\tyin363\Documents\repos\chillzhuang__blade-tool\blade-starter-mybatis\src\main\java\org\springblade\core\mp\base\BaseServiceImpl.java,67
com.alibaba:druid:jar:1.2.25,MethodCallExpr,com.alibaba.druid.proxy.jdbc.StatementProxy,setLastExecuteTimeNano,C:\Users\tyin363\Documents\repos\chillzhuang__blade-tool\blade-starter-mybatis\src\main\java\org\springblade\core\mp\plugins\SqlLogInterceptor.java,89
JDK:java.base:N/A:N/A,ClassOrInterfaceType,java.lang.Integer,Integer,C:\Users\tyin363\Documents\repos\chillzhuang__blade-tool\blade-starter-mybatis\src\main\java\org\springblade\core\mp\support\Query.java,38
org.mybatis:mybatis:jar:3.5.19,ClassOrInterfaceType,org.apache.ibatis.session.ResultHandler,ResultHandler,C:\Users\tyin363\Documents\repos\chillzhuang__blade-tool\blade-starter-mybatis\src\main\java\org\springblade\core\mp\plugins\BladePaginationInterceptor.java,43
org.mybatis:mybatis:jar:3.5.19,ClassOrInterfaceType,org.apache.ibatis.logging.nologging.NoLoggingImpl,NoLoggingImpl,C:\Users\tyin363\Documents\repos\chillzhuang__blade-tool\blade-starter-mybatis\src\main\java\org\springblade\core\mp\config\MybatisPlusConfiguration.java,121
org.springblade:blade-core-tool:jar:4.6.0,MethodCallExpr,org.springblade.core.tool.support.Kv,set,C:\Users\tyin363\Documents\repos\chillzhuang__blade-tool\blade-starter-mybatis\src\main\java\org\springblade\core\mp\support\Condition.java,76
CLIENT:client-code:N/A:N/A,NameExpr,org.springblade.core.mp.support.SqlKeyword,PATTERN,C:\Users\tyin363\Documents\repos\chillzhuang__blade-tool\blade-starter-mybatis\src\main\java\org\springblade\core\mp\support\SqlKeyword.java,162
org.springblade:blade-core-tool:jar:4.6.0,MethodCallExpr,org.springblade.core.tool.utils.DateUtil,parse,C:\Users\tyin363\Documents\repos\chillzhuang__blade-tool\blade-starter-mybatis\src\main\java\org\springblade\core\mp\support\SqlKeyword.java,105
JDK:java.base:N/A:N/A,ClassOrInterfaceType,java.lang.Object,Object,C:\Users\tyin363\Documents\repos\chillzhuang__blade-tool\blade-starter-mybatis\src\main\java\org\springblade\core\mp\plugins\SqlLogInterceptor.java,111
com.baomidou:mybatis-plus-spring:jar:3.5.12,MethodCallExpr,com.baomidou.mybatisplus.extension.repository.CrudRepository,saveBatch,C:\Users\tyin363\Documents\repos\chillzhuang__blade-tool\blade-starter-mybatis\src\main\java\org\springblade\core\mp\base\BaseServiceImpl.java,55
JDK:java.base:N/A:N/A,ClassOrInterfaceType,java.util.List,List,C:\Users\tyin363\Documents\repos\chillzhuang__blade-tool\blade-starter-mybatis\src\main\java\org\springblade\core\mp\plugins\SqlLogInterceptor.java,111
JDK:java.base:N/A:N/A,MethodCallExpr,java.lang.String,endsWith,C:\Users\tyin363\Documents\repos\chillzhuang__blade-tool\blade-starter-mybatis\src\main\java\org\springblade\core\mp\support\SqlKeyword.java,98
JDK:java.base:N/A:N/A,ClassOrInterfaceType,java.lang.Long,Long,C:\Users\tyin363\Documents\repos\chillzhuang__blade-tool\blade-starter-mybatis\src\main\java\org\springblade\core\mp\base\BaseServiceImpl.java,85
com.fasterxml.jackson.core:jackson-databind:jar:2.19.1,ClassOrInterfaceType,com.fasterxml.jackson.databind.ser.std.ToStringSerializer,ToStringSerializer,C:\Users\tyin363\Documents\repos\chillzhuang__blade-tool\blade-starter-mybatis\src\main\java\org\springblade\core\mp\base\BaseEntity.java,59
com.github.jsqlparser:jsqlparser:jar:4.9,ClassOrInterfaceType,net.sf.jsqlparser.expression.StringValue,StringValue,C:\Users\tyin363\Documents\repos\chillzhuang__blade-tool\blade-starter-mybatis\src\main\java\org\springblade\core\mp\config\MybatisPlusConfiguration.java,65
org.springframework:spring-core:jar:5.3.31,MethodCallExpr,org.springframework.core.annotation.AnnotationAwareOrderComparator,sort,C:\Users\tyin363\Documents\repos\chillzhuang__blade-tool\blade-starter-mybatis\src\main\java\org\springblade\core\mp\config\MybatisPlusConfiguration.java,91
JDK:java.base:N/A:N/A,MethodCallExpr,java.lang.String,valueOf,C:\Users\tyin363\Documents\repos\chillzhuang__blade-tool\blade-starter-mybatis\src\main\java\org\springblade\core\mp\support\SqlKeyword.java,105
CLIENT:client-code:N/A:N/A,NameExpr,org.springblade.core.mp.support.SqlKeyword,DATE_GE,C:\Users\tyin363\Documents\repos\chillzhuang__blade-tool\blade-starter-mybatis\src\main\java\org\springblade\core\mp\support\SqlKeyword.java,103
org.springblade:blade-core-secure:jar:4.6.0,MethodCallExpr,org.springblade.core.secure.BladeUser,getUserId,C:\Users\tyin363\Documents\repos\chillzhuang__blade-tool\blade-starter-mybatis\src\main\java\org\springblade\core\mp\base\BaseServiceImpl.java,100
JDK:java.base:N/A:N/A,ClassOrInterfaceType,java.lang.String,String,C:\Users\tyin363\Documents\repos\chillzhuang__blade-tool\blade-starter-mybatis\src\main\java\org\springblade\core\mp\support\SqlKeyword.java,54
org.springblade:blade-core-tool:jar:4.6.0,MethodCallExpr,org.springblade.core.tool.utils.Func,firstLong,C:\Users\tyin363\Documents\repos\chillzhuang__blade-tool\blade-starter-mybatis\src\main\java\org\springblade\core\mp\base\BaseServiceImpl.java,99
org.springblade:blade-core-secure:jar:4.6.0,MethodCallExpr,org.springblade.core.secure.BladeUser,getDeptId,C:\Users\tyin363\Documents\repos\chillzhuang__blade-tool\blade-starter-mybatis\src\main\java\org\springblade\core\mp\base\BaseServiceImpl.java,99
com.alibaba:druid:jar:1.2.25,ClassOrInterfaceType,com.alibaba.druid.proxy.jdbc.StatementProxy,StatementProxy,C:\Users\tyin363\Documents\repos\chillzhuang__blade-tool\blade-starter-mybatis\src\main\java\org\springblade\core\mp\plugins\SqlLogInterceptor.java,78
JDK:java.base:N/A:N/A,MethodCallExpr,java.lang.String,endsWith,C:\Users\tyin363\Documents\repos\chillzhuang__blade-tool\blade-starter-mybatis\src\main\java\org\springblade\core\mp\support\SqlKeyword.java,100
org.springblade:blade-core-tool:jar:4.6.0,FieldAccessExpr,org.springblade.core.tool.constant.BladeConstant,DB_STATUS_NORMAL,C:\Users\tyin363\Documents\repos\chillzhuang__blade-tool\blade-starter-mybatis\src\main\java\org\springblade\core\mp\base\BaseServiceImpl.java,106
JDK:java.base:N/A:N/A,ClassOrInterfaceType,java.lang.Integer,Integer,C:\Users\tyin363\Documents\repos\chillzhuang__blade-tool\blade-starter-mybatis\src\main\java\org\springblade\core\mp\support\Query.java,44
CLIENT:client-code:N/A:N/A,NameExpr,org.springblade.core.mp.support.SqlKeyword,GE,C:\Users\tyin363\Documents\repos\chillzhuang__blade-tool\blade-starter-mybatis\src\main\java\org\springblade\core\mp\support\SqlKeyword.java,95
CLIENT:client-code:N/A:N/A,NameExpr,org.springblade.core.mp.support.SqlKeyword,LT,C:\Users\tyin363\Documents\repos\chillzhuang__blade-tool\blade-starter-mybatis\src\main\java\org\springblade\core\mp\support\SqlKeyword.java,100
JDK:java.base:N/A:N/A,MethodCallExpr,java.lang.Object,toString,C:\Users\tyin363\Documents\repos\chillzhuang__blade-tool\blade-starter-mybatis\src\main\java\org\springblade\core\mp\plugins\SqlLogInterceptor.java,128
CLIENT:client-code:N/A:N/A,NameExpr,org.springblade.core.mp.support.SqlKeyword,DATE_GE,C:\Users\tyin363\Documents\repos\chillzhuang__blade-tool\blade-starter-mybatis\src\main\java\org\springblade\core\mp\support\SqlKeyword.java,102
CLIENT:client-code:N/A:N/A,MethodCallExpr,org.springblade.core.mp.support.SqlKeyword,getColumn,C:\Users\tyin363\Documents\repos\chillzhuang__blade-tool\blade-starter-mybatis\src\main\java\org\springblade\core\mp\support\SqlKeyword.java,113
com.baomidou:mybatis-plus-spring:jar:3.5.12,NameExpr,com.baomidou.mybatisplus.extension.repository.CrudRepository,baseMapper,C:\Users\tyin363\Documents\repos\chillzhuang__blade-tool\blade-starter-mybatis\src\main\java\org\springblade\core\mp\base\BaseServiceImpl.java,91
JDK:java.base:N/A:N/A,ClassOrInterfaceType,java.lang.String,String,C:\Users\tyin363\Documents\repos\chillzhuang__blade-tool\blade-starter-mybatis\src\main\java\org\springblade\core\mp\support\SqlKeyword.java,55
CLIENT:client-code:N/A:N/A,NameExpr,org.springblade.core.mp.support.SqlKeyword,DATE_LT,C:\Users\tyin363\Documents\repos\chillzhuang__blade-tool\blade-starter-mybatis\src\main\java\org\springblade\core\mp\support\SqlKeyword.java,111
JDK:java.base:N/A:N/A,ClassOrInterfaceType,java.lang.Class,Class,C:\Users\tyin363\Documents\repos\chillzhuang__blade-tool\blade-starter-mybatis\src\main\java\org\springblade\core\mp\support\Condition.java,75
CLIENT:client-code:N/A:N/A,NameExpr,org.springblade.core.mp.plugins.SqlLogInterceptor,properties,C:\Users\tyin363\Documents\repos\chillzhuang__blade-tool\blade-starter-mybatis\src\main\java\org\springblade\core\mp\plugins\SqlLogInterceptor.java,97
JDK:java.base:N/A:N/A,MethodCallExpr,java.lang.String,valueOf,C:\Users\tyin363\Documents\repos\chillzhuang__blade-tool\blade-starter-mybatis\src\main\java\org\springblade\core\mp\support\SqlKeyword.java,107
org.springblade:blade-core-tool:jar:4.6.0,MethodCallExpr,org.springblade.core.tool.utils.DateUtil,parse,C:\Users\tyin363\Documents\repos\chillzhuang__blade-tool\blade-starter-mybatis\src\main\java\org\springblade\core\mp\support\SqlKeyword.java,103
CLIENT:client-code:N/A:N/A,MethodCallExpr,org.springblade.core.mp.support.SqlKeyword,match,C:\Users\tyin363\Documents\repos\chillzhuang__blade-tool\blade-starter-mybatis\src\main\java\org\springblade\core\mp\support\SqlKeyword.java,149
JDK:java.base:N/A:N/A,MethodCallExpr,java.lang.String,endsWith,C:\Users\tyin363\Documents\repos\chillzhuang__blade-tool\blade-starter-mybatis\src\main\java\org\springblade\core\mp\support\SqlKeyword.java,96
JDK:java.base:N/A:N/A,ClassOrInterfaceType,java.lang.String,String,C:\Users\tyin363\Documents\repos\chillzhuang__blade-tool\blade-starter-mybatis\src\main\java\org\springblade\core\mp\support\SqlKeyword.java,52
CLIENT:client-code:N/A:N/A,NameExpr,org.springblade.core.mp.support.SqlKeyword,LT,C:\Users\tyin363\Documents\repos\chillzhuang__blade-tool\blade-starter-mybatis\src\main\java\org\springblade\core\mp\support\SqlKeyword.java,101
CLIENT:client-code:N/A:N/A,NameExpr,org.springblade.core.mp.support.SqlKeyword,DATE_LT,C:\Users\tyin363\Documents\repos\chillzhuang__blade-tool\blade-starter-mybatis\src\main\java\org\springblade\core\mp\support\SqlKeyword.java,110
JDK:java.base:N/A:N/A,ClassOrInterfaceType,java.lang.String,String,C:\Users\tyin363\Documents\repos\chillzhuang__blade-tool\blade-starter-mybatis\src\main\java\org\springblade\core\mp\support\Condition.java,90
JDK:java.base:N/A:N/A,ClassOrInterfaceType,java.lang.Object,Object,C:\Users\tyin363\Documents\repos\chillzhuang__blade-tool\blade-starter-mybatis\src\main\java\org\springblade\core\mp\plugins\BladePaginationInterceptor.java,43
CLIENT:client-code:N/A:N/A,NameExpr,org.springblade.core.mp.support.SqlKeyword,SQL_INJECTION_MESSAGE,C:\Users\tyin363\Documents\repos\chillzhuang__blade-tool\blade-starter-mybatis\src\main\java\org\springblade\core\mp\support\SqlKeyword.java,150
com.alibaba:druid:jar:1.2.25,MethodCallExpr,com.alibaba.druid.proxy.jdbc.StatementProxy,setLastExecuteStartNano,C:\Users\tyin363\Documents\repos\chillzhuang__blade-tool\blade-starter-mybatis\src\main\java\org\springblade\core\mp\plugins\SqlLogInterceptor.java,59
JDK:java.base:N/A:N/A,MethodCallExpr,java.util.Map,forEach,C:\Users\tyin363\Documents\repos\chillzhuang__blade-tool\blade-starter-mybatis\src\main\java\org\springblade\core\mp\support\Condition.java,91
org.springblade:blade-core-tool:jar:4.6.0,FieldAccessExpr,org.springblade.core.tool.constant.BladeConstant,ADMIN_TENANT_ID,C:\Users\tyin363\Documents\repos\chillzhuang__blade-tool\blade-starter-mybatis\src\main\java\org\springblade\core\mp\config\MybatisPlusConfiguration.java,65
com.baomidou:mybatis-plus-core:jar:3.5.12,MethodCallExpr,com.baomidou.mybatisplus.core.conditions.interfaces.Compare,eq,C:\Users\tyin363\Documents\repos\chillzhuang__blade-tool\blade-starter-mybatis\src\main\java\org\springblade\core\mp\support\SqlKeyword.java,107
com.baomidou:mybatis-plus-core:jar:3.5.12,MethodCallExpr,com.baomidou.mybatisplus.core.conditions.interfaces.Compare,gt,C:\Users\tyin363\Documents\repos\chillzhuang__blade-tool\blade-starter-mybatis\src\main\java\org\springblade\core\mp\support\SqlKeyword.java,105
JDK:java.base:N/A:N/A,ClassOrInterfaceType,java.lang.Object,Object,C:\Users\tyin363\Documents\repos\chillzhuang__blade-tool\blade-starter-mybatis\src\main\java\org\springblade\core\mp\base\BaseServiceImpl.java,85
JDK:java.base:N/A:N/A,ClassOrInterfaceType,java.lang.String,String,C:\Users\tyin363\Documents\repos\chillzhuang__blade-tool\blade-starter-mybatis\src\main\java\org\springblade\core\mp\plugins\SqlLogInterceptor.java,63
CLIENT:client-code:N/A:N/A,MethodCallExpr,org.springblade.core.mp.support.SqlKeyword,getColumn,C:\Users\tyin363\Documents\repos\chillzhuang__blade-tool\blade-starter-mybatis\src\main\java\org\springblade\core\mp\support\SqlKeyword.java,115
JDK:java.base:N/A:N/A,ClassOrInterfaceType,java.lang.String,String,C:\Users\tyin363\Documents\repos\chillzhuang__blade-tool\blade-starter-mybatis\src\main\java\org\springblade\core\mp\support\SqlKeyword.java,53
com.baomidou:mybatis-plus-core:jar:3.5.12,MethodCallExpr,com.baomidou.mybatisplus.core.conditions.interfaces.Compare,ne,C:\Users\tyin363\Documents\repos\chillzhuang__blade-tool\blade-starter-mybatis\src\main\java\org\springblade\core\mp\support\SqlKeyword.java,87
com.alibaba:druid:jar:1.2.25,ClassOrInterfaceType,com.alibaba.druid.proxy.jdbc.StatementProxy,StatementProxy,C:\Users\tyin363\Documents\repos\chillzhuang__blade-tool\blade-starter-mybatis\src\main\java\org\springblade\core\mp\plugins\SqlLogInterceptor.java,83
com.baomidou:mybatis-plus-core:jar:3.5.12,ClassOrInterfaceType,com.baomidou.mybatisplus.core.conditions.query.QueryWrapper,QueryWrapper,C:\Users\tyin363\Documents\repos\chillzhuang__blade-tool\blade-starter-mybatis\src\main\java\org\springblade\core\mp\support\Condition.java,75
CLIENT:client-code:N/A:N/A,MethodCallExpr,org.springblade.core.mp.support.SqlKeyword,getColumn,C:\Users\tyin363\Documents\repos\chillzhuang__blade-tool\blade-starter-mybatis\src\main\java\org\springblade\core\mp\support\SqlKeyword.java,107
org.mybatis:mybatis:jar:3.5.19,ClassOrInterfaceType,org.apache.ibatis.mapping.MappedStatement,MappedStatement,C:\Users\tyin363\Documents\repos\chillzhuang__blade-tool\blade-starter-mybatis\src\main\java\org\springblade\core\mp\plugins\QueryInterceptorExecutor.java,41
com.baomidou:mybatis-plus-extension:jar:3.5.12,MethodCallExpr,com.baomidou.mybatisplus.extension.repository.IRepository,save,C:\Users\tyin363\Documents\repos\chillzhuang__blade-tool\blade-starter-mybatis\src\main\java\org\springblade\core\mp\base\BaseServiceImpl.java,49
com.baomidou:mybatis-plus-extension:jar:3.5.12,MethodCallExpr,com.baomidou.mybatisplus.extension.repository.IRepository,removeByIds,C:\Users\tyin363\Documents\repos\chillzhuang__blade-tool\blade-starter-mybatis\src\main\java\org\springblade\core\mp\base\BaseServiceImpl.java,81
JDK:java.base:N/A:N/A,ClassOrInterfaceType,java.lang.String,String,C:\Users\tyin363\Documents\repos\chillzhuang__blade-tool\blade-starter-mybatis\src\main\java\org\springblade\core\mp\support\SqlKeyword.java,58
CLIENT:client-code:N/A:N/A,NameExpr,org.springblade.core.mp.support.SqlKeyword,NOT_EQUAL,C:\Users\tyin363\Documents\repos\chillzhuang__blade-tool\blade-starter-mybatis\src\main\java\org\springblade\core\mp\support\SqlKeyword.java,87
org.mybatis:mybatis:jar:3.5.19,ClassOrInterfaceType,org.apache.ibatis.session.RowBounds,RowBounds,C:\Users\tyin363\Documents\repos\chillzhuang__blade-tool\blade-starter-mybatis\src\main\java\org\springblade\core\mp\plugins\QueryInterceptorExecutor.java,41
com.baomidou:mybatis-plus-extension:jar:3.5.12,MethodCallExpr,com.baomidou.mybatisplus.extension.repository.IRepository,updateById,C:\Users\tyin363\Documents\repos\chillzhuang__blade-tool\blade-starter-mybatis\src\main\java\org\springblade\core\mp\base\BaseServiceImpl.java,61
JDK:java.base:N/A:N/A,ClassOrInterfaceType,java.lang.String,String,C:\Users\tyin363\Documents\repos\chillzhuang__blade-tool\blade-starter-mybatis\src\main\java\org\springblade\core\mp\plugins\SqlLogInterceptor.java,68
JDK:java.base:N/A:N/A,ClassOrInterfaceType,java.lang.Object,Object,C:\Users\tyin363\Documents\repos\chillzhuang__blade-tool\blade-starter-mybatis\src\main\java\org\springblade\core\mp\support\Condition.java,75
JDK:java.base:N/A:N/A,MethodCallExpr,java.lang.String,trim,C:\Users\tyin363\Documents\repos\chillzhuang__blade-tool\blade-starter-mybatis\src\main\java\org\springblade\core\mp\plugins\SqlLogInterceptor.java,138
JDK:java.base:N/A:N/A,MethodCallExpr,java.lang.String,endsWith,C:\Users\tyin363\Documents\repos\chillzhuang__blade-tool\blade-starter-mybatis\src\main\java\org\springblade\core\mp\support\SqlKeyword.java,86
com.github.jsqlparser:jsqlparser:jar:4.9,ObjectCreationExpr,net.sf.jsqlparser.expression.StringValue,StringValue,C:\Users\tyin363\Documents\repos\chillzhuang__blade-tool\blade-starter-mybatis\src\main\java\org\springblade\core\mp\config\MybatisPlusConfiguration.java,65
JDK:java.base:N/A:N/A,ObjectCreationExpr,java.sql.SQLException,SQLException,C:\Users\tyin363\Documents\repos\chillzhuang__blade-tool\blade-starter-mybatis\src\main\java\org\springblade\core\mp\support\SqlKeyword.java,150
JDK:java.base:N/A:N/A,ClassOrInterfaceType,java.lang.String,String,C:\Users\tyin363\Documents\repos\chillzhuang__blade-tool\blade-starter-mybatis\src\main\java\org\springblade\core\mp\plugins\SqlLogInterceptor.java,135
CLIENT:client-code:N/A:N/A,NameExpr,org.springblade.core.mp.support.SqlKeyword,IS_NULL,C:\Users\tyin363\Documents\repos\chillzhuang__blade-tool\blade-starter-mybatis\src\main\java\org\springblade\core\mp\support\SqlKeyword.java,113
CLIENT:client-code:N/A:N/A,MethodCallExpr,org.springblade.core.mp.plugins.SqlLogInterceptor,getJdbcParameter,C:\Users\tyin363\Documents\repos\chillzhuang__blade-tool\blade-starter-mybatis\src\main\java\org\springblade\core\mp\plugins\SqlLogInterceptor.java,114
JDK:java.base:N/A:N/A,ClassOrInterfaceType,java.lang.Long,Long,C:\Users\tyin363\Documents\repos\chillzhuang__blade-tool\blade-starter-mybatis\src\main\java\org\springblade\core\mp\base\BaseServiceImpl.java,80
JDK:java.base:N/A:N/A,ClassOrInterfaceType,java.lang.String,String,C:\Users\tyin363\Documents\repos\chillzhuang__blade-tool\blade-starter-mybatis\src\main\java\org\springblade\core\mp\support\SqlKeyword.java,59
CLIENT:client-code:N/A:N/A,NameExpr,org.springblade.core.mp.support.SqlKeyword,NOT_EQUAL,C:\Users\tyin363\Documents\repos\chillzhuang__blade-tool\blade-starter-mybatis\src\main\java\org\springblade\core\mp\support\SqlKeyword.java,86
CLIENT:client-code:N/A:N/A,MethodCallExpr,org.springblade.core.mp.support.SqlKeyword,getColumn,C:\Users\tyin363\Documents\repos\chillzhuang__blade-tool\blade-starter-mybatis\src\main\java\org\springblade\core\mp\support\SqlKeyword.java,109
com.baomidou:mybatis-plus-core:jar:3.5.12,MethodCallExpr,com.baomidou.mybatisplus.core.metadata.IPage,getTotal,C:\Users\tyin363\Documents\repos\chillzhuang__blade-tool\blade-starter-mybatis\src\main\java\org\springblade\core\mp\support\BaseEntityWrapper.java,57
JDK:java.base:N/A:N/A,ClassOrInterfaceType,java.util.List,List,C:\Users\tyin363\Documents\repos\chillzhuang__blade-tool\blade-starter-mybatis\src\main\java\org\springblade\core\mp\support\BaseEntityWrapper.java,45
com.baomidou:mybatis-plus-core:jar:3.5.12,ClassOrInterfaceType,com.baomidou.mybatisplus.core.toolkit.support.SFunction,SFunction,C:\Users\tyin363\Documents\repos\chillzhuang__blade-tool\blade-starter-mybatis\src\main\java\org\springblade\core\mp\base\BaseService.java,48
com.baomidou:mybatis-plus-extension:jar:3.5.12,MethodCallExpr,com.baomidou.mybatisplus.extension.plugins.MybatisPlusInterceptor,addInnerInterceptor,C:\Users\tyin363\Documents\repos\chillzhuang__blade-tool\blade-starter-mybatis\src\main\java\org\springblade\core\mp\config\MybatisPlusConfiguration.java,96
com.alibaba:druid:jar:1.2.25,MethodCallExpr,com.alibaba.druid.proxy.jdbc.StatementProxy,setLastExecuteStartNano,C:\Users\tyin363\Documents\repos\chillzhuang__blade-tool\blade-starter-mybatis\src\main\java\org\springblade\core\mp\plugins\SqlLogInterceptor.java,64
com.fasterxml.jackson.core:jackson-databind:jar:2.19.1,ClassOrInterfaceType,com.fasterxml.jackson.databind.ser.std.ToStringSerializer,ToStringSerializer,C:\Users\tyin363\Documents\repos\chillzhuang__blade-tool\blade-starter-mybatis\src\main\java\org\springblade\core\mp\base\BaseEntity.java,74
org.springblade:blade-core-tool:jar:4.6.0,MethodCallExpr,org.springblade.core.tool.utils.DateUtil,now,C:\Users\tyin363\Documents\repos\chillzhuang__blade-tool\blade-starter-mybatis\src\main\java\org\springblade\core\mp\base\BaseServiceImpl.java,102
JDK:java.base:N/A:N/A,ClassOrInterfaceType,java.lang.String,String,C:\Users\tyin363\Documents\repos\chillzhuang__blade-tool\blade-starter-mybatis\src\main\java\org\springblade\core\mp\config\MybatisPlusConfiguration.java,69
org.springblade:blade-core-secure:jar:4.6.0,MethodCallExpr,org.springblade.core.secure.BladeUser,getUserId,C:\Users\tyin363\Documents\repos\chillzhuang__blade-tool\blade-starter-mybatis\src\main\java\org\springblade\core\mp\base\BaseServiceImpl.java,115
JDK:java.base:N/A:N/A,MethodCallExpr,java.util.Map,remove,C:\Users\tyin363\Documents\repos\chillzhuang__blade-tool\blade-starter-mybatis\src\main\java\org\springblade\core\mp\support\Condition.java,91
CLIENT:client-code:N/A:N/A,NameExpr,org.springblade.core.mp.support.SqlKeyword,GE,C:\Users\tyin363\Documents\repos\chillzhuang__blade-tool\blade-starter-mybatis\src\main\java\org\springblade\core\mp\support\SqlKeyword.java,94
com.baomidou:mybatis-plus-extension:jar:3.5.12,MethodCallExpr,com.baomidou.mybatisplus.extension.plugins.pagination.Page,addOrder,C:\Users\tyin363\Documents\repos\chillzhuang__blade-tool\blade-starter-mybatis\src\main\java\org\springblade\core\mp\support\Condition.java,47
CLIENT:client-code:N/A:N/A,NameExpr,org.springblade.core.mp.support.SqlKeyword,DATE_GT,C:\Users\tyin363\Documents\repos\chillzhuang__blade-tool\blade-starter-mybatis\src\main\java\org\springblade\core\mp\support\SqlKeyword.java,104
CLIENT:client-code:N/A:N/A,NameExpr,org.springblade.core.mp.support.SqlKeyword,IS_NULL,C:\Users\tyin363\Documents\repos\chillzhuang__blade-tool\blade-starter-mybatis\src\main\java\org\springblade\core\mp\support\SqlKeyword.java,112
CLIENT:client-code:N/A:N/A,NameExpr,org.springblade.core.mp.plugins.BladePaginationInterceptor,queryInterceptors,C:\Users\tyin363\Documents\repos\chillzhuang__blade-tool\blade-starter-mybatis\src\main\java\org\springblade\core\mp\plugins\BladePaginationInterceptor.java,44
JDK:java.base:N/A:N/A,MethodCallExpr,java.lang.String,valueOf,C:\Users\tyin363\Documents\repos\chillzhuang__blade-tool\blade-starter-mybatis\src\main\java\org\springblade\core\mp\support\SqlKeyword.java,103
JDK:java.base:N/A:N/A,ClassOrInterfaceType,java.io.Serializable,Serializable,C:\Users\tyin363\Documents\repos\chillzhuang__blade-tool\blade-starter-mybatis\src\main\java\org\springblade\core\mp\base\BaseEntity.java,39
JDK:java.base:N/A:N/A,MethodCallExpr,java.lang.String,endsWith,C:\Users\tyin363\Documents\repos\chillzhuang__blade-tool\blade-starter-mybatis\src\main\java\org\springblade\core\mp\support\SqlKeyword.java,84
JDK:java.base:N/A:N/A,ClassOrInterfaceType,java.util.Map,Map,C:\Users\tyin363\Documents\repos\chillzhuang__blade-tool\blade-starter-mybatis\src\main\java\org\springblade\core\mp\support\Condition.java,75
com.baomidou:mybatis-plus-core:jar:3.5.12,MethodCallExpr,com.baomidou.mybatisplus.core.conditions.interfaces.Compare,le,C:\Users\tyin363\Documents\repos\chillzhuang__blade-tool\blade-starter-mybatis\src\main\java\org\springblade\core\mp\support\SqlKeyword.java,109
JDK:java.base:N/A:N/A,ClassOrInterfaceType,java.lang.String,String,C:\Users\tyin363\Documents\repos\chillzhuang__blade-tool\blade-starter-mybatis\src\main\java\org\springblade\core\mp\support\SqlKeyword.java,56
CLIENT:client-code:N/A:N/A,MethodCallExpr,org.springblade.core.mp.base.BaseServiceImpl,save,C:\Users\tyin363\Documents\repos\chillzhuang__blade-tool\blade-starter-mybatis\src\main\java\org\springblade\core\mp\base\BaseServiceImpl.java,73
org.mybatis:mybatis:jar:3.5.19,ClassOrInterfaceType,org.apache.ibatis.executor.Executor,Executor,C:\Users\tyin363\Documents\repos\chillzhuang__blade-tool\blade-starter-mybatis\src\main\java\org\springblade\core\mp\plugins\BladePaginationInterceptor.java,43
JDK:java.base:N/A:N/A,ClassOrInterfaceType,java.util.List,List,C:\Users\tyin363\Documents\repos\chillzhuang__blade-tool\blade-starter-mybatis\src\main\java\org\springblade\core\mp\base\BaseServiceImpl.java,80
org.springframework:spring-core:jar:5.3.31,ClassOrInterfaceType,org.springframework.core.Ordered,Ordered,C:\Users\tyin363\Documents\repos\chillzhuang__blade-tool\blade-starter-mybatis\src\main\java\org\springblade\core\mp\intercept\QueryInterceptor.java,32
com.baomidou:mybatis-plus-core:jar:3.5.12,ObjectCreationExpr,com.baomidou.mybatisplus.core.conditions.query.QueryWrapper,QueryWrapper,C:\Users\tyin363\Documents\repos\chillzhuang__blade-tool\blade-starter-mybatis\src\main\java\org\springblade\core\mp\support\Condition.java,92
com.baomidou:mybatis-plus-core:jar:3.5.12,ClassOrInterfaceType,com.baomidou.mybatisplus.core.conditions.query.QueryWrapper,QueryWrapper,C:\Users\tyin363\Documents\repos\chillzhuang__blade-tool\blade-starter-mybatis\src\main\java\org\springblade\core\mp\support\SqlKeyword.java,74
JDK:java.base:N/A:N/A,ClassOrInterfaceType,java.lang.String,String,C:\Users\tyin363\Documents\repos\chillzhuang__blade-tool\blade-starter-mybatis\src\main\java\org\springblade\core\mp\support\SqlKeyword.java,57
JDK:java.base:N/A:N/A,ClassOrInterfaceType,java.lang.String,String,C:\Users\tyin363\Documents\repos\chillzhuang__blade-tool\blade-starter-mybatis\src\main\java\org\springblade\core\mp\base\TenantEntity.java,36
JDK:java.base:N/A:N/A,MethodCallExpr,java.util.regex.Pattern,matcher,C:\Users\tyin363\Documents\repos\chillzhuang__blade-tool\blade-starter-mybatis\src\main\java\org\springblade\core\mp\support\SqlKeyword.java,162
JDK:java.base:N/A:N/A,ClassOrInterfaceType,java.lang.String,String,C:\Users\tyin363\Documents\repos\chillzhuang__blade-tool\blade-starter-mybatis\src\main\java\org\springblade\core\mp\plugins\SqlLogInterceptor.java,133
CLIENT:client-code:N/A:N/A,MethodCallExpr,org.springblade.core.mp.support.SqlKeyword,getColumn,C:\Users\tyin363\Documents\repos\chillzhuang__blade-tool\blade-starter-mybatis\src\main\java\org\springblade\core\mp\support\SqlKeyword.java,111
JDK:java.base:N/A:N/A,ClassOrInterfaceType,java.lang.String,String,C:\Users\tyin363\Documents\repos\chillzhuang__blade-tool\blade-starter-mybatis\src\main\java\org\springblade\core\mp\support\SqlKeyword.java,161
JDK:java.base:N/A:N/A,ClassOrInterfaceType,java.lang.String,String,C:\Users\tyin363\Documents\repos\chillzhuang__blade-tool\blade-starter-mybatis\src\main\java\org\springblade\core\mp\support\SqlKeyword.java,62
CLIENT:client-code:N/A:N/A,MethodCallExpr,org.springblade.core.mp.support.SqlKeyword,getColumn,C:\Users\tyin363\Documents\repos\chillzhuang__blade-tool\blade-starter-mybatis\src\main\java\org\springblade\core\mp\support\SqlKeyword.java,103
CLIENT:client-code:N/A:N/A,NameExpr,org.springblade.core.mp.support.SqlKeyword,NOT_LIKE,C:\Users\tyin363\Documents\repos\chillzhuang__blade-tool\blade-starter-mybatis\src\main\java\org\springblade\core\mp\support\SqlKeyword.java,92
org.springblade:blade-core-tool:jar:4.6.0,FieldAccessExpr,org.springblade.core.tool.utils.DateUtil,PATTERN_DATETIME,C:\Users\tyin363\Documents\repos\chillzhuang__blade-tool\blade-starter-mybatis\src\main\java\org\springblade\core\mp\base\BaseEntity.java,66
,MethodCallExpr,com.baomidou.mybatisplus.autoconfigure.MybatisPlusProperties.CoreConfiguration,getLogImpl,C:\Users\tyin363\Documents\repos\chillzhuang__blade-tool\blade-starter-mybatis\src\main\java\org\springblade\core\mp\config\MybatisPlusConfiguration.java,119
JDK:java.base:N/A:N/A,MethodCallExpr,java.lang.Iterable,forEach,C:\Users\tyin363\Documents\repos\chillzhuang__blade-tool\blade-starter-mybatis\src\main\java\org\springblade\core\mp\base\BaseServiceImpl.java,54
JDK:java.base:N/A:N/A,ClassOrInterfaceType,java.lang.String,String,C:\Users\tyin363\Documents\repos\chillzhuang__blade-tool\blade-starter-mybatis\src\main\java\org\springblade\core\mp\plugins\SqlLogInterceptor.java,105
CLIENT:client-code:N/A:N/A,MethodCallExpr,org.springblade.core.mp.support.SqlKeyword,filter,C:\Users\tyin363\Documents\repos\chillzhuang__blade-tool\blade-starter-mybatis\src\main\java\org\springblade\core\mp\support\SqlKeyword.java,83
com.alibaba:druid:jar:1.2.25,MethodCallExpr,com.alibaba.druid.DbType,of,C:\Users\tyin363\Documents\repos\chillzhuang__blade-tool\blade-starter-mybatis\src\main\java\org\springblade\core\mp\plugins\SqlLogInterceptor.java,117
org.springblade:blade-core-tool:jar:4.6.0,MethodCallExpr,org.springblade.core.tool.utils.StringUtil,format,C:\Users\tyin363\Documents\repos\chillzhuang__blade-tool\blade-starter-mybatis\src\main\java\org\springblade\core\mp\plugins\SqlLogInterceptor.java,138
JDK:java.base:N/A:N/A,MethodCallExpr,java.lang.String,endsWith,C:\Users\tyin363\Documents\repos\chillzhuang__blade-tool\blade-starter-mybatis\src\main\java\org\springblade\core\mp\support\SqlKeyword.java,90
org.springblade:blade-core-tool:jar:4.6.0,FieldAccessExpr,org.springblade.core.tool.utils.DateUtil,PATTERN_DATETIME,C:\Users\tyin363\Documents\repos\chillzhuang__blade-tool\blade-starter-mybatis\src\main\java\org\springblade\core\mp\support\SqlKeyword.java,111
JDK:java.base:N/A:N/A,ClassOrInterfaceType,java.lang.String,String,C:\Users\tyin363\Documents\repos\chillzhuang__blade-tool\blade-starter-mybatis\src\main\java\org\springblade\core\mp\support\SqlKeyword.java,129
com.alibaba:druid:jar:1.2.25,ClassOrInterfaceType,com.alibaba.druid.proxy.jdbc.StatementProxy,StatementProxy,C:\Users\tyin363\Documents\repos\chillzhuang__blade-tool\blade-starter-mybatis\src\main\java\org\springblade\core\mp\plugins\SqlLogInterceptor.java,53
JDK:java.base:N/A:N/A,ClassOrInterfaceType,java.lang.String,String,C:\Users\tyin363\Documents\repos\chillzhuang__blade-tool\blade-starter-mybatis\src\main\java\org\springblade\core\mp\support\SqlKeyword.java,63
JDK:java.base:N/A:N/A,ClassOrInterfaceType,java.lang.Object,Object,C:\Users\tyin363\Documents\repos\chillzhuang__blade-tool\blade-starter-mybatis\src\main\java\org\springblade\core\mp\support\SqlKeyword.java,74
org.springblade:blade-core-tool:jar:4.6.0,MethodCallExpr,org.springblade.core.tool.utils.StringUtil,cleanIdentifier,C:\Users\tyin363\Documents\repos\chillzhuang__blade-tool\blade-starter-mybatis\src\main\java\org\springblade\core\mp\support\Condition.java,51
CLIENT:client-code:N/A:N/A,NameExpr,org.springblade.core.mp.support.SqlKeyword,NOT_LIKE,C:\Users\tyin363\Documents\repos\chillzhuang__blade-tool\blade-starter-mybatis\src\main\java\org\springblade\core\mp\support\SqlKeyword.java,93
com.baomidou:mybatis-plus-core:jar:3.5.12,MethodCallExpr,com.baomidou.mybatisplus.core.conditions.interfaces.Compare,ne,C:\Users\tyin363\Documents\repos\chillzhuang__blade-tool\blade-starter-mybatis\src\main\java\org\springblade\core\mp\base\BaseServiceImpl.java,89
org.springblade:blade-core-tool:jar:4.6.0,FieldAccessExpr,org.springblade.core.tool.utils.DateUtil,PATTERN_DATETIME,C:\Users\tyin363\Documents\repos\chillzhuang__blade-tool\blade-starter-mybatis\src\main\java\org\springblade\core\mp\base\BaseEntity.java,67
JDK:java.base:N/A:N/A,ClassOrInterfaceType,java.lang.String,String,C:\Users\tyin363\Documents\repos\chillzhuang__blade-tool\blade-starter-mybatis\src\main\java\org\springblade\core\mp\plugins\SqlLogInterceptor.java,73
com.alibaba:druid:jar:1.2.25,ClassOrInterfaceType,com.alibaba.druid.proxy.jdbc.JdbcParameter,JdbcParameter,C:\Users\tyin363\Documents\repos\chillzhuang__blade-tool\blade-starter-mybatis\src\main\java\org\springblade\core\mp\plugins\SqlLogInterceptor.java,121
com.alibaba:druid:jar:1.2.25,MethodCallExpr,com.alibaba.druid.filter.FilterAdapter,statement_close,C:\Users\tyin363\Documents\repos\chillzhuang__blade-tool\blade-starter-mybatis\src\main\java\org\springblade\core\mp\plugins\SqlLogInterceptor.java,95
JDK:java.base:N/A:N/A,ClassOrInterfaceType,java.lang.Integer,Integer,C:\Users\tyin363\Documents\repos\chillzhuang__blade-tool\blade-starter-mybatis\src\main\java\org\springblade\core\mp\base\BaseEntity.java,90
com.baomidou:mybatis-plus-core:jar:3.5.12,MethodCallExpr,com.baomidou.mybatisplus.core.conditions.interfaces.Compare,lt,C:\Users\tyin363\Documents\repos\chillzhuang__blade-tool\blade-starter-mybatis\src\main\java\org\springblade\core\mp\support\SqlKeyword.java,101
org.springblade:blade-core-tool:jar:4.6.0,MethodCallExpr,org.springblade.core.tool.utils.BeanUtil,newInstance,C:\Users\tyin363\Documents\repos\chillzhuang__blade-tool\blade-starter-mybatis\src\main\java\org\springblade\core\mp\support\Condition.java,93
CLIENT:client-code:N/A:N/A,NameExpr,org.springblade.core.mp.support.SqlKeyword,LIKE_RIGHT,C:\Users\tyin363\Documents\repos\chillzhuang__blade-tool\blade-starter-mybatis\src\main\java\org\springblade\core\mp\support\SqlKeyword.java,90
CLIENT:client-code:N/A:N/A,MethodCallExpr,org.springblade.core.mp.support.SqlKeyword,getColumn,C:\Users\tyin363\Documents\repos\chillzhuang__blade-tool\blade-starter-mybatis\src\main\java\org\springblade\core\mp\support\SqlKeyword.java,105
CLIENT:client-code:N/A:N/A,ClassOrInterfaceType,org.springblade.core.mp.intercept.QueryInterceptor,QueryInterceptor,C:\Users\tyin363\Documents\repos\chillzhuang__blade-tool\blade-starter-mybatis\src\main\java\org\springblade\core\mp\plugins\QueryInterceptorExecutor.java,45
JDK:java.base:N/A:N/A,ClassOrInterfaceType,java.lang.Object,Object,C:\Users\tyin363\Documents\repos\chillzhuang__blade-tool\blade-starter-mybatis\src\main\java\org\springblade\core\mp\plugins\SqlLogInterceptor.java,121
com.alibaba:druid:jar:1.2.25,ClassOrInterfaceType,com.alibaba.druid.filter.FilterChain,FilterChain,C:\Users\tyin363\Documents\repos\chillzhuang__blade-tool\blade-starter-mybatis\src\main\java\org\springblade\core\mp\plugins\SqlLogInterceptor.java,93
com.baomidou:mybatis-plus-core:jar:3.5.12,MethodCallExpr,com.baomidou.mybatisplus.core.metadata.IPage,getCurrent,C:\Users\tyin363\Documents\repos\chillzhuang__blade-tool\blade-starter-mybatis\src\main\java\org\springblade\core\mp\support\BaseEntityWrapper.java,57
com.alibaba:druid:jar:1.2.25,ClassOrInterfaceType,com.alibaba.druid.proxy.jdbc.ResultSetProxy,ResultSetProxy,C:\Users\tyin363\Documents\repos\chillzhuang__blade-tool\blade-starter-mybatis\src\main\java\org\springblade\core\mp\plugins\SqlLogInterceptor.java,83
org.springblade:blade-core-tool:jar:4.6.0,MethodCallExpr,org.springblade.core.tool.utils.DateUtil,parse,C:\Users\tyin363\Documents\repos\chillzhuang__blade-tool\blade-starter-mybatis\src\main\java\org\springblade\core\mp\support\SqlKeyword.java,111
com.baomidou:mybatis-plus-core:jar:3.5.12,MethodCallExpr,com.baomidou.mybatisplus.core.metadata.OrderItem,asc,C:\Users\tyin363\Documents\repos\chillzhuang__blade-tool\blade-starter-mybatis\src\main\java\org\springblade\core\mp\support\Condition.java,47
CLIENT:client-code:N/A:N/A,NameExpr,org.springblade.core.mp.support.SqlKeyword,DATE_EQUAL,C:\Users\tyin363\Documents\repos\chillzhuang__blade-tool\blade-starter-mybatis\src\main\java\org\springblade\core\mp\support\SqlKeyword.java,107
org.mybatis:mybatis:jar:3.5.19,ClassOrInterfaceType,org.apache.ibatis.session.ResultHandler,ResultHandler,C:\Users\tyin363\Documents\repos\chillzhuang__blade-tool\blade-starter-mybatis\src\main\java\org\springblade\core\mp\intercept\QueryInterceptor.java,44
,MethodCallExpr,com.baomidou.mybatisplus.autoconfigure.MybatisPlusProperties.CoreConfiguration,setLogImpl,C:\Users\tyin363\Documents\repos\chillzhuang__blade-tool\blade-starter-mybatis\src\main\java\org\springblade\core\mp\config\MybatisPlusConfiguration.java,121
JDK:java.base:N/A:N/A,MethodCallExpr,java.lang.String,endsWith,C:\Users\tyin363\Documents\repos\chillzhuang__blade-tool\blade-starter-mybatis\src\main\java\org\springblade\core\mp\support\SqlKeyword.java,88
JDK:java.base:N/A:N/A,ClassOrInterfaceType,java.lang.String,String,C:\Users\tyin363\Documents\repos\chillzhuang__blade-tool\blade-starter-mybatis\src\main\java\org\springblade\core\mp\support\SqlKeyword.java,60
com.baomidou:mybatis-plus-core:jar:3.5.12,MethodCallExpr,com.baomidou.mybatisplus.core.conditions.interfaces.Compare,ge,C:\Users\tyin363\Documents\repos\chillzhuang__blade-tool\blade-starter-mybatis\src\main\java\org\springblade\core\mp\support\SqlKeyword.java,95
com.alibaba:druid:jar:1.2.25,MethodCallExpr,com.alibaba.druid.proxy.jdbc.StatementProxy,setLastExecuteStartNano,C:\Users\tyin363\Documents\repos\chillzhuang__blade-tool\blade-starter-mybatis\src\main\java\org\springblade\core\mp\plugins\SqlLogInterceptor.java,69
CLIENT:client-code:N/A:N/A,NameExpr,org.springblade.core.mp.support.SqlKeyword,LIKE_RIGHT,C:\Users\tyin363\Documents\repos\chillzhuang__blade-tool\blade-starter-mybatis\src\main\java\org\springblade\core\mp\support\SqlKeyword.java,91
com.baomidou:mybatis-plus-jsqlparser-4.9:jar:3.5.12,ObjectCreationExpr,com.baomidou.mybatisplus.extension.plugins.inner.TenantLineInnerInterceptor,TenantLineInnerInterceptor,C:\Users\tyin363\Documents\repos\chillzhuang__blade-tool\blade-starter-mybatis\src\main\java\org\springblade\core\mp\config\MybatisPlusConfiguration.java,62
JDK:java.base:N/A:N/A,ClassOrInterfaceType,java.lang.String,String,C:\Users\tyin363\Documents\repos\chillzhuang__blade-tool\blade-starter-mybatis\src\main\java\org\springblade\core\mp\support\SqlKeyword.java,61
JDK:java.base:N/A:N/A,MethodCallExpr,java.lang.String,replaceAll,C:\Users\tyin363\Documents\repos\chillzhuang__blade-tool\blade-starter-mybatis\src\main\java\org\springblade\core\mp\support\SqlKeyword.java,147
JDK:java.base:N/A:N/A,ClassOrInterfaceType,java.lang.Long,Long,C:\Users\tyin363\Documents\repos\chillzhuang__blade-tool\blade-starter-mybatis\src\main\java\org\springblade\core\mp\base\BaseEntity.java,61
CLIENT:client-code:N/A:N/A,NameExpr,org.springblade.core.mp.support.SqlKeyword,IGNORE,C:\Users\tyin363\Documents\repos\chillzhuang__blade-tool\blade-starter-mybatis\src\main\java\org\springblade\core\mp\support\SqlKeyword.java,79
org.springblade:blade-core-secure:jar:4.6.0,ClassOrInterfaceType,org.springblade.core.secure.BladeUser,BladeUser,C:\Users\tyin363\Documents\repos\chillzhuang__blade-tool\blade-starter-mybatis\src\main\java\org\springblade\core\mp\base\BaseServiceImpl.java,113
com.alibaba:druid:jar:1.2.25,MethodCallExpr,com.alibaba.druid.proxy.jdbc.StatementProxy,getBatchSql,C:\Users\tyin363\Documents\repos\chillzhuang__blade-tool\blade-starter-mybatis\src\main\java\org\springblade\core\mp\plugins\SqlLogInterceptor.java,105
CLIENT:client-code:N/A:N/A,NameExpr,org.springblade.core.mp.support.SqlKeyword,DATE_EQUAL,C:\Users\tyin363\Documents\repos\chillzhuang__blade-tool\blade-starter-mybatis\src\main\java\org\springblade\core\mp\support\SqlKeyword.java,106
JDK:java.base:N/A:N/A,MethodCallExpr,java.util.stream.Stream,map,C:\Users\tyin363\Documents\repos\chillzhuang__blade-tool\blade-starter-mybatis\src\main\java\org\springblade\core\mp\support\BaseEntityWrapper.java,46
org.springblade:blade-core-tool:jar:4.6.0,MethodCallExpr,org.springblade.core.tool.utils.ObjectUtil,isNotEmpty,C:\Users\tyin363\Documents\repos\chillzhuang__blade-tool\blade-starter-mybatis\src\main\java\org\springblade\core\mp\config\MybatisPlusConfiguration.java,90
JDK:java.base:N/A:N/A,ClassOrInterfaceType,java.lang.String,String,C:\Users\tyin363\Documents\repos\chillzhuang__blade-tool\blade-starter-mybatis\src\main\java\org\springblade\core\mp\support\SqlKeyword.java,66
JDK:java.base:N/A:N/A,ClassOrInterfaceType,java.lang.Boolean,Boolean,C:\Users\tyin363\Documents\repos\chillzhuang__blade-tool\blade-starter-mybatis\src\main\java\org\springblade\core\mp\props\MybatisPlusProperties.java,38
com.alibaba:druid:jar:1.2.25,ClassOrInterfaceType,com.alibaba.druid.proxy.jdbc.StatementProxy,StatementProxy,C:\Users\tyin363\Documents\repos\chillzhuang__blade-tool\blade-starter-mybatis\src\main\java\org\springblade\core\mp\plugins\SqlLogInterceptor.java,58
JDK:java.base:N/A:N/A,ClassOrInterfaceType,java.util.Date,Date,C:\Users\tyin363\Documents\repos\chillzhuang__blade-tool\blade-starter-mybatis\src\main\java\org\springblade\core\mp\base\BaseEntity.java,84
org.springblade:blade-core-tool:jar:4.6.0,MethodCallExpr,org.springblade.core.tool.support.Kv,init,C:\Users\tyin363\Documents\repos\chillzhuang__blade-tool\blade-starter-mybatis\src\main\java\org\springblade\core\mp\support\Condition.java,76
CLIENT:client-code:N/A:N/A,MethodCallExpr,org.springblade.core.mp.support.SqlKeyword,getColumn,C:\Users\tyin363\Documents\repos\chillzhuang__blade-tool\blade-starter-mybatis\src\main\java\org\springblade\core\mp\support\SqlKeyword.java,99
JDK:java.base:N/A:N/A,ClassOrInterfaceType,java.lang.Class,Class,C:\Users\tyin363\Documents\repos\chillzhuang__blade-tool\blade-starter-mybatis\src\main\java\org\springblade\core\mp\config\MybatisPlusConfiguration.java,119
org.springblade:blade-core-tool:jar:4.6.0,FieldAccessExpr,org.springblade.core.tool.utils.DateUtil,PATTERN_DATETIME,C:\Users\tyin363\Documents\repos\chillzhuang__blade-tool\blade-starter-mybatis\src\main\java\org\springblade\core\mp\support\SqlKeyword.java,107
com.baomidou:mybatis-plus-core:jar:3.5.12,ClassOrInterfaceType,com.baomidou.mybatisplus.core.toolkit.support.SFunction,SFunction,C:\Users\tyin363\Documents\repos\chillzhuang__blade-tool\blade-starter-mybatis\src\main\java\org\springblade\core\mp\base\BaseServiceImpl.java,85
CLIENT:client-code:N/A:N/A,NameExpr,org.springblade.core.mp.support.SqlKeyword,NOT_NULL,C:\Users\tyin363\Documents\repos\chillzhuang__blade-tool\blade-starter-mybatis\src\main\java\org\springblade\core\mp\support\SqlKeyword.java,114
com.baomidou:mybatis-plus-core:jar:3.5.12,ClassOrInterfaceType,com.baomidou.mybatisplus.core.metadata.IPage,IPage,C:\Users\tyin363\Documents\repos\chillzhuang__blade-tool\blade-starter-mybatis\src\main\java\org\springblade\core\mp\support\Condition.java,43
JDK:java.base:N/A:N/A,MethodCallExpr,java.lang.String,endsWith,C:\Users\tyin363\Documents\repos\chillzhuang__blade-tool\blade-starter-mybatis\src\main\java\org\springblade\core\mp\support\SqlKeyword.java,112
JDK:java.base:N/A:N/A,MethodCallExpr,java.lang.String,endsWith,C:\Users\tyin363\Documents\repos\chillzhuang__blade-tool\blade-starter-mybatis\src\main\java\org\springblade\core\mp\support\SqlKeyword.java,79
org.mybatis:mybatis:jar:3.5.19,ClassOrInterfaceType,org.apache.ibatis.session.ResultHandler,ResultHandler,C:\Users\tyin363\Documents\repos\chillzhuang__blade-tool\blade-starter-mybatis\src\main\java\org\springblade\core\mp\plugins\QueryInterceptorExecutor.java,41
com.alibaba:druid:jar:1.2.25,ClassOrInterfaceType,com.alibaba.druid.sql.SQLUtils,SQLUtils,C:\Users\tyin363\Documents\repos\chillzhuang__blade-tool\blade-starter-mybatis\src\main\java\org\springblade\core\mp\plugins\SqlLogInterceptor.java,49
org.springframework:spring-beans:jar:6.0.23,MethodCallExpr,org.springframework.beans.factory.ObjectProvider,getIfAvailable,C:\Users\tyin363\Documents\repos\chillzhuang__blade-tool\blade-starter-mybatis\src\main\java\org\springblade\core\mp\config\MybatisPlusConfiguration.java,89
com.baomidou:mybatis-plus-extension:jar:3.5.12,ObjectCreationExpr,com.baomidou.mybatisplus.extension.plugins.MybatisPlusInterceptor,MybatisPlusInterceptor,C:\Users\tyin363\Documents\repos\chillzhuang__blade-tool\blade-starter-mybatis\src\main\java\org\springblade\core\mp\config\MybatisPlusConfiguration.java,83
JDK:java.base:N/A:N/A,ClassOrInterfaceType,java.lang.Long,Long,C:\Users\tyin363\Documents\repos\chillzhuang__blade-tool\blade-starter-mybatis\src\main\java\org\springblade\core\mp\props\MybatisPlusProperties.java,33
com.baomidou:mybatis-plus-core:jar:3.5.12,MethodCallExpr,com.baomidou.mybatisplus.core.metadata.OrderItem,desc,C:\Users\tyin363\Documents\repos\chillzhuang__blade-tool\blade-starter-mybatis\src\main\java\org\springblade\core\mp\support\Condition.java,51
com.baomidou:mybatis-plus-core:jar:3.5.12,MethodCallExpr,com.baomidou.mybatisplus.core.conditions.interfaces.Compare,eq,C:\Users\tyin363\Documents\repos\chillzhuang__blade-tool\blade-starter-mybatis\src\main\java\org\springblade\core\mp\support\SqlKeyword.java,85
org.springblade:blade-core-secure:jar:4.6.0,MethodCallExpr,org.springblade.core.secure.utils.SecureUtil,getUser,C:\Users\tyin363\Documents\repos\chillzhuang__blade-tool\blade-starter-mybatis\src\main\java\org\springblade\core\mp\base\BaseServiceImpl.java,96
CLIENT:client-code:N/A:N/A,ClassOrInterfaceType,org.springblade.core.mp.props.MybatisPlusProperties,MybatisPlusProperties,C:\Users\tyin363\Documents\repos\chillzhuang__blade-tool\blade-starter-mybatis\src\main\java\org\springblade\core\mp\config\MybatisPlusConfiguration.java,82
CLIENT:client-code:N/A:N/A,NameExpr,org.springblade.core.mp.support.SqlKeyword,NOT_NULL,C:\Users\tyin363\Documents\repos\chillzhuang__blade-tool\blade-starter-mybatis\src\main\java\org\springblade\core\mp\support\SqlKeyword.java,115
,ObjectCreationExpr,com.alibaba.druid.sql.SQLUtils.FormatOption,SQLUtils$FormatOption,C:\Users\tyin363\Documents\repos\chillzhuang__blade-tool\blade-starter-mybatis\src\main\java\org\springblade\core\mp\plugins\SqlLogInterceptor.java,49
JDK:java.base:N/A:N/A,ClassOrInterfaceType,java.lang.Object,Object,C:\Users\tyin363\Documents\repos\chillzhuang__blade-tool\blade-starter-mybatis\src\main\java\org\springblade\core\mp\plugins\SqlLogInterceptor.java,125
com.alibaba:druid:jar:1.2.25,MethodCallExpr,com.alibaba.druid.proxy.jdbc.StatementProxy,getParameter,C:\Users\tyin363\Documents\repos\chillzhuang__blade-tool\blade-starter-mybatis\src\main\java\org\springblade\core\mp\plugins\SqlLogInterceptor.java,114
JDK:java.base:N/A:N/A,ClassOrInterfaceType,java.lang.Object,Object,C:\Users\tyin363\Documents\repos\chillzhuang__blade-tool\blade-starter-mybatis\src\main\java\org\springblade\core\mp\base\BaseService.java,48
com.alibaba:druid:jar:1.2.25,MethodCallExpr,com.alibaba.druid.proxy.jdbc.StatementProxy,setLastExecuteTimeNano,C:\Users\tyin363\Documents\repos\chillzhuang__blade-tool\blade-starter-mybatis\src\main\java\org\springblade\core\mp\plugins\SqlLogInterceptor.java,74
CLIENT:client-code:N/A:N/A,MethodCallExpr,org.springblade.core.mp.support.SqlKeyword,getColumn,C:\Users\tyin363\Documents\repos\chillzhuang__blade-tool\blade-starter-mybatis\src\main\java\org\springblade\core\mp\support\SqlKeyword.java,101
CLIENT:client-code:N/A:N/A,ClassOrInterfaceType,org.springblade.core.mp.plugins.SqlLogInterceptor,SqlLogInterceptor,C:\Users\tyin363\Documents\repos\chillzhuang__blade-tool\blade-starter-mybatis\src\main\java\org\springblade\core\mp\config\MybatisPlusConfiguration.java,108
JDK:java.base:N/A:N/A,ClassOrInterfaceType,java.lang.String,String,C:\Users\tyin363\Documents\repos\chillzhuang__blade-tool\blade-starter-mybatis\src\main\java\org\springblade\core\mp\support\SqlKeyword.java,64
org.mybatis:mybatis:jar:3.5.19,ClassOrInterfaceType,org.apache.ibatis.reflection.MetaObject,MetaObject,C:\Users\tyin363\Documents\repos\chillzhuang__blade-tool\blade-starter-mybatis\src\main\java\org\springblade\core\mp\BladeMetaObjectHandler.java,36
CLIENT:client-code:N/A:N/A,ClassOrInterfaceType,org.springblade.core.mp.intercept.QueryInterceptor,QueryInterceptor,C:\Users\tyin363\Documents\repos\chillzhuang__blade-tool\blade-starter-mybatis\src\main\java\org\springblade\core\mp\plugins\QueryInterceptorExecutor.java,41
CLIENT:client-code:N/A:N/A,MethodCallExpr,org.springblade.core.mp.plugins.QueryInterceptorExecutor,exec,C:\Users\tyin363\Documents\repos\chillzhuang__blade-tool\blade-starter-mybatis\src\main\java\org\springblade\core\mp\plugins\BladePaginationInterceptor.java,44
com.baomidou:mybatis-plus-jsqlparser-4.9:jar:3.5.12,MethodCallExpr,com.baomidou.mybatisplus.extension.plugins.inner.PaginationInnerInterceptor,willDoQuery,C:\Users\tyin363\Documents\repos\chillzhuang__blade-tool\blade-starter-mybatis\src\main\java\org\springblade\core\mp\plugins\BladePaginationInterceptor.java,45
org.springblade:blade-core-tool:jar:4.6.0,FieldAccessExpr,org.springblade.core.tool.utils.DateUtil,PATTERN_DATETIME,C:\Users\tyin363\Documents\repos\chillzhuang__blade-tool\blade-starter-mybatis\src\main\java\org\springblade\core\mp\support\SqlKeyword.java,109
org.springblade:blade-core-tool:jar:4.6.0,MethodCallExpr,org.springblade.core.tool.utils.Func,isEmpty,C:\Users\tyin363\Documents\repos\chillzhuang__blade-tool\blade-starter-mybatis\src\main\java\org\springblade\core\mp\support\SqlKeyword.java,75
com.baomidou:mybatis-plus-extension:jar:3.5.12,ClassOrInterfaceType,com.baomidou.mybatisplus.extension.plugins.MybatisPlusInterceptor,MybatisPlusInterceptor,C:\Users\tyin363\Documents\repos\chillzhuang__blade-tool\blade-starter-mybatis\src\main\java\org\springblade\core\mp\config\MybatisPlusConfiguration.java,80
JDK:java.base:N/A:N/A,ClassOrInterfaceType,java.lang.String,String,C:\Users\tyin363\Documents\repos\chillzhuang__blade-tool\blade-starter-mybatis\src\main\java\org\springblade\core\mp\support\SqlKeyword.java,65
com.baomidou:mybatis-plus-core:jar:3.5.12,MethodCallExpr,com.baomidou.mybatisplus.core.conditions.interfaces.Func,isNotNull,C:\Users\tyin363\Documents\repos\chillzhuang__blade-tool\blade-starter-mybatis\src\main\java\org\springblade\core\mp\support\SqlKeyword.java,115
CLIENT:client-code:N/A:N/A,ClassOrInterfaceType,org.springblade.core.mp.plugins.SqlLogInterceptor,SqlLogInterceptor,C:\Users\tyin363\Documents\repos\chillzhuang__blade-tool\blade-starter-mybatis\src\main\java\org\springblade\core\mp\config\MybatisPlusConfiguration.java,107
com.alibaba:druid:jar:1.2.25,ClassOrInterfaceType,com.alibaba.druid.proxy.jdbc.StatementProxy,StatementProxy,C:\Users\tyin363\Documents\repos\chillzhuang__blade-tool\blade-starter-mybatis\src\main\java\org\springblade\core\mp\plugins\SqlLogInterceptor.java,88
JDK:java.base:N/A:N/A,MethodCallExpr,java.lang.String,endsWith,C:\Users\tyin363\Documents\repos\chillzhuang__blade-tool\blade-starter-mybatis\src\main\java\org\springblade\core\mp\support\SqlKeyword.java,110
CLIENT:client-code:N/A:N/A,MethodCallExpr,org.springblade.core.mp.support.Condition,getQueryWrapper,C:\Users\tyin363\Documents\repos\chillzhuang__blade-tool\blade-starter-mybatis\src\main\java\org\springblade\core\mp\support\Condition.java,78
org.mybatis:mybatis:jar:3.5.19,ClassOrInterfaceType,org.apache.ibatis.session.RowBounds,RowBounds,C:\Users\tyin363\Documents\repos\chillzhuang__blade-tool\blade-starter-mybatis\src\main\java\org\springblade\core\mp\intercept\QueryInterceptor.java,44
JDK:java.base:N/A:N/A,ObjectCreationExpr,java.util.ArrayList,ArrayList,C:\Users\tyin363\Documents\repos\chillzhuang__blade-tool\blade-starter-mybatis\src\main\java\org\springblade\core\mp\plugins\SqlLogInterceptor.java,111
org.mybatis:mybatis:jar:3.5.19,ClassOrInterfaceType,org.apache.ibatis.mapping.BoundSql,BoundSql,C:\Users\tyin363\Documents\repos\chillzhuang__blade-tool\blade-starter-mybatis\src\main\java\org\springblade\core\mp\plugins\BladePaginationInterceptor.java,43
com.baomidou:mybatis-plus-extension:jar:3.5.12,ClassOrInterfaceType,com.baomidou.mybatisplus.extension.plugins.MybatisPlusInterceptor,MybatisPlusInterceptor,C:\Users\tyin363\Documents\repos\chillzhuang__blade-tool\blade-starter-mybatis\src\main\java\org\springblade\core\mp\config\MybatisPlusConfiguration.java,79
CLIENT:client-code:N/A:N/A,NameExpr,org.springblade.core.mp.support.SqlKeyword,DATE_LE,C:\Users\tyin363\Documents\repos\chillzhuang__blade-tool\blade-starter-mybatis\src\main\java\org\springblade\core\mp\support\SqlKeyword.java,109
JDK:java.base:N/A:N/A,ClassOrInterfaceType,java.lang.String,String,C:\Users\tyin363\Documents\repos\chillzhuang__blade-tool\blade-starter-mybatis\src\main\java\org\springblade\core\mp\support\Condition.java,75
org.springblade:blade-core-tool:jar:4.6.0,ClassOrInterfaceType,org.springblade.core.tool.support.Kv,Kv,C:\Users\tyin363\Documents\repos\chillzhuang__blade-tool\blade-starter-mybatis\src\main\java\org\springblade\core\mp\support\Condition.java,76
JDK:java.base:N/A:N/A,ClassOrInterfaceType,java.util.Collection,Collection,C:\Users\tyin363\Documents\repos\chillzhuang__blade-tool\blade-starter-mybatis\src\main\java\org\springblade\core\mp\base\BaseServiceImpl.java,53
CLIENT:client-code:N/A:N/A,MethodCallExpr,org.springblade.core.mp.support.SqlKeyword,getColumn,C:\Users\tyin363\Documents\repos\chillzhuang__blade-tool\blade-starter-mybatis\src\main\java\org\springblade\core\mp\support\SqlKeyword.java,95
com.baomidou:mybatis-plus-core:jar:3.5.12,ClassOrInterfaceType,com.baomidou.mybatisplus.core.conditions.query.LambdaQueryWrapper,LambdaQueryWrapper,C:\Users\tyin363\Documents\repos\chillzhuang__blade-tool\blade-starter-mybatis\src\main\java\org\springblade\core\mp\base\BaseServiceImpl.java,86
com.baomidou:mybatis-plus-core:jar:3.5.12,ClassOrInterfaceType,com.baomidou.mybatisplus.core.conditions.query.QueryWrapper,QueryWrapper,C:\Users\tyin363\Documents\repos\chillzhuang__blade-tool\blade-starter-mybatis\src\main\java\org\springblade\core\mp\support\Condition.java,63
org.springblade:blade-core-tool:jar:4.6.0,FieldAccessExpr,org.springblade.core.tool.utils.DateUtil,PATTERN_DATETIME,C:\Users\tyin363\Documents\repos\chillzhuang__blade-tool\blade-starter-mybatis\src\main\java\org\springblade\core\mp\support\SqlKeyword.java,103
com.baomidou:mybatis-plus-core:jar:3.5.12,MethodCallExpr,com.baomidou.mybatisplus.core.conditions.AbstractWrapper,setEntity,C:\Users\tyin363\Documents\repos\chillzhuang__blade-tool\blade-starter-mybatis\src\main\java\org\springblade\core\mp\support\Condition.java,93
com.alibaba:druid:jar:1.2.25,ClassOrInterfaceType,com.alibaba.druid.proxy.jdbc.StatementProxy,StatementProxy,C:\Users\tyin363\Documents\repos\chillzhuang__blade-tool\blade-starter-mybatis\src\main\java\org\springblade\core\mp\plugins\SqlLogInterceptor.java,63
com.alibaba:druid:jar:1.2.25,MethodCallExpr,com.alibaba.druid.proxy.jdbc.StatementProxy,setLastExecuteTimeNano,C:\Users\tyin363\Documents\repos\chillzhuang__blade-tool\blade-starter-mybatis\src\main\java\org\springblade\core\mp\plugins\SqlLogInterceptor.java,79
CLIENT:client-code:N/A:N/A,NameExpr,org.springblade.core.mp.support.SqlKeyword,DATE_LE,C:\Users\tyin363\Documents\repos\chillzhuang__blade-tool\blade-starter-mybatis\src\main\java\org\springblade\core\mp\support\SqlKeyword.java,108
JDK:java.base:N/A:N/A,ClassOrInterfaceType,java.lang.Long,Long,C:\Users\tyin363\Documents\repos\chillzhuang__blade-tool\blade-starter-mybatis\src\main\java\org\springblade\core\mp\base\BaseService.java,48
com.alibaba:druid:jar:1.2.25,ClassOrInterfaceType,com.alibaba.druid.filter.FilterEventAdapter,FilterEventAdapter,C:\Users\tyin363\Documents\repos\chillzhuang__blade-tool\blade-starter-mybatis\src\main\java\org\springblade\core\mp\plugins\SqlLogInterceptor.java,48
com.baomidou:mybatis-plus-core:jar:3.5.12,ClassOrInterfaceType,com.baomidou.mybatisplus.core.metadata.IPage,IPage,C:\Users\tyin363\Documents\repos\chillzhuang__blade-tool\blade-starter-mybatis\src\main\java\org\springblade\core\mp\support\BaseEntityWrapper.java,55
org.springblade:blade-core-tool:jar:4.6.0,MethodCallExpr,org.springblade.core.tool.utils.Func,toStr,C:\Users\tyin363\Documents\repos\chillzhuang__blade-tool\blade-starter-mybatis\src\main\java\org\springblade\core\mp\config\MybatisPlusConfiguration.java,65
org.mybatis:mybatis:jar:3.5.19,ClassOrInterfaceType,org.apache.ibatis.logging.Log,Log,C:\Users\tyin363\Documents\repos\chillzhuang__blade-tool\blade-starter-mybatis\src\main\java\org\springblade\core\mp\config\MybatisPlusConfiguration.java,119
com.baomidou:mybatis-plus-core:jar:3.5.12,MethodCallExpr,com.baomidou.mybatisplus.core.toolkit.Wrappers,lambdaQuery,C:\Users\tyin363\Documents\repos\chillzhuang__blade-tool\blade-starter-mybatis\src\main\java\org\springblade\core\mp\base\BaseServiceImpl.java,86
JDK:java.base:N/A:N/A,ClassOrInterfaceType,java.lang.String,String,C:\Users\tyin363\Documents\repos\chillzhuang__blade-tool\blade-starter-mybatis\src\main\java\org\springblade\core\mp\support\SqlKeyword.java,38
org.mybatis:mybatis:jar:3.5.19,ClassOrInterfaceType,org.apache.ibatis.mapping.MappedStatement,MappedStatement,C:\Users\tyin363\Documents\repos\chillzhuang__blade-tool\blade-starter-mybatis\src\main\java\org\springblade\core\mp\intercept\QueryInterceptor.java,44
CLIENT:client-code:N/A:N/A,NameExpr,org.springblade.core.mp.support.SqlKeyword,DATE_GT,C:\Users\tyin363\Documents\repos\chillzhuang__blade-tool\blade-starter-mybatis\src\main\java\org\springblade\core\mp\support\SqlKeyword.java,105
CLIENT:client-code:N/A:N/A,NameExpr,org.springblade.core.mp.support.SqlKeyword,LE,C:\Users\tyin363\Documents\repos\chillzhuang__blade-tool\blade-starter-mybatis\src\main\java\org\springblade\core\mp\support\SqlKeyword.java,96
CLIENT:client-code:N/A:N/A,ClassOrInterfaceType,org.springblade.core.mp.props.MybatisPlusProperties,MybatisPlusProperties,C:\Users\tyin363\Documents\repos\chillzhuang__blade-tool\blade-starter-mybatis\src\main\java\org\springblade\core\mp\config\MybatisPlusConfiguration.java,53
CLIENT:client-code:N/A:N/A,NameExpr,org.springblade.core.mp.support.SqlKeyword,LIKE,C:\Users\tyin363\Documents\repos\chillzhuang__blade-tool\blade-starter-mybatis\src\main\java\org\springblade\core\mp\support\SqlKeyword.java,117
JDK:java.base:N/A:N/A,ClassOrInterfaceType,java.util.ArrayList,ArrayList,C:\Users\tyin363\Documents\repos\chillzhuang__blade-tool\blade-starter-mybatis\src\main\java\org\springblade\core\mp\plugins\SqlLogInterceptor.java,111
JDK:java.base:N/A:N/A,ClassOrInterfaceType,java.lang.Object,Object,C:\Users\tyin363\Documents\repos\chillzhuang__blade-tool\blade-starter-mybatis\src\main\java\org\springblade\core\mp\support\Condition.java,90
JDK:java.base:N/A:N/A,ClassOrInterfaceType,java.lang.Long,Long,C:\Users\tyin363\Documents\repos\chillzhuang__blade-tool\blade-starter-mybatis\src\main\java\org\springblade\core\mp\base\BaseEntity.java,54
com.baomidou:mybatis-plus-core:jar:3.5.12,MethodCallExpr,com.baomidou.mybatisplus.core.conditions.interfaces.Compare,likeRight,C:\Users\tyin363\Documents\repos\chillzhuang__blade-tool\blade-starter-mybatis\src\main\java\org\springblade\core\mp\support\SqlKeyword.java,91
com.baomidou:mybatis-plus-core:jar:3.5.12,ObjectCreationExpr,com.baomidou.mybatisplus.core.conditions.query.QueryWrapper,QueryWrapper,C:\Users\tyin363\Documents\repos\chillzhuang__blade-tool\blade-starter-mybatis\src\main\java\org\springblade\core\mp\support\Condition.java,64
CLIENT:client-code:N/A:N/A,NameExpr,org.springblade.core.mp.support.SqlKeyword,EQUAL,C:\Users\tyin363\Documents\repos\chillzhuang__blade-tool\blade-starter-mybatis\src\main\java\org\springblade\core\mp\support\SqlKeyword.java,84
CLIENT:client-code:N/A:N/A,MethodCallExpr,org.springblade.core.mp.support.SqlKeyword,getColumn,C:\Users\tyin363\Documents\repos\chillzhuang__blade-tool\blade-starter-mybatis\src\main\java\org\springblade\core\mp\support\SqlKeyword.java,97
JDK:java.base:N/A:N/A,MethodCallExpr,java.util.List,add,C:\Users\tyin363\Documents\repos\chillzhuang__blade-tool\blade-starter-mybatis\src\main\java\org\springblade\core\mp\plugins\SqlLogInterceptor.java,114
org.springblade:blade-core-secure:jar:4.6.0,MethodCallExpr,org.springblade.core.secure.utils.SecureUtil,getTenantId,C:\Users\tyin363\Documents\repos\chillzhuang__blade-tool\blade-starter-mybatis\src\main\java\org\springblade\core\mp\config\MybatisPlusConfiguration.java,65
CLIENT:client-code:N/A:N/A,ClassOrInterfaceType,org.springblade.core.mp.intercept.QueryInterceptor,QueryInterceptor,C:\Users\tyin363\Documents\repos\chillzhuang__blade-tool\blade-starter-mybatis\src\main\java\org\springblade\core\mp\config\MybatisPlusConfiguration.java,80
org.springframework:spring-beans:jar:6.0.23,ClassOrInterfaceType,org.springframework.beans.factory.ObjectProvider,ObjectProvider,C:\Users\tyin363\Documents\repos\chillzhuang__blade-tool\blade-starter-mybatis\src\main\java\org\springblade\core\mp\config\MybatisPlusConfiguration.java,80
CLIENT:client-code:N/A:N/A,ClassOrInterfaceType,org.springblade.core.mp.base.BaseEntity,BaseEntity,C:\Users\tyin363\Documents\repos\chillzhuang__blade-tool\blade-starter-mybatis\src\main\java\org\springblade\core\mp\base\TenantEntity.java,30
JDK:java.base:N/A:N/A,ClassOrInterfaceType,java.util.Date,Date,C:\Users\tyin363\Documents\repos\chillzhuang__blade-tool\blade-starter-mybatis\src\main\java\org\springblade\core\mp\base\BaseServiceImpl.java,102
org.springblade:blade-core-tool:jar:4.6.0,FieldAccessExpr,org.springblade.core.tool.utils.DateUtil,PATTERN_DATETIME,C:\Users\tyin363\Documents\repos\chillzhuang__blade-tool\blade-starter-mybatis\src\main\java\org\springblade\core\mp\support\SqlKeyword.java,105
com.baomidou:mybatis-plus-core:jar:3.5.12,MethodCallExpr,com.baomidou.mybatisplus.core.conditions.interfaces.Compare,ge,C:\Users\tyin363\Documents\repos\chillzhuang__blade-tool\blade-starter-mybatis\src\main\java\org\springblade\core\mp\support\SqlKeyword.java,103
JDK:java.base:N/A:N/A,ClassOrInterfaceType,java.util.Map,Map,C:\Users\tyin363\Documents\repos\chillzhuang__blade-tool\blade-starter-mybatis\src\main\java\org\springblade\core\mp\support\SqlKeyword.java,74
com.baomidou:mybatis-plus-extension:jar:3.5.12,MethodCallExpr,com.baomidou.mybatisplus.extension.plugins.pagination.Page,addOrder,C:\Users\tyin363\Documents\repos\chillzhuang__blade-tool\blade-starter-mybatis\src\main\java\org\springblade\core\mp\support\Condition.java,51
CLIENT:client-code:N/A:N/A,NameExpr,org.springblade.core.mp.support.SqlKeyword,LE,C:\Users\tyin363\Documents\repos\chillzhuang__blade-tool\blade-starter-mybatis\src\main\java\org\springblade\core\mp\support\SqlKeyword.java,97
org.springblade:blade-core-tool:jar:4.6.0,MethodCallExpr,org.springblade.core.tool.utils.StringUtil,humpToUnderline,C:\Users\tyin363\Documents\repos\chillzhuang__blade-tool\blade-starter-mybatis\src\main\java\org\springblade\core\mp\support\SqlKeyword.java,130
CLIENT:client-code:N/A:N/A,NameExpr,org.springblade.core.mp.support.SqlKeyword,GT,C:\Users\tyin363\Documents\repos\chillzhuang__blade-tool\blade-starter-mybatis\src\main\java\org\springblade\core\mp\support\SqlKeyword.java,99
JDK:java.base:N/A:N/A,MethodCallExpr,java.lang.String,endsWith,C:\Users\tyin363\Documents\repos\chillzhuang__blade-tool\blade-starter-mybatis\src\main\java\org\springblade\core\mp\support\SqlKeyword.java,114
com.baomidou:mybatis-plus-core:jar:3.5.12,ClassOrInterfaceType,com.baomidou.mybatisplus.core.metadata.IPage,IPage,C:\Users\tyin363\Documents\repos\chillzhuang__blade-tool\blade-starter-mybatis\src\main\java\org\springblade\core\mp\support\BaseEntityWrapper.java,57
CLIENT:client-code:N/A:N/A,NameExpr,org.springblade.core.mp.support.SqlKeyword,EQUAL,C:\Users\tyin363\Documents\repos\chillzhuang__blade-tool\blade-starter-mybatis\src\main\java\org\springblade\core\mp\support\SqlKeyword.java,85
com.baomidou:mybatis-plus-core:jar:3.5.12,ClassOrInterfaceType,com.baomidou.mybatisplus.core.conditions.query.QueryWrapper,QueryWrapper,C:\Users\tyin363\Documents\repos\chillzhuang__blade-tool\blade-starter-mybatis\src\main\java\org\springblade\core\mp\support\Condition.java,64
com.fasterxml.jackson.core:jackson-databind:jar:2.19.1,ClassOrInterfaceType,com.fasterxml.jackson.databind.ser.std.ToStringSerializer,ToStringSerializer,C:\Users\tyin363\Documents\repos\chillzhuang__blade-tool\blade-starter-mybatis\src\main\java\org\springblade\core\mp\base\BaseEntity.java,46
org.mybatis:mybatis:jar:3.5.19,ClassOrInterfaceType,org.apache.ibatis.reflection.MetaObject,MetaObject,C:\Users\tyin363\Documents\repos\chillzhuang__blade-tool\blade-starter-mybatis\src\main\java\org\springblade\core\mp\BladeMetaObjectHandler.java,31
CLIENT:client-code:N/A:N/A,ClassOrInterfaceType,org.springblade.core.mp.base.BaseEntity,BaseEntity,C:\Users\tyin363\Documents\repos\chillzhuang__blade-tool\blade-starter-mybatis\src\main\java\org\springblade\core\mp\base\BaseServiceImpl.java,44
com.baomidou:mybatis-plus-extension:jar:3.5.12,ClassOrInterfaceType,com.baomidou.mybatisplus.extension.plugins.MybatisPlusInterceptor,MybatisPlusInterceptor,C:\Users\tyin363\Documents\repos\chillzhuang__blade-tool\blade-starter-mybatis\src\main\java\org\springblade\core\mp\config\MybatisPlusConfiguration.java,83
com.alibaba:druid:jar:1.2.25,ClassOrInterfaceType,com.alibaba.druid.proxy.jdbc.StatementProxy,StatementProxy,C:\Users\tyin363\Documents\repos\chillzhuang__blade-tool\blade-starter-mybatis\src\main\java\org\springblade\core\mp\plugins\SqlLogInterceptor.java,93
