Library_Name,Version,Is_Transitive,Symbol_Type,Class_Name,Symbol_Name,Usage_Location,Line_Number
org.apache.logging.log4j:log4j-api,2.25.1,false,MethodCallExpr,org.apache.logging.log4j.LogManager,getLogger,C:\Users\tyin363\Documents\repos\DSpace__DSpace\dspace-oai\src\main\java\org\dspace\xoai\util\URLUtils.java,21
JDK:java.base,N/A,false,ObjectCreationExpr,java.util.ArrayList,ArrayList,C:\Users\tyin363\Documents\repos\DSpace__DSpace\dspace-oai\src\main\java\org\dspace\xoai\services\impl\DSpaceCollectionsService.java,60
,,false,MethodCallExpr,org.dspace.xoai.services.api.config.XOAIManagerResolver,getManager,C:\Users\tyin363\Documents\repos\DSpace__DSpace\dspace-oai\src\main\java\org\dspace\xoai\app\BasicConfiguration.java,80
org.dspace:xoai,3.4.1,false,ClassOrInterfaceType,com.lyncode.xoai.dataprovider.OAIDataProvider,OAIDataProvider,C:\Users\tyin363\Documents\repos\DSpace__DSpace\dspace-oai\src\main\java\org\dspace\xoai\controller\DSpaceOAIDataProvider.java,103
JDK:java.base,N/A,false,ClassOrInterfaceType,java.lang.String,String,C:\Users\tyin363\Documents\repos\DSpace__DSpace\dspace-oai\src\main\java\org\dspace\xoai\data\DSpaceSet.java,27
,,false,ClassOrInterfaceType,org.dspace.xoai.services.api.FieldResolver,FieldResolver,C:\Users\tyin363\Documents\repos\DSpace__DSpace\dspace-oai\src\main\java\org\dspace\xoai\filter\DSpaceFilter.java,73
,,false,MethodCallExpr,org.dspace.xoai.util.ItemUtils,getElement,C:\Users\tyin363\Documents\repos\DSpace__DSpace\dspace-oai\src\main\java\org\dspace\xoai\util\ItemUtils.java,276
JDK:java.base,N/A,false,ClassOrInterfaceType,java.lang.String,String,C:\Users\tyin363\Documents\repos\DSpace__DSpace\dspace-oai\src\main\java\org\dspace\xoai\services\impl\cache\DSpaceXOAICacheService.java,52
,,false,ClassOrInterfaceType,org.dspace.xoai.solr.exceptions.DSpaceSolrException,DSpaceSolrException,C:\Users\tyin363\Documents\repos\DSpace__DSpace\dspace-oai\src\main\java\org\dspace\xoai\app\XOAI.java,287
JDK:java.base,N/A,false,MethodCallExpr,javax.xml.transform.TransformerFactory,newInstance,C:\Users\tyin363\Documents\repos\DSpace__DSpace\dspace-oai\src\main\java\org\dspace\xoai\services\impl\resources\DSpaceResourceResolver.java,26
JDK:java.base,N/A,false,ClassOrInterfaceType,java.lang.String,String,C:\Users\tyin363\Documents\repos\DSpace__DSpace\dspace-oai\src\main\java\org\dspace\xoai\services\api\set\SetSpecResolver.java,17
org.apache.logging.log4j:log4j-api,2.25.1,false,ClassOrInterfaceType,org.apache.logging.log4j.Logger,Logger,C:\Users\tyin363\Documents\repos\DSpace__DSpace\dspace-oai\src\main\java\org\dspace\xoai\filter\DSpaceMetadataExistsFilter.java,31
JDK:java.base,N/A,false,MethodCallExpr,java.io.PrintStream,println,C:\Users\tyin363\Documents\repos\DSpace__DSpace\dspace-oai\src\main\java\org\dspace\xoai\app\XOAI.java,725
JDK:java.base,N/A,false,FieldAccessExpr,java.lang.System,out,C:\Users\tyin363\Documents\repos\DSpace__DSpace\dspace-oai\src\main\java\org\dspace\xoai\app\XOAI.java,689
JDK:java.base,N/A,false,MethodCallExpr,java.util.List,add,C:\Users\tyin363\Documents\repos\DSpace__DSpace\dspace-oai\src\main\java\org\dspace\xoai\services\impl\xoai\DSpaceItemRepository.java,145
org.dspace:xoai,3.4.1,false,ObjectCreationExpr,com.lyncode.xoai.dataprovider.OAIRequestParameters,OAIRequestParameters,C:\Users\tyin363\Documents\repos\DSpace__DSpace\dspace-oai\src\main\java\org\dspace\xoai\controller\DSpaceOAIDataProvider.java,110
JDK:java.base,N/A,false,MethodCallExpr,java.util.List,add,C:\Users\tyin363\Documents\repos\DSpace__DSpace\dspace-oai\src\main\java\org\dspace\xoai\util\ItemUtils.java,349
org.apache.logging.log4j:log4j-api,2.25.1,false,MethodCallExpr,org.apache.logging.log4j.Logger,error,C:\Users\tyin363\Documents\repos\DSpace__DSpace\dspace-oai\src\main\java\org\dspace\xoai\app\XOAI.java,666
,,false,ObjectCreationExpr,org.dspace.xoai.filter.DateFromFilter,DateFromFilter,C:\Users\tyin363\Documents\repos\DSpace__DSpace\dspace-oai\src\main\java\org\dspace\xoai\services\impl\xoai\DSpaceItemRepository.java,162
JDK:java.base,N/A,false,ClassOrInterfaceType,java.lang.String,String,C:\Users\tyin363\Documents\repos\DSpace__DSpace\dspace-oai\src\main\java\org\dspace\xoai\data\DSpaceItem.java,80
JDK:java.base,N/A,false,MethodCallExpr,java.time.format.DateTimeFormatter,parse,C:\Users\tyin363\Documents\repos\DSpace__DSpace\dspace-oai\src\main\java\org\dspace\xoai\util\DateUtils.java,67
JDK:java.base,N/A,false,MethodCallExpr,java.time.Instant,now,C:\Users\tyin363\Documents\repos\DSpace__DSpace\dspace-oai\src\main\java\org\dspace\xoai\app\XOAI.java,387
JDK:java.base,N/A,false,MethodCallExpr,javax.xml.stream.XMLStreamWriter,close,C:\Users\tyin363\Documents\repos\DSpace__DSpace\dspace-oai\src\main\java\org\dspace\xoai\services\impl\cache\DSpaceXOAICacheService.java,107
,,false,ClassOrInterfaceType,org.dspace.xoai.data.DSpaceItem,DSpaceItem,C:\Users\tyin363\Documents\repos\DSpace__DSpace\dspace-oai\src\main\java\org\dspace\xoai\filter\AndFilter.java,30
org.dspace:xoai,3.4.1,false,MethodCallExpr,com.lyncode.xoai.dataprovider.xml.xoaiconfig.parameters.ParameterValue,asSimpleType,C:\Users\tyin363\Documents\repos\DSpace__DSpace\dspace-oai\src\main\java\org\dspace\xoai\filter\DSpaceAtLeastOneMetadataFilter.java,62
JDK:java.base,N/A,false,ClassOrInterfaceType,java.lang.String,String,C:\Users\tyin363\Documents\repos\DSpace__DSpace\dspace-oai\src\main\java\org\dspace\xoai\filter\DSpaceMetadataExistsFilter.java,36
org.dspace:xoai,3.4.1,false,ClassOrInterfaceType,com.lyncode.xoai.dataprovider.core.ItemMetadata,ItemMetadata,C:\Users\tyin363\Documents\repos\DSpace__DSpace\dspace-oai\src\main\java\org\dspace\xoai\data\DSpaceSolrItem.java,64
,,false,ClassOrInterfaceType,org.dspace.xoai.services.impl.cache.DSpaceXOAIItemCacheService,DSpaceXOAIItemCacheService,C:\Users\tyin363\Documents\repos\DSpace__DSpace\dspace-oai\src\main\java\org\dspace\xoai\app\BasicConfiguration.java,97
,,false,ClassOrInterfaceType,org.dspace.xoai.filter.DSpaceMetadataExistsFilter,DSpaceMetadataExistsFilter,C:\Users\tyin363\Documents\repos\DSpace__DSpace\dspace-oai\src\main\java\org\dspace\xoai\filter\DSpaceMetadataExistsFilter.java,32
JDK:java.base,N/A,false,ClassOrInterfaceType,java.lang.String,String,C:\Users\tyin363\Documents\repos\DSpace__DSpace\dspace-oai\src\main\java\org\dspace\xoai\services\api\set\SetSpecResolver.java,19
JDK:java.base,N/A,false,ClassOrInterfaceType,java.lang.String,String,C:\Users\tyin363\Documents\repos\DSpace__DSpace\dspace-oai\src\main\java\org\dspace\xoai\services\impl\xoai\DSpaceResumptionTokenFormatter.java,31
,,false,MethodCallExpr,org.dspace.xoai.filter.DSpaceFilter,isShown,C:\Users\tyin363\Documents\repos\DSpace__DSpace\dspace-oai\src\main\java\org\dspace\xoai\filter\NotFilter.java,27
org.dspace:xoai,3.4.1,false,ClassOrInterfaceType,com.lyncode.xoai.dataprovider.core.ResumptionToken,ResumptionToken,C:\Users\tyin363\Documents\repos\DSpace__DSpace\dspace-oai\src\main\java\org\dspace\xoai\services\impl\xoai\DSpaceResumptionTokenFormatter.java,29
,,false,MethodCallExpr,org.dspace.xoai.services.impl.solr.DSpaceSolrQueryResolver,buildQuery,C:\Users\tyin363\Documents\repos\DSpace__DSpace\dspace-oai\src\main\java\org\dspace\xoai\services\impl\solr\DSpaceSolrQueryResolver.java,29
JDK:java.base,N/A,false,MethodCallExpr,java.io.PrintStream,println,C:\Users\tyin363\Documents\repos\DSpace__DSpace\dspace-oai\src\main\java\org\dspace\xoai\app\XOAI.java,726
,,false,ClassOrInterfaceType,org.dspace.xoai.services.api.CollectionsService,CollectionsService,C:\Users\tyin363\Documents\repos\DSpace__DSpace\dspace-oai\src\main\java\org\dspace\xoai\services\impl\DSpaceCollectionsService.java,27
JDK:java.base,N/A,false,MethodCallExpr,java.util.Map,containsKey,C:\Users\tyin363\Documents\repos\DSpace__DSpace\dspace-oai\src\main\java\org\dspace\xoai\services\impl\MetadataFieldCache.java,30
org.apache.logging.log4j:log4j-api,2.25.1,false,MethodCallExpr,org.apache.logging.log4j.LogManager,getLogger,C:\Users\tyin363\Documents\repos\DSpace__DSpace\dspace-oai\src\main\java\org\dspace\xoai\app\BasicConfiguration.java,52
,,false,ObjectCreationExpr,org.dspace.xoai.filter.results.SolrFilterResult,SolrFilterResult,C:\Users\tyin363\Documents\repos\DSpace__DSpace\dspace-oai\src\main\java\org\dspace\xoai\filter\DSpaceAtLeastOneMetadataFilter.java,151
JDK:java.base,N/A,false,MethodCallExpr,java.time.Instant,now,C:\Users\tyin363\Documents\repos\DSpace__DSpace\dspace-oai\src\main\java\org\dspace\xoai\services\impl\cache\DSpaceXOAICacheService.java,95
JDK:java.base,N/A,false,ClassOrInterfaceType,java.sql.SQLException,SQLException,C:\Users\tyin363\Documents\repos\DSpace__DSpace\dspace-oai\src\main\java\org\dspace\xoai\services\impl\xoai\DSpaceSetRepository.java,90
,,false,MethodCallExpr,org.dspace.xoai.app.XOAI,cleanCache,C:\Users\tyin363\Documents\repos\DSpace__DSpace\dspace-oai\src\main\java\org\dspace\xoai\app\XOAI.java,639
JDK:java.base,N/A,false,ClassOrInterfaceType,java.lang.String,String,C:\Users\tyin363\Documents\repos\DSpace__DSpace\dspace-oai\src\main\java\org\dspace\xoai\data\DSpaceItem.java,79
JDK:java.base,N/A,false,MethodCallExpr,java.lang.String,toUpperCase,C:\Users\tyin363\Documents\repos\DSpace__DSpace\dspace-oai\src\main\java\org\dspace\xoai\filter\DSpaceAtLeastOneMetadataFilter.java,74
JDK:java.base,N/A,false,ClassOrInterfaceType,java.sql.SQLException,SQLException,C:\Users\tyin363\Documents\repos\DSpace__DSpace\dspace-oai\src\main\java\org\dspace\xoai\services\impl\DSpaceCollectionsService.java,103
,,false,ClassOrInterfaceType,org.dspace.xoai.services.api.cache.XOAIItemCacheService,XOAIItemCacheService,C:\Users\tyin363\Documents\repos\DSpace__DSpace\dspace-oai\src\main\java\org\dspace\xoai\app\BasicConfiguration.java,96
JDK:java.base,N/A,false,ClassOrInterfaceType,java.io.File,File,C:\Users\tyin363\Documents\repos\DSpace__DSpace\dspace-oai\src\main\java\org\dspace\xoai\services\impl\cache\DSpaceXOAICacheService.java,79
JDK:java.base,N/A,false,ObjectCreationExpr,javax.xml.transform.stream.StreamSource,StreamSource,C:\Users\tyin363\Documents\repos\DSpace__DSpace\dspace-oai\src\main\java\org\dspace\xoai\services\impl\resources\DSpaceResourceResolver.java,45
JDK:java.base,N/A,false,ClassOrInterfaceType,java.io.IOException,IOException,C:\Users\tyin363\Documents\repos\DSpace__DSpace\dspace-oai\src\main\java\org\dspace\xoai\services\impl\resources\DSpaceResourceResolver.java,38
,,false,MethodCallExpr,org.dspace.xoai.services.api.config.ConfigurationService,getProperty,C:\Users\tyin363\Documents\repos\DSpace__DSpace\dspace-oai\src\main\java\org\dspace\xoai\services\impl\xoai\DSpaceRepositoryConfiguration.java,124
JDK:java.base,N/A,false,MethodCallExpr,java.util.Date,from,C:\Users\tyin363\Documents\repos\DSpace__DSpace\dspace-oai\src\main\java\org\dspace\xoai\services\impl\xoai\DSpaceResumptionTokenFormatter.java,40
JDK:java.base,N/A,false,MethodCallExpr,java.io.PrintStream,println,C:\Users\tyin363\Documents\repos\DSpace__DSpace\dspace-oai\src\main\java\org\dspace\xoai\app\XOAI.java,723
JDK:java.base,N/A,false,ClassOrInterfaceType,java.util.UUID,UUID,C:\Users\tyin363\Documents\repos\DSpace__DSpace\dspace-oai\src\main\java\org\dspace\xoai\services\impl\DSpaceCollectionsService.java,33
JDK:java.base,N/A,false,MethodReferenceExpr,java.time.Instant,from,C:\Users\tyin363\Documents\repos\DSpace__DSpace\dspace-oai\src\main\java\org\dspace\xoai\util\DateUtils.java,71
org.dspace:xoai,3.4.1,false,MethodCallExpr,com.lyncode.xoai.dataprovider.filter.conditions.NotCondition,getCondition,C:\Users\tyin363\Documents\repos\DSpace__DSpace\dspace-oai\src\main\java\org\dspace\xoai\services\impl\xoai\BaseDSpaceFilterResolver.java,106
JDK:java.base,N/A,false,ClassOrInterfaceType,java.lang.IllegalAccessException,IllegalAccessException,C:\Users\tyin363\Documents\repos\DSpace__DSpace\dspace-oai\src\main\java\org\dspace\xoai\services\impl\xoai\BaseDSpaceFilterResolver.java,82
,,false,MethodCallExpr,org.dspace.xoai.services.impl.cache.DSpaceXOAIItemCacheService,getBaseDir,C:\Users\tyin363\Documents\repos\DSpace__DSpace\dspace-oai\src\main\java\org\dspace\xoai\services\impl\cache\DSpaceXOAIItemCacheService.java,47
org.dspace:xoai,3.4.1,false,ClassOrInterfaceType,com.lyncode.xoai.dataprovider.exceptions.OAIException,OAIException,C:\Users\tyin363\Documents\repos\DSpace__DSpace\dspace-oai\src\main\java\org\dspace\xoai\services\impl\xoai\DSpaceItemRepository.java,101
JDK:java.base,N/A,false,ClassOrInterfaceType,java.lang.String,String,C:\Users\tyin363\Documents\repos\DSpace__DSpace\dspace-oai\src\main\java\org\dspace\xoai\app\XOAI.java,606
org.apache.logging.log4j:log4j-api,2.25.1,false,ClassOrInterfaceType,org.apache.logging.log4j.Logger,Logger,C:\Users\tyin363\Documents\repos\DSpace__DSpace\dspace-oai\src\main\java\org\dspace\xoai\filter\DSpaceAuthorizationFilter.java,28
JDK:java.base,N/A,false,MethodCallExpr,java.time.Instant,now,C:\Users\tyin363\Documents\repos\DSpace__DSpace\dspace-oai\src\main\java\org\dspace\xoai\util\DateUtils.java,94
org.thymeleaf:thymeleaf-spring6,3.1.3.RELEASE,true,ClassOrInterfaceType,org.thymeleaf.spring6.view.ThymeleafViewResolver,ThymeleafViewResolver,C:\Users\tyin363\Documents\repos\DSpace__DSpace\dspace-oai\src\main\java\org\dspace\app\configuration\OAIWebConfig.java,92
org.dspace:xoai,3.4.1,false,ClassOrInterfaceType,com.lyncode.xoai.dataprovider.xml.xoaiconfig.parameters.ParameterValue,ParameterValue,C:\Users\tyin363\Documents\repos\DSpace__DSpace\dspace-oai\src\main\java\org\dspace\xoai\filter\DSpaceAtLeastOneMetadataFilter.java,48
org.apache.logging.log4j:log4j-api,2.25.1,false,MethodCallExpr,org.apache.logging.log4j.Logger,warn,C:\Users\tyin363\Documents\repos\DSpace__DSpace\dspace-oai\src\main\java\org\dspace\xoai\services\impl\xoai\DSpaceRepositoryConfiguration.java,126
JDK:java.base,N/A,false,ClassOrInterfaceType,java.io.IOException,IOException,C:\Users\tyin363\Documents\repos\DSpace__DSpace\dspace-oai\src\main\java\org\dspace\xoai\solr\DSpaceSolrSearch.java,45
org.dspace:xoai,3.4.1,false,ClassOrInterfaceType,com.lyncode.xoai.dataprovider.xml.xoai.Element,Element,C:\Users\tyin363\Documents\repos\DSpace__DSpace\dspace-oai\src\main\java\org\dspace\xoai\util\ItemUtils.java,182
JDK:java.base,N/A,false,FieldAccessExpr,java.lang.System,out,C:\Users\tyin363\Documents\repos\DSpace__DSpace\dspace-oai\src\main\java\org\dspace\xoai\app\XOAI.java,159
JDK:java.base,N/A,false,ClassOrInterfaceType,java.lang.String,String,C:\Users\tyin363\Documents\repos\DSpace__DSpace\dspace-oai\src\main\java\org\dspace\xoai\services\impl\set\DSpaceSetSpecResolver.java,53
JDK:java.base,N/A,false,ClassOrInterfaceType,java.time.Instant,Instant,C:\Users\tyin363\Documents\repos\DSpace__DSpace\dspace-oai\src\main\java\org\dspace\xoai\app\XOAI.java,185
JDK:java.base,N/A,false,ClassOrInterfaceType,java.lang.String,String,C:\Users\tyin363\Documents\repos\DSpace__DSpace\dspace-oai\src\main\java\org\dspace\xoai\services\impl\cache\DSpaceEmptyCacheService.java,38
JDK:java.base,N/A,false,MethodCallExpr,java.lang.String,replace,C:\Users\tyin363\Documents\repos\DSpace__DSpace\dspace-oai\src\main\java\org\dspace\xoai\filter\DateFromFilter.java,42
,,false,ClassOrInterfaceType,org.dspace.xoai.services.impl.xoai.BaseDSpaceFilterResolver,BaseDSpaceFilterResolver,C:\Users\tyin363\Documents\repos\DSpace__DSpace\dspace-oai\src\main\java\org\dspace\xoai\app\BasicConfiguration.java,133
JDK:java.base,N/A,false,ClassOrInterfaceType,java.lang.String,String,C:\Users\tyin363\Documents\repos\DSpace__DSpace\dspace-oai\src\main\java\org\dspace\xoai\services\api\set\SetSpecResolver.java,21
org.dspace:xoai,3.4.1,false,ClassOrInterfaceType,com.lyncode.xoai.dataprovider.xml.xoai.Element,Element,C:\Users\tyin363\Documents\repos\DSpace__DSpace\dspace-oai\src\main\java\org\dspace\xoai\util\ItemUtils.java,315
JDK:java.base,N/A,false,MethodCallExpr,java.io.PrintStream,println,C:\Users\tyin363\Documents\repos\DSpace__DSpace\dspace-oai\src\main\java\org\dspace\xoai\app\XOAI.java,724
org.dspace:xoai,3.4.1,false,ClassOrInterfaceType,com.lyncode.xoai.dataprovider.exceptions.IdDoesNotExistException,IdDoesNotExistException,C:\Users\tyin363\Documents\repos\DSpace__DSpace\dspace-oai\src\main\java\org\dspace\xoai\services\impl\xoai\DSpaceItemSolrRepository.java,65
JDK:java.base,N/A,false,ClassOrInterfaceType,java.lang.String,String,C:\Users\tyin363\Documents\repos\DSpace__DSpace\dspace-oai\src\main\java\org\dspace\xoai\controller\DSpaceOAIDataProvider.java,81
JDK:java.base,N/A,false,ClassOrInterfaceType,java.lang.String,String,C:\Users\tyin363\Documents\repos\DSpace__DSpace\dspace-oai\src\main\java\org\dspace\xoai\app\XOAI.java,475
org.thymeleaf:thymeleaf-spring6,3.1.3.RELEASE,true,ClassOrInterfaceType,org.thymeleaf.spring6.view.ThymeleafViewResolver,ThymeleafViewResolver,C:\Users\tyin363\Documents\repos\DSpace__DSpace\dspace-oai\src\main\java\org\dspace\app\configuration\OAIWebConfig.java,93
,,false,ClassOrInterfaceType,org.dspace.xoai.filter.DSpaceFilter,DSpaceFilter,C:\Users\tyin363\Documents\repos\DSpace__DSpace\dspace-oai\src\main\java\org\dspace\xoai\filter\DSpaceWithdrawnFilter.java,24
,,false,ClassOrInterfaceType,org.dspace.xoai.services.impl.solr.DSpaceSolrServerResolver,DSpaceSolrServerResolver,C:\Users\tyin363\Documents\repos\DSpace__DSpace\dspace-oai\src\main\java\org\dspace\xoai\services\impl\solr\DSpaceSolrServerResolver.java,22
JDK:java.base,N/A,false,ClassOrInterfaceType,java.sql.SQLException,SQLException,C:\Users\tyin363\Documents\repos\DSpace__DSpace\dspace-oai\src\main\java\org\dspace\xoai\util\ItemUtils.java,322
JDK:java.base,N/A,false,ClassOrInterfaceType,java.lang.String,String,C:\Users\tyin363\Documents\repos\DSpace__DSpace\dspace-oai\src\main\java\org\dspace\xoai\filter\DSpaceSetSpecFilter.java,30
,,false,ClassOrInterfaceType,org.dspace.xoai.services.api.cache.XOAIItemCacheService,XOAIItemCacheService,C:\Users\tyin363\Documents\repos\DSpace__DSpace\dspace-oai\src\main\java\org\dspace\xoai\app\XOAI.java,574
JDK:java.base,N/A,false,ClassOrInterfaceType,java.io.File,File,C:\Users\tyin363\Documents\repos\DSpace__DSpace\dspace-oai\src\main\java\org\dspace\xoai\services\impl\cache\DSpaceXOAICacheService.java,73
JDK:java.base,N/A,false,ClassOrInterfaceType,java.lang.String,String,C:\Users\tyin363\Documents\repos\DSpace__DSpace\dspace-oai\src\main\java\org\dspace\xoai\services\api\context\ContextServiceException.java,14
JDK:java.base,N/A,false,MethodCallExpr,java.io.PrintStream,println,C:\Users\tyin363\Documents\repos\DSpace__DSpace\dspace-oai\src\main\java\org\dspace\xoai\app\XOAI.java,720
JDK:java.base,N/A,false,ClassOrInterfaceType,java.lang.String,String,C:\Users\tyin363\Documents\repos\DSpace__DSpace\dspace-oai\src\main\java\org\dspace\xoai\services\impl\set\DSpaceSetSpecResolver.java,52
org.apache.logging.log4j:log4j-api,2.25.1,false,MethodCallExpr,org.apache.logging.log4j.LogManager,getLogger,C:\Users\tyin363\Documents\repos\DSpace__DSpace\dspace-oai\src\main\java\org\dspace\xoai\services\impl\DSpaceEarliestDateResolver.java,26
JDK:java.base,N/A,false,ClassOrInterfaceType,java.io.IOException,IOException,C:\Users\tyin363\Documents\repos\DSpace__DSpace\dspace-oai\src\main\java\org\dspace\xoai\app\XOAI.java,180
,,false,MethodCallExpr,org.dspace.xoai.services.api.config.ConfigurationService,getBooleanProperty,C:\Users\tyin363\Documents\repos\DSpace__DSpace\dspace-oai\src\main\java\org\dspace\xoai\app\BasicConfiguration.java,78
org.dspace:xoai,3.4.1,false,ClassOrInterfaceType,com.lyncode.xoai.dataprovider.xml.xoai.Metadata,Metadata,C:\Users\tyin363\Documents\repos\DSpace__DSpace\dspace-oai\src\main\java\org\dspace\xoai\util\ItemUtils.java,299
JDK:java.base,N/A,false,ClassOrInterfaceType,java.util.List,List,C:\Users\tyin363\Documents\repos\DSpace__DSpace\dspace-oai\src\main\java\org\dspace\xoai\services\impl\xoai\DSpaceItemRepository.java,123
JDK:java.base,N/A,false,ClassOrInterfaceType,java.lang.String,String,C:\Users\tyin363\Documents\repos\DSpace__DSpace\dspace-oai\src\main\java\org\dspace\xoai\solr\exceptions\DSpaceSolrIndexerException.java,33
JDK:java.base,N/A,false,ClassOrInterfaceType,javax.xml.stream.XMLStreamException,XMLStreamException,C:\Users\tyin363\Documents\repos\DSpace__DSpace\dspace-oai\src\main\java\org\dspace\xoai\controller\DSpaceOAIDataProvider.java,154
JDK:java.base,N/A,false,MethodCallExpr,java.util.List,size,C:\Users\tyin363\Documents\repos\DSpace__DSpace\dspace-oai\src\main\java\org\dspace\xoai\services\impl\xoai\DSpaceRepositoryConfiguration.java,80
commons-cli:commons-cli,1.9.0,false,MethodCallExpr,org.apache.commons.cli.CommandLine,getArgs,C:\Users\tyin363\Documents\repos\DSpace__DSpace\dspace-oai\src\main\java\org\dspace\xoai\app\XOAI.java,629
org.dspace:xoai,3.4.1,false,ClassOrInterfaceType,com.lyncode.xoai.dataprovider.core.ListItemsResults,ListItemsResults,C:\Users\tyin363\Documents\repos\DSpace__DSpace\dspace-oai\src\main\java\org\dspace\xoai\services\impl\xoai\DSpaceItemRepository.java,143
JDK:java.base,N/A,false,MethodCallExpr,java.io.PrintStream,println,C:\Users\tyin363\Documents\repos\DSpace__DSpace\dspace-oai\src\main\java\org\dspace\xoai\app\XOAI.java,721
org.springframework:spring-context,6.2.9,true,MethodCallExpr,org.springframework.context.support.GenericApplicationContext,getAutowireCapableBeanFactory,C:\Users\tyin363\Documents\repos\DSpace__DSpace\dspace-oai\src\main\java\org\dspace\xoai\app\XOAI.java,635
JDK:java.base,N/A,false,MethodCallExpr,java.time.format.DateTimeFormatter,parse,C:\Users\tyin363\Documents\repos\DSpace__DSpace\dspace-oai\src\main\java\org\dspace\xoai\util\DateUtils.java,71
JDK:java.base,N/A,false,ClassOrInterfaceType,java.lang.String,String,C:\Users\tyin363\Documents\repos\DSpace__DSpace\dspace-oai\src\main\java\org\dspace\xoai\services\impl\set\DSpaceSetSpecResolver.java,51
org.dspace:xoai,3.4.1,false,ClassOrInterfaceType,com.lyncode.xoai.dataprovider.xml.xoai.Element,Element,C:\Users\tyin363\Documents\repos\DSpace__DSpace\dspace-oai\src\main\java\org\dspace\xoai\util\ItemUtils.java,176
,,false,ClassOrInterfaceType,org.dspace.xoai.app.XOAIExtensionItemCompilePlugin,XOAIExtensionItemCompilePlugin,C:\Users\tyin363\Documents\repos\DSpace__DSpace\dspace-oai\src\main\java\org\dspace\xoai\app\XOAI.java,146
JDK:java.base,N/A,false,MethodCallExpr,java.time.Instant,isAfter,C:\Users\tyin363\Documents\repos\DSpace__DSpace\dspace-oai\src\main\java\org\dspace\xoai\filter\DateUntilFilter.java,33
,,false,MethodCallExpr,org.dspace.xoai.app.XOAI,getItemsWithPossibleChangesBefore,C:\Users\tyin363\Documents\repos\DSpace__DSpace\dspace-oai\src\main\java\org\dspace\xoai\app\XOAI.java,196
org.apache.logging.log4j:log4j-api,2.25.1,false,MethodCallExpr,org.apache.logging.log4j.Logger,error,C:\Users\tyin363\Documents\repos\DSpace__DSpace\dspace-oai\src\main\java\org\dspace\xoai\controller\DSpaceOAIDataProvider.java,137
org.dspace:xoai,3.4.1,false,ClassOrInterfaceType,com.lyncode.xoai.dataprovider.xml.xoai.Metadata,Metadata,C:\Users\tyin363\Documents\repos\DSpace__DSpace\dspace-oai\src\main\java\org\dspace\xoai\util\ItemUtils.java,300
JDK:java.base,N/A,false,ClassOrInterfaceType,java.io.IOException,IOException,C:\Users\tyin363\Documents\repos\DSpace__DSpace\dspace-oai\src\main\java\org\dspace\xoai\app\XOAI.java,575
JDK:java.base,N/A,false,ClassOrInterfaceType,java.util.Date,Date,C:\Users\tyin363\Documents\repos\DSpace__DSpace\dspace-oai\src\main\java\org\dspace\xoai\services\impl\xoai\DSpaceItemRepository.java,55
JDK:java.base,N/A,false,ObjectCreationExpr,java.io.FileInputStream,FileInputStream,C:\Users\tyin363\Documents\repos\DSpace__DSpace\dspace-oai\src\main\java\org\dspace\xoai\services\impl\resources\DSpaceResourceResolver.java,39
org.dspace:xoai,3.4.1,false,MethodCallExpr,com.lyncode.xoai.dataprovider.filter.conditions.AndCondition,getRight,C:\Users\tyin363\Documents\repos\DSpace__DSpace\dspace-oai\src\main\java\org\dspace\xoai\services\impl\xoai\BaseDSpaceFilterResolver.java,93
JDK:java.base,N/A,false,MethodCallExpr,java.util.Date,toInstant,C:\Users\tyin363\Documents\repos\DSpace__DSpace\dspace-oai\src\main\java\org\dspace\xoai\services\impl\xoai\DSpaceItemRepository.java,93
,,false,ClassOrInterfaceType,org.dspace.xoai.services.api.CollectionsService,CollectionsService,C:\Users\tyin363\Documents\repos\DSpace__DSpace\dspace-oai\src\main\java\org\dspace\xoai\services\impl\xoai\DSpaceItemRepository.java,34
JDK:java.base,N/A,false,ClassOrInterfaceType,java.util.List,List,C:\Users\tyin363\Documents\repos\DSpace__DSpace\dspace-oai\src\main\java\org\dspace\xoai\services\impl\xoai\DSpaceSetRepository.java,105
JDK:java.base,N/A,false,MethodCallExpr,java.lang.String,endsWith,C:\Users\tyin363\Documents\repos\DSpace__DSpace\dspace-oai\src\main\java\org\dspace\xoai\filter\DSpaceAtLeastOneMetadataFilter.java,96
JDK:java.base,N/A,false,MethodCallExpr,java.io.PrintStream,println,C:\Users\tyin363\Documents\repos\DSpace__DSpace\dspace-oai\src\main\java\org\dspace\xoai\app\XOAI.java,718
org.dspace:xoai,3.4.1,false,ClassOrInterfaceType,com.lyncode.xoai.dataprovider.xml.xoaiconfig.parameters.ParameterMap,ParameterMap,C:\Users\tyin363\Documents\repos\DSpace__DSpace\dspace-oai\src\main\java\org\dspace\xoai\filter\DSpaceFilter.java,52
org.dspace:xoai,3.4.1,false,ClassOrInterfaceType,com.lyncode.xoai.dataprovider.exceptions.WritingXmlException,WritingXmlException,C:\Users\tyin363\Documents\repos\DSpace__DSpace\dspace-oai\src\main\java\org\dspace\xoai\app\XOAI.java,398
JDK:java.base,N/A,false,MethodCallExpr,java.lang.String,equals,C:\Users\tyin363\Documents\repos\DSpace__DSpace\dspace-oai\src\main\java\org\dspace\xoai\data\DSpaceSet.java,21
JDK:java.base,N/A,false,MethodReferenceExpr,java.time.Instant,from,C:\Users\tyin363\Documents\repos\DSpace__DSpace\dspace-oai\src\main\java\org\dspace\xoai\util\DateUtils.java,67
JDK:java.base,N/A,false,ClassOrInterfaceType,java.lang.String,String,C:\Users\tyin363\Documents\repos\DSpace__DSpace\dspace-oai\src\main\java\org\dspace\xoai\services\impl\cache\DSpaceEmptyCacheService.java,33
,,false,MethodCallExpr,org.dspace.xoai.services.api.solr.SolrServerResolver,getServer,C:\Users\tyin363\Documents\repos\DSpace__DSpace\dspace-oai\src\main\java\org\dspace\xoai\app\XOAI.java,316
org.dspace:xoai,3.4.1,false,ClassOrInterfaceType,com.lyncode.xoai.dataprovider.exceptions.IdDoesNotExistException,IdDoesNotExistException,C:\Users\tyin363\Documents\repos\DSpace__DSpace\dspace-oai\src\main\java\org\dspace\xoai\services\impl\xoai\DSpaceItemSolrRepository.java,68
JDK:java.base,N/A,false,ObjectCreationExpr,java.util.ArrayList,ArrayList,C:\Users\tyin363\Documents\repos\DSpace__DSpace\dspace-oai\src\main\java\org\dspace\xoai\services\impl\xoai\DSpaceItemSolrRepository.java,87
JDK:java.base,N/A,false,MethodCallExpr,java.util.List,add,C:\Users\tyin363\Documents\repos\DSpace__DSpace\dspace-oai\src\main\java\org\dspace\xoai\app\CCElementItemCompilePlugin.java,56
org.apache.logging.log4j:log4j-api,2.25.1,false,ClassOrInterfaceType,org.apache.logging.log4j.Logger,Logger,C:\Users\tyin363\Documents\repos\DSpace__DSpace\dspace-oai\src\main\java\org\dspace\xoai\services\impl\xoai\DSpaceResumptionTokenFormatter.java,19
JDK:java.base,N/A,false,MethodCallExpr,java.util.List,add,C:\Users\tyin363\Documents\repos\DSpace__DSpace\dspace-oai\src\main\java\org\dspace\xoai\services\impl\xoai\DSpaceRepositoryConfiguration.java,172
JDK:java.base,N/A,false,ClassOrInterfaceType,java.lang.String,String,C:\Users\tyin363\Documents\repos\DSpace__DSpace\dspace-oai\src\main\java\org\dspace\xoai\services\impl\xoai\DSpaceRepositoryConfiguration.java,136
JDK:java.base,N/A,false,ClassOrInterfaceType,java.lang.String,String,C:\Users\tyin363\Documents\repos\DSpace__DSpace\dspace-oai\src\main\java\org\dspace\xoai\services\impl\xoai\DSpaceResumptionTokenFormatter.java,38
,,false,MethodCallExpr,org.dspace.xoai.app.XOAI,cleanCache,C:\Users\tyin363\Documents\repos\DSpace__DSpace\dspace-oai\src\main\java\org\dspace\xoai\app\XOAI.java,642
JDK:java.base,N/A,false,ClassOrInterfaceType,java.util.List,List,C:\Users\tyin363\Documents\repos\DSpace__DSpace\dspace-oai\src\main\java\org\dspace\xoai\services\impl\xoai\DSpaceSetRepository.java,104
,,false,FieldAccessExpr,org.dspace.xoai.app.XOAI,context,C:\Users\tyin363\Documents\repos\DSpace__DSpace\dspace-oai\src\main\java\org\dspace\xoai\app\XOAI.java,139
JDK:java.base,N/A,false,ClassOrInterfaceType,java.lang.String,String,C:\Users\tyin363\Documents\repos\DSpace__DSpace\dspace-oai\src\main\java\org\dspace\xoai\services\impl\xoai\DSpaceItemRepository.java,108
,,false,ClassOrInterfaceType,org.dspace.xoai.solr.exceptions.DSpaceSolrIndexerException,DSpaceSolrIndexerException,C:\Users\tyin363\Documents\repos\DSpace__DSpace\dspace-oai\src\main\java\org\dspace\xoai\app\XOAI.java,563
JDK:java.base,N/A,false,MethodCallExpr,java.lang.Throwable,getMessage,C:\Users\tyin363\Documents\repos\DSpace__DSpace\dspace-oai\src\main\java\org\dspace\xoai\app\XOAI.java,200
JDK:java.base,N/A,false,MethodCallExpr,java.io.PrintStream,println,C:\Users\tyin363\Documents\repos\DSpace__DSpace\dspace-oai\src\main\java\org\dspace\xoai\app\XOAI.java,719
JDK:java.base,N/A,false,ClassOrInterfaceType,java.io.File,File,C:\Users\tyin363\Documents\repos\DSpace__DSpace\dspace-oai\src\main\java\org\dspace\xoai\services\impl\xoai\DSpaceRepositoryConfiguration.java,153
org.dspace:xoai,3.4.1,false,ObjectCreationExpr,com.lyncode.xoai.dataprovider.filter.ScopedFilter,ScopedFilter,C:\Users\tyin363\Documents\repos\DSpace__DSpace\dspace-oai\src\main\java\org\dspace\xoai\services\impl\xoai\DSpaceItemRepository.java,109
org.dspace:xoai,3.4.1,false,ClassOrInterfaceType,com.lyncode.xoai.dataprovider.core.ResumptionToken,ResumptionToken,C:\Users\tyin363\Documents\repos\DSpace__DSpace\dspace-oai\src\main\java\org\dspace\xoai\services\impl\xoai\DSpaceResumptionTokenFormatter.java,27
org.dspace:xoai,3.4.1,false,ClassOrInterfaceType,com.lyncode.xoai.dataprovider.core.ReferenceSet,ReferenceSet,C:\Users\tyin363\Documents\repos\DSpace__DSpace\dspace-oai\src\main\java\org\dspace\xoai\data\DSpaceSolrItem.java,47
JDK:java.base,N/A,false,ClassOrInterfaceType,java.lang.String,String,C:\Users\tyin363\Documents\repos\DSpace__DSpace\dspace-oai\src\main\java\org\dspace\xoai\services\impl\xoai\DSpaceRepositoryConfiguration.java,135
JDK:java.base,N/A,false,MethodCallExpr,java.time.Instant,now,C:\Users\tyin363\Documents\repos\DSpace__DSpace\dspace-oai\src\main\java\org\dspace\xoai\app\XOAI.java,658
,,false,MethodCallExpr,org.dspace.xoai.filter.DSpaceAtLeastOneMetadataFilter,getField,C:\Users\tyin363\Documents\repos\DSpace__DSpace\dspace-oai\src\main\java\org\dspace\xoai\filter\DSpaceAtLeastOneMetadataFilter.java,83
JDK:java.base,N/A,false,ClassOrInterfaceType,java.lang.String,String,C:\Users\tyin363\Documents\repos\DSpace__DSpace\dspace-oai\src\main\java\org\dspace\xoai\services\impl\xoai\DSpaceResumptionTokenFormatter.java,37
JDK:java.base,N/A,false,ClassOrInterfaceType,java.io.IOException,IOException,C:\Users\tyin363\Documents\repos\DSpace__DSpace\dspace-oai\src\main\java\org\dspace\xoai\services\impl\resources\DSpaceResourceResolver.java,43
JDK:java.base,N/A,false,ClassOrInterfaceType,java.lang.String,String,C:\Users\tyin363\Documents\repos\DSpace__DSpace\dspace-oai\src\main\java\org\dspace\xoai\services\impl\config\DSpaceConfigurationService.java,57
JDK:java.base,N/A,false,MethodCallExpr,java.util.List,add,C:\Users\tyin363\Documents\repos\DSpace__DSpace\dspace-oai\src\main\java\org\dspace\xoai\services\impl\xoai\DSpaceItemRepository.java,136
JDK:java.base,N/A,false,ClassOrInterfaceType,java.lang.String,String,C:\Users\tyin363\Documents\repos\DSpace__DSpace\dspace-oai\src\main\java\org\dspace\xoai\services\impl\set\DSpaceSetSpecResolver.java,64
JDK:java.base,N/A,false,MethodCallExpr,java.util.List,add,C:\Users\tyin363\Documents\repos\DSpace__DSpace\dspace-oai\src\main\java\org\dspace\xoai\app\CCElementItemCompilePlugin.java,45
JDK:java.base,N/A,false,ClassOrInterfaceType,java.util.List,List,C:\Users\tyin363\Documents\repos\DSpace__DSpace\dspace-oai\src\main\java\org\dspace\xoai\app\XOAI.java,111
,,false,ClassOrInterfaceType,org.dspace.xoai.services.api.cache.XOAILastCompilationCacheService,XOAILastCompilationCacheService,C:\Users\tyin363\Documents\repos\DSpace__DSpace\dspace-oai\src\main\java\org\dspace\xoai\app\BasicConfiguration.java,91
JDK:java.base,N/A,false,MethodCallExpr,java.time.Instant,toEpochMilli,C:\Users\tyin363\Documents\repos\DSpace__DSpace\dspace-oai\src\main\java\org\dspace\xoai\app\XOAI.java,658
JDK:java.base,N/A,false,ObjectCreationExpr,java.io.File,File,C:\Users\tyin363\Documents\repos\DSpace__DSpace\dspace-oai\src\main\java\org\dspace\xoai\services\impl\cache\DSpaceXOAIItemCacheService.java,47
,,false,MethodCallExpr,org.dspace.xoai.services.impl.xoai.BaseDSpaceFilterResolver,getFilter,C:\Users\tyin363\Documents\repos\DSpace__DSpace\dspace-oai\src\main\java\org\dspace\xoai\services\impl\xoai\BaseDSpaceFilterResolver.java,93
,,false,MethodCallExpr,org.dspace.xoai.services.api.solr.SolrServerResolver,getServer,C:\Users\tyin363\Documents\repos\DSpace__DSpace\dspace-oai\src\main\java\org\dspace\xoai\app\XOAI.java,301
JDK:java.base,N/A,false,ClassOrInterfaceType,java.lang.String,String,C:\Users\tyin363\Documents\repos\DSpace__DSpace\dspace-oai\src\main\java\org\dspace\xoai\services\impl\xoai\DSpaceRepositoryConfiguration.java,122
JDK:java.base,N/A,false,MethodCallExpr,java.io.PrintStream,println,C:\Users\tyin363\Documents\repos\DSpace__DSpace\dspace-oai\src\main\java\org\dspace\xoai\app\XOAI.java,716
JDK:java.base,N/A,false,ClassOrInterfaceType,java.lang.String,String,C:\Users\tyin363\Documents\repos\DSpace__DSpace\dspace-oai\src\main\java\org\dspace\xoai\solr\exceptions\DSpaceSolrIndexerException.java,29
org.dspace:xoai,3.4.1,false,ClassOrInterfaceType,com.lyncode.xoai.dataprovider.filter.ScopedFilter,ScopedFilter,C:\Users\tyin363\Documents\repos\DSpace__DSpace\dspace-oai\src\main\java\org\dspace\xoai\services\impl\xoai\DSpaceItemRepository.java,153
org.apache.commons:commons-lang3,3.18.0,false,MethodCallExpr,org.apache.commons.lang3.StringUtils,isNotEmpty,C:\Users\tyin363\Documents\repos\DSpace__DSpace\dspace-oai\src\main\java\org\dspace\xoai\app\plugins\AccessStatusElementItemCompilePlugin.java,68
JDK:java.base,N/A,false,ClassOrInterfaceType,java.io.OutputStream,OutputStream,C:\Users\tyin363\Documents\repos\DSpace__DSpace\dspace-oai\src\main\java\org\dspace\xoai\services\api\cache\XOAICacheService.java,21
org.dspace:xoai,3.4.1,false,ClassOrInterfaceType,com.lyncode.xoai.dataprovider.xml.xoai.Metadata,Metadata,C:\Users\tyin363\Documents\repos\DSpace__DSpace\dspace-oai\src\main\java\org\dspace\xoai\util\ItemUtils.java,303
JDK:java.base,N/A,false,MethodCallExpr,java.util.Map,put,C:\Users\tyin363\Documents\repos\DSpace__DSpace\dspace-oai\src\main\java\org\dspace\xoai\services\impl\MetadataFieldCache.java,38
org.dspace:xoai,3.4.1,false,ClassOrInterfaceType,com.lyncode.xoai.dataprovider.filter.conditions.Condition,Condition,C:\Users\tyin363\Documents\repos\DSpace__DSpace\dspace-oai\src\main\java\org\dspace\xoai\services\api\xoai\DSpaceFilterResolver.java,15
,,false,ClassOrInterfaceType,org.dspace.xoai.controller.DSpaceOAIDataProvider,DSpaceOAIDataProvider,C:\Users\tyin363\Documents\repos\DSpace__DSpace\dspace-oai\src\main\java\org\dspace\xoai\controller\DSpaceOAIDataProvider.java,58
JDK:java.base,N/A,false,ClassOrInterfaceType,java.lang.String,String,C:\Users\tyin363\Documents\repos\DSpace__DSpace\dspace-oai\src\main\java\org\dspace\xoai\services\api\context\ContextServiceException.java,18
org.dspace:xoai,3.4.1,false,ClassOrInterfaceType,com.lyncode.xoai.dataprovider.core.ReferenceSet,ReferenceSet,C:\Users\tyin363\Documents\repos\DSpace__DSpace\dspace-oai\src\main\java\org\dspace\xoai\data\DSpaceSolrItem.java,54
org.dspace:xoai,3.4.1,false,ClassOrInterfaceType,com.lyncode.xoai.dataprovider.data.Item,Item,C:\Users\tyin363\Documents\repos\DSpace__DSpace\dspace-oai\src\main\java\org\dspace\xoai\services\impl\xoai\DSpaceItemSolrRepository.java,78
JDK:java.base,N/A,false,FieldAccessExpr,java.lang.System,out,C:\Users\tyin363\Documents\repos\DSpace__DSpace\dspace-oai\src\main\java\org\dspace\xoai\app\XOAI.java,565
JDK:java.base,N/A,false,ClassOrInterfaceType,java.sql.SQLException,SQLException,C:\Users\tyin363\Documents\repos\DSpace__DSpace\dspace-oai\src\main\java\org\dspace\xoai\app\XOAI.java,343
JDK:java.base,N/A,false,MethodCallExpr,java.util.List,add,C:\Users\tyin363\Documents\repos\DSpace__DSpace\dspace-oai\src\main\java\org\dspace\xoai\services\impl\xoai\DSpaceItemRepository.java,137
,,false,ClassOrInterfaceType,org.dspace.xoai.services.api.cache.XOAIItemCacheService,XOAIItemCacheService,C:\Users\tyin363\Documents\repos\DSpace__DSpace\dspace-oai\src\main\java\org\dspace\xoai\services\impl\cache\DSpaceXOAIItemCacheService.java,30
JDK:java.base,N/A,false,ClassOrInterfaceType,java.lang.String,String,C:\Users\tyin363\Documents\repos\DSpace__DSpace\dspace-oai\src\main\java\org\dspace\xoai\services\impl\set\DSpaceSetSpecResolver.java,63
org.dspace:xoai,3.4.1,false,ClassOrInterfaceType,com.lyncode.xoai.dataprovider.exceptions.IdDoesNotExistException,IdDoesNotExistException,C:\Users\tyin363\Documents\repos\DSpace__DSpace\dspace-oai\src\main\java\org\dspace\xoai\services\impl\xoai\DSpaceItemSolrRepository.java,55
JDK:java.base,N/A,false,MethodCallExpr,java.lang.Throwable,getMessage,C:\Users\tyin363\Documents\repos\DSpace__DSpace\dspace-oai\src\main\java\org\dspace\xoai\services\impl\xoai\DSpaceSetRepository.java,66
JDK:java.base,N/A,false,ClassOrInterfaceType,java.lang.String,String,C:\Users\tyin363\Documents\repos\DSpace__DSpace\dspace-oai\src\main\java\org\dspace\xoai\app\XOAI.java,486
org.dspace:xoai,3.4.1,false,ClassOrInterfaceType,com.lyncode.xoai.dataprovider.xml.xoai.Metadata,Metadata,C:\Users\tyin363\Documents\repos\DSpace__DSpace\dspace-oai\src\main\java\org\dspace\xoai\app\plugins\AccessStatusElementItemCompilePlugin.java,53
,,false,MethodCallExpr,org.dspace.xoai.util.ItemUtils,createValue,C:\Users\tyin363\Documents\repos\DSpace__DSpace\dspace-oai\src\main\java\org\dspace\xoai\app\plugins\AccessStatusElementItemCompilePlugin.java,66
JDK:java.base,N/A,false,MethodCallExpr,java.time.format.DateTimeFormatter,parse,C:\Users\tyin363\Documents\repos\DSpace__DSpace\dspace-oai\src\main\java\org\dspace\xoai\util\DateUtils.java,75
,,false,MethodCallExpr,org.dspace.xoai.services.impl.xoai.BaseDSpaceFilterResolver,getFilter,C:\Users\tyin363\Documents\repos\DSpace__DSpace\dspace-oai\src\main\java\org\dspace\xoai\services\impl\xoai\BaseDSpaceFilterResolver.java,92
JDK:java.base,N/A,false,ClassOrInterfaceType,java.io.IOException,IOException,C:\Users\tyin363\Documents\repos\DSpace__DSpace\dspace-oai\src\main\java\org\dspace\xoai\app\XOAI.java,298
JDK:java.base,N/A,false,MethodCallExpr,java.io.PrintStream,println,C:\Users\tyin363\Documents\repos\DSpace__DSpace\dspace-oai\src\main\java\org\dspace\xoai\app\XOAI.java,717
,,false,FieldAccessExpr,org.dspace.xoai.app.XOAI,itemService,C:\Users\tyin363\Documents\repos\DSpace__DSpace\dspace-oai\src\main\java\org\dspace\xoai\app\XOAI.java,144
JDK:java.base,N/A,false,ClassOrInterfaceType,java.lang.String,String,C:\Users\tyin363\Documents\repos\DSpace__DSpace\dspace-oai\src\main\java\org\dspace\xoai\data\DSpaceSet.java,18
JDK:java.base,N/A,false,MethodCallExpr,java.lang.String,compareTo,C:\Users\tyin363\Documents\repos\DSpace__DSpace\dspace-oai\src\main\java\org\dspace\xoai\filter\DSpaceAtLeastOneMetadataFilter.java,106
JDK:java.base,N/A,false,MethodCallExpr,java.lang.String,length,C:\Users\tyin363\Documents\repos\DSpace__DSpace\dspace-oai\src\main\java\org\dspace\xoai\services\impl\cache\DSpaceXOAICacheService.java,115
JDK:java.base,N/A,false,MethodCallExpr,java.util.List,add,C:\Users\tyin363\Documents\repos\DSpace__DSpace\dspace-oai\src\main\java\org\dspace\xoai\util\ItemUtils.java,208
,,false,MethodCallExpr,org.dspace.xoai.services.api.context.ContextService,getContext,C:\Users\tyin363\Documents\repos\DSpace__DSpace\dspace-oai\src\main\java\org\dspace\xoai\services\impl\xoai\DSpaceSetRepositoryResolver.java,22
,,false,ClassOrInterfaceType,org.dspace.xoai.services.api.EarliestDateResolver,EarliestDateResolver,C:\Users\tyin363\Documents\repos\DSpace__DSpace\dspace-oai\src\main\java\org\dspace\xoai\services\impl\xoai\DSpaceIdentifyResolver.java,20
JDK:java.base,N/A,false,ClassOrInterfaceType,java.lang.String,String,C:\Users\tyin363\Documents\repos\DSpace__DSpace\dspace-oai\src\main\java\org\dspace\xoai\services\impl\config\DSpaceConfigurationService.java,47
,,false,MethodCallExpr,org.dspace.xoai.services.impl.cache.DSpaceXOAICacheService,getCacheFile,C:\Users\tyin363\Documents\repos\DSpace__DSpace\dspace-oai\src\main\java\org\dspace\xoai\services\impl\cache\DSpaceXOAICacheService.java,128
JDK:java.base,N/A,false,ClassOrInterfaceType,java.lang.String,String,C:\Users\tyin363\Documents\repos\DSpace__DSpace\dspace-oai\src\main\java\org\dspace\xoai\data\DSpaceItem.java,89
JDK:java.base,N/A,false,MethodCallExpr,java.util.Map,put,C:\Users\tyin363\Documents\repos\DSpace__DSpace\dspace-oai\src\main\java\org\dspace\xoai\controller\DSpaceOAIDataProvider.java,179
org.dspace:xoai,3.4.1,false,MethodCallExpr,com.lyncode.xoai.dataprovider.xml.xoaiconfig.parameters.SimpleType,asString,C:\Users\tyin363\Documents\repos\DSpace__DSpace\dspace-oai\src\main\java\org\dspace\xoai\filter\DSpaceAtLeastOneMetadataFilter.java,74
JDK:java.base,N/A,false,MethodCallExpr,java.io.File,exists,C:\Users\tyin363\Documents\repos\DSpace__DSpace\dspace-oai\src\main\java\org\dspace\xoai\services\impl\cache\DSpaceXOAICacheService.java,89
JDK:java.base,N/A,false,MethodCallExpr,java.io.PrintStream,println,C:\Users\tyin363\Documents\repos\DSpace__DSpace\dspace-oai\src\main\java\org\dspace\xoai\app\XOAI.java,714
org.dspace:xoai,3.4.1,false,ClassOrInterfaceType,com.lyncode.xoai.dataprovider.exceptions.OAIException,OAIException,C:\Users\tyin363\Documents\repos\DSpace__DSpace\dspace-oai\src\main\java\org\dspace\xoai\services\impl\xoai\DSpaceItemRepository.java,92
,,false,MethodCallExpr,org.dspace.xoai.util.DateUtils,format,C:\Users\tyin363\Documents\repos\DSpace__DSpace\dspace-oai\src\main\java\org\dspace\xoai\services\impl\cache\DSpaceXOAICacheService.java,63
JDK:java.base,N/A,false,ClassOrInterfaceType,java.lang.String,String,C:\Users\tyin363\Documents\repos\DSpace__DSpace\dspace-oai\src\main\java\org\dspace\xoai\services\impl\set\DSpaceSetSpecResolver.java,62
,,false,ClassOrInterfaceType,org.dspace.xoai.data.DSpaceItem,DSpaceItem,C:\Users\tyin363\Documents\repos\DSpace__DSpace\dspace-oai\src\main\java\org\dspace\xoai\filter\ItemsWithBitstreamFilter.java,40
,,false,MethodCallExpr,org.dspace.xoai.services.api.solr.SolrServerResolver,getServer,C:\Users\tyin363\Documents\repos\DSpace__DSpace\dspace-oai\src\main\java\org\dspace\xoai\app\XOAI.java,567
,,false,ClassOrInterfaceType,org.dspace.xoai.solr.exceptions.DSpaceSolrException,DSpaceSolrException,C:\Users\tyin363\Documents\repos\DSpace__DSpace\dspace-oai\src\main\java\org\dspace\xoai\solr\DSpaceSolrSearch.java,34
org.dspace:xoai,3.4.1,false,MethodCallExpr,com.lyncode.xoai.dataprovider.xml.XmlOutputContext,getWriter,C:\Users\tyin363\Documents\repos\DSpace__DSpace\dspace-oai\src\main\java\org\dspace\xoai\app\XOAI.java,505
JDK:java.base,N/A,false,MethodCallExpr,java.io.PrintStream,println,C:\Users\tyin363\Documents\repos\DSpace__DSpace\dspace-oai\src\main\java\org\dspace\xoai\app\XOAI.java,186
JDK:java.base,N/A,false,FieldAccessExpr,java.lang.System,out,C:\Users\tyin363\Documents\repos\DSpace__DSpace\dspace-oai\src\main\java\org\dspace\xoai\app\XOAI.java,167
org.dspace:xoai,3.4.1,false,ClassOrInterfaceType,com.lyncode.xoai.dataprovider.xml.xoai.Element,Element,C:\Users\tyin363\Documents\repos\DSpace__DSpace\dspace-oai\src\main\java\org\dspace\xoai\app\plugins\AccessStatusElementItemCompilePlugin.java,73
,,false,MethodCallExpr,org.dspace.xoai.services.impl.xoai.DSpaceItemRepository,getDateUntilFilter,C:\Users\tyin363\Documents\repos\DSpace__DSpace\dspace-oai\src\main\java\org\dspace\xoai\services\impl\xoai\DSpaceItemRepository.java,76
JDK:java.base,N/A,false,ClassOrInterfaceType,java.lang.String,String,C:\Users\tyin363\Documents\repos\DSpace__DSpace\dspace-oai\src\main\java\org\dspace\xoai\data\DSpaceItem.java,88
,,false,FieldAccessExpr,org.dspace.xoai.filter.OrFilter,right,C:\Users\tyin363\Documents\repos\DSpace__DSpace\dspace-oai\src\main\java\org\dspace\xoai\filter\OrFilter.java,20
org.dspace:xoai,3.4.1,false,ClassOrInterfaceType,com.lyncode.xoai.dataprovider.data.Item,Item,C:\Users\tyin363\Documents\repos\DSpace__DSpace\dspace-oai\src\main\java\org\dspace\xoai\services\impl\xoai\DSpaceItemSolrRepository.java,80
,,false,FieldAccessExpr,org.dspace.xoai.services.impl.xoai.DSpaceRepositoryConfiguration,context,C:\Users\tyin363\Documents\repos\DSpace__DSpace\dspace-oai\src\main\java\org\dspace\xoai\services\impl\xoai\DSpaceRepositoryConfiguration.java,53
,,false,MethodCallExpr,org.dspace.xoai.filter.DSpaceAtLeastOneMetadataFilter,getField,C:\Users\tyin363\Documents\repos\DSpace__DSpace\dspace-oai\src\main\java\org\dspace\xoai\filter\DSpaceAtLeastOneMetadataFilter.java,86
,,false,ClassOrInterfaceType,org.dspace.xoai.services.api.HandleResolver,HandleResolver,C:\Users\tyin363\Documents\repos\DSpace__DSpace\dspace-oai\src\main\java\org\dspace\xoai\services\impl\DSpaceHandleResolver.java,21
org.dspace:xoai,3.4.1,false,ClassOrInterfaceType,com.lyncode.xoai.dataprovider.filter.conditions.NotCondition,NotCondition,C:\Users\tyin363\Documents\repos\DSpace__DSpace\dspace-oai\src\main\java\org\dspace\xoai\services\impl\xoai\BaseDSpaceFilterResolver.java,47
JDK:java.base,N/A,false,ClassOrInterfaceType,java.sql.SQLException,SQLException,C:\Users\tyin363\Documents\repos\DSpace__DSpace\dspace-oai\src\main\java\org\dspace\xoai\app\plugins\AccessStatusElementItemCompilePlugin.java,81
JDK:java.base,N/A,false,ClassOrInterfaceType,java.util.List,List,C:\Users\tyin363\Documents\repos\DSpace__DSpace\dspace-oai\src\main\java\org\dspace\xoai\app\XOAI.java,108
org.dspace:xoai,3.4.1,false,ClassOrInterfaceType,com.lyncode.xoai.dataprovider.exceptions.IdDoesNotExistException,IdDoesNotExistException,C:\Users\tyin363\Documents\repos\DSpace__DSpace\dspace-oai\src\main\java\org\dspace\xoai\services\impl\xoai\DSpaceItemSolrRepository.java,57
JDK:java.base,N/A,false,ClassOrInterfaceType,java.util.List,List,C:\Users\tyin363\Documents\repos\DSpace__DSpace\dspace-oai\src\main\java\org\dspace\xoai\app\XOAI.java,110
,,false,ClassOrInterfaceType,org.dspace.xoai.services.api.CollectionsService,CollectionsService,C:\Users\tyin363\Documents\repos\DSpace__DSpace\dspace-oai\src\main\java\org\dspace\xoai\services\impl\xoai\DSpaceItemRepository.java,31
org.dspace:xoai,3.4.1,false,MethodCallExpr,com.lyncode.xoai.dataprovider.xml.xoai.Element,getField,C:\Users\tyin363\Documents\repos\DSpace__DSpace\dspace-oai\src\main\java\org\dspace\xoai\util\ItemUtils.java,109
JDK:java.base,N/A,false,FieldAccessExpr,java.lang.System,out,C:\Users\tyin363\Documents\repos\DSpace__DSpace\dspace-oai\src\main\java\org\dspace\xoai\app\XOAI.java,696
JDK:java.base,N/A,false,ClassOrInterfaceType,java.io.File,File,C:\Users\tyin363\Documents\repos\DSpace__DSpace\dspace-oai\src\main\java\org\dspace\xoai\services\impl\cache\DSpaceXOAICacheService.java,72
JDK:java.base,N/A,false,MethodCallExpr,java.lang.String,substring,C:\Users\tyin363\Documents\repos\DSpace__DSpace\dspace-oai\src\main\java\org\dspace\xoai\services\impl\cache\DSpaceXOAICacheService.java,115
org.dspace:xoai,3.4.1,false,MethodCallExpr,com.lyncode.xoai.dataprovider.xml.XmlOutputContext,getWriter,C:\Users\tyin363\Documents\repos\DSpace__DSpace\dspace-oai\src\main\java\org\dspace\xoai\app\XOAI.java,506
,,false,MethodCallExpr,org.dspace.app.configuration.OAIWebConfig,templateEngine,C:\Users\tyin363\Documents\repos\DSpace__DSpace\dspace-oai\src\main\java\org\dspace\app\configuration\OAIWebConfig.java,94
,,false,MethodCallExpr,org.dspace.xoai.services.api.solr.SolrServerResolver,getServer,C:\Users\tyin363\Documents\repos\DSpace__DSpace\dspace-oai\src\main\java\org\dspace\xoai\app\XOAI.java,566
JDK:java.base,N/A,false,MethodCallExpr,java.io.PrintStream,println,C:\Users\tyin363\Documents\repos\DSpace__DSpace\dspace-oai\src\main\java\org\dspace\xoai\app\XOAI.java,715
jakarta.servlet:jakarta.servlet-api,6.1.0,false,MethodCallExpr,jakarta.servlet.http.HttpServletResponse,sendRedirect,C:\Users\tyin363\Documents\repos\DSpace__DSpace\dspace-oai\src\main\java\org\dspace\xoai\controller\DSpaceOAIDataProvider.java,77
org.dspace:xoai,3.4.1,false,ClassOrInterfaceType,com.lyncode.xoai.dataprovider.xml.xoai.Element,Element,C:\Users\tyin363\Documents\repos\DSpace__DSpace\dspace-oai\src\main\java\org\dspace\xoai\app\plugins\AccessStatusElementItemCompilePlugin.java,72
,,false,ClassOrInterfaceType,org.dspace.xoai.services.impl.xoai.DSpaceSetRepository,DSpaceSetRepository,C:\Users\tyin363\Documents\repos\DSpace__DSpace\dspace-oai\src\main\java\org\dspace\xoai\services\impl\xoai\DSpaceSetRepositoryResolver.java,22
JDK:java.base,N/A,false,ObjectCreationExpr,java.util.ArrayList,ArrayList,C:\Users\tyin363\Documents\repos\DSpace__DSpace\dspace-oai\src\main\java\org\dspace\xoai\filter\DSpaceAtLeastOneMetadataFilter.java,66
org.dspace:xoai,3.4.1,false,ClassOrInterfaceType,com.lyncode.xoai.dataprovider.filter.conditions.NotCondition,NotCondition,C:\Users\tyin363\Documents\repos\DSpace__DSpace\dspace-oai\src\main\java\org\dspace\xoai\services\impl\xoai\BaseDSpaceFilterResolver.java,46
org.dspace:xoai,3.4.1,false,ClassOrInterfaceType,com.lyncode.xoai.dataprovider.filter.conditions.Condition,Condition,C:\Users\tyin363\Documents\repos\DSpace__DSpace\dspace-oai\src\main\java\org\dspace\xoai\services\impl\xoai\BaseDSpaceFilterResolver.java,41
JDK:java.base,N/A,false,MethodCallExpr,java.io.File,mkdirs,C:\Users\tyin363\Documents\repos\DSpace__DSpace\dspace-oai\src\main\java\org\dspace\xoai\services\impl\cache\DSpaceXOAICacheService.java,75
JDK:java.base,N/A,false,ClassOrInterfaceType,java.util.List,List,C:\Users\tyin363\Documents\repos\DSpace__DSpace\dspace-oai\src\main\java\org\dspace\xoai\services\impl\xoai\DSpaceItemRepository.java,115
org.dspace:xoai,3.4.1,false,MethodCallExpr,com.lyncode.xoai.dataprovider.services.api.ResourceResolver,getResource,C:\Users\tyin363\Documents\repos\DSpace__DSpace\dspace-oai\src\main\java\org\dspace\xoai\services\impl\context\DSpaceXOAIManagerResolver.java,33
org.apache.logging.log4j:log4j-api,2.25.1,false,ClassOrInterfaceType,org.apache.logging.log4j.Logger,Logger,C:\Users\tyin363\Documents\repos\DSpace__DSpace\dspace-oai\src\main\java\org\dspace\xoai\app\XOAI.java,86
JDK:java.base,N/A,false,MethodCallExpr,java.lang.String,startsWith,C:\Users\tyin363\Documents\repos\DSpace__DSpace\dspace-oai\src\main\java\org\dspace\xoai\filter\DSpaceAtLeastOneMetadataFilter.java,91
JDK:java.base,N/A,false,MethodCallExpr,java.lang.Throwable,getMessage,C:\Users\tyin363\Documents\repos\DSpace__DSpace\dspace-oai\src\main\java\org\dspace\xoai\services\impl\xoai\DSpaceRepositoryConfiguration.java,111
JDK:java.base,N/A,false,ClassOrInterfaceType,java.lang.String,String,C:\Users\tyin363\Documents\repos\DSpace__DSpace\dspace-oai\src\main\java\org\dspace\xoai\services\impl\xoai\DSpaceResumptionTokenFormatter.java,27
JDK:java.base,N/A,false,MethodCallExpr,java.util.Arrays,asList,C:\Users\tyin363\Documents\repos\DSpace__DSpace\dspace-oai\src\main\java\org\dspace\xoai\controller\DSpaceOAIDataProvider.java,179
,,false,ClassOrInterfaceType,org.dspace.xoai.data.DSpaceItem,DSpaceItem,C:\Users\tyin363\Documents\repos\DSpace__DSpace\dspace-oai\src\main\java\org\dspace\xoai\filter\DSpaceMetadataExistsFilter.java,58
JDK:java.base,N/A,false,ClassOrInterfaceType,javax.xml.stream.XMLStreamException,XMLStreamException,C:\Users\tyin363\Documents\repos\DSpace__DSpace\dspace-oai\src\main\java\org\dspace\xoai\services\impl\cache\DSpaceXOAICacheService.java,119
JDK:java.base,N/A,false,ClassOrInterfaceType,java.io.IOException,IOException,C:\Users\tyin363\Documents\repos\DSpace__DSpace\dspace-oai\src\main\java\org\dspace\xoai\services\impl\xoai\DSpaceItemSolrRepository.java,85
org.dspace:xoai,3.4.1,false,ClassOrInterfaceType,com.lyncode.xoai.dataprovider.xml.oaipmh.OAIPMH,OAIPMH,C:\Users\tyin363\Documents\repos\DSpace__DSpace\dspace-oai\src\main\java\org\dspace\xoai\services\impl\cache\DSpaceEmptyCacheService.java,33
JDK:java.base,N/A,false,MethodCallExpr,java.lang.Throwable,getCause,C:\Users\tyin363\Documents\repos\DSpace__DSpace\dspace-oai\src\main\java\org\dspace\xoai\app\XOAI.java,557
,,false,FieldAccessExpr,org.dspace.xoai.services.impl.xoai.DSpaceRepositoryConfiguration,dateResolver,C:\Users\tyin363\Documents\repos\DSpace__DSpace\dspace-oai\src\main\java\org\dspace\xoai\services\impl\xoai\DSpaceRepositoryConfiguration.java,51
,,false,FieldAccessExpr,org.dspace.xoai.app.XOAI,clean,C:\Users\tyin363\Documents\repos\DSpace__DSpace\dspace-oai\src\main\java\org\dspace\xoai\app\XOAI.java,128
org.apache.logging.log4j:log4j-api,2.25.1,false,MethodCallExpr,org.apache.logging.log4j.Logger,error,C:\Users\tyin363\Documents\repos\DSpace__DSpace\dspace-oai\src\main\java\org\dspace\xoai\app\XOAI.java,538
JDK:java.base,N/A,false,ClassOrInterfaceType,java.util.HashMap,HashMap,C:\Users\tyin363\Documents\repos\DSpace__DSpace\dspace-oai\src\main\java\org\dspace\xoai\controller\DSpaceOAIDataProvider.java,174
JDK:java.base,N/A,false,ClassOrInterfaceType,java.util.List,List,C:\Users\tyin363\Documents\repos\DSpace__DSpace\dspace-oai\src\main\java\org\dspace\xoai\data\DSpaceItem.java,100
JDK:java.base,N/A,false,MethodCallExpr,java.io.PrintStream,println,C:\Users\tyin363\Documents\repos\DSpace__DSpace\dspace-oai\src\main\java\org\dspace\xoai\app\XOAI.java,713
JDK:java.base,N/A,false,ClassOrInterfaceType,java.util.ArrayList,ArrayList,C:\Users\tyin363\Documents\repos\DSpace__DSpace\dspace-oai\src\main\java\org\dspace\xoai\services\impl\xoai\DSpaceSetRepository.java,80
JDK:java.base,N/A,false,ClassOrInterfaceType,java.util.List,List,C:\Users\tyin363\Documents\repos\DSpace__DSpace\dspace-oai\src\main\java\org\dspace\xoai\app\XOAI.java,372
JDK:java.base,N/A,false,ClassOrInterfaceType,java.util.Date,Date,C:\Users\tyin363\Documents\repos\DSpace__DSpace\dspace-oai\src\main\java\org\dspace\xoai\data\DSpaceSolrItem.java,39
org.dspace:xoai,3.4.1,false,ClassOrInterfaceType,com.lyncode.xoai.dataprovider.filter.ScopedFilter,ScopedFilter,C:\Users\tyin363\Documents\repos\DSpace__DSpace\dspace-oai\src\main\java\org\dspace\xoai\services\impl\xoai\DSpaceItemRepository.java,150
JDK:java.base,N/A,false,MethodCallExpr,java.lang.StringBuilder,toString,C:\Users\tyin363\Documents\repos\DSpace__DSpace\dspace-oai\src\main\java\org\dspace\xoai\filter\DSpaceMetadataExistsFilter.java,80
JDK:java.base,N/A,false,MethodCallExpr,java.util.Date,from,C:\Users\tyin363\Documents\repos\DSpace__DSpace\dspace-oai\src\main\java\org\dspace\xoai\services\impl\xoai\DSpaceResumptionTokenFormatter.java,39
JDK:java.base,N/A,false,ObjectCreationExpr,java.util.ArrayList,ArrayList,C:\Users\tyin363\Documents\repos\DSpace__DSpace\dspace-oai\src\main\java\org\dspace\xoai\data\DSpaceItem.java,43
JDK:java.base,N/A,false,ClassOrInterfaceType,java.util.Date,Date,C:\Users\tyin363\Documents\repos\DSpace__DSpace\dspace-oai\src\main\java\org\dspace\xoai\app\XOAI.java,170
JDK:java.base,N/A,false,ClassOrInterfaceType,java.lang.String,String,C:\Users\tyin363\Documents\repos\DSpace__DSpace\dspace-oai\src\main\java\org\dspace\xoai\data\DSpaceSolrItem.java,85
,,false,ObjectCreationExpr,org.dspace.xoai.filter.results.SolrFilterResult,SolrFilterResult,C:\Users\tyin363\Documents\repos\DSpace__DSpace\dspace-oai\src\main\java\org\dspace\xoai\filter\DSpaceAtLeastOneMetadataFilter.java,147
,,false,MethodCallExpr,org.dspace.xoai.services.api.solr.SolrServerResolver,getServer,C:\Users\tyin363\Documents\repos\DSpace__DSpace\dspace-oai\src\main\java\org\dspace\xoai\app\XOAI.java,175
JDK:java.base,N/A,false,ClassOrInterfaceType,java.io.InputStream,InputStream,C:\Users\tyin363\Documents\repos\DSpace__DSpace\dspace-oai\src\main\java\org\dspace\xoai\services\impl\cache\DSpaceXOAICacheService.java,94
org.dspace:xoai,3.4.1,false,MethodCallExpr,com.lyncode.xoai.util.Base64Utils,encode,C:\Users\tyin363\Documents\repos\DSpace__DSpace\dspace-oai\src\main\java\org\dspace\xoai\util\ItemUtils.java,227
,,false,ObjectCreationExpr,org.dspace.xoai.filter.results.SolrFilterResult,SolrFilterResult,C:\Users\tyin363\Documents\repos\DSpace__DSpace\dspace-oai\src\main\java\org\dspace\xoai\filter\DSpaceWithdrawnFilter.java,40
JDK:java.base,N/A,false,ClassOrInterfaceType,java.lang.String,String,C:\Users\tyin363\Documents\repos\DSpace__DSpace\dspace-oai\src\main\java\org\dspace\xoai\services\impl\cache\DSpaceXOAILastCompilationCacheService.java,23
JDK:java.base,N/A,false,MethodCallExpr,java.util.Date,toInstant,C:\Users\tyin363\Documents\repos\DSpace__DSpace\dspace-oai\src\main\java\org\dspace\xoai\services\impl\xoai\DSpaceItemRepository.java,85
JDK:java.base,N/A,false,MethodReferenceExpr,java.time.Instant,from,C:\Users\tyin363\Documents\repos\DSpace__DSpace\dspace-oai\src\main\java\org\dspace\xoai\util\DateUtils.java,75
JDK:java.base,N/A,false,MethodCallExpr,java.util.List,add,C:\Users\tyin363\Documents\repos\DSpace__DSpace\dspace-oai\src\main\java\org\dspace\xoai\app\CCElementItemCompilePlugin.java,47
JDK:java.base,N/A,false,ObjectCreationExpr,java.io.File,File,C:\Users\tyin363\Documents\repos\DSpace__DSpace\dspace-oai\src\main\java\org\dspace\xoai\services\impl\cache\DSpaceXOAIItemCacheService.java,53
,,false,MethodCallExpr,org.dspace.xoai.services.api.config.ConfigurationService,getProperty,C:\Users\tyin363\Documents\repos\DSpace__DSpace\dspace-oai\src\main\java\org\dspace\xoai\services\impl\cache\DSpaceXOAICacheService.java,46
org.apache.logging.log4j:log4j-api,2.25.1,false,ClassOrInterfaceType,org.apache.logging.log4j.Logger,Logger,C:\Users\tyin363\Documents\repos\DSpace__DSpace\dspace-oai\src\main\java\org\dspace\xoai\solr\DSpaceSolrServer.java,24
,,false,ClassOrInterfaceType,org.dspace.xoai.filter.DSpaceFilter,DSpaceFilter,C:\Users\tyin363\Documents\repos\DSpace__DSpace\dspace-oai\src\main\java\org\dspace\xoai\filter\DSpaceAtLeastOneMetadataFilter.java,32
org.dspace:xoai,3.4.1,false,ObjectCreationExpr,com.lyncode.xoai.dataprovider.filter.ScopedFilter,ScopedFilter,C:\Users\tyin363\Documents\repos\DSpace__DSpace\dspace-oai\src\main\java\org\dspace\xoai\services\impl\xoai\DSpaceItemRepository.java,117
,,false,MethodCallExpr,org.dspace.xoai.util.ItemUtils,createValue,C:\Users\tyin363\Documents\repos\DSpace__DSpace\dspace-oai\src\main\java\org\dspace\xoai\app\plugins\AccessStatusElementItemCompilePlugin.java,69
JDK:java.base,N/A,false,ClassOrInterfaceType,java.io.IOException,IOException,C:\Users\tyin363\Documents\repos\DSpace__DSpace\dspace-oai\src\main\java\org\dspace\xoai\app\XOAI.java,702
,,false,ObjectCreationExpr,org.dspace.xoai.filter.OrFilter,OrFilter,C:\Users\tyin363\Documents\repos\DSpace__DSpace\dspace-oai\src\main\java\org\dspace\xoai\services\impl\xoai\BaseDSpaceFilterResolver.java,101
org.dspace:xoai,3.4.1,false,ClassOrInterfaceType,com.lyncode.xoai.dataprovider.services.api.SetRepository,SetRepository,C:\Users\tyin363\Documents\repos\DSpace__DSpace\dspace-oai\src\main\java\org\dspace\xoai\services\api\xoai\SetRepositoryResolver.java,14
JDK:java.base,N/A,false,ClassOrInterfaceType,java.lang.String,String,C:\Users\tyin363\Documents\repos\DSpace__DSpace\dspace-oai\src\main\java\org\dspace\xoai\filter\DSpaceAuthorizationFilter.java,41
JDK:java.base,N/A,false,ClassOrInterfaceType,java.util.ArrayList,ArrayList,C:\Users\tyin363\Documents\repos\DSpace__DSpace\dspace-oai\src\main\java\org\dspace\xoai\services\impl\DSpaceCollectionsService.java,105
JDK:java.base,N/A,false,MethodCallExpr,javax.xml.transform.Source,setSystemId,C:\Users\tyin363\Documents\repos\DSpace__DSpace\dspace-oai\src\main\java\org\dspace\xoai\services\impl\resources\DSpaceResourceResolver.java,50
,,false,MethodCallExpr,org.dspace.xoai.services.api.cache.XOAICacheService,hasCache,C:\Users\tyin363\Documents\repos\DSpace__DSpace\dspace-oai\src\main\java\org\dspace\xoai\controller\DSpaceOAIDataProvider.java,118
JDK:java.base,N/A,false,FieldAccessExpr,java.lang.System,out,C:\Users\tyin363\Documents\repos\DSpace__DSpace\dspace-oai\src\main\java\org\dspace\xoai\app\XOAI.java,568
jakarta.servlet:jakarta.servlet-api,6.1.0,false,MethodCallExpr,jakarta.servlet.ServletResponse,setCharacterEncoding,C:\Users\tyin363\Documents\repos\DSpace__DSpace\dspace-oai\src\main\java\org\dspace\xoai\controller\DSpaceOAIDataProvider.java,113
org.dspace:xoai,3.4.1,false,ClassOrInterfaceType,com.lyncode.xoai.dataprovider.core.ItemMetadata,ItemMetadata,C:\Users\tyin363\Documents\repos\DSpace__DSpace\dspace-oai\src\main\java\org\dspace\xoai\data\DSpaceSolrItem.java,62
JDK:java.base,N/A,false,MethodCallExpr,java.util.List,add,C:\Users\tyin363\Documents\repos\DSpace__DSpace\dspace-oai\src\main\java\org\dspace\xoai\services\impl\xoai\DSpaceItemRepository.java,135
JDK:java.base,N/A,false,ClassOrInterfaceType,java.lang.String,String,C:\Users\tyin363\Documents\repos\DSpace__DSpace\dspace-oai\src\main\java\org\dspace\xoai\filter\DSpaceMetadataExistsFilter.java,34
,,false,MethodCallExpr,org.dspace.xoai.services.impl.xoai.DSpaceItemRepository,getDateFromCondition,C:\Users\tyin363\Documents\repos\DSpace__DSpace\dspace-oai\src\main\java\org\dspace\xoai\services\impl\xoai\DSpaceItemRepository.java,75
,,false,ObjectCreationExpr,org.dspace.xoai.exceptions.InvalidSetSpecException,InvalidSetSpecException,C:\Users\tyin363\Documents\repos\DSpace__DSpace\dspace-oai\src\main\java\org\dspace\xoai\services\impl\set\DSpaceSetSpecResolver.java,55
org.dspace:xoai,3.4.1,false,ClassOrInterfaceType,com.lyncode.xoai.dataprovider.services.api.ItemRepository,ItemRepository,C:\Users\tyin363\Documents\repos\DSpace__DSpace\dspace-oai\src\main\java\org\dspace\xoai\services\impl\xoai\DSpaceItemRepository.java,30
,,false,MethodCallExpr,org.dspace.xoai.services.api.HandleResolver,resolve,C:\Users\tyin363\Documents\repos\DSpace__DSpace\dspace-oai\src\main\java\org\dspace\xoai\services\impl\set\DSpaceSetSpecResolver.java,80
JDK:java.base,N/A,false,ClassOrInterfaceType,java.lang.String,String,C:\Users\tyin363\Documents\repos\DSpace__DSpace\dspace-oai\src\main\java\org\dspace\xoai\data\DSpaceSet.java,20
,,false,ClassOrInterfaceType,org.dspace.xoai.services.api.config.XOAIManagerResolverException,XOAIManagerResolverException,C:\Users\tyin363\Documents\repos\DSpace__DSpace\dspace-oai\src\main\java\org\dspace\xoai\services\api\config\XOAIManagerResolver.java,13
JDK:java.base,N/A,false,ClassOrInterfaceType,java.util.List,List,C:\Users\tyin363\Documents\repos\DSpace__DSpace\dspace-oai\src\main\java\org\dspace\xoai\services\impl\xoai\DSpaceRepositoryConfiguration.java,141
JDK:java.base,N/A,false,MethodCallExpr,java.util.List,add,C:\Users\tyin363\Documents\repos\DSpace__DSpace\dspace-oai\src\main\java\org\dspace\xoai\util\ItemUtils.java,342
JDK:java.base,N/A,false,ClassOrInterfaceType,java.util.UUID,UUID,C:\Users\tyin363\Documents\repos\DSpace__DSpace\dspace-oai\src\main\java\org\dspace\xoai\services\impl\DSpaceCollectionsService.java,36
org.dspace:xoai,3.4.1,false,ClassOrInterfaceType,com.lyncode.xoai.dataprovider.filter.ScopedFilter,ScopedFilter,C:\Users\tyin363\Documents\repos\DSpace__DSpace\dspace-oai\src\main\java\org\dspace\xoai\services\impl\xoai\DSpaceItemRepository.java,152
JDK:java.base,N/A,false,ClassOrInterfaceType,javax.xml.transform.TransformerFactory,TransformerFactory,C:\Users\tyin363\Documents\repos\DSpace__DSpace\dspace-oai\src\main\java\org\dspace\xoai\services\impl\resources\DSpaceResourceResolver.java,26
org.dspace:xoai,3.4.1,false,ObjectCreationExpr,com.lyncode.xoai.dataprovider.filter.ScopedFilter,ScopedFilter,C:\Users\tyin363\Documents\repos\DSpace__DSpace\dspace-oai\src\main\java\org\dspace\xoai\services\impl\xoai\DSpaceItemRepository.java,118
JDK:java.base,N/A,false,MethodCallExpr,java.lang.String,replace,C:\Users\tyin363\Documents\repos\DSpace__DSpace\dspace-oai\src\main\java\org\dspace\xoai\services\impl\set\DSpaceSetSpecResolver.java,91
,,false,ClassOrInterfaceType,org.dspace.xoai.app.XOAIExtensionItemCompilePlugin,XOAIExtensionItemCompilePlugin,C:\Users\tyin363\Documents\repos\DSpace__DSpace\dspace-oai\src\main\java\org\dspace\xoai\app\XOAI.java,135
JDK:java.base,N/A,false,ClassOrInterfaceType,java.io.FileInputStream,FileInputStream,C:\Users\tyin363\Documents\repos\DSpace__DSpace\dspace-oai\src\main\java\org\dspace\xoai\services\impl\cache\DSpaceXOAIItemCacheService.java,67
,,false,MethodCallExpr,org.dspace.xoai.services.api.config.ConfigurationService,getProperty,C:\Users\tyin363\Documents\repos\DSpace__DSpace\dspace-oai\src\main\java\org\dspace\xoai\services\impl\cache\DSpaceXOAILastCompilationCacheService.java,32
JDK:java.base,N/A,false,ObjectCreationExpr,java.util.ArrayList,ArrayList,C:\Users\tyin363\Documents\repos\DSpace__DSpace\dspace-oai\src\main\java\org\dspace\xoai\app\XOAI.java,317
JDK:java.base,N/A,false,ClassOrInterfaceType,java.lang.String,String,C:\Users\tyin363\Documents\repos\DSpace__DSpace\dspace-oai\src\main\java\org\dspace\xoai\services\impl\cache\DSpaceXOAIItemCacheService.java,52
JDK:java.base,N/A,false,ClassOrInterfaceType,java.io.IOException,IOException,C:\Users\tyin363\Documents\repos\DSpace__DSpace\dspace-oai\src\main\java\org\dspace\xoai\app\XOAI.java,569
commons-cli:commons-cli,1.9.0,false,MethodCallExpr,org.apache.commons.cli.CommandLineParser,parse,C:\Users\tyin363\Documents\repos\DSpace__DSpace\dspace-oai\src\main\java\org\dspace\xoai\app\XOAI.java,603
JDK:java.base,N/A,false,MethodCallExpr,java.time.Instant,parse,C:\Users\tyin363\Documents\repos\DSpace__DSpace\dspace-oai\src\main\java\org\dspace\xoai\services\impl\cache\DSpaceXOAILastCompilationCacheService.java,54
JDK:java.base,N/A,false,MethodCallExpr,java.lang.Throwable,getCause,C:\Users\tyin363\Documents\repos\DSpace__DSpace\dspace-oai\src\main\java\org\dspace\xoai\app\XOAI.java,558
,,false,ClassOrInterfaceType,org.dspace.xoai.services.api.FieldResolver,FieldResolver,C:\Users\tyin363\Documents\repos\DSpace__DSpace\dspace-oai\src\main\java\org\dspace\xoai\filter\DSpaceFilter.java,66
,,false,MethodCallExpr,org.dspace.xoai.services.api.config.ConfigurationService,getProperty,C:\Users\tyin363\Documents\repos\DSpace__DSpace\dspace-oai\src\main\java\org\dspace\xoai\services\impl\xoai\DSpaceRepositoryConfiguration.java,137
org.dspace:xoai,3.4.1,false,MethodCallExpr,com.lyncode.xoai.dataprovider.xml.xoai.Element,getElement,C:\Users\tyin363\Documents\repos\DSpace__DSpace\dspace-oai\src\main\java\org\dspace\xoai\util\ItemUtils.java,276
org.dspace:xoai,3.4.1,false,MethodCallExpr,com.lyncode.xoai.util.Base64Utils,encode,C:\Users\tyin363\Documents\repos\DSpace__DSpace\dspace-oai\src\main\java\org\dspace\xoai\services\impl\cache\DSpaceXOAICacheService.java,78
JDK:java.base,N/A,false,ObjectCreationExpr,java.io.IOException,IOException,C:\Users\tyin363\Documents\repos\DSpace__DSpace\dspace-oai\src\main\java\org\dspace\xoai\services\impl\cache\DSpaceXOAIItemCacheService.java,92
,,false,ClassOrInterfaceType,org.dspace.xoai.services.api.config.ConfigurationService,ConfigurationService,C:\Users\tyin363\Documents\repos\DSpace__DSpace\dspace-oai\src\main\java\org\dspace\xoai\services\impl\cache\DSpaceXOAILastCompilationCacheService.java,28
org.dspace:xoai,3.4.1,false,ClassOrInterfaceType,com.lyncode.xoai.dataprovider.core.ListItemsResults,ListItemsResults,C:\Users\tyin363\Documents\repos\DSpace__DSpace\dspace-oai\src\main\java\org\dspace\xoai\services\impl\xoai\DSpaceItemRepository.java,132
org.apache.logging.log4j:log4j-api,2.25.1,false,MethodCallExpr,org.apache.logging.log4j.Logger,error,C:\Users\tyin363\Documents\repos\DSpace__DSpace\dspace-oai\src\main\java\org\dspace\xoai\controller\DSpaceOAIDataProvider.java,150
JDK:java.base,N/A,false,ClassOrInterfaceType,java.io.IOException,IOException,C:\Users\tyin363\Documents\repos\DSpace__DSpace\dspace-oai\src\main\java\org\dspace\xoai\services\impl\xoai\DSpaceItemSolrRepository.java,64
,,false,MethodCallExpr,org.dspace.xoai.filter.DSpaceFilter,getConfiguration,C:\Users\tyin363\Documents\repos\DSpace__DSpace\dspace-oai\src\main\java\org\dspace\xoai\filter\DSpaceMetadataExistsFilter.java,40
JDK:java.base,N/A,false,ClassOrInterfaceType,java.util.List,List,C:\Users\tyin363\Documents\repos\DSpace__DSpace\dspace-oai\src\main\java\org\dspace\xoai\services\impl\solr\DSpaceSolrQueryResolver.java,26
JDK:java.base,N/A,false,MethodCallExpr,javax.xml.stream.XMLStreamWriter,flush,C:\Users\tyin363\Documents\repos\DSpace__DSpace\dspace-oai\src\main\java\org\dspace\xoai\services\impl\cache\DSpaceXOAIItemCacheService.java,85
JDK:java.base,N/A,false,ClassOrInterfaceType,java.lang.Throwable,Throwable,C:\Users\tyin363\Documents\repos\DSpace__DSpace\dspace-oai\src\main\java\org\dspace\xoai\services\api\context\ContextServiceException.java,18
,,false,ObjectCreationExpr,org.dspace.xoai.services.impl.DSpaceCollectionsService,DSpaceCollectionsService,C:\Users\tyin363\Documents\repos\DSpace__DSpace\dspace-oai\src\main\java\org\dspace\xoai\app\BasicConfiguration.java,143
org.dspace:xoai,3.4.1,false,ClassOrInterfaceType,com.lyncode.xoai.dataprovider.exceptions.WritingXmlException,WritingXmlException,C:\Users\tyin363\Documents\repos\DSpace__DSpace\dspace-oai\src\main\java\org\dspace\xoai\controller\DSpaceOAIDataProvider.java,149
org.dspace:xoai,3.4.1,false,ClassOrInterfaceType,com.lyncode.xoai.dataprovider.xml.xoaiconfig.parameters.ParameterValue,ParameterValue,C:\Users\tyin363\Documents\repos\DSpace__DSpace\dspace-oai\src\main\java\org\dspace\xoai\filter\DSpaceAtLeastOneMetadataFilter.java,61
JDK:java.base,N/A,false,MethodCallExpr,java.io.PrintStream,println,C:\Users\tyin363\Documents\repos\DSpace__DSpace\dspace-oai\src\main\java\org\dspace\xoai\app\XOAI.java,576
JDK:java.base,N/A,false,MethodCallExpr,java.lang.String,compareTo,C:\Users\tyin363\Documents\repos\DSpace__DSpace\dspace-oai\src\main\java\org\dspace\xoai\filter\DSpaceAtLeastOneMetadataFilter.java,116
org.dspace:xoai,3.4.1,false,ClassOrInterfaceType,com.lyncode.xoai.dataprovider.filter.ScopedFilter,ScopedFilter,C:\Users\tyin363\Documents\repos\DSpace__DSpace\dspace-oai\src\main\java\org\dspace\xoai\services\impl\xoai\DSpaceItemRepository.java,145
org.apache.logging.log4j:log4j-api,2.25.1,false,MethodCallExpr,org.apache.logging.log4j.Logger,error,C:\Users\tyin363\Documents\repos\DSpace__DSpace\dspace-oai\src\main\java\org\dspace\xoai\app\XOAI.java,121
,,false,MethodCallExpr,org.dspace.xoai.services.impl.xoai.DSpaceSetRepository,collection,C:\Users\tyin363\Documents\repos\DSpace__DSpace\dspace-oai\src\main\java\org\dspace\xoai\services\impl\xoai\DSpaceSetRepository.java,141
,,false,MethodCallExpr,org.dspace.xoai.services.impl.xoai.DSpaceItemRepository,getDateFromCondition,C:\Users\tyin363\Documents\repos\DSpace__DSpace\dspace-oai\src\main\java\org\dspace\xoai\services\impl\xoai\DSpaceItemRepository.java,102
JDK:java.base,N/A,false,MethodCallExpr,java.lang.Throwable,getMessage,C:\Users\tyin363\Documents\repos\DSpace__DSpace\dspace-oai\src\main\java\org\dspace\xoai\services\impl\xoai\DSpaceSetRepository.java,91
org.dspace:xoai,3.4.1,false,ObjectCreationExpr,com.lyncode.xoai.dataprovider.core.ListItemsResults,ListItemsResults,C:\Users\tyin363\Documents\repos\DSpace__DSpace\dspace-oai\src\main\java\org\dspace\xoai\services\impl\xoai\DSpaceItemSolrRepository.java,99
JDK:java.base,N/A,false,ClassOrInterfaceType,java.util.List,List,C:\Users\tyin363\Documents\repos\DSpace__DSpace\dspace-oai\src\main\java\org\dspace\xoai\services\impl\solr\DSpaceSolrQueryResolver.java,27
,,false,MethodCallExpr,org.dspace.xoai.filter.DSpaceFilter,getConfiguration,C:\Users\tyin363\Documents\repos\DSpace__DSpace\dspace-oai\src\main\java\org\dspace\xoai\filter\DSpaceMetadataExistsFilter.java,38
org.dspace:xoai,3.4.1,false,MethodCallExpr,com.lyncode.xoai.dataprovider.services.api.DateProvider,format,C:\Users\tyin363\Documents\repos\DSpace__DSpace\dspace-oai\src\main\java\org\dspace\xoai\filter\DateUntilFilter.java,42
JDK:java.base,N/A,false,ClassOrInterfaceType,java.io.File,File,C:\Users\tyin363\Documents\repos\DSpace__DSpace\dspace-oai\src\main\java\org\dspace\xoai\services\impl\cache\DSpaceXOAILastCompilationCacheService.java,33
JDK:java.base,N/A,false,ClassOrInterfaceType,java.lang.String,String,C:\Users\tyin363\Documents\repos\DSpace__DSpace\dspace-oai\src\main\java\org\dspace\xoai\util\DateUtils.java,36
JDK:java.base,N/A,false,MethodCallExpr,java.util.Date,toInstant,C:\Users\tyin363\Documents\repos\DSpace__DSpace\dspace-oai\src\main\java\org\dspace\xoai\services\impl\xoai\DSpaceItemRepository.java,102
JDK:java.base,N/A,false,MethodCallExpr,java.lang.String,equals,C:\Users\tyin363\Documents\repos\DSpace__DSpace\dspace-oai\src\main\java\org\dspace\xoai\services\impl\xoai\DSpaceResumptionTokenFormatter.java,37
JDK:java.base,N/A,false,ClassOrInterfaceType,java.util.HashMap,HashMap,C:\Users\tyin363\Documents\repos\DSpace__DSpace\dspace-oai\src\main\java\org\dspace\xoai\services\impl\MetadataFieldCache.java,26
JDK:java.base,N/A,false,ClassOrInterfaceType,java.lang.Exception,Exception,C:\Users\tyin363\Documents\repos\DSpace__DSpace\dspace-oai\src\main\java\org\dspace\xoai\exceptions\InvalidMetadataFieldException.java,13
JDK:java.base,N/A,false,ClassOrInterfaceType,java.lang.String,String,C:\Users\tyin363\Documents\repos\DSpace__DSpace\dspace-oai\src\main\java\org\dspace\xoai\app\XOAI.java,227
JDK:java.base,N/A,false,MethodCallExpr,java.lang.String,split,C:\Users\tyin363\Documents\repos\DSpace__DSpace\dspace-oai\src\main\java\org\dspace\xoai\services\impl\xoai\DSpaceItemSolrRepository.java,59
,,false,ObjectCreationExpr,org.dspace.xoai.exceptions.InvalidSetSpecException,InvalidSetSpecException,C:\Users\tyin363\Documents\repos\DSpace__DSpace\dspace-oai\src\main\java\org\dspace\xoai\services\impl\set\DSpaceSetSpecResolver.java,44
JDK:java.base,N/A,false,MethodCallExpr,java.lang.Throwable,getMessage,C:\Users\tyin363\Documents\repos\DSpace__DSpace\dspace-oai\src\main\java\org\dspace\xoai\services\impl\xoai\DSpaceResumptionTokenFormatter.java,43
,,false,ClassOrInterfaceType,org.dspace.xoai.data.DSpaceItem,DSpaceItem,C:\Users\tyin363\Documents\repos\DSpace__DSpace\dspace-oai\src\main\java\org\dspace\xoai\filter\DSpaceFilter.java,44
JDK:java.base,N/A,false,ClassOrInterfaceType,java.sql.SQLException,SQLException,C:\Users\tyin363\Documents\repos\DSpace__DSpace\dspace-oai\src\main\java\org\dspace\xoai\util\ItemUtils.java,332
org.dspace:xoai,3.4.1,false,ClassOrInterfaceType,com.lyncode.xoai.dataprovider.xml.xoai.Element,Element,C:\Users\tyin363\Documents\repos\DSpace__DSpace\dspace-oai\src\main\java\org\dspace\xoai\app\plugins\AccessStatusElementItemCompilePlugin.java,65
,,false,ObjectCreationExpr,org.dspace.xoai.filter.results.SolrFilterResult,SolrFilterResult,C:\Users\tyin363\Documents\repos\DSpace__DSpace\dspace-oai\src\main\java\org\dspace\xoai\filter\DSpaceMetadataExistsFilter.java,80
,,false,ClassOrInterfaceType,org.dspace.xoai.services.impl.DSpaceFieldResolver,DSpaceFieldResolver,C:\Users\tyin363\Documents\repos\DSpace__DSpace\dspace-oai\src\main\java\org\dspace\xoai\app\BasicConfiguration.java,108
,,false,ObjectCreationExpr,org.dspace.xoai.services.impl.xoai.DSpaceResumptionTokenFormatter,DSpaceResumptionTokenFormatter,C:\Users\tyin363\Documents\repos\DSpace__DSpace\dspace-oai\src\main\java\org\dspace\xoai\controller\DSpaceOAIDataProvider.java,73
JDK:java.base,N/A,false,ClassOrInterfaceType,java.lang.String,String,C:\Users\tyin363\Documents\repos\DSpace__DSpace\dspace-oai\src\main\java\org\dspace\xoai\services\impl\cache\DSpaceXOAICacheService.java,37
JDK:java.base,N/A,false,ClassOrInterfaceType,java.lang.Object,Object,C:\Users\tyin363\Documents\repos\DSpace__DSpace\dspace-oai\src\main\java\org\dspace\xoai\data\DSpaceSolrItem.java,42
commons-cli:commons-cli,1.9.0,false,MethodCallExpr,org.apache.commons.cli.CommandLine,getArgs,C:\Users\tyin363\Documents\repos\DSpace__DSpace\dspace-oai\src\main\java\org\dspace\xoai\app\XOAI.java,619
org.apache.logging.log4j:log4j-api,2.25.1,false,ClassOrInterfaceType,org.apache.logging.log4j.Logger,Logger,C:\Users\tyin363\Documents\repos\DSpace__DSpace\dspace-oai\src\main\java\org\dspace\xoai\filter\ItemsWithBitstreamFilter.java,29
JDK:java.base,N/A,false,ClassOrInterfaceType,java.lang.String,String,C:\Users\tyin363\Documents\repos\DSpace__DSpace\dspace-oai\src\main\java\org\dspace\xoai\app\XOAI.java,228
JDK:java.base,N/A,false,ClassOrInterfaceType,java.time.Instant,Instant,C:\Users\tyin363\Documents\repos\DSpace__DSpace\dspace-oai\src\main\java\org\dspace\xoai\util\DateUtils.java,36
org.dspace:xoai,3.4.1,false,ClassOrInterfaceType,com.lyncode.xoai.dataprovider.core.Set,Set,C:\Users\tyin363\Documents\repos\DSpace__DSpace\dspace-oai\src\main\java\org\dspace\xoai\data\DSpaceSet.java,17
org.dspace:xoai,3.4.1,false,ClassOrInterfaceType,com.lyncode.xoai.dataprovider.xml.xoaiconfig.parameters.SimpleType,SimpleType,C:\Users\tyin363\Documents\repos\DSpace__DSpace\dspace-oai\src\main\java\org\dspace\xoai\filter\DSpaceMetadataExistsFilter.java,45
org.dspace:xoai,3.4.1,false,ClassOrInterfaceType,com.lyncode.xoai.dataprovider.exceptions.WritingXmlException,WritingXmlException,C:\Users\tyin363\Documents\repos\DSpace__DSpace\dspace-oai\src\main\java\org\dspace\xoai\services\impl\cache\DSpaceXOAICacheService.java,121
,,false,FieldAccessExpr,org.dspace.xoai.app.XOAI,context,C:\Users\tyin363\Documents\repos\DSpace__DSpace\dspace-oai\src\main\java\org\dspace\xoai\app\XOAI.java,127
org.dspace:xoai,3.4.1,false,ClassOrInterfaceType,com.lyncode.xoai.dataprovider.exceptions.OAIException,OAIException,C:\Users\tyin363\Documents\repos\DSpace__DSpace\dspace-oai\src\main\java\org\dspace\xoai\services\impl\xoai\DSpaceItemRepository.java,116
,,false,ClassOrInterfaceType,org.dspace.xoai.data.DSpaceItem,DSpaceItem,C:\Users\tyin363\Documents\repos\DSpace__DSpace\dspace-oai\src\main\java\org\dspace\xoai\filter\DSpaceFilter.java,43
org.apache.logging.log4j:log4j-api,2.25.1,false,MethodCallExpr,org.apache.logging.log4j.LogManager,getLogger,C:\Users\tyin363\Documents\repos\DSpace__DSpace\dspace-oai\src\main\java\org\dspace\xoai\services\impl\MetadataFieldCache.java,20
JDK:java.base,N/A,false,MethodCallExpr,java.io.ByteArrayOutputStream,toString,C:\Users\tyin363\Documents\repos\DSpace__DSpace\dspace-oai\src\main\java\org\dspace\xoai\services\impl\cache\DSpaceXOAICacheService.java,109
org.dspace:xoai,3.4.1,false,ClassOrInterfaceType,com.lyncode.xoai.dataprovider.filter.Scope,Scope,C:\Users\tyin363\Documents\repos\DSpace__DSpace\dspace-oai\src\main\java\org\dspace\xoai\services\api\xoai\DSpaceFilterResolver.java,15
org.dspace:xoai,3.4.1,false,ClassOrInterfaceType,com.lyncode.xoai.dataprovider.services.api.SetRepository,SetRepository,C:\Users\tyin363\Documents\repos\DSpace__DSpace\dspace-oai\src\main\java\org\dspace\xoai\services\impl\xoai\DSpaceSetRepository.java,33
JDK:java.base,N/A,false,ClassOrInterfaceType,java.lang.String,String,C:\Users\tyin363\Documents\repos\DSpace__DSpace\dspace-oai\src\main\java\org\dspace\xoai\data\DSpaceItem.java,62
,,false,ClassOrInterfaceType,org.dspace.xoai.filter.data.DSpaceMetadataFilterOperator,DSpaceMetadataFilterOperator,C:\Users\tyin363\Documents\repos\DSpace__DSpace\dspace-oai\src\main\java\org\dspace\xoai\filter\DSpaceAtLeastOneMetadataFilter.java,72
,,false,MethodCallExpr,org.dspace.xoai.services.impl.xoai.DSpaceItemRepository,getDSpaceSetSpecFilter,C:\Users\tyin363\Documents\repos\DSpace__DSpace\dspace-oai\src\main\java\org\dspace\xoai\services\impl\xoai\DSpaceItemRepository.java,153
,,false,ClassOrInterfaceType,org.dspace.xoai.services.api.EarliestDateResolver,EarliestDateResolver,C:\Users\tyin363\Documents\repos\DSpace__DSpace\dspace-oai\src\main\java\org\dspace\xoai\services\impl\xoai\DSpaceRepositoryConfiguration.java,46
,,false,ClassOrInterfaceType,org.dspace.xoai.solr.exceptions.DSpaceSolrException,DSpaceSolrException,C:\Users\tyin363\Documents\repos\DSpace__DSpace\dspace-oai\src\main\java\org\dspace\xoai\app\XOAI.java,307
JDK:java.base,N/A,false,ClassOrInterfaceType,java.lang.String,String,C:\Users\tyin363\Documents\repos\DSpace__DSpace\dspace-oai\src\main\java\org\dspace\xoai\services\impl\cache\DSpaceXOAICacheService.java,38
JDK:java.base,N/A,false,ClassOrInterfaceType,java.lang.String,String,C:\Users\tyin363\Documents\repos\DSpace__DSpace\dspace-oai\src\main\java\org\dspace\xoai\services\impl\solr\DSpaceSolrQueryResolver.java,35
org.dspace:xoai,3.4.1,false,ClassOrInterfaceType,com.lyncode.xoai.dataprovider.filter.Scope,Scope,C:\Users\tyin363\Documents\repos\DSpace__DSpace\dspace-oai\src\main\java\org\dspace\xoai\services\impl\xoai\BaseDSpaceFilterResolver.java,57
,,false,ClassOrInterfaceType,org.dspace.xoai.services.impl.xoai.DSpaceItemSolrRepository,DSpaceItemSolrRepository,C:\Users\tyin363\Documents\repos\DSpace__DSpace\dspace-oai\src\main\java\org\dspace\xoai\services\impl\xoai\DSpaceItemSolrRepository.java,43
,,false,MethodCallExpr,org.dspace.xoai.services.impl.cache.DSpaceXOAICacheService,getCacheFile,C:\Users\tyin363\Documents\repos\DSpace__DSpace\dspace-oai\src\main\java\org\dspace\xoai\services\impl\cache\DSpaceXOAICacheService.java,118
org.dspace:xoai,3.4.1,false,MethodCallExpr,com.lyncode.xoai.dataprovider.xml.xoai.Element,getElement,C:\Users\tyin363\Documents\repos\DSpace__DSpace\dspace-oai\src\main\java\org\dspace\xoai\util\ItemUtils.java,272
,,false,ClassOrInterfaceType,org.dspace.xoai.solr.exceptions.DSpaceSolrIndexerException,DSpaceSolrIndexerException,C:\Users\tyin363\Documents\repos\DSpace__DSpace\dspace-oai\src\main\java\org\dspace\xoai\app\XOAI.java,153
org.apache.logging.log4j:log4j-api,2.25.1,false,MethodCallExpr,org.apache.logging.log4j.Logger,error,C:\Users\tyin363\Documents\repos\DSpace__DSpace\dspace-oai\src\main\java\org\dspace\xoai\filter\ItemsWithBitstreamFilter.java,53
JDK:java.base,N/A,false,ClassOrInterfaceType,java.io.IOException,IOException,C:\Users\tyin363\Documents\repos\DSpace__DSpace\dspace-oai\src\main\java\org\dspace\xoai\services\api\cache\XOAICacheService.java,21
,,false,ClassOrInterfaceType,org.dspace.xoai.services.api.config.ConfigurationService,ConfigurationService,C:\Users\tyin363\Documents\repos\DSpace__DSpace\dspace-oai\src\main\java\org\dspace\xoai\services\impl\cache\DSpaceXOAIItemCacheService.java,34
org.dspace:xoai,3.4.1,false,ClassOrInterfaceType,com.lyncode.xoai.dataprovider.xml.xoai.Metadata,Metadata,C:\Users\tyin363\Documents\repos\DSpace__DSpace\dspace-oai\src\main\java\org\dspace\xoai\services\impl\cache\DSpaceXOAIItemCacheService.java,64
,,false,ClassOrInterfaceType,org.dspace.xoai.services.api.HandleResolver,HandleResolver,C:\Users\tyin363\Documents\repos\DSpace__DSpace\dspace-oai\src\main\java\org\dspace\xoai\services\impl\xoai\DSpaceItemRepository.java,34
JDK:java.base,N/A,false,MethodCallExpr,java.lang.String,compareTo,C:\Users\tyin363\Documents\repos\DSpace__DSpace\dspace-oai\src\main\java\org\dspace\xoai\filter\DSpaceAtLeastOneMetadataFilter.java,111
org.dspace:xoai,3.4.1,false,MethodCallExpr,com.lyncode.xoai.dataprovider.xml.XmlOutputContext,getWriter,C:\Users\tyin363\Documents\repos\DSpace__DSpace\dspace-oai\src\main\java\org\dspace\xoai\services\impl\cache\DSpaceXOAIItemCacheService.java,86
org.dspace:xoai,3.4.1,false,ClassOrInterfaceType,com.lyncode.xoai.dataprovider.core.ResumptionToken,ResumptionToken,C:\Users\tyin363\Documents\repos\DSpace__DSpace\dspace-oai\src\main\java\org\dspace\xoai\services\impl\xoai\DSpaceResumptionTokenFormatter.java,41
org.thymeleaf:thymeleaf,3.1.3.RELEASE,true,MethodCallExpr,org.thymeleaf.templateresolver.AbstractConfigurableTemplateResolver,setCacheable,C:\Users\tyin363\Documents\repos\DSpace__DSpace\dspace-oai\src\main\java\org\dspace\app\configuration\OAIWebConfig.java,73
JDK:java.base,N/A,false,ClassOrInterfaceType,java.util.List,List,C:\Users\tyin363\Documents\repos\DSpace__DSpace\dspace-oai\src\main\java\org\dspace\xoai\services\impl\xoai\DSpaceItemRepository.java,107
,,false,MethodCallExpr,org.dspace.xoai.util.ItemUtils,createValue,C:\Users\tyin363\Documents\repos\DSpace__DSpace\dspace-oai\src\main\java\org\dspace\xoai\util\ItemUtils.java,196
,,false,MethodCallExpr,org.dspace.xoai.services.impl.cache.DSpaceXOAICacheService,getStaticHead,C:\Users\tyin363\Documents\repos\DSpace__DSpace\dspace-oai\src\main\java\org\dspace\xoai\services\impl\cache\DSpaceXOAICacheService.java,95
org.thymeleaf:thymeleaf-spring6,3.1.3.RELEASE,true,ClassOrInterfaceType,org.thymeleaf.spring6.SpringTemplateEngine,SpringTemplateEngine,C:\Users\tyin363\Documents\repos\DSpace__DSpace\dspace-oai\src\main\java\org\dspace\app\configuration\OAIWebConfig.java,82
JDK:java.base,N/A,false,FieldAccessExpr,java.lang.System,out,C:\Users\tyin363\Documents\repos\DSpace__DSpace\dspace-oai\src\main\java\org\dspace\xoai\app\XOAI.java,676
JDK:java.base,N/A,false,ClassOrInterfaceType,java.io.File,File,C:\Users\tyin363\Documents\repos\DSpace__DSpace\dspace-oai\src\main\java\org\dspace\xoai\services\impl\cache\DSpaceXOAILastCompilationCacheService.java,30
,,false,MethodCallExpr,org.dspace.xoai.data.DSpaceItem,getHandle,C:\Users\tyin363\Documents\repos\DSpace__DSpace\dspace-oai\src\main\java\org\dspace\xoai\data\DSpaceItem.java,108
commons-cli:commons-cli,1.9.0,false,MethodCallExpr,org.apache.commons.cli.CommandLine,getArgs,C:\Users\tyin363\Documents\repos\DSpace__DSpace\dspace-oai\src\main\java\org\dspace\xoai\app\XOAI.java,613
JDK:java.base,N/A,false,ClassOrInterfaceType,java.lang.String,String,C:\Users\tyin363\Documents\repos\DSpace__DSpace\dspace-oai\src\main\java\org\dspace\xoai\app\XOAI.java,629
JDK:java.base,N/A,false,ClassOrInterfaceType,java.util.Date,Date,C:\Users\tyin363\Documents\repos\DSpace__DSpace\dspace-oai\src\main\java\org\dspace\xoai\services\impl\xoai\DSpaceItemRepository.java,73
JDK:java.base,N/A,false,ClassOrInterfaceType,java.lang.String,String,C:\Users\tyin363\Documents\repos\DSpace__DSpace\dspace-oai\src\main\java\org\dspace\xoai\services\impl\cache\DSpaceXOAICacheService.java,39
JDK:java.base,N/A,false,MethodCallExpr,java.util.List,add,C:\Users\tyin363\Documents\repos\DSpace__DSpace\dspace-oai\src\main\java\org\dspace\xoai\services\impl\xoai\DSpaceRepositoryConfiguration.java,158
org.dspace:xoai,3.4.1,false,MethodCallExpr,com.lyncode.xoai.dataprovider.xml.xoai.Element,getName,C:\Users\tyin363\Documents\repos\DSpace__DSpace\dspace-oai\src\main\java\org\dspace\xoai\data\DSpaceItem.java,125
JDK:java.base,N/A,false,ObjectCreationExpr,java.lang.RuntimeException,RuntimeException,C:\Users\tyin363\Documents\repos\DSpace__DSpace\dspace-oai\src\main\java\org\dspace\xoai\util\ItemUtils.java,323
,,false,MethodCallExpr,org.dspace.xoai.services.api.solr.SolrServerResolver,getServer,C:\Users\tyin363\Documents\repos\DSpace__DSpace\dspace-oai\src\main\java\org\dspace\xoai\app\XOAI.java,165
org.dspace:xoai,3.4.1,false,ObjectCreationExpr,com.lyncode.xoai.dataprovider.filter.ScopedFilter,ScopedFilter,C:\Users\tyin363\Documents\repos\DSpace__DSpace\dspace-oai\src\main\java\org\dspace\xoai\services\impl\xoai\DSpaceItemRepository.java,94
org.dspace:xoai,3.4.1,false,ClassOrInterfaceType,com.lyncode.xoai.dataprovider.xml.xoaiconfig.parameters.SimpleType,SimpleType,C:\Users\tyin363\Documents\repos\DSpace__DSpace\dspace-oai\src\main\java\org\dspace\xoai\filter\DSpaceMetadataExistsFilter.java,43
JDK:java.base,N/A,false,ObjectCreationExpr,java.io.IOException,IOException,C:\Users\tyin363\Documents\repos\DSpace__DSpace\dspace-oai\src\main\java\org\dspace\xoai\services\impl\cache\DSpaceXOAICacheService.java,120
org.dspace:xoai,3.4.1,false,MethodCallExpr,com.lyncode.xoai.dataprovider.xml.xoai.Element,getElement,C:\Users\tyin363\Documents\repos\DSpace__DSpace\dspace-oai\src\main\java\org\dspace\xoai\util\ItemUtils.java,279
org.dspace:xoai,3.4.1,false,MethodCallExpr,com.lyncode.xoai.dataprovider.OAIDataProvider,handle,C:\Users\tyin363\Documents\repos\DSpace__DSpace\dspace-oai\src\main\java\org\dspace\xoai\controller\DSpaceOAIDataProvider.java,119
org.dspace:xoai,3.4.1,false,MethodCallExpr,com.lyncode.xoai.dataprovider.data.ItemIdentifier,getSets,C:\Users\tyin363\Documents\repos\DSpace__DSpace\dspace-oai\src\main\java\org\dspace\xoai\filter\DSpaceSetSpecFilter.java,38
JDK:java.base,N/A,false,FieldAccessExpr,java.time.ZoneOffset,UTC,C:\Users\tyin363\Documents\repos\DSpace__DSpace\dspace-oai\src\main\java\org\dspace\xoai\app\XOAI.java,380
org.dspace:xoai,3.4.1,false,MethodCallExpr,com.lyncode.xoai.dataprovider.xml.XmlOutputContext,getWriter,C:\Users\tyin363\Documents\repos\DSpace__DSpace\dspace-oai\src\main\java\org\dspace\xoai\services\impl\cache\DSpaceXOAIItemCacheService.java,85
,,false,ClassOrInterfaceType,org.dspace.xoai.services.impl.context.DSpaceContextService,DSpaceContextService,C:\Users\tyin363\Documents\repos\DSpace__DSpace\dspace-oai\src\main\java\org\dspace\xoai\app\BasicConfiguration.java,61
JDK:java.base,N/A,false,ClassOrInterfaceType,java.lang.String,String,C:\Users\tyin363\Documents\repos\DSpace__DSpace\dspace-oai\src\main\java\org\dspace\xoai\services\impl\solr\DSpaceSolrQueryResolver.java,41
,,false,MethodCallExpr,org.dspace.xoai.util.ItemUtils,create,C:\Users\tyin363\Documents\repos\DSpace__DSpace\dspace-oai\src\main\java\org\dspace\xoai\util\ItemUtils.java,130
JDK:java.base,N/A,false,MethodCallExpr,java.io.PrintStream,println,C:\Users\tyin363\Documents\repos\DSpace__DSpace\dspace-oai\src\main\java\org\dspace\xoai\app\XOAI.java,705
org.dspace:xoai,3.4.1,false,MethodCallExpr,com.lyncode.xoai.dataprovider.xml.xoaiconfig.parameters.ParameterValue,asSimpleType,C:\Users\tyin363\Documents\repos\DSpace__DSpace\dspace-oai\src\main\java\org\dspace\xoai\filter\DSpaceAtLeastOneMetadataFilter.java,41
JDK:java.base,N/A,false,ClassOrInterfaceType,java.lang.String,String,C:\Users\tyin363\Documents\repos\DSpace__DSpace\dspace-oai\src\main\java\org\dspace\xoai\app\plugins\AccessStatusElementItemCompilePlugin.java,60
JDK:java.base,N/A,false,ClassOrInterfaceType,java.util.List,List,C:\Users\tyin363\Documents\repos\DSpace__DSpace\dspace-oai\src\main\java\org\dspace\xoai\filter\DSpaceMetadataExistsFilter.java,71
commons-io:commons-io,2.20.0,false,MethodCallExpr,org.apache.commons.io.FileUtils,write,C:\Users\tyin363\Documents\repos\DSpace__DSpace\dspace-oai\src\main\java\org\dspace\xoai\services\impl\cache\DSpaceXOAICacheService.java,118
org.springframework:spring-context,6.2.9,true,MethodCallExpr,org.springframework.ui.Model,addAttribute,C:\Users\tyin363\Documents\repos\DSpace__DSpace\dspace-oai\src\main\java\org\dspace\xoai\controller\DSpaceOAIDataProvider.java,84
JDK:java.base,N/A,false,ClassOrInterfaceType,java.util.ArrayList,ArrayList,C:\Users\tyin363\Documents\repos\DSpace__DSpace\dspace-oai\src\main\java\org\dspace\xoai\services\impl\xoai\DSpaceSetRepository.java,105
org.thymeleaf:thymeleaf-spring6,3.1.3.RELEASE,true,ClassOrInterfaceType,org.thymeleaf.spring6.templateresolver.SpringResourceTemplateResolver,SpringResourceTemplateResolver,C:\Users\tyin363\Documents\repos\DSpace__DSpace\dspace-oai\src\main\java\org\dspace\app\configuration\OAIWebConfig.java,68
,,false,ClassOrInterfaceType,org.dspace.xoai.services.impl.DSpaceEarliestDateResolver,DSpaceEarliestDateResolver,C:\Users\tyin363\Documents\repos\DSpace__DSpace\dspace-oai\src\main\java\org\dspace\xoai\services\impl\DSpaceEarliestDateResolver.java,26
org.dspace:xoai,3.4.1,false,ClassOrInterfaceType,com.lyncode.xoai.dataprovider.core.ListSetsResult,ListSetsResult,C:\Users\tyin363\Documents\repos\DSpace__DSpace\dspace-oai\src\main\java\org\dspace\xoai\services\impl\xoai\DSpaceSetRepository.java,122
JDK:java.base,N/A,false,ObjectCreationExpr,java.sql.SQLException,SQLException,C:\Users\tyin363\Documents\repos\DSpace__DSpace\dspace-oai\src\main\java\org\dspace\xoai\services\impl\DSpaceCollectionsService.java,40
,,false,MethodCallExpr,org.dspace.xoai.services.api.context.ContextService,getContext,C:\Users\tyin363\Documents\repos\DSpace__DSpace\dspace-oai\src\main\java\org\dspace\xoai\controller\DSpaceOAIDataProvider.java,99
JDK:java.base,N/A,false,FieldAccessExpr,java.time.ZoneOffset,UTC,C:\Users\tyin363\Documents\repos\DSpace__DSpace\dspace-oai\src\main\java\org\dspace\xoai\app\XOAI.java,377
jakarta.servlet:jakarta.servlet-api,6.1.0,false,ClassOrInterfaceType,jakarta.servlet.http.HttpServletResponse,HttpServletResponse,C:\Users\tyin363\Documents\repos\DSpace__DSpace\dspace-oai\src\main\java\org\dspace\xoai\controller\DSpaceOAIDataProvider.java,94
JDK:java.base,N/A,false,ObjectCreationExpr,java.io.IOException,IOException,C:\Users\tyin363\Documents\repos\DSpace__DSpace\dspace-oai\src\main\java\org\dspace\xoai\services\impl\cache\DSpaceXOAIItemCacheService.java,90
org.dspace:xoai,3.4.1,false,ClassOrInterfaceType,com.lyncode.xoai.dataprovider.xml.xoai.Metadata,Metadata,C:\Users\tyin363\Documents\repos\DSpace__DSpace\dspace-oai\src\main\java\org\dspace\xoai\services\impl\cache\DSpaceXOAIItemCacheService.java,66
,,false,ClassOrInterfaceType,org.dspace.xoai.services.api.HandleResolver,HandleResolver,C:\Users\tyin363\Documents\repos\DSpace__DSpace\dspace-oai\src\main\java\org\dspace\xoai\services\impl\xoai\DSpaceItemRepository.java,32
,,false,MethodCallExpr,org.dspace.xoai.filter.DSpaceFilter,buildSolrQuery,C:\Users\tyin363\Documents\repos\DSpace__DSpace\dspace-oai\src\main\java\org\dspace\xoai\services\impl\xoai\BaseDSpaceFilterResolver.java,59
JDK:java.base,N/A,false,ClassOrInterfaceType,java.util.Enumeration,Enumeration,C:\Users\tyin363\Documents\repos\DSpace__DSpace\dspace-oai\src\main\java\org\dspace\xoai\controller\DSpaceOAIDataProvider.java,175
org.dspace:xoai,3.4.1,false,ClassOrInterfaceType,com.lyncode.xoai.dataprovider.core.ReferenceSet,ReferenceSet,C:\Users\tyin363\Documents\repos\DSpace__DSpace\dspace-oai\src\main\java\org\dspace\xoai\data\DSpaceSolrItem.java,32
,,false,MethodCallExpr,org.dspace.xoai.util.ItemUtils,createValue,C:\Users\tyin363\Documents\repos\DSpace__DSpace\dspace-oai\src\main\java\org\dspace\xoai\util\ItemUtils.java,194
commons-cli:commons-cli,1.9.0,false,MethodCallExpr,org.apache.commons.cli.CommandLine,getArgs,C:\Users\tyin363\Documents\repos\DSpace__DSpace\dspace-oai\src\main\java\org\dspace\xoai\app\XOAI.java,615
org.dspace:xoai,3.4.1,false,ClassOrInterfaceType,com.lyncode.xoai.dataprovider.filter.ScopedFilter,ScopedFilter,C:\Users\tyin363\Documents\repos\DSpace__DSpace\dspace-oai\src\main\java\org\dspace\xoai\services\impl\xoai\DSpaceItemRepository.java,143
org.dspace:xoai,3.4.1,false,ClassOrInterfaceType,com.lyncode.xoai.dataprovider.xml.xoaiconfig.parameters.ParameterValue,ParameterValue,C:\Users\tyin363\Documents\repos\DSpace__DSpace\dspace-oai\src\main\java\org\dspace\xoai\filter\DSpaceAtLeastOneMetadataFilter.java,59
JDK:java.base,N/A,false,ClassOrInterfaceType,java.lang.Object,Object,C:\Users\tyin363\Documents\repos\DSpace__DSpace\dspace-oai\src\main\java\org\dspace\xoai\data\DSpaceSolrItem.java,46
,,false,ClassOrInterfaceType,org.dspace.xoai.exceptions.InvalidSetSpecException,InvalidSetSpecException,C:\Users\tyin363\Documents\repos\DSpace__DSpace\dspace-oai\src\main\java\org\dspace\xoai\services\impl\set\DSpaceSetSpecResolver.java,82
JDK:java.base,N/A,false,ObjectCreationExpr,java.io.IOException,IOException,C:\Users\tyin363\Documents\repos\DSpace__DSpace\dspace-oai\src\main\java\org\dspace\xoai\services\impl\cache\DSpaceXOAICacheService.java,122
org.thymeleaf:thymeleaf-spring6,3.1.3.RELEASE,true,ClassOrInterfaceType,org.thymeleaf.spring6.templateresolver.SpringResourceTemplateResolver,SpringResourceTemplateResolver,C:\Users\tyin363\Documents\repos\DSpace__DSpace\dspace-oai\src\main\java\org\dspace\app\configuration\OAIWebConfig.java,69
,,false,ClassOrInterfaceType,org.dspace.xoai.data.DSpaceItem,DSpaceItem,C:\Users\tyin363\Documents\repos\DSpace__DSpace\dspace-oai\src\main\java\org\dspace\xoai\filter\DSpaceFilter.java,39
org.apache.logging.log4j:log4j-api,2.25.1,false,MethodCallExpr,org.apache.logging.log4j.LogManager,getLogger,C:\Users\tyin363\Documents\repos\DSpace__DSpace\dspace-oai\src\main\java\org\dspace\xoai\filter\results\SolrFilterResult.java,17
JDK:java.base,N/A,false,ClassOrInterfaceType,java.lang.Class,Class,C:\Users\tyin363\Documents\repos\DSpace__DSpace\dspace-oai\src\main\java\org\dspace\xoai\services\impl\xoai\BaseDSpaceFilterResolver.java,72
org.dspace:xoai,3.4.1,false,MethodCallExpr,com.lyncode.xoai.dataprovider.core.ResumptionToken,getFrom,C:\Users\tyin363\Documents\repos\DSpace__DSpace\dspace-oai\src\main\java\org\dspace\xoai\services\impl\xoai\DSpaceResumptionTokenFormatter.java,58
org.dspace:xoai,3.4.1,false,MethodCallExpr,com.lyncode.xoai.dataprovider.core.ContextManager,getContexts,C:\Users\tyin363\Documents\repos\DSpace__DSpace\dspace-oai\src\main\java\org\dspace\xoai\controller\DSpaceOAIDataProvider.java,84
JDK:java.base,N/A,false,MethodCallExpr,java.util.Date,from,C:\Users\tyin363\Documents\repos\DSpace__DSpace\dspace-oai\src\main\java\org\dspace\xoai\data\DSpaceSolrItem.java,71
,,false,MethodCallExpr,org.dspace.xoai.data.DSpaceItem,flat,C:\Users\tyin363\Documents\repos\DSpace__DSpace\dspace-oai\src\main\java\org\dspace\xoai\data\DSpaceItem.java,59
JDK:java.base,N/A,false,ClassOrInterfaceType,java.util.List,List,C:\Users\tyin363\Documents\repos\DSpace__DSpace\dspace-oai\src\main\java\org\dspace\xoai\services\impl\xoai\DSpaceItemSolrRepository.java,122
,,false,MethodCallExpr,org.dspace.xoai.util.ItemUtils,createValue,C:\Users\tyin363\Documents\repos\DSpace__DSpace\dspace-oai\src\main\java\org\dspace\xoai\util\ItemUtils.java,195
JDK:java.base,N/A,false,ClassOrInterfaceType,java.lang.String,String,C:\Users\tyin363\Documents\repos\DSpace__DSpace\dspace-oai\src\main\java\org\dspace\xoai\services\impl\xoai\DSpaceItemRepository.java,124
JDK:java.base,N/A,false,MethodCallExpr,java.io.OutputStream,close,C:\Users\tyin363\Documents\repos\DSpace__DSpace\dspace-oai\src\main\java\org\dspace\xoai\controller\DSpaceOAIDataProvider.java,129
org.springframework:spring-web,6.2.9,true,ClassOrInterfaceType,org.springframework.web.context.request.ServletRequestAttributes,ServletRequestAttributes,C:\Users\tyin363\Documents\repos\DSpace__DSpace\dspace-oai\src\main\java\org\dspace\xoai\services\impl\xoai\DSpaceRepositoryConfiguration.java,73
org.dspace:xoai,3.4.1,false,ObjectCreationExpr,com.lyncode.xoai.dataprovider.filter.ScopedFilter,ScopedFilter,C:\Users\tyin363\Documents\repos\DSpace__DSpace\dspace-oai\src\main\java\org\dspace\xoai\services\impl\xoai\DSpaceItemRepository.java,93
JDK:java.base,N/A,false,ClassOrInterfaceType,java.lang.Object,Object,C:\Users\tyin363\Documents\repos\DSpace__DSpace\dspace-oai\src\main\java\org\dspace\xoai\data\DSpaceSolrItem.java,53
org.dspace:xoai,3.4.1,false,ClassOrInterfaceType,com.lyncode.xoai.dataprovider.filter.ScopedFilter,ScopedFilter,C:\Users\tyin363\Documents\repos\DSpace__DSpace\dspace-oai\src\main\java\org\dspace\xoai\services\impl\xoai\DSpaceItemRepository.java,136
org.dspace:xoai,3.4.1,false,ClassOrInterfaceType,com.lyncode.xoai.dataprovider.exceptions.WritingXmlException,WritingXmlException,C:\Users\tyin363\Documents\repos\DSpace__DSpace\dspace-oai\src\main\java\org\dspace\xoai\services\impl\cache\DSpaceXOAIItemCacheService.java,91
,,false,ClassOrInterfaceType,org.dspace.xoai.filter.DateUntilFilter,DateUntilFilter,C:\Users\tyin363\Documents\repos\DSpace__DSpace\dspace-oai\src\main\java\org\dspace\xoai\services\impl\xoai\DSpaceItemRepository.java,180
JDK:java.base,N/A,false,ClassOrInterfaceType,java.lang.String,String,C:\Users\tyin363\Documents\repos\DSpace__DSpace\dspace-oai\src\main\java\org\dspace\xoai\util\ItemUtils.java,187
org.dspace:xoai,3.4.1,false,MethodCallExpr,com.lyncode.xoai.dataprovider.OAIDataProvider,handle,C:\Users\tyin363\Documents\repos\DSpace__DSpace\dspace-oai\src\main\java\org\dspace\xoai\controller\DSpaceOAIDataProvider.java,124
JDK:java.base,N/A,false,ClassOrInterfaceType,java.util.LinkedList,LinkedList,C:\Users\tyin363\Documents\repos\DSpace__DSpace\dspace-oai\src\main\java\org\dspace\xoai\services\impl\DSpaceCollectionsService.java,35
commons-io:commons-io,2.20.0,false,MethodCallExpr,org.apache.commons.io.IOUtils,copy,C:\Users\tyin363\Documents\repos\DSpace__DSpace\dspace-oai\src\main\java\org\dspace\xoai\services\impl\cache\DSpaceXOAICacheService.java,96
JDK:java.base,N/A,false,MethodCallExpr,java.util.regex.Pattern,quote,C:\Users\tyin363\Documents\repos\DSpace__DSpace\dspace-oai\src\main\java\org\dspace\xoai\services\impl\xoai\DSpaceItemSolrRepository.java,59
org.dspace:xoai,3.4.1,false,ClassOrInterfaceType,com.lyncode.xoai.dataprovider.core.ListItemsResults,ListItemsResults,C:\Users\tyin363\Documents\repos\DSpace__DSpace\dspace-oai\src\main\java\org\dspace\xoai\services\impl\xoai\DSpaceItemRepository.java,123
JDK:java.base,N/A,false,MethodCallExpr,java.util.List,add,C:\Users\tyin363\Documents\repos\DSpace__DSpace\dspace-oai\src\main\java\org\dspace\xoai\services\impl\xoai\DSpaceItemRepository.java,153
JDK:java.base,N/A,false,MethodCallExpr,java.io.PrintStream,println,C:\Users\tyin363\Documents\repos\DSpace__DSpace\dspace-oai\src\main\java\org\dspace\xoai\app\XOAI.java,568
org.apache.logging.log4j:log4j-api,2.25.1,false,MethodCallExpr,org.apache.logging.log4j.LogManager,getLogger,C:\Users\tyin363\Documents\repos\DSpace__DSpace\dspace-oai\src\main\java\org\dspace\xoai\services\impl\xoai\DSpaceRepositoryConfiguration.java,40
JDK:java.base,N/A,false,ClassOrInterfaceType,java.lang.String,String,C:\Users\tyin363\Documents\repos\DSpace__DSpace\dspace-oai\src\main\java\org\dspace\xoai\filter\DSpaceAtLeastOneMetadataFilter.java,86
,,false,MethodCallExpr,org.dspace.xoai.services.api.solr.SolrServerResolver,getServer,C:\Users\tyin363\Documents\repos\DSpace__DSpace\dspace-oai\src\main\java\org\dspace\xoai\app\XOAI.java,285
commons-io:commons-io,2.20.0,false,MethodCallExpr,org.apache.commons.io.IOUtils,write,C:\Users\tyin363\Documents\repos\DSpace__DSpace\dspace-oai\src\main\java\org\dspace\xoai\services\impl\cache\DSpaceXOAICacheService.java,95
,,false,MethodCallExpr,org.dspace.xoai.services.impl.cache.DSpaceXOAIItemCacheService,getBaseDir,C:\Users\tyin363\Documents\repos\DSpace__DSpace\dspace-oai\src\main\java\org\dspace\xoai\services\impl\cache\DSpaceXOAIItemCacheService.java,53
JDK:java.base,N/A,false,MethodCallExpr,java.lang.String,trim,C:\Users\tyin363\Documents\repos\DSpace__DSpace\dspace-oai\src\main\java\org\dspace\xoai\data\DSpaceSet.java,21
org.dspace:xoai,3.4.1,false,ClassOrInterfaceType,com.lyncode.xoai.dataprovider.filter.ScopedFilter,ScopedFilter,C:\Users\tyin363\Documents\repos\DSpace__DSpace\dspace-oai\src\main\java\org\dspace\xoai\services\impl\xoai\DSpaceItemRepository.java,137
JDK:java.base,N/A,false,MethodCallExpr,java.lang.Throwable,getMessage,C:\Users\tyin363\Documents\repos\DSpace__DSpace\dspace-oai\src\main\java\org\dspace\xoai\app\XOAI.java,330
JDK:java.base,N/A,false,ClassOrInterfaceType,java.io.InputStream,InputStream,C:\Users\tyin363\Documents\repos\DSpace__DSpace\dspace-oai\src\main\java\org\dspace\xoai\util\ItemUtils.java,222
com.google.guava:guava,32.1.3-jre,true,ClassOrInterfaceType,com.google.common.base.Function,Function,C:\Users\tyin363\Documents\repos\DSpace__DSpace\dspace-oai\src\main\java\org\dspace\xoai\filter\DSpaceAtLeastOneMetadataFilter.java,59
,,false,MethodCallExpr,org.dspace.xoai.filter.DSpaceFilter,isShown,C:\Users\tyin363\Documents\repos\DSpace__DSpace\dspace-oai\src\main\java\org\dspace\xoai\filter\OrFilter.java,31
,,false,ObjectCreationExpr,org.dspace.xoai.exceptions.InvalidMetadataFieldException,InvalidMetadataFieldException,C:\Users\tyin363\Documents\repos\DSpace__DSpace\dspace-oai\src\main\java\org\dspace\xoai\services\impl\DSpaceFieldResolver.java,45
,,false,ClassOrInterfaceType,org.dspace.xoai.services.api.context.ContextServiceException,ContextServiceException,C:\Users\tyin363\Documents\repos\DSpace__DSpace\dspace-oai\src\main\java\org\dspace\xoai\services\api\xoai\ItemRepositoryResolver.java,14
JDK:java.base,N/A,false,ClassOrInterfaceType,java.lang.String,String,C:\Users\tyin363\Documents\repos\DSpace__DSpace\dspace-oai\src\main\java\org\dspace\xoai\solr\DSpaceSolrServer.java,42
org.thymeleaf:thymeleaf-spring6,3.1.3.RELEASE,true,MethodCallExpr,org.thymeleaf.spring6.SpringTemplateEngine,setEnableSpringELCompiler,C:\Users\tyin363\Documents\repos\DSpace__DSpace\dspace-oai\src\main\java\org\dspace\app\configuration\OAIWebConfig.java,84
org.apache.commons:commons-lang3,3.18.0,false,MethodCallExpr,org.apache.commons.lang3.StringUtils,isNotBlank,C:\Users\tyin363\Documents\repos\DSpace__DSpace\dspace-oai\src\main\java\org\dspace\xoai\app\CCElementItemCompilePlugin.java,43
JDK:java.base,N/A,false,ClassOrInterfaceType,java.util.ArrayList,ArrayList,C:\Users\tyin363\Documents\repos\DSpace__DSpace\dspace-oai\src\main\java\org\dspace\xoai\services\impl\DSpaceCollectionsService.java,83
JDK:java.base,N/A,false,ClassOrInterfaceType,java.lang.String,String,C:\Users\tyin363\Documents\repos\DSpace__DSpace\dspace-oai\src\main\java\org\dspace\xoai\services\impl\cache\DSpaceXOAICacheService.java,44
JDK:java.base,N/A,false,FieldAccessExpr,java.io.File,separator,C:\Users\tyin363\Documents\repos\DSpace__DSpace\dspace-oai\src\main\java\org\dspace\xoai\services\impl\cache\DSpaceXOAICacheService.java,78
org.dspace:xoai,3.4.1,false,MethodCallExpr,com.lyncode.xoai.dataprovider.xml.xoai.Element,getField,C:\Users\tyin363\Documents\repos\DSpace__DSpace\dspace-oai\src\main\java\org\dspace\xoai\util\ItemUtils.java,227
com.google.guava:guava,32.1.3-jre,true,ClassOrInterfaceType,com.google.common.base.Predicate,Predicate,C:\Users\tyin363\Documents\repos\DSpace__DSpace\dspace-oai\src\main\java\org\dspace\xoai\data\DSpaceItem.java,111
,,false,ClassOrInterfaceType,org.dspace.xoai.services.api.config.XOAIManagerResolverException,XOAIManagerResolverException,C:\Users\tyin363\Documents\repos\DSpace__DSpace\dspace-oai\src\main\java\org\dspace\xoai\app\BasicConfiguration.java,81
JDK:java.base,N/A,false,ClassOrInterfaceType,java.io.IOException,IOException,C:\Users\tyin363\Documents\repos\DSpace__DSpace\dspace-oai\src\main\java\org\dspace\xoai\app\XOAI.java,282
JDK:java.base,N/A,false,MethodCallExpr,java.time.Instant,now,C:\Users\tyin363\Documents\repos\DSpace__DSpace\dspace-oai\src\main\java\org\dspace\xoai\util\DateUtils.java,83
JDK:java.base,N/A,false,ClassOrInterfaceType,java.lang.String,String,C:\Users\tyin363\Documents\repos\DSpace__DSpace\dspace-oai\src\main\java\org\dspace\xoai\exceptions\InvalidSetSpecException.java,19
JDK:java.base,N/A,false,MethodCallExpr,java.util.List,addAll,C:\Users\tyin363\Documents\repos\DSpace__DSpace\dspace-oai\src\main\java\org\dspace\xoai\services\impl\xoai\DSpaceSetRepository.java,135
JDK:java.base,N/A,false,ClassOrInterfaceType,java.lang.String,String,C:\Users\tyin363\Documents\repos\DSpace__DSpace\dspace-oai\src\main\java\org\dspace\xoai\services\impl\solr\DSpaceSolrQueryResolver.java,26
org.dspace:xoai,3.4.1,false,ObjectCreationExpr,com.lyncode.xoai.dataprovider.services.impl.BaseDateProvider,BaseDateProvider,C:\Users\tyin363\Documents\repos\DSpace__DSpace\dspace-oai\src\main\java\org\dspace\xoai\filter\DateUntilFilter.java,23
org.dspace:xoai,3.4.1,false,MethodCallExpr,com.lyncode.xoai.dataprovider.xml.xoaiconfig.parameters.SimpleType,asString,C:\Users\tyin363\Documents\repos\DSpace__DSpace\dspace-oai\src\main\java\org\dspace\xoai\filter\DSpaceAtLeastOneMetadataFilter.java,55
,,false,ObjectCreationExpr,org.dspace.xoai.services.impl.MetadataFieldCache,MetadataFieldCache,C:\Users\tyin363\Documents\repos\DSpace__DSpace\dspace-oai\src\main\java\org\dspace\xoai\services\impl\DSpaceFieldResolver.java,29
,,false,ClassOrInterfaceType,org.dspace.xoai.solr.exceptions.DSpaceSolrIndexerException,DSpaceSolrIndexerException,C:\Users\tyin363\Documents\repos\DSpace__DSpace\dspace-oai\src\main\java\org\dspace\xoai\app\XOAI.java,271
JDK:java.base,N/A,false,ClassOrInterfaceType,java.io.IOException,IOException,C:\Users\tyin363\Documents\repos\DSpace__DSpace\dspace-oai\src\main\java\org\dspace\xoai\services\api\cache\XOAICacheService.java,23
JDK:java.base,N/A,false,ClassOrInterfaceType,java.lang.String,String,C:\Users\tyin363\Documents\repos\DSpace__DSpace\dspace-oai\src\main\java\org\dspace\xoai\util\ItemUtils.java,185
JDK:java.base,N/A,false,MethodCallExpr,java.io.File,exists,C:\Users\tyin363\Documents\repos\DSpace__DSpace\dspace-oai\src\main\java\org\dspace\xoai\services\impl\cache\DSpaceXOAICacheService.java,74
,,false,ClassOrInterfaceType,org.dspace.xoai.services.api.config.ConfigurationService,ConfigurationService,C:\Users\tyin363\Documents\repos\DSpace__DSpace\dspace-oai\src\main\java\org\dspace\xoai\services\impl\xoai\DSpaceItemRepositoryResolver.java,26
JDK:java.base,N/A,false,ClassOrInterfaceType,java.util.List,List,C:\Users\tyin363\Documents\repos\DSpace__DSpace\dspace-oai\src\main\java\org\dspace\xoai\services\impl\xoai\DSpaceItemRepository.java,100
JDK:java.base,N/A,false,ClassOrInterfaceType,java.lang.String,String,C:\Users\tyin363\Documents\repos\DSpace__DSpace\dspace-oai\src\main\java\org\dspace\xoai\filter\DSpaceAtLeastOneMetadataFilter.java,88
JDK:java.base,N/A,false,MethodCallExpr,java.util.List,add,C:\Users\tyin363\Documents\repos\DSpace__DSpace\dspace-oai\src\main\java\org\dspace\xoai\filter\DSpaceMetadataExistsFilter.java,49
,,false,ClassOrInterfaceType,org.dspace.xoai.services.api.CollectionsService,CollectionsService,C:\Users\tyin363\Documents\repos\DSpace__DSpace\dspace-oai\src\main\java\org\dspace\xoai\services\impl\xoai\DSpaceItemSolrRepository.java,47
org.apache.commons:commons-lang3,3.18.0,false,MethodCallExpr,org.apache.commons.lang3.StringUtils,isNotBlank,C:\Users\tyin363\Documents\repos\DSpace__DSpace\dspace-oai\src\main\java\org\dspace\xoai\app\CCElementItemCompilePlugin.java,46
JDK:java.base,N/A,false,ClassOrInterfaceType,java.util.ArrayList,ArrayList,C:\Users\tyin363\Documents\repos\DSpace__DSpace\dspace-oai\src\main\java\org\dspace\xoai\filter\DSpaceMetadataExistsFilter.java,44
org.apache.logging.log4j:log4j-api,2.25.1,false,MethodCallExpr,org.apache.logging.log4j.Logger,debug,C:\Users\tyin363\Documents\repos\DSpace__DSpace\dspace-oai\src\main\java\org\dspace\xoai\solr\DSpaceSolrServer.java,47
JDK:java.base,N/A,false,ClassOrInterfaceType,java.util.ArrayList,ArrayList,C:\Users\tyin363\Documents\repos\DSpace__DSpace\dspace-oai\src\main\java\org\dspace\xoai\data\DSpaceItem.java,101
,,false,FieldAccessExpr,org.dspace.xoai.services.impl.xoai.DSpaceItemSolrRepository.QueryResult,results,C:\Users\tyin363\Documents\repos\DSpace__DSpace\dspace-oai\src\main\java\org\dspace\xoai\services\impl\xoai\DSpaceItemSolrRepository.java,123
JDK:java.base,N/A,false,FieldAccessExpr,java.lang.System,out,C:\Users\tyin363\Documents\repos\DSpace__DSpace\dspace-oai\src\main\java\org\dspace\xoai\app\XOAI.java,150
JDK:java.base,N/A,false,MethodReferenceExpr,java.time.Instant,from,C:\Users\tyin363\Documents\repos\DSpace__DSpace\dspace-oai\src\main\java\org\dspace\xoai\util\DateUtils.java,63
,,false,MethodCallExpr,org.dspace.xoai.data.DSpaceSet,checkName,C:\Users\tyin363\Documents\repos\DSpace__DSpace\dspace-oai\src\main\java\org\dspace\xoai\data\DSpaceSet.java,29
,,false,ClassOrInterfaceType,org.dspace.xoai.data.DSpaceItem,DSpaceItem,C:\Users\tyin363\Documents\repos\DSpace__DSpace\dspace-oai\src\main\java\org\dspace\xoai\filter\OrFilter.java,30
JDK:java.base,N/A,false,ClassOrInterfaceType,java.lang.String,String,C:\Users\tyin363\Documents\repos\DSpace__DSpace\dspace-oai\src\main\java\org\dspace\xoai\services\impl\solr\DSpaceSolrQueryResolver.java,27
,,false,ClassOrInterfaceType,org.dspace.xoai.data.DSpaceSolrItem,DSpaceSolrItem,C:\Users\tyin363\Documents\repos\DSpace__DSpace\dspace-oai\src\main\java\org\dspace\xoai\services\impl\xoai\DSpaceItemSolrRepository.java,111
commons-io:commons-io,2.20.0,false,MethodCallExpr,org.apache.commons.io.FileUtils,deleteDirectory,C:\Users\tyin363\Documents\repos\DSpace__DSpace\dspace-oai\src\main\java\org\dspace\xoai\services\impl\cache\DSpaceXOAICacheService.java,133
commons-io:commons-io,2.20.0,false,MethodCallExpr,org.apache.commons.io.FileUtils,readFileToString,C:\Users\tyin363\Documents\repos\DSpace__DSpace\dspace-oai\src\main\java\org\dspace\xoai\services\impl\xoai\DSpaceRepositoryConfiguration.java,155
JDK:java.base,N/A,false,ClassOrInterfaceType,java.util.ArrayList,ArrayList,C:\Users\tyin363\Documents\repos\DSpace__DSpace\dspace-oai\src\main\java\org\dspace\xoai\services\impl\xoai\DSpaceRepositoryConfiguration.java,136
,,false,MethodCallExpr,org.dspace.xoai.util.ItemUtils,createValue,C:\Users\tyin363\Documents\repos\DSpace__DSpace\dspace-oai\src\main\java\org\dspace\xoai\util\ItemUtils.java,199
JDK:java.base,N/A,false,ClassOrInterfaceType,java.lang.String,String,C:\Users\tyin363\Documents\repos\DSpace__DSpace\dspace-oai\src\main\java\org\dspace\xoai\app\XOAI.java,236
JDK:java.base,N/A,false,ObjectCreationExpr,java.util.LinkedList,LinkedList,C:\Users\tyin363\Documents\repos\DSpace__DSpace\dspace-oai\src\main\java\org\dspace\xoai\app\XOAI.java,372
JDK:java.base,N/A,false,ClassOrInterfaceType,java.lang.String,String,C:\Users\tyin363\Documents\repos\DSpace__DSpace\dspace-oai\src\main\java\org\dspace\xoai\util\ItemUtils.java,186
,,false,MethodCallExpr,org.dspace.xoai.app.XOAI,searchForReason,C:\Users\tyin363\Documents\repos\DSpace__DSpace\dspace-oai\src\main\java\org\dspace\xoai\app\XOAI.java,663
JDK:java.base,N/A,false,ClassOrInterfaceType,java.lang.String,String,C:\Users\tyin363\Documents\repos\DSpace__DSpace\dspace-oai\src\main\java\org\dspace\xoai\data\DSpaceItem.java,70
,,false,MethodCallExpr,org.dspace.xoai.filter.DSpaceAtLeastOneMetadataFilter,getOperator,C:\Users\tyin363\Documents\repos\DSpace__DSpace\dspace-oai\src\main\java\org\dspace\xoai\filter\DSpaceAtLeastOneMetadataFilter.java,89
JDK:java.base,N/A,false,ClassOrInterfaceType,java.lang.String,String,C:\Users\tyin363\Documents\repos\DSpace__DSpace\dspace-oai\src\main\java\org\dspace\xoai\services\impl\cache\DSpaceXOAICacheService.java,46
JDK:java.base,N/A,false,ClassOrInterfaceType,java.lang.String,String,C:\Users\tyin363\Documents\repos\DSpace__DSpace\dspace-oai\src\main\java\org\dspace\xoai\services\impl\context\DSpaceXOAIManagerResolver.java,20
org.dspace:xoai,3.4.1,false,ClassOrInterfaceType,com.lyncode.xoai.dataprovider.exceptions.OAIException,OAIException,C:\Users\tyin363\Documents\repos\DSpace__DSpace\dspace-oai\src\main\java\org\dspace\xoai\services\impl\xoai\DSpaceItemRepository.java,108
JDK:java.base,N/A,false,ClassOrInterfaceType,java.util.Collection,Collection,C:\Users\tyin363\Documents\repos\DSpace__DSpace\dspace-oai\src\main\java\org\dspace\xoai\data\DSpaceSolrItem.java,42
org.dspace:xoai,3.4.1,false,ClassOrInterfaceType,com.lyncode.xoai.dataprovider.core.DeleteMethod,DeleteMethod,C:\Users\tyin363\Documents\repos\DSpace__DSpace\dspace-oai\src\main\java\org\dspace\xoai\services\impl\xoai\DSpaceRepositoryConfiguration.java,99
JDK:java.base,N/A,false,ClassOrInterfaceType,java.lang.String,String,C:\Users\tyin363\Documents\repos\DSpace__DSpace\dspace-oai\src\main\java\org\dspace\xoai\filter\DSpaceAtLeastOneMetadataFilter.java,87
commons-cli:commons-cli,1.9.0,false,ObjectCreationExpr,org.apache.commons.cli.Options,Options,C:\Users\tyin363\Documents\repos\DSpace__DSpace\dspace-oai\src\main\java\org\dspace\xoai\app\XOAI.java,598
,,false,MethodCallExpr,org.dspace.xoai.services.api.cache.XOAILastCompilationCacheService,put,C:\Users\tyin363\Documents\repos\DSpace__DSpace\dspace-oai\src\main\java\org\dspace\xoai\app\XOAI.java,178
JDK:java.base,N/A,false,ClassOrInterfaceType,java.lang.String,String,C:\Users\tyin363\Documents\repos\DSpace__DSpace\dspace-oai\src\main\java\org\dspace\xoai\data\DSpaceSet.java,32
,,false,ClassOrInterfaceType,org.dspace.xoai.services.impl.xoai.DSpaceRepositoryConfiguration,DSpaceRepositoryConfiguration,C:\Users\tyin363\Documents\repos\DSpace__DSpace\dspace-oai\src\main\java\org\dspace\xoai\services\impl\xoai\DSpaceIdentifyResolver.java,28
JDK:java.base,N/A,false,MethodCallExpr,java.util.List,add,C:\Users\tyin363\Documents\repos\DSpace__DSpace\dspace-oai\src\main\java\org\dspace\xoai\util\ItemUtils.java,354
org.apache.logging.log4j:log4j-api,2.25.1,false,ClassOrInterfaceType,org.apache.logging.log4j.Logger,Logger,C:\Users\tyin363\Documents\repos\DSpace__DSpace\dspace-oai\src\main\java\org\dspace\xoai\util\ItemUtils.java,51
JDK:java.base,N/A,false,MethodCallExpr,java.lang.Throwable,getMessage,C:\Users\tyin363\Documents\repos\DSpace__DSpace\dspace-oai\src\main\java\org\dspace\xoai\services\impl\xoai\DSpaceItemSolrRepository.java,98
,,false,ObjectCreationExpr,org.dspace.xoai.services.impl.DSpaceEarliestDateResolver,DSpaceEarliestDateResolver,C:\Users\tyin363\Documents\repos\DSpace__DSpace\dspace-oai\src\main\java\org\dspace\xoai\app\BasicConfiguration.java,113
JDK:java.base,N/A,false,MethodCallExpr,java.io.PrintStream,println,C:\Users\tyin363\Documents\repos\DSpace__DSpace\dspace-oai\src\main\java\org\dspace\xoai\app\XOAI.java,167
JDK:java.base,N/A,false,ClassOrInterfaceType,java.util.Date,Date,C:\Users\tyin363\Documents\repos\DSpace__DSpace\dspace-oai\src\main\java\org\dspace\xoai\services\impl\xoai\DSpaceItemRepository.java,64
org.dspace:xoai,3.4.1,false,ClassOrInterfaceType,com.lyncode.xoai.dataprovider.filter.ScopedFilter,ScopedFilter,C:\Users\tyin363\Documents\repos\DSpace__DSpace\dspace-oai\src\main\java\org\dspace\xoai\services\impl\xoai\DSpaceItemRepository.java,132
commons-io:commons-io,2.20.0,false,MethodCallExpr,org.apache.commons.io.FileUtils,readFileToString,C:\Users\tyin363\Documents\repos\DSpace__DSpace\dspace-oai\src\main\java\org\dspace\xoai\services\impl\cache\DSpaceXOAILastCompilationCacheService.java,54
org.dspace:xoai,3.4.1,false,ObjectCreationExpr,com.lyncode.xoai.dataprovider.filter.ScopedFilter,ScopedFilter,C:\Users\tyin363\Documents\repos\DSpace__DSpace\dspace-oai\src\main\java\org\dspace\xoai\services\impl\xoai\DSpaceItemRepository.java,102
JDK:java.base,N/A,false,MethodReferenceExpr,java.time.Instant,from,C:\Users\tyin363\Documents\repos\DSpace__DSpace\dspace-oai\src\main\java\org\dspace\xoai\util\DateUtils.java,56
org.dspace:xoai,3.4.1,false,ClassOrInterfaceType,com.lyncode.xoai.dataprovider.xml.xoaiconfig.parameters.ParameterMap,ParameterMap,C:\Users\tyin363\Documents\repos\DSpace__DSpace\dspace-oai\src\main\java\org\dspace\xoai\filter\DSpaceFilter.java,25
JDK:java.base,N/A,false,ClassOrInterfaceType,java.sql.SQLException,SQLException,C:\Users\tyin363\Documents\repos\DSpace__DSpace\dspace-oai\src\main\java\org\dspace\xoai\app\XOAI.java,199
,,false,ClassOrInterfaceType,org.dspace.xoai.services.api.FieldResolver,FieldResolver,C:\Users\tyin363\Documents\repos\DSpace__DSpace\dspace-oai\src\main\java\org\dspace\xoai\services\impl\DSpaceFieldResolver.java,20
,,false,MethodCallExpr,org.dspace.xoai.services.api.cache.XOAILastCompilationCacheService,put,C:\Users\tyin363\Documents\repos\DSpace__DSpace\dspace-oai\src\main\java\org\dspace\xoai\app\XOAI.java,701
,,false,FieldAccessExpr,org.dspace.xoai.filter.DateFromFilter,date,C:\Users\tyin363\Documents\repos\DSpace__DSpace\dspace-oai\src\main\java\org\dspace\xoai\filter\DateFromFilter.java,28
JDK:java.base,N/A,false,MethodCallExpr,java.lang.String,substring,C:\Users\tyin363\Documents\repos\DSpace__DSpace\dspace-oai\src\main\java\org\dspace\xoai\filter\DateUntilFilter.java,44
,,false,MethodCallExpr,org.dspace.xoai.data.DSpaceItem,flat,C:\Users\tyin363\Documents\repos\DSpace__DSpace\dspace-oai\src\main\java\org\dspace\xoai\data\DSpaceItem.java,64
JDK:java.base,N/A,false,ClassOrInterfaceType,java.lang.Throwable,Throwable,C:\Users\tyin363\Documents\repos\DSpace__DSpace\dspace-oai\src\main\java\org\dspace\xoai\services\api\context\ContextServiceException.java,22
,,false,MethodCallExpr,org.dspace.xoai.services.impl.xoai.DSpaceItemRepository,getDateUntilFilter,C:\Users\tyin363\Documents\repos\DSpace__DSpace\dspace-oai\src\main\java\org\dspace\xoai\services\impl\xoai\DSpaceItemRepository.java,58
JDK:java.base,N/A,false,ClassOrInterfaceType,java.io.File,File,C:\Users\tyin363\Documents\repos\DSpace__DSpace\dspace-oai\src\main\java\org\dspace\xoai\services\impl\cache\DSpaceXOAIItemCacheService.java,105
jakarta.servlet:jakarta.servlet-api,6.1.0,false,ClassOrInterfaceType,jakarta.servlet.http.HttpServletRequest,HttpServletRequest,C:\Users\tyin363\Documents\repos\DSpace__DSpace\dspace-oai\src\main\java\org\dspace\xoai\services\impl\xoai\DSpaceRepositoryConfiguration.java,73
jakarta.servlet:jakarta.servlet-api,6.1.0,false,MethodCallExpr,jakarta.servlet.http.HttpServletRequest,getRequestURL,C:\Users\tyin363\Documents\repos\DSpace__DSpace\dspace-oai\src\main\java\org\dspace\xoai\services\impl\xoai\DSpaceRepositoryConfiguration.java,89
org.dspace:xoai,3.4.1,false,MethodCallExpr,com.lyncode.xoai.dataprovider.xml.xoaiconfig.parameters.SimpleType,asString,C:\Users\tyin363\Documents\repos\DSpace__DSpace\dspace-oai\src\main\java\org\dspace\xoai\filter\DSpaceAtLeastOneMetadataFilter.java,62
JDK:java.base,N/A,false,ClassOrInterfaceType,java.lang.String,String,C:\Users\tyin363\Documents\repos\DSpace__DSpace\dspace-oai\src\main\java\org\dspace\xoai\app\XOAI.java,110
JDK:java.base,N/A,false,ClassOrInterfaceType,java.lang.String,String,C:\Users\tyin363\Documents\repos\DSpace__DSpace\dspace-oai\src\main\java\org\dspace\xoai\data\DSpaceItem.java,68
,,false,ClassOrInterfaceType,org.dspace.xoai.services.api.context.ContextServiceException,ContextServiceException,C:\Users\tyin363\Documents\repos\DSpace__DSpace\dspace-oai\src\main\java\org\dspace\xoai\services\api\context\ContextService.java,13
JDK:java.base,N/A,false,MethodCallExpr,java.lang.String,substring,C:\Users\tyin363\Documents\repos\DSpace__DSpace\dspace-oai\src\main\java\org\dspace\xoai\filter\DateUntilFilter.java,45
org.apache.logging.log4j:log4j-api,2.25.1,false,MethodCallExpr,org.apache.logging.log4j.Logger,error,C:\Users\tyin363\Documents\repos\DSpace__DSpace\dspace-oai\src\main\java\org\dspace\xoai\controller\DSpaceOAIDataProvider.java,145
JDK:java.base,N/A,false,ClassOrInterfaceType,java.lang.String,String,C:\Users\tyin363\Documents\repos\DSpace__DSpace\dspace-oai\src\main\java\org\dspace\xoai\exceptions\InvalidSetSpecException.java,15
,,false,ClassOrInterfaceType,org.dspace.xoai.services.api.solr.SolrQueryResolver,SolrQueryResolver,C:\Users\tyin363\Documents\repos\DSpace__DSpace\dspace-oai\src\main\java\org\dspace\xoai\services\impl\xoai\DSpaceItemSolrRepository.java,48
JDK:java.base,N/A,false,MethodCallExpr,java.io.PrintStream,println,C:\Users\tyin363\Documents\repos\DSpace__DSpace\dspace-oai\src\main\java\org\dspace\xoai\app\XOAI.java,565
JDK:java.base,N/A,false,FieldAccessExpr,java.lang.System,out,C:\Users\tyin363\Documents\repos\DSpace__DSpace\dspace-oai\src\main\java\org\dspace\xoai\app\XOAI.java,686
JDK:java.base,N/A,false,ClassOrInterfaceType,java.lang.String,String,C:\Users\tyin363\Documents\repos\DSpace__DSpace\dspace-oai\src\main\java\org\dspace\xoai\services\impl\set\DSpaceSetSpecResolver.java,42
JDK:java.base,N/A,false,ClassOrInterfaceType,java.lang.Integer,Integer,C:\Users\tyin363\Documents\repos\DSpace__DSpace\dspace-oai\src\main\java\org\dspace\xoai\services\impl\MetadataFieldCache.java,38
org.dspace:xoai,3.4.1,false,ClassOrInterfaceType,com.lyncode.xoai.dataprovider.xml.xoai.Element,Element,C:\Users\tyin363\Documents\repos\DSpace__DSpace\dspace-oai\src\main\java\org\dspace\xoai\data\DSpaceItem.java,111
JDK:java.base,N/A,false,ClassOrInterfaceType,java.util.List,List,C:\Users\tyin363\Documents\repos\DSpace__DSpace\dspace-oai\src\main\java\org\dspace\xoai\services\impl\xoai\DSpaceItemSolrRepository.java,128
JDK:java.base,N/A,false,MethodCallExpr,javax.xml.transform.TransformerFactory,newTemplates,C:\Users\tyin363\Documents\repos\DSpace__DSpace\dspace-oai\src\main\java\org\dspace\xoai\services\impl\resources\DSpaceResourceResolver.java,51
JDK:java.base,N/A,false,MethodCallExpr,java.util.List,add,C:\Users\tyin363\Documents\repos\DSpace__DSpace\dspace-oai\src\main\java\org\dspace\xoai\services\impl\xoai\DSpaceRepositoryConfiguration.java,147
JDK:java.base,N/A,false,ClassOrInterfaceType,java.io.IOException,IOException,C:\Users\tyin363\Documents\repos\DSpace__DSpace\dspace-oai\src\main\java\org\dspace\xoai\services\api\cache\XOAICacheService.java,27
JDK:java.base,N/A,false,ClassOrInterfaceType,java.net.MalformedURLException,MalformedURLException,C:\Users\tyin363\Documents\repos\DSpace__DSpace\dspace-oai\src\main\java\org\dspace\xoai\app\OAISpringLoader.java,37
JDK:java.base,N/A,false,ClassOrInterfaceType,java.util.List,List,C:\Users\tyin363\Documents\repos\DSpace__DSpace\dspace-oai\src\main\java\org\dspace\xoai\filter\DSpaceAtLeastOneMetadataFilter.java,140
JDK:java.base,N/A,false,ClassOrInterfaceType,java.sql.SQLException,SQLException,C:\Users\tyin363\Documents\repos\DSpace__DSpace\dspace-oai\src\main\java\org\dspace\xoai\filter\ItemsWithBitstreamFilter.java,52
JDK:java.base,N/A,false,ClassOrInterfaceType,java.lang.String,String,C:\Users\tyin363\Documents\repos\DSpace__DSpace\dspace-oai\src\main\java\org\dspace\xoai\filter\results\SolrFilterResult.java,18
,,false,MethodCallExpr,org.dspace.xoai.util.ItemUtils,createValue,C:\Users\tyin363\Documents\repos\DSpace__DSpace\dspace-oai\src\main\java\org\dspace\xoai\util\ItemUtils.java,202
,,false,ClassOrInterfaceType,org.dspace.xoai.services.api.context.ContextService,ContextService,C:\Users\tyin363\Documents\repos\DSpace__DSpace\dspace-oai\src\main\java\org\dspace\xoai\services\impl\xoai\DSpaceItemRepositoryResolver.java,24
,,false,ClassOrInterfaceType,org.dspace.xoai.services.impl.xoai.DSpaceItemRepositoryResolver,DSpaceItemRepositoryResolver,C:\Users\tyin363\Documents\repos\DSpace__DSpace\dspace-oai\src\main\java\org\dspace\app\configuration\OAIWebConfig.java,101
JDK:java.base,N/A,false,MethodCallExpr,java.util.Collections,sort,C:\Users\tyin363\Documents\repos\DSpace__DSpace\dspace-oai\src\main\java\org\dspace\xoai\app\XOAI.java,386
,,false,ClassOrInterfaceType,org.dspace.xoai.services.api.solr.SolrQueryResolver,SolrQueryResolver,C:\Users\tyin363\Documents\repos\DSpace__DSpace\dspace-oai\src\main\java\org\dspace\xoai\services\impl\xoai\DSpaceItemSolrRepository.java,45
JDK:java.base,N/A,false,ClassOrInterfaceType,java.sql.SQLException,SQLException,C:\Users\tyin363\Documents\repos\DSpace__DSpace\dspace-oai\src\main\java\org\dspace\xoai\app\XOAI.java,329
JDK:java.base,N/A,false,ClassOrInterfaceType,java.util.ArrayList,ArrayList,C:\Users\tyin363\Documents\repos\DSpace__DSpace\dspace-oai\src\main\java\org\dspace\xoai\services\impl\xoai\DSpaceRepositoryConfiguration.java,141
JDK:java.base,N/A,false,MethodCallExpr,java.lang.String,equals,C:\Users\tyin363\Documents\repos\DSpace__DSpace\dspace-oai\src\main\java\org\dspace\xoai\filter\DSpaceAtLeastOneMetadataFilter.java,101
JDK:java.base,N/A,false,ClassOrInterfaceType,java.lang.String,String,C:\Users\tyin363\Documents\repos\DSpace__DSpace\dspace-oai\src\main\java\org\dspace\xoai\services\impl\set\DSpaceSetSpecResolver.java,41
,,false,ClassOrInterfaceType,org.dspace.xoai.services.api.EarliestDateResolver,EarliestDateResolver,C:\Users\tyin363\Documents\repos\DSpace__DSpace\dspace-oai\src\main\java\org\dspace\xoai\services\impl\xoai\DSpaceRepositoryConfiguration.java,49
JDK:java.base,N/A,false,MethodCallExpr,java.util.List,add,C:\Users\tyin363\Documents\repos\DSpace__DSpace\dspace-oai\src\main\java\org\dspace\xoai\util\ItemUtils.java,227
JDK:java.base,N/A,false,ClassOrInterfaceType,java.util.ArrayList,ArrayList,C:\Users\tyin363\Documents\repos\DSpace__DSpace\dspace-oai\src\main\java\org\dspace\xoai\data\DSpaceItem.java,95
JDK:java.base,N/A,false,ClassOrInterfaceType,java.sql.SQLException,SQLException,C:\Users\tyin363\Documents\repos\DSpace__DSpace\dspace-oai\src\main\java\org\dspace\xoai\services\impl\DSpaceCollectionsService.java,81
org.dspace:xoai,3.4.1,false,ClassOrInterfaceType,com.lyncode.xoai.dataprovider.filter.ScopedFilter,ScopedFilter,C:\Users\tyin363\Documents\repos\DSpace__DSpace\dspace-oai\src\main\java\org\dspace\xoai\services\impl\xoai\DSpaceItemRepository.java,135
,,false,ObjectCreationExpr,org.dspace.xoai.filter.results.SolrFilterResult,SolrFilterResult,C:\Users\tyin363\Documents\repos\DSpace__DSpace\dspace-oai\src\main\java\org\dspace\xoai\filter\DSpaceSetSpecFilter.java,63
org.springframework:spring-web,6.2.9,true,MethodCallExpr,org.springframework.web.util.UriComponents,getPathSegments,C:\Users\tyin363\Documents\repos\DSpace__DSpace\dspace-oai\src\main\java\org\dspace\xoai\services\impl\xoai\DSpaceRepositoryConfiguration.java,79
JDK:java.base,N/A,false,ClassOrInterfaceType,java.util.ArrayList,ArrayList,C:\Users\tyin363\Documents\repos\DSpace__DSpace\dspace-oai\src\main\java\org\dspace\xoai\filter\DSpaceMetadataExistsFilter.java,47
jakarta.servlet:jakarta.servlet-api,6.1.0,false,ObjectCreationExpr,jakarta.servlet.ServletException,ServletException,C:\Users\tyin363\Documents\repos\DSpace__DSpace\dspace-oai\src\main\java\org\dspace\xoai\controller\DSpaceOAIDataProvider.java,142
JDK:java.base,N/A,false,ClassOrInterfaceType,java.lang.String,String,C:\Users\tyin363\Documents\repos\DSpace__DSpace\dspace-oai\src\main\java\org\dspace\xoai\util\DateUtils.java,51
JDK:java.base,N/A,false,MethodCallExpr,java.util.List,add,C:\Users\tyin363\Documents\repos\DSpace__DSpace\dspace-oai\src\main\java\org\dspace\xoai\services\impl\xoai\DSpaceItemRepository.java,152
JDK:java.base,N/A,false,ClassOrInterfaceType,java.sql.SQLException,SQLException,C:\Users\tyin363\Documents\repos\DSpace__DSpace\dspace-oai\src\main\java\org\dspace\xoai\util\ItemUtils.java,212
,,false,ClassOrInterfaceType,org.dspace.xoai.filter.DSpaceFilter,DSpaceFilter,C:\Users\tyin363\Documents\repos\DSpace__DSpace\dspace-oai\src\main\java\org\dspace\xoai\filter\DateUntilFilter.java,22
JDK:java.base,N/A,false,ClassOrInterfaceType,java.lang.Class,Class,C:\Users\tyin363\Documents\repos\DSpace__DSpace\dspace-oai\src\main\java\org\dspace\xoai\app\XOAI.java,589
JDK:java.base,N/A,false,MethodCallExpr,java.lang.String,trim,C:\Users\tyin363\Documents\repos\DSpace__DSpace\dspace-oai\src\main\java\org\dspace\xoai\services\impl\cache\DSpaceXOAILastCompilationCacheService.java,54
,,false,ClassOrInterfaceType,org.dspace.xoai.services.impl.config.DSpaceConfigurationService,DSpaceConfigurationService,C:\Users\tyin363\Documents\repos\DSpace__DSpace\dspace-oai\src\main\java\org\dspace\xoai\app\BasicConfiguration.java,56
JDK:java.base,N/A,false,ClassOrInterfaceType,java.lang.String,String,C:\Users\tyin363\Documents\repos\DSpace__DSpace\dspace-oai\src\main\java\org\dspace\xoai\services\impl\set\DSpaceSetSpecResolver.java,40
org.apache.logging.log4j:log4j-api,2.25.1,false,ClassOrInterfaceType,org.apache.logging.log4j.Logger,Logger,C:\Users\tyin363\Documents\repos\DSpace__DSpace\dspace-oai\src\main\java\org\dspace\xoai\controller\DSpaceOAIDataProvider.java,58
JDK:java.base,N/A,false,MethodCallExpr,java.lang.String,compareTo,C:\Users\tyin363\Documents\repos\DSpace__DSpace\dspace-oai\src\main\java\org\dspace\xoai\filter\DSpaceAtLeastOneMetadataFilter.java,121
org.dspace:xoai,3.4.1,false,ClassOrInterfaceType,com.lyncode.xoai.dataprovider.data.ItemIdentifier,ItemIdentifier,C:\Users\tyin363\Documents\repos\DSpace__DSpace\dspace-oai\src\main\java\org\dspace\xoai\services\impl\xoai\DSpaceItemSolrRepository.java,80
,,false,MethodCallExpr,org.dspace.xoai.services.impl.xoai.DSpaceItemSolrRepository,retrieveItems,C:\Users\tyin363\Documents\repos\DSpace__DSpace\dspace-oai\src\main\java\org\dspace\xoai\services\impl\xoai\DSpaceItemSolrRepository.java,75
JDK:java.base,N/A,false,ObjectCreationExpr,java.util.ArrayList,ArrayList,C:\Users\tyin363\Documents\repos\DSpace__DSpace\dspace-oai\src\main\java\org\dspace\xoai\services\impl\xoai\DSpaceSetRepository.java,80
JDK:java.base,N/A,false,MethodCallExpr,java.util.List,get,C:\Users\tyin363\Documents\repos\DSpace__DSpace\dspace-oai\src\main\java\org\dspace\xoai\services\impl\xoai\DSpaceRepositoryConfiguration.java,80
org.dspace:xoai,3.4.1,false,MethodCallExpr,com.lyncode.xoai.dataprovider.filter.conditions.OrCondition,getLeft,C:\Users\tyin363\Documents\repos\DSpace__DSpace\dspace-oai\src\main\java\org\dspace\xoai\services\impl\xoai\BaseDSpaceFilterResolver.java,99
org.dspace:xoai,3.4.1,false,ObjectCreationExpr,com.lyncode.xoai.dataprovider.core.ListItemIdentifiersResult,ListItemIdentifiersResult,C:\Users\tyin363\Documents\repos\DSpace__DSpace\dspace-oai\src\main\java\org\dspace\xoai\services\impl\xoai\DSpaceItemSolrRepository.java,84
,,false,ClassOrInterfaceType,org.dspace.xoai.filter.DSpaceFilter,DSpaceFilter,C:\Users\tyin363\Documents\repos\DSpace__DSpace\dspace-oai\src\main\java\org\dspace\xoai\filter\AndFilter.java,18
JDK:java.base,N/A,false,ClassOrInterfaceType,java.lang.String,String,C:\Users\tyin363\Documents\repos\DSpace__DSpace\dspace-oai\src\main\java\org\dspace\xoai\filter\DSpaceAtLeastOneMetadataFilter.java,61
JDK:java.base,N/A,false,FieldAccessExpr,java.nio.charset.StandardCharsets,UTF_8,C:\Users\tyin363\Documents\repos\DSpace__DSpace\dspace-oai\src\main\java\org\dspace\xoai\services\impl\xoai\DSpaceRepositoryConfiguration.java,155
JDK:java.base,N/A,false,ClassOrInterfaceType,java.time.Instant,Instant,C:\Users\tyin363\Documents\repos\DSpace__DSpace\dspace-oai\src\main\java\org\dspace\xoai\util\DateUtils.java,54
JDK:java.base,N/A,false,MethodCallExpr,java.util.List,add,C:\Users\tyin363\Documents\repos\DSpace__DSpace\dspace-oai\src\main\java\org\dspace\xoai\filter\DSpaceAtLeastOneMetadataFilter.java,166
org.dspace:xoai,3.4.1,false,ClassOrInterfaceType,com.lyncode.xoai.dataprovider.core.ListItemsResults,ListItemsResults,C:\Users\tyin363\Documents\repos\DSpace__DSpace\dspace-oai\src\main\java\org\dspace\xoai\services\impl\xoai\DSpaceItemRepository.java,115
org.springframework:spring-webmvc,6.2.9,false,MethodCallExpr,org.springframework.web.servlet.support.ServletUriComponentsBuilder,fromRequest,C:\Users\tyin363\Documents\repos\DSpace__DSpace\dspace-oai\src\main\java\org\dspace\xoai\services\impl\xoai\DSpaceRepositoryConfiguration.java,78
JDK:java.base,N/A,false,ClassOrInterfaceType,java.sql.SQLException,SQLException,C:\Users\tyin363\Documents\repos\DSpace__DSpace\dspace-oai\src\main\java\org\dspace\xoai\app\XOAI.java,120
,,false,ClassOrInterfaceType,org.dspace.xoai.services.api.HandleResolverException,HandleResolverException,C:\Users\tyin363\Documents\repos\DSpace__DSpace\dspace-oai\src\main\java\org\dspace\xoai\services\api\HandleResolver.java,13
jakarta.servlet:jakarta.servlet-api,6.1.0,false,MethodCallExpr,jakarta.servlet.http.HttpServletResponse,sendError,C:\Users\tyin363\Documents\repos\DSpace__DSpace\dspace-oai\src\main\java\org\dspace\xoai\controller\DSpaceOAIDataProvider.java,147
,,false,ClassOrInterfaceType,org.dspace.xoai.services.api.config.ConfigurationService,ConfigurationService,C:\Users\tyin363\Documents\repos\DSpace__DSpace\dspace-oai\src\main\java\org\dspace\xoai\services\impl\solr\DSpaceSolrServerResolver.java,26
,,false,MethodCallExpr,org.dspace.xoai.util.ItemUtils,createValue,C:\Users\tyin363\Documents\repos\DSpace__DSpace\dspace-oai\src\main\java\org\dspace\xoai\util\ItemUtils.java,143
JDK:java.base,N/A,false,ClassOrInterfaceType,java.sql.SQLException,SQLException,C:\Users\tyin363\Documents\repos\DSpace__DSpace\dspace-oai\src\main\java\org\dspace\xoai\app\XOAI.java,516
,,false,MethodCallExpr,org.dspace.xoai.util.ItemUtils,createValue,C:\Users\tyin363\Documents\repos\DSpace__DSpace\dspace-oai\src\main\java\org\dspace\xoai\app\CCElementItemCompilePlugin.java,45
JDK:java.base,N/A,false,MethodCallExpr,java.io.PrintStream,println,C:\Users\tyin363\Documents\repos\DSpace__DSpace\dspace-oai\src\main\java\org\dspace\xoai\app\XOAI.java,626
org.dspace:xoai,3.4.1,false,MethodCallExpr,com.lyncode.xoai.dataprovider.xml.xoai.Element,getField,C:\Users\tyin363\Documents\repos\DSpace__DSpace\dspace-oai\src\main\java\org\dspace\xoai\util\ItemUtils.java,202
org.dspace:xoai,3.4.1,false,ClassOrInterfaceType,com.lyncode.xoai.dataprovider.xml.xoai.Element,Element,C:\Users\tyin363\Documents\repos\DSpace__DSpace\dspace-oai\src\main\java\org\dspace\xoai\app\CCElementItemCompilePlugin.java,49
JDK:java.base,N/A,false,FieldAccessExpr,java.lang.System,out,C:\Users\tyin363\Documents\repos\DSpace__DSpace\dspace-oai\src\main\java\org\dspace\xoai\app\XOAI.java,260
,,false,ClassOrInterfaceType,org.dspace.xoai.exceptions.InvalidSetSpecException,InvalidSetSpecException,C:\Users\tyin363\Documents\repos\DSpace__DSpace\dspace-oai\src\main\java\org\dspace\xoai\services\impl\set\DSpaceSetSpecResolver.java,71
,,false,MethodCallExpr,org.dspace.xoai.services.api.config.ConfigurationService,getProperty,C:\Users\tyin363\Documents\repos\DSpace__DSpace\dspace-oai\src\main\java\org\dspace\xoai\services\impl\solr\DSpaceSolrServerResolver.java,31
JDK:java.base,N/A,false,ClassOrInterfaceType,java.lang.String,String,C:\Users\tyin363\Documents\repos\DSpace__DSpace\dspace-oai\src\main\java\org\dspace\xoai\services\impl\resources\DSpaceResourceResolver.java,38
commons-cli:commons-cli,1.9.0,false,MethodCallExpr,org.apache.commons.cli.CommandLine,hasOption,C:\Users\tyin363\Documents\repos\DSpace__DSpace\dspace-oai\src\main\java\org\dspace\xoai\app\XOAI.java,633
jakarta.servlet:jakarta.servlet-api,6.1.0,false,ClassOrInterfaceType,jakarta.servlet.http.HttpServletResponse,HttpServletResponse,C:\Users\tyin363\Documents\repos\DSpace__DSpace\dspace-oai\src\main\java\org\dspace\xoai\controller\DSpaceOAIDataProvider.java,76
JDK:java.base,N/A,false,MethodCallExpr,java.lang.Class,getName,C:\Users\tyin363\Documents\repos\DSpace__DSpace\dspace-oai\src\main\java\org\dspace\xoai\services\impl\DSpaceServiceResolver.java,21
,,false,MethodCallExpr,org.dspace.xoai.filter.results.SolrFilterResult,getQuery,C:\Users\tyin363\Documents\repos\DSpace__DSpace\dspace-oai\src\main\java\org\dspace\xoai\services\impl\xoai\BaseDSpaceFilterResolver.java,65
JDK:java.base,N/A,false,FieldAccessExpr,java.lang.System,out,C:\Users\tyin363\Documents\repos\DSpace__DSpace\dspace-oai\src\main\java\org\dspace\xoai\app\XOAI.java,657
,,false,ObjectCreationExpr,org.dspace.xoai.filter.results.SolrFilterResult,SolrFilterResult,C:\Users\tyin363\Documents\repos\DSpace__DSpace\dspace-oai\src\main\java\org\dspace\xoai\filter\DSpaceAuthorizationFilter.java,60
JDK:java.base,N/A,false,ClassOrInterfaceType,java.io.OutputStream,OutputStream,C:\Users\tyin363\Documents\repos\DSpace__DSpace\dspace-oai\src\main\java\org\dspace\xoai\services\impl\cache\DSpaceXOAICacheService.java,93
,,false,ClassOrInterfaceType,org.dspace.xoai.services.api.context.ContextServiceException,ContextServiceException,C:\Users\tyin363\Documents\repos\DSpace__DSpace\dspace-oai\src\main\java\org\dspace\xoai\services\impl\DSpaceHandleResolver.java,35
org.dspace:xoai,3.4.1,false,ClassOrInterfaceType,com.lyncode.xoai.dataprovider.data.Item,Item,C:\Users\tyin363\Documents\repos\DSpace__DSpace\dspace-oai\src\main\java\org\dspace\xoai\services\impl\xoai\DSpaceItemSolrRepository.java,122
JDK:java.base,N/A,false,ClassOrInterfaceType,java.lang.String,String,C:\Users\tyin363\Documents\repos\DSpace__DSpace\dspace-oai\src\main\java\org\dspace\xoai\solr\exceptions\SolrSearchEmptyException.java,34
org.dspace:xoai,3.4.1,false,ClassOrInterfaceType,com.lyncode.xoai.dataprovider.services.api.ResourceResolver,ResourceResolver,C:\Users\tyin363\Documents\repos\DSpace__DSpace\dspace-oai\src\main\java\org\dspace\xoai\services\impl\resources\DSpaceResourceResolver.java,24
JDK:java.base,N/A,false,ClassOrInterfaceType,java.time.Instant,Instant,C:\Users\tyin363\Documents\repos\DSpace__DSpace\dspace-oai\src\main\java\org\dspace\xoai\services\impl\cache\DSpaceXOAICacheService.java,52
JDK:java.base,N/A,false,ClassOrInterfaceType,java.util.ArrayList,ArrayList,C:\Users\tyin363\Documents\repos\DSpace__DSpace\dspace-oai\src\main\java\org\dspace\xoai\services\impl\xoai\DSpaceSetRepository.java,125
org.dspace:xoai,3.4.1,false,ClassOrInterfaceType,com.lyncode.xoai.dataprovider.exceptions.OAIException,OAIException,C:\Users\tyin363\Documents\repos\DSpace__DSpace\dspace-oai\src\main\java\org\dspace\xoai\services\impl\xoai\DSpaceItemRepository.java,134
JDK:java.base,N/A,false,MethodCallExpr,java.lang.Class,getName,C:\Users\tyin363\Documents\repos\DSpace__DSpace\dspace-oai\src\main\java\org\dspace\xoai\services\impl\DSpaceServiceResolver.java,20
JDK:java.base,N/A,false,ClassOrInterfaceType,java.util.ArrayList,ArrayList,C:\Users\tyin363\Documents\repos\DSpace__DSpace\dspace-oai\src\main\java\org\dspace\xoai\services\impl\xoai\DSpaceItemSolrRepository.java,99
,,false,FieldAccessExpr,org.dspace.xoai.filter.OrFilter,left,C:\Users\tyin363\Documents\repos\DSpace__DSpace\dspace-oai\src\main\java\org\dspace\xoai\filter\OrFilter.java,19
JDK:java.base,N/A,false,ClassOrInterfaceType,java.lang.String,String,C:\Users\tyin363\Documents\repos\DSpace__DSpace\dspace-oai\src\main\java\org\dspace\xoai\util\ItemUtils.java,77
JDK:java.base,N/A,false,ClassOrInterfaceType,java.lang.Exception,Exception,C:\Users\tyin363\Documents\repos\DSpace__DSpace\dspace-oai\src\main\java\org\dspace\xoai\services\api\context\ContextServiceException.java,10
,,false,ClassOrInterfaceType,org.dspace.xoai.services.api.config.XOAIManagerResolver,XOAIManagerResolver,C:\Users\tyin363\Documents\repos\DSpace__DSpace\dspace-oai\src\main\java\org\dspace\xoai\app\BasicConfiguration.java,72
org.dspace:xoai,3.4.1,false,MethodCallExpr,com.lyncode.xoai.dataprovider.core.ItemMetadata,getMetadata,C:\Users\tyin363\Documents\repos\DSpace__DSpace\dspace-oai\src\main\java\org\dspace\xoai\data\DSpaceItem.java,63
,,false,ObjectCreationExpr,org.dspace.xoai.services.impl.xoai.DSpaceItemSolrRepository.Anonymous-afac4bf2-a9c0-47bd-a3bf-9fa32b468d2c,Anonymous-afac4bf2-a9c0-47bd-a3bf-9fa32b468d2c,C:\Users\tyin363\Documents\repos\DSpace__DSpace\dspace-oai\src\main\java\org\dspace\xoai\services\impl\xoai\DSpaceItemSolrRepository.java,78
,,false,ClassOrInterfaceType,org.dspace.xoai.services.api.HandleResolverException,HandleResolverException,C:\Users\tyin363\Documents\repos\DSpace__DSpace\dspace-oai\src\main\java\org\dspace\xoai\services\api\HandleResolver.java,15
JDK:java.base,N/A,false,ClassOrInterfaceType,java.lang.String,String,C:\Users\tyin363\Documents\repos\DSpace__DSpace\dspace-oai\src\main\java\org\dspace\xoai\filter\DSpaceMetadataExistsFilter.java,71
org.dspace:xoai,3.4.1,false,ObjectCreationExpr,com.lyncode.xoai.dataprovider.core.XOAIManager,XOAIManager,C:\Users\tyin363\Documents\repos\DSpace__DSpace\dspace-oai\src\main\java\org\dspace\xoai\services\impl\context\DSpaceXOAIManagerResolver.java,32
JDK:java.base,N/A,false,MethodCallExpr,java.lang.String,replace,C:\Users\tyin363\Documents\repos\DSpace__DSpace\dspace-oai\src\main\java\org\dspace\xoai\services\impl\xoai\DSpaceSetRepository.java,161
,,false,ObjectCreationExpr,org.dspace.xoai.services.impl.cache.DSpaceXOAICacheService,DSpaceXOAICacheService,C:\Users\tyin363\Documents\repos\DSpace__DSpace\dspace-oai\src\main\java\org\dspace\xoai\app\BasicConfiguration.java,80
JDK:java.base,N/A,false,ClassOrInterfaceType,java.time.Instant,Instant,C:\Users\tyin363\Documents\repos\DSpace__DSpace\dspace-oai\src\main\java\org\dspace\xoai\services\impl\xoai\DSpaceItemRepository.java,176
JDK:java.base,N/A,false,MethodCallExpr,java.lang.Class,getName,C:\Users\tyin363\Documents\repos\DSpace__DSpace\dspace-oai\src\main\java\org\dspace\xoai\services\impl\xoai\BaseDSpaceFilterResolver.java,84
,,false,MethodCallExpr,org.dspace.xoai.util.ItemUtils,createValue,C:\Users\tyin363\Documents\repos\DSpace__DSpace\dspace-oai\src\main\java\org\dspace\xoai\app\CCElementItemCompilePlugin.java,47
org.apache.logging.log4j:log4j-api,2.25.1,false,MethodCallExpr,org.apache.logging.log4j.Logger,error,C:\Users\tyin363\Documents\repos\DSpace__DSpace\dspace-oai\src\main\java\org\dspace\xoai\filter\DSpaceSetSpecFilter.java,60
org.dspace:xoai,3.4.1,false,ObjectCreationExpr,com.lyncode.xoai.dataprovider.core.ListItemIdentifiersResult,ListItemIdentifiersResult,C:\Users\tyin363\Documents\repos\DSpace__DSpace\dspace-oai\src\main\java\org\dspace\xoai\services\impl\xoai\DSpaceItemSolrRepository.java,87
,,false,MethodCallExpr,org.dspace.xoai.services.api.cache.XOAICacheService,store,C:\Users\tyin363\Documents\repos\DSpace__DSpace\dspace-oai\src\main\java\org\dspace\xoai\controller\DSpaceOAIDataProvider.java,119
org.dspace:xoai,3.4.1,false,ObjectCreationExpr,com.lyncode.xoai.dataprovider.exceptions.BadResumptionToken,BadResumptionToken,C:\Users\tyin363\Documents\repos\DSpace__DSpace\dspace-oai\src\main\java\org\dspace\xoai\services\impl\xoai\DSpaceResumptionTokenFormatter.java,33
org.dspace:xoai,3.4.1,false,ClassOrInterfaceType,com.lyncode.xoai.dataprovider.xml.xoai.Metadata,Metadata,C:\Users\tyin363\Documents\repos\DSpace__DSpace\dspace-oai\src\main\java\org\dspace\xoai\app\XOAI.java,497
,,false,ClassOrInterfaceType,org.dspace.xoai.data.DSpaceItem,DSpaceItem,C:\Users\tyin363\Documents\repos\DSpace__DSpace\dspace-oai\src\main\java\org\dspace\xoai\filter\DSpaceAuthorizationFilter.java,37
org.dspace:xoai,3.4.1,false,ClassOrInterfaceType,com.lyncode.xoai.dataprovider.core.Set,Set,C:\Users\tyin363\Documents\repos\DSpace__DSpace\dspace-oai\src\main\java\org\dspace\xoai\services\impl\xoai\DSpaceSetRepository.java,80
,,false,MethodCallExpr,org.dspace.xoai.filter.results.SolrFilterResult,getQuery,C:\Users\tyin363\Documents\repos\DSpace__DSpace\dspace-oai\src\main\java\org\dspace\xoai\services\impl\xoai\BaseDSpaceFilterResolver.java,63
org.thymeleaf:thymeleaf,3.1.3.RELEASE,true,MethodCallExpr,org.thymeleaf.templateresolver.AbstractConfigurableTemplateResolver,setTemplateMode,C:\Users\tyin363\Documents\repos\DSpace__DSpace\dspace-oai\src\main\java\org\dspace\app\configuration\OAIWebConfig.java,72
,,false,MethodCallExpr,org.dspace.xoai.services.impl.xoai.DSpaceItemSolrRepository.QueryResult,getTotal,C:\Users\tyin363\Documents\repos\DSpace__DSpace\dspace-oai\src\main\java\org\dspace\xoai\services\impl\xoai\DSpaceItemSolrRepository.java,96
JDK:java.base,N/A,false,ClassOrInterfaceType,java.lang.StringBuffer,StringBuffer,C:\Users\tyin363\Documents\repos\DSpace__DSpace\dspace-oai\src\main\java\org\dspace\xoai\app\OAISpringLoader.java,25
,,false,ClassOrInterfaceType,org.dspace.xoai.services.impl.xoai.DSpaceItemRepositoryResolver,DSpaceItemRepositoryResolver,C:\Users\tyin363\Documents\repos\DSpace__DSpace\dspace-oai\src\main\java\org\dspace\xoai\app\BasicConfiguration.java,118
,,false,ObjectCreationExpr,org.dspace.xoai.services.impl.context.DSpaceContextService,DSpaceContextService,C:\Users\tyin363\Documents\repos\DSpace__DSpace\dspace-oai\src\main\java\org\dspace\xoai\app\BasicConfiguration.java,61
org.dspace:xoai,3.4.1,false,MethodCallExpr,com.lyncode.xoai.dataprovider.xml.xoai.Metadata,getElement,C:\Users\tyin363\Documents\repos\DSpace__DSpace\dspace-oai\src\main\java\org\dspace\xoai\app\CCElementItemCompilePlugin.java,50
JDK:java.base,N/A,false,ObjectCreationExpr,java.io.ByteArrayOutputStream,ByteArrayOutputStream,C:\Users\tyin363\Documents\repos\DSpace__DSpace\dspace-oai\src\main\java\org\dspace\xoai\app\XOAI.java,495
org.dspace:xoai,3.4.1,false,MethodCallExpr,com.lyncode.xoai.dataprovider.xml.xoai.Element,getField,C:\Users\tyin363\Documents\repos\DSpace__DSpace\dspace-oai\src\main\java\org\dspace\xoai\util\ItemUtils.java,339
,,false,MethodCallExpr,org.dspace.xoai.util.ItemUtils,createValue,C:\Users\tyin363\Documents\repos\DSpace__DSpace\dspace-oai\src\main\java\org\dspace\xoai\util\ItemUtils.java,146
JDK:java.base,N/A,false,ClassOrInterfaceType,java.sql.SQLException,SQLException,C:\Users\tyin363\Documents\repos\DSpace__DSpace\dspace-oai\src\main\java\org\dspace\xoai\util\ItemUtils.java,355
,,false,ClassOrInterfaceType,org.dspace.xoai.services.api.config.XOAIManagerResolverException,XOAIManagerResolverException,C:\Users\tyin363\Documents\repos\DSpace__DSpace\dspace-oai\src\main\java\org\dspace\xoai\controller\DSpaceOAIDataProvider.java,86
jakarta.servlet:jakarta.servlet-api,6.1.0,false,FieldAccessExpr,jakarta.servlet.http.HttpServletResponse,SC_INTERNAL_SERVER_ERROR,C:\Users\tyin363\Documents\repos\DSpace__DSpace\dspace-oai\src\main\java\org\dspace\xoai\controller\DSpaceOAIDataProvider.java,157
,,false,ClassOrInterfaceType,org.dspace.xoai.services.api.context.ContextServiceException,ContextServiceException,C:\Users\tyin363\Documents\repos\DSpace__DSpace\dspace-oai\src\main\java\org\dspace\xoai\services\impl\xoai\DSpaceItemRepositoryResolver.java,40
JDK:java.base,N/A,false,ObjectCreationExpr,java.io.File,File,C:\Users\tyin363\Documents\repos\DSpace__DSpace\dspace-oai\src\main\java\org\dspace\xoai\services\impl\cache\DSpaceXOAILastCompilationCacheService.java,33
,,false,ClassOrInterfaceType,org.dspace.xoai.services.api.xoai.IdentifyResolver,IdentifyResolver,C:\Users\tyin363\Documents\repos\DSpace__DSpace\dspace-oai\src\main\java\org\dspace\xoai\controller\DSpaceOAIDataProvider.java,69
org.dspace:xoai,3.4.1,false,MethodCallExpr,com.lyncode.xoai.dataprovider.xml.xoai.XOAIParser,parse,C:\Users\tyin363\Documents\repos\DSpace__DSpace\dspace-oai\src\main\java\org\dspace\xoai\services\impl\cache\DSpaceXOAIItemCacheService.java,69
org.dspace:xoai,3.4.1,false,ClassOrInterfaceType,com.lyncode.xoai.dataprovider.filter.conditions.OrCondition,OrCondition,C:\Users\tyin363\Documents\repos\DSpace__DSpace\dspace-oai\src\main\java\org\dspace\xoai\services\impl\xoai\BaseDSpaceFilterResolver.java,98
org.dspace:xoai,3.4.1,false,MethodCallExpr,com.lyncode.xoai.dataprovider.xml.xoaiconfig.parameters.SimpleType,asString,C:\Users\tyin363\Documents\repos\DSpace__DSpace\dspace-oai\src\main\java\org\dspace\xoai\filter\DSpaceMetadataExistsFilter.java,45
JDK:java.base,N/A,false,MethodCallExpr,java.util.Date,toInstant,C:\Users\tyin363\Documents\repos\DSpace__DSpace\dspace-oai\src\main\java\org\dspace\xoai\services\impl\xoai\DSpaceItemRepository.java,58
org.dspace:xoai,3.4.1,false,ObjectCreationExpr,com.lyncode.xoai.dataprovider.filter.ScopedFilter,ScopedFilter,C:\Users\tyin363\Documents\repos\DSpace__DSpace\dspace-oai\src\main\java\org\dspace\xoai\services\impl\xoai\DSpaceItemRepository.java,77
JDK:java.base,N/A,false,MethodCallExpr,java.lang.String,startsWith,C:\Users\tyin363\Documents\repos\DSpace__DSpace\dspace-oai\src\main\java\org\dspace\xoai\filter\DSpaceSetSpecFilter.java,48
,,false,ClassOrInterfaceType,org.dspace.xoai.services.api.xoai.DSpaceFilterResolver,DSpaceFilterResolver,C:\Users\tyin363\Documents\repos\DSpace__DSpace\dspace-oai\src\main\java\org\dspace\xoai\services\impl\solr\DSpaceSolrQueryResolver.java,23
JDK:java.base,N/A,false,ClassOrInterfaceType,java.util.List,List,C:\Users\tyin363\Documents\repos\DSpace__DSpace\dspace-oai\src\main\java\org\dspace\xoai\data\DSpaceSolrItem.java,75
org.dspace:xoai,3.4.1,false,ClassOrInterfaceType,com.lyncode.xoai.dataprovider.filter.conditions.Condition,Condition,C:\Users\tyin363\Documents\repos\DSpace__DSpace\dspace-oai\src\main\java\org\dspace\xoai\services\impl\xoai\DSpaceItemRepository.java,168
JDK:java.base,N/A,false,ClassOrInterfaceType,java.lang.String,String,C:\Users\tyin363\Documents\repos\DSpace__DSpace\dspace-oai\src\main\java\org\dspace\xoai\controller\DSpaceOAIDataProvider.java,115
JDK:java.base,N/A,false,ClassOrInterfaceType,java.lang.String,String,C:\Users\tyin363\Documents\repos\DSpace__DSpace\dspace-oai\src\main\java\org\dspace\xoai\services\impl\resources\DSpaceResourceResolver.java,43
JDK:java.base,N/A,false,ObjectCreationExpr,java.io.IOException,IOException,C:\Users\tyin363\Documents\repos\DSpace__DSpace\dspace-oai\src\main\java\org\dspace\xoai\services\impl\cache\DSpaceXOAIItemCacheService.java,71
org.dspace:xoai,3.4.1,false,MethodCallExpr,com.lyncode.xoai.dataprovider.xml.xoai.Element,getField,C:\Users\tyin363\Documents\repos\DSpace__DSpace\dspace-oai\src\main\java\org\dspace\xoai\util\ItemUtils.java,340
,,false,ClassOrInterfaceType,org.dspace.xoai.filter.DSpaceFilter,DSpaceFilter,C:\Users\tyin363\Documents\repos\DSpace__DSpace\dspace-oai\src\main\java\org\dspace\xoai\filter\AndFilter.java,14
JDK:java.base,N/A,false,MethodCallExpr,java.util.Date,from,C:\Users\tyin363\Documents\repos\DSpace__DSpace\dspace-oai\src\main\java\org\dspace\xoai\services\impl\xoai\DSpaceRepositoryConfiguration.java,113
JDK:java.base,N/A,false,MethodCallExpr,java.util.List,add,C:\Users\tyin363\Documents\repos\DSpace__DSpace\dspace-oai\src\main\java\org\dspace\xoai\services\impl\solr\DSpaceSolrQueryResolver.java,29
org.apache.logging.log4j:log4j-api,2.25.1,false,MethodCallExpr,org.apache.logging.log4j.LogManager,getLogger,C:\Users\tyin363\Documents\repos\DSpace__DSpace\dspace-oai\src\main\java\org\dspace\xoai\services\impl\xoai\DSpaceSetRepository.java,34
JDK:java.base,N/A,false,MethodCallExpr,java.util.List,add,C:\Users\tyin363\Documents\repos\DSpace__DSpace\dspace-oai\src\main\java\org\dspace\xoai\filter\DSpaceAtLeastOneMetadataFilter.java,172
,,false,ClassOrInterfaceType,org.dspace.xoai.services.impl.DSpaceCollectionsService,DSpaceCollectionsService,C:\Users\tyin363\Documents\repos\DSpace__DSpace\dspace-oai\src\main\java\org\dspace\xoai\app\BasicConfiguration.java,143
JDK:java.base,N/A,false,ClassOrInterfaceType,java.lang.String,String,C:\Users\tyin363\Documents\repos\DSpace__DSpace\dspace-oai\src\main\java\org\dspace\xoai\app\XOAI.java,581
,,false,MethodCallExpr,org.dspace.xoai.util.ItemUtils,create,C:\Users\tyin363\Documents\repos\DSpace__DSpace\dspace-oai\src\main\java\org\dspace\xoai\util\ItemUtils.java,213
JDK:java.base,N/A,false,ClassOrInterfaceType,java.lang.String,String,C:\Users\tyin363\Documents\repos\DSpace__DSpace\dspace-oai\src\main\java\org\dspace\xoai\data\DSpaceItem.java,43
,,false,ObjectCreationExpr,org.dspace.xoai.exceptions.InvalidMetadataFieldException,InvalidMetadataFieldException,C:\Users\tyin363\Documents\repos\DSpace__DSpace\dspace-oai\src\main\java\org\dspace\xoai\services\impl\DSpaceFieldResolver.java,49
,,false,ObjectCreationExpr,org.dspace.xoai.data.DSpaceItem.MetadataNamePredicate,MetadataNamePredicate,C:\Users\tyin363\Documents\repos\DSpace__DSpace\dspace-oai\src\main\java\org\dspace\xoai\data\DSpaceItem.java,29
JDK:java.base,N/A,false,MethodCallExpr,java.util.Date,toInstant,C:\Users\tyin363\Documents\repos\DSpace__DSpace\dspace-oai\src\main\java\org\dspace\xoai\services\impl\xoai\DSpaceItemRepository.java,57
,,false,MethodCallExpr,org.dspace.xoai.data.DSpaceItem,getIdentifier,C:\Users\tyin363\Documents\repos\DSpace__DSpace\dspace-oai\src\main\java\org\dspace\xoai\filter\DSpaceAuthorizationFilter.java,41
JDK:java.base,N/A,false,MethodCallExpr,java.time.format.DateTimeFormatter,ofPattern,C:\Users\tyin363\Documents\repos\DSpace__DSpace\dspace-oai\src\main\java\org\dspace\xoai\util\DateUtils.java,73
,,false,MethodCallExpr,org.dspace.xoai.util.ItemUtils,create,C:\Users\tyin363\Documents\repos\DSpace__DSpace\dspace-oai\src\main\java\org\dspace\xoai\util\ItemUtils.java,345
org.dspace:xoai,3.4.1,false,ClassOrInterfaceType,com.lyncode.xoai.dataprovider.data.ItemIdentifier,ItemIdentifier,C:\Users\tyin363\Documents\repos\DSpace__DSpace\dspace-oai\src\main\java\org\dspace\xoai\services\impl\xoai\DSpaceItemSolrRepository.java,77
org.apache.logging.log4j:log4j-api,2.25.1,false,MethodCallExpr,org.apache.logging.log4j.Logger,error,C:\Users\tyin363\Documents\repos\DSpace__DSpace\dspace-oai\src\main\java\org\dspace\xoai\filter\DSpaceAuthorizationFilter.java,53
org.dspace:xoai,3.4.1,false,ClassOrInterfaceType,com.lyncode.xoai.dataprovider.filter.ScopedFilter,ScopedFilter,C:\Users\tyin363\Documents\repos\DSpace__DSpace\dspace-oai\src\main\java\org\dspace\xoai\services\impl\xoai\DSpaceItemRepository.java,125
JDK:java.base,N/A,false,MethodCallExpr,java.lang.Class,getName,C:\Users\tyin363\Documents\repos\DSpace__DSpace\dspace-oai\src\main\java\org\dspace\xoai\services\impl\DSpaceServiceResolver.java,25
JDK:java.base,N/A,false,ClassOrInterfaceType,java.lang.Throwable,Throwable,C:\Users\tyin363\Documents\repos\DSpace__DSpace\dspace-oai\src\main\java\org\dspace\xoai\services\api\config\XOAIManagerResolverException.java,22
JDK:java.base,N/A,false,ClassOrInterfaceType,java.time.Instant,Instant,C:\Users\tyin363\Documents\repos\DSpace__DSpace\dspace-oai\src\main\java\org\dspace\xoai\util\DateUtils.java,51
org.dspace:xoai,3.4.1,false,ClassOrInterfaceType,com.lyncode.xoai.dataprovider.xml.xoai.Metadata,Metadata,C:\Users\tyin363\Documents\repos\DSpace__DSpace\dspace-oai\src\main\java\org\dspace\xoai\services\impl\cache\DSpaceXOAIItemCacheService.java,80
,,false,FieldAccessExpr,org.dspace.xoai.services.impl.xoai.DSpaceItemRepository,handleResolver,C:\Users\tyin363\Documents\repos\DSpace__DSpace\dspace-oai\src\main\java\org\dspace\xoai\services\impl\xoai\DSpaceItemRepository.java,36
,,false,ClassOrInterfaceType,org.dspace.xoai.filter.DSpaceFilter,DSpaceFilter,C:\Users\tyin363\Documents\repos\DSpace__DSpace\dspace-oai\src\main\java\org\dspace\xoai\filter\AndFilter.java,15
,,false,ClassOrInterfaceType,org.dspace.xoai.data.DSpaceItem,DSpaceItem,C:\Users\tyin363\Documents\repos\DSpace__DSpace\dspace-oai\src\main\java\org\dspace\xoai\filter\DSpaceSetSpecFilter.java,37
JDK:java.base,N/A,false,MethodCallExpr,java.util.List,add,C:\Users\tyin363\Documents\repos\DSpace__DSpace\dspace-oai\src\main\java\org\dspace\xoai\services\impl\xoai\DSpaceItemRepository.java,109
org.dspace:xoai,3.4.1,false,ClassOrInterfaceType,com.lyncode.xoai.dataprovider.xml.xoai.Element,Element,C:\Users\tyin363\Documents\repos\DSpace__DSpace\dspace-oai\src\main\java\org\dspace\xoai\app\CCElementItemCompilePlugin.java,50
org.dspace:xoai,3.4.1,false,ClassOrInterfaceType,com.lyncode.xoai.dataprovider.data.ItemIdentifier,ItemIdentifier,C:\Users\tyin363\Documents\repos\DSpace__DSpace\dspace-oai\src\main\java\org\dspace\xoai\services\impl\xoai\DSpaceItemSolrRepository.java,78
org.springframework:spring-context,6.2.9,true,ObjectCreationExpr,org.springframework.context.annotation.AnnotationConfigApplicationContext,AnnotationConfigApplicationContext,C:\Users\tyin363\Documents\repos\DSpace__DSpace\dspace-oai\src\main\java\org\dspace\xoai\app\XOAI.java,588
JDK:java.base,N/A,false,ClassOrInterfaceType,java.lang.Throwable,Throwable,C:\Users\tyin363\Documents\repos\DSpace__DSpace\dspace-oai\src\main\java\org\dspace\xoai\solr\exceptions\SolrSearchEmptyException.java,34
org.dspace:xoai,3.4.1,false,MethodCallExpr,com.lyncode.xoai.dataprovider.core.ItemMetadata,getMetadata,C:\Users\tyin363\Documents\repos\DSpace__DSpace\dspace-oai\src\main\java\org\dspace\xoai\data\DSpaceItem.java,58
JDK:java.base,N/A,false,MethodCallExpr,java.lang.String,indexOf,C:\Users\tyin363\Documents\repos\DSpace__DSpace\dspace-oai\src\main\java\org\dspace\xoai\services\impl\cache\DSpaceXOAICacheService.java,113
JDK:java.base,N/A,false,ClassOrInterfaceType,java.time.format.DateTimeParseException,DateTimeParseException,C:\Users\tyin363\Documents\repos\DSpace__DSpace\dspace-oai\src\main\java\org\dspace\xoai\util\DateUtils.java,91
JDK:java.base,N/A,false,ClassOrInterfaceType,java.util.Date,Date,C:\Users\tyin363\Documents\repos\DSpace__DSpace\dspace-oai\src\main\java\org\dspace\xoai\services\impl\xoai\DSpaceItemRepository.java,91
,,false,ClassOrInterfaceType,org.dspace.xoai.filter.DSpaceFilter,DSpaceFilter,C:\Users\tyin363\Documents\repos\DSpace__DSpace\dspace-oai\src\main\java\org\dspace\xoai\services\impl\xoai\BaseDSpaceFilterResolver.java,41
org.dspace:xoai,3.4.1,false,ClassOrInterfaceType,com.lyncode.xoai.dataprovider.filter.ScopedFilter,ScopedFilter,C:\Users\tyin363\Documents\repos\DSpace__DSpace\dspace-oai\src\main\java\org\dspace\xoai\services\impl\xoai\DSpaceItemRepository.java,126
JDK:java.base,N/A,false,MethodCallExpr,java.util.List,add,C:\Users\tyin363\Documents\repos\DSpace__DSpace\dspace-oai\src\main\java\org\dspace\xoai\filter\DSpaceMetadataExistsFilter.java,45
JDK:java.base,N/A,false,ClassOrInterfaceType,java.lang.String,String,C:\Users\tyin363\Documents\repos\DSpace__DSpace\dspace-oai\src\main\java\org\dspace\xoai\data\DSpaceItem.java,42
org.dspace:xoai,3.4.1,false,ClassOrInterfaceType,com.lyncode.xoai.dataprovider.xml.xoai.Element,Element,C:\Users\tyin363\Documents\repos\DSpace__DSpace\dspace-oai\src\main\java\org\dspace\xoai\util\ItemUtils.java,276
org.dspace:xoai,3.4.1,false,ObjectCreationExpr,com.lyncode.xoai.dataprovider.filter.ScopedFilter,ScopedFilter,C:\Users\tyin363\Documents\repos\DSpace__DSpace\dspace-oai\src\main\java\org\dspace\xoai\services\impl\xoai\DSpaceItemRepository.java,75
JDK:java.base,N/A,false,ClassOrInterfaceType,java.lang.Integer,Integer,C:\Users\tyin363\Documents\repos\DSpace__DSpace\dspace-oai\src\main\java\org\dspace\xoai\services\impl\MetadataFieldCache.java,26
org.apache.logging.log4j:log4j-api,2.25.1,false,MethodCallExpr,org.apache.logging.log4j.Logger,error,C:\Users\tyin363\Documents\repos\DSpace__DSpace\dspace-oai\src\main\java\org\dspace\xoai\util\DateUtils.java,77
,,false,ClassOrInterfaceType,org.dspace.xoai.services.api.context.ContextServiceException,ContextServiceException,C:\Users\tyin363\Documents\repos\DSpace__DSpace\dspace-oai\src\main\java\org\dspace\xoai\services\api\xoai\SetRepositoryResolver.java,14
JDK:java.base,N/A,false,ClassOrInterfaceType,java.lang.String,String,C:\Users\tyin363\Documents\repos\DSpace__DSpace\dspace-oai\src\main\java\org\dspace\xoai\solr\exceptions\SolrSearchEmptyException.java,30
,,false,ClassOrInterfaceType,org.dspace.xoai.filter.DSpaceFilter,DSpaceFilter,C:\Users\tyin363\Documents\repos\DSpace__DSpace\dspace-oai\src\main\java\org\dspace\xoai\filter\AndFilter.java,16
,,false,ObjectCreationExpr,org.dspace.xoai.services.impl.solr.DSpaceSolrServerResolver,DSpaceSolrServerResolver,C:\Users\tyin363\Documents\repos\DSpace__DSpace\dspace-oai\src\main\java\org\dspace\xoai\app\BasicConfiguration.java,67
JDK:java.base,N/A,false,ClassOrInterfaceType,java.io.IOException,IOException,C:\Users\tyin363\Documents\repos\DSpace__DSpace\dspace-oai\src\main\java\org\dspace\xoai\app\XOAI.java,215
JDK:java.base,N/A,false,MethodCallExpr,java.util.List,add,C:\Users\tyin363\Documents\repos\DSpace__DSpace\dspace-oai\src\main\java\org\dspace\xoai\util\ItemUtils.java,318
JDK:java.base,N/A,false,ClassOrInterfaceType,java.time.Instant,Instant,C:\Users\tyin363\Documents\repos\DSpace__DSpace\dspace-oai\src\main\java\org\dspace\xoai\app\XOAI.java,683
,,false,ClassOrInterfaceType,org.dspace.xoai.services.api.context.ContextServiceException,ContextServiceException,C:\Users\tyin363\Documents\repos\DSpace__DSpace\dspace-oai\src\main\java\org\dspace\xoai\services\impl\xoai\BaseDSpaceFilterResolver.java,83
JDK:java.base,N/A,false,ClassOrInterfaceType,java.time.format.DateTimeFormatter,DateTimeFormatter,C:\Users\tyin363\Documents\repos\DSpace__DSpace\dspace-oai\src\main\java\org\dspace\xoai\util\DateUtils.java,53
org.dspace:xoai,3.4.1,false,MethodCallExpr,com.lyncode.xoai.dataprovider.xml.xoai.Element,getName,C:\Users\tyin363\Documents\repos\DSpace__DSpace\dspace-oai\src\main\java\org\dspace\xoai\util\ItemUtils.java,79
,,false,ClassOrInterfaceType,org.dspace.xoai.services.api.cache.XOAIItemCacheService,XOAIItemCacheService,C:\Users\tyin363\Documents\repos\DSpace__DSpace\dspace-oai\src\main\java\org\dspace\xoai\app\XOAI.java,675
JDK:java.base,N/A,false,MethodCallExpr,java.util.List,size,C:\Users\tyin363\Documents\repos\DSpace__DSpace\dspace-oai\src\main\java\org\dspace\xoai\filter\DSpaceAtLeastOneMetadataFilter.java,146
JDK:java.base,N/A,false,ClassOrInterfaceType,javax.xml.stream.XMLStreamException,XMLStreamException,C:\Users\tyin363\Documents\repos\DSpace__DSpace\dspace-oai\src\main\java\org\dspace\xoai\app\XOAI.java,329
JDK:java.base,N/A,false,ClassOrInterfaceType,java.sql.SQLException,SQLException,C:\Users\tyin363\Documents\repos\DSpace__DSpace\dspace-oai\src\main\java\org\dspace\xoai\services\impl\xoai\DSpaceRepositoryConfiguration.java,108
JDK:java.base,N/A,false,ClassOrInterfaceType,java.sql.SQLException,SQLException,C:\Users\tyin363\Documents\repos\DSpace__DSpace\dspace-oai\src\main\java\org\dspace\xoai\app\XOAI.java,254
JDK:java.base,N/A,false,ClassOrInterfaceType,java.util.ArrayList,ArrayList,C:\Users\tyin363\Documents\repos\DSpace__DSpace\dspace-oai\src\main\java\org\dspace\xoai\services\impl\xoai\DSpaceItemSolrRepository.java,105
,,false,ClassOrInterfaceType,org.dspace.xoai.services.api.context.ContextService,ContextService,C:\Users\tyin363\Documents\repos\DSpace__DSpace\dspace-oai\src\main\java\org\dspace\xoai\services\impl\DSpaceHandleResolver.java,23
,,false,MethodCallExpr,org.dspace.xoai.filter.DSpaceFilter,isShown,C:\Users\tyin363\Documents\repos\DSpace__DSpace\dspace-oai\src\main\java\org\dspace\xoai\filter\AndFilter.java,31
org.dspace:xoai,3.4.1,false,ObjectCreationExpr,com.lyncode.xoai.dataprovider.filter.ScopedFilter,ScopedFilter,C:\Users\tyin363\Documents\repos\DSpace__DSpace\dspace-oai\src\main\java\org\dspace\xoai\services\impl\xoai\DSpaceItemRepository.java,76
org.dspace:xoai,3.4.1,false,ClassOrInterfaceType,com.lyncode.xoai.dataprovider.core.XOAIManager,XOAIManager,C:\Users\tyin363\Documents\repos\DSpace__DSpace\dspace-oai\src\main\java\org\dspace\xoai\services\api\config\XOAIManagerResolver.java,13
,,false,ClassOrInterfaceType,org.dspace.xoai.services.api.FieldResolver,FieldResolver,C:\Users\tyin363\Documents\repos\DSpace__DSpace\dspace-oai\src\main\java\org\dspace\xoai\app\BasicConfiguration.java,107
JDK:java.base,N/A,false,MethodCallExpr,java.lang.String,startsWith,C:\Users\tyin363\Documents\repos\DSpace__DSpace\dspace-oai\src\main\java\org\dspace\xoai\services\impl\xoai\DSpaceSetRepository.java,169
,,false,ClassOrInterfaceType,org.dspace.xoai.services.api.xoai.IdentifyResolver,IdentifyResolver,C:\Users\tyin363\Documents\repos\DSpace__DSpace\dspace-oai\src\main\java\org\dspace\xoai\services\impl\xoai\DSpaceIdentifyResolver.java,18
org.dspace:xoai,3.4.1,false,ClassOrInterfaceType,com.lyncode.xoai.dataprovider.filter.conditions.Condition,Condition,C:\Users\tyin363\Documents\repos\DSpace__DSpace\dspace-oai\src\main\java\org\dspace\xoai\services\impl\xoai\DSpaceItemRepository.java,167
org.dspace:xoai,3.4.1,false,MethodCallExpr,com.lyncode.xoai.dataprovider.xml.oaipmh.OAIPMH,write,C:\Users\tyin363\Documents\repos\DSpace__DSpace\dspace-oai\src\main\java\org\dspace\xoai\services\impl\cache\DSpaceXOAICacheService.java,105
org.dspace:xoai,3.4.1,false,ClassOrInterfaceType,com.lyncode.xoai.dataprovider.core.Granularity,Granularity,C:\Users\tyin363\Documents\repos\DSpace__DSpace\dspace-oai\src\main\java\org\dspace\xoai\services\impl\xoai\DSpaceRepositoryConfiguration.java,117
org.thymeleaf:thymeleaf,3.1.3.RELEASE,true,MethodCallExpr,org.thymeleaf.templateresolver.AbstractConfigurableTemplateResolver,setPrefix,C:\Users\tyin363\Documents\repos\DSpace__DSpace\dspace-oai\src\main\java\org\dspace\app\configuration\OAIWebConfig.java,70
,,false,MethodCallExpr,org.dspace.xoai.services.impl.xoai.DSpaceItemRepository,getDSpaceSetSpecFilter,C:\Users\tyin363\Documents\repos\DSpace__DSpace\dspace-oai\src\main\java\org\dspace\xoai\services\impl\xoai\DSpaceItemRepository.java,66
org.dspace:xoai,3.4.1,false,ObjectCreationExpr,com.lyncode.xoai.dataprovider.services.impl.BaseDateProvider,BaseDateProvider,C:\Users\tyin363\Documents\repos\DSpace__DSpace\dspace-oai\src\main\java\org\dspace\xoai\filter\DateFromFilter.java,23
JDK:java.base,N/A,false,MethodCallExpr,java.util.List,add,C:\Users\tyin363\Documents\repos\DSpace__DSpace\dspace-oai\src\main\java\org\dspace\xoai\filter\DSpaceAtLeastOneMetadataFilter.java,169
JDK:java.base,N/A,false,ClassOrInterfaceType,java.lang.Object,Object,C:\Users\tyin363\Documents\repos\DSpace__DSpace\dspace-oai\src\main\java\org\dspace\xoai\services\impl\DSpaceServiceResolver.java,19
JDK:java.base,N/A,false,ClassOrInterfaceType,java.sql.SQLException,SQLException,C:\Users\tyin363\Documents\repos\DSpace__DSpace\dspace-oai\src\main\java\org\dspace\xoai\services\api\EarliestDateResolver.java,17
,,false,ClassOrInterfaceType,org.dspace.xoai.services.api.context.ContextServiceException,ContextServiceException,C:\Users\tyin363\Documents\repos\DSpace__DSpace\dspace-oai\src\main\java\org\dspace\xoai\services\api\xoai\IdentifyResolver.java,14
JDK:java.base,N/A,false,ClassOrInterfaceType,java.lang.InstantiationException,InstantiationException,C:\Users\tyin363\Documents\repos\DSpace__DSpace\dspace-oai\src\main\java\org\dspace\xoai\services\impl\xoai\BaseDSpaceFilterResolver.java,82
org.dspace:xoai,3.4.1,false,ClassOrInterfaceType,com.lyncode.xoai.dataprovider.core.ListItemsResults,ListItemsResults,C:\Users\tyin363\Documents\repos\DSpace__DSpace\dspace-oai\src\main\java\org\dspace\xoai\services\impl\xoai\DSpaceItemRepository.java,107
org.dspace:xoai,3.4.1,false,MethodCallExpr,com.lyncode.xoai.dataprovider.filter.ScopedFilter,getCondition,C:\Users\tyin363\Documents\repos\DSpace__DSpace\dspace-oai\src\main\java\org\dspace\xoai\services\impl\solr\DSpaceSolrQueryResolver.java,29
JDK:java.base,N/A,false,ClassOrInterfaceType,java.lang.String,String,C:\Users\tyin363\Documents\repos\DSpace__DSpace\dspace-oai\src\main\java\org\dspace\xoai\app\XOAI.java,584
JDK:java.base,N/A,false,MethodCallExpr,java.util.List,add,C:\Users\tyin363\Documents\repos\DSpace__DSpace\dspace-oai\src\main\java\org\dspace\xoai\filter\DSpaceAtLeastOneMetadataFilter.java,175
,,false,ClassOrInterfaceType,org.dspace.xoai.filter.DSpaceFilter,DSpaceFilter,C:\Users\tyin363\Documents\repos\DSpace__DSpace\dspace-oai\src\main\java\org\dspace\xoai\services\impl\xoai\BaseDSpaceFilterResolver.java,43
JDK:java.base,N/A,false,ClassOrInterfaceType,java.util.ArrayList,ArrayList,C:\Users\tyin363\Documents\repos\DSpace__DSpace\dspace-oai\src\main\java\org\dspace\xoai\filter\DSpaceAtLeastOneMetadataFilter.java,66
,,false,ClassOrInterfaceType,org.dspace.xoai.data.DSpaceItem,DSpaceItem,C:\Users\tyin363\Documents\repos\DSpace__DSpace\dspace-oai\src\main\java\org\dspace\xoai\filter\DSpaceWithdrawnFilter.java,27
org.dspace:xoai,3.4.1,false,ObjectCreationExpr,com.lyncode.xoai.dataprovider.exceptions.IdDoesNotExistException,IdDoesNotExistException,C:\Users\tyin363\Documents\repos\DSpace__DSpace\dspace-oai\src\main\java\org\dspace\xoai\services\impl\xoai\DSpaceItemSolrRepository.java,57
JDK:java.base,N/A,false,ClassOrInterfaceType,java.io.IOException,IOException,C:\Users\tyin363\Documents\repos\DSpace__DSpace\dspace-oai\src\main\java\org\dspace\xoai\services\impl\cache\DSpaceXOAIItemCacheService.java,64
JDK:java.base,N/A,false,MethodCallExpr,java.lang.Throwable,getMessage,C:\Users\tyin363\Documents\repos\DSpace__DSpace\dspace-oai\src\main\java\org\dspace\xoai\services\impl\xoai\DSpaceItemSolrRepository.java,86
,,false,ClassOrInterfaceType,org.dspace.xoai.exceptions.InvalidMetadataFieldException,InvalidMetadataFieldException,C:\Users\tyin363\Documents\repos\DSpace__DSpace\dspace-oai\src\main\java\org\dspace\xoai\services\impl\xoai\DSpaceRepositoryConfiguration.java,110
org.thymeleaf:thymeleaf-spring6,3.1.3.RELEASE,true,ObjectCreationExpr,org.thymeleaf.spring6.SpringTemplateEngine,SpringTemplateEngine,C:\Users\tyin363\Documents\repos\DSpace__DSpace\dspace-oai\src\main\java\org\dspace\app\configuration\OAIWebConfig.java,82
,,false,ObjectCreationExpr,org.dspace.xoai.filter.DSpaceAtLeastOneMetadataFilter.Anonymous-8da36960-58ef-43c6-a6d4-4eb11af0658c,Anonymous-8da36960-58ef-43c6-a6d4-4eb11af0658c,C:\Users\tyin363\Documents\repos\DSpace__DSpace\dspace-oai\src\main\java\org\dspace\xoai\filter\DSpaceAtLeastOneMetadataFilter.java,59
,,false,ClassOrInterfaceType,org.dspace.xoai.filter.OrFilter,OrFilter,C:\Users\tyin363\Documents\repos\DSpace__DSpace\dspace-oai\src\main\java\org\dspace\xoai\services\impl\xoai\BaseDSpaceFilterResolver.java,101
JDK:java.base,N/A,false,ClassOrInterfaceType,java.lang.String,String,C:\Users\tyin363\Documents\repos\DSpace__DSpace\dspace-oai\src\main\java\org\dspace\xoai\filter\ItemsWithBitstreamFilter.java,42
,,false,ClassOrInterfaceType,org.dspace.xoai.solr.exceptions.DSpaceSolrException,DSpaceSolrException,C:\Users\tyin363\Documents\repos\DSpace__DSpace\dspace-oai\src\main\java\org\dspace\xoai\app\XOAI.java,180
,,false,MethodCallExpr,org.dspace.xoai.util.DateUtils,format,C:\Users\tyin363\Documents\repos\DSpace__DSpace\dspace-oai\src\main\java\org\dspace\xoai\services\impl\xoai\DSpaceResumptionTokenFormatter.java,62
,,false,ClassOrInterfaceType,com.lyncode.xoai.dataprovider.xml.xoai.Element.Field,Field,C:\Users\tyin363\Documents\repos\DSpace__DSpace\dspace-oai\src\main\java\org\dspace\xoai\util\ItemUtils.java,93
JDK:java.base,N/A,false,ClassOrInterfaceType,java.lang.String,String,C:\Users\tyin363\Documents\repos\DSpace__DSpace\dspace-oai\src\main\java\org\dspace\xoai\data\DSpaceItem.java,57
JDK:java.base,N/A,false,MethodCallExpr,javax.xml.stream.XMLStreamWriter,close,C:\Users\tyin363\Documents\repos\DSpace__DSpace\dspace-oai\src\main\java\org\dspace\xoai\app\XOAI.java,506
JDK:java.base,N/A,false,ClassOrInterfaceType,java.lang.Exception,Exception,C:\Users\tyin363\Documents\repos\DSpace__DSpace\dspace-oai\src\main\java\org\dspace\xoai\services\api\config\XOAIManagerResolverException.java,10
JDK:java.base,N/A,false,ClassOrInterfaceType,java.time.LocalDate,LocalDate,C:\Users\tyin363\Documents\repos\DSpace__DSpace\dspace-oai\src\main\java\org\dspace\xoai\util\ItemUtils.java,189
org.dspace:xoai,3.4.1,false,ClassOrInterfaceType,com.lyncode.xoai.dataprovider.xml.xoai.Element,Element,C:\Users\tyin363\Documents\repos\DSpace__DSpace\dspace-oai\src\main\java\org\dspace\xoai\data\DSpaceItem.java,58
JDK:java.base,N/A,false,MethodCallExpr,java.util.Date,toInstant,C:\Users\tyin363\Documents\repos\DSpace__DSpace\dspace-oai\src\main\java\org\dspace\xoai\data\DSpaceSolrItem.java,39
,,false,MethodCallExpr,org.dspace.xoai.services.api.context.ContextService,getContext,C:\Users\tyin363\Documents\repos\DSpace__DSpace\dspace-oai\src\main\java\org\dspace\xoai\services\impl\xoai\BaseDSpaceFilterResolver.java,79
,,false,ClassOrInterfaceType,org.dspace.xoai.exceptions.InvalidSetSpecException,InvalidSetSpecException,C:\Users\tyin363\Documents\repos\DSpace__DSpace\dspace-oai\src\main\java\org\dspace\xoai\services\impl\set\DSpaceSetSpecResolver.java,62
JDK:java.base,N/A,false,ClassOrInterfaceType,java.lang.StringBuilder,StringBuilder,C:\Users\tyin363\Documents\repos\DSpace__DSpace\dspace-oai\src\main\java\org\dspace\xoai\filter\DSpaceMetadataExistsFilter.java,70
JDK:java.base,N/A,false,ClassOrInterfaceType,java.time.Instant,Instant,C:\Users\tyin363\Documents\repos\DSpace__DSpace\dspace-oai\src\main\java\org\dspace\xoai\util\DateUtils.java,63
org.dspace:xoai,3.4.1,false,MethodCallExpr,com.lyncode.xoai.dataprovider.xml.xoaiconfig.parameters.SimpleType,asString,C:\Users\tyin363\Documents\repos\DSpace__DSpace\dspace-oai\src\main\java\org\dspace\xoai\filter\DSpaceAtLeastOneMetadataFilter.java,41
,,false,ClassOrInterfaceType,org.dspace.xoai.data.DSpaceSolrItem,DSpaceSolrItem,C:\Users\tyin363\Documents\repos\DSpace__DSpace\dspace-oai\src\main\java\org\dspace\xoai\services\impl\xoai\DSpaceItemSolrRepository.java,63
JDK:java.base,N/A,false,MethodCallExpr,java.util.List,isEmpty,C:\Users\tyin363\Documents\repos\DSpace__DSpace\dspace-oai\src\main\java\org\dspace\xoai\data\DSpaceItem.java,45
JDK:java.base,N/A,false,ClassOrInterfaceType,java.io.IOException,IOException,C:\Users\tyin363\Documents\repos\DSpace__DSpace\dspace-oai\src\main\java\org\dspace\xoai\services\impl\cache\DSpaceXOAICacheService.java,122
,,false,ClassOrInterfaceType,org.dspace.xoai.filter.results.SolrFilterResult,SolrFilterResult,C:\Users\tyin363\Documents\repos\DSpace__DSpace\dspace-oai\src\main\java\org\dspace\xoai\filter\DSpaceSetSpecFilter.java,47
JDK:java.base,N/A,false,MethodCallExpr,java.time.Instant,parse,C:\Users\tyin363\Documents\repos\DSpace__DSpace\dspace-oai\src\main\java\org\dspace\xoai\services\impl\DSpaceEarliestDateResolver.java,46
JDK:java.base,N/A,false,ClassOrInterfaceType,java.util.Date,Date,C:\Users\tyin363\Documents\repos\DSpace__DSpace\dspace-oai\src\main\java\org\dspace\xoai\services\impl\xoai\DSpaceItemRepository.java,84
JDK:java.base,N/A,false,ClassOrInterfaceType,java.lang.Throwable,Throwable,C:\Users\tyin363\Documents\repos\DSpace__DSpace\dspace-oai\src\main\java\org\dspace\xoai\services\api\config\XOAIManagerResolverException.java,18
JDK:java.base,N/A,false,ClassOrInterfaceType,java.time.LocalDate,LocalDate,C:\Users\tyin363\Documents\repos\DSpace__DSpace\dspace-oai\src\main\java\org\dspace\xoai\util\ItemUtils.java,188
,,false,MethodCallExpr,org.dspace.xoai.services.impl.xoai.DSpaceItemRepository,getDSpaceSetSpecFilter,C:\Users\tyin363\Documents\repos\DSpace__DSpace\dspace-oai\src\main\java\org\dspace\xoai\services\impl\xoai\DSpaceItemRepository.java,77
JDK:java.base,N/A,false,ClassOrInterfaceType,java.lang.String,String,C:\Users\tyin363\Documents\repos\DSpace__DSpace\dspace-oai\src\main\java\org\dspace\xoai\app\XOAI.java,582
JDK:java.base,N/A,false,MethodCallExpr,java.time.Instant,toEpochMilli,C:\Users\tyin363\Documents\repos\DSpace__DSpace\dspace-oai\src\main\java\org\dspace\xoai\app\XOAI.java,627
,,false,ClassOrInterfaceType,org.dspace.xoai.filter.DSpaceFilter,DSpaceFilter,C:\Users\tyin363\Documents\repos\DSpace__DSpace\dspace-oai\src\main\java\org\dspace\xoai\services\impl\xoai\BaseDSpaceFilterResolver.java,45
JDK:java.base,N/A,false,ClassOrInterfaceType,java.util.List,List,C:\Users\tyin363\Documents\repos\DSpace__DSpace\dspace-oai\src\main\java\org\dspace\xoai\services\impl\xoai\DSpaceItemRepository.java,150
commons-cli:commons-cli,1.9.0,false,MethodCallExpr,org.apache.commons.cli.CommandLine,hasOption,C:\Users\tyin363\Documents\repos\DSpace__DSpace\dspace-oai\src\main\java\org\dspace\xoai\app\XOAI.java,625
,,false,ClassOrInterfaceType,org.dspace.xoai.util.ItemUtils,ItemUtils,C:\Users\tyin363\Documents\repos\DSpace__DSpace\dspace-oai\src\main\java\org\dspace\xoai\util\ItemUtils.java,51
,,false,MethodCallExpr,org.dspace.xoai.data.DSpaceItem,values,C:\Users\tyin363\Documents\repos\DSpace__DSpace\dspace-oai\src\main\java\org\dspace\xoai\data\DSpaceItem.java,59
JDK:java.base,N/A,false,MethodCallExpr,java.util.Enumeration,hasMoreElements,C:\Users\tyin363\Documents\repos\DSpace__DSpace\dspace-oai\src\main\java\org\dspace\xoai\controller\DSpaceOAIDataProvider.java,176
JDK:java.base,N/A,false,ObjectCreationExpr,java.lang.StringBuilder,StringBuilder,C:\Users\tyin363\Documents\repos\DSpace__DSpace\dspace-oai\src\main\java\org\dspace\xoai\filter\DSpaceMetadataExistsFilter.java,70
,,false,ClassOrInterfaceType,org.dspace.xoai.services.api.context.ContextService,ContextService,C:\Users\tyin363\Documents\repos\DSpace__DSpace\dspace-oai\src\main\java\org\dspace\xoai\services\impl\xoai\DSpaceIdentifyResolver.java,24
jakarta.servlet:jakarta.servlet-api,6.1.0,false,ClassOrInterfaceType,jakarta.servlet.http.HttpServletResponse,HttpServletResponse,C:\Users\tyin363\Documents\repos\DSpace__DSpace\dspace-oai\src\main\java\org\dspace\xoai\controller\DSpaceOAIDataProvider.java,81
org.apache.logging.log4j:log4j-api,2.25.1,false,MethodCallExpr,org.apache.logging.log4j.Logger,debug,C:\Users\tyin363\Documents\repos\DSpace__DSpace\dspace-oai\src\main\java\org\dspace\xoai\services\impl\xoai\DSpaceRepositoryConfiguration.java,161
,,false,MethodCallExpr,org.dspace.xoai.util.ItemUtils,createValue,C:\Users\tyin363\Documents\repos\DSpace__DSpace\dspace-oai\src\main\java\org\dspace\xoai\util\ItemUtils.java,149
,,false,ClassOrInterfaceType,org.dspace.xoai.solr.exceptions.DSpaceSolrIndexerException,DSpaceSolrIndexerException,C:\Users\tyin363\Documents\repos\DSpace__DSpace\dspace-oai\src\main\java\org\dspace\xoai\app\XOAI.java,255
,,false,ClassOrInterfaceType,org.dspace.xoai.services.api.FieldResolver,FieldResolver,C:\Users\tyin363\Documents\repos\DSpace__DSpace\dspace-oai\src\main\java\org\dspace\xoai\filter\DSpaceFilter.java,30
,,false,ClassOrInterfaceType,org.dspace.xoai.services.api.context.ContextServiceException,ContextServiceException,C:\Users\tyin363\Documents\repos\DSpace__DSpace\dspace-oai\src\main\java\org\dspace\xoai\services\impl\DSpaceHandleResolver.java,44
,,false,ClassOrInterfaceType,org.dspace.xoai.exceptions.InvalidMetadataFieldException,InvalidMetadataFieldException,C:\Users\tyin363\Documents\repos\DSpace__DSpace\dspace-oai\src\main\java\org\dspace\xoai\services\api\EarliestDateResolver.java,17
org.apache.logging.log4j:log4j-api,2.25.1,false,MethodCallExpr,org.apache.logging.log4j.Logger,error,C:\Users\tyin363\Documents\repos\DSpace__DSpace\dspace-oai\src\main\java\org\dspace\xoai\solr\DSpaceSolrServer.java,49
org.dspace:xoai,3.4.1,false,ClassOrInterfaceType,com.lyncode.xoai.dataprovider.exceptions.OAIException,OAIException,C:\Users\tyin363\Documents\repos\DSpace__DSpace\dspace-oai\src\main\java\org\dspace\xoai\services\impl\xoai\DSpaceItemRepository.java,124
JDK:java.base,N/A,false,ObjectCreationExpr,java.util.ArrayList,ArrayList,C:\Users\tyin363\Documents\repos\DSpace__DSpace\dspace-oai\src\main\java\org\dspace\xoai\services\impl\xoai\DSpaceRepositoryConfiguration.java,59
JDK:java.base,N/A,false,ClassOrInterfaceType,java.lang.String,String,C:\Users\tyin363\Documents\repos\DSpace__DSpace\dspace-oai\src\main\java\org\dspace\xoai\services\impl\resources\DSpaceResourceResolver.java,49
org.apache.logging.log4j:log4j-api,2.25.1,false,MethodCallExpr,org.apache.logging.log4j.Logger,error,C:\Users\tyin363\Documents\repos\DSpace__DSpace\dspace-oai\src\main\java\org\dspace\xoai\controller\DSpaceOAIDataProvider.java,155
jakarta.servlet:jakarta.servlet-api,6.1.0,false,MethodCallExpr,jakarta.servlet.http.HttpServletResponse,sendError,C:\Users\tyin363\Documents\repos\DSpace__DSpace\dspace-oai\src\main\java\org\dspace\xoai\controller\DSpaceOAIDataProvider.java,157
JDK:java.base,N/A,false,MethodCallExpr,java.time.Instant,toString,C:\Users\tyin363\Documents\repos\DSpace__DSpace\dspace-oai\src\main\java\org\dspace\xoai\util\DateUtils.java,42
JDK:java.base,N/A,false,ClassOrInterfaceType,java.lang.String,String,C:\Users\tyin363\Documents\repos\DSpace__DSpace\dspace-oai\src\main\java\org\dspace\xoai\services\impl\set\DSpaceSetSpecResolver.java,28
JDK:java.base,N/A,false,ClassOrInterfaceType,java.lang.String,String,C:\Users\tyin363\Documents\repos\DSpace__DSpace\dspace-oai\src\main\java\org\dspace\xoai\app\XOAI.java,583
org.dspace:xoai,3.4.1,false,MethodCallExpr,com.lyncode.xoai.dataprovider.xml.xoaiconfig.parameters.ParameterMap,get,C:\Users\tyin363\Documents\repos\DSpace__DSpace\dspace-oai\src\main\java\org\dspace\xoai\filter\DSpaceMetadataExistsFilter.java,40
JDK:java.base,N/A,false,ClassOrInterfaceType,java.lang.Integer,Integer,C:\Users\tyin363\Documents\repos\DSpace__DSpace\dspace-oai\src\main\java\org\dspace\xoai\services\impl\MetadataFieldCache.java,23
JDK:java.base,N/A,false,MethodCallExpr,java.util.regex.Pattern,quote,C:\Users\tyin363\Documents\repos\DSpace__DSpace\dspace-oai\src\main\java\org\dspace\xoai\data\DSpaceItem.java,89
org.dspace:xoai,3.4.1,false,ClassOrInterfaceType,com.lyncode.xoai.dataprovider.services.api.SetRepository,SetRepository,C:\Users\tyin363\Documents\repos\DSpace__DSpace\dspace-oai\src\main\java\org\dspace\xoai\services\impl\xoai\DSpaceSetRepositoryResolver.java,21
JDK:java.base,N/A,false,ClassOrInterfaceType,java.io.FileInputStream,FileInputStream,C:\Users\tyin363\Documents\repos\DSpace__DSpace\dspace-oai\src\main\java\org\dspace\xoai\services\impl\resources\DSpaceResourceResolver.java,39
,,false,FieldAccessExpr,org.dspace.xoai.filter.AndFilter,left,C:\Users\tyin363\Documents\repos\DSpace__DSpace\dspace-oai\src\main\java\org\dspace\xoai\filter\AndFilter.java,19
org.dspace:xoai,3.4.1,false,ClassOrInterfaceType,com.lyncode.xoai.dataprovider.filter.ScopedFilter,ScopedFilter,C:\Users\tyin363\Documents\repos\DSpace__DSpace\dspace-oai\src\main\java\org\dspace\xoai\services\impl\xoai\DSpaceItemRepository.java,123
JDK:java.base,N/A,false,ClassOrInterfaceType,java.lang.String,String,C:\Users\tyin363\Documents\repos\DSpace__DSpace\dspace-oai\src\main\java\org\dspace\xoai\filter\SolrFilterResult.java,18
org.dspace:xoai,3.4.1,false,MethodCallExpr,com.lyncode.xoai.dataprovider.core.ResumptionToken,hasFrom,C:\Users\tyin363\Documents\repos\DSpace__DSpace\dspace-oai\src\main\java\org\dspace\xoai\services\impl\xoai\DSpaceResumptionTokenFormatter.java,57
,,false,ClassOrInterfaceType,com.lyncode.xoai.dataprovider.xml.xoai.Element.Field,Field,C:\Users\tyin363\Documents\repos\DSpace__DSpace\dspace-oai\src\main\java\org\dspace\xoai\util\ItemUtils.java,94
JDK:java.base,N/A,false,ClassOrInterfaceType,java.lang.String,String,C:\Users\tyin363\Documents\repos\DSpace__DSpace\dspace-oai\src\main\java\org\dspace\xoai\services\api\xoai\DSpaceFilterResolver.java,15
org.dspace:xoai,3.4.1,false,MethodCallExpr,com.lyncode.xoai.dataprovider.xml.xoai.Element,getField,C:\Users\tyin363\Documents\repos\DSpace__DSpace\dspace-oai\src\main\java\org\dspace\xoai\util\ItemUtils.java,341
JDK:java.base,N/A,false,ClassOrInterfaceType,java.io.IOException,IOException,C:\Users\tyin363\Documents\repos\DSpace__DSpace\dspace-oai\src\main\java\org\dspace\xoai\services\impl\cache\DSpaceXOAICacheService.java,120
JDK:java.base,N/A,false,MethodCallExpr,java.lang.String,startsWith,C:\Users\tyin363\Documents\repos\DSpace__DSpace\dspace-oai\src\main\java\org\dspace\xoai\services\impl\xoai\DSpaceSetRepository.java,157
org.apache.logging.log4j:log4j-api,2.25.1,false,MethodCallExpr,org.apache.logging.log4j.Logger,warn,C:\Users\tyin363\Documents\repos\DSpace__DSpace\dspace-oai\src\main\java\org\dspace\xoai\services\impl\xoai\DSpaceRepositoryConfiguration.java,85
JDK:java.base,N/A,false,ClassOrInterfaceType,java.lang.String,String,C:\Users\tyin363\Documents\repos\DSpace__DSpace\dspace-oai\src\main\java\org\dspace\xoai\app\plugins\AccessStatusElementItemCompilePlugin.java,58
jakarta.servlet:jakarta.servlet-api,6.1.0,false,MethodCallExpr,jakarta.servlet.http.HttpServletResponse,sendError,C:\Users\tyin363\Documents\repos\DSpace__DSpace\dspace-oai\src\main\java\org\dspace\xoai\controller\DSpaceOAIDataProvider.java,152
,,false,MethodCallExpr,org.dspace.xoai.services.impl.xoai.DSpaceSetRepository,collection,C:\Users\tyin363\Documents\repos\DSpace__DSpace\dspace-oai\src\main\java\org\dspace\xoai\services\impl\xoai\DSpaceSetRepository.java,136
org.apache.logging.log4j:log4j-api,2.25.1,false,MethodCallExpr,org.apache.logging.log4j.Logger,error,C:\Users\tyin363\Documents\repos\DSpace__DSpace\dspace-oai\src\main\java\org\dspace\xoai\filter\DSpaceSetSpecFilter.java,53
,,false,ClassOrInterfaceType,org.dspace.xoai.filter.DSpaceFilter,DSpaceFilter,C:\Users\tyin363\Documents\repos\DSpace__DSpace\dspace-oai\src\main\java\org\dspace\xoai\services\impl\xoai\BaseDSpaceFilterResolver.java,47
org.dspace:xoai,3.4.1,false,MethodCallExpr,com.lyncode.xoai.dataprovider.filter.conditions.OrCondition,getRight,C:\Users\tyin363\Documents\repos\DSpace__DSpace\dspace-oai\src\main\java\org\dspace\xoai\services\impl\xoai\BaseDSpaceFilterResolver.java,100
JDK:java.base,N/A,false,ClassOrInterfaceType,java.lang.String,String,C:\Users\tyin363\Documents\repos\DSpace__DSpace\dspace-oai\src\main\java\org\dspace\xoai\services\impl\set\DSpaceSetSpecResolver.java,27
JDK:java.base,N/A,false,ClassOrInterfaceType,java.lang.Exception,Exception,C:\Users\tyin363\Documents\repos\DSpace__DSpace\dspace-oai\src\main\java\org\dspace\xoai\services\impl\xoai\DSpaceResumptionTokenFormatter.java,42
commons-io:commons-io,2.20.0,false,MethodCallExpr,org.apache.commons.io.FileUtils,deleteDirectory,C:\Users\tyin363\Documents\repos\DSpace__DSpace\dspace-oai\src\main\java\org\dspace\xoai\services\impl\cache\DSpaceXOAIItemCacheService.java,105
JDK:java.base,N/A,false,MethodCallExpr,java.util.List,add,C:\Users\tyin363\Documents\repos\DSpace__DSpace\dspace-oai\src\main\java\org\dspace\xoai\filter\DSpaceAtLeastOneMetadataFilter.java,179
JDK:java.base,N/A,false,ClassOrInterfaceType,java.lang.String,String,C:\Users\tyin363\Documents\repos\DSpace__DSpace\dspace-oai\src\main\java\org\dspace\xoai\services\api\cache\XOAICacheService.java,25
JDK:java.base,N/A,false,MethodCallExpr,java.util.List,iterator,C:\Users\tyin363\Documents\repos\DSpace__DSpace\dspace-oai\src\main\java\org\dspace\xoai\services\impl\solr\DSpaceSolrQueryResolver.java,35
JDK:java.base,N/A,false,MethodCallExpr,java.lang.Throwable,printStackTrace,C:\Users\tyin363\Documents\repos\DSpace__DSpace\dspace-oai\src\main\java\org\dspace\xoai\app\plugins\AccessStatusElementItemCompilePlugin.java,82
JDK:java.base,N/A,false,MethodCallExpr,java.time.Instant,with,C:\Users\tyin363\Documents\repos\DSpace__DSpace\dspace-oai\src\main\java\org\dspace\xoai\filter\DateFromFilter.java,28
JDK:java.base,N/A,false,ObjectCreationExpr,java.util.ArrayList,ArrayList,C:\Users\tyin363\Documents\repos\DSpace__DSpace\dspace-oai\src\main\java\org\dspace\xoai\services\impl\DSpaceCollectionsService.java,105
,,false,ClassOrInterfaceType,org.dspace.xoai.services.impl.xoai.DSpaceItemSolrRepository.QueryResult,QueryResult,C:\Users\tyin363\Documents\repos\DSpace__DSpace\dspace-oai\src\main\java\org\dspace\xoai\services\impl\xoai\DSpaceItemSolrRepository.java,75
commons-cli:commons-cli,1.9.0,false,ObjectCreationExpr,org.apache.commons.cli.DefaultParser,DefaultParser,C:\Users\tyin363\Documents\repos\DSpace__DSpace\dspace-oai\src\main\java\org\dspace\xoai\app\XOAI.java,597
org.dspace:xoai,3.4.1,false,MethodCallExpr,com.lyncode.xoai.dataprovider.xml.xoai.Element,getField,C:\Users\tyin363\Documents\repos\DSpace__DSpace\dspace-oai\src\main\java\org\dspace\xoai\util\ItemUtils.java,348
org.springframework:spring-context,6.2.9,true,MethodCallExpr,org.springframework.context.support.AbstractApplicationContext,getBean,C:\Users\tyin363\Documents\repos\DSpace__DSpace\dspace-oai\src\main\java\org\dspace\xoai\app\XOAI.java,591
org.dspace:xoai,3.4.1,false,MethodCallExpr,com.lyncode.xoai.dataprovider.xml.xoai.Element,getElement,C:\Users\tyin363\Documents\repos\DSpace__DSpace\dspace-oai\src\main\java\org\dspace\xoai\util\ItemUtils.java,205
,,false,MethodCallExpr,org.dspace.xoai.util.ItemUtils,create,C:\Users\tyin363\Documents\repos\DSpace__DSpace\dspace-oai\src\main\java\org\dspace\xoai\app\plugins\AccessStatusElementItemCompilePlugin.java,65
,,false,MethodCallExpr,org.dspace.xoai.filter.DSpaceAtLeastOneMetadataFilter,getValues,C:\Users\tyin363\Documents\repos\DSpace__DSpace\dspace-oai\src\main\java\org\dspace\xoai\filter\DSpaceAtLeastOneMetadataFilter.java,88
JDK:java.base,N/A,false,ClassOrInterfaceType,java.util.List,List,C:\Users\tyin363\Documents\repos\DSpace__DSpace\dspace-oai\src\main\java\org\dspace\xoai\filter\DSpaceAtLeastOneMetadataFilter.java,154
,,false,ClassOrInterfaceType,org.dspace.xoai.filter.results.SolrFilterResult,SolrFilterResult,C:\Users\tyin363\Documents\repos\DSpace__DSpace\dspace-oai\src\main\java\org\dspace\xoai\filter\DSpaceSetSpecFilter.java,50
org.dspace:xoai,3.4.1,false,ClassOrInterfaceType,com.lyncode.xoai.dataprovider.filter.conditions.Condition,Condition,C:\Users\tyin363\Documents\repos\DSpace__DSpace\dspace-oai\src\main\java\org\dspace\xoai\services\impl\xoai\DSpaceItemRepository.java,176
,,false,ClassOrInterfaceType,org.dspace.xoai.services.api.cache.XOAILastCompilationCacheService,XOAILastCompilationCacheService,C:\Users\tyin363\Documents\repos\DSpace__DSpace\dspace-oai\src\main\java\org\dspace\xoai\services\impl\cache\DSpaceXOAILastCompilationCacheService.java,21
,,false,MethodCallExpr,org.dspace.xoai.filter.DSpaceFilter,isShown,C:\Users\tyin363\Documents\repos\DSpace__DSpace\dspace-oai\src\main\java\org\dspace\xoai\filter\DSpaceFilter.java,44
JDK:java.base,N/A,false,MethodCallExpr,java.io.FileInputStream,close,C:\Users\tyin363\Documents\repos\DSpace__DSpace\dspace-oai\src\main\java\org\dspace\xoai\services\impl\cache\DSpaceXOAIItemCacheService.java,73
,,false,MethodCallExpr,org.dspace.xoai.util.DateUtils,format,C:\Users\tyin363\Documents\repos\DSpace__DSpace\dspace-oai\src\main\java\org\dspace\xoai\services\impl\xoai\DSpaceResumptionTokenFormatter.java,58
jakarta.servlet:jakarta.servlet-api,6.1.0,false,MethodCallExpr,jakarta.servlet.ServletRequest,getParameterValues,C:\Users\tyin363\Documents\repos\DSpace__DSpace\dspace-oai\src\main\java\org\dspace\xoai\controller\DSpaceOAIDataProvider.java,178
JDK:java.base,N/A,false,ClassOrInterfaceType,java.lang.String,String,C:\Users\tyin363\Documents\repos\DSpace__DSpace\dspace-oai\src\main\java\org\dspace\xoai\services\impl\set\DSpaceSetSpecResolver.java,26
org.dspace:xoai,3.4.1,false,ClassOrInterfaceType,com.lyncode.xoai.dataprovider.core.ReferenceSet,ReferenceSet,C:\Users\tyin363\Documents\repos\DSpace__DSpace\dspace-oai\src\main\java\org\dspace\xoai\filter\DSpaceSetSpecFilter.java,38
,,false,FieldAccessExpr,org.dspace.xoai.services.impl.xoai.DSpaceItemSolrRepository.QueryResult,total,C:\Users\tyin363\Documents\repos\DSpace__DSpace\dspace-oai\src\main\java\org\dspace\xoai\services\impl\xoai\DSpaceItemSolrRepository.java,125
org.dspace:xoai,3.4.1,false,MethodCallExpr,com.lyncode.xoai.dataprovider.xml.xoaiconfig.parameters.ParameterMap,get,C:\Users\tyin363\Documents\repos\DSpace__DSpace\dspace-oai\src\main\java\org\dspace\xoai\filter\DSpaceMetadataExistsFilter.java,38
,,false,ClassOrInterfaceType,org.dspace.xoai.exceptions.InvalidMetadataFieldException,InvalidMetadataFieldException,C:\Users\tyin363\Documents\repos\DSpace__DSpace\dspace-oai\src\main\java\org\dspace\xoai\services\impl\DSpaceEarliestDateResolver.java,32
org.apache.logging.log4j:log4j-api,2.25.1,false,MethodCallExpr,org.apache.logging.log4j.Logger,error,C:\Users\tyin363\Documents\repos\DSpace__DSpace\dspace-oai\src\main\java\org\dspace\xoai\services\impl\xoai\DSpaceSetRepository.java,167
org.dspace:xoai,3.4.1,false,ObjectCreationExpr,com.lyncode.xoai.dataprovider.xml.xoai.Element,Element,C:\Users\tyin363\Documents\repos\DSpace__DSpace\dspace-oai\src\main\java\org\dspace\xoai\util\ItemUtils.java,88
org.dspace:xoai,3.4.1,false,ClassOrInterfaceType,com.lyncode.xoai.dataprovider.services.api.ResourceResolver,ResourceResolver,C:\Users\tyin363\Documents\repos\DSpace__DSpace\dspace-oai\src\main\java\org\dspace\xoai\services\impl\DSpaceServiceResolver.java,21
,,false,ClassOrInterfaceType,org.dspace.xoai.util.DateUtils,DateUtils,C:\Users\tyin363\Documents\repos\DSpace__DSpace\dspace-oai\src\main\java\org\dspace\xoai\util\DateUtils.java,22
,,false,MethodCallExpr,org.dspace.xoai.util.ItemUtils,createValue,C:\Users\tyin363\Documents\repos\DSpace__DSpace\dspace-oai\src\main\java\org\dspace\xoai\util\ItemUtils.java,156
,,false,MethodCallExpr,org.dspace.xoai.data.DSpaceItem,values,C:\Users\tyin363\Documents\repos\DSpace__DSpace\dspace-oai\src\main\java\org\dspace\xoai\data\DSpaceItem.java,64
org.dspace:xoai,3.4.1,false,ClassOrInterfaceType,com.lyncode.xoai.dataprovider.filter.ScopedFilter,ScopedFilter,C:\Users\tyin363\Documents\repos\DSpace__DSpace\dspace-oai\src\main\java\org\dspace\xoai\services\impl\xoai\DSpaceItemRepository.java,117
JDK:java.base,N/A,false,ClassOrInterfaceType,java.lang.Exception,Exception,C:\Users\tyin363\Documents\repos\DSpace__DSpace\dspace-oai\src\main\java\org\dspace\xoai\solr\exceptions\SolrSearchEmptyException.java,15
JDK:java.base,N/A,false,MethodCallExpr,java.lang.String,startsWith,C:\Users\tyin363\Documents\repos\DSpace__DSpace\dspace-oai\src\main\java\org\dspace\xoai\filter\DSpaceSetSpecFilter.java,55
org.dspace:xoai,3.4.1,false,ObjectCreationExpr,com.lyncode.xoai.dataprovider.exceptions.BadResumptionToken,BadResumptionToken,C:\Users\tyin363\Documents\repos\DSpace__DSpace\dspace-oai\src\main\java\org\dspace\xoai\services\impl\xoai\DSpaceResumptionTokenFormatter.java,44
org.dspace:xoai,3.4.1,false,MethodCallExpr,com.lyncode.xoai.dataprovider.xml.xoai.Element,getField,C:\Users\tyin363\Documents\repos\DSpace__DSpace\dspace-oai\src\main\java\org\dspace\xoai\util\ItemUtils.java,347
org.dspace:xoai,3.4.1,false,ClassOrInterfaceType,com.lyncode.xoai.dataprovider.filter.conditions.Condition,Condition,C:\Users\tyin363\Documents\repos\DSpace__DSpace\dspace-oai\src\main\java\org\dspace\xoai\services\impl\xoai\DSpaceItemRepository.java,177
JDK:java.base,N/A,false,ClassOrInterfaceType,java.sql.SQLException,SQLException,C:\Users\tyin363\Documents\repos\DSpace__DSpace\dspace-oai\src\main\java\org\dspace\xoai\services\impl\DSpaceEarliestDateResolver.java,32
org.dspace:xoai,3.4.1,false,ObjectCreationExpr,com.lyncode.xoai.dataprovider.core.ListItemsResults,ListItemsResults,C:\Users\tyin363\Documents\repos\DSpace__DSpace\dspace-oai\src\main\java\org\dspace\xoai\services\impl\xoai\DSpaceItemSolrRepository.java,96
org.dspace:xoai,3.4.1,false,ClassOrInterfaceType,com.lyncode.xoai.dataprovider.data.Item,Item,C:\Users\tyin363\Documents\repos\DSpace__DSpace\dspace-oai\src\main\java\org\dspace\xoai\services\impl\xoai\DSpaceItemSolrRepository.java,118
JDK:java.base,N/A,false,ClassOrInterfaceType,java.lang.String,String,C:\Users\tyin363\Documents\repos\DSpace__DSpace\dspace-oai\src\main\java\org\dspace\xoai\app\XOAI.java,586
,,false,MethodCallExpr,org.dspace.xoai.services.impl.xoai.DSpaceItemSolrRepository.QueryResult,getTotal,C:\Users\tyin363\Documents\repos\DSpace__DSpace\dspace-oai\src\main\java\org\dspace\xoai\services\impl\xoai\DSpaceItemSolrRepository.java,84
org.dspace:xoai,3.4.1,false,ClassOrInterfaceType,com.lyncode.xoai.dataprovider.core.ResumptionToken,ResumptionToken,C:\Users\tyin363\Documents\repos\DSpace__DSpace\dspace-oai\src\main\java\org\dspace\xoai\services\impl\xoai\DSpaceResumptionTokenFormatter.java,51
JDK:java.base,N/A,false,MethodCallExpr,java.net.URL,toString,C:\Users\tyin363\Documents\repos\DSpace__DSpace\dspace-oai\src\main\java\org\dspace\xoai\app\OAISpringLoader.java,36
,,false,MethodCallExpr,org.dspace.xoai.services.impl.xoai.DSpaceSetRepository,getCollectionCount,C:\Users\tyin363\Documents\repos\DSpace__DSpace\dspace-oai\src\main\java\org\dspace\xoai\services\impl\xoai\DSpaceSetRepository.java,128
org.dspace:xoai,3.4.1,false,ClassOrInterfaceType,com.lyncode.xoai.dataprovider.xml.xoai.Element,Element,C:\Users\tyin363\Documents\repos\DSpace__DSpace\dspace-oai\src\main\java\org\dspace\xoai\data\DSpaceItem.java,63
org.dspace:xoai,3.4.1,false,ClassOrInterfaceType,com.lyncode.xoai.dataprovider.filter.ScopedFilter,ScopedFilter,C:\Users\tyin363\Documents\repos\DSpace__DSpace\dspace-oai\src\main\java\org\dspace\xoai\services\impl\xoai\DSpaceItemRepository.java,118
JDK:java.base,N/A,false,MethodCallExpr,java.util.List,add,C:\Users\tyin363\Documents\repos\DSpace__DSpace\dspace-oai\src\main\java\org\dspace\xoai\services\impl\xoai\DSpaceRepositoryConfiguration.java,65
jakarta.servlet:jakarta.servlet-api,6.1.0,false,ClassOrInterfaceType,jakarta.servlet.http.HttpServletRequest,HttpServletRequest,C:\Users\tyin363\Documents\repos\DSpace__DSpace\dspace-oai\src\main\java\org\dspace\xoai\controller\DSpaceOAIDataProvider.java,173
JDK:java.base,N/A,false,ClassOrInterfaceType,java.time.Instant,Instant,C:\Users\tyin363\Documents\repos\DSpace__DSpace\dspace-oai\src\main\java\org\dspace\xoai\util\DateUtils.java,56
,,false,ClassOrInterfaceType,org.dspace.xoai.solr.exceptions.DSpaceSolrIndexerException,DSpaceSolrIndexerException,C:\Users\tyin363\Documents\repos\DSpace__DSpace\dspace-oai\src\main\java\org\dspace\xoai\app\XOAI.java,259
org.dspace:xoai,3.4.1,false,MethodCallExpr,com.lyncode.xoai.dataprovider.xml.xoai.Element,getField,C:\Users\tyin363\Documents\repos\DSpace__DSpace\dspace-oai\src\main\java\org\dspace\xoai\util\ItemUtils.java,346
org.dspace:xoai,3.4.1,false,ClassOrInterfaceType,com.lyncode.xoai.dataprovider.core.ItemMetadata,ItemMetadata,C:\Users\tyin363\Documents\repos\DSpace__DSpace\dspace-oai\src\main\java\org\dspace\xoai\data\DSpaceSolrItem.java,29
,,false,ClassOrInterfaceType,org.dspace.xoai.services.api.context.ContextService,ContextService,C:\Users\tyin363\Documents\repos\DSpace__DSpace\dspace-oai\src\main\java\org\dspace\xoai\services\impl\DSpaceCollectionsService.java,33
,,false,ClassOrInterfaceType,org.dspace.xoai.filter.DSpaceFilter,DSpaceFilter,C:\Users\tyin363\Documents\repos\DSpace__DSpace\dspace-oai\src\main\java\org\dspace\xoai\services\impl\xoai\BaseDSpaceFilterResolver.java,50
JDK:java.base,N/A,false,MethodCallExpr,java.util.List,add,C:\Users\tyin363\Documents\repos\DSpace__DSpace\dspace-oai\src\main\java\org\dspace\xoai\services\impl\xoai\DSpaceItemRepository.java,102
JDK:java.base,N/A,false,ClassOrInterfaceType,java.lang.String,String,C:\Users\tyin363\Documents\repos\DSpace__DSpace\dspace-oai\src\main\java\org\dspace\xoai\services\impl\xoai\DSpaceItemRepository.java,133
JDK:java.base,N/A,false,ObjectCreationExpr,java.io.File,File,C:\Users\tyin363\Documents\repos\DSpace__DSpace\dspace-oai\src\main\java\org\dspace\xoai\services\impl\cache\DSpaceXOAICacheService.java,133
,,false,MethodCallExpr,org.dspace.xoai.services.impl.cache.DSpaceXOAICacheService,getBaseDir,C:\Users\tyin363\Documents\repos\DSpace__DSpace\dspace-oai\src\main\java\org\dspace\xoai\services\impl\cache\DSpaceXOAICacheService.java,133
,,false,MethodCallExpr,org.dspace.xoai.services.impl.xoai.DSpaceItemRepository,getDateFromCondition,C:\Users\tyin363\Documents\repos\DSpace__DSpace\dspace-oai\src\main\java\org\dspace\xoai\services\impl\xoai\DSpaceItemRepository.java,42
org.dspace:xoai,3.4.1,false,ClassOrInterfaceType,com.lyncode.xoai.dataprovider.core.ListItemsResults,ListItemsResults,C:\Users\tyin363\Documents\repos\DSpace__DSpace\dspace-oai\src\main\java\org\dspace\xoai\services\impl\xoai\DSpaceItemRepository.java,100
JDK:java.base,N/A,false,ClassOrInterfaceType,java.util.Date,Date,C:\Users\tyin363\Documents\repos\DSpace__DSpace\dspace-oai\src\main\java\org\dspace\xoai\data\DSpaceSolrItem.java,70
,,false,ClassOrInterfaceType,org.dspace.xoai.filter.results.SolrFilterResult,SolrFilterResult,C:\Users\tyin363\Documents\repos\DSpace__DSpace\dspace-oai\src\main\java\org\dspace\xoai\filter\DSpaceAtLeastOneMetadataFilter.java,151
JDK:java.base,N/A,false,ClassOrInterfaceType,java.util.List,List,C:\Users\tyin363\Documents\repos\DSpace__DSpace\dspace-oai\src\main\java\org\dspace\xoai\services\impl\xoai\DSpaceRepositoryConfiguration.java,42
org.dspace:xoai,3.4.1,false,ObjectCreationExpr,com.lyncode.xoai.dataprovider.filter.ScopedFilter,ScopedFilter,C:\Users\tyin363\Documents\repos\DSpace__DSpace\dspace-oai\src\main\java\org\dspace\xoai\services\impl\xoai\DSpaceItemRepository.java,85
JDK:java.base,N/A,false,MethodCallExpr,java.io.File,exists,C:\Users\tyin363\Documents\repos\DSpace__DSpace\dspace-oai\src\main\java\org\dspace\xoai\services\impl\cache\DSpaceXOAILastCompilationCacheService.java,41
JDK:java.base,N/A,false,ClassOrInterfaceType,java.util.LinkedList,LinkedList,C:\Users\tyin363\Documents\repos\DSpace__DSpace\dspace-oai\src\main\java\org\dspace\xoai\services\impl\DSpaceCollectionsService.java,82
JDK:java.base,N/A,false,MethodCallExpr,java.io.PrintStream,println,C:\Users\tyin363\Documents\repos\DSpace__DSpace\dspace-oai\src\main\java\org\dspace\xoai\app\XOAI.java,348
org.dspace:xoai,3.4.1,false,MethodCallExpr,com.lyncode.xoai.dataprovider.data.ItemIdentifier,getDatestamp,C:\Users\tyin363\Documents\repos\DSpace__DSpace\dspace-oai\src\main\java\org\dspace\xoai\filter\DateFromFilter.java,33
,,false,FieldAccessExpr,org.dspace.xoai.filter.AndFilter,right,C:\Users\tyin363\Documents\repos\DSpace__DSpace\dspace-oai\src\main\java\org\dspace\xoai\filter\AndFilter.java,20
,,false,ClassOrInterfaceType,org.dspace.xoai.exceptions.InvalidSetSpecException,InvalidSetSpecException,C:\Users\tyin363\Documents\repos\DSpace__DSpace\dspace-oai\src\main\java\org\dspace\xoai\services\impl\set\DSpaceSetSpecResolver.java,55
org.dspace:xoai,3.4.1,false,ObjectCreationExpr,com.lyncode.xoai.dataprovider.filter.ScopedFilter,ScopedFilter,C:\Users\tyin363\Documents\repos\DSpace__DSpace\dspace-oai\src\main\java\org\dspace\xoai\services\impl\xoai\DSpaceItemRepository.java,65
org.apache.logging.log4j:log4j-api,2.25.1,false,ClassOrInterfaceType,org.apache.logging.log4j.Logger,Logger,C:\Users\tyin363\Documents\repos\DSpace__DSpace\dspace-oai\src\main\java\org\dspace\xoai\data\DSpaceSolrItem.java,25
JDK:java.base,N/A,false,ClassOrInterfaceType,java.lang.String,String,C:\Users\tyin363\Documents\repos\DSpace__DSpace\dspace-oai\src\main\java\org\dspace\xoai\services\api\cache\XOAICacheService.java,21
org.springframework:spring-web,6.2.9,true,MethodCallExpr,org.springframework.web.context.request.RequestContextHolder,currentRequestAttributes,C:\Users\tyin363\Documents\repos\DSpace__DSpace\dspace-oai\src\main\java\org\dspace\xoai\services\impl\xoai\DSpaceRepositoryConfiguration.java,73
JDK:java.base,N/A,false,MethodCallExpr,java.util.List,iterator,C:\Users\tyin363\Documents\repos\DSpace__DSpace\dspace-oai\src\main\java\org\dspace\xoai\filter\DSpaceAtLeastOneMetadataFilter.java,147
JDK:java.base,N/A,false,ClassOrInterfaceType,java.lang.String,String,C:\Users\tyin363\Documents\repos\DSpace__DSpace\dspace-oai\src\main\java\org\dspace\xoai\controller\DSpaceOAIDataProvider.java,94
JDK:java.base,N/A,false,MethodCallExpr,java.lang.String,equals,C:\Users\tyin363\Documents\repos\DSpace__DSpace\dspace-oai\src\main\java\org\dspace\xoai\filter\DSpaceSetSpecFilter.java,39
JDK:java.base,N/A,false,ObjectCreationExpr,java.io.FileInputStream,FileInputStream,C:\Users\tyin363\Documents\repos\DSpace__DSpace\dspace-oai\src\main\java\org\dspace\xoai\services\impl\cache\DSpaceXOAICacheService.java,94
org.dspace:xoai,3.4.1,false,MethodCallExpr,com.lyncode.xoai.dataprovider.xml.XmlOutputContext,getWriter,C:\Users\tyin363\Documents\repos\DSpace__DSpace\dspace-oai\src\main\java\org\dspace\xoai\services\impl\cache\DSpaceXOAICacheService.java,106
org.dspace:xoai,3.4.1,false,ObjectCreationExpr,com.lyncode.xoai.dataprovider.exceptions.IdDoesNotExistException,IdDoesNotExistException,C:\Users\tyin363\Documents\repos\DSpace__DSpace\dspace-oai\src\main\java\org\dspace\xoai\services\impl\xoai\DSpaceItemSolrRepository.java,65
JDK:java.base,N/A,false,ClassOrInterfaceType,javax.xml.transform.TransformerConfigurationException,TransformerConfigurationException,C:\Users\tyin363\Documents\repos\DSpace__DSpace\dspace-oai\src\main\java\org\dspace\xoai\services\impl\resources\DSpaceResourceResolver.java,43
org.dspace:xoai,3.4.1,false,ClassOrInterfaceType,com.lyncode.xoai.dataprovider.xml.xoai.Element,Element,C:\Users\tyin363\Documents\repos\DSpace__DSpace\dspace-oai\src\main\java\org\dspace\xoai\util\ItemUtils.java,130
JDK:java.base,N/A,false,ClassOrInterfaceType,java.util.ArrayList,ArrayList,C:\Users\tyin363\Documents\repos\DSpace__DSpace\dspace-oai\src\main\java\org\dspace\xoai\app\XOAI.java,111
,,false,MethodCallExpr,org.dspace.xoai.services.impl.xoai.BaseDSpaceFilterResolver,getFilter,C:\Users\tyin363\Documents\repos\DSpace__DSpace\dspace-oai\src\main\java\org\dspace\xoai\services\impl\xoai\BaseDSpaceFilterResolver.java,100
,,false,MethodCallExpr,org.dspace.xoai.filter.DSpaceMetadataExistsFilter,getFields,C:\Users\tyin363\Documents\repos\DSpace__DSpace\dspace-oai\src\main\java\org\dspace\xoai\filter\DSpaceMetadataExistsFilter.java,59
JDK:java.base,N/A,false,ClassOrInterfaceType,java.lang.String,String,C:\Users\tyin363\Documents\repos\DSpace__DSpace\dspace-oai\src\main\java\org\dspace\xoai\services\impl\xoai\DSpaceRepositoryConfiguration.java,80
org.dspace:xoai,3.4.1,false,ObjectCreationExpr,com.lyncode.xoai.dataprovider.filter.ScopedFilter,ScopedFilter,C:\Users\tyin363\Documents\repos\DSpace__DSpace\dspace-oai\src\main\java\org\dspace\xoai\services\impl\xoai\DSpaceItemRepository.java,66
JDK:java.base,N/A,false,ClassOrInterfaceType,java.util.LinkedList,LinkedList,C:\Users\tyin363\Documents\repos\DSpace__DSpace\dspace-oai\src\main\java\org\dspace\xoai\services\impl\DSpaceCollectionsService.java,59
org.dspace:xoai,3.4.1,false,ClassOrInterfaceType,com.lyncode.xoai.dataprovider.exceptions.OAIException,OAIException,C:\Users\tyin363\Documents\repos\DSpace__DSpace\dspace-oai\src\main\java\org\dspace\xoai\services\impl\xoai\DSpaceItemRepository.java,151
,,false,MethodCallExpr,org.dspace.xoai.data.DSpaceItem,parseHandle,C:\Users\tyin363\Documents\repos\DSpace__DSpace\dspace-oai\src\main\java\org\dspace\xoai\filter\ItemsWithBitstreamFilter.java,42
JDK:java.base,N/A,false,ClassOrInterfaceType,java.time.Instant,Instant,C:\Users\tyin363\Documents\repos\DSpace__DSpace\dspace-oai\src\main\java\org\dspace\xoai\util\DateUtils.java,71
org.dspace:xoai,3.4.1,false,ClassOrInterfaceType,com.lyncode.xoai.dataprovider.data.About,About,C:\Users\tyin363\Documents\repos\DSpace__DSpace\dspace-oai\src\main\java\org\dspace\xoai\data\DSpaceItem.java,100
,,false,ObjectCreationExpr,org.dspace.xoai.services.impl.xoai.BaseDSpaceFilterResolver,BaseDSpaceFilterResolver,C:\Users\tyin363\Documents\repos\DSpace__DSpace\dspace-oai\src\main\java\org\dspace\xoai\app\BasicConfiguration.java,133
,,false,ClassOrInterfaceType,org.dspace.xoai.filter.data.DSpaceMetadataFilterOperator,DSpaceMetadataFilterOperator,C:\Users\tyin363\Documents\repos\DSpace__DSpace\dspace-oai\src\main\java\org\dspace\xoai\filter\DSpaceAtLeastOneMetadataFilter.java,36
JDK:java.base,N/A,false,MethodCallExpr,java.time.Instant,now,C:\Users\tyin363\Documents\repos\DSpace__DSpace\dspace-oai\src\main\java\org\dspace\xoai\app\XOAI.java,701
JDK:java.base,N/A,false,ClassOrInterfaceType,java.lang.String,String,C:\Users\tyin363\Documents\repos\DSpace__DSpace\dspace-oai\src\main\java\org\dspace\xoai\controller\DSpaceOAIDataProvider.java,95
,,false,ClassOrInterfaceType,org.dspace.xoai.util.URLUtils,URLUtils,C:\Users\tyin363\Documents\repos\DSpace__DSpace\dspace-oai\src\main\java\org\dspace\xoai\util\URLUtils.java,21
org.apache.logging.log4j:log4j-api,2.25.1,false,MethodCallExpr,org.apache.logging.log4j.Logger,error,C:\Users\tyin363\Documents\repos\DSpace__DSpace\dspace-oai\src\main\java\org\dspace\xoai\services\impl\xoai\BaseDSpaceFilterResolver.java,84
org.dspace:xoai,3.4.1,false,ClassOrInterfaceType,com.lyncode.xoai.dataprovider.services.api.ResourceResolver,ResourceResolver,C:\Users\tyin363\Documents\repos\DSpace__DSpace\dspace-oai\src\main\java\org\dspace\xoai\app\BasicConfiguration.java,102
,,false,MethodCallExpr,org.dspace.xoai.util.ItemUtils,create,C:\Users\tyin363\Documents\repos\DSpace__DSpace\dspace-oai\src\main\java\org\dspace\xoai\util\ItemUtils.java,101
JDK:java.base,N/A,false,FieldAccessExpr,java.io.File,separator,C:\Users\tyin363\Documents\repos\DSpace__DSpace\dspace-oai\src\main\java\org\dspace\xoai\services\impl\cache\DSpaceXOAICacheService.java,37
,,false,MethodCallExpr,org.dspace.xoai.services.api.xoai.ItemRepositoryResolver,getItemRepository,C:\Users\tyin363\Documents\repos\DSpace__DSpace\dspace-oai\src\main\java\org\dspace\xoai\controller\DSpaceOAIDataProvider.java,106
org.dspace:xoai,3.4.1,false,ClassOrInterfaceType,com.lyncode.xoai.dataprovider.filter.ScopedFilter,ScopedFilter,C:\Users\tyin363\Documents\repos\DSpace__DSpace\dspace-oai\src\main\java\org\dspace\xoai\services\impl\solr\DSpaceSolrQueryResolver.java,28
JDK:java.base,N/A,false,ClassOrInterfaceType,java.lang.String,String,C:\Users\tyin363\Documents\repos\DSpace__DSpace\dspace-oai\src\main\java\org\dspace\xoai\services\impl\xoai\DSpaceRepositoryConfiguration.java,79
org.dspace:xoai,3.4.1,false,ClassOrInterfaceType,com.lyncode.xoai.dataprovider.xml.xoaiconfig.parameters.ParameterValue,ParameterValue,C:\Users\tyin363\Documents\repos\DSpace__DSpace\dspace-oai\src\main\java\org\dspace\xoai\filter\DSpaceMetadataExistsFilter.java,38
,,false,ClassOrInterfaceType,org.dspace.xoai.services.impl.xoai.DSpaceItemSolrRepository.QueryResult,QueryResult,C:\Users\tyin363\Documents\repos\DSpace__DSpace\dspace-oai\src\main\java\org\dspace\xoai\services\impl\xoai\DSpaceItemSolrRepository.java,103
org.apache.logging.log4j:log4j-api,2.25.1,false,MethodCallExpr,org.apache.logging.log4j.Logger,error,C:\Users\tyin363\Documents\repos\DSpace__DSpace\dspace-oai\src\main\java\org\dspace\xoai\services\impl\xoai\DSpaceSetRepository.java,55
,,false,ClassOrInterfaceType,org.dspace.xoai.filter.DSpaceFilter,DSpaceFilter,C:\Users\tyin363\Documents\repos\DSpace__DSpace\dspace-oai\src\main\java\org\dspace\xoai\services\impl\xoai\BaseDSpaceFilterResolver.java,52
JDK:java.base,N/A,false,FieldAccessExpr,java.nio.charset.StandardCharsets,UTF_8,C:\Users\tyin363\Documents\repos\DSpace__DSpace\dspace-oai\src\main\java\org\dspace\xoai\services\impl\xoai\DSpaceRepositoryConfiguration.java,169
JDK:java.base,N/A,false,MethodCallExpr,java.util.List,add,C:\Users\tyin363\Documents\repos\DSpace__DSpace\dspace-oai\src\main\java\org\dspace\xoai\util\ItemUtils.java,199
org.dspace:xoai,3.4.1,false,MethodCallExpr,com.lyncode.xoai.dataprovider.xml.xoaiconfig.parameters.ParameterMap,get,C:\Users\tyin363\Documents\repos\DSpace__DSpace\dspace-oai\src\main\java\org\dspace\xoai\filter\DSpaceAtLeastOneMetadataFilter.java,41
,,false,ClassOrInterfaceType,org.dspace.xoai.services.api.xoai.SetRepositoryResolver,SetRepositoryResolver,C:\Users\tyin363\Documents\repos\DSpace__DSpace\dspace-oai\src\main\java\org\dspace\xoai\app\BasicConfiguration.java,122
JDK:java.base,N/A,false,MethodCallExpr,java.util.List,add,C:\Users\tyin363\Documents\repos\DSpace__DSpace\dspace-oai\src\main\java\org\dspace\xoai\util\ItemUtils.java,331
org.dspace:xoai,3.4.1,false,MethodCallExpr,com.lyncode.xoai.dataprovider.xml.xoai.Metadata,write,C:\Users\tyin363\Documents\repos\DSpace__DSpace\dspace-oai\src\main\java\org\dspace\xoai\app\XOAI.java,504
JDK:java.base,N/A,false,ClassOrInterfaceType,java.lang.String,String,C:\Users\tyin363\Documents\repos\DSpace__DSpace\dspace-oai\src\main\java\org\dspace\xoai\services\api\cache\XOAICacheService.java,23
org.springframework:spring-context,6.2.9,true,ClassOrInterfaceType,org.springframework.ui.Model,Model,C:\Users\tyin363\Documents\repos\DSpace__DSpace\dspace-oai\src\main\java\org\dspace\xoai\controller\DSpaceOAIDataProvider.java,94
JDK:java.base,N/A,false,MethodCallExpr,java.lang.Throwable,getMessage,C:\Users\tyin363\Documents\repos\DSpace__DSpace\dspace-oai\src\main\java\org\dspace\xoai\services\impl\xoai\DSpaceRepositoryConfiguration.java,109
,,false,ClassOrInterfaceType,org.dspace.xoai.services.api.context.ContextService,ContextService,C:\Users\tyin363\Documents\repos\DSpace__DSpace\dspace-oai\src\main\java\org\dspace\xoai\controller\DSpaceOAIDataProvider.java,63
JDK:java.base,N/A,false,ClassOrInterfaceType,javax.xml.stream.XMLStreamException,XMLStreamException,C:\Users\tyin363\Documents\repos\DSpace__DSpace\dspace-oai\src\main\java\org\dspace\xoai\services\impl\cache\DSpaceXOAIItemCacheService.java,89
JDK:java.base,N/A,false,ObjectCreationExpr,java.util.ArrayList,ArrayList,C:\Users\tyin363\Documents\repos\DSpace__DSpace\dspace-oai\src\main\java\org\dspace\xoai\data\DSpaceItem.java,33
org.dspace:xoai,3.4.1,false,ClassOrInterfaceType,com.lyncode.xoai.dataprovider.data.Item,Item,C:\Users\tyin363\Documents\repos\DSpace__DSpace\dspace-oai\src\main\java\org\dspace\xoai\services\impl\xoai\DSpaceItemSolrRepository.java,105
,,false,MethodCallExpr,org.dspace.xoai.util.ItemUtils,createValue,C:\Users\tyin363\Documents\repos\DSpace__DSpace\dspace-oai\src\main\java\org\dspace\xoai\util\ItemUtils.java,157
,,false,ClassOrInterfaceType,org.dspace.xoai.services.api.xoai.SetRepositoryResolver,SetRepositoryResolver,C:\Users\tyin363\Documents\repos\DSpace__DSpace\dspace-oai\src\main\java\org\dspace\xoai\controller\DSpaceOAIDataProvider.java,71
org.springframework:spring-web,6.2.9,true,MethodCallExpr,org.springframework.web.context.request.ServletRequestAttributes,getRequest,C:\Users\tyin363\Documents\repos\DSpace__DSpace\dspace-oai\src\main\java\org\dspace\xoai\services\impl\xoai\DSpaceRepositoryConfiguration.java,73
,,false,ClassOrInterfaceType,org.dspace.xoai.services.api.context.ContextServiceException,ContextServiceException,C:\Users\tyin363\Documents\repos\DSpace__DSpace\dspace-oai\src\main\java\org\dspace\xoai\services\impl\context\DSpaceContextService.java,21
JDK:java.base,N/A,false,ClassOrInterfaceType,java.time.Instant,Instant,C:\Users\tyin363\Documents\repos\DSpace__DSpace\dspace-oai\src\main\java\org\dspace\xoai\data\DSpaceSolrItem.java,31
JDK:java.base,N/A,false,MethodCallExpr,java.util.List,get,C:\Users\tyin363\Documents\repos\DSpace__DSpace\dspace-oai\src\main\java\org\dspace\xoai\data\DSpaceItem.java,46
JDK:java.base,N/A,false,ClassOrInterfaceType,java.io.IOException,IOException,C:\Users\tyin363\Documents\repos\DSpace__DSpace\dspace-oai\src\main\java\org\dspace\xoai\services\impl\cache\DSpaceXOAIItemCacheService.java,71
JDK:java.base,N/A,false,ClassOrInterfaceType,java.lang.String,String,C:\Users\tyin363\Documents\repos\DSpace__DSpace\dspace-oai\src\main\java\org\dspace\xoai\services\impl\config\DSpaceConfigurationService.java,37
JDK:java.base,N/A,false,ClassOrInterfaceType,java.sql.SQLException,SQLException,C:\Users\tyin363\Documents\repos\DSpace__DSpace\dspace-oai\src\main\java\org\dspace\xoai\util\ItemUtils.java,100
org.dspace:xoai,3.4.1,false,ObjectCreationExpr,com.lyncode.xoai.dataprovider.core.ResumptionToken,ResumptionToken,C:\Users\tyin363\Documents\repos\DSpace__DSpace\dspace-oai\src\main\java\org\dspace\xoai\services\impl\xoai\DSpaceResumptionTokenFormatter.java,29
,,false,MethodCallExpr,org.dspace.xoai.services.impl.xoai.DSpaceItemRepository,getDateUntilFilter,C:\Users\tyin363\Documents\repos\DSpace__DSpace\dspace-oai\src\main\java\org\dspace\xoai\services\impl\xoai\DSpaceItemRepository.java,85
JDK:java.base,N/A,false,ClassOrInterfaceType,java.util.List,List,C:\Users\tyin363\Documents\repos\DSpace__DSpace\dspace-oai\src\main\java\org\dspace\xoai\services\impl\xoai\DSpaceItemRepository.java,143
,,false,MethodCallExpr,org.dspace.xoai.util.ItemUtils,createValue,C:\Users\tyin363\Documents\repos\DSpace__DSpace\dspace-oai\src\main\java\org\dspace\xoai\util\ItemUtils.java,158
org.springframework:spring-context,6.2.9,true,MethodCallExpr,org.springframework.context.support.AbstractApplicationContext,getBean,C:\Users\tyin363\Documents\repos\DSpace__DSpace\dspace-oai\src\main\java\org\dspace\xoai\app\XOAI.java,592
JDK:java.base,N/A,false,ObjectCreationExpr,java.io.File,File,C:\Users\tyin363\Documents\repos\DSpace__DSpace\dspace-oai\src\main\java\org\dspace\xoai\services\impl\resources\DSpaceResourceResolver.java,39
,,false,MethodCallExpr,org.dspace.xoai.app.XOAI,cleanCache,C:\Users\tyin363\Documents\repos\DSpace__DSpace\dspace-oai\src\main\java\org\dspace\xoai\app\XOAI.java,654
JDK:java.base,N/A,false,MethodCallExpr,java.lang.String,replace,C:\Users\tyin363\Documents\repos\DSpace__DSpace\dspace-oai\src\main\java\org\dspace\xoai\services\impl\set\DSpaceSetSpecResolver.java,87
org.dspace:xoai,3.4.1,false,ClassOrInterfaceType,com.lyncode.xoai.dataprovider.filter.ScopedFilter,ScopedFilter,C:\Users\tyin363\Documents\repos\DSpace__DSpace\dspace-oai\src\main\java\org\dspace\xoai\services\impl\xoai\DSpaceItemRepository.java,115
,,false,ObjectCreationExpr,org.dspace.xoai.solr.exceptions.SolrSearchEmptyException,SolrSearchEmptyException,C:\Users\tyin363\Documents\repos\DSpace__DSpace\dspace-oai\src\main\java\org\dspace\xoai\solr\DSpaceSolrSearch.java,52
JDK:java.base,N/A,false,ClassOrInterfaceType,java.lang.String,String,C:\Users\tyin363\Documents\repos\DSpace__DSpace\dspace-oai\src\main\java\org\dspace\xoai\filter\SolrFilterResult.java,26
JDK:java.base,N/A,false,MethodCallExpr,java.util.List,get,C:\Users\tyin363\Documents\repos\DSpace__DSpace\dspace-oai\src\main\java\org\dspace\xoai\data\DSpaceItem.java,45
JDK:java.base,N/A,false,MethodCallExpr,java.util.regex.Pattern,quote,C:\Users\tyin363\Documents\repos\DSpace__DSpace\dspace-oai\src\main\java\org\dspace\xoai\data\DSpaceItem.java,80
JDK:java.base,N/A,false,ClassOrInterfaceType,java.lang.String,String,C:\Users\tyin363\Documents\repos\DSpace__DSpace\dspace-oai\src\main\java\org\dspace\xoai\filter\DSpaceAtLeastOneMetadataFilter.java,46
JDK:java.base,N/A,false,ClassOrInterfaceType,java.lang.String,String,C:\Users\tyin363\Documents\repos\DSpace__DSpace\dspace-oai\src\main\java\org\dspace\xoai\app\OAISpringLoader.java,24
JDK:java.base,N/A,false,ClassOrInterfaceType,java.lang.String,String,C:\Users\tyin363\Documents\repos\DSpace__DSpace\dspace-oai\src\main\java\org\dspace\xoai\services\impl\xoai\DSpaceResumptionTokenFormatter.java,52
,,false,ClassOrInterfaceType,org.dspace.xoai.filter.results.SolrFilterResult,SolrFilterResult,C:\Users\tyin363\Documents\repos\DSpace__DSpace\dspace-oai\src\main\java\org\dspace\xoai\filter\DSpaceAuthorizationFilter.java,60
org.springframework:spring-webmvc,6.2.9,false,MethodCallExpr,org.springframework.web.servlet.config.annotation.ResourceHandlerRegistry,addResourceHandler,C:\Users\tyin363\Documents\repos\DSpace__DSpace\dspace-oai\src\main\java\org\dspace\app\configuration\OAIWebConfig.java,59
,,false,ClassOrInterfaceType,org.dspace.xoai.services.impl.resources.DSpaceResourceResolver,DSpaceResourceResolver,C:\Users\tyin363\Documents\repos\DSpace__DSpace\dspace-oai\src\main\java\org\dspace\xoai\app\BasicConfiguration.java,103
org.dspace:xoai,3.4.1,false,ClassOrInterfaceType,com.lyncode.xoai.dataprovider.xml.xoaiconfig.parameters.ParameterList,ParameterList,C:\Users\tyin363\Documents\repos\DSpace__DSpace\dspace-oai\src\main\java\org\dspace\xoai\filter\DSpaceAtLeastOneMetadataFilter.java,56
JDK:java.base,N/A,false,MethodCallExpr,java.util.List,add,C:\Users\tyin363\Documents\repos\DSpace__DSpace\dspace-oai\src\main\java\org\dspace\xoai\util\ItemUtils.java,205
,,false,ClassOrInterfaceType,org.dspace.xoai.solr.exceptions.DSpaceSolrException,DSpaceSolrException,C:\Users\tyin363\Documents\repos\DSpace__DSpace\dspace-oai\src\main\java\org\dspace\xoai\solr\DSpaceSolrSearch.java,40
JDK:java.base,N/A,false,MethodCallExpr,javax.xml.stream.XMLStreamWriter,flush,C:\Users\tyin363\Documents\repos\DSpace__DSpace\dspace-oai\src\main\java\org\dspace\xoai\services\impl\cache\DSpaceXOAICacheService.java,106
JDK:java.base,N/A,false,ClassOrInterfaceType,java.lang.String,String,C:\Users\tyin363\Documents\repos\DSpace__DSpace\dspace-oai\src\main\java\org\dspace\xoai\data\DSpaceItem.java,28
,,false,MethodCallExpr,com.lyncode.xoai.dataprovider.xml.xoai.Element.Field,setValue,C:\Users\tyin363\Documents\repos\DSpace__DSpace\dspace-oai\src\main\java\org\dspace\xoai\util\ItemUtils.java,95
,,false,ClassOrInterfaceType,org.dspace.xoai.filter.results.SolrFilterResult,SolrFilterResult,C:\Users\tyin363\Documents\repos\DSpace__DSpace\dspace-oai\src\main\java\org\dspace\xoai\filter\DateUntilFilter.java,47
org.dspace:xoai,3.4.1,false,ClassOrInterfaceType,com.lyncode.xoai.dataprovider.xml.xoai.Element,Element,C:\Users\tyin363\Documents\repos\DSpace__DSpace\dspace-oai\src\main\java\org\dspace\xoai\util\ItemUtils.java,258
,,false,ClassOrInterfaceType,org.dspace.xoai.exceptions.InvalidSetSpecException,InvalidSetSpecException,C:\Users\tyin363\Documents\repos\DSpace__DSpace\dspace-oai\src\main\java\org\dspace\xoai\services\impl\set\DSpaceSetSpecResolver.java,51
,,false,MethodCallExpr,org.dspace.xoai.filter.DSpaceFilter,setConfiguration,C:\Users\tyin363\Documents\repos\DSpace__DSpace\dspace-oai\src\main\java\org\dspace\xoai\services\impl\xoai\BaseDSpaceFilterResolver.java,78
JDK:java.base,N/A,false,ClassOrInterfaceType,java.time.Instant,Instant,C:\Users\tyin363\Documents\repos\DSpace__DSpace\dspace-oai\src\main\java\org\dspace\xoai\util\DateUtils.java,67
JDK:java.base,N/A,false,ClassOrInterfaceType,java.lang.String,String,C:\Users\tyin363\Documents\repos\DSpace__DSpace\dspace-oai\src\main\java\org\dspace\xoai\services\impl\xoai\DSpaceResumptionTokenFormatter.java,51
org.dspace:xoai,3.4.1,false,ObjectCreationExpr,com.lyncode.xoai.dataprovider.core.ReferenceSet,ReferenceSet,C:\Users\tyin363\Documents\repos\DSpace__DSpace\dspace-oai\src\main\java\org\dspace\xoai\data\DSpaceSolrItem.java,47
JDK:java.base,N/A,false,MethodCallExpr,java.util.List,add,C:\Users\tyin363\Documents\repos\DSpace__DSpace\dspace-oai\src\main\java\org\dspace\xoai\services\impl\xoai\DSpaceItemRepository.java,125
,,false,ClassOrInterfaceType,org.dspace.xoai.services.api.HandleResolver,HandleResolver,C:\Users\tyin363\Documents\repos\DSpace__DSpace\dspace-oai\src\main\java\org\dspace\xoai\services\impl\xoai\DSpaceItemSolrRepository.java,48
,,false,ClassOrInterfaceType,org.dspace.xoai.app.BasicConfiguration,BasicConfiguration,C:\Users\tyin363\Documents\repos\DSpace__DSpace\dspace-oai\src\main\java\org\dspace\xoai\app\BasicConfiguration.java,52
JDK:java.base,N/A,false,ClassOrInterfaceType,java.sql.SQLException,SQLException,C:\Users\tyin363\Documents\repos\DSpace__DSpace\dspace-oai\src\main\java\org\dspace\xoai\app\XOAI.java,371
org.dspace:xoai,3.4.1,false,MethodCallExpr,com.lyncode.xoai.dataprovider.xml.xoaiconfig.parameters.ParameterValue,asSimpleType,C:\Users\tyin363\Documents\repos\DSpace__DSpace\dspace-oai\src\main\java\org\dspace\xoai\filter\DSpaceAtLeastOneMetadataFilter.java,74
org.dspace:xoai,3.4.1,false,ClassOrInterfaceType,com.lyncode.xoai.dataprovider.services.impl.BaseDateProvider,BaseDateProvider,C:\Users\tyin363\Documents\repos\DSpace__DSpace\dspace-oai\src\main\java\org\dspace\xoai\filter\DateUntilFilter.java,23
JDK:java.base,N/A,false,ClassOrInterfaceType,java.io.IOException,IOException,C:\Users\tyin363\Documents\repos\DSpace__DSpace\dspace-oai\src\main\java\org\dspace\xoai\solr\DSpaceSolrSearch.java,34
JDK:java.base,N/A,false,ClassOrInterfaceType,java.sql.SQLException,SQLException,C:\Users\tyin363\Documents\repos\DSpace__DSpace\dspace-oai\src\main\java\org\dspace\xoai\services\api\CollectionsService.java,27
org.dspace:xoai,3.4.1,false,ClassOrInterfaceType,com.lyncode.xoai.dataprovider.filter.ScopedFilter,ScopedFilter,C:\Users\tyin363\Documents\repos\DSpace__DSpace\dspace-oai\src\main\java\org\dspace\xoai\services\impl\xoai\DSpaceItemRepository.java,109
org.dspace:xoai,3.4.1,false,MethodCallExpr,com.lyncode.xoai.dataprovider.xml.xoaiconfig.Configuration,readConfiguration,C:\Users\tyin363\Documents\repos\DSpace__DSpace\dspace-oai\src\main\java\org\dspace\xoai\services\impl\context\DSpaceXOAIManagerResolver.java,33
,,false,MethodCallExpr,org.dspace.xoai.services.impl.xoai.BaseDSpaceFilterResolver,getFilter,C:\Users\tyin363\Documents\repos\DSpace__DSpace\dspace-oai\src\main\java\org\dspace\xoai\services\impl\xoai\BaseDSpaceFilterResolver.java,99
,,false,ObjectCreationExpr,org.dspace.xoai.services.impl.cache.DSpaceXOAIItemCacheService,DSpaceXOAIItemCacheService,C:\Users\tyin363\Documents\repos\DSpace__DSpace\dspace-oai\src\main\java\org\dspace\xoai\app\BasicConfiguration.java,97
JDK:java.base,N/A,false,ClassOrInterfaceType,java.lang.String,String,C:\Users\tyin363\Documents\repos\DSpace__DSpace\dspace-oai\src\main\java\org\dspace\xoai\services\api\cache\XOAICacheService.java,19
JDK:java.base,N/A,false,ClassOrInterfaceType,java.lang.String,String,C:\Users\tyin363\Documents\repos\DSpace__DSpace\dspace-oai\src\main\java\org\dspace\xoai\services\impl\config\DSpaceConfigurationService.java,42
JDK:java.base,N/A,false,MethodCallExpr,java.util.List,add,C:\Users\tyin363\Documents\repos\DSpace__DSpace\dspace-oai\src\main\java\org\dspace\xoai\services\impl\xoai\DSpaceItemRepository.java,126
JDK:java.base,N/A,false,MethodCallExpr,java.lang.String,replace,C:\Users\tyin363\Documents\repos\DSpace__DSpace\dspace-oai\src\main\java\org\dspace\xoai\services\impl\xoai\DSpaceSetRepository.java,172
JDK:java.base,N/A,false,ClassOrInterfaceType,java.lang.String,String,C:\Users\tyin363\Documents\repos\DSpace__DSpace\dspace-oai\src\main\java\org\dspace\xoai\services\impl\resources\DSpaceResourceResolver.java,29
JDK:java.base,N/A,false,MethodCallExpr,java.time.Instant,now,C:\Users\tyin363\Documents\repos\DSpace__DSpace\dspace-oai\src\main\java\org\dspace\xoai\app\XOAI.java,178
JDK:java.base,N/A,false,ClassOrInterfaceType,java.io.OutputStream,OutputStream,C:\Users\tyin363\Documents\repos\DSpace__DSpace\dspace-oai\src\main\java\org\dspace\xoai\services\impl\cache\DSpaceEmptyCacheService.java,28
,,false,MethodCallExpr,org.dspace.xoai.util.ItemUtils,createValue,C:\Users\tyin363\Documents\repos\DSpace__DSpace\dspace-oai\src\main\java\org\dspace\xoai\util\ItemUtils.java,161
,,false,MethodCallExpr,org.dspace.xoai.services.impl.xoai.DSpaceItemRepository,getDateFromCondition,C:\Users\tyin363\Documents\repos\DSpace__DSpace\dspace-oai\src\main\java\org\dspace\xoai\services\impl\xoai\DSpaceItemRepository.java,65
JDK:java.base,N/A,false,ClassOrInterfaceType,java.util.ArrayList,ArrayList,C:\Users\tyin363\Documents\repos\DSpace__DSpace\dspace-oai\src\main\java\org\dspace\xoai\services\impl\xoai\DSpaceItemSolrRepository.java,87
,,false,ObjectCreationExpr,org.dspace.xoai.solr.exceptions.DSpaceSolrIndexerException,DSpaceSolrIndexerException,C:\Users\tyin363\Documents\repos\DSpace__DSpace\dspace-oai\src\main\java\org\dspace\xoai\app\XOAI.java,200
JDK:java.base,N/A,false,MethodCallExpr,java.util.Date,toInstant,C:\Users\tyin363\Documents\repos\DSpace__DSpace\dspace-oai\src\main\java\org\dspace\xoai\services\impl\xoai\DSpaceItemRepository.java,76
,,false,ClassOrInterfaceType,org.dspace.xoai.filter.results.SolrFilterResult,SolrFilterResult,C:\Users\tyin363\Documents\repos\DSpace__DSpace\dspace-oai\src\main\java\org\dspace\xoai\filter\DSpaceAuthorizationFilter.java,59
JDK:java.base,N/A,false,MethodCallExpr,java.util.List,add,C:\Users\tyin363\Documents\repos\DSpace__DSpace\dspace-oai\src\main\java\org\dspace\xoai\util\ItemUtils.java,202
,,false,MethodCallExpr,org.dspace.xoai.services.impl.xoai.DSpaceItemSolrRepository,retrieveItems,C:\Users\tyin363\Documents\repos\DSpace__DSpace\dspace-oai\src\main\java\org\dspace\xoai\services\impl\xoai\DSpaceItemSolrRepository.java,95
org.dspace:xoai,3.4.1,false,MethodCallExpr,com.lyncode.xoai.dataprovider.core.XOAIManager,getContextManager,C:\Users\tyin363\Documents\repos\DSpace__DSpace\dspace-oai\src\main\java\org\dspace\xoai\controller\DSpaceOAIDataProvider.java,84
,,false,ClassOrInterfaceType,org.dspace.xoai.services.impl.solr.DSpaceSolrServerResolver,DSpaceSolrServerResolver,C:\Users\tyin363\Documents\repos\DSpace__DSpace\dspace-oai\src\main\java\org\dspace\xoai\app\BasicConfiguration.java,67
JDK:java.base,N/A,false,ClassOrInterfaceType,java.io.IOException,IOException,C:\Users\tyin363\Documents\repos\DSpace__DSpace\dspace-oai\src\main\java\org\dspace\xoai\app\XOAI.java,329
org.dspace:xoai,3.4.1,false,MethodCallExpr,com.lyncode.xoai.dataprovider.services.api.ItemRepository,getItems,C:\Users\tyin363\Documents\repos\DSpace__DSpace\dspace-oai\src\main\java\org\dspace\xoai\services\impl\xoai\DSpaceItemRepository.java,155
,,false,MethodCallExpr,org.dspace.xoai.services.impl.xoai.DSpaceItemRepository,getDSpaceSetSpecFilter,C:\Users\tyin363\Documents\repos\DSpace__DSpace\dspace-oai\src\main\java\org\dspace\xoai\services\impl\xoai\DSpaceItemRepository.java,49
org.apache.logging.log4j:log4j-api,2.25.1,false,MethodCallExpr,org.apache.logging.log4j.Logger,debug,C:\Users\tyin363\Documents\repos\DSpace__DSpace\dspace-oai\src\main\java\org\dspace\xoai\data\DSpaceSolrItem.java,36
,,false,ClassOrInterfaceType,org.dspace.xoai.services.api.EarliestDateResolver,EarliestDateResolver,C:\Users\tyin363\Documents\repos\DSpace__DSpace\dspace-oai\src\main\java\org\dspace\xoai\services\impl\DSpaceEarliestDateResolver.java,25
jakarta.servlet:jakarta.servlet-api,6.1.0,false,FieldAccessExpr,jakarta.servlet.http.HttpServletResponse,SC_INTERNAL_SERVER_ERROR,C:\Users\tyin363\Documents\repos\DSpace__DSpace\dspace-oai\src\main\java\org\dspace\xoai\controller\DSpaceOAIDataProvider.java,139
JDK:java.base,N/A,false,ClassOrInterfaceType,java.sql.SQLException,SQLException,C:\Users\tyin363\Documents\repos\DSpace__DSpace\dspace-oai\src\main\java\org\dspace\xoai\services\api\CollectionsService.java,25
jakarta.servlet:jakarta.servlet-api,6.1.0,false,MethodCallExpr,jakarta.servlet.ServletRequest,getAttribute,C:\Users\tyin363\Documents\repos\DSpace__DSpace\dspace-oai\src\main\java\org\dspace\xoai\services\impl\context\DSpaceContextService.java,28
JDK:java.base,N/A,false,ClassOrInterfaceType,java.util.Map,Map,C:\Users\tyin363\Documents\repos\DSpace__DSpace\dspace-oai\src\main\java\org\dspace\xoai\services\impl\MetadataFieldCache.java,23
,,false,ClassOrInterfaceType,org.dspace.xoai.filter.results.SolrFilterResult,SolrFilterResult,C:\Users\tyin363\Documents\repos\DSpace__DSpace\dspace-oai\src\main\java\org\dspace\xoai\filter\DSpaceSetSpecFilter.java,57
org.dspace:xoai,3.4.1,false,ObjectCreationExpr,com.lyncode.xoai.dataprovider.exceptions.IdDoesNotExistException,IdDoesNotExistException,C:\Users\tyin363\Documents\repos\DSpace__DSpace\dspace-oai\src\main\java\org\dspace\xoai\services\impl\xoai\DSpaceItemSolrRepository.java,68
,,false,ClassOrInterfaceType,org.dspace.xoai.filter.DSpaceFilter,DSpaceFilter,C:\Users\tyin363\Documents\repos\DSpace__DSpace\dspace-oai\src\main\java\org\dspace\xoai\services\impl\xoai\BaseDSpaceFilterResolver.java,58
org.apache.logging.log4j:log4j-api,2.25.1,false,MethodCallExpr,org.apache.logging.log4j.Logger,error,C:\Users\tyin363\Documents\repos\DSpace__DSpace\dspace-oai\src\main\java\org\dspace\xoai\util\DateUtils.java,92
org.springframework:spring-context,6.2.9,true,ClassOrInterfaceType,org.springframework.context.annotation.AnnotationConfigApplicationContext,AnnotationConfigApplicationContext,C:\Users\tyin363\Documents\repos\DSpace__DSpace\dspace-oai\src\main\java\org\dspace\xoai\app\XOAI.java,588
,,false,ClassOrInterfaceType,org.dspace.xoai.services.api.solr.SolrServerResolver,SolrServerResolver,C:\Users\tyin363\Documents\repos\DSpace__DSpace\dspace-oai\src\main\java\org\dspace\xoai\services\impl\xoai\DSpaceItemRepositoryResolver.java,28
JDK:java.base,N/A,false,ClassOrInterfaceType,java.lang.String,String,C:\Users\tyin363\Documents\repos\DSpace__DSpace\dspace-oai\src\main\java\org\dspace\xoai\filter\DSpaceMetadataExistsFilter.java,59
JDK:java.base,N/A,false,MethodCallExpr,java.util.Date,toInstant,C:\Users\tyin363\Documents\repos\DSpace__DSpace\dspace-oai\src\main\java\org\dspace\xoai\services\impl\xoai\DSpaceItemRepository.java,75
,,false,ClassOrInterfaceType,org.dspace.xoai.exceptions.CompilingException,CompilingException,C:\Users\tyin363\Documents\repos\DSpace__DSpace\dspace-oai\src\main\java\org\dspace\xoai\app\XOAI.java,680
org.dspace:xoai,3.4.1,false,ClassOrInterfaceType,com.lyncode.xoai.dataprovider.filter.ScopedFilter,ScopedFilter,C:\Users\tyin363\Documents\repos\DSpace__DSpace\dspace-oai\src\main\java\org\dspace\xoai\services\impl\solr\DSpaceSolrQueryResolver.java,26
JDK:java.base,N/A,false,ClassOrInterfaceType,java.lang.Exception,Exception,C:\Users\tyin363\Documents\repos\DSpace__DSpace\dspace-oai\src\main\java\org\dspace\xoai\solr\DSpaceSolrServer.java,48
JDK:java.base,N/A,false,ClassOrInterfaceType,java.time.Instant,Instant,C:\Users\tyin363\Documents\repos\DSpace__DSpace\dspace-oai\src\main\java\org\dspace\xoai\app\XOAI.java,388
,,false,MethodCallExpr,org.dspace.xoai.util.ItemUtils,create,C:\Users\tyin363\Documents\repos\DSpace__DSpace\dspace-oai\src\main\java\org\dspace\xoai\util\ItemUtils.java,111
JDK:java.base,N/A,false,ClassOrInterfaceType,java.util.List,List,C:\Users\tyin363\Documents\repos\DSpace__DSpace\dspace-oai\src\main\java\org\dspace\xoai\util\ItemUtils.java,77
org.dspace:xoai,3.4.1,false,ClassOrInterfaceType,com.lyncode.xoai.dataprovider.filter.conditions.AndCondition,AndCondition,C:\Users\tyin363\Documents\repos\DSpace__DSpace\dspace-oai\src\main\java\org\dspace\xoai\services\impl\xoai\BaseDSpaceFilterResolver.java,42
org.apache.logging.log4j:log4j-api,2.25.1,false,MethodCallExpr,org.apache.logging.log4j.Logger,error,C:\Users\tyin363\Documents\repos\DSpace__DSpace\dspace-oai\src\main\java\org\dspace\xoai\services\impl\xoai\DSpaceSetRepository.java,178
,,false,ClassOrInterfaceType,org.dspace.xoai.services.impl.xoai.DSpaceItemSolrRepository.QueryResult,QueryResult,C:\Users\tyin363\Documents\repos\DSpace__DSpace\dspace-oai\src\main\java\org\dspace\xoai\services\impl\xoai\DSpaceItemSolrRepository.java,95
JDK:java.base,N/A,false,ClassOrInterfaceType,java.util.Date,Date,C:\Users\tyin363\Documents\repos\DSpace__DSpace\dspace-oai\src\main\java\org\dspace\xoai\services\impl\xoai\DSpaceItemRepository.java,101
org.apache.logging.log4j:log4j-api,2.25.1,false,MethodCallExpr,org.apache.logging.log4j.Logger,error,C:\Users\tyin363\Documents\repos\DSpace__DSpace\dspace-oai\src\main\java\org\dspace\xoai\app\BasicConfiguration.java,82
,,false,ClassOrInterfaceType,org.dspace.xoai.filter.results.SolrFilterResult,SolrFilterResult,C:\Users\tyin363\Documents\repos\DSpace__DSpace\dspace-oai\src\main\java\org\dspace\xoai\filter\DSpaceSetSpecFilter.java,63
org.dspace:xoai,3.4.1,false,ClassOrInterfaceType,com.lyncode.xoai.dataprovider.exceptions.OAIException,OAIException,C:\Users\tyin363\Documents\repos\DSpace__DSpace\dspace-oai\src\main\java\org\dspace\xoai\services\impl\xoai\DSpaceItemRepository.java,144
org.dspace:xoai,3.4.1,false,MethodCallExpr,com.lyncode.xoai.dataprovider.core.ResumptionToken,getOffset,C:\Users\tyin363\Documents\repos\DSpace__DSpace\dspace-oai\src\main\java\org\dspace\xoai\services\impl\xoai\DSpaceResumptionTokenFormatter.java,69
org.dspace:xoai,3.4.1,false,ClassOrInterfaceType,com.lyncode.xoai.dataprovider.services.api.DateProvider,DateProvider,C:\Users\tyin363\Documents\repos\DSpace__DSpace\dspace-oai\src\main\java\org\dspace\xoai\filter\DateFromFilter.java,23
org.dspace:xoai,3.4.1,false,MethodCallExpr,com.lyncode.xoai.dataprovider.xml.xoai.Element,getField,C:\Users\tyin363\Documents\repos\DSpace__DSpace\dspace-oai\src\main\java\org\dspace\xoai\util\ItemUtils.java,195
jakarta.servlet:jakarta.servlet-api,6.1.0,false,MethodCallExpr,jakarta.servlet.http.HttpServletResponse,sendError,C:\Users\tyin363\Documents\repos\DSpace__DSpace\dspace-oai\src\main\java\org\dspace\xoai\controller\DSpaceOAIDataProvider.java,139
,,false,ClassOrInterfaceType,org.dspace.xoai.filter.results.SolrFilterResult,SolrFilterResult,C:\Users\tyin363\Documents\repos\DSpace__DSpace\dspace-oai\src\main\java\org\dspace\xoai\filter\NotFilter.java,21
,,false,ClassOrInterfaceType,org.dspace.xoai.data.DSpaceItem,DSpaceItem,C:\Users\tyin363\Documents\repos\DSpace__DSpace\dspace-oai\src\main\java\org\dspace\xoai\data\DSpaceSolrItem.java,24
,,false,MethodCallExpr,org.dspace.xoai.app.XOAI,getKnownExplanation,C:\Users\tyin363\Documents\repos\DSpace__DSpace\dspace-oai\src\main\java\org\dspace\xoai\app\XOAI.java,554
JDK:java.base,N/A,false,ClassOrInterfaceType,java.lang.String,String,C:\Users\tyin363\Documents\repos\DSpace__DSpace\dspace-oai\src\main\java\org\dspace\xoai\services\impl\xoai\DSpaceRepositoryConfiguration.java,72
,,false,ClassOrInterfaceType,org.dspace.xoai.services.impl.DSpaceEarliestDateResolver,DSpaceEarliestDateResolver,C:\Users\tyin363\Documents\repos\DSpace__DSpace\dspace-oai\src\main\java\org\dspace\xoai\app\BasicConfiguration.java,113
,,false,ClassOrInterfaceType,org.dspace.xoai.services.api.config.ConfigurationService,ConfigurationService,C:\Users\tyin363\Documents\repos\DSpace__DSpace\dspace-oai\src\main\java\org\dspace\xoai\services\impl\set\DSpaceSetSpecResolver.java,34
,,false,ClassOrInterfaceType,org.dspace.xoai.services.api.solr.SolrServerResolver,SolrServerResolver,C:\Users\tyin363\Documents\repos\DSpace__DSpace\dspace-oai\src\main\java\org\dspace\xoai\app\BasicConfiguration.java,66
JDK:java.base,N/A,false,MethodCallExpr,java.time.LocalDate,now,C:\Users\tyin363\Documents\repos\DSpace__DSpace\dspace-oai\src\main\java\org\dspace\xoai\app\XOAI.java,523
jakarta.servlet:jakarta.servlet-api,6.1.0,false,ClassOrInterfaceType,jakarta.servlet.http.HttpServletRequest,HttpServletRequest,C:\Users\tyin363\Documents\repos\DSpace__DSpace\dspace-oai\src\main\java\org\dspace\xoai\services\impl\context\DSpaceContextService.java,22
JDK:java.base,N/A,false,ClassOrInterfaceType,java.time.Instant,Instant,C:\Users\tyin363\Documents\repos\DSpace__DSpace\dspace-oai\src\main\java\org\dspace\xoai\app\XOAI.java,389
JDK:java.base,N/A,false,ObjectCreationExpr,java.util.ArrayList,ArrayList,C:\Users\tyin363\Documents\repos\DSpace__DSpace\dspace-oai\src\main\java\org\dspace\xoai\filter\DSpaceMetadataExistsFilter.java,44
org.dspace:xoai,3.4.1,false,ClassOrInterfaceType,com.lyncode.xoai.dataprovider.filter.conditions.AndCondition,AndCondition,C:\Users\tyin363\Documents\repos\DSpace__DSpace\dspace-oai\src\main\java\org\dspace\xoai\services\impl\xoai\BaseDSpaceFilterResolver.java,43
JDK:java.base,N/A,false,MethodCallExpr,java.util.List,add,C:\Users\tyin363\Documents\repos\DSpace__DSpace\dspace-oai\src\main\java\org\dspace\xoai\services\impl\solr\DSpaceSolrQueryResolver.java,33
JDK:java.base,N/A,false,ClassOrInterfaceType,java.lang.String,String,C:\Users\tyin363\Documents\repos\DSpace__DSpace\dspace-oai\src\main\java\org\dspace\xoai\services\impl\cache\DSpaceXOAILastCompilationCacheService.java,32
,,false,ClassOrInterfaceType,org.dspace.xoai.services.api.context.ContextService,ContextService,C:\Users\tyin363\Documents\repos\DSpace__DSpace\dspace-oai\src\main\java\org\dspace\xoai\services\impl\context\DSpaceContextService.java,17
JDK:java.base,N/A,false,MethodCallExpr,java.io.PrintStream,println,C:\Users\tyin363\Documents\repos\DSpace__DSpace\dspace-oai\src\main\java\org\dspace\xoai\app\XOAI.java,337
JDK:java.base,N/A,false,ClassOrInterfaceType,java.lang.String,String,C:\Users\tyin363\Documents\repos\DSpace__DSpace\dspace-oai\src\main\java\org\dspace\xoai\filter\DSpaceMetadataExistsFilter.java,44
JDK:java.base,N/A,false,ClassOrInterfaceType,java.sql.SQLException,SQLException,C:\Users\tyin363\Documents\repos\DSpace__DSpace\dspace-oai\src\main\java\org\dspace\xoai\services\api\CollectionsService.java,23
,,false,ClassOrInterfaceType,org.dspace.xoai.filter.results.SolrFilterResult,SolrFilterResult,C:\Users\tyin363\Documents\repos\DSpace__DSpace\dspace-oai\src\main\java\org\dspace\xoai\filter\NotFilter.java,22
org.dspace:xoai,3.4.1,false,MethodCallExpr,com.lyncode.xoai.dataprovider.xml.xoai.Element,getField,C:\Users\tyin363\Documents\repos\DSpace__DSpace\dspace-oai\src\main\java\org\dspace\xoai\util\ItemUtils.java,194
JDK:java.base,N/A,false,ClassOrInterfaceType,java.sql.SQLException,SQLException,C:\Users\tyin363\Documents\repos\DSpace__DSpace\dspace-oai\src\main\java\org\dspace\xoai\util\ItemUtils.java,243
,,false,MethodCallExpr,org.dspace.xoai.controller.DSpaceOAIDataProvider,buildParametersMap,C:\Users\tyin363\Documents\repos\DSpace__DSpace\dspace-oai\src\main\java\org\dspace\xoai\controller\DSpaceOAIDataProvider.java,110
JDK:java.base,N/A,false,ClassOrInterfaceType,java.util.List,List,C:\Users\tyin363\Documents\repos\DSpace__DSpace\dspace-oai\src\main\java\org\dspace\xoai\filter\DSpaceMetadataExistsFilter.java,34
JDK:java.base,N/A,false,ClassOrInterfaceType,java.lang.String,String,C:\Users\tyin363\Documents\repos\DSpace__DSpace\dspace-oai\src\main\java\org\dspace\xoai\app\OAISpringLoader.java,38
,,false,ClassOrInterfaceType,org.dspace.xoai.services.impl.xoai.BaseDSpaceFilterResolver,BaseDSpaceFilterResolver,C:\Users\tyin363\Documents\repos\DSpace__DSpace\dspace-oai\src\main\java\org\dspace\xoai\services\impl\xoai\BaseDSpaceFilterResolver.java,33
org.dspace:xoai,3.4.1,false,ClassOrInterfaceType,com.lyncode.xoai.dataprovider.services.api.ResumptionTokenFormatter,ResumptionTokenFormatter,C:\Users\tyin363\Documents\repos\DSpace__DSpace\dspace-oai\src\main\java\org\dspace\xoai\services\impl\xoai\DSpaceResumptionTokenFormatter.java,18
,,false,MethodCallExpr,org.dspace.xoai.services.api.config.ConfigurationService,getProperty,C:\Users\tyin363\Documents\repos\DSpace__DSpace\dspace-oai\src\main\java\org\dspace\xoai\services\impl\xoai\DSpaceRepositoryConfiguration.java,83
,,false,ClassOrInterfaceType,org.dspace.xoai.services.api.xoai.IdentifyResolver,IdentifyResolver,C:\Users\tyin363\Documents\repos\DSpace__DSpace\dspace-oai\src\main\java\org\dspace\xoai\app\BasicConfiguration.java,127
JDK:java.base,N/A,false,ClassOrInterfaceType,java.lang.String,String,C:\Users\tyin363\Documents\repos\DSpace__DSpace\dspace-oai\src\main\java\org\dspace\xoai\filter\SolrFilterResult.java,36
JDK:java.base,N/A,false,ClassOrInterfaceType,java.lang.String,String,C:\Users\tyin363\Documents\repos\DSpace__DSpace\dspace-oai\src\main\java\org\dspace\xoai\filter\DSpaceMetadataExistsFilter.java,47
,,false,ClassOrInterfaceType,org.dspace.xoai.filter.DSpaceFilter,DSpaceFilter,C:\Users\tyin363\Documents\repos\DSpace__DSpace\dspace-oai\src\main\java\org\dspace\xoai\filter\DateFromFilter.java,22
JDK:java.base,N/A,false,MethodCallExpr,java.io.PrintStream,println,C:\Users\tyin363\Documents\repos\DSpace__DSpace\dspace-oai\src\main\java\org\dspace\xoai\app\XOAI.java,334
JDK:java.base,N/A,false,ObjectCreationExpr,java.util.ArrayList,ArrayList,C:\Users\tyin363\Documents\repos\DSpace__DSpace\dspace-oai\src\main\java\org\dspace\xoai\services\impl\DSpaceCollectionsService.java,83
,,false,MethodCallExpr,org.dspace.xoai.filter.DSpaceMetadataExistsFilter,getFields,C:\Users\tyin363\Documents\repos\DSpace__DSpace\dspace-oai\src\main\java\org\dspace\xoai\filter\DSpaceMetadataExistsFilter.java,71
org.apache.logging.log4j:log4j-api,2.25.1,false,MethodCallExpr,org.apache.logging.log4j.LogManager,getLogger,C:\Users\tyin363\Documents\repos\DSpace__DSpace\dspace-oai\src\main\java\org\dspace\xoai\data\DSpaceSolrItem.java,25
JDK:java.base,N/A,false,ClassOrInterfaceType,java.sql.SQLException,SQLException,C:\Users\tyin363\Documents\repos\DSpace__DSpace\dspace-oai\src\main\java\org\dspace\xoai\services\impl\xoai\DSpaceSetRepository.java,115
JDK:java.base,N/A,false,MethodCallExpr,java.io.PrintStream,println,C:\Users\tyin363\Documents\repos\DSpace__DSpace\dspace-oai\src\main\java\org\dspace\xoai\app\XOAI.java,731
,,false,MethodCallExpr,org.dspace.xoai.services.impl.xoai.DSpaceItemRepository,getDateUntilFilter,C:\Users\tyin363\Documents\repos\DSpace__DSpace\dspace-oai\src\main\java\org\dspace\xoai\services\impl\xoai\DSpaceItemRepository.java,93
jakarta.servlet:jakarta.servlet-api,6.1.0,false,FieldAccessExpr,jakarta.servlet.http.HttpServletResponse,SC_INTERNAL_SERVER_ERROR,C:\Users\tyin363\Documents\repos\DSpace__DSpace\dspace-oai\src\main\java\org\dspace\xoai\controller\DSpaceOAIDataProvider.java,152
,,false,MethodCallExpr,org.dspace.xoai.data.DSpaceItem,getMetadata,C:\Users\tyin363\Documents\repos\DSpace__DSpace\dspace-oai\src\main\java\org\dspace\xoai\filter\DSpaceMetadataExistsFilter.java,61
JDK:java.base,N/A,false,MethodCallExpr,java.util.List,addAll,C:\Users\tyin363\Documents\repos\DSpace__DSpace\dspace-oai\src\main\java\org\dspace\xoai\data\DSpaceItem.java,36
org.apache.logging.log4j:log4j-api,2.25.1,false,ClassOrInterfaceType,org.apache.logging.log4j.Logger,Logger,C:\Users\tyin363\Documents\repos\DSpace__DSpace\dspace-oai\src\main\java\org\dspace\xoai\services\impl\xoai\DSpaceSetRepository.java,34
org.dspace:xoai,3.4.1,false,ClassOrInterfaceType,com.lyncode.xoai.dataprovider.filter.conditions.Condition,Condition,C:\Users\tyin363\Documents\repos\DSpace__DSpace\dspace-oai\src\main\java\org\dspace\xoai\services\impl\xoai\BaseDSpaceFilterResolver.java,57
org.dspace:xoai,3.4.1,false,MethodCallExpr,com.lyncode.xoai.dataprovider.core.ResumptionToken,getMetadataPrefix,C:\Users\tyin363\Documents\repos\DSpace__DSpace\dspace-oai\src\main\java\org\dspace\xoai\services\impl\xoai\DSpaceResumptionTokenFormatter.java,54
com.google.guava:guava,32.1.3-jre,true,MethodCallExpr,com.google.common.collect.Lists,newArrayList,C:\Users\tyin363\Documents\repos\DSpace__DSpace\dspace-oai\src\main\java\org\dspace\xoai\data\DSpaceItem.java,29
JDK:java.base,N/A,false,ClassOrInterfaceType,java.lang.String,String,C:\Users\tyin363\Documents\repos\DSpace__DSpace\dspace-oai\src\main\java\org\dspace\xoai\util\ItemUtils.java,87
JDK:java.base,N/A,false,MethodCallExpr,java.util.List,add,C:\Users\tyin363\Documents\repos\DSpace__DSpace\dspace-oai\src\main\java\org\dspace\xoai\filter\DSpaceAtLeastOneMetadataFilter.java,157
,,false,ClassOrInterfaceType,org.dspace.xoai.services.impl.resources.DSpaceResourceResolver,DSpaceResourceResolver,C:\Users\tyin363\Documents\repos\DSpace__DSpace\dspace-oai\src\main\java\org\dspace\xoai\services\impl\DSpaceServiceResolver.java,21
JDK:java.base,N/A,false,ObjectCreationExpr,java.util.LinkedList,LinkedList,C:\Users\tyin363\Documents\repos\DSpace__DSpace\dspace-oai\src\main\java\org\dspace\xoai\services\impl\DSpaceCollectionsService.java,35
JDK:java.base,N/A,false,MethodCallExpr,java.lang.Throwable,getMessage,C:\Users\tyin363\Documents\repos\DSpace__DSpace\dspace-oai\src\main\java\org\dspace\xoai\services\impl\DSpaceEarliestDateResolver.java,51
JDK:java.base,N/A,false,ClassOrInterfaceType,java.util.List,List,C:\Users\tyin363\Documents\repos\DSpace__DSpace\dspace-oai\src\main\java\org\dspace\xoai\filter\DSpaceMetadataExistsFilter.java,36
JDK:java.base,N/A,false,ClassOrInterfaceType,java.sql.SQLException,SQLException,C:\Users\tyin363\Documents\repos\DSpace__DSpace\dspace-oai\src\main\java\org\dspace\xoai\services\api\CollectionsService.java,21
jakarta.servlet:jakarta.servlet-api,6.1.0,false,MethodCallExpr,jakarta.servlet.ServletRequest,getAttribute,C:\Users\tyin363\Documents\repos\DSpace__DSpace\dspace-oai\src\main\java\org\dspace\xoai\services\impl\context\DSpaceContextService.java,24
,,false,ClassOrInterfaceType,org.dspace.xoai.exceptions.InvalidSetSpecException,InvalidSetSpecException,C:\Users\tyin363\Documents\repos\DSpace__DSpace\dspace-oai\src\main\java\org\dspace\xoai\services\impl\set\DSpaceSetSpecResolver.java,44
JDK:java.base,N/A,false,ClassOrInterfaceType,java.io.IOException,IOException,C:\Users\tyin363\Documents\repos\DSpace__DSpace\dspace-oai\src\main\java\org\dspace\xoai\app\XOAI.java,185
JDK:java.base,N/A,false,ClassOrInterfaceType,java.io.IOException,IOException,C:\Users\tyin363\Documents\repos\DSpace__DSpace\dspace-oai\src\main\java\org\dspace\xoai\services\impl\cache\DSpaceXOAIItemCacheService.java,80
org.dspace:xoai,3.4.1,false,ClassOrInterfaceType,com.lyncode.xoai.dataprovider.filter.ScopedFilter,ScopedFilter,C:\Users\tyin363\Documents\repos\DSpace__DSpace\dspace-oai\src\main\java\org\dspace\xoai\services\impl\xoai\DSpaceItemRepository.java,107
,,false,ClassOrInterfaceType,org.dspace.xoai.data.DSpaceItem,DSpaceItem,C:\Users\tyin363\Documents\repos\DSpace__DSpace\dspace-oai\src\main\java\org\dspace\xoai\filter\DateFromFilter.java,32
JDK:java.base,N/A,false,MethodCallExpr,java.util.List,contains,C:\Users\tyin363\Documents\repos\DSpace__DSpace\dspace-oai\src\main\java\org\dspace\xoai\app\XOAI.java,619
,,false,MethodCallExpr,org.dspace.xoai.util.ItemUtils,create,C:\Users\tyin363\Documents\repos\DSpace__DSpace\dspace-oai\src\main\java\org\dspace\xoai\util\ItemUtils.java,107
JDK:java.base,N/A,false,ObjectCreationExpr,java.io.File,File,C:\Users\tyin363\Documents\repos\DSpace__DSpace\dspace-oai\src\main\java\org\dspace\xoai\app\OAISpringLoader.java,36
,,false,ClassOrInterfaceType,org.dspace.xoai.services.api.cache.XOAICacheService,XOAICacheService,C:\Users\tyin363\Documents\repos\DSpace__DSpace\dspace-oai\src\main\java\org\dspace\xoai\services\impl\cache\DSpaceXOAICacheService.java,36
com.google.guava:guava,32.1.3-jre,true,MethodCallExpr,com.google.common.collect.Lists,newArrayList,C:\Users\tyin363\Documents\repos\DSpace__DSpace\dspace-oai\src\main\java\org\dspace\xoai\filter\DSpaceAtLeastOneMetadataFilter.java,58
org.dspace:xoai,3.4.1,false,MethodCallExpr,com.lyncode.xoai.dataprovider.xml.xoai.Element,getField,C:\Users\tyin363\Documents\repos\DSpace__DSpace\dspace-oai\src\main\java\org\dspace\xoai\util\ItemUtils.java,199
org.dspace:xoai,3.4.1,false,ClassOrInterfaceType,com.lyncode.xoai.dataprovider.xml.xoai.Element,Element,C:\Users\tyin363\Documents\repos\DSpace__DSpace\dspace-oai\src\main\java\org\dspace\xoai\app\CCElementItemCompilePlugin.java,44
JDK:java.base,N/A,false,MethodCallExpr,java.io.PrintStream,println,C:\Users\tyin363\Documents\repos\DSpace__DSpace\dspace-oai\src\main\java\org\dspace\xoai\app\XOAI.java,729
org.apache.logging.log4j:log4j-api,2.25.1,false,ClassOrInterfaceType,org.apache.logging.log4j.Logger,Logger,C:\Users\tyin363\Documents\repos\DSpace__DSpace\dspace-oai\src\main\java\org\dspace\xoai\filter\DSpaceSetSpecFilter.java,24
org.dspace:xoai,3.4.1,false,ClassOrInterfaceType,com.lyncode.xoai.dataprovider.core.Set,Set,C:\Users\tyin363\Documents\repos\DSpace__DSpace\dspace-oai\src\main\java\org\dspace\xoai\services\impl\xoai\DSpaceSetRepository.java,79
org.dspace:xoai,3.4.1,false,ClassOrInterfaceType,com.lyncode.xoai.dataprovider.core.ReferenceSet,ReferenceSet,C:\Users\tyin363\Documents\repos\DSpace__DSpace\dspace-oai\src\main\java\org\dspace\xoai\data\DSpaceSolrItem.java,75
,,false,ClassOrInterfaceType,org.dspace.xoai.services.api.config.ConfigurationService,ConfigurationService,C:\Users\tyin363\Documents\repos\DSpace__DSpace\dspace-oai\src\main\java\org\dspace\xoai\services\impl\cache\DSpaceXOAICacheService.java,42
,,false,MethodCallExpr,org.dspace.xoai.services.impl.xoai.BaseDSpaceFilterResolver,getFilter,C:\Users\tyin363\Documents\repos\DSpace__DSpace\dspace-oai\src\main\java\org\dspace\xoai\services\impl\xoai\BaseDSpaceFilterResolver.java,106
JDK:java.base,N/A,false,ClassOrInterfaceType,java.time.Instant,Instant,C:\Users\tyin363\Documents\repos\DSpace__DSpace\dspace-oai\src\main\java\org\dspace\xoai\util\DateUtils.java,75
org.dspace:xoai,3.4.1,false,ClassOrInterfaceType,com.lyncode.xoai.dataprovider.data.Filter,Filter,C:\Users\tyin363\Documents\repos\DSpace__DSpace\dspace-oai\src\main\java\org\dspace\xoai\services\impl\xoai\BaseDSpaceFilterResolver.java,105
JDK:java.base,N/A,false,MethodCallExpr,java.net.URI,toURL,C:\Users\tyin363\Documents\repos\DSpace__DSpace\dspace-oai\src\main\java\org\dspace\xoai\app\OAISpringLoader.java,36
,,false,ClassOrInterfaceType,org.dspace.xoai.services.api.context.ContextServiceException,ContextServiceException,C:\Users\tyin363\Documents\repos\DSpace__DSpace\dspace-oai\src\main\java\org\dspace\xoai\services\impl\xoai\DSpaceItemRepositoryResolver.java,49
JDK:java.base,N/A,false,ClassOrInterfaceType,java.util.List,List,C:\Users\tyin363\Documents\repos\DSpace__DSpace\dspace-oai\src\main\java\org\dspace\xoai\services\impl\xoai\DSpaceRepositoryConfiguration.java,57
,,false,ObjectCreationExpr,org.dspace.xoai.filter.DateUntilFilter,DateUntilFilter,C:\Users\tyin363\Documents\repos\DSpace__DSpace\dspace-oai\src\main\java\org\dspace\xoai\services\impl\xoai\DSpaceItemRepository.java,180
JDK:java.base,N/A,false,MethodCallExpr,java.util.List,add,C:\Users\tyin363\Documents\repos\DSpace__DSpace\dspace-oai\src\main\java\org\dspace\xoai\util\ItemUtils.java,196
JDK:java.base,N/A,false,MethodCallExpr,java.util.Date,toInstant,C:\Users\tyin363\Documents\repos\DSpace__DSpace\dspace-oai\src\main\java\org\dspace\xoai\services\impl\xoai\DSpaceItemRepository.java,65
JDK:java.base,N/A,false,ClassOrInterfaceType,java.time.Instant,Instant,C:\Users\tyin363\Documents\repos\DSpace__DSpace\dspace-oai\src\main\java\org\dspace\xoai\filter\DateFromFilter.java,24
,,false,ClassOrInterfaceType,org.dspace.xoai.filter.results.SolrFilterResult,SolrFilterResult,C:\Users\tyin363\Documents\repos\DSpace__DSpace\dspace-oai\src\main\java\org\dspace\xoai\filter\ItemsWithBitstreamFilter.java,35
org.dspace:xoai,3.4.1,false,ClassOrInterfaceType,com.lyncode.xoai.dataprovider.filter.ScopedFilter,ScopedFilter,C:\Users\tyin363\Documents\repos\DSpace__DSpace\dspace-oai\src\main\java\org\dspace\xoai\services\impl\xoai\DSpaceItemRepository.java,100
JDK:java.base,N/A,false,ClassOrInterfaceType,java.lang.String,String,C:\Users\tyin363\Documents\repos\DSpace__DSpace\dspace-oai\src\main\java\org\dspace\xoai\util\ItemUtils.java,93
,,false,ObjectCreationExpr,org.dspace.xoai.filter.results.SolrFilterResult,SolrFilterResult,C:\Users\tyin363\Documents\repos\DSpace__DSpace\dspace-oai\src\main\java\org\dspace\xoai\filter\AndFilter.java,25
JDK:java.base,N/A,false,ClassOrInterfaceType,java.lang.String,String,C:\Users\tyin363\Documents\repos\DSpace__DSpace\dspace-oai\src\main\java\org\dspace\xoai\services\impl\xoai\DSpaceItemRepository.java,151
JDK:java.base,N/A,false,MethodCallExpr,java.io.PrintStream,println,C:\Users\tyin363\Documents\repos\DSpace__DSpace\dspace-oai\src\main\java\org\dspace\xoai\app\XOAI.java,730
,,false,ObjectCreationExpr,org.dspace.xoai.filter.NotFilter,NotFilter,C:\Users\tyin363\Documents\repos\DSpace__DSpace\dspace-oai\src\main\java\org\dspace\xoai\services\impl\xoai\BaseDSpaceFilterResolver.java,107
JDK:java.base,N/A,false,ClassOrInterfaceType,java.util.List,List,C:\Users\tyin363\Documents\repos\DSpace__DSpace\dspace-oai\src\main\java\org\dspace\xoai\services\impl\xoai\DSpaceItemRepository.java,132
JDK:java.base,N/A,false,ClassOrInterfaceType,java.util.List,List,C:\Users\tyin363\Documents\repos\DSpace__DSpace\dspace-oai\src\main\java\org\dspace\xoai\filter\DSpaceAtLeastOneMetadataFilter.java,37
JDK:java.base,N/A,false,MethodCallExpr,java.util.List,add,C:\Users\tyin363\Documents\repos\DSpace__DSpace\dspace-oai\src\main\java\org\dspace\xoai\services\impl\xoai\DSpaceItemRepository.java,117
,,false,MethodCallExpr,org.dspace.xoai.services.api.cache.XOAICacheService,handle,C:\Users\tyin363\Documents\repos\DSpace__DSpace\dspace-oai\src\main\java\org\dspace\xoai\controller\DSpaceOAIDataProvider.java,122
JDK:java.base,N/A,false,MethodCallExpr,java.util.List,add,C:\Users\tyin363\Documents\repos\DSpace__DSpace\dspace-oai\src\main\java\org\dspace\xoai\filter\DSpaceAtLeastOneMetadataFilter.java,163
JDK:java.base,N/A,false,ClassOrInterfaceType,java.lang.String,String,C:\Users\tyin363\Documents\repos\DSpace__DSpace\dspace-oai\src\main\java\org\dspace\xoai\app\XOAI.java,605
JDK:java.base,N/A,false,MethodCallExpr,java.util.List,add,C:\Users\tyin363\Documents\repos\DSpace__DSpace\dspace-oai\src\main\java\org\dspace\xoai\util\ItemUtils.java,195
,,false,ClassOrInterfaceType,org.dspace.xoai.filter.results.SolrFilterResult,SolrFilterResult,C:\Users\tyin363\Documents\repos\DSpace__DSpace\dspace-oai\src\main\java\org\dspace\xoai\filter\DateUntilFilter.java,40
JDK:java.base,N/A,false,MethodCallExpr,java.lang.Throwable,getMessage,C:\Users\tyin363\Documents\repos\DSpace__DSpace\dspace-oai\src\main\java\org\dspace\xoai\util\URLUtils.java,33
,,false,ClassOrInterfaceType,org.dspace.xoai.filter.results.SolrFilterResult,SolrFilterResult,C:\Users\tyin363\Documents\repos\DSpace__DSpace\dspace-oai\src\main\java\org\dspace\xoai\filter\ItemsWithBitstreamFilter.java,36
org.dspace:xoai,3.4.1,false,MethodCallExpr,com.lyncode.xoai.dataprovider.services.api.ItemRepository,getItems,C:\Users\tyin363\Documents\repos\DSpace__DSpace\dspace-oai\src\main\java\org\dspace\xoai\services\impl\xoai\DSpaceItemRepository.java,146
JDK:java.base,N/A,false,MethodCallExpr,java.time.LocalDate,now,C:\Users\tyin363\Documents\repos\DSpace__DSpace\dspace-oai\src\main\java\org\dspace\xoai\app\XOAI.java,520
JDK:java.base,N/A,false,ObjectCreationExpr,java.util.ArrayList,ArrayList,C:\Users\tyin363\Documents\repos\DSpace__DSpace\dspace-oai\src\main\java\org\dspace\xoai\filter\DSpaceMetadataExistsFilter.java,47
jakarta.servlet:jakarta.servlet-api,6.1.0,false,ClassOrInterfaceType,jakarta.servlet.ServletException,ServletException,C:\Users\tyin363\Documents\repos\DSpace__DSpace\dspace-oai\src\main\java\org\dspace\xoai\controller\DSpaceOAIDataProvider.java,142
JDK:java.base,N/A,false,MethodCallExpr,java.io.File,delete,C:\Users\tyin363\Documents\repos\DSpace__DSpace\dspace-oai\src\main\java\org\dspace\xoai\services\impl\cache\DSpaceXOAICacheService.java,128
JDK:java.base,N/A,false,ClassOrInterfaceType,java.io.IOException,IOException,C:\Users\tyin363\Documents\repos\DSpace__DSpace\dspace-oai\src\main\java\org\dspace\xoai\services\impl\cache\DSpaceXOAICacheService.java,132
JDK:java.base,N/A,false,MethodCallExpr,java.lang.Throwable,printStackTrace,C:\Users\tyin363\Documents\repos\DSpace__DSpace\dspace-oai\src\main\java\org\dspace\xoai\app\XOAI.java,664
JDK:java.base,N/A,false,ClassOrInterfaceType,java.io.IOException,IOException,C:\Users\tyin363\Documents\repos\DSpace__DSpace\dspace-oai\src\main\java\org\dspace\xoai\app\XOAI.java,586
,,false,MethodCallExpr,org.dspace.xoai.services.impl.xoai.DSpaceItemRepository,getDateFromCondition,C:\Users\tyin363\Documents\repos\DSpace__DSpace\dspace-oai\src\main\java\org\dspace\xoai\services\impl\xoai\DSpaceItemRepository.java,57
JDK:java.base,N/A,false,MethodCallExpr,java.io.PrintStream,println,C:\Users\tyin363\Documents\repos\DSpace__DSpace\dspace-oai\src\main\java\org\dspace\xoai\app\XOAI.java,727
JDK:java.base,N/A,false,MethodCallExpr,java.util.List,add,C:\Users\tyin363\Documents\repos\DSpace__DSpace\dspace-oai\src\main\java\org\dspace\xoai\services\impl\xoai\DSpaceItemRepository.java,118
JDK:java.base,N/A,false,ClassOrInterfaceType,java.lang.String,String,C:\Users\tyin363\Documents\repos\DSpace__DSpace\dspace-oai\src\main\java\org\dspace\xoai\filter\DSpaceAtLeastOneMetadataFilter.java,59
org.dspace:xoai,3.4.1,false,MethodCallExpr,com.lyncode.xoai.dataprovider.xml.xoaiconfig.parameters.ParameterValue,asParameterList,C:\Users\tyin363\Documents\repos\DSpace__DSpace\dspace-oai\src\main\java\org\dspace\xoai\filter\DSpaceMetadataExistsFilter.java,48
JDK:java.base,N/A,false,ClassOrInterfaceType,java.io.ByteArrayOutputStream,ByteArrayOutputStream,C:\Users\tyin363\Documents\repos\DSpace__DSpace\dspace-oai\src\main\java\org\dspace\xoai\services\impl\cache\DSpaceXOAICacheService.java,102
JDK:java.base,N/A,false,MethodCallExpr,java.util.List,add,C:\Users\tyin363\Documents\repos\DSpace__DSpace\dspace-oai\src\main\java\org\dspace\xoai\filter\DSpaceAtLeastOneMetadataFilter.java,160
,,false,MethodCallExpr,org.dspace.xoai.app.XOAI,cleanCache,C:\Users\tyin363\Documents\repos\DSpace__DSpace\dspace-oai\src\main\java\org\dspace\xoai\app\XOAI.java,651
org.dspace:xoai,3.4.1,false,ClassOrInterfaceType,com.lyncode.xoai.dataprovider.core.ListSetsResult,ListSetsResult,C:\Users\tyin363\Documents\repos\DSpace__DSpace\dspace-oai\src\main\java\org\dspace\xoai\services\impl\xoai\DSpaceSetRepository.java,146
JDK:java.base,N/A,false,ClassOrInterfaceType,java.util.List,List,C:\Users\tyin363\Documents\repos\DSpace__DSpace\dspace-oai\src\main\java\org\dspace\xoai\services\impl\xoai\DSpaceSetRepository.java,80
JDK:java.base,N/A,false,MethodCallExpr,java.lang.Throwable,getMessage,C:\Users\tyin363\Documents\repos\DSpace__DSpace\dspace-oai\src\main\java\org\dspace\xoai\services\impl\xoai\DSpaceSetRepository.java,116
JDK:java.base,N/A,false,MethodCallExpr,java.util.List,add,C:\Users\tyin363\Documents\repos\DSpace__DSpace\dspace-oai\src\main\java\org\dspace\xoai\util\ItemUtils.java,194
,,false,MethodCallExpr,org.dspace.xoai.filter.DSpaceFilter,getConfiguration,C:\Users\tyin363\Documents\repos\DSpace__DSpace\dspace-oai\src\main\java\org\dspace\xoai\filter\DSpaceAtLeastOneMetadataFilter.java,74
,,false,ClassOrInterfaceType,org.dspace.xoai.services.api.context.ContextServiceException,ContextServiceException,C:\Users\tyin363\Documents\repos\DSpace__DSpace\dspace-oai\src\main\java\org\dspace\xoai\services\impl\DSpaceCollectionsService.java,39
org.dspace:xoai,3.4.1,false,ClassOrInterfaceType,com.lyncode.xoai.dataprovider.filter.ScopedFilter,ScopedFilter,C:\Users\tyin363\Documents\repos\DSpace__DSpace\dspace-oai\src\main\java\org\dspace\xoai\services\impl\xoai\DSpaceItemRepository.java,102
JDK:java.base,N/A,false,ClassOrInterfaceType,java.io.IOException,IOException,C:\Users\tyin363\Documents\repos\DSpace__DSpace\dspace-oai\src\main\java\org\dspace\xoai\controller\DSpaceOAIDataProvider.java,76
JDK:java.base,N/A,false,ClassOrInterfaceType,java.time.Instant,Instant,C:\Users\tyin363\Documents\repos\DSpace__DSpace\dspace-oai\src\main\java\org\dspace\xoai\filter\DateFromFilter.java,26
JDK:java.base,N/A,false,ObjectCreationExpr,java.util.ArrayList,ArrayList,C:\Users\tyin363\Documents\repos\DSpace__DSpace\dspace-oai\src\main\java\org\dspace\xoai\filter\DSpaceAtLeastOneMetadataFilter.java,54
org.dspace:xoai,3.4.1,false,ClassOrInterfaceType,com.lyncode.xoai.dataprovider.xml.xoai.Element,Element,C:\Users\tyin363\Documents\repos\DSpace__DSpace\dspace-oai\src\main\java\org\dspace\xoai\util\ItemUtils.java,269
,,false,MethodCallExpr,org.dspace.xoai.filter.DSpaceFilter,buildSolrQuery,C:\Users\tyin363\Documents\repos\DSpace__DSpace\dspace-oai\src\main\java\org\dspace\xoai\filter\AndFilter.java,26
org.dspace:xoai,3.4.1,false,ClassOrInterfaceType,com.lyncode.xoai.dataprovider.xml.xoaiconfig.parameters.ParameterMap,ParameterMap,C:\Users\tyin363\Documents\repos\DSpace__DSpace\dspace-oai\src\main\java\org\dspace\xoai\filter\DSpaceFilter.java,59
org.dspace:xoai,3.4.1,false,MethodCallExpr,com.lyncode.xoai.dataprovider.core.ReferenceSet,getSetSpec,C:\Users\tyin363\Documents\repos\DSpace__DSpace\dspace-oai\src\main\java\org\dspace\xoai\filter\DSpaceSetSpecFilter.java,39
org.dspace:xoai,3.4.1,false,MethodCallExpr,com.lyncode.xoai.dataprovider.xml.xoai.Element,getField,C:\Users\tyin363\Documents\repos\DSpace__DSpace\dspace-oai\src\main\java\org\dspace\xoai\util\ItemUtils.java,196
JDK:java.base,N/A,false,ClassOrInterfaceType,java.lang.String,String,C:\Users\tyin363\Documents\repos\DSpace__DSpace\dspace-oai\src\main\java\org\dspace\xoai\services\impl\solr\DSpaceSolrServerResolver.java,31
org.dspace:xoai,3.4.1,false,MethodCallExpr,com.lyncode.xoai.dataprovider.xml.XmlOutputContext,getWriter,C:\Users\tyin363\Documents\repos\DSpace__DSpace\dspace-oai\src\main\java\org\dspace\xoai\services\impl\cache\DSpaceXOAICacheService.java,107
,,false,FieldAccessExpr,org.dspace.xoai.services.impl.xoai.DSpaceRepositoryConfiguration,configurationService,C:\Users\tyin363\Documents\repos\DSpace__DSpace\dspace-oai\src\main\java\org\dspace\xoai\services\impl\xoai\DSpaceRepositoryConfiguration.java,52
JDK:java.base,N/A,false,MethodCallExpr,java.util.List,contains,C:\Users\tyin363\Documents\repos\DSpace__DSpace\dspace-oai\src\main\java\org\dspace\xoai\app\XOAI.java,615
JDK:java.base,N/A,false,MethodCallExpr,java.io.PrintStream,println,C:\Users\tyin363\Documents\repos\DSpace__DSpace\dspace-oai\src\main\java\org\dspace\xoai\app\XOAI.java,728
,,false,ClassOrInterfaceType,org.dspace.xoai.exceptions.InvalidSetSpecException,InvalidSetSpecException,C:\Users\tyin363\Documents\repos\DSpace__DSpace\dspace-oai\src\main\java\org\dspace\xoai\services\impl\set\DSpaceSetSpecResolver.java,40
JDK:java.base,N/A,false,ClassOrInterfaceType,java.lang.String,String,C:\Users\tyin363\Documents\repos\DSpace__DSpace\dspace-oai\src\main\java\org\dspace\xoai\app\OAISpringLoader.java,36
jakarta.servlet:jakarta.servlet-api,6.1.0,false,FieldAccessExpr,jakarta.servlet.http.HttpServletResponse,SC_INTERNAL_SERVER_ERROR,C:\Users\tyin363\Documents\repos\DSpace__DSpace\dspace-oai\src\main\java\org\dspace\xoai\controller\DSpaceOAIDataProvider.java,147
JDK:java.base,N/A,false,MethodCallExpr,java.io.ByteArrayOutputStream,toString,C:\Users\tyin363\Documents\repos\DSpace__DSpace\dspace-oai\src\main\java\org\dspace\xoai\util\ItemUtils.java,227
JDK:java.base,N/A,false,ClassOrInterfaceType,java.util.List,List,C:\Users\tyin363\Documents\repos\DSpace__DSpace\dspace-oai\src\main\java\org\dspace\xoai\services\impl\xoai\DSpaceSetRepository.java,79
,,false,MethodCallExpr,org.dspace.xoai.services.impl.resources.DSpaceResourceResolver,getResource,C:\Users\tyin363\Documents\repos\DSpace__DSpace\dspace-oai\src\main\java\org\dspace\xoai\services\impl\resources\DSpaceResourceResolver.java,45
JDK:java.base,N/A,false,ObjectCreationExpr,java.io.File,File,C:\Users\tyin363\Documents\repos\DSpace__DSpace\dspace-oai\src\main\java\org\dspace\xoai\services\impl\cache\DSpaceXOAIItemCacheService.java,105
JDK:java.base,N/A,false,ClassOrInterfaceType,java.lang.String,String,C:\Users\tyin363\Documents\repos\DSpace__DSpace\dspace-oai\src\main\java\org\dspace\xoai\services\api\config\ConfigurationService.java,11
,,false,ObjectCreationExpr,com.lyncode.xoai.dataprovider.xml.xoai.Element.Field,Element$Field,C:\Users\tyin363\Documents\repos\DSpace__DSpace\dspace-oai\src\main\java\org\dspace\xoai\util\ItemUtils.java,94
org.dspace:xoai,3.4.1,false,ClassOrInterfaceType,com.lyncode.xoai.dataprovider.xml.xoai.Element,Element,C:\Users\tyin363\Documents\repos\DSpace__DSpace\dspace-oai\src\main\java\org\dspace\xoai\util\ItemUtils.java,245
,,false,ClassOrInterfaceType,org.dspace.xoai.filter.DSpaceFilter,DSpaceFilter,C:\Users\tyin363\Documents\repos\DSpace__DSpace\dspace-oai\src\main\java\org\dspace\xoai\filter\DSpaceSetSpecFilter.java,23
org.dspace:xoai,3.4.1,false,ObjectCreationExpr,com.lyncode.xoai.dataprovider.filter.ScopedFilter,ScopedFilter,C:\Users\tyin363\Documents\repos\DSpace__DSpace\dspace-oai\src\main\java\org\dspace\xoai\services\impl\xoai\DSpaceItemRepository.java,49
commons-io:commons-io,2.20.0,false,MethodCallExpr,org.apache.commons.io.FileUtils,write,C:\Users\tyin363\Documents\repos\DSpace__DSpace\dspace-oai\src\main\java\org\dspace\xoai\services\impl\cache\DSpaceXOAILastCompilationCacheService.java,47
org.dspace:xoai,3.4.1,false,MethodCallExpr,com.lyncode.xoai.dataprovider.xml.xoai.Metadata,getElement,C:\Users\tyin363\Documents\repos\DSpace__DSpace\dspace-oai\src\main\java\org\dspace\xoai\util\ItemUtils.java,315
JDK:java.base,N/A,false,ClassOrInterfaceType,java.io.IOException,IOException,C:\Users\tyin363\Documents\repos\DSpace__DSpace\dspace-oai\src\main\java\org\dspace\xoai\services\impl\xoai\DSpaceRepositoryConfiguration.java,160
JDK:java.base,N/A,false,ClassOrInterfaceType,java.time.Instant,Instant,C:\Users\tyin363\Documents\repos\DSpace__DSpace\dspace-oai\src\main\java\org\dspace\xoai\util\DateUtils.java,87
JDK:java.base,N/A,false,ClassOrInterfaceType,java.io.File,File,C:\Users\tyin363\Documents\repos\DSpace__DSpace\dspace-oai\src\main\java\org\dspace\xoai\app\OAISpringLoader.java,36
JDK:java.base,N/A,false,MethodCallExpr,java.util.List,add,C:\Users\tyin363\Documents\repos\DSpace__DSpace\dspace-oai\src\main\java\org\dspace\xoai\data\DSpaceSolrItem.java,54
org.dspace:xoai,3.4.1,false,MethodCallExpr,com.lyncode.xoai.dataprovider.data.Item,getMetadata,C:\Users\tyin363\Documents\repos\DSpace__DSpace\dspace-oai\src\main\java\org\dspace\xoai\data\DSpaceItem.java,58
,,false,MethodCallExpr,org.dspace.xoai.services.impl.xoai.DSpaceItemRepository,getDateUntilFilter,C:\Users\tyin363\Documents\repos\DSpace__DSpace\dspace-oai\src\main\java\org\dspace\xoai\services\impl\xoai\DSpaceItemRepository.java,136
JDK:java.base,N/A,false,ObjectCreationExpr,java.io.ByteArrayOutputStream,ByteArrayOutputStream,C:\Users\tyin363\Documents\repos\DSpace__DSpace\dspace-oai\src\main\java\org\dspace\xoai\util\ItemUtils.java,225
org.dspace:xoai,3.4.1,false,MethodCallExpr,com.lyncode.xoai.dataprovider.services.api.ItemRepository,getItems,C:\Users\tyin363\Documents\repos\DSpace__DSpace\dspace-oai\src\main\java\org\dspace\xoai\services\impl\xoai\DSpaceItemRepository.java,139
org.springframework:spring-webmvc,6.2.9,false,ClassOrInterfaceType,org.springframework.web.servlet.config.annotation.WebMvcConfigurer,WebMvcConfigurer,C:\Users\tyin363\Documents\repos\DSpace__DSpace\dspace-oai\src\main\java\org\dspace\app\configuration\OAIWebConfig.java,43
,,false,ObjectCreationExpr,org.dspace.xoai.services.impl.resources.DSpaceResourceResolver,DSpaceResourceResolver,C:\Users\tyin363\Documents\repos\DSpace__DSpace\dspace-oai\src\main\java\org\dspace\xoai\app\BasicConfiguration.java,103
org.dspace:xoai,3.4.1,false,ClassOrInterfaceType,com.lyncode.xoai.dataprovider.services.api.RepositoryConfiguration,RepositoryConfiguration,C:\Users\tyin363\Documents\repos\DSpace__DSpace\dspace-oai\src\main\java\org\dspace\xoai\services\impl\xoai\DSpaceIdentifyResolver.java,27
,,false,FieldAccessExpr,org.dspace.xoai.filter.DSpaceFilter,context,C:\Users\tyin363\Documents\repos\DSpace__DSpace\dspace-oai\src\main\java\org\dspace\xoai\filter\DSpaceFilter.java,88
,,false,MethodCallExpr,org.dspace.xoai.services.api.xoai.DSpaceFilterResolver,buildSolrQuery,C:\Users\tyin363\Documents\repos\DSpace__DSpace\dspace-oai\src\main\java\org\dspace\xoai\services\impl\solr\DSpaceSolrQueryResolver.java,42
JDK:java.base,N/A,false,MethodCallExpr,java.util.Date,from,C:\Users\tyin363\Documents\repos\DSpace__DSpace\dspace-oai\src\main\java\org\dspace\xoai\filter\DateUntilFilter.java,42
org.apache.logging.log4j:log4j-api,2.25.1,false,MethodCallExpr,org.apache.logging.log4j.Logger,warn,C:\Users\tyin363\Documents\repos\DSpace__DSpace\dspace-oai\src\main\java\org\dspace\xoai\services\impl\xoai\DSpaceRepositoryConfiguration.java,62
,,false,FieldAccessExpr,org.dspace.xoai.app.XOAI,verbose,C:\Users\tyin363\Documents\repos\DSpace__DSpace\dspace-oai\src\main\java\org\dspace\xoai\app\XOAI.java,140
org.dspace:xoai,3.4.1,false,ClassOrInterfaceType,com.lyncode.xoai.dataprovider.data.Filter,Filter,C:\Users\tyin363\Documents\repos\DSpace__DSpace\dspace-oai\src\main\java\org\dspace\xoai\services\impl\xoai\BaseDSpaceFilterResolver.java,91
JDK:java.base,N/A,false,MethodCallExpr,java.util.Date,toInstant,C:\Users\tyin363\Documents\repos\DSpace__DSpace\dspace-oai\src\main\java\org\dspace\xoai\services\impl\xoai\DSpaceItemRepository.java,152
JDK:java.base,N/A,false,ClassOrInterfaceType,java.sql.SQLException,SQLException,C:\Users\tyin363\Documents\repos\DSpace__DSpace\dspace-oai\src\main\java\org\dspace\xoai\services\impl\DSpaceCollectionsService.java,34
JDK:java.base,N/A,false,ClassOrInterfaceType,java.lang.Throwable,Throwable,C:\Users\tyin363\Documents\repos\DSpace__DSpace\dspace-oai\src\main\java\org\dspace\xoai\exceptions\CompilingException.java,24
JDK:java.base,N/A,false,MethodCallExpr,java.time.format.DateTimeFormatter,format,C:\Users\tyin363\Documents\repos\DSpace__DSpace\dspace-oai\src\main\java\org\dspace\xoai\util\ItemUtils.java,202
JDK:java.base,N/A,false,ClassOrInterfaceType,java.io.IOException,IOException,C:\Users\tyin363\Documents\repos\DSpace__DSpace\dspace-oai\src\main\java\org\dspace\xoai\services\impl\cache\DSpaceXOAIItemCacheService.java,90
,,false,ClassOrInterfaceType,org.dspace.xoai.filter.DSpaceFilter,DSpaceFilter,C:\Users\tyin363\Documents\repos\DSpace__DSpace\dspace-oai\src\main\java\org\dspace\xoai\filter\NotFilter.java,14
JDK:java.base,N/A,false,MethodCallExpr,java.util.regex.Matcher,group,C:\Users\tyin363\Documents\repos\DSpace__DSpace\dspace-oai\src\main\java\org\dspace\xoai\services\impl\set\DSpaceSetSpecResolver.java,77
,,false,FieldAccessExpr,org.dspace.xoai.services.impl.xoai.DSpaceItemSolrRepository,solrQueryResolver,C:\Users\tyin363\Documents\repos\DSpace__DSpace\dspace-oai\src\main\java\org\dspace\xoai\services\impl\xoai\DSpaceItemSolrRepository.java,51
org.dspace:xoai,3.4.1,false,ClassOrInterfaceType,com.lyncode.xoai.dataprovider.services.api.ItemRepository,ItemRepository,C:\Users\tyin363\Documents\repos\DSpace__DSpace\dspace-oai\src\main\java\org\dspace\xoai\services\impl\xoai\DSpaceItemRepositoryResolver.java,36
JDK:java.base,N/A,false,MethodCallExpr,java.lang.String,matches,C:\Users\tyin363\Documents\repos\DSpace__DSpace\dspace-oai\src\main\java\org\dspace\xoai\services\impl\set\DSpaceSetSpecResolver.java,68
org.apache.logging.log4j:log4j-api,2.25.1,false,ClassOrInterfaceType,org.apache.logging.log4j.Logger,Logger,C:\Users\tyin363\Documents\repos\DSpace__DSpace\dspace-oai\src\main\java\org\dspace\xoai\services\impl\xoai\DSpaceItemSolrRepository.java,43
JDK:java.base,N/A,false,MethodCallExpr,java.lang.Throwable,getMessage,C:\Users\tyin363\Documents\repos\DSpace__DSpace\dspace-oai\src\main\java\org\dspace\xoai\controller\DSpaceOAIDataProvider.java,134
,,false,ClassOrInterfaceType,org.dspace.xoai.services.impl.MetadataFieldCache,MetadataFieldCache,C:\Users\tyin363\Documents\repos\DSpace__DSpace\dspace-oai\src\main\java\org\dspace\xoai\services\impl\MetadataFieldCache.java,21
JDK:java.base,N/A,false,MethodCallExpr,java.io.PrintStream,println,C:\Users\tyin363\Documents\repos\DSpace__DSpace\dspace-oai\src\main\java\org\dspace\xoai\app\XOAI.java,260
JDK:java.base,N/A,false,ClassOrInterfaceType,java.lang.String,String,C:\Users\tyin363\Documents\repos\DSpace__DSpace\dspace-oai\src\main\java\org\dspace\xoai\services\api\config\ConfigurationService.java,13
JDK:java.base,N/A,false,ClassOrInterfaceType,java.time.Instant,Instant,C:\Users\tyin363\Documents\repos\DSpace__DSpace\dspace-oai\src\main\java\org\dspace\xoai\services\api\cache\XOAILastCompilationCacheService.java,17
JDK:java.base,N/A,false,ClassOrInterfaceType,java.io.IOException,IOException,C:\Users\tyin363\Documents\repos\DSpace__DSpace\dspace-oai\src\main\java\org\dspace\xoai\services\impl\cache\DSpaceXOAILastCompilationCacheService.java,56
JDK:java.base,N/A,false,ClassOrInterfaceType,java.lang.Throwable,Throwable,C:\Users\tyin363\Documents\repos\DSpace__DSpace\dspace-oai\src\main\java\org\dspace\xoai\exceptions\CompilingException.java,28
,,false,MethodCallExpr,org.dspace.xoai.services.impl.xoai.DSpaceSetRepository,community,C:\Users\tyin363\Documents\repos\DSpace__DSpace\dspace-oai\src\main\java\org\dspace\xoai\services\impl\xoai\DSpaceSetRepository.java,138
,,false,ObjectCreationExpr,org.dspace.xoai.services.impl.DSpaceFieldResolver,DSpaceFieldResolver,C:\Users\tyin363\Documents\repos\DSpace__DSpace\dspace-oai\src\main\java\org\dspace\xoai\app\BasicConfiguration.java,108
JDK:java.base,N/A,false,MethodCallExpr,java.util.List,add,C:\Users\tyin363\Documents\repos\DSpace__DSpace\dspace-oai\src\main\java\org\dspace\xoai\util\ItemUtils.java,149
JDK:java.base,N/A,false,MethodCallExpr,java.time.format.DateTimeFormatter,format,C:\Users\tyin363\Documents\repos\DSpace__DSpace\dspace-oai\src\main\java\org\dspace\xoai\util\ItemUtils.java,199
JDK:java.base,N/A,false,MethodCallExpr,java.lang.String,split,C:\Users\tyin363\Documents\repos\DSpace__DSpace\dspace-oai\src\main\java\org\dspace\xoai\services\impl\set\DSpaceSetSpecResolver.java,42
JDK:java.base,N/A,false,MethodCallExpr,java.lang.Throwable,getMessage,C:\Users\tyin363\Documents\repos\DSpace__DSpace\dspace-oai\src\main\java\org\dspace\xoai\app\XOAI.java,666
JDK:java.base,N/A,false,MethodCallExpr,java.util.regex.Matcher,group,C:\Users\tyin363\Documents\repos\DSpace__DSpace\dspace-oai\src\main\java\org\dspace\xoai\services\impl\set\DSpaceSetSpecResolver.java,76
org.dspace:xoai,3.4.1,false,ClassOrInterfaceType,com.lyncode.xoai.dataprovider.core.ListItemsResults,ListItemsResults,C:\Users\tyin363\Documents\repos\DSpace__DSpace\dspace-oai\src\main\java\org\dspace\xoai\services\impl\xoai\DSpaceItemSolrRepository.java,96
,,false,ClassOrInterfaceType,org.dspace.xoai.services.impl.xoai.DSpaceResumptionTokenFormatter,DSpaceResumptionTokenFormatter,C:\Users\tyin363\Documents\repos\DSpace__DSpace\dspace-oai\src\main\java\org\dspace\xoai\services\impl\xoai\DSpaceResumptionTokenFormatter.java,20
org.dspace:xoai,3.4.1,false,ClassOrInterfaceType,com.lyncode.xoai.dataprovider.core.XOAIManager,XOAIManager,C:\Users\tyin363\Documents\repos\DSpace__DSpace\dspace-oai\src\main\java\org\dspace\xoai\services\impl\cache\DSpaceXOAICacheService.java,52
JDK:java.base,N/A,false,FieldAccessExpr,java.io.File,separator,C:\Users\tyin363\Documents\repos\DSpace__DSpace\dspace-oai\src\main\java\org\dspace\xoai\services\impl\cache\DSpaceXOAIItemCacheService.java,31
JDK:java.base,N/A,false,ClassOrInterfaceType,java.util.List,List,C:\Users\tyin363\Documents\repos\DSpace__DSpace\dspace-oai\src\main\java\org\dspace\xoai\services\impl\xoai\DSpaceItemSolrRepository.java,77
,,false,ClassOrInterfaceType,org.dspace.xoai.services.impl.xoai.DSpaceSetRepository,DSpaceSetRepository,C:\Users\tyin363\Documents\repos\DSpace__DSpace\dspace-oai\src\main\java\org\dspace\xoai\services\impl\xoai\DSpaceSetRepository.java,34
JDK:java.base,N/A,false,MethodCallExpr,java.io.PrintStream,println,C:\Users\tyin363\Documents\repos\DSpace__DSpace\dspace-oai\src\main\java\org\dspace\xoai\app\XOAI.java,657
JDK:java.base,N/A,false,MethodCallExpr,java.time.Instant,with,C:\Users\tyin363\Documents\repos\DSpace__DSpace\dspace-oai\src\main\java\org\dspace\xoai\filter\DateUntilFilter.java,28
,,false,MethodCallExpr,org.dspace.xoai.util.ItemUtils,create,C:\Users\tyin363\Documents\repos\DSpace__DSpace\dspace-oai\src\main\java\org\dspace\xoai\util\ItemUtils.java,182
,,false,ClassOrInterfaceType,org.dspace.xoai.services.api.solr.SolrQueryResolver,SolrQueryResolver,C:\Users\tyin363\Documents\repos\DSpace__DSpace\dspace-oai\src\main\java\org\dspace\xoai\app\BasicConfiguration.java,147
org.dspace:xoai,3.4.1,false,ClassOrInterfaceType,com.lyncode.xoai.dataprovider.exceptions.BadResumptionToken,BadResumptionToken,C:\Users\tyin363\Documents\repos\DSpace__DSpace\dspace-oai\src\main\java\org\dspace\xoai\services\impl\xoai\DSpaceResumptionTokenFormatter.java,44
org.dspace:xoai,3.4.1,false,MethodCallExpr,com.lyncode.xoai.dataprovider.xml.xoaiconfig.parameters.ParameterValue,asParameterList,C:\Users\tyin363\Documents\repos\DSpace__DSpace\dspace-oai\src\main\java\org\dspace\xoai\filter\DSpaceAtLeastOneMetadataFilter.java,58
com.google.guava:guava,32.1.3-jre,true,MethodCallExpr,com.google.common.collect.Collections2,filter,C:\Users\tyin363\Documents\repos\DSpace__DSpace\dspace-oai\src\main\java\org\dspace\xoai\data\DSpaceItem.java,29
JDK:java.base,N/A,false,ClassOrInterfaceType,java.time.Instant,Instant,C:\Users\tyin363\Documents\repos\DSpace__DSpace\dspace-oai\src\main\java\org\dspace\xoai\util\DateUtils.java,86
JDK:java.base,N/A,false,MethodCallExpr,java.lang.Throwable,getMessage,C:\Users\tyin363\Documents\repos\DSpace__DSpace\dspace-oai\src\main\java\org\dspace\xoai\app\XOAI.java,271
org.dspace:xoai,3.4.1,false,ClassOrInterfaceType,com.lyncode.xoai.dataprovider.exceptions.OAIException,OAIException,C:\Users\tyin363\Documents\repos\DSpace__DSpace\dspace-oai\src\main\java\org\dspace\xoai\controller\DSpaceOAIDataProvider.java,144
org.dspace:xoai,3.4.1,false,MethodCallExpr,com.lyncode.xoai.dataprovider.xml.xoai.Metadata,getElement,C:\Users\tyin363\Documents\repos\DSpace__DSpace\dspace-oai\src\main\java\org\dspace\xoai\util\ItemUtils.java,318
org.dspace:xoai,3.4.1,false,ClassOrInterfaceType,com.lyncode.xoai.dataprovider.xml.xoai.Element,Element,C:\Users\tyin363\Documents\repos\DSpace__DSpace\dspace-oai\src\main\java\org\dspace\xoai\util\ItemUtils.java,249
,,false,ClassOrInterfaceType,org.dspace.xoai.solr.exceptions.SolrSearchEmptyException,SolrSearchEmptyException,C:\Users\tyin363\Documents\repos\DSpace__DSpace\dspace-oai\src\main\java\org\dspace\xoai\solr\DSpaceSolrSearch.java,45
,,false,ClassOrInterfaceType,org.dspace.xoai.filter.DSpaceFilter,DSpaceFilter,C:\Users\tyin363\Documents\repos\DSpace__DSpace\dspace-oai\src\main\java\org\dspace\xoai\filter\DSpaceAuthorizationFilter.java,27
,,false,ClassOrInterfaceType,org.dspace.xoai.filter.DSpaceFilter,DSpaceFilter,C:\Users\tyin363\Documents\repos\DSpace__DSpace\dspace-oai\src\main\java\org\dspace\xoai\filter\NotFilter.java,16
,,false,ClassOrInterfaceType,org.dspace.xoai.services.api.config.ConfigurationService,ConfigurationService,C:\Users\tyin363\Documents\repos\DSpace__DSpace\dspace-oai\src\main\java\org\dspace\xoai\services\impl\xoai\DSpaceRepositoryConfiguration.java,49
JDK:java.base,N/A,false,ClassOrInterfaceType,java.lang.String,String,C:\Users\tyin363\Documents\repos\DSpace__DSpace\dspace-oai\src\main\java\org\dspace\xoai\services\api\config\ConfigurationService.java,15
org.dspace:xoai,3.4.1,false,ClassOrInterfaceType,com.lyncode.xoai.dataprovider.xml.XmlOutputContext,XmlOutputContext,C:\Users\tyin363\Documents\repos\DSpace__DSpace\dspace-oai\src\main\java\org\dspace\xoai\services\impl\cache\DSpaceXOAIItemCacheService.java,83
JDK:java.base,N/A,false,ClassOrInterfaceType,java.time.Instant,Instant,C:\Users\tyin363\Documents\repos\DSpace__DSpace\dspace-oai\src\main\java\org\dspace\xoai\services\api\cache\XOAILastCompilationCacheService.java,19
org.dspace:xoai,3.4.1,false,MethodCallExpr,com.lyncode.xoai.dataprovider.xml.xoai.Element,getField,C:\Users\tyin363\Documents\repos\DSpace__DSpace\dspace-oai\src\main\java\org\dspace\xoai\app\plugins\AccessStatusElementItemCompilePlugin.java,66
JDK:java.base,N/A,false,MethodCallExpr,java.lang.String,toLowerCase,C:\Users\tyin363\Documents\repos\DSpace__DSpace\dspace-oai\src\main\java\org\dspace\xoai\services\impl\set\DSpaceSetSpecResolver.java,96
,,false,ClassOrInterfaceType,org.dspace.xoai.filter.DSpaceFilter,DSpaceFilter,C:\Users\tyin363\Documents\repos\DSpace__DSpace\dspace-oai\src\main\java\org\dspace\xoai\filter\DSpaceMetadataExistsFilter.java,30
JDK:java.base,N/A,false,ObjectCreationExpr,java.util.LinkedList,LinkedList,C:\Users\tyin363\Documents\repos\DSpace__DSpace\dspace-oai\src\main\java\org\dspace\xoai\services\impl\DSpaceCollectionsService.java,59
,,false,ObjectCreationExpr,org.dspace.xoai.services.api.config.XOAIManagerResolverException,XOAIManagerResolverException,C:\Users\tyin363\Documents\repos\DSpace__DSpace\dspace-oai\src\main\java\org\dspace\xoai\services\impl\context\DSpaceXOAIManagerResolver.java,35
JDK:java.base,N/A,false,ClassOrInterfaceType,java.util.List,List,C:\Users\tyin363\Documents\repos\DSpace__DSpace\dspace-oai\src\main\java\org\dspace\xoai\data\DSpaceItem.java,42
org.dspace:xoai,3.4.1,false,MethodCallExpr,com.lyncode.xoai.dataprovider.services.api.ItemRepository,getItemIdentifiers,C:\Users\tyin363\Documents\repos\DSpace__DSpace\dspace-oai\src\main\java\org\dspace\xoai\services\impl\xoai\DSpaceItemRepository.java,96
,,false,ClassOrInterfaceType,org.dspace.xoai.services.api.HandleResolver,HandleResolver,C:\Users\tyin363\Documents\repos\DSpace__DSpace\dspace-oai\src\main\java\org\dspace\xoai\app\BasicConfiguration.java,137
,,false,MethodCallExpr,org.dspace.xoai.services.api.config.ConfigurationService,getProperty,C:\Users\tyin363\Documents\repos\DSpace__DSpace\dspace-oai\src\main\java\org\dspace\xoai\services\impl\xoai\DSpaceRepositoryConfiguration.java,60
JDK:java.base,N/A,false,ClassOrInterfaceType,java.lang.String,String,C:\Users\tyin363\Documents\repos\DSpace__DSpace\dspace-oai\src\main\java\org\dspace\xoai\services\impl\xoai\DSpaceItemSolrRepository.java,55
,,false,MethodCallExpr,org.dspace.xoai.services.api.cache.XOAIItemCacheService,deleteAll,C:\Users\tyin363\Documents\repos\DSpace__DSpace\dspace-oai\src\main\java\org\dspace\xoai\app\XOAI.java,677
,,false,ObjectCreationExpr,org.dspace.xoai.services.api.HandleResolverException,HandleResolverException,C:\Users\tyin363\Documents\repos\DSpace__DSpace\dspace-oai\src\main\java\org\dspace\xoai\services\impl\DSpaceHandleResolver.java,36
JDK:java.base,N/A,false,MethodCallExpr,java.lang.String,matches,C:\Users\tyin363\Documents\repos\DSpace__DSpace\dspace-oai\src\main\java\org\dspace\xoai\services\impl\set\DSpaceSetSpecResolver.java,66
JDK:java.base,N/A,false,MethodCallExpr,java.util.List,add,C:\Users\tyin363\Documents\repos\DSpace__DSpace\dspace-oai\src\main\java\org\dspace\xoai\services\impl\xoai\DSpaceItemRepository.java,75
org.dspace:xoai,3.4.1,false,ClassOrInterfaceType,com.lyncode.xoai.dataprovider.core.ListItemIdentifiersResult,ListItemIdentifiersResult,C:\Users\tyin363\Documents\repos\DSpace__DSpace\dspace-oai\src\main\java\org\dspace\xoai\services\impl\xoai\DSpaceItemRepository.java,90
,,false,ClassOrInterfaceType,org.dspace.xoai.services.api.xoai.ItemRepositoryResolver,ItemRepositoryResolver,C:\Users\tyin363\Documents\repos\DSpace__DSpace\dspace-oai\src\main\java\org\dspace\app\configuration\OAIWebConfig.java,100
JDK:java.base,N/A,false,ClassOrInterfaceType,java.lang.Throwable,Throwable,C:\Users\tyin363\Documents\repos\DSpace__DSpace\dspace-oai\src\main\java\org\dspace\xoai\app\XOAI.java,662
org.springframework:spring-beans,6.2.9,true,MethodCallExpr,org.springframework.beans.factory.config.AutowireCapableBeanFactory,autowireBean,C:\Users\tyin363\Documents\repos\DSpace__DSpace\dspace-oai\src\main\java\org\dspace\xoai\app\XOAI.java,647
,,false,ClassOrInterfaceType,org.dspace.xoai.filter.results.SolrFilterResult,SolrFilterResult,C:\Users\tyin363\Documents\repos\DSpace__DSpace\dspace-oai\src\main\java\org\dspace\xoai\filter\DSpaceFilter.java,37
JDK:java.base,N/A,false,ClassOrInterfaceType,java.util.List,List,C:\Users\tyin363\Documents\repos\DSpace__DSpace\dspace-oai\src\main\java\org\dspace\xoai\filter\DSpaceAtLeastOneMetadataFilter.java,46
JDK:java.base,N/A,false,MethodCallExpr,java.io.InputStream,close,C:\Users\tyin363\Documents\repos\DSpace__DSpace\dspace-oai\src\main\java\org\dspace\xoai\services\impl\cache\DSpaceXOAICacheService.java,97
JDK:java.base,N/A,false,ClassOrInterfaceType,java.io.IOException,IOException,C:\Users\tyin363\Documents\repos\DSpace__DSpace\dspace-oai\src\main\java\org\dspace\xoai\util\ItemUtils.java,212
JDK:java.base,N/A,false,MethodCallExpr,java.time.LocalDate,toString,C:\Users\tyin363\Documents\repos\DSpace__DSpace\dspace-oai\src\main\java\org\dspace\xoai\app\plugins\AccessStatusElementItemCompilePlugin.java,62
,,false,MethodCallExpr,org.dspace.xoai.filter.results.SolrFilterResult,hasResult,C:\Users\tyin363\Documents\repos\DSpace__DSpace\dspace-oai\src\main\java\org\dspace\xoai\services\impl\xoai\BaseDSpaceFilterResolver.java,60
,,false,ClassOrInterfaceType,org.dspace.xoai.filter.SolrFilterResult,SolrFilterResult,C:\Users\tyin363\Documents\repos\DSpace__DSpace\dspace-oai\src\main\java\org\dspace\xoai\filter\SolrFilterResult.java,17
org.dspace:xoai,3.4.1,false,ClassOrInterfaceType,com.lyncode.xoai.dataprovider.exceptions.WritingXmlException,WritingXmlException,C:\Users\tyin363\Documents\repos\DSpace__DSpace\dspace-oai\src\main\java\org\dspace\xoai\app\XOAI.java,329
JDK:java.base,N/A,false,ClassOrInterfaceType,java.lang.String,String,C:\Users\tyin363\Documents\repos\DSpace__DSpace\dspace-oai\src\main\java\org\dspace\xoai\exceptions\CompilingException.java,28
,,false,MethodCallExpr,org.dspace.xoai.filter.DSpaceFilter,getConfiguration,C:\Users\tyin363\Documents\repos\DSpace__DSpace\dspace-oai\src\main\java\org\dspace\xoai\filter\DSpaceAtLeastOneMetadataFilter.java,50
,,false,ClassOrInterfaceType,org.dspace.xoai.services.api.config.ConfigurationService,ConfigurationService,C:\Users\tyin363\Documents\repos\DSpace__DSpace\dspace-oai\src\main\java\org\dspace\xoai\services\impl\xoai\DSpaceRepositoryConfiguration.java,47
JDK:java.base,N/A,false,MethodCallExpr,java.util.List,add,C:\Users\tyin363\Documents\repos\DSpace__DSpace\dspace-oai\src\main\java\org\dspace\xoai\services\impl\xoai\DSpaceItemRepository.java,76
,,false,ClassOrInterfaceType,org.dspace.xoai.services.impl.xoai.DSpaceResumptionTokenFormatter,DSpaceResumptionTokenFormatter,C:\Users\tyin363\Documents\repos\DSpace__DSpace\dspace-oai\src\main\java\org\dspace\xoai\controller\DSpaceOAIDataProvider.java,73
org.dspace:xoai,3.4.1,false,ClassOrInterfaceType,com.lyncode.xoai.dataprovider.xml.xoai.Element,Element,C:\Users\tyin363\Documents\repos\DSpace__DSpace\dspace-oai\src\main\java\org\dspace\xoai\util\ItemUtils.java,111
JDK:java.base,N/A,false,ClassOrInterfaceType,java.lang.String,String,C:\Users\tyin363\Documents\repos\DSpace__DSpace\dspace-oai\src\main\java\org\dspace\xoai\services\api\config\ConfigurationService.java,17
org.dspace:xoai,3.4.1,false,ClassOrInterfaceType,com.lyncode.xoai.dataprovider.data.Filter,Filter,C:\Users\tyin363\Documents\repos\DSpace__DSpace\dspace-oai\src\main\java\org\dspace\xoai\services\impl\xoai\BaseDSpaceFilterResolver.java,98
,,false,MethodCallExpr,org.dspace.xoai.services.impl.xoai.DSpaceSetRepository,community,C:\Users\tyin363\Documents\repos\DSpace__DSpace\dspace-oai\src\main\java\org\dspace\xoai\services\impl\xoai\DSpaceSetRepository.java,134
org.dspace:xoai,3.4.1,false,ClassOrInterfaceType,com.lyncode.xoai.dataprovider.services.api.ItemRepository,ItemRepository,C:\Users\tyin363\Documents\repos\DSpace__DSpace\dspace-oai\src\main\java\org\dspace\xoai\services\impl\xoai\DSpaceItemRepositoryResolver.java,40
JDK:java.base,N/A,false,ClassOrInterfaceType,java.util.Date,Date,C:\Users\tyin363\Documents\repos\DSpace__DSpace\dspace-oai\src\main\java\org\dspace\xoai\services\impl\xoai\DSpaceItemRepository.java,124
JDK:java.base,N/A,false,ClassOrInterfaceType,java.lang.Exception,Exception,C:\Users\tyin363\Documents\repos\DSpace__DSpace\dspace-oai\src\main\java\org\dspace\xoai\filter\DSpaceSetSpecFilter.java,59
JDK:java.base,N/A,false,ClassOrInterfaceType,java.time.format.DateTimeParseException,DateTimeParseException,C:\Users\tyin363\Documents\repos\DSpace__DSpace\dspace-oai\src\main\java\org\dspace\xoai\util\DateUtils.java,58
JDK:java.base,N/A,false,ObjectCreationExpr,java.util.ArrayList,ArrayList,C:\Users\tyin363\Documents\repos\DSpace__DSpace\dspace-oai\src\main\java\org\dspace\xoai\app\XOAI.java,111
JDK:java.base,N/A,false,ClassOrInterfaceType,java.lang.String,String,C:\Users\tyin363\Documents\repos\DSpace__DSpace\dspace-oai\src\main\java\org\dspace\xoai\filter\DSpaceAtLeastOneMetadataFilter.java,35
,,false,MethodCallExpr,org.dspace.xoai.filter.data.DSpaceMetadataFilterOperator,valueOf,C:\Users\tyin363\Documents\repos\DSpace__DSpace\dspace-oai\src\main\java\org\dspace\xoai\filter\DSpaceAtLeastOneMetadataFilter.java,74
JDK:java.base,N/A,false,ClassOrInterfaceType,java.lang.String,String,C:\Users\tyin363\Documents\repos\DSpace__DSpace\dspace-oai\src\main\java\org\dspace\xoai\services\api\HandleResolverException.java,15
org.dspace:xoai,3.4.1,false,ObjectCreationExpr,com.lyncode.xoai.dataprovider.filter.ScopedFilter,ScopedFilter,C:\Users\tyin363\Documents\repos\DSpace__DSpace\dspace-oai\src\main\java\org\dspace\xoai\services\impl\xoai\DSpaceItemRepository.java,42
org.dspace:xoai,3.4.1,false,ClassOrInterfaceType,com.lyncode.xoai.dataprovider.xml.xoai.Element,Element,C:\Users\tyin363\Documents\repos\DSpace__DSpace\dspace-oai\src\main\java\org\dspace\xoai\util\ItemUtils.java,243
org.apache.logging.log4j:log4j-api,2.25.1,false,MethodCallExpr,org.apache.logging.log4j.LogManager,getLogger,C:\Users\tyin363\Documents\repos\DSpace__DSpace\dspace-oai\src\main\java\org\dspace\xoai\controller\DSpaceOAIDataProvider.java,58
org.dspace:xoai,3.4.1,false,ClassOrInterfaceType,com.lyncode.xoai.dataprovider.filter.ScopedFilter,ScopedFilter,C:\Users\tyin363\Documents\repos\DSpace__DSpace\dspace-oai\src\main\java\org\dspace\xoai\services\impl\xoai\DSpaceItemRepository.java,93
,,false,ClassOrInterfaceType,org.dspace.xoai.services.api.config.ConfigurationService,ConfigurationService,C:\Users\tyin363\Documents\repos\DSpace__DSpace\dspace-oai\src\main\java\org\dspace\xoai\app\BasicConfiguration.java,55
org.dspace:xoai,3.4.1,false,ClassOrInterfaceType,com.lyncode.xoai.dataprovider.exceptions.ConfigurationException,ConfigurationException,C:\Users\tyin363\Documents\repos\DSpace__DSpace\dspace-oai\src\main\java\org\dspace\xoai\app\XOAI.java,586
,,false,ClassOrInterfaceType,org.dspace.xoai.filter.DSpaceFilter,DSpaceFilter,C:\Users\tyin363\Documents\repos\DSpace__DSpace\dspace-oai\src\main\java\org\dspace\xoai\filter\NotFilter.java,13
JDK:java.base,N/A,false,ClassOrInterfaceType,java.lang.String,String,C:\Users\tyin363\Documents\repos\DSpace__DSpace\dspace-oai\src\main\java\org\dspace\xoai\services\impl\DSpaceServiceResolver.java,19
org.dspace:xoai,3.4.1,false,ClassOrInterfaceType,com.lyncode.xoai.dataprovider.core.ListItemsResults,ListItemsResults,C:\Users\tyin363\Documents\repos\DSpace__DSpace\dspace-oai\src\main\java\org\dspace\xoai\services\impl\xoai\DSpaceItemSolrRepository.java,92
JDK:java.base,N/A,false,MethodCallExpr,java.util.List,add,C:\Users\tyin363\Documents\repos\DSpace__DSpace\dspace-oai\src\main\java\org\dspace\xoai\services\impl\xoai\DSpaceItemRepository.java,77
JDK:java.base,N/A,false,ClassOrInterfaceType,java.time.Instant,Instant,C:\Users\tyin363\Documents\repos\DSpace__DSpace\dspace-oai\src\main\java\org\dspace\xoai\app\XOAI.java,387
org.springframework:spring-context,6.2.9,true,ClassOrInterfaceType,org.springframework.ui.Model,Model,C:\Users\tyin363\Documents\repos\DSpace__DSpace\dspace-oai\src\main\java\org\dspace\xoai\controller\DSpaceOAIDataProvider.java,81
,,false,ClassOrInterfaceType,org.dspace.xoai.services.impl.xoai.DSpaceItemRepository,DSpaceItemRepository,C:\Users\tyin363\Documents\repos\DSpace__DSpace\dspace-oai\src\main\java\org\dspace\xoai\services\impl\xoai\DSpaceItemSolrRepository.java,42
JDK:java.base,N/A,false,ClassOrInterfaceType,java.util.List,List,C:\Users\tyin363\Documents\repos\DSpace__DSpace\dspace-oai\src\main\java\org\dspace\xoai\services\impl\xoai\DSpaceItemSolrRepository.java,73
JDK:java.base,N/A,false,MethodCallExpr,java.lang.Throwable,getMessage,C:\Users\tyin363\Documents\repos\DSpace__DSpace\dspace-oai\src\main\java\org\dspace\xoai\controller\DSpaceOAIDataProvider.java,137
JDK:java.base,N/A,false,ClassOrInterfaceType,java.io.FileOutputStream,FileOutputStream,C:\Users\tyin363\Documents\repos\DSpace__DSpace\dspace-oai\src\main\java\org\dspace\xoai\services\impl\cache\DSpaceXOAIItemCacheService.java,81
,,false,ClassOrInterfaceType,org.dspace.xoai.filter.results.SolrFilterResult,SolrFilterResult,C:\Users\tyin363\Documents\repos\DSpace__DSpace\dspace-oai\src\main\java\org\dspace\xoai\filter\DSpaceMetadataExistsFilter.java,69
org.dspace:xoai,3.4.1,false,ClassOrInterfaceType,com.lyncode.xoai.dataprovider.filter.ScopedFilter,ScopedFilter,C:\Users\tyin363\Documents\repos\DSpace__DSpace\dspace-oai\src\main\java\org\dspace\xoai\services\impl\xoai\DSpaceItemRepository.java,94
JDK:java.base,N/A,false,ClassOrInterfaceType,java.lang.String,String,C:\Users\tyin363\Documents\repos\DSpace__DSpace\dspace-oai\src\main\java\org\dspace\xoai\services\impl\xoai\DSpaceItemSolrRepository.java,59
JDK:java.base,N/A,false,ClassOrInterfaceType,java.io.IOException,IOException,C:\Users\tyin363\Documents\repos\DSpace__DSpace\dspace-oai\src\main\java\org\dspace\xoai\services\impl\cache\DSpaceXOAIItemCacheService.java,92
,,false,ClassOrInterfaceType,org.dspace.xoai.services.api.xoai.ItemRepositoryResolver,ItemRepositoryResolver,C:\Users\tyin363\Documents\repos\DSpace__DSpace\dspace-oai\src\main\java\org\dspace\xoai\services\impl\xoai\DSpaceItemRepositoryResolver.java,22
JDK:java.base,N/A,false,ClassOrInterfaceType,java.sql.SQLException,SQLException,C:\Users\tyin363\Documents\repos\DSpace__DSpace\dspace-oai\src\main\java\org\dspace\xoai\services\impl\DSpaceCollectionsService.java,40
org.dspace:xoai,3.4.1,false,ObjectCreationExpr,com.lyncode.xoai.dataprovider.core.ResumptionToken,ResumptionToken,C:\Users\tyin363\Documents\repos\DSpace__DSpace\dspace-oai\src\main\java\org\dspace\xoai\services\impl\xoai\DSpaceResumptionTokenFormatter.java,41
,,false,ClassOrInterfaceType,org.dspace.xoai.services.api.context.ContextService,ContextService,C:\Users\tyin363\Documents\repos\DSpace__DSpace\dspace-oai\src\main\java\org\dspace\xoai\services\impl\xoai\DSpaceSetRepositoryResolver.java,18
org.apache.logging.log4j:log4j-api,2.25.1,false,MethodCallExpr,org.apache.logging.log4j.Logger,warn,C:\Users\tyin363\Documents\repos\DSpace__DSpace\dspace-oai\src\main\java\org\dspace\xoai\util\URLUtils.java,33
org.apache.logging.log4j:log4j-api,2.25.1,false,MethodCallExpr,org.apache.logging.log4j.Logger,error,C:\Users\tyin363\Documents\repos\DSpace__DSpace\dspace-oai\src\main\java\org\dspace\xoai\app\XOAI.java,330
,,false,ClassOrInterfaceType,org.dspace.xoai.services.api.solr.SolrServerResolver,SolrServerResolver,C:\Users\tyin363\Documents\repos\DSpace__DSpace\dspace-oai\src\main\java\org\dspace\xoai\services\impl\solr\DSpaceSolrServerResolver.java,21
,,false,MethodCallExpr,org.dspace.xoai.filter.DSpaceFilter,getConfiguration,C:\Users\tyin363\Documents\repos\DSpace__DSpace\dspace-oai\src\main\java\org\dspace\xoai\filter\DSpaceAtLeastOneMetadataFilter.java,48
JDK:java.base,N/A,false,ClassOrInterfaceType,java.lang.String,String,C:\Users\tyin363\Documents\repos\DSpace__DSpace\dspace-oai\src\main\java\org\dspace\xoai\app\XOAI.java,149
JDK:java.base,N/A,false,MethodCallExpr,java.time.Instant,isBefore,C:\Users\tyin363\Documents\repos\DSpace__DSpace\dspace-oai\src\main\java\org\dspace\xoai\app\XOAI.java,390
,,false,ClassOrInterfaceType,org.dspace.xoai.services.api.config.XOAIManagerResolver,XOAIManagerResolver,C:\Users\tyin363\Documents\repos\DSpace__DSpace\dspace-oai\src\main\java\org\dspace\xoai\services\impl\context\DSpaceXOAIManagerResolver.java,19
org.dspace:xoai,3.4.1,false,MethodCallExpr,com.lyncode.xoai.dataprovider.xml.xoai.Element,getField,C:\Users\tyin363\Documents\repos\DSpace__DSpace\dspace-oai\src\main\java\org\dspace\xoai\app\plugins\AccessStatusElementItemCompilePlugin.java,69
JDK:java.base,N/A,false,FieldAccessExpr,java.lang.System,out,C:\Users\tyin363\Documents\repos\DSpace__DSpace\dspace-oai\src\main\java\org\dspace\xoai\app\XOAI.java,626
org.dspace:xoai,3.4.1,false,MethodCallExpr,com.lyncode.xoai.dataprovider.xml.xoai.Element,setName,C:\Users\tyin363\Documents\repos\DSpace__DSpace\dspace-oai\src\main\java\org\dspace\xoai\util\ItemUtils.java,89
org.thymeleaf:thymeleaf-spring6,3.1.3.RELEASE,true,MethodCallExpr,org.thymeleaf.spring6.view.ThymeleafViewResolver,setTemplateEngine,C:\Users\tyin363\Documents\repos\DSpace__DSpace\dspace-oai\src\main\java\org\dspace\app\configuration\OAIWebConfig.java,94
org.dspace:xoai,3.4.1,false,ClassOrInterfaceType,com.lyncode.xoai.dataprovider.xml.XmlOutputContext,XmlOutputContext,C:\Users\tyin363\Documents\repos\DSpace__DSpace\dspace-oai\src\main\java\org\dspace\xoai\app\XOAI.java,496
JDK:java.base,N/A,false,MethodCallExpr,java.lang.String,split,C:\Users\tyin363\Documents\repos\DSpace__DSpace\dspace-oai\src\main\java\org\dspace\xoai\services\impl\set\DSpaceSetSpecResolver.java,53
JDK:java.base,N/A,false,ClassOrInterfaceType,java.util.LinkedList,LinkedList,C:\Users\tyin363\Documents\repos\DSpace__DSpace\dspace-oai\src\main\java\org\dspace\xoai\app\XOAI.java,221
,,false,FieldAccessExpr,org.dspace.xoai.filter.NotFilter,inFilter,C:\Users\tyin363\Documents\repos\DSpace__DSpace\dspace-oai\src\main\java\org\dspace\xoai\filter\NotFilter.java,17
org.dspace:xoai,3.4.1,false,ClassOrInterfaceType,com.lyncode.xoai.dataprovider.core.Set,Set,C:\Users\tyin363\Documents\repos\DSpace__DSpace\dspace-oai\src\main\java\org\dspace\xoai\services\impl\xoai\DSpaceSetRepository.java,125
,,false,ClassOrInterfaceType,org.dspace.xoai.filter.DSpaceFilter,DSpaceFilter,C:\Users\tyin363\Documents\repos\DSpace__DSpace\dspace-oai\src\main\java\org\dspace\xoai\services\impl\xoai\BaseDSpaceFilterResolver.java,76
JDK:java.base,N/A,false,ClassOrInterfaceType,java.lang.String,String,C:\Users\tyin363\Documents\repos\DSpace__DSpace\dspace-oai\src\main\java\org\dspace\xoai\filter\DSpaceAtLeastOneMetadataFilter.java,37
JDK:java.base,N/A,false,FieldAccessExpr,java.lang.System,out,C:\Users\tyin363\Documents\repos\DSpace__DSpace\dspace-oai\src\main\java\org\dspace\xoai\services\impl\cache\DSpaceXOAIItemCacheService.java,65
JDK:java.base,N/A,false,MethodCallExpr,java.util.List,add,C:\Users\tyin363\Documents\repos\DSpace__DSpace\dspace-oai\src\main\java\org\dspace\xoai\util\ItemUtils.java,143
JDK:java.base,N/A,false,ClassOrInterfaceType,java.lang.RuntimeException,RuntimeException,C:\Users\tyin363\Documents\repos\DSpace__DSpace\dspace-oai\src\main\java\org\dspace\xoai\util\ItemUtils.java,323
JDK:java.base,N/A,false,ObjectCreationExpr,java.util.ArrayList,ArrayList,C:\Users\tyin363\Documents\repos\DSpace__DSpace\dspace-oai\src\main\java\org\dspace\xoai\services\impl\xoai\DSpaceSetRepository.java,105
JDK:java.base,N/A,false,ClassOrInterfaceType,java.lang.String,String,C:\Users\tyin363\Documents\repos\DSpace__DSpace\dspace-oai\src\main\java\org\dspace\app\configuration\OAIWebConfig.java,50
JDK:java.base,N/A,false,ClassOrInterfaceType,java.time.Instant,Instant,C:\Users\tyin363\Documents\repos\DSpace__DSpace\dspace-oai\src\main\java\org\dspace\xoai\services\impl\cache\DSpaceXOAILastCompilationCacheService.java,52
,,false,ClassOrInterfaceType,com.lyncode.xoai.dataprovider.xml.xoai.Element.Field,Field,C:\Users\tyin363\Documents\repos\DSpace__DSpace\dspace-oai\src\main\java\org\dspace\xoai\data\DSpaceItem.java,46
,,false,MethodCallExpr,org.dspace.xoai.data.DSpaceItem,getMetadata,C:\Users\tyin363\Documents\repos\DSpace__DSpace\dspace-oai\src\main\java\org\dspace\xoai\filter\DSpaceAtLeastOneMetadataFilter.java,86
JDK:java.base,N/A,false,ClassOrInterfaceType,java.time.Instant,Instant,C:\Users\tyin363\Documents\repos\DSpace__DSpace\dspace-oai\src\main\java\org\dspace\xoai\app\XOAI.java,371
,,false,MethodCallExpr,org.dspace.xoai.services.api.xoai.SetRepositoryResolver,getSetRepository,C:\Users\tyin363\Documents\repos\DSpace__DSpace\dspace-oai\src\main\java\org\dspace\xoai\controller\DSpaceOAIDataProvider.java,105
,,false,FieldAccessExpr,org.dspace.xoai.services.impl.xoai.DSpaceItemRepository,collectionsService,C:\Users\tyin363\Documents\repos\DSpace__DSpace\dspace-oai\src\main\java\org\dspace\xoai\services\impl\xoai\DSpaceItemRepository.java,35
,,false,MethodCallExpr,org.dspace.xoai.util.ItemUtils,create,C:\Users\tyin363\Documents\repos\DSpace__DSpace\dspace-oai\src\main\java\org\dspace\xoai\util\ItemUtils.java,193
org.apache.logging.log4j:log4j-api,2.25.1,false,ClassOrInterfaceType,org.apache.logging.log4j.Logger,Logger,C:\Users\tyin363\Documents\repos\DSpace__DSpace\dspace-oai\src\main\java\org\dspace\xoai\app\BasicConfiguration.java,52
org.dspace:xoai,3.4.1,false,ObjectCreationExpr,com.lyncode.xoai.dataprovider.filter.ScopedFilter,ScopedFilter,C:\Users\tyin363\Documents\repos\DSpace__DSpace\dspace-oai\src\main\java\org\dspace\xoai\services\impl\xoai\DSpaceItemRepository.java,57
JDK:java.base,N/A,false,MethodCallExpr,java.io.File,toURI,C:\Users\tyin363\Documents\repos\DSpace__DSpace\dspace-oai\src\main\java\org\dspace\xoai\app\OAISpringLoader.java,36
org.dspace:xoai,3.4.1,false,MethodCallExpr,com.lyncode.xoai.dataprovider.core.XOAIManager,getStyleSheet,C:\Users\tyin363\Documents\repos\DSpace__DSpace\dspace-oai\src\main\java\org\dspace\xoai\services\impl\cache\DSpaceXOAICacheService.java,56
org.apache.logging.log4j:log4j-api,2.25.1,false,MethodCallExpr,org.apache.logging.log4j.Logger,error,C:\Users\tyin363\Documents\repos\DSpace__DSpace\dspace-oai\src\main\java\org\dspace\xoai\app\XOAI.java,344
,,false,ClassOrInterfaceType,org.dspace.xoai.services.api.cache.XOAIItemCacheService,XOAIItemCacheService,C:\Users\tyin363\Documents\repos\DSpace__DSpace\dspace-oai\src\main\java\org\dspace\xoai\app\XOAI.java,98
JDK:java.base,N/A,false,MethodCallExpr,java.lang.String,contains,C:\Users\tyin363\Documents\repos\DSpace__DSpace\dspace-oai\src\main\java\org\dspace\xoai\filter\DSpaceAtLeastOneMetadataFilter.java,127
JDK:java.base,N/A,false,ClassOrInterfaceType,java.util.List,List,C:\Users\tyin363\Documents\repos\DSpace__DSpace\dspace-oai\src\main\java\org\dspace\xoai\services\impl\xoai\DSpaceItemRepository.java,54
JDK:java.base,N/A,false,ClassOrInterfaceType,java.util.List,List,C:\Users\tyin363\Documents\repos\DSpace__DSpace\dspace-oai\src\main\java\org\dspace\xoai\data\DSpaceItem.java,28
org.dspace:xoai,3.4.1,false,ClassOrInterfaceType,com.lyncode.xoai.dataprovider.filter.Scope,Scope,C:\Users\tyin363\Documents\repos\DSpace__DSpace\dspace-oai\src\main\java\org\dspace\xoai\services\impl\solr\DSpaceSolrQueryResolver.java,41
,,false,ClassOrInterfaceType,org.dspace.xoai.filter.results.SolrFilterResult,SolrFilterResult,C:\Users\tyin363\Documents\repos\DSpace__DSpace\dspace-oai\src\main\java\org\dspace\xoai\filter\results\SolrFilterResult.java,17
,,false,MethodCallExpr,org.dspace.xoai.services.impl.xoai.DSpaceItemRepository,getDateUntilFilter,C:\Users\tyin363\Documents\repos\DSpace__DSpace\dspace-oai\src\main\java\org\dspace\xoai\services\impl\xoai\DSpaceItemRepository.java,145
,,false,ClassOrInterfaceType,org.dspace.xoai.services.api.CollectionsService,CollectionsService,C:\Users\tyin363\Documents\repos\DSpace__DSpace\dspace-oai\src\main\java\org\dspace\xoai\app\BasicConfiguration.java,142
org.dspace:xoai,3.4.1,false,MethodCallExpr,com.lyncode.xoai.dataprovider.xml.xoaiconfig.parameters.ParameterMap,get,C:\Users\tyin363\Documents\repos\DSpace__DSpace\dspace-oai\src\main\java\org\dspace\xoai\filter\DSpaceAtLeastOneMetadataFilter.java,50
,,false,ClassOrInterfaceType,org.dspace.xoai.services.api.CollectionsService,CollectionsService,C:\Users\tyin363\Documents\repos\DSpace__DSpace\dspace-oai\src\main\java\org\dspace\xoai\filter\DSpaceSetSpecFilter.java,28
JDK:java.base,N/A,false,ClassOrInterfaceType,java.time.Instant,Instant,C:\Users\tyin363\Documents\repos\DSpace__DSpace\dspace-oai\src\main\java\org\dspace\xoai\app\XOAI.java,372
,,false,MethodCallExpr,org.dspace.xoai.data.DSpaceItem,getMetadata,C:\Users\tyin363\Documents\repos\DSpace__DSpace\dspace-oai\src\main\java\org\dspace\xoai\data\DSpaceItem.java,91
org.apache.logging.log4j:log4j-api,2.25.1,false,MethodCallExpr,org.apache.logging.log4j.LogManager,getLogger,C:\Users\tyin363\Documents\repos\DSpace__DSpace\dspace-oai\src\main\java\org\dspace\xoai\solr\DSpaceSolrServer.java,24
JDK:java.base,N/A,false,ClassOrInterfaceType,java.lang.Throwable,Throwable,C:\Users\tyin363\Documents\repos\DSpace__DSpace\dspace-oai\src\main\java\org\dspace\xoai\app\XOAI.java,543
JDK:java.base,N/A,false,ClassOrInterfaceType,java.lang.String,String,C:\Users\tyin363\Documents\repos\DSpace__DSpace\dspace-oai\src\main\java\org\dspace\xoai\services\impl\DSpaceHandleResolver.java,32
,,false,ClassOrInterfaceType,org.dspace.xoai.services.impl.DSpaceHandleResolver,DSpaceHandleResolver,C:\Users\tyin363\Documents\repos\DSpace__DSpace\dspace-oai\src\main\java\org\dspace\xoai\app\BasicConfiguration.java,138
org.dspace:xoai,3.4.1,false,ObjectCreationExpr,com.lyncode.xoai.dataprovider.filter.ScopedFilter,ScopedFilter,C:\Users\tyin363\Documents\repos\DSpace__DSpace\dspace-oai\src\main\java\org\dspace\xoai\services\impl\xoai\DSpaceItemRepository.java,58
commons-cli:commons-cli,1.9.0,false,ClassOrInterfaceType,org.apache.commons.cli.CommandLine,CommandLine,C:\Users\tyin363\Documents\repos\DSpace__DSpace\dspace-oai\src\main\java\org\dspace\xoai\app\XOAI.java,603
JDK:java.base,N/A,false,ClassOrInterfaceType,java.util.Map,Map,C:\Users\tyin363\Documents\repos\DSpace__DSpace\dspace-oai\src\main\java\org\dspace\xoai\services\impl\DSpaceServiceResolver.java,19
org.dspace:xoai,3.4.1,false,MethodCallExpr,com.lyncode.xoai.dataprovider.xml.xoai.Metadata,getElement,C:\Users\tyin363\Documents\repos\DSpace__DSpace\dspace-oai\src\main\java\org\dspace\xoai\app\plugins\AccessStatusElementItemCompilePlugin.java,73
JDK:java.base,N/A,false,ClassOrInterfaceType,java.time.format.DateTimeParseException,DateTimeParseException,C:\Users\tyin363\Documents\repos\DSpace__DSpace\dspace-oai\src\main\java\org\dspace\xoai\util\DateUtils.java,64
org.apache.logging.log4j:log4j-api,2.25.1,false,MethodCallExpr,org.apache.logging.log4j.LogManager,getLogger,C:\Users\tyin363\Documents\repos\DSpace__DSpace\dspace-oai\src\main\java\org\dspace\xoai\filter\DSpaceSetSpecFilter.java,24
JDK:java.base,N/A,false,ClassOrInterfaceType,java.lang.String,String,C:\Users\tyin363\Documents\repos\DSpace__DSpace\dspace-oai\src\main\java\org\dspace\xoai\services\impl\cache\DSpaceXOAICacheService.java,127
JDK:java.base,N/A,false,MethodCallExpr,java.lang.String,toLowerCase,C:\Users\tyin363\Documents\repos\DSpace__DSpace\dspace-oai\src\main\java\org\dspace\xoai\data\DSpaceItem.java,125
,,false,ObjectCreationExpr,org.dspace.xoai.services.impl.xoai.DSpaceItemRepositoryResolver,DSpaceItemRepositoryResolver,C:\Users\tyin363\Documents\repos\DSpace__DSpace\dspace-oai\src\main\java\org\dspace\xoai\app\BasicConfiguration.java,118
,,false,ClassOrInterfaceType,org.dspace.xoai.filter.results.SolrFilterResult,SolrFilterResult,C:\Users\tyin363\Documents\repos\DSpace__DSpace\dspace-oai\src\main\java\org\dspace\xoai\filter\DSpaceMetadataExistsFilter.java,80
,,false,ClassOrInterfaceType,org.dspace.xoai.filter.DSpaceFilter,DSpaceFilter,C:\Users\tyin363\Documents\repos\DSpace__DSpace\dspace-oai\src\main\java\org\dspace\xoai\services\impl\xoai\BaseDSpaceFilterResolver.java,78
JDK:java.base,N/A,false,ClassOrInterfaceType,java.lang.String,String,C:\Users\tyin363\Documents\repos\DSpace__DSpace\dspace-oai\src\main\java\org\dspace\xoai\filter\DSpaceAtLeastOneMetadataFilter.java,39
JDK:java.base,N/A,false,ClassOrInterfaceType,java.lang.String,String,C:\Users\tyin363\Documents\repos\DSpace__DSpace\dspace-oai\src\main\java\org\dspace\app\configuration\OAIWebConfig.java,48
JDK:java.base,N/A,false,MethodCallExpr,java.lang.String,split,C:\Users\tyin363\Documents\repos\DSpace__DSpace\dspace-oai\src\main\java\org\dspace\xoai\services\impl\xoai\DSpaceResumptionTokenFormatter.java,31
JDK:java.base,N/A,false,MethodCallExpr,java.lang.StringBuffer,append,C:\Users\tyin363\Documents\repos\DSpace__DSpace\dspace-oai\src\main\java\org\dspace\xoai\app\OAISpringLoader.java,33
,,false,MethodCallExpr,org.dspace.xoai.services.impl.cache.DSpaceXOAIItemCacheService,getBaseDir,C:\Users\tyin363\Documents\repos\DSpace__DSpace\dspace-oai\src\main\java\org\dspace\xoai\services\impl\cache\DSpaceXOAIItemCacheService.java,105
org.dspace:xoai,3.4.1,false,ClassOrInterfaceType,com.lyncode.xoai.dataprovider.xml.xoai.Metadata,Metadata,C:\Users\tyin363\Documents\repos\DSpace__DSpace\dspace-oai\src\main\java\org\dspace\xoai\services\api\cache\XOAIItemCacheService.java,19
org.apache.logging.log4j:log4j-api,2.25.1,false,ClassOrInterfaceType,org.apache.logging.log4j.Logger,Logger,C:\Users\tyin363\Documents\repos\DSpace__DSpace\dspace-oai\src\main\java\org\dspace\xoai\util\URLUtils.java,21
JDK:java.base,N/A,false,ClassOrInterfaceType,java.util.List,List,C:\Users\tyin363\Documents\repos\DSpace__DSpace\dspace-oai\src\main\java\org\dspace\xoai\data\DSpaceSolrItem.java,32
,,false,ClassOrInterfaceType,org.dspace.xoai.services.impl.xoai.DSpaceIdentifyResolver,DSpaceIdentifyResolver,C:\Users\tyin363\Documents\repos\DSpace__DSpace\dspace-oai\src\main\java\org\dspace\xoai\app\BasicConfiguration.java,128
JDK:java.base,N/A,false,MethodCallExpr,java.util.List,add,C:\Users\tyin363\Documents\repos\DSpace__DSpace\dspace-oai\src\main\java\org\dspace\xoai\data\DSpaceItem.java,48
,,false,ClassOrInterfaceType,org.dspace.xoai.filter.DSpaceFilter,DSpaceFilter,C:\Users\tyin363\Documents\repos\DSpace__DSpace\dspace-oai\src\main\java\org\dspace\xoai\services\impl\xoai\BaseDSpaceFilterResolver.java,79
org.dspace:xoai,3.4.1,false,ClassOrInterfaceType,com.lyncode.xoai.dataprovider.xml.xoaiconfig.parameters.ParameterValue,ParameterValue,C:\Users\tyin363\Documents\repos\DSpace__DSpace\dspace-oai\src\main\java\org\dspace\xoai\filter\DSpaceMetadataExistsFilter.java,48
,,false,ObjectCreationExpr,org.dspace.xoai.services.impl.xoai.DSpaceItemRepository.Anonymous-e831cd31-04bd-4bbd-a290-e2cb9c94b4c5,Anonymous-e831cd31-04bd-4bbd-a290-e2cb9c94b4c5,C:\Users\tyin363\Documents\repos\DSpace__DSpace\dspace-oai\src\main\java\org\dspace\xoai\services\impl\xoai\DSpaceItemRepository.java,168
,,false,ClassOrInterfaceType,org.dspace.xoai.services.api.CollectionsService,CollectionsService,C:\Users\tyin363\Documents\repos\DSpace__DSpace\dspace-oai\src\main\java\org\dspace\xoai\filter\DSpaceSetSpecFilter.java,30
,,false,ClassOrInterfaceType,org.dspace.xoai.services.impl.xoai.DSpaceItemSolrRepository.QueryResult,QueryResult,C:\Users\tyin363\Documents\repos\DSpace__DSpace\dspace-oai\src\main\java\org\dspace\xoai\services\impl\xoai\DSpaceItemSolrRepository.java,113
,,false,ClassOrInterfaceType,org.dspace.xoai.services.api.solr.SolrServerResolver,SolrServerResolver,C:\Users\tyin363\Documents\repos\DSpace__DSpace\dspace-oai\src\main\java\org\dspace\xoai\app\XOAI.java,94
org.dspace:xoai,3.4.1,false,MethodCallExpr,com.lyncode.xoai.dataprovider.xml.xoaiconfig.parameters.ParameterMap,get,C:\Users\tyin363\Documents\repos\DSpace__DSpace\dspace-oai\src\main\java\org\dspace\xoai\filter\DSpaceAtLeastOneMetadataFilter.java,48
JDK:java.base,N/A,false,ClassOrInterfaceType,java.lang.String,String,C:\Users\tyin363\Documents\repos\DSpace__DSpace\dspace-oai\src\main\java\org\dspace\xoai\services\impl\xoai\DSpaceRepositoryConfiguration.java,57
JDK:java.base,N/A,false,MethodCallExpr,java.util.Date,toInstant,C:\Users\tyin363\Documents\repos\DSpace__DSpace\dspace-oai\src\main\java\org\dspace\xoai\filter\DateFromFilter.java,33
org.dspace:xoai,3.4.1,false,ClassOrInterfaceType,com.lyncode.xoai.dataprovider.filter.ScopedFilter,ScopedFilter,C:\Users\tyin363\Documents\repos\DSpace__DSpace\dspace-oai\src\main\java\org\dspace\xoai\services\impl\xoai\DSpaceItemRepository.java,90
JDK:java.base,N/A,false,MethodCallExpr,java.util.List,add,C:\Users\tyin363\Documents\repos\DSpace__DSpace\dspace-oai\src\main\java\org\dspace\xoai\util\ItemUtils.java,272
org.apache.logging.log4j:log4j-api,2.25.1,false,MethodCallExpr,org.apache.logging.log4j.LogManager,getLogger,C:\Users\tyin363\Documents\repos\DSpace__DSpace\dspace-oai\src\main\java\org\dspace\xoai\filter\DSpaceAuthorizationFilter.java,28
,,false,ClassOrInterfaceType,org.dspace.xoai.services.api.xoai.ItemRepositoryResolver,ItemRepositoryResolver,C:\Users\tyin363\Documents\repos\DSpace__DSpace\dspace-oai\src\main\java\org\dspace\xoai\controller\DSpaceOAIDataProvider.java,67
JDK:java.base,N/A,false,ClassOrInterfaceType,java.util.List,List,C:\Users\tyin363\Documents\repos\DSpace__DSpace\dspace-oai\src\main\java\org\dspace\xoai\services\impl\xoai\DSpaceRepositoryConfiguration.java,79
,,false,ClassOrInterfaceType,org.dspace.xoai.services.api.cache.XOAICacheService,XOAICacheService,C:\Users\tyin363\Documents\repos\DSpace__DSpace\dspace-oai\src\main\java\org\dspace\xoai\controller\DSpaceOAIDataProvider.java,61
JDK:java.base,N/A,false,MethodCallExpr,java.util.Date,toInstant,C:\Users\tyin363\Documents\repos\DSpace__DSpace\dspace-oai\src\main\java\org\dspace\xoai\services\impl\xoai\DSpaceItemRepository.java,145
,,false,MethodCallExpr,org.dspace.xoai.data.DSpaceItem,getMetadata,C:\Users\tyin363\Documents\repos\DSpace__DSpace\dspace-oai\src\main\java\org\dspace\xoai\data\DSpaceItem.java,93
org.dspace:xoai,3.4.1,false,ObjectCreationExpr,com.lyncode.xoai.dataprovider.core.ReferenceSet,ReferenceSet,C:\Users\tyin363\Documents\repos\DSpace__DSpace\dspace-oai\src\main\java\org\dspace\xoai\data\DSpaceSolrItem.java,54
JDK:java.base,N/A,false,ClassOrInterfaceType,javax.xml.stream.XMLStreamException,XMLStreamException,C:\Users\tyin363\Documents\repos\DSpace__DSpace\dspace-oai\src\main\java\org\dspace\xoai\services\impl\cache\DSpaceXOAIItemCacheService.java,70
JDK:java.base,N/A,false,ClassOrInterfaceType,java.lang.String,String,C:\Users\tyin363\Documents\repos\DSpace__DSpace\dspace-oai\src\main\java\org\dspace\xoai\services\impl\xoai\DSpaceItemRepository.java,167
JDK:java.base,N/A,false,ClassOrInterfaceType,java.util.Date,Date,C:\Users\tyin363\Documents\repos\DSpace__DSpace\dspace-oai\src\main\java\org\dspace\xoai\services\impl\xoai\DSpaceResumptionTokenFormatter.java,40
org.apache.logging.log4j:log4j-api,2.25.1,false,MethodCallExpr,org.apache.logging.log4j.LogManager,getLogger,C:\Users\tyin363\Documents\repos\DSpace__DSpace\dspace-oai\src\main\java\org\dspace\xoai\services\impl\xoai\DSpaceResumptionTokenFormatter.java,19
org.dspace:xoai,3.4.1,false,ClassOrInterfaceType,com.lyncode.xoai.dataprovider.xml.xoai.Element,Element,C:\Users\tyin363\Documents\repos\DSpace__DSpace\dspace-oai\src\main\java\org\dspace\xoai\data\DSpaceItem.java,28
JDK:java.base,N/A,false,ClassOrInterfaceType,java.util.ArrayList,ArrayList,C:\Users\tyin363\Documents\repos\DSpace__DSpace\dspace-oai\src\main\java\org\dspace\xoai\services\impl\DSpaceCollectionsService.java,36
,,false,ClassOrInterfaceType,org.dspace.xoai.filter.DSpaceFilter,DSpaceFilter,C:\Users\tyin363\Documents\repos\DSpace__DSpace\dspace-oai\src\main\java\org\dspace\xoai\services\impl\xoai\BaseDSpaceFilterResolver.java,80
org.dspace:xoai,3.4.1,false,ClassOrInterfaceType,com.lyncode.xoai.dataprovider.core.ListItemsResults,ListItemsResults,C:\Users\tyin363\Documents\repos\DSpace__DSpace\dspace-oai\src\main\java\org\dspace\xoai\services\impl\xoai\DSpaceItemSolrRepository.java,99
JDK:java.base,N/A,false,MethodCallExpr,java.util.List,add,C:\Users\tyin363\Documents\repos\DSpace__DSpace\dspace-oai\src\main\java\org\dspace\xoai\services\impl\xoai\DSpaceItemRepository.java,66
,,false,ClassOrInterfaceType,org.dspace.xoai.services.api.xoai.DSpaceFilterResolver,DSpaceFilterResolver,C:\Users\tyin363\Documents\repos\DSpace__DSpace\dspace-oai\src\main\java\org\dspace\xoai\services\impl\xoai\BaseDSpaceFilterResolver.java,32
jakarta.servlet:jakarta.servlet-api,6.1.0,false,MethodCallExpr,jakarta.servlet.ServletRequest,setCharacterEncoding,C:\Users\tyin363\Documents\repos\DSpace__DSpace\dspace-oai\src\main\java\org\dspace\xoai\controller\DSpaceOAIDataProvider.java,98
JDK:java.base,N/A,false,MethodCallExpr,java.util.List,get,C:\Users\tyin363\Documents\repos\DSpace__DSpace\dspace-oai\src\main\java\org\dspace\xoai\filter\DSpaceMetadataExistsFilter.java,73
,,false,ClassOrInterfaceType,org.dspace.xoai.solr.exceptions.SolrSearchEmptyException,SolrSearchEmptyException,C:\Users\tyin363\Documents\repos\DSpace__DSpace\dspace-oai\src\main\java\org\dspace\xoai\services\impl\xoai\DSpaceItemSolrRepository.java,64
JDK:java.base,N/A,false,ClassOrInterfaceType,java.sql.SQLException,SQLException,C:\Users\tyin363\Documents\repos\DSpace__DSpace\dspace-oai\src\main\java\org\dspace\xoai\services\impl\xoai\DSpaceSetRepository.java,166
,,false,ObjectCreationExpr,org.dspace.xoai.services.impl.xoai.DSpaceItemRepository.Anonymous-306f6a58-8d6f-4113-86e7-6f4ccf9f2488,Anonymous-306f6a58-8d6f-4113-86e7-6f4ccf9f2488,C:\Users\tyin363\Documents\repos\DSpace__DSpace\dspace-oai\src\main\java\org\dspace\xoai\services\impl\xoai\DSpaceItemRepository.java,177
JDK:java.base,N/A,false,ClassOrInterfaceType,java.lang.String,String,C:\Users\tyin363\Documents\repos\DSpace__DSpace\dspace-oai\src\main\java\org\dspace\xoai\services\impl\xoai\DSpaceRepositoryConfiguration.java,60
JDK:java.base,N/A,false,MethodCallExpr,java.lang.StringBuffer,append,C:\Users\tyin363\Documents\repos\DSpace__DSpace\dspace-oai\src\main\java\org\dspace\xoai\app\OAISpringLoader.java,31
org.dspace:xoai,3.4.1,false,ClassOrInterfaceType,com.lyncode.xoai.dataprovider.xml.xoai.Metadata,Metadata,C:\Users\tyin363\Documents\repos\DSpace__DSpace\dspace-oai\src\main\java\org\dspace\xoai\services\api\cache\XOAIItemCacheService.java,21
,,false,MethodCallExpr,com.lyncode.xoai.dataprovider.xml.xoai.Element.Field,getName,C:\Users\tyin363\Documents\repos\DSpace__DSpace\dspace-oai\src\main\java\org\dspace\xoai\data\DSpaceItem.java,47
JDK:java.base,N/A,false,MethodCallExpr,java.util.List,add,C:\Users\tyin363\Documents\repos\DSpace__DSpace\dspace-oai\src\main\java\org\dspace\xoai\util\ItemUtils.java,279
JDK:java.base,N/A,false,MethodCallExpr,java.time.Instant,isBefore,C:\Users\tyin363\Documents\repos\DSpace__DSpace\dspace-oai\src\main\java\org\dspace\xoai\filter\DateFromFilter.java,33
jakarta.servlet:jakarta.servlet-api,6.1.0,false,ClassOrInterfaceType,jakarta.servlet.http.HttpServletRequest,HttpServletRequest,C:\Users\tyin363\Documents\repos\DSpace__DSpace\dspace-oai\src\main\java\org\dspace\xoai\controller\DSpaceOAIDataProvider.java,76
org.dspace:xoai,3.4.1,false,ClassOrInterfaceType,com.lyncode.xoai.dataprovider.filter.ScopedFilter,ScopedFilter,C:\Users\tyin363\Documents\repos\DSpace__DSpace\dspace-oai\src\main\java\org\dspace\xoai\services\impl\xoai\DSpaceItemRepository.java,83
org.apache.logging.log4j:log4j-api,2.25.1,false,MethodCallExpr,org.apache.logging.log4j.Logger,error,C:\Users\tyin363\Documents\repos\DSpace__DSpace\dspace-oai\src\main\java\org\dspace\xoai\services\impl\xoai\DSpaceSetRepository.java,66
JDK:java.base,N/A,false,MethodCallExpr,java.util.Map,get,C:\Users\tyin363\Documents\repos\DSpace__DSpace\dspace-oai\src\main\java\org\dspace\xoai\services\impl\DSpaceServiceResolver.java,25
,,false,MethodCallExpr,org.dspace.xoai.services.impl.xoai.DSpaceItemRepository,getDSpaceSetSpecFilter,C:\Users\tyin363\Documents\repos\DSpace__DSpace\dspace-oai\src\main\java\org\dspace\xoai\services\impl\xoai\DSpaceItemRepository.java,109
,,false,ObjectCreationExpr,org.dspace.xoai.services.impl.cache.DSpaceXOAILastCompilationCacheService,DSpaceXOAILastCompilationCacheService,C:\Users\tyin363\Documents\repos\DSpace__DSpace\dspace-oai\src\main\java\org\dspace\xoai\app\BasicConfiguration.java,92
org.apache.logging.log4j:log4j-api,2.25.1,false,MethodCallExpr,org.apache.logging.log4j.Logger,error,C:\Users\tyin363\Documents\repos\DSpace__DSpace\dspace-oai\src\main\java\org\dspace\xoai\services\impl\xoai\DSpaceRepositoryConfiguration.java,109
JDK:java.base,N/A,false,ClassOrInterfaceType,java.lang.String,String,C:\Users\tyin363\Documents\repos\DSpace__DSpace\dspace-oai\src\main\java\org\dspace\xoai\services\impl\xoai\DSpaceRepositoryConfiguration.java,59
JDK:java.base,N/A,false,MethodCallExpr,java.lang.StringBuffer,append,C:\Users\tyin363\Documents\repos\DSpace__DSpace\dspace-oai\src\main\java\org\dspace\xoai\app\OAISpringLoader.java,32
JDK:java.base,N/A,false,MethodCallExpr,java.util.List,add,C:\Users\tyin363\Documents\repos\DSpace__DSpace\dspace-oai\src\main\java\org\dspace\xoai\util\ItemUtils.java,146
,,false,ClassOrInterfaceType,org.dspace.xoai.services.api.HandleResolver,HandleResolver,C:\Users\tyin363\Documents\repos\DSpace__DSpace\dspace-oai\src\main\java\org\dspace\xoai\filter\DSpaceSetSpecFilter.java,30
JDK:java.base,N/A,false,MethodCallExpr,java.lang.Class,newInstance,C:\Users\tyin363\Documents\repos\DSpace__DSpace\dspace-oai\src\main\java\org\dspace\xoai\services\impl\xoai\BaseDSpaceFilterResolver.java,75
org.apache.logging.log4j:log4j-api,2.25.1,false,MethodCallExpr,org.apache.logging.log4j.LogManager,getLogger,C:\Users\tyin363\Documents\repos\DSpace__DSpace\dspace-oai\src\main\java\org\dspace\xoai\util\DateUtils.java,22
org.dspace:xoai,3.4.1,false,MethodCallExpr,com.lyncode.xoai.dataprovider.services.api.ItemRepository,getItems,C:\Users\tyin363\Documents\repos\DSpace__DSpace\dspace-oai\src\main\java\org\dspace\xoai\services\impl\xoai\DSpaceItemRepository.java,128
JDK:java.base,N/A,false,FieldAccessExpr,java.time.format.DateTimeFormatter,ISO_LOCAL_DATE,C:\Users\tyin363\Documents\repos\DSpace__DSpace\dspace-oai\src\main\java\org\dspace\xoai\util\DateUtils.java,65
,,false,MethodCallExpr,org.dspace.xoai.services.api.config.XOAIManagerResolver,getManager,C:\Users\tyin363\Documents\repos\DSpace__DSpace\dspace-oai\src\main\java\org\dspace\xoai\controller\DSpaceOAIDataProvider.java,101
org.dspace:xoai,3.4.1,false,MethodCallExpr,com.lyncode.xoai.dataprovider.xml.XmlOutputContext,emptyContext,C:\Users\tyin363\Documents\repos\DSpace__DSpace\dspace-oai\src\main\java\org\dspace\xoai\app\XOAI.java,496
JDK:java.base,N/A,false,ClassOrInterfaceType,java.io.IOException,IOException,C:\Users\tyin363\Documents\repos\DSpace__DSpace\dspace-oai\src\main\java\org\dspace\xoai\controller\DSpaceOAIDataProvider.java,95
jakarta.servlet:jakarta.servlet-api,6.1.0,false,MethodCallExpr,jakarta.servlet.http.HttpServletResponse,setStatus,C:\Users\tyin363\Documents\repos\DSpace__DSpace\dspace-oai\src\main\java\org\dspace\xoai\controller\DSpaceOAIDataProvider.java,85
JDK:java.base,N/A,false,ClassOrInterfaceType,java.time.format.DateTimeParseException,DateTimeParseException,C:\Users\tyin363\Documents\repos\DSpace__DSpace\dspace-oai\src\main\java\org\dspace\xoai\util\DateUtils.java,68
,,false,ClassOrInterfaceType,org.dspace.xoai.services.api.xoai.ItemRepositoryResolver,ItemRepositoryResolver,C:\Users\tyin363\Documents\repos\DSpace__DSpace\dspace-oai\src\main\java\org\dspace\xoai\app\BasicConfiguration.java,117
JDK:java.base,N/A,false,ClassOrInterfaceType,java.util.List,List,C:\Users\tyin363\Documents\repos\DSpace__DSpace\dspace-oai\src\main\java\org\dspace\xoai\data\DSpaceItem.java,33
commons-cli:commons-cli,1.9.0,false,ClassOrInterfaceType,org.apache.commons.cli.CommandLineParser,CommandLineParser,C:\Users\tyin363\Documents\repos\DSpace__DSpace\dspace-oai\src\main\java\org\dspace\xoai\app\XOAI.java,597
,,false,MethodCallExpr,org.dspace.xoai.util.DateUtils,parse,C:\Users\tyin363\Documents\repos\DSpace__DSpace\dspace-oai\src\main\java\org\dspace\xoai\services\impl\xoai\DSpaceResumptionTokenFormatter.java,39
,,false,MethodCallExpr,org.dspace.xoai.services.api.solr.SolrQueryResolver,buildQuery,C:\Users\tyin363\Documents\repos\DSpace__DSpace\dspace-oai\src\main\java\org\dspace\xoai\services\impl\xoai\DSpaceItemSolrRepository.java,106
JDK:java.base,N/A,false,MethodCallExpr,java.lang.String,equals,C:\Users\tyin363\Documents\repos\DSpace__DSpace\dspace-oai\src\main\java\org\dspace\xoai\data\DSpaceItem.java,125
,,false,ClassOrInterfaceType,org.dspace.xoai.solr.DSpaceSolrServer,DSpaceSolrServer,C:\Users\tyin363\Documents\repos\DSpace__DSpace\dspace-oai\src\main\java\org\dspace\xoai\solr\DSpaceSolrServer.java,24
JDK:java.base,N/A,false,MethodCallExpr,java.lang.StringBuffer,append,C:\Users\tyin363\Documents\repos\DSpace__DSpace\dspace-oai\src\main\java\org\dspace\xoai\app\OAISpringLoader.java,29
JDK:java.base,N/A,false,ClassOrInterfaceType,java.util.List,List,C:\Users\tyin363\Documents\repos\DSpace__DSpace\dspace-oai\src\main\java\org\dspace\xoai\services\impl\xoai\DSpaceItemRepository.java,47
,,false,ClassOrInterfaceType,org.dspace.xoai.solr.exceptions.DSpaceSolrIndexerException,DSpaceSolrIndexerException,C:\Users\tyin363\Documents\repos\DSpace__DSpace\dspace-oai\src\main\java\org\dspace\xoai\app\XOAI.java,358
,,false,MethodCallExpr,org.dspace.xoai.filter.DSpaceFilter,buildSolrQuery,C:\Users\tyin363\Documents\repos\DSpace__DSpace\dspace-oai\src\main\java\org\dspace\xoai\filter\OrFilter.java,26
,,false,ClassOrInterfaceType,org.dspace.xoai.filter.DSpaceSetSpecFilter,DSpaceSetSpecFilter,C:\Users\tyin363\Documents\repos\DSpace__DSpace\dspace-oai\src\main\java\org\dspace\xoai\services\impl\xoai\DSpaceItemRepository.java,171
org.dspace:xoai,3.4.1,false,ClassOrInterfaceType,com.lyncode.xoai.dataprovider.filter.ScopedFilter,ScopedFilter,C:\Users\tyin363\Documents\repos\DSpace__DSpace\dspace-oai\src\main\java\org\dspace\xoai\services\impl\xoai\DSpaceItemRepository.java,85
JDK:java.base,N/A,false,MethodCallExpr,java.lang.Throwable,getMessage,C:\Users\tyin363\Documents\repos\DSpace__DSpace\dspace-oai\src\main\java\org\dspace\xoai\app\XOAI.java,538
JDK:java.base,N/A,false,ClassOrInterfaceType,java.io.File,File,C:\Users\tyin363\Documents\repos\DSpace__DSpace\dspace-oai\src\main\java\org\dspace\xoai\services\impl\cache\DSpaceXOAICacheService.java,133
JDK:java.base,N/A,false,ClassOrInterfaceType,java.io.IOException,IOException,C:\Users\tyin363\Documents\repos\DSpace__DSpace\dspace-oai\src\main\java\org\dspace\xoai\services\impl\xoai\DSpaceRepositoryConfiguration.java,174
JDK:java.base,N/A,false,MethodCallExpr,java.lang.Integer,parseInt,C:\Users\tyin363\Documents\repos\DSpace__DSpace\dspace-oai\src\main\java\org\dspace\xoai\services\impl\xoai\DSpaceResumptionTokenFormatter.java,36
org.dspace:xoai,3.4.1,false,MethodCallExpr,com.lyncode.xoai.dataprovider.core.ResumptionToken,hasUntil,C:\Users\tyin363\Documents\repos\DSpace__DSpace\dspace-oai\src\main\java\org\dspace\xoai\services\impl\xoai\DSpaceResumptionTokenFormatter.java,61
JDK:java.base,N/A,false,ClassOrInterfaceType,java.time.Instant,Instant,C:\Users\tyin363\Documents\repos\DSpace__DSpace\dspace-oai\src\main\java\org\dspace\xoai\services\impl\cache\DSpaceXOAILastCompilationCacheService.java,46
JDK:java.base,N/A,false,ClassOrInterfaceType,java.util.List,List,C:\Users\tyin363\Documents\repos\DSpace__DSpace\dspace-oai\src\main\java\org\dspace\xoai\data\DSpaceItem.java,32
JDK:java.base,N/A,false,ClassOrInterfaceType,java.util.Date,Date,C:\Users\tyin363\Documents\repos\DSpace__DSpace\dspace-oai\src\main\java\org\dspace\xoai\services\impl\xoai\DSpaceItemRepository.java,116
JDK:java.base,N/A,false,ClassOrInterfaceType,java.lang.Exception,Exception,C:\Users\tyin363\Documents\repos\DSpace__DSpace\dspace-oai\src\main\java\org\dspace\xoai\filter\DSpaceSetSpecFilter.java,52
,,false,MethodCallExpr,org.dspace.xoai.util.DateUtils,parse,C:\Users\tyin363\Documents\repos\DSpace__DSpace\dspace-oai\src\main\java\org\dspace\xoai\services\impl\xoai\DSpaceResumptionTokenFormatter.java,40
,,false,MethodCallExpr,org.dspace.xoai.filter.results.SolrFilterResult,getQuery,C:\Users\tyin363\Documents\repos\DSpace__DSpace\dspace-oai\src\main\java\org\dspace\xoai\filter\OrFilter.java,26
,,false,ObjectCreationExpr,org.dspace.xoai.filter.AndFilter,AndFilter,C:\Users\tyin363\Documents\repos\DSpace__DSpace\dspace-oai\src\main\java\org\dspace\xoai\services\impl\xoai\BaseDSpaceFilterResolver.java,94
org.dspace:xoai,3.4.1,false,MethodCallExpr,com.lyncode.xoai.dataprovider.services.api.ItemRepository,getItemIdentifiers,C:\Users\tyin363\Documents\repos\DSpace__DSpace\dspace-oai\src\main\java\org\dspace\xoai\services\impl\xoai\DSpaceItemRepository.java,86
org.apache.logging.log4j:log4j-api,2.25.1,false,MethodCallExpr,org.apache.logging.log4j.Logger,error,C:\Users\tyin363\Documents\repos\DSpace__DSpace\dspace-oai\src\main\java\org\dspace\xoai\services\impl\xoai\DSpaceRepositoryConfiguration.java,111
JDK:java.base,N/A,false,ClassOrInterfaceType,java.lang.String,String,C:\Users\tyin363\Documents\repos\DSpace__DSpace\dspace-oai\src\main\java\org\dspace\xoai\services\impl\DSpaceEarliestDateResolver.java,44
org.dspace:xoai,3.4.1,false,ClassOrInterfaceType,com.lyncode.xoai.dataprovider.core.XOAIManager,XOAIManager,C:\Users\tyin363\Documents\repos\DSpace__DSpace\dspace-oai\src\main\java\org\dspace\xoai\controller\DSpaceOAIDataProvider.java,83
JDK:java.base,N/A,false,ClassOrInterfaceType,java.net.ConnectException,ConnectException,C:\Users\tyin363\Documents\repos\DSpace__DSpace\dspace-oai\src\main\java\org\dspace\xoai\app\XOAI.java,544
JDK:java.base,N/A,false,ClassOrInterfaceType,java.lang.String,String,C:\Users\tyin363\Documents\repos\DSpace__DSpace\dspace-oai\src\main\java\org\dspace\app\configuration\OAIWebConfig.java,51
JDK:java.base,N/A,false,MethodCallExpr,java.lang.StringBuffer,append,C:\Users\tyin363\Documents\repos\DSpace__DSpace\dspace-oai\src\main\java\org\dspace\xoai\app\OAISpringLoader.java,30
JDK:java.base,N/A,false,ClassOrInterfaceType,java.lang.String,String,C:\Users\tyin363\Documents\repos\DSpace__DSpace\dspace-oai\src\main\java\org\dspace\xoai\util\URLUtils.java,28
org.dspace:xoai,3.4.1,false,ObjectCreationExpr,com.lyncode.xoai.dataprovider.core.Set,Set,C:\Users\tyin363\Documents\repos\DSpace__DSpace\dspace-oai\src\main\java\org\dspace\xoai\data\DSpaceSet.java,29
JDK:java.base,N/A,false,MethodCallExpr,java.lang.String,split,C:\Users\tyin363\Documents\repos\DSpace__DSpace\dspace-oai\src\main\java\org\dspace\xoai\data\DSpaceItem.java,80
JDK:java.base,N/A,false,MethodCallExpr,java.lang.Integer,intValue,C:\Users\tyin363\Documents\repos\DSpace__DSpace\dspace-oai\src\main\java\org\dspace\xoai\services\impl\MetadataFieldCache.java,34
org.dspace:xoai,3.4.1,false,MethodCallExpr,com.lyncode.xoai.dataprovider.data.Item,getMetadata,C:\Users\tyin363\Documents\repos\DSpace__DSpace\dspace-oai\src\main\java\org\dspace\xoai\data\DSpaceItem.java,63
JDK:java.base,N/A,false,ClassOrInterfaceType,java.io.IOException,IOException,C:\Users\tyin363\Documents\repos\DSpace__DSpace\dspace-oai\src\main\java\org\dspace\xoai\app\XOAI.java,357
JDK:java.base,N/A,false,ClassOrInterfaceType,java.util.List,List,C:\Users\tyin363\Documents\repos\DSpace__DSpace\dspace-oai\src\main\java\org\dspace\xoai\services\impl\DSpaceCollectionsService.java,33
,,false,ClassOrInterfaceType,org.dspace.xoai.solr.exceptions.DSpaceSolrIndexerException,DSpaceSolrIndexerException,C:\Users\tyin363\Documents\repos\DSpace__DSpace\dspace-oai\src\main\java\org\dspace\xoai\app\XOAI.java,215
JDK:java.base,N/A,false,ClassOrInterfaceType,java.util.Map,Map,C:\Users\tyin363\Documents\repos\DSpace__DSpace\dspace-oai\src\main\java\org\dspace\xoai\controller\DSpaceOAIDataProvider.java,174
org.dspace:xoai,3.4.1,false,ClassOrInterfaceType,com.lyncode.xoai.dataprovider.services.impl.BaseDateProvider,BaseDateProvider,C:\Users\tyin363\Documents\repos\DSpace__DSpace\dspace-oai\src\main\java\org\dspace\xoai\filter\DateFromFilter.java,23
org.dspace:xoai,3.4.1,false,ClassOrInterfaceType,com.lyncode.xoai.dataprovider.data.ItemIdentifier,ItemIdentifier,C:\Users\tyin363\Documents\repos\DSpace__DSpace\dspace-oai\src\main\java\org\dspace\xoai\filter\DSpaceFilter.java,42
JDK:java.base,N/A,false,FieldAccessExpr,java.io.File,separator,C:\Users\tyin363\Documents\repos\DSpace__DSpace\dspace-oai\src\main\java\org\dspace\xoai\app\OAISpringLoader.java,29
org.dspace:xoai,3.4.1,false,ClassOrInterfaceType,com.lyncode.xoai.dataprovider.xml.xoai.Element,Element,C:\Users\tyin363\Documents\repos\DSpace__DSpace\dspace-oai\src\main\java\org\dspace\xoai\data\DSpaceItem.java,32
org.dspace:xoai,3.4.1,false,MethodCallExpr,com.lyncode.xoai.dataprovider.xml.xoai.Element,getField,C:\Users\tyin363\Documents\repos\DSpace__DSpace\dspace-oai\src\main\java\org\dspace\xoai\util\ItemUtils.java,286
JDK:java.base,N/A,false,MethodCallExpr,java.util.List,size,C:\Users\tyin363\Documents\repos\DSpace__DSpace\dspace-oai\src\main\java\org\dspace\xoai\filter\DSpaceMetadataExistsFilter.java,74
org.dspace:xoai,3.4.1,false,ClassOrInterfaceType,com.lyncode.xoai.dataprovider.core.XOAIManager,XOAIManager,C:\Users\tyin363\Documents\repos\DSpace__DSpace\dspace-oai\src\main\java\org\dspace\xoai\services\impl\context\DSpaceXOAIManagerResolver.java,29
,,false,ClassOrInterfaceType,org.dspace.xoai.services.api.cache.XOAILastCompilationCacheService,XOAILastCompilationCacheService,C:\Users\tyin363\Documents\repos\DSpace__DSpace\dspace-oai\src\main\java\org\dspace\xoai\app\XOAI.java,96
JDK:java.base,N/A,false,ClassOrInterfaceType,java.lang.String,String,C:\Users\tyin363\Documents\repos\DSpace__DSpace\dspace-oai\src\main\java\org\dspace\xoai\services\impl\cache\DSpaceXOAICacheService.java,101
,,false,ClassOrInterfaceType,org.dspace.xoai.filter.results.SolrFilterResult,SolrFilterResult,C:\Users\tyin363\Documents\repos\DSpace__DSpace\dspace-oai\src\main\java\org\dspace\xoai\filter\OrFilter.java,25
,,false,ClassOrInterfaceType,org.dspace.xoai.exceptions.InvalidSetSpecException,InvalidSetSpecException,C:\Users\tyin363\Documents\repos\DSpace__DSpace\dspace-oai\src\main\java\org\dspace\xoai\services\api\set\SetSpecResolver.java,17
org.dspace:xoai,3.4.1,false,MethodCallExpr,com.lyncode.xoai.dataprovider.xml.xoai.Element,getField,C:\Users\tyin363\Documents\repos\DSpace__DSpace\dspace-oai\src\main\java\org\dspace\xoai\util\ItemUtils.java,154
JDK:java.base,N/A,false,ClassOrInterfaceType,java.io.IOException,IOException,C:\Users\tyin363\Documents\repos\DSpace__DSpace\dspace-oai\src\main\java\org\dspace\xoai\util\ItemUtils.java,355
JDK:java.base,N/A,false,ClassOrInterfaceType,java.lang.String,String,C:\Users\tyin363\Documents\repos\DSpace__DSpace\dspace-oai\src\main\java\org\dspace\xoai\services\api\config\XOAIManagerResolverException.java,18
,,false,ClassOrInterfaceType,org.dspace.xoai.services.api.config.XOAIManagerResolver,XOAIManagerResolver,C:\Users\tyin363\Documents\repos\DSpace__DSpace\dspace-oai\src\main\java\org\dspace\xoai\controller\DSpaceOAIDataProvider.java,65
com.google.guava:guava,32.1.3-jre,true,MethodCallExpr,com.google.common.collect.Lists,transform,C:\Users\tyin363\Documents\repos\DSpace__DSpace\dspace-oai\src\main\java\org\dspace\xoai\services\impl\xoai\DSpaceItemSolrRepository.java,78
,,false,ObjectCreationExpr,org.dspace.xoai.services.impl.config.DSpaceConfigurationService,DSpaceConfigurationService,C:\Users\tyin363\Documents\repos\DSpace__DSpace\dspace-oai\src\main\java\org\dspace\xoai\services\impl\DSpaceServiceResolver.java,20
JDK:java.base,N/A,false,ClassOrInterfaceType,java.io.IOException,IOException,C:\Users\tyin363\Documents\repos\DSpace__DSpace\dspace-oai\src\main\java\org\dspace\xoai\services\api\cache\XOAIItemCacheService.java,19
org.dspace:xoai,3.4.1,false,ClassOrInterfaceType,com.lyncode.xoai.dataprovider.xml.xoai.Element,Element,C:\Users\tyin363\Documents\repos\DSpace__DSpace\dspace-oai\src\main\java\org\dspace\xoai\data\DSpaceItem.java,33
org.apache.logging.log4j:log4j-api,2.25.1,false,ClassOrInterfaceType,org.apache.logging.log4j.Logger,Logger,C:\Users\tyin363\Documents\repos\DSpace__DSpace\dspace-oai\src\main\java\org\dspace\xoai\services\impl\xoai\DSpaceRepositoryConfiguration.java,40
org.dspace:xoai,3.4.1,false,ClassOrInterfaceType,com.lyncode.xoai.dataprovider.filter.ScopedFilter,ScopedFilter,C:\Users\tyin363\Documents\repos\DSpace__DSpace\dspace-oai\src\main\java\org\dspace\xoai\services\impl\xoai\DSpaceItemSolrRepository.java,92
org.dspace:xoai,3.4.1,false,ClassOrInterfaceType,com.lyncode.xoai.dataprovider.core.XOAIManager,XOAIManager,C:\Users\tyin363\Documents\repos\DSpace__DSpace\dspace-oai\src\main\java\org\dspace\xoai\services\impl\cache\DSpaceXOAICacheService.java,68
JDK:java.base,N/A,false,ClassOrInterfaceType,java.time.Instant,Instant,C:\Users\tyin363\Documents\repos\DSpace__DSpace\dspace-oai\src\main\java\org\dspace\xoai\services\impl\xoai\DSpaceItemRepository.java,158
,,false,ClassOrInterfaceType,org.dspace.xoai.services.impl.xoai.DSpaceSetRepositoryResolver,DSpaceSetRepositoryResolver,C:\Users\tyin363\Documents\repos\DSpace__DSpace\dspace-oai\src\main\java\org\dspace\xoai\app\BasicConfiguration.java,123
JDK:java.base,N/A,false,ClassOrInterfaceType,java.time.format.DateTimeParseException,DateTimeParseException,C:\Users\tyin363\Documents\repos\DSpace__DSpace\dspace-oai\src\main\java\org\dspace\xoai\util\DateUtils.java,72
org.springframework:spring-beans,6.2.9,true,MethodCallExpr,org.springframework.beans.factory.config.AutowireCapableBeanFactory,autowireBean,C:\Users\tyin363\Documents\repos\DSpace__DSpace\dspace-oai\src\main\java\org\dspace\xoai\app\XOAI.java,635
JDK:java.base,N/A,false,ClassOrInterfaceType,java.lang.Throwable,Throwable,C:\Users\tyin363\Documents\repos\DSpace__DSpace\dspace-oai\src\main\java\org\dspace\xoai\services\api\HandleResolverException.java,23
JDK:java.base,N/A,false,ClassOrInterfaceType,java.util.ArrayList,ArrayList,C:\Users\tyin363\Documents\repos\DSpace__DSpace\dspace-oai\src\main\java\org\dspace\xoai\services\impl\xoai\DSpaceRepositoryConfiguration.java,59
JDK:java.base,N/A,false,ClassOrInterfaceType,java.lang.Exception,Exception,C:\Users\tyin363\Documents\repos\DSpace__DSpace\dspace-oai\src\main\java\org\dspace\xoai\exceptions\InvalidSetSpecException.java,11
org.dspace:xoai,3.4.1,false,MethodCallExpr,com.lyncode.xoai.dataprovider.xml.xoai.Element,getElement,C:\Users\tyin363\Documents\repos\DSpace__DSpace\dspace-oai\src\main\java\org\dspace\xoai\util\ItemUtils.java,208
org.dspace:xoai,3.4.1,false,MethodCallExpr,com.lyncode.xoai.dataprovider.xml.xoaiconfig.parameters.ParameterMap,get,C:\Users\tyin363\Documents\repos\DSpace__DSpace\dspace-oai\src\main\java\org\dspace\xoai\filter\DSpaceAtLeastOneMetadataFilter.java,74
,,false,ClassOrInterfaceType,org.dspace.xoai.services.impl.cache.DSpaceXOAICacheService,DSpaceXOAICacheService,C:\Users\tyin363\Documents\repos\DSpace__DSpace\dspace-oai\src\main\java\org\dspace\xoai\app\BasicConfiguration.java,80
org.dspace:xoai,3.4.1,false,ClassOrInterfaceType,com.lyncode.xoai.dataprovider.xml.xoai.Element,Element,C:\Users\tyin363\Documents\repos\DSpace__DSpace\dspace-oai\src\main\java\org\dspace\xoai\data\DSpaceItem.java,34
JDK:java.base,N/A,false,FieldAccessExpr,java.io.File,separator,C:\Users\tyin363\Documents\repos\DSpace__DSpace\dspace-oai\src\main\java\org\dspace\xoai\app\OAISpringLoader.java,31
org.dspace:xoai,3.4.1,false,MethodCallExpr,com.lyncode.xoai.dataprovider.xml.xoai.Element,getField,C:\Users\tyin363\Documents\repos\DSpace__DSpace\dspace-oai\src\main\java\org\dspace\xoai\util\ItemUtils.java,284
JDK:java.base,N/A,false,ClassOrInterfaceType,java.util.ArrayList,ArrayList,C:\Users\tyin363\Documents\repos\DSpace__DSpace\dspace-oai\src\main\java\org\dspace\xoai\data\DSpaceItem.java,43
org.dspace:xoai,3.4.1,false,ClassOrInterfaceType,com.lyncode.xoai.dataprovider.filter.conditions.NotCondition,NotCondition,C:\Users\tyin363\Documents\repos\DSpace__DSpace\dspace-oai\src\main\java\org\dspace\xoai\services\impl\xoai\BaseDSpaceFilterResolver.java,105
JDK:java.base,N/A,false,ClassOrInterfaceType,java.lang.Object,Object,C:\Users\tyin363\Documents\repos\DSpace__DSpace\dspace-oai\src\main\java\org\dspace\xoai\services\impl\context\DSpaceContextService.java,24
org.dspace:xoai,3.4.1,false,ClassOrInterfaceType,com.lyncode.xoai.dataprovider.xml.xoai.Metadata,Metadata,C:\Users\tyin363\Documents\repos\DSpace__DSpace\dspace-oai\src\main\java\org\dspace\xoai\app\XOAIExtensionItemCompilePlugin.java,33
JDK:java.base,N/A,false,MethodCallExpr,java.lang.Throwable,getMessage,C:\Users\tyin363\Documents\repos\DSpace__DSpace\dspace-oai\src\main\java\org\dspace\xoai\app\XOAI.java,121
jakarta.servlet:jakarta.servlet-api,6.1.0,false,ObjectCreationExpr,jakarta.servlet.ServletException,ServletException,C:\Users\tyin363\Documents\repos\DSpace__DSpace\dspace-oai\src\main\java\org\dspace\xoai\controller\DSpaceOAIDataProvider.java,87
,,false,ClassOrInterfaceType,org.dspace.xoai.exceptions.InvalidSetSpecException,InvalidSetSpecException,C:\Users\tyin363\Documents\repos\DSpace__DSpace\dspace-oai\src\main\java\org\dspace\xoai\services\api\set\SetSpecResolver.java,19
JDK:java.base,N/A,false,ClassOrInterfaceType,java.util.Date,Date,C:\Users\tyin363\Documents\repos\DSpace__DSpace\dspace-oai\src\main\java\org\dspace\xoai\services\impl\xoai\DSpaceResumptionTokenFormatter.java,39
JDK:java.base,N/A,false,ClassOrInterfaceType,java.lang.String,String,C:\Users\tyin363\Documents\repos\DSpace__DSpace\dspace-oai\src\main\java\org\dspace\xoai\services\impl\MetadataFieldCache.java,37
,,false,ClassOrInterfaceType,org.dspace.xoai.filter.results.SolrFilterResult,SolrFilterResult,C:\Users\tyin363\Documents\repos\DSpace__DSpace\dspace-oai\src\main\java\org\dspace\xoai\filter\DSpaceAtLeastOneMetadataFilter.java,147
com.google.guava:guava,32.1.3-jre,true,MethodCallExpr,com.google.common.collect.Lists,newArrayList,C:\Users\tyin363\Documents\repos\DSpace__DSpace\dspace-oai\src\main\java\org\dspace\xoai\services\impl\xoai\DSpaceItemSolrRepository.java,78
JDK:java.base,N/A,false,ClassOrInterfaceType,java.io.IOException,IOException,C:\Users\tyin363\Documents\repos\DSpace__DSpace\dspace-oai\src\main\java\org\dspace\xoai\services\impl\cache\DSpaceXOAIItemCacheService.java,104
JDK:java.base,N/A,false,ClassOrInterfaceType,java.util.List,List,C:\Users\tyin363\Documents\repos\DSpace__DSpace\dspace-oai\src\main\java\org\dspace\xoai\services\impl\DSpaceCollectionsService.java,36
,,false,ClassOrInterfaceType,org.dspace.xoai.services.api.context.ContextServiceException,ContextServiceException,C:\Users\tyin363\Documents\repos\DSpace__DSpace\dspace-oai\src\main\java\org\dspace\xoai\services\impl\xoai\DSpaceSetRepositoryResolver.java,21
JDK:java.base,N/A,false,ClassOrInterfaceType,java.io.IOException,IOException,C:\Users\tyin363\Documents\repos\DSpace__DSpace\dspace-oai\src\main\java\org\dspace\xoai\services\api\cache\XOAIItemCacheService.java,21
,,false,MethodCallExpr,org.dspace.xoai.services.impl.xoai.DSpaceItemRepository,getDateUntilFilter,C:\Users\tyin363\Documents\repos\DSpace__DSpace\dspace-oai\src\main\java\org\dspace\xoai\services\impl\xoai\DSpaceItemRepository.java,118
,,false,ClassOrInterfaceType,org.dspace.xoai.services.api.context.ContextServiceException,ContextServiceException,C:\Users\tyin363\Documents\repos\DSpace__DSpace\dspace-oai\src\main\java\org\dspace\xoai\controller\DSpaceOAIDataProvider.java,136
JDK:java.base,N/A,false,MethodCallExpr,java.util.Arrays,asList,C:\Users\tyin363\Documents\repos\DSpace__DSpace\dspace-oai\src\main\java\org\dspace\xoai\app\XOAI.java,619
JDK:java.base,N/A,false,ClassOrInterfaceType,java.lang.Throwable,Throwable,C:\Users\tyin363\Documents\repos\DSpace__DSpace\dspace-oai\src\main\java\org\dspace\xoai\app\XOAI.java,553
JDK:java.base,N/A,false,MethodCallExpr,java.util.regex.Pattern,quote,C:\Users\tyin363\Documents\repos\DSpace__DSpace\dspace-oai\src\main\java\org\dspace\xoai\services\impl\DSpaceFieldResolver.java,32
JDK:java.base,N/A,false,ClassOrInterfaceType,java.util.Date,Date,C:\Users\tyin363\Documents\repos\DSpace__DSpace\dspace-oai\src\main\java\org\dspace\xoai\services\impl\xoai\DSpaceItemRepository.java,144
org.dspace:xoai,3.4.1,false,ClassOrInterfaceType,com.lyncode.xoai.dataprovider.core.ListItemIdentifiersResult,ListItemIdentifiersResult,C:\Users\tyin363\Documents\repos\DSpace__DSpace\dspace-oai\src\main\java\org\dspace\xoai\services\impl\xoai\DSpaceItemRepository.java,72
org.dspace:xoai,3.4.1,false,ClassOrInterfaceType,com.lyncode.xoai.dataprovider.core.XOAIManager,XOAIManager,C:\Users\tyin363\Documents\repos\DSpace__DSpace\dspace-oai\src\main\java\org\dspace\xoai\services\impl\context\DSpaceXOAIManagerResolver.java,26
JDK:java.base,N/A,false,MethodCallExpr,java.lang.Throwable,getMessage,C:\Users\tyin363\Documents\repos\DSpace__DSpace\dspace-oai\src\main\java\org\dspace\xoai\controller\DSpaceOAIDataProvider.java,150
JDK:java.base,N/A,false,ClassOrInterfaceType,java.sql.SQLException,SQLException,C:\Users\tyin363\Documents\repos\DSpace__DSpace\dspace-oai\src\main\java\org\dspace\xoai\app\XOAI.java,398
org.dspace:xoai,3.4.1,false,ObjectCreationExpr,com.lyncode.xoai.dataprovider.core.Set,Set,C:\Users\tyin363\Documents\repos\DSpace__DSpace\dspace-oai\src\main\java\org\dspace\xoai\data\DSpaceSet.java,33
JDK:java.base,N/A,false,ClassOrInterfaceType,java.lang.Boolean,Boolean,C:\Users\tyin363\Documents\repos\DSpace__DSpace\dspace-oai\src\main\java\org\dspace\xoai\data\DSpaceSolrItem.java,58
JDK:java.base,N/A,false,ObjectCreationExpr,java.util.ArrayList,ArrayList,C:\Users\tyin363\Documents\repos\DSpace__DSpace\dspace-oai\src\main\java\org\dspace\xoai\filter\DSpaceAtLeastOneMetadataFilter.java,140
org.dspace:xoai,3.4.1,false,ObjectCreationExpr,com.lyncode.xoai.dataprovider.core.ItemMetadata,ItemMetadata,C:\Users\tyin363\Documents\repos\DSpace__DSpace\dspace-oai\src\main\java\org\dspace\xoai\data\DSpaceSolrItem.java,64
org.dspace:xoai,3.4.1,false,ClassOrInterfaceType,com.lyncode.xoai.dataprovider.xml.xoai.Element,Element,C:\Users\tyin363\Documents\repos\DSpace__DSpace\dspace-oai\src\main\java\org\dspace\xoai\util\ItemUtils.java,100
,,false,ClassOrInterfaceType,org.dspace.xoai.filter.results.SolrFilterResult,SolrFilterResult,C:\Users\tyin363\Documents\repos\DSpace__DSpace\dspace-oai\src\main\java\org\dspace\xoai\filter\OrFilter.java,24
org.dspace:xoai,3.4.1,false,MethodCallExpr,com.lyncode.xoai.dataprovider.core.XOAIManager,hasStyleSheet,C:\Users\tyin363\Documents\repos\DSpace__DSpace\dspace-oai\src\main\java\org\dspace\xoai\services\impl\cache\DSpaceXOAICacheService.java,55
JDK:java.base,N/A,false,MethodCallExpr,java.io.File,mkdirs,C:\Users\tyin363\Documents\repos\DSpace__DSpace\dspace-oai\src\main\java\org\dspace\xoai\services\impl\cache\DSpaceXOAIItemCacheService.java,49
JDK:java.base,N/A,false,FieldAccessExpr,java.lang.System,err,C:\Users\tyin363\Documents\repos\DSpace__DSpace\dspace-oai\src\main\java\org\dspace\xoai\app\XOAI.java,545
org.dspace:xoai,3.4.1,false,ClassOrInterfaceType,com.lyncode.xoai.dataprovider.OAIRequestParameters,OAIRequestParameters,C:\Users\tyin363\Documents\repos\DSpace__DSpace\dspace-oai\src\main\java\org\dspace\xoai\controller\DSpaceOAIDataProvider.java,110
JDK:java.base,N/A,false,ClassOrInterfaceType,java.util.List,List,C:\Users\tyin363\Documents\repos\DSpace__DSpace\dspace-oai\src\main\java\org\dspace\xoai\data\DSpaceItem.java,58
JDK:java.base,N/A,false,ClassOrInterfaceType,java.lang.String,String,C:\Users\tyin363\Documents\repos\DSpace__DSpace\dspace-oai\src\main\java\org\dspace\xoai\util\ItemUtils.java,133
org.dspace:xoai,3.4.1,false,ClassOrInterfaceType,com.lyncode.xoai.dataprovider.core.Set,Set,C:\Users\tyin363\Documents\repos\DSpace__DSpace\dspace-oai\src\main\java\org\dspace\xoai\services\impl\xoai\DSpaceSetRepository.java,104
org.dspace:xoai,3.4.1,false,MethodCallExpr,com.lyncode.xoai.dataprovider.services.api.ItemRepository,getItems,C:\Users\tyin363\Documents\repos\DSpace__DSpace\dspace-oai\src\main\java\org\dspace\xoai\services\impl\xoai\DSpaceItemRepository.java,119
JDK:java.base,N/A,false,MethodCallExpr,java.util.List,add,C:\Users\tyin363\Documents\repos\DSpace__DSpace\dspace-oai\src\main\java\org\dspace\xoai\filter\DSpaceAtLeastOneMetadataFilter.java,55
org.dspace:xoai,3.4.1,false,MethodCallExpr,com.lyncode.xoai.dataprovider.services.api.ItemRepository,getItemIdentifiers,C:\Users\tyin363\Documents\repos\DSpace__DSpace\dspace-oai\src\main\java\org\dspace\xoai\services\impl\xoai\DSpaceItemRepository.java,79
JDK:java.base,N/A,false,ClassOrInterfaceType,java.io.UnsupportedEncodingException,UnsupportedEncodingException,C:\Users\tyin363\Documents\repos\DSpace__DSpace\dspace-oai\src\main\java\org\dspace\xoai\util\URLUtils.java,32
JDK:java.base,N/A,false,MethodCallExpr,java.lang.String,split,C:\Users\tyin363\Documents\repos\DSpace__DSpace\dspace-oai\src\main\java\org\dspace\xoai\services\impl\DSpaceFieldResolver.java,32
org.dspace:xoai,3.4.1,false,MethodCallExpr,com.lyncode.xoai.dataprovider.xml.xoai.Element,getField,C:\Users\tyin363\Documents\repos\DSpace__DSpace\dspace-oai\src\main\java\org\dspace\xoai\util\ItemUtils.java,158
,,false,ClassOrInterfaceType,org.dspace.xoai.services.impl.xoai.DSpaceRepositoryConfiguration,DSpaceRepositoryConfiguration,C:\Users\tyin363\Documents\repos\DSpace__DSpace\dspace-oai\src\main\java\org\dspace\xoai\services\impl\xoai\DSpaceRepositoryConfiguration.java,40
org.dspace:xoai,3.4.1,false,ClassOrInterfaceType,com.lyncode.xoai.dataprovider.xml.xoai.Element,Element,C:\Users\tyin363\Documents\repos\DSpace__DSpace\dspace-oai\src\main\java\org\dspace\xoai\util\ItemUtils.java,93
JDK:java.base,N/A,false,ObjectCreationExpr,java.lang.StringBuffer,StringBuffer,C:\Users\tyin363\Documents\repos\DSpace__DSpace\dspace-oai\src\main\java\org\dspace\xoai\app\OAISpringLoader.java,25
JDK:java.base,N/A,false,ClassOrInterfaceType,java.util.List,List,C:\Users\tyin363\Documents\repos\DSpace__DSpace\dspace-oai\src\main\java\org\dspace\xoai\services\impl\xoai\DSpaceItemRepository.java,40
org.apache.logging.log4j:log4j-api,2.25.1,false,MethodCallExpr,org.apache.logging.log4j.Logger,error,C:\Users\tyin363\Documents\repos\DSpace__DSpace\dspace-oai\src\main\java\org\dspace\xoai\services\impl\xoai\DSpaceSetRepository.java,91
JDK:java.base,N/A,false,ClassOrInterfaceType,java.lang.String,String,C:\Users\tyin363\Documents\repos\DSpace__DSpace\dspace-oai\src\main\java\org\dspace\xoai\filter\DateUntilFilter.java,42
,,false,ClassOrInterfaceType,org.dspace.xoai.filter.DSpaceFilter,DSpaceFilter,C:\Users\tyin363\Documents\repos\DSpace__DSpace\dspace-oai\src\main\java\org\dspace\xoai\filter\ItemsWithBitstreamFilter.java,27
org.dspace:xoai,3.4.1,false,ClassOrInterfaceType,com.lyncode.xoai.dataprovider.filter.ScopedFilter,ScopedFilter,C:\Users\tyin363\Documents\repos\DSpace__DSpace\dspace-oai\src\main\java\org\dspace\xoai\services\impl\xoai\DSpaceItemRepository.java,75
JDK:java.base,N/A,false,ClassOrInterfaceType,java.lang.String,String,C:\Users\tyin363\Documents\repos\DSpace__DSpace\dspace-oai\src\main\java\org\dspace\xoai\util\ItemUtils.java,134
JDK:java.base,N/A,false,ClassOrInterfaceType,java.util.List,List,C:\Users\tyin363\Documents\repos\DSpace__DSpace\dspace-oai\src\main\java\org\dspace\xoai\data\DSpaceItem.java,57
JDK:java.base,N/A,false,ClassOrInterfaceType,java.sql.SQLException,SQLException,C:\Users\tyin363\Documents\repos\DSpace__DSpace\dspace-oai\src\main\java\org\dspace\xoai\app\XOAI.java,537
org.dspace:xoai,3.4.1,false,MethodCallExpr,com.lyncode.xoai.dataprovider.core.ResumptionToken,getUntil,C:\Users\tyin363\Documents\repos\DSpace__DSpace\dspace-oai\src\main\java\org\dspace\xoai\services\impl\xoai\DSpaceResumptionTokenFormatter.java,62
JDK:java.base,N/A,false,MethodCallExpr,java.lang.String,equals,C:\Users\tyin363\Documents\repos\DSpace__DSpace\dspace-oai\src\main\java\org\dspace\xoai\util\ItemUtils.java,79
org.dspace:xoai,3.4.1,false,ClassOrInterfaceType,com.lyncode.xoai.dataprovider.xml.oaipmh.OAIPMH,OAIPMH,C:\Users\tyin363\Documents\repos\DSpace__DSpace\dspace-oai\src\main\java\org\dspace\xoai\services\api\cache\XOAICacheService.java,23
,,false,ClassOrInterfaceType,org.dspace.xoai.services.api.xoai.DSpaceFilterResolver,DSpaceFilterResolver,C:\Users\tyin363\Documents\repos\DSpace__DSpace\dspace-oai\src\main\java\org\dspace\xoai\services\impl\context\DSpaceXOAIManagerResolver.java,24
JDK:java.base,N/A,false,MethodCallExpr,java.lang.String,equals,C:\Users\tyin363\Documents\repos\DSpace__DSpace\dspace-oai\src\main\java\org\dspace\xoai\app\XOAI.java,652
org.dspace:xoai,3.4.1,false,ClassOrInterfaceType,com.lyncode.xoai.dataprovider.exceptions.OAIException,OAIException,C:\Users\tyin363\Documents\repos\DSpace__DSpace\dspace-oai\src\main\java\org\dspace\xoai\services\impl\xoai\DSpaceItemRepository.java,48
,,false,ClassOrInterfaceType,org.dspace.xoai.filter.DSpaceFilter,DSpaceFilter,C:\Users\tyin363\Documents\repos\DSpace__DSpace\dspace-oai\src\main\java\org\dspace\xoai\filter\OrFilter.java,14
org.dspace:xoai,3.4.1,false,ClassOrInterfaceType,com.lyncode.xoai.dataprovider.xml.xoai.Element,Element,C:\Users\tyin363\Documents\repos\DSpace__DSpace\dspace-oai\src\main\java\org\dspace\xoai\util\ItemUtils.java,94
JDK:java.base,N/A,false,ClassOrInterfaceType,java.time.format.DateTimeParseException,DateTimeParseException,C:\Users\tyin363\Documents\repos\DSpace__DSpace\dspace-oai\src\main\java\org\dspace\xoai\util\DateUtils.java,76
org.dspace:xoai,3.4.1,false,MethodCallExpr,com.lyncode.xoai.dataprovider.xml.xoai.Element,getField,C:\Users\tyin363\Documents\repos\DSpace__DSpace\dspace-oai\src\main\java\org\dspace\xoai\util\ItemUtils.java,157
org.dspace:xoai,3.4.1,false,ObjectCreationExpr,com.lyncode.xoai.dataprovider.xml.xoai.Metadata,Metadata,C:\Users\tyin363\Documents\repos\DSpace__DSpace\dspace-oai\src\main\java\org\dspace\xoai\util\ItemUtils.java,303
org.apache.logging.log4j:log4j-api,2.25.1,false,ClassOrInterfaceType,org.apache.logging.log4j.Logger,Logger,C:\Users\tyin363\Documents\repos\DSpace__DSpace\dspace-oai\src\main\java\org\dspace\xoai\filter\DSpaceAtLeastOneMetadataFilter.java,33
JDK:java.base,N/A,false,ClassOrInterfaceType,java.util.ArrayList,ArrayList,C:\Users\tyin363\Documents\repos\DSpace__DSpace\dspace-oai\src\main\java\org\dspace\xoai\data\DSpaceSolrItem.java,40
,,false,MethodCallExpr,org.dspace.xoai.services.api.solr.SolrServerResolver,getServer,C:\Users\tyin363\Documents\repos\DSpace__DSpace\dspace-oai\src\main\java\org\dspace\xoai\services\impl\xoai\DSpaceItemRepositoryResolver.java,44
JDK:java.base,N/A,false,ClassOrInterfaceType,java.lang.Throwable,Throwable,C:\Users\tyin363\Documents\repos\DSpace__DSpace\dspace-oai\src\main\java\org\dspace\xoai\services\api\HandleResolverException.java,19
JDK:java.base,N/A,false,ClassOrInterfaceType,java.io.IOException,IOException,C:\Users\tyin363\Documents\repos\DSpace__DSpace\dspace-oai\src\main\java\org\dspace\xoai\services\impl\cache\DSpaceXOAICacheService.java,93
,,false,ClassOrInterfaceType,org.dspace.xoai.services.api.context.ContextServiceException,ContextServiceException,C:\Users\tyin363\Documents\repos\DSpace__DSpace\dspace-oai\src\main\java\org\dspace\xoai\services\impl\xoai\DSpaceIdentifyResolver.java,27
org.dspace:xoai,3.4.1,false,ClassOrInterfaceType,com.lyncode.xoai.dataprovider.filter.ScopedFilter,ScopedFilter,C:\Users\tyin363\Documents\repos\DSpace__DSpace\dspace-oai\src\main\java\org\dspace\xoai\services\impl\xoai\DSpaceItemRepository.java,76
,,false,ClassOrInterfaceType,org.dspace.xoai.app.XOAI,XOAI,C:\Users\tyin363\Documents\repos\DSpace__DSpace\dspace-oai\src\main\java\org\dspace\xoai\app\XOAI.java,646
,,false,ClassOrInterfaceType,org.dspace.xoai.data.DSpaceSolrItem,DSpaceSolrItem,C:\Users\tyin363\Documents\repos\DSpace__DSpace\dspace-oai\src\main\java\org\dspace\xoai\data\DSpaceSolrItem.java,26
,,false,FieldAccessExpr,org.dspace.xoai.app.XOAI,extensionPlugins,C:\Users\tyin363\Documents\repos\DSpace__DSpace\dspace-oai\src\main\java\org\dspace\xoai\app\XOAI.java,134
commons-cli:commons-cli,1.9.0,false,MethodCallExpr,org.apache.commons.cli.CommandLine,hasOption,C:\Users\tyin363\Documents\repos\DSpace__DSpace\dspace-oai\src\main\java\org\dspace\xoai\app\XOAI.java,646
jakarta.servlet:jakarta.servlet-api,6.1.0,false,MethodCallExpr,jakarta.servlet.http.HttpServletRequest,getRequestURI,C:\Users\tyin363\Documents\repos\DSpace__DSpace\dspace-oai\src\main\java\org\dspace\xoai\controller\DSpaceOAIDataProvider.java,77
JDK:java.base,N/A,false,ClassOrInterfaceType,java.util.Map,Map,C:\Users\tyin363\Documents\repos\DSpace__DSpace\dspace-oai\src\main\java\org\dspace\xoai\controller\DSpaceOAIDataProvider.java,172
org.dspace:xoai,3.4.1,false,ClassOrInterfaceType,com.lyncode.xoai.dataprovider.core.XOAIManager,XOAIManager,C:\Users\tyin363\Documents\repos\DSpace__DSpace\dspace-oai\src\main\java\org\dspace\xoai\services\impl\context\DSpaceXOAIManagerResolver.java,32
JDK:java.base,N/A,false,MethodCallExpr,java.util.List,add,C:\Users\tyin363\Documents\repos\DSpace__DSpace\dspace-oai\src\main\java\org\dspace\xoai\services\impl\xoai\DSpaceItemRepository.java,93
JDK:java.base,N/A,false,FieldAccessExpr,java.io.File,separator,C:\Users\tyin363\Documents\repos\DSpace__DSpace\dspace-oai\src\main\java\org\dspace\xoai\app\OAISpringLoader.java,27
org.dspace:xoai,3.4.1,false,ClassOrInterfaceType,com.lyncode.xoai.dataprovider.xml.xoaiconfig.parameters.ParameterMap,ParameterMap,C:\Users\tyin363\Documents\repos\DSpace__DSpace\dspace-oai\src\main\java\org\dspace\xoai\services\impl\xoai\BaseDSpaceFilterResolver.java,72
JDK:java.base,N/A,false,MethodCallExpr,java.lang.Throwable,getMessage,C:\Users\tyin363\Documents\repos\DSpace__DSpace\dspace-oai\src\main\java\org\dspace\xoai\controller\DSpaceOAIDataProvider.java,155
,,false,ClassOrInterfaceType,org.dspace.xoai.filter.DSpaceFilter,DSpaceFilter,C:\Users\tyin363\Documents\repos\DSpace__DSpace\dspace-oai\src\main\java\org\dspace\xoai\filter\OrFilter.java,15
org.dspace:xoai,3.4.1,false,MethodCallExpr,com.lyncode.xoai.dataprovider.xml.xoai.Element,getField,C:\Users\tyin363\Documents\repos\DSpace__DSpace\dspace-oai\src\main\java\org\dspace\xoai\util\ItemUtils.java,156
JDK:java.base,N/A,false,MethodCallExpr,java.util.List,size,C:\Users\tyin363\Documents\repos\DSpace__DSpace\dspace-oai\src\main\java\org\dspace\xoai\filter\DSpaceMetadataExistsFilter.java,72
org.dspace:xoai,3.4.1,false,MethodCallExpr,com.lyncode.xoai.dataprovider.xml.xoai.Element,getField,C:\Users\tyin363\Documents\repos\DSpace__DSpace\dspace-oai\src\main\java\org\dspace\xoai\util\ItemUtils.java,288
,,false,MethodCallExpr,org.dspace.xoai.app.BasicConfiguration,configurationService,C:\Users\tyin363\Documents\repos\DSpace__DSpace\dspace-oai\src\main\java\org\dspace\xoai\app\BasicConfiguration.java,78
org.dspace:xoai,3.4.1,false,MethodCallExpr,com.lyncode.xoai.dataprovider.xml.xoaiconfig.parameters.ParameterValue,asSimpleType,C:\Users\tyin363\Documents\repos\DSpace__DSpace\dspace-oai\src\main\java\org\dspace\xoai\filter\DSpaceMetadataExistsFilter.java,49
org.dspace:xoai,3.4.1,false,MethodCallExpr,com.lyncode.xoai.dataprovider.filter.conditions.CustomCondition,getFilter,C:\Users\tyin363\Documents\repos\DSpace__DSpace\dspace-oai\src\main\java\org\dspace\xoai\services\impl\xoai\BaseDSpaceFilterResolver.java,50
jakarta.servlet:jakarta.servlet-api,6.1.0,false,MethodCallExpr,jakarta.servlet.ServletResponse,getOutputStream,C:\Users\tyin363\Documents\repos\DSpace__DSpace\dspace-oai\src\main\java\org\dspace\xoai\controller\DSpaceOAIDataProvider.java,109
JDK:java.base,N/A,false,MethodCallExpr,java.lang.String,split,C:\Users\tyin363\Documents\repos\DSpace__DSpace\dspace-oai\src\main\java\org\dspace\xoai\data\DSpaceItem.java,89
org.dspace:xoai,3.4.1,false,ClassOrInterfaceType,com.lyncode.xoai.dataprovider.filter.ScopedFilter,ScopedFilter,C:\Users\tyin363\Documents\repos\DSpace__DSpace\dspace-oai\src\main\java\org\dspace\xoai\services\impl\xoai\DSpaceItemRepository.java,77
JDK:java.base,N/A,false,MethodCallExpr,java.lang.String,replace,C:\Users\tyin363\Documents\repos\DSpace__DSpace\dspace-oai\src\main\java\org\dspace\xoai\data\DSpaceSet.java,29
JDK:java.base,N/A,false,ClassOrInterfaceType,java.lang.String,String,C:\Users\tyin363\Documents\repos\DSpace__DSpace\dspace-oai\src\main\java\org\dspace\xoai\services\impl\MetadataFieldCache.java,33
,,false,ObjectCreationExpr,org.dspace.xoai.services.impl.xoai.DSpaceItemRepository.Anonymous-bba83b98-6fd3-40ec-ab9a-bbe8f288be25,Anonymous-bba83b98-6fd3-40ec-ab9a-bbe8f288be25,C:\Users\tyin363\Documents\repos\DSpace__DSpace\dspace-oai\src\main\java\org\dspace\xoai\services\impl\xoai\DSpaceItemRepository.java,159
JDK:java.base,N/A,false,MethodCallExpr,java.util.List,add,C:\Users\tyin363\Documents\repos\DSpace__DSpace\dspace-oai\src\main\java\org\dspace\xoai\services\impl\xoai\DSpaceItemRepository.java,94
JDK:java.base,N/A,false,ClassOrInterfaceType,java.io.InputStream,InputStream,C:\Users\tyin363\Documents\repos\DSpace__DSpace\dspace-oai\src\main\java\org\dspace\xoai\services\impl\resources\DSpaceResourceResolver.java,38
JDK:java.base,N/A,false,ClassOrInterfaceType,java.io.IOException,IOException,C:\Users\tyin363\Documents\repos\DSpace__DSpace\dspace-oai\src\main\java\org\dspace\xoai\services\api\cache\XOAIItemCacheService.java,25
org.dspace:xoai,3.4.1,false,ClassOrInterfaceType,com.lyncode.xoai.dataprovider.core.XOAIManager,XOAIManager,C:\Users\tyin363\Documents\repos\DSpace__DSpace\dspace-oai\src\main\java\org\dspace\xoai\services\impl\cache\DSpaceXOAICacheService.java,66
JDK:java.base,N/A,false,MethodCallExpr,java.util.Arrays,asList,C:\Users\tyin363\Documents\repos\DSpace__DSpace\dspace-oai\src\main\java\org\dspace\xoai\app\XOAI.java,615
JDK:java.base,N/A,false,ObjectCreationExpr,java.io.File,File,C:\Users\tyin363\Documents\repos\DSpace__DSpace\dspace-oai\src\main\java\org\dspace\xoai\services\impl\xoai\DSpaceRepositoryConfiguration.java,167
JDK:java.base,N/A,false,ClassOrInterfaceType,java.sql.SQLException,SQLException,C:\Users\tyin363\Documents\repos\DSpace__DSpace\dspace-oai\src\main\java\org\dspace\xoai\app\XOAI.java,270
,,false,ClassOrInterfaceType,org.dspace.xoai.filter.DSpaceFilter,DSpaceFilter,C:\Users\tyin363\Documents\repos\DSpace__DSpace\dspace-oai\src\main\java\org\dspace\xoai\filter\OrFilter.java,16
org.apache.logging.log4j:log4j-api,2.25.1,false,MethodCallExpr,org.apache.logging.log4j.Logger,debug,C:\Users\tyin363\Documents\repos\DSpace__DSpace\dspace-oai\src\main\java\org\dspace\xoai\services\impl\xoai\DSpaceSetRepository.java,129
JDK:java.base,N/A,false,MethodCallExpr,java.util.List,add,C:\Users\tyin363\Documents\repos\DSpace__DSpace\dspace-oai\src\main\java\org\dspace\xoai\services\impl\xoai\DSpaceItemSolrRepository.java,111
org.dspace:xoai,3.4.1,false,MethodCallExpr,com.lyncode.xoai.dataprovider.xml.xoai.Element,getField,C:\Users\tyin363\Documents\repos\DSpace__DSpace\dspace-oai\src\main\java\org\dspace\xoai\util\ItemUtils.java,155
JDK:java.base,N/A,false,MethodCallExpr,java.util.Date,toInstant,C:\Users\tyin363\Documents\repos\DSpace__DSpace\dspace-oai\src\main\java\org\dspace\xoai\services\impl\xoai\DSpaceItemRepository.java,42
JDK:java.base,N/A,false,MethodCallExpr,java.util.UUID,fromString,C:\Users\tyin363\Documents\repos\DSpace__DSpace\dspace-oai\src\main\java\org\dspace\xoai\app\XOAI.java,236
org.dspace:xoai,3.4.1,false,MethodCallExpr,com.lyncode.xoai.dataprovider.xml.xoaiconfig.parameters.SimpleType,asString,C:\Users\tyin363\Documents\repos\DSpace__DSpace\dspace-oai\src\main\java\org\dspace\xoai\filter\DSpaceMetadataExistsFilter.java,49
org.apache.logging.log4j:log4j-api,2.25.1,false,MethodCallExpr,org.apache.logging.log4j.Logger,debug,C:\Users\tyin363\Documents\repos\DSpace__DSpace\dspace-oai\src\main\java\org\dspace\xoai\services\impl\xoai\DSpaceRepositoryConfiguration.java,175
JDK:java.base,N/A,false,ClassOrInterfaceType,java.util.List,List,C:\Users\tyin363\Documents\repos\DSpace__DSpace\dspace-oai\src\main\java\org\dspace\xoai\controller\DSpaceOAIDataProvider.java,174
,,false,ClassOrInterfaceType,org.dspace.xoai.filter.NotFilter,NotFilter,C:\Users\tyin363\Documents\repos\DSpace__DSpace\dspace-oai\src\main\java\org\dspace\xoai\services\impl\xoai\BaseDSpaceFilterResolver.java,107
org.dspace:xoai,3.4.1,false,ClassOrInterfaceType,com.lyncode.xoai.dataprovider.data.Item,Item,C:\Users\tyin363\Documents\repos\DSpace__DSpace\dspace-oai\src\main\java\org\dspace\xoai\services\impl\xoai\DSpaceItemSolrRepository.java,128
JDK:java.base,N/A,false,ClassOrInterfaceType,java.lang.String,String,C:\Users\tyin363\Documents\repos\DSpace__DSpace\dspace-oai\src\main\java\org\dspace\xoai\services\impl\MetadataFieldCache.java,26
JDK:java.base,N/A,false,ClassOrInterfaceType,java.lang.String,String,C:\Users\tyin363\Documents\repos\DSpace__DSpace\dspace-oai\src\main\java\org\dspace\xoai\services\impl\cache\DSpaceXOAICacheService.java,109
,,false,MethodCallExpr,org.dspace.xoai.services.api.solr.SolrServerResolver,getServer,C:\Users\tyin363\Documents\repos\DSpace__DSpace\dspace-oai\src\main\java\org\dspace\xoai\app\XOAI.java,219
JDK:java.base,N/A,false,ClassOrInterfaceType,java.io.IOException,IOException,C:\Users\tyin363\Documents\repos\DSpace__DSpace\dspace-oai\src\main\java\org\dspace\xoai\services\impl\cache\DSpaceXOAILastCompilationCacheService.java,46
,,false,MethodCallExpr,org.dspace.xoai.services.api.config.ConfigurationService,getBooleanProperty,C:\Users\tyin363\Documents\repos\DSpace__DSpace\dspace-oai\src\main\java\org\dspace\xoai\services\impl\cache\DSpaceXOAICacheService.java,84
,,false,ClassOrInterfaceType,org.dspace.xoai.filter.DSpaceFilter,DSpaceFilter,C:\Users\tyin363\Documents\repos\DSpace__DSpace\dspace-oai\src\main\java\org\dspace\xoai\services\impl\xoai\BaseDSpaceFilterResolver.java,92
JDK:java.base,N/A,false,ClassOrInterfaceType,java.io.IOException,IOException,C:\Users\tyin363\Documents\repos\DSpace__DSpace\dspace-oai\src\main\java\org\dspace\xoai\services\api\cache\XOAILastCompilationCacheService.java,17
JDK:java.base,N/A,false,ClassOrInterfaceType,java.time.Instant,Instant,C:\Users\tyin363\Documents\repos\DSpace__DSpace\dspace-oai\src\main\java\org\dspace\xoai\filter\DateUntilFilter.java,24
JDK:java.base,N/A,false,MethodCallExpr,java.io.ByteArrayOutputStream,toString,C:\Users\tyin363\Documents\repos\DSpace__DSpace\dspace-oai\src\main\java\org\dspace\xoai\app\XOAI.java,507
org.apache.logging.log4j:log4j-api,2.25.1,false,ClassOrInterfaceType,org.apache.logging.log4j.Logger,Logger,C:\Users\tyin363\Documents\repos\DSpace__DSpace\dspace-oai\src\main\java\org\dspace\xoai\services\impl\MetadataFieldCache.java,20
JDK:java.base,N/A,false,ObjectCreationExpr,java.util.ArrayList,ArrayList,C:\Users\tyin363\Documents\repos\DSpace__DSpace\dspace-oai\src\main\java\org\dspace\xoai\services\impl\solr\DSpaceSolrQueryResolver.java,27
,,false,ClassOrInterfaceType,org.dspace.xoai.filter.results.SolrFilterResult,SolrFilterResult,C:\Users\tyin363\Documents\repos\DSpace__DSpace\dspace-oai\src\main\java\org\dspace\xoai\filter\AndFilter.java,24
JDK:java.base,N/A,false,ClassOrInterfaceType,java.io.File,File,C:\Users\tyin363\Documents\repos\DSpace__DSpace\dspace-oai\src\main\java\org\dspace\xoai\services\impl\resources\DSpaceResourceResolver.java,39
,,false,ClassOrInterfaceType,org.dspace.xoai.solr.exceptions.SolrSearchEmptyException,SolrSearchEmptyException,C:\Users\tyin363\Documents\repos\DSpace__DSpace\dspace-oai\src\main\java\org\dspace\xoai\solr\DSpaceSolrSearch.java,52
JDK:java.base,N/A,false,MethodCallExpr,java.lang.Throwable,getMessage,C:\Users\tyin363\Documents\repos\DSpace__DSpace\dspace-oai\src\main\java\org\dspace\xoai\filter\ItemsWithBitstreamFilter.java,53
JDK:java.base,N/A,false,ClassOrInterfaceType,java.util.Date,Date,C:\Users\tyin363\Documents\repos\DSpace__DSpace\dspace-oai\src\main\java\org\dspace\xoai\services\impl\xoai\DSpaceItemRepository.java,133
org.apache.logging.log4j:log4j-api,2.25.1,false,MethodCallExpr,org.apache.logging.log4j.Logger,debug,C:\Users\tyin363\Documents\repos\DSpace__DSpace\dspace-oai\src\main\java\org\dspace\xoai\services\impl\xoai\DSpaceSetRepository.java,143
,,false,MethodCallExpr,org.dspace.xoai.util.ItemUtils,create,C:\Users\tyin363\Documents\repos\DSpace__DSpace\dspace-oai\src\main\java\org\dspace\xoai\app\plugins\AccessStatusElementItemCompilePlugin.java,77
JDK:java.base,N/A,false,MethodCallExpr,java.time.format.DateTimeFormatter,ofPattern,C:\Users\tyin363\Documents\repos\DSpace__DSpace\dspace-oai\src\main\java\org\dspace\xoai\util\DateUtils.java,69
org.dspace:xoai,3.4.1,false,MethodCallExpr,com.lyncode.xoai.dataprovider.xml.xoai.Element,getField,C:\Users\tyin363\Documents\repos\DSpace__DSpace\dspace-oai\src\main\java\org\dspace\xoai\data\DSpaceItem.java,46
,,false,ClassOrInterfaceType,org.dspace.xoai.filter.DSpaceFilter,DSpaceFilter,C:\Users\tyin363\Documents\repos\DSpace__DSpace\dspace-oai\src\main\java\org\dspace\xoai\filter\OrFilter.java,18
,,false,ClassOrInterfaceType,org.dspace.xoai.filter.DSpaceFilter,DSpaceFilter,C:\Users\tyin363\Documents\repos\DSpace__DSpace\dspace-oai\src\main\java\org\dspace\xoai\services\impl\xoai\BaseDSpaceFilterResolver.java,93
,,false,MethodCallExpr,org.dspace.xoai.util.ItemUtils,getElement,C:\Users\tyin363\Documents\repos\DSpace__DSpace\dspace-oai\src\main\java\org\dspace\xoai\app\CCElementItemCompilePlugin.java,52
org.apache.logging.log4j:log4j-api,2.25.1,false,MethodCallExpr,org.apache.logging.log4j.Logger,error,C:\Users\tyin363\Documents\repos\DSpace__DSpace\dspace-oai\src\main\java\org\dspace\xoai\services\impl\xoai\DSpaceItemSolrRepository.java,98
org.dspace:xoai,3.4.1,false,MethodCallExpr,com.lyncode.xoai.dataprovider.xml.xoai.Element,getField,C:\Users\tyin363\Documents\repos\DSpace__DSpace\dspace-oai\src\main\java\org\dspace\xoai\util\ItemUtils.java,161
JDK:java.base,N/A,false,MethodCallExpr,java.util.List,add,C:\Users\tyin363\Documents\repos\DSpace__DSpace\dspace-oai\src\main\java\org\dspace\xoai\util\ItemUtils.java,158
,,false,ClassOrInterfaceType,org.dspace.xoai.filter.results.SolrFilterResult,SolrFilterResult,C:\Users\tyin363\Documents\repos\DSpace__DSpace\dspace-oai\src\main\java\org\dspace\xoai\filter\DateFromFilter.java,40
JDK:java.base,N/A,false,ClassOrInterfaceType,java.lang.String,String,C:\Users\tyin363\Documents\repos\DSpace__DSpace\dspace-oai\src\main\java\org\dspace\xoai\services\impl\xoai\DSpaceItemRepository.java,48
,,false,FieldAccessExpr,org.dspace.xoai.filter.DSpaceMetadataExistsFilter,fields,C:\Users\tyin363\Documents\repos\DSpace__DSpace\dspace-oai\src\main\java\org\dspace\xoai\filter\DSpaceMetadataExistsFilter.java,37
,,false,MethodCallExpr,org.dspace.xoai.services.api.cache.XOAILastCompilationCacheService,get,C:\Users\tyin363\Documents\repos\DSpace__DSpace\dspace-oai\src\main\java\org\dspace\xoai\app\XOAI.java,683
JDK:java.base,N/A,false,MethodCallExpr,java.util.List,add,C:\Users\tyin363\Documents\repos\DSpace__DSpace\dspace-oai\src\main\java\org\dspace\xoai\data\DSpaceSolrItem.java,47
JDK:java.base,N/A,false,ClassOrInterfaceType,javax.xml.transform.Source,Source,C:\Users\tyin363\Documents\repos\DSpace__DSpace\dspace-oai\src\main\java\org\dspace\xoai\services\impl\resources\DSpaceResourceResolver.java,45
org.dspace:xoai,3.4.1,false,ClassOrInterfaceType,com.lyncode.xoai.dataprovider.filter.ScopedFilter,ScopedFilter,C:\Users\tyin363\Documents\repos\DSpace__DSpace\dspace-oai\src\main\java\org\dspace\xoai\services\impl\xoai\DSpaceItemRepository.java,72
org.dspace:xoai,3.4.1,false,ClassOrInterfaceType,com.lyncode.xoai.dataprovider.xml.xoai.Element,Element,C:\Users\tyin363\Documents\repos\DSpace__DSpace\dspace-oai\src\main\java\org\dspace\xoai\util\ItemUtils.java,107
JDK:java.base,N/A,false,MethodCallExpr,java.time.Instant,toString,C:\Users\tyin363\Documents\repos\DSpace__DSpace\dspace-oai\src\main\java\org\dspace\xoai\services\impl\cache\DSpaceXOAILastCompilationCacheService.java,47
JDK:java.base,N/A,false,FieldAccessExpr,java.lang.System,out,C:\Users\tyin363\Documents\repos\DSpace__DSpace\dspace-oai\src\main\java\org\dspace\xoai\app\XOAI.java,348
JDK:java.base,N/A,false,ClassOrInterfaceType,java.lang.String,String,C:\Users\tyin363\Documents\repos\DSpace__DSpace\dspace-oai\src\main\java\org\dspace\xoai\services\api\HandleResolverException.java,19
,,false,ClassOrInterfaceType,org.dspace.xoai.solr.exceptions.SolrSearchEmptyException,SolrSearchEmptyException,C:\Users\tyin363\Documents\repos\DSpace__DSpace\dspace-oai\src\main\java\org\dspace\xoai\solr\DSpaceSolrSearch.java,55
,,false,MethodCallExpr,org.dspace.xoai.services.api.cache.XOAICacheService,deleteAll,C:\Users\tyin363\Documents\repos\DSpace__DSpace\dspace-oai\src\main\java\org\dspace\xoai\app\XOAI.java,578
JDK:java.base,N/A,false,ClassOrInterfaceType,java.lang.String,String,C:\Users\tyin363\Documents\repos\DSpace__DSpace\dspace-oai\src\main\java\org\dspace\xoai\services\impl\cache\DSpaceXOAICacheService.java,112
JDK:java.base,N/A,false,ClassOrInterfaceType,java.util.LinkedList,LinkedList,C:\Users\tyin363\Documents\repos\DSpace__DSpace\dspace-oai\src\main\java\org\dspace\xoai\services\impl\DSpaceCollectionsService.java,104
org.dspace:xoai,3.4.1,false,ClassOrInterfaceType,com.lyncode.xoai.dataprovider.xml.xoai.Element,Element,C:\Users\tyin363\Documents\repos\DSpace__DSpace\dspace-oai\src\main\java\org\dspace\xoai\data\DSpaceItem.java,42
JDK:java.base,N/A,false,ClassOrInterfaceType,java.lang.String,String,C:\Users\tyin363\Documents\repos\DSpace__DSpace\dspace-oai\src\main\java\org\dspace\xoai\filter\DSpaceAtLeastOneMetadataFilter.java,154
,,false,ClassOrInterfaceType,org.dspace.xoai.services.api.HandleResolver,HandleResolver,C:\Users\tyin363\Documents\repos\DSpace__DSpace\dspace-oai\src\main\java\org\dspace\xoai\services\impl\set\DSpaceSetSpecResolver.java,37
JDK:java.base,N/A,false,MethodCallExpr,java.lang.String,equals,C:\Users\tyin363\Documents\repos\DSpace__DSpace\dspace-oai\src\main\java\org\dspace\xoai\app\XOAI.java,641
org.dspace:xoai,3.4.1,false,MethodCallExpr,com.lyncode.xoai.dataprovider.xml.xoai.Element,getField,C:\Users\tyin363\Documents\repos\DSpace__DSpace\dspace-oai\src\main\java\org\dspace\xoai\data\DSpaceItem.java,45
,,false,MethodCallExpr,org.dspace.xoai.util.ItemUtils,create,C:\Users\tyin363\Documents\repos\DSpace__DSpace\dspace-oai\src\main\java\org\dspace\xoai\app\CCElementItemCompilePlugin.java,44
JDK:java.base,N/A,false,ClassOrInterfaceType,java.time.Instant,Instant,C:\Users\tyin363\Documents\repos\DSpace__DSpace\dspace-oai\src\main\java\org\dspace\xoai\filter\DateUntilFilter.java,26
JDK:java.base,N/A,false,MethodCallExpr,java.util.List,add,C:\Users\tyin363\Documents\repos\DSpace__DSpace\dspace-oai\src\main\java\org\dspace\xoai\util\ItemUtils.java,157
,,false,MethodCallExpr,org.dspace.xoai.services.impl.xoai.DSpaceItemRepository,getDSpaceSetSpecFilter,C:\Users\tyin363\Documents\repos\DSpace__DSpace\dspace-oai\src\main\java\org\dspace\xoai\services\impl\xoai\DSpaceItemRepository.java,94
org.dspace:xoai,3.4.1,false,ClassOrInterfaceType,com.lyncode.xoai.dataprovider.xml.xoai.Metadata,Metadata,C:\Users\tyin363\Documents\repos\DSpace__DSpace\dspace-oai\src\main\java\org\dspace\xoai\app\CCElementItemCompilePlugin.java,38
,,false,MethodCallExpr,org.dspace.xoai.services.api.config.XOAIManagerResolver,getManager,C:\Users\tyin363\Documents\repos\DSpace__DSpace\dspace-oai\src\main\java\org\dspace\xoai\controller\DSpaceOAIDataProvider.java,83
org.dspace:xoai,3.4.1,false,MethodCallExpr,com.lyncode.xoai.dataprovider.xml.xoai.Metadata,getElement,C:\Users\tyin363\Documents\repos\DSpace__DSpace\dspace-oai\src\main\java\org\dspace\xoai\data\DSpaceItem.java,63
,,false,FieldAccessExpr,org.dspace.xoai.filter.DateUntilFilter,date,C:\Users\tyin363\Documents\repos\DSpace__DSpace\dspace-oai\src\main\java\org\dspace\xoai\filter\DateUntilFilter.java,28
,,false,MethodCallExpr,org.dspace.xoai.data.DSpaceItem,getIdentifier,C:\Users\tyin363\Documents\repos\DSpace__DSpace\dspace-oai\src\main\java\org\dspace\xoai\filter\ItemsWithBitstreamFilter.java,42
org.dspace:xoai,3.4.1,false,ClassOrInterfaceType,com.lyncode.xoai.dataprovider.xml.oaipmh.OAIPMH,OAIPMH,C:\Users\tyin363\Documents\repos\DSpace__DSpace\dspace-oai\src\main\java\org\dspace\xoai\services\impl\cache\DSpaceXOAICacheService.java,101
JDK:java.base,N/A,false,ClassOrInterfaceType,java.lang.String,String,C:\Users\tyin363\Documents\repos\DSpace__DSpace\dspace-oai\src\main\java\org\dspace\xoai\services\impl\MetadataFieldCache.java,29
org.dspace:xoai,3.4.1,false,ClassOrInterfaceType,com.lyncode.xoai.dataprovider.core.Set,Set,C:\Users\tyin363\Documents\repos\DSpace__DSpace\dspace-oai\src\main\java\org\dspace\xoai\services\impl\xoai\DSpaceSetRepository.java,105
JDK:java.base,N/A,false,ClassOrInterfaceType,java.util.List,List,C:\Users\tyin363\Documents\repos\DSpace__DSpace\dspace-oai\src\main\java\org\dspace\xoai\data\DSpaceItem.java,43
org.dspace:xoai,3.4.1,false,MethodCallExpr,com.lyncode.xoai.dataprovider.xml.xoai.Element,getField,C:\Users\tyin363\Documents\repos\DSpace__DSpace\dspace-oai\src\main\java\org\dspace\xoai\util\ItemUtils.java,159
,,false,MethodCallExpr,org.dspace.xoai.services.api.cache.XOAIItemCacheService,deleteAll,C:\Users\tyin363\Documents\repos\DSpace__DSpace\dspace-oai\src\main\java\org\dspace\xoai\app\XOAI.java,577
,,false,MethodCallExpr,org.dspace.xoai.filter.DSpaceAtLeastOneMetadataFilter,getOperator,C:\Users\tyin363\Documents\repos\DSpace__DSpace\dspace-oai\src\main\java\org\dspace\xoai\filter\DSpaceAtLeastOneMetadataFilter.java,155
JDK:java.base,N/A,false,MethodCallExpr,java.util.Map,get,C:\Users\tyin363\Documents\repos\DSpace__DSpace\dspace-oai\src\main\java\org\dspace\xoai\services\impl\MetadataFieldCache.java,34
JDK:java.base,N/A,false,MethodCallExpr,java.util.Date,toInstant,C:\Users\tyin363\Documents\repos\DSpace__DSpace\dspace-oai\src\main\java\org\dspace\xoai\services\impl\xoai\DSpaceResumptionTokenFormatter.java,58
org.dspace:xoai,3.4.1,false,MethodCallExpr,com.lyncode.xoai.dataprovider.xml.XmlOutputContext,emptyContext,C:\Users\tyin363\Documents\repos\DSpace__DSpace\dspace-oai\src\main\java\org\dspace\xoai\services\impl\cache\DSpaceXOAIItemCacheService.java,83
JDK:java.base,N/A,false,MethodCallExpr,java.lang.String,replace,C:\Users\tyin363\Documents\repos\DSpace__DSpace\dspace-oai\src\main\java\org\dspace\xoai\data\DSpaceSet.java,33
,,false,ClassOrInterfaceType,org.dspace.xoai.filter.results.SolrFilterResult,SolrFilterResult,C:\Users\tyin363\Documents\repos\DSpace__DSpace\dspace-oai\src\main\java\org\dspace\xoai\filter\DSpaceAtLeastOneMetadataFilter.java,138
JDK:java.base,N/A,false,MethodCallExpr,java.util.List,add,C:\Users\tyin363\Documents\repos\DSpace__DSpace\dspace-oai\src\main\java\org\dspace\xoai\util\ItemUtils.java,156
org.dspace:xoai,3.4.1,false,MethodCallExpr,com.lyncode.xoai.dataprovider.xml.xoaiconfig.parameters.ParameterList,getValues,C:\Users\tyin363\Documents\repos\DSpace__DSpace\dspace-oai\src\main\java\org\dspace\xoai\filter\DSpaceMetadataExistsFilter.java,48
,,false,ClassOrInterfaceType,org.dspace.xoai.filter.results.SolrFilterResult,SolrFilterResult,C:\Users\tyin363\Documents\repos\DSpace__DSpace\dspace-oai\src\main\java\org\dspace\xoai\filter\AndFilter.java,25
JDK:java.base,N/A,false,MethodCallExpr,java.util.List,size,C:\Users\tyin363\Documents\repos\DSpace__DSpace\dspace-oai\src\main\java\org\dspace\xoai\filter\DSpaceMetadataExistsFilter.java,61
,,false,ClassOrInterfaceType,org.dspace.xoai.exceptions.InvalidSetSpecException,InvalidSetSpecException,C:\Users\tyin363\Documents\repos\DSpace__DSpace\dspace-oai\src\main\java\org\dspace\xoai\services\api\set\SetSpecResolver.java,21
,,false,ObjectCreationExpr,org.dspace.xoai.services.api.HandleResolverException,HandleResolverException,C:\Users\tyin363\Documents\repos\DSpace__DSpace\dspace-oai\src\main\java\org\dspace\xoai\services\impl\DSpaceHandleResolver.java,45
org.apache.logging.log4j:log4j-api,2.25.1,false,MethodCallExpr,org.apache.logging.log4j.Logger,debug,C:\Users\tyin363\Documents\repos\DSpace__DSpace\dspace-oai\src\main\java\org\dspace\xoai\controller\DSpaceOAIDataProvider.java,134
org.dspace:xoai,3.4.1,false,MethodCallExpr,com.lyncode.xoai.dataprovider.services.api.ItemRepository,getItems,C:\Users\tyin363\Documents\repos\DSpace__DSpace\dspace-oai\src\main\java\org\dspace\xoai\services\impl\xoai\DSpaceItemRepository.java,111
,,false,ClassOrInterfaceType,org.dspace.xoai.services.api.solr.SolrQueryResolver,SolrQueryResolver,C:\Users\tyin363\Documents\repos\DSpace__DSpace\dspace-oai\src\main\java\org\dspace\xoai\services\impl\xoai\DSpaceItemRepositoryResolver.java,30
,,false,MethodCallExpr,org.dspace.xoai.filter.DSpaceAtLeastOneMetadataFilter,getField,C:\Users\tyin363\Documents\repos\DSpace__DSpace\dspace-oai\src\main\java\org\dspace\xoai\filter\DSpaceAtLeastOneMetadataFilter.java,141
JDK:java.base,N/A,false,ClassOrInterfaceType,java.io.IOException,IOException,C:\Users\tyin363\Documents\repos\DSpace__DSpace\dspace-oai\src\main\java\org\dspace\xoai\services\impl\cache\DSpaceXOAICacheService.java,101
org.dspace:xoai,3.4.1,false,ClassOrInterfaceType,com.lyncode.xoai.dataprovider.filter.ScopedFilter,ScopedFilter,C:\Users\tyin363\Documents\repos\DSpace__DSpace\dspace-oai\src\main\java\org\dspace\xoai\services\impl\xoai\DSpaceItemRepository.java,66
,,false,ClassOrInterfaceType,org.dspace.xoai.data.DSpaceItem,DSpaceItem,C:\Users\tyin363\Documents\repos\DSpace__DSpace\dspace-oai\src\main\java\org\dspace\xoai\filter\DSpaceAtLeastOneMetadataFilter.java,82
org.dspace:xoai,3.4.1,false,ClassOrInterfaceType,com.lyncode.xoai.dataprovider.filter.ScopedFilter,ScopedFilter,C:\Users\tyin363\Documents\repos\DSpace__DSpace\dspace-oai\src\main\java\org\dspace\xoai\services\impl\xoai\DSpaceItemSolrRepository.java,103
JDK:java.base,N/A,false,FieldAccessExpr,java.io.File,separator,C:\Users\tyin363\Documents\repos\DSpace__DSpace\dspace-oai\src\main\java\org\dspace\xoai\app\OAISpringLoader.java,33
org.dspace:xoai,3.4.1,false,ObjectCreationExpr,com.lyncode.xoai.dataprovider.OAIDataProvider,OAIDataProvider,C:\Users\tyin363\Documents\repos\DSpace__DSpace\dspace-oai\src\main\java\org\dspace\xoai\controller\DSpaceOAIDataProvider.java,103
org.dspace:xoai,3.4.1,false,ClassOrInterfaceType,com.lyncode.xoai.dataprovider.xml.xoai.Element,Element,C:\Users\tyin363\Documents\repos\DSpace__DSpace\dspace-oai\src\main\java\org\dspace\xoai\data\DSpaceItem.java,44
org.dspace:xoai,3.4.1,false,MethodCallExpr,com.lyncode.xoai.dataprovider.data.ItemIdentifier,isDeleted,C:\Users\tyin363\Documents\repos\DSpace__DSpace\dspace-oai\src\main\java\org\dspace\xoai\filter\DSpaceWithdrawnFilter.java,33
JDK:java.base,N/A,false,MethodCallExpr,java.lang.String,equals,C:\Users\tyin363\Documents\repos\DSpace__DSpace\dspace-oai\src\main\java\org\dspace\xoai\app\XOAI.java,643
org.apache.logging.log4j:log4j-api,2.25.1,false,MethodCallExpr,org.apache.logging.log4j.Logger,debug,C:\Users\tyin363\Documents\repos\DSpace__DSpace\dspace-oai\src\main\java\org\dspace\xoai\filter\results\SolrFilterResult.java,27
org.dspace:xoai,3.4.1,false,ClassOrInterfaceType,com.lyncode.xoai.dataprovider.exceptions.OAIException,OAIException,C:\Users\tyin363\Documents\repos\DSpace__DSpace\dspace-oai\src\main\java\org\dspace\xoai\services\impl\xoai\DSpaceItemRepository.java,41
JDK:java.base,N/A,false,ClassOrInterfaceType,java.lang.String,String,C:\Users\tyin363\Documents\repos\DSpace__DSpace\dspace-oai\src\main\java\org\dspace\xoai\services\impl\xoai\DSpaceRepositoryConfiguration.java,43
JDK:java.base,N/A,false,ObjectCreationExpr,java.util.ArrayList,ArrayList,C:\Users\tyin363\Documents\repos\DSpace__DSpace\dspace-oai\src\main\java\org\dspace\xoai\services\impl\xoai\DSpaceSetRepository.java,125
,,false,ClassOrInterfaceType,org.dspace.xoai.services.api.EarliestDateResolver,EarliestDateResolver,C:\Users\tyin363\Documents\repos\DSpace__DSpace\dspace-oai\src\main\java\org\dspace\xoai\app\BasicConfiguration.java,112
org.dspace:xoai,3.4.1,false,ClassOrInterfaceType,com.lyncode.xoai.dataprovider.xml.xoai.Element,Element,C:\Users\tyin363\Documents\repos\DSpace__DSpace\dspace-oai\src\main\java\org\dspace\xoai\util\ItemUtils.java,101
,,false,ClassOrInterfaceType,org.dspace.xoai.filter.results.SolrFilterResult,SolrFilterResult,C:\Users\tyin363\Documents\repos\DSpace__DSpace\dspace-oai\src\main\java\org\dspace\xoai\filter\DateFromFilter.java,43
JDK:java.base,N/A,false,ClassOrInterfaceType,java.util.ArrayList,ArrayList,C:\Users\tyin363\Documents\repos\DSpace__DSpace\dspace-oai\src\main\java\org\dspace\xoai\filter\DSpaceAtLeastOneMetadataFilter.java,54
,,false,FieldAccessExpr,org.dspace.xoai.app.XOAI,extensionPlugins,C:\Users\tyin363\Documents\repos\DSpace__DSpace\dspace-oai\src\main\java\org\dspace\xoai\app\XOAI.java,145
org.dspace:xoai,3.4.1,false,ClassOrInterfaceType,com.lyncode.xoai.dataprovider.services.api.DateProvider,DateProvider,C:\Users\tyin363\Documents\repos\DSpace__DSpace\dspace-oai\src\main\java\org\dspace\xoai\filter\DateUntilFilter.java,23
org.dspace:xoai,3.4.1,false,ClassOrInterfaceType,com.lyncode.xoai.dataprovider.data.Filter,Filter,C:\Users\tyin363\Documents\repos\DSpace__DSpace\dspace-oai\src\main\java\org\dspace\xoai\services\impl\xoai\BaseDSpaceFilterResolver.java,72
org.dspace:xoai,3.4.1,false,ClassOrInterfaceType,com.lyncode.xoai.dataprovider.data.Filter,Filter,C:\Users\tyin363\Documents\repos\DSpace__DSpace\dspace-oai\src\main\java\org\dspace\xoai\filter\DSpaceFilter.java,21
JDK:java.base,N/A,false,ClassOrInterfaceType,java.util.ArrayList,ArrayList,C:\Users\tyin363\Documents\repos\DSpace__DSpace\dspace-oai\src\main\java\org\dspace\xoai\data\DSpaceItem.java,33
,,false,ObjectCreationExpr,org.dspace.xoai.services.impl.cache.DSpaceEmptyCacheService,DSpaceEmptyCacheService,C:\Users\tyin363\Documents\repos\DSpace__DSpace\dspace-oai\src\main\java\org\dspace\xoai\app\BasicConfiguration.java,86
JDK:java.base,N/A,false,ClassOrInterfaceType,java.lang.Exception,Exception,C:\Users\tyin363\Documents\repos\DSpace__DSpace\dspace-oai\src\main\java\org\dspace\xoai\services\impl\solr\DSpaceSolrServerResolver.java,42
JDK:java.base,N/A,false,ClassOrInterfaceType,java.lang.String,String,C:\Users\tyin363\Documents\repos\DSpace__DSpace\dspace-oai\src\main\java\org\dspace\xoai\services\api\config\XOAIManagerResolverException.java,14
,,false,MethodCallExpr,org.dspace.xoai.util.ItemUtils,create,C:\Users\tyin363\Documents\repos\DSpace__DSpace\dspace-oai\src\main\java\org\dspace\xoai\util\ItemUtils.java,337
org.apache.logging.log4j:log4j-api,2.25.1,false,MethodCallExpr,org.apache.logging.log4j.LogManager,getLogger,C:\Users\tyin363\Documents\repos\DSpace__DSpace\dspace-oai\src\main\java\org\dspace\xoai\util\ItemUtils.java,51
jakarta.servlet:jakarta.servlet-api,6.1.0,false,ClassOrInterfaceType,jakarta.servlet.http.HttpServletRequest,HttpServletRequest,C:\Users\tyin363\Documents\repos\DSpace__DSpace\dspace-oai\src\main\java\org\dspace\xoai\controller\DSpaceOAIDataProvider.java,94
JDK:java.base,N/A,false,ClassOrInterfaceType,java.lang.String,String,C:\Users\tyin363\Documents\repos\DSpace__DSpace\dspace-oai\src\main\java\org\dspace\xoai\services\impl\MetadataFieldCache.java,23
org.apache.logging.log4j:log4j-api,2.25.1,false,MethodCallExpr,org.apache.logging.log4j.LogManager,getLogger,C:\Users\tyin363\Documents\repos\DSpace__DSpace\dspace-oai\src\main\java\org\dspace\xoai\services\impl\xoai\BaseDSpaceFilterResolver.java,33
,,false,ClassOrInterfaceType,org.dspace.xoai.exceptions.CompilingException,CompilingException,C:\Users\tyin363\Documents\repos\DSpace__DSpace\dspace-oai\src\main\java\org\dspace\xoai\app\XOAI.java,703
JDK:java.base,N/A,false,MethodCallExpr,java.lang.String,equals,C:\Users\tyin363\Documents\repos\DSpace__DSpace\dspace-oai\src\main\java\org\dspace\xoai\app\XOAI.java,248
,,false,MethodCallExpr,org.dspace.xoai.filter.DSpaceFilter,setFieldResolver,C:\Users\tyin363\Documents\repos\DSpace__DSpace\dspace-oai\src\main\java\org\dspace\xoai\services\impl\xoai\BaseDSpaceFilterResolver.java,80
JDK:java.base,N/A,false,ClassOrInterfaceType,java.lang.String,String,C:\Users\tyin363\Documents\repos\DSpace__DSpace\dspace-oai\src\main\java\org\dspace\xoai\services\impl\xoai\DSpaceRepositoryConfiguration.java,42
,,false,ClassOrInterfaceType,org.dspace.xoai.services.api.cache.XOAICacheService,XOAICacheService,C:\Users\tyin363\Documents\repos\DSpace__DSpace\dspace-oai\src\main\java\org\dspace\xoai\services\impl\cache\DSpaceEmptyCacheService.java,16
JDK:java.base,N/A,false,MethodCallExpr,java.io.OutputStream,flush,C:\Users\tyin363\Documents\repos\DSpace__DSpace\dspace-oai\src\main\java\org\dspace\xoai\controller\DSpaceOAIDataProvider.java,128
JDK:java.base,N/A,false,ClassOrInterfaceType,java.lang.String,String,C:\Users\tyin363\Documents\repos\DSpace__DSpace\dspace-oai\src\main\java\org\dspace\xoai\exceptions\CompilingException.java,20
org.apache.logging.log4j:log4j-api,2.25.1,false,ClassOrInterfaceType,org.apache.logging.log4j.Logger,Logger,C:\Users\tyin363\Documents\repos\DSpace__DSpace\dspace-oai\src\main\java\org\dspace\xoai\filter\results\SolrFilterResult.java,17
org.dspace:xoai,3.4.1,false,MethodCallExpr,com.lyncode.xoai.dataprovider.xml.xoai.Element,getElement,C:\Users\tyin363\Documents\repos\DSpace__DSpace\dspace-oai\src\main\java\org\dspace\xoai\app\CCElementItemCompilePlugin.java,56
org.dspace:xoai,3.4.1,false,MethodCallExpr,com.lyncode.xoai.dataprovider.xml.xoai.Metadata,getElement,C:\Users\tyin363\Documents\repos\DSpace__DSpace\dspace-oai\src\main\java\org\dspace\xoai\data\DSpaceItem.java,58
,,false,MethodCallExpr,org.dspace.xoai.filter.DSpaceAtLeastOneMetadataFilter,getField,C:\Users\tyin363\Documents\repos\DSpace__DSpace\dspace-oai\src\main\java\org\dspace\xoai\filter\DSpaceAtLeastOneMetadataFilter.java,139
,,false,MethodCallExpr,org.dspace.xoai.controller.DSpaceOAIDataProvider,indexAction,C:\Users\tyin363\Documents\repos\DSpace__DSpace\dspace-oai\src\main\java\org\dspace\xoai\controller\DSpaceOAIDataProvider.java,135
,,false,MethodCallExpr,org.dspace.xoai.filter.DSpaceFilter,buildSolrQuery,C:\Users\tyin363\Documents\repos\DSpace__DSpace\dspace-oai\src\main\java\org\dspace\xoai\filter\NotFilter.java,22
org.dspace:xoai,3.4.1,false,ClassOrInterfaceType,com.lyncode.xoai.dataprovider.filter.conditions.Condition,Condition,C:\Users\tyin363\Documents\repos\DSpace__DSpace\dspace-oai\src\main\java\org\dspace\xoai\services\impl\xoai\DSpaceItemRepository.java,158
,,false,ClassOrInterfaceType,org.dspace.xoai.services.api.cache.XOAICacheService,XOAICacheService,C:\Users\tyin363\Documents\repos\DSpace__DSpace\dspace-oai\src\main\java\org\dspace\xoai\app\XOAI.java,591
JDK:java.base,N/A,false,ClassOrInterfaceType,java.util.List,List,C:\Users\tyin363\Documents\repos\DSpace__DSpace\dspace-oai\src\main\java\org\dspace\xoai\controller\DSpaceOAIDataProvider.java,172
org.dspace:xoai,3.4.1,false,ClassOrInterfaceType,com.lyncode.xoai.dataprovider.filter.conditions.CustomCondition,CustomCondition,C:\Users\tyin363\Documents\repos\DSpace__DSpace\dspace-oai\src\main\java\org\dspace\xoai\services\impl\xoai\BaseDSpaceFilterResolver.java,49
,,false,ClassOrInterfaceType,org.dspace.xoai.filter.DSpaceFilter,DSpaceFilter,C:\Users\tyin363\Documents\repos\DSpace__DSpace\dspace-oai\src\main\java\org\dspace\xoai\services\impl\xoai\BaseDSpaceFilterResolver.java,99
JDK:java.base,N/A,false,ClassOrInterfaceType,java.io.IOException,IOException,C:\Users\tyin363\Documents\repos\DSpace__DSpace\dspace-oai\src\main\java\org\dspace\xoai\services\impl\cache\DSpaceXOAILastCompilationCacheService.java,52
org.dspace:xoai,3.4.1,false,ObjectCreationExpr,com.lyncode.xoai.dataprovider.core.ListSetsResult,ListSetsResult,C:\Users\tyin363\Documents\repos\DSpace__DSpace\dspace-oai\src\main\java\org\dspace\xoai\services\impl\xoai\DSpaceSetRepository.java,146
,,false,ClassOrInterfaceType,org.dspace.xoai.app.XOAIExtensionItemCompilePlugin,XOAIExtensionItemCompilePlugin,C:\Users\tyin363\Documents\repos\DSpace__DSpace\dspace-oai\src\main\java\org\dspace\xoai\app\plugins\AccessStatusElementItemCompilePlugin.java,50
JDK:java.base,N/A,false,ClassOrInterfaceType,java.lang.String,String,C:\Users\tyin363\Documents\repos\DSpace__DSpace\dspace-oai\src\main\java\org\dspace\xoai\services\impl\DSpaceHandleResolver.java,41
JDK:java.base,N/A,false,MethodCallExpr,java.util.List,add,C:\Users\tyin363\Documents\repos\DSpace__DSpace\dspace-oai\src\main\java\org\dspace\xoai\services\impl\xoai\DSpaceItemRepository.java,85
,,false,MethodCallExpr,org.dspace.xoai.util.ItemUtils,getElement,C:\Users\tyin363\Documents\repos\DSpace__DSpace\dspace-oai\src\main\java\org\dspace\xoai\app\CCElementItemCompilePlugin.java,51
,,false,FieldAccessExpr,org.dspace.xoai.filter.DSpaceSetSpecFilter,setSpec,C:\Users\tyin363\Documents\repos\DSpace__DSpace\dspace-oai\src\main\java\org\dspace\xoai\filter\DSpaceSetSpecFilter.java,33
,,false,MethodCallExpr,org.dspace.app.configuration.OAIWebConfig,templateResolver,C:\Users\tyin363\Documents\repos\DSpace__DSpace\dspace-oai\src\main\java\org\dspace\app\configuration\OAIWebConfig.java,83
JDK:java.base,N/A,false,ClassOrInterfaceType,java.io.IOException,IOException,C:\Users\tyin363\Documents\repos\DSpace__DSpace\dspace-oai\src\main\java\org\dspace\xoai\services\api\cache\XOAILastCompilationCacheService.java,19
,,false,MethodCallExpr,org.dspace.xoai.filter.DSpaceFilter,getConfiguration,C:\Users\tyin363\Documents\repos\DSpace__DSpace\dspace-oai\src\main\java\org\dspace\xoai\filter\DSpaceAtLeastOneMetadataFilter.java,41
org.dspace:xoai,3.4.1,false,ClassOrInterfaceType,com.lyncode.xoai.dataprovider.core.ListItemIdentifiersResult,ListItemIdentifiersResult,C:\Users\tyin363\Documents\repos\DSpace__DSpace\dspace-oai\src\main\java\org\dspace\xoai\services\impl\xoai\DSpaceItemRepository.java,83
JDK:java.base,N/A,false,MethodCallExpr,java.lang.String,equals,C:\Users\tyin363\Documents\repos\DSpace__DSpace\dspace-oai\src\main\java\org\dspace\xoai\filter\DateUntilFilter.java,44
JDK:java.base,N/A,false,MethodCallExpr,java.util.List,add,C:\Users\tyin363\Documents\repos\DSpace__DSpace\dspace-oai\src\main\java\org\dspace\xoai\util\ItemUtils.java,161
,,false,ClassOrInterfaceType,org.dspace.xoai.services.api.CollectionsService,CollectionsService,C:\Users\tyin363\Documents\repos\DSpace__DSpace\dspace-oai\src\main\java\org\dspace\xoai\services\impl\xoai\DSpaceItemRepositoryResolver.java,32
,,false,MethodCallExpr,org.dspace.xoai.app.XOAI,compile,C:\Users\tyin363\Documents\repos\DSpace__DSpace\dspace-oai\src\main\java\org\dspace\xoai\app\XOAI.java,649
,,false,MethodCallExpr,org.dspace.xoai.filter.results.SolrFilterResult,getQuery,C:\Users\tyin363\Documents\repos\DSpace__DSpace\dspace-oai\src\main\java\org\dspace\xoai\filter\AndFilter.java,26
,,false,ObjectCreationExpr,org.dspace.xoai.filter.results.SolrFilterResult,SolrFilterResult,C:\Users\tyin363\Documents\repos\DSpace__DSpace\dspace-oai\src\main\java\org\dspace\xoai\filter\ItemsWithBitstreamFilter.java,36
,,false,ClassOrInterfaceType,org.dspace.xoai.services.impl.xoai.DSpaceItemSolrRepository,DSpaceItemSolrRepository,C:\Users\tyin363\Documents\repos\DSpace__DSpace\dspace-oai\src\main\java\org\dspace\xoai\services\impl\xoai\DSpaceItemRepositoryResolver.java,43
org.dspace:xoai,3.4.1,false,ClassOrInterfaceType,com.lyncode.xoai.dataprovider.filter.conditions.Condition,Condition,C:\Users\tyin363\Documents\repos\DSpace__DSpace\dspace-oai\src\main\java\org\dspace\xoai\services\impl\xoai\DSpaceItemRepository.java,159
JDK:java.base,N/A,false,ClassOrInterfaceType,java.util.UUID,UUID,C:\Users\tyin363\Documents\repos\DSpace__DSpace\dspace-oai\src\main\java\org\dspace\xoai\services\api\CollectionsService.java,21
JDK:java.base,N/A,false,ObjectCreationExpr,java.io.ByteArrayOutputStream,ByteArrayOutputStream,C:\Users\tyin363\Documents\repos\DSpace__DSpace\dspace-oai\src\main\java\org\dspace\xoai\services\impl\cache\DSpaceXOAICacheService.java,102
,,false,MethodCallExpr,org.dspace.xoai.services.api.context.ContextService,getContext,C:\Users\tyin363\Documents\repos\DSpace__DSpace\dspace-oai\src\main\java\org\dspace\xoai\services\impl\DSpaceCollectionsService.java,38
org.dspace:xoai,3.4.1,false,ClassOrInterfaceType,com.lyncode.xoai.dataprovider.filter.conditions.CustomCondition,CustomCondition,C:\Users\tyin363\Documents\repos\DSpace__DSpace\dspace-oai\src\main\java\org\dspace\xoai\services\impl\xoai\BaseDSpaceFilterResolver.java,48
JDK:java.base,N/A,false,MethodCallExpr,java.lang.Throwable,getMessage,C:\Users\tyin363\Documents\repos\DSpace__DSpace\dspace-oai\src\main\java\org\dspace\xoai\controller\DSpaceOAIDataProvider.java,145
,,false,ClassOrInterfaceType,org.dspace.xoai.filter.DSpaceFilter,DSpaceFilter,C:\Users\tyin363\Documents\repos\DSpace__DSpace\dspace-oai\src\main\java\org\dspace\xoai\services\impl\xoai\BaseDSpaceFilterResolver.java,100
,,false,FieldAccessExpr,org.dspace.xoai.filter.DSpaceFilter,configuration,C:\Users\tyin363\Documents\repos\DSpace__DSpace\dspace-oai\src\main\java\org\dspace\xoai\filter\DSpaceFilter.java,60
,,false,ClassOrInterfaceType,org.dspace.xoai.services.api.context.ContextService,ContextService,C:\Users\tyin363\Documents\repos\DSpace__DSpace\dspace-oai\src\main\java\org\dspace\xoai\app\BasicConfiguration.java,60
,,false,ObjectCreationExpr,org.dspace.xoai.filter.results.SolrFilterResult,SolrFilterResult,C:\Users\tyin363\Documents\repos\DSpace__DSpace\dspace-oai\src\main\java\org\dspace\xoai\filter\NotFilter.java,22
JDK:java.base,N/A,false,MethodCallExpr,java.util.Date,toInstant,C:\Users\tyin363\Documents\repos\DSpace__DSpace\dspace-oai\src\main\java\org\dspace\xoai\services\impl\xoai\DSpaceResumptionTokenFormatter.java,62
,,false,FieldAccessExpr,org.dspace.xoai.app.XOAI,verbose,C:\Users\tyin363\Documents\repos\DSpace__DSpace\dspace-oai\src\main\java\org\dspace\xoai\app\XOAI.java,129
org.dspace:xoai,3.4.1,false,ClassOrInterfaceType,com.lyncode.xoai.dataprovider.data.Filter,Filter,C:\Users\tyin363\Documents\repos\DSpace__DSpace\dspace-oai\src\main\java\org\dspace\xoai\services\impl\xoai\BaseDSpaceFilterResolver.java,73
,,false,ObjectCreationExpr,org.dspace.xoai.services.impl.cache.DSpaceEmptyCacheService,DSpaceEmptyCacheService,C:\Users\tyin363\Documents\repos\DSpace__DSpace\dspace-oai\src\main\java\org\dspace\xoai\app\BasicConfiguration.java,83
JDK:java.base,N/A,false,ClassOrInterfaceType,java.lang.String,String,C:\Users\tyin363\Documents\repos\DSpace__DSpace\dspace-oai\src\main\java\org\dspace\xoai\services\impl\xoai\DSpaceRepositoryConfiguration.java,44
JDK:java.base,N/A,false,ClassOrInterfaceType,java.lang.String,String,C:\Users\tyin363\Documents\repos\DSpace__DSpace\dspace-oai\src\main\java\org\dspace\xoai\data\DSpaceItem.java,114
JDK:java.base,N/A,false,MethodCallExpr,java.lang.Throwable,getMessage,C:\Users\tyin363\Documents\repos\DSpace__DSpace\dspace-oai\src\main\java\org\dspace\xoai\filter\DSpaceSetSpecFilter.java,60
,,false,MethodCallExpr,org.dspace.xoai.util.ItemUtils,create,C:\Users\tyin363\Documents\repos\DSpace__DSpace\dspace-oai\src\main\java\org\dspace\xoai\app\CCElementItemCompilePlugin.java,54
,,false,ClassOrInterfaceType,org.dspace.xoai.app.XOAIExtensionItemCompilePlugin,XOAIExtensionItemCompilePlugin,C:\Users\tyin363\Documents\repos\DSpace__DSpace\dspace-oai\src\main\java\org\dspace\xoai\app\XOAI.java,108
,,false,MethodCallExpr,org.dspace.xoai.services.impl.xoai.DSpaceItemRepository,getDSpaceSetSpecFilter,C:\Users\tyin363\Documents\repos\DSpace__DSpace\dspace-oai\src\main\java\org\dspace\xoai\services\impl\xoai\DSpaceItemRepository.java,137
JDK:java.base,N/A,false,ClassOrInterfaceType,java.lang.Exception,Exception,C:\Users\tyin363\Documents\repos\DSpace__DSpace\dspace-oai\src\main\java\org\dspace\xoai\services\api\HandleResolverException.java,11
,,false,ClassOrInterfaceType,org.dspace.xoai.services.api.xoai.DSpaceFilterResolver,DSpaceFilterResolver,C:\Users\tyin363\Documents\repos\DSpace__DSpace\dspace-oai\src\main\java\org\dspace\xoai\app\BasicConfiguration.java,132
JDK:java.base,N/A,false,ClassOrInterfaceType,java.lang.Class,Class,C:\Users\tyin363\Documents\repos\DSpace__DSpace\dspace-oai\src\main\java\org\dspace\xoai\services\impl\DSpaceServiceResolver.java,24
,,false,ClassOrInterfaceType,org.dspace.xoai.data.DSpaceItem,DSpaceItem,C:\Users\tyin363\Documents\repos\DSpace__DSpace\dspace-oai\src\main\java\org\dspace\xoai\filter\NotFilter.java,26
,,false,MethodCallExpr,org.dspace.xoai.services.impl.xoai.DSpaceItemRepository,getDateFromCondition,C:\Users\tyin363\Documents\repos\DSpace__DSpace\dspace-oai\src\main\java\org\dspace\xoai\services\impl\xoai\DSpaceItemRepository.java,117
JDK:java.base,N/A,false,MethodCallExpr,java.lang.Throwable,getMessage,C:\Users\tyin363\Documents\repos\DSpace__DSpace\dspace-oai\src\main\java\org\dspace\xoai\util\DateUtils.java,77
JDK:java.base,N/A,false,ClassOrInterfaceType,java.time.Instant,Instant,C:\Users\tyin363\Documents\repos\DSpace__DSpace\dspace-oai\src\main\java\org\dspace\xoai\app\XOAI.java,214
,,false,MethodCallExpr,org.dspace.xoai.services.impl.cache.DSpaceXOAICacheService,getBaseDir,C:\Users\tyin363\Documents\repos\DSpace__DSpace\dspace-oai\src\main\java\org\dspace\xoai\services\impl\cache\DSpaceXOAICacheService.java,79
JDK:java.base,N/A,false,MethodCallExpr,java.time.Instant,now,C:\Users\tyin363\Documents\repos\DSpace__DSpace\dspace-oai\src\main\java\org\dspace\xoai\services\impl\DSpaceEarliestDateResolver.java,55
,,false,ObjectCreationExpr,org.dspace.xoai.services.impl.context.DSpaceXOAIManagerResolver,DSpaceXOAIManagerResolver,C:\Users\tyin363\Documents\repos\DSpace__DSpace\dspace-oai\src\main\java\org\dspace\xoai\app\BasicConfiguration.java,73
org.dspace:xoai,3.4.1,false,ClassOrInterfaceType,com.lyncode.xoai.dataprovider.xml.xoai.Element,Element,C:\Users\tyin363\Documents\repos\DSpace__DSpace\dspace-oai\src\main\java\org\dspace\xoai\util\ItemUtils.java,345
JDK:java.base,N/A,false,MethodCallExpr,java.lang.String,equals,C:\Users\tyin363\Documents\repos\DSpace__DSpace\dspace-oai\src\main\java\org\dspace\xoai\app\XOAI.java,631
JDK:java.base,N/A,false,ClassOrInterfaceType,java.lang.String,String,C:\Users\tyin363\Documents\repos\DSpace__DSpace\dspace-oai\src\main\java\org\dspace\xoai\controller\DSpaceOAIDataProvider.java,177
,,false,MethodCallExpr,org.dspace.xoai.app.BasicConfiguration,xoaiManagerResolver,C:\Users\tyin363\Documents\repos\DSpace__DSpace\dspace-oai\src\main\java\org\dspace\xoai\app\BasicConfiguration.java,80
,,false,FieldAccessExpr,org.dspace.xoai.filter.DSpaceMetadataExistsFilter,fields,C:\Users\tyin363\Documents\repos\DSpace__DSpace\dspace-oai\src\main\java\org\dspace\xoai\filter\DSpaceMetadataExistsFilter.java,45
,,false,MethodCallExpr,org.dspace.xoai.services.impl.MetadataFieldCache,hasField,C:\Users\tyin363\Documents\repos\DSpace__DSpace\dspace-oai\src\main\java\org\dspace\xoai\services\impl\DSpaceFieldResolver.java,31
JDK:java.base,N/A,false,ClassOrInterfaceType,java.lang.String,String,C:\Users\tyin363\Documents\repos\DSpace__DSpace\dspace-oai\src\main\java\org\dspace\xoai\services\impl\xoai\DSpaceItemRepository.java,73
JDK:java.base,N/A,false,ClassOrInterfaceType,java.lang.String,String,C:\Users\tyin363\Documents\repos\DSpace__DSpace\dspace-oai\src\main\java\org\dspace\xoai\data\DSpaceSolrItem.java,47
JDK:java.base,N/A,false,ClassOrInterfaceType,java.lang.Throwable,Throwable,C:\Users\tyin363\Documents\repos\DSpace__DSpace\dspace-oai\src\main\java\org\dspace\xoai\exceptions\InvalidSetSpecException.java,19
,,false,ClassOrInterfaceType,org.dspace.xoai.services.api.HandleResolverException,HandleResolverException,C:\Users\tyin363\Documents\repos\DSpace__DSpace\dspace-oai\src\main\java\org\dspace\xoai\services\impl\DSpaceHandleResolver.java,45
org.dspace:xoai,3.4.1,false,ClassOrInterfaceType,com.lyncode.xoai.dataprovider.filter.ScopedFilter,ScopedFilter,C:\Users\tyin363\Documents\repos\DSpace__DSpace\dspace-oai\src\main\java\org\dspace\xoai\services\impl\xoai\DSpaceItemRepository.java,63
org.dspace:xoai,3.4.1,false,ClassOrInterfaceType,com.lyncode.xoai.dataprovider.xml.xoai.Element,Element,C:\Users\tyin363\Documents\repos\DSpace__DSpace\dspace-oai\src\main\java\org\dspace\xoai\util\ItemUtils.java,213
jakarta.servlet:jakarta.servlet-api,6.1.0,false,ClassOrInterfaceType,jakarta.servlet.ServletException,ServletException,C:\Users\tyin363\Documents\repos\DSpace__DSpace\dspace-oai\src\main\java\org\dspace\xoai\controller\DSpaceOAIDataProvider.java,87
JDK:java.base,N/A,false,ClassOrInterfaceType,java.lang.String,String,C:\Users\tyin363\Documents\repos\DSpace__DSpace\dspace-oai\src\main\java\org\dspace\xoai\util\DateUtils.java,86
org.dspace:xoai,3.4.1,false,MethodCallExpr,com.lyncode.xoai.dataprovider.xml.xoai.Element,getElement,C:\Users\tyin363\Documents\repos\DSpace__DSpace\dspace-oai\src\main\java\org\dspace\xoai\util\ItemUtils.java,258
JDK:java.base,N/A,false,ClassOrInterfaceType,java.util.ArrayList,ArrayList,C:\Users\tyin363\Documents\repos\DSpace__DSpace\dspace-oai\src\main\java\org\dspace\xoai\filter\DSpaceAtLeastOneMetadataFilter.java,140
org.dspace:xoai,3.4.1,false,MethodCallExpr,com.lyncode.xoai.dataprovider.services.api.ItemRepository,getItemIdentifiers,C:\Users\tyin363\Documents\repos\DSpace__DSpace\dspace-oai\src\main\java\org\dspace\xoai\services\impl\xoai\DSpaceItemRepository.java,68
org.dspace:xoai,3.4.1,false,ClassOrInterfaceType,com.lyncode.xoai.dataprovider.core.Set,Set,C:\Users\tyin363\Documents\repos\DSpace__DSpace\dspace-oai\src\main\java\org\dspace\xoai\data\DSpaceSet.java,32
org.dspace:xoai,3.4.1,false,MethodCallExpr,com.lyncode.xoai.dataprovider.xml.xoai.Metadata,getElement,C:\Users\tyin363\Documents\repos\DSpace__DSpace\dspace-oai\src\main\java\org\dspace\xoai\util\ItemUtils.java,349
JDK:java.base,N/A,false,ClassOrInterfaceType,java.lang.String,String,C:\Users\tyin363\Documents\repos\DSpace__DSpace\dspace-oai\src\main\java\org\dspace\xoai\controller\DSpaceOAIDataProvider.java,178
JDK:java.base,N/A,false,FieldAccessExpr,java.lang.System,out,C:\Users\tyin363\Documents\repos\DSpace__DSpace\dspace-oai\src\main\java\org\dspace\xoai\app\XOAI.java,723
org.dspace:xoai,3.4.1,false,ClassOrInterfaceType,com.lyncode.xoai.dataprovider.xml.xoaiconfig.parameters.SimpleType,SimpleType,C:\Users\tyin363\Documents\repos\DSpace__DSpace\dspace-oai\src\main\java\org\dspace\xoai\filter\DSpaceAtLeastOneMetadataFilter.java,55
JDK:java.base,N/A,false,ClassOrInterfaceType,java.lang.String,String,C:\Users\tyin363\Documents\repos\DSpace__DSpace\dspace-oai\src\main\java\org\dspace\xoai\data\DSpaceItem.java,112
JDK:java.base,N/A,false,ClassOrInterfaceType,java.util.List,List,C:\Users\tyin363\Documents\repos\DSpace__DSpace\dspace-oai\src\main\java\org\dspace\xoai\filter\DSpaceAtLeastOneMetadataFilter.java,86
,,false,ClassOrInterfaceType,org.dspace.xoai.filter.results.SolrFilterResult,SolrFilterResult,C:\Users\tyin363\Documents\repos\DSpace__DSpace\dspace-oai\src\main\java\org\dspace\xoai\filter\DSpaceWithdrawnFilter.java,37
,,false,MethodCallExpr,org.dspace.xoai.services.impl.cache.DSpaceXOAILastCompilationCacheService,getFile,C:\Users\tyin363\Documents\repos\DSpace__DSpace\dspace-oai\src\main\java\org\dspace\xoai\services\impl\cache\DSpaceXOAILastCompilationCacheService.java,54
JDK:java.base,N/A,false,ClassOrInterfaceType,java.util.List,List,C:\Users\tyin363\Documents\repos\DSpace__DSpace\dspace-oai\src\main\java\org\dspace\xoai\services\impl\xoai\DSpaceSetRepository.java,134
JDK:java.base,N/A,false,ClassOrInterfaceType,java.lang.String,String,C:\Users\tyin363\Documents\repos\DSpace__DSpace\dspace-oai\src\main\java\org\dspace\xoai\services\impl\DSpaceFieldResolver.java,32
JDK:java.base,N/A,false,MethodCallExpr,java.io.PrintStream,println,C:\Users\tyin363\Documents\repos\DSpace__DSpace\dspace-oai\src\main\java\org\dspace\xoai\app\XOAI.java,689
org.thymeleaf:thymeleaf,3.1.3.RELEASE,true,MethodCallExpr,org.thymeleaf.TemplateEngine,setTemplateResolver,C:\Users\tyin363\Documents\repos\DSpace__DSpace\dspace-oai\src\main\java\org\dspace\app\configuration\OAIWebConfig.java,83
JDK:java.base,N/A,false,ClassOrInterfaceType,java.lang.String,String,C:\Users\tyin363\Documents\repos\DSpace__DSpace\dspace-oai\src\main\java\org\dspace\xoai\app\XOAI.java,111
,,false,ClassOrInterfaceType,org.dspace.xoai.services.api.HandleResolverException,HandleResolverException,C:\Users\tyin363\Documents\repos\DSpace__DSpace\dspace-oai\src\main\java\org\dspace\xoai\services\impl\set\DSpaceSetSpecResolver.java,81
org.dspace:xoai,3.4.1,false,ClassOrInterfaceType,com.lyncode.xoai.dataprovider.core.Set,Set,C:\Users\tyin363\Documents\repos\DSpace__DSpace\dspace-oai\src\main\java\org\dspace\xoai\data\DSpaceSet.java,33
org.dspace:xoai,3.4.1,false,MethodCallExpr,com.lyncode.xoai.dataprovider.OAIRequestParameters,requestID,C:\Users\tyin363\Documents\repos\DSpace__DSpace\dspace-oai\src\main\java\org\dspace\xoai\controller\DSpaceOAIDataProvider.java,115
org.dspace:xoai,3.4.1,false,ClassOrInterfaceType,com.lyncode.xoai.dataprovider.filter.ScopedFilter,ScopedFilter,C:\Users\tyin363\Documents\repos\DSpace__DSpace\dspace-oai\src\main\java\org\dspace\xoai\services\impl\xoai\DSpaceItemSolrRepository.java,73
JDK:java.base,N/A,false,FieldAccessExpr,java.lang.System,out,C:\Users\tyin363\Documents\repos\DSpace__DSpace\dspace-oai\src\main\java\org\dspace\xoai\app\XOAI.java,720
JDK:java.base,N/A,false,MethodCallExpr,java.lang.StringBuilder,append,C:\Users\tyin363\Documents\repos\DSpace__DSpace\dspace-oai\src\main\java\org\dspace\xoai\filter\DSpaceMetadataExistsFilter.java,73
org.dspace:xoai,3.4.1,false,ClassOrInterfaceType,com.lyncode.xoai.dataprovider.core.ListItemIdentifiersResult,ListItemIdentifiersResult,C:\Users\tyin363\Documents\repos\DSpace__DSpace\dspace-oai\src\main\java\org\dspace\xoai\services\impl\xoai\DSpaceItemRepository.java,54
org.springframework:spring-webmvc,6.2.9,false,ClassOrInterfaceType,org.springframework.web.servlet.config.annotation.ResourceHandlerRegistry,ResourceHandlerRegistry,C:\Users\tyin363\Documents\repos\DSpace__DSpace\dspace-oai\src\main\java\org\dspace\app\configuration\OAIWebConfig.java,58
,,false,FieldAccessExpr,org.dspace.xoai.filter.DSpaceMetadataExistsFilter,fields,C:\Users\tyin363\Documents\repos\DSpace__DSpace\dspace-oai\src\main\java\org\dspace\xoai\filter\DSpaceMetadataExistsFilter.java,47
org.dspace:xoai,3.4.1,false,ClassOrInterfaceType,com.lyncode.xoai.dataprovider.data.Item,Item,C:\Users\tyin363\Documents\repos\DSpace__DSpace\dspace-oai\src\main\java\org\dspace\xoai\services\impl\xoai\DSpaceItemSolrRepository.java,55
JDK:java.base,N/A,false,ClassOrInterfaceType,java.lang.String,String,C:\Users\tyin363\Documents\repos\DSpace__DSpace\dspace-oai\src\main\java\org\dspace\xoai\services\impl\cache\DSpaceXOAICacheService.java,88
JDK:java.base,N/A,false,ClassOrInterfaceType,java.io.FileInputStream,FileInputStream,C:\Users\tyin363\Documents\repos\DSpace__DSpace\dspace-oai\src\main\java\org\dspace\xoai\services\impl\cache\DSpaceXOAICacheService.java,94
JDK:java.base,N/A,false,ClassOrInterfaceType,java.lang.String,String,C:\Users\tyin363\Documents\repos\DSpace__DSpace\dspace-oai\src\main\java\org\dspace\xoai\services\impl\set\DSpaceSetSpecResolver.java,86
org.dspace:xoai,3.4.1,false,ClassOrInterfaceType,com.lyncode.xoai.dataprovider.filter.ScopedFilter,ScopedFilter,C:\Users\tyin363\Documents\repos\DSpace__DSpace\dspace-oai\src\main\java\org\dspace\xoai\services\impl\xoai\DSpaceItemRepository.java,65
,,false,MethodCallExpr,org.dspace.xoai.data.DSpaceItem,filter,C:\Users\tyin363\Documents\repos\DSpace__DSpace\dspace-oai\src\main\java\org\dspace\xoai\data\DSpaceItem.java,59
,,false,MethodCallExpr,org.dspace.xoai.data.DSpaceItem,parseHandle,C:\Users\tyin363\Documents\repos\DSpace__DSpace\dspace-oai\src\main\java\org\dspace\xoai\filter\DSpaceAuthorizationFilter.java,41
JDK:java.base,N/A,false,MethodCallExpr,java.io.FileOutputStream,close,C:\Users\tyin363\Documents\repos\DSpace__DSpace\dspace-oai\src\main\java\org\dspace\xoai\services\impl\cache\DSpaceXOAIItemCacheService.java,88
JDK:java.base,N/A,false,FieldAccessExpr,java.lang.System,out,C:\Users\tyin363\Documents\repos\DSpace__DSpace\dspace-oai\src\main\java\org\dspace\xoai\app\XOAI.java,721
JDK:java.base,N/A,false,MethodCallExpr,java.util.List,addAll,C:\Users\tyin363\Documents\repos\DSpace__DSpace\dspace-oai\src\main\java\org\dspace\xoai\services\impl\xoai\DSpaceSetRepository.java,141
JDK:java.base,N/A,false,MethodCallExpr,java.util.List,add,C:\Users\tyin363\Documents\repos\DSpace__DSpace\dspace-oai\src\main\java\org\dspace\xoai\services\impl\xoai\DSpaceItemRepository.java,49
org.apache.logging.log4j:log4j-api,2.25.1,false,MethodCallExpr,org.apache.logging.log4j.Logger,debug,C:\Users\tyin363\Documents\repos\DSpace__DSpace\dspace-oai\src\main\java\org\dspace\xoai\services\impl\solr\DSpaceSolrServerResolver.java,41
,,false,ClassOrInterfaceType,org.dspace.xoai.services.impl.MetadataFieldCache,MetadataFieldCache,C:\Users\tyin363\Documents\repos\DSpace__DSpace\dspace-oai\src\main\java\org\dspace\xoai\services\impl\DSpaceFieldResolver.java,29
org.dspace:xoai,3.4.1,false,ClassOrInterfaceType,com.lyncode.xoai.dataprovider.xml.xoaiconfig.parameters.SimpleType,SimpleType,C:\Users\tyin363\Documents\repos\DSpace__DSpace\dspace-oai\src\main\java\org\dspace\xoai\filter\DSpaceAtLeastOneMetadataFilter.java,53
JDK:java.base,N/A,false,ClassOrInterfaceType,java.lang.String,String,C:\Users\tyin363\Documents\repos\DSpace__DSpace\dspace-oai\src\main\java\org\dspace\xoai\services\impl\DSpaceFieldResolver.java,34
org.dspace:xoai,3.4.1,false,ClassOrInterfaceType,com.lyncode.xoai.dataprovider.xml.xoai.Element,Element,C:\Users\tyin363\Documents\repos\DSpace__DSpace\dspace-oai\src\main\java\org\dspace\xoai\data\DSpaceItem.java,119
JDK:java.base,N/A,false,ClassOrInterfaceType,java.io.IOException,IOException,C:\Users\tyin363\Documents\repos\DSpace__DSpace\dspace-oai\src\main\java\org\dspace\xoai\app\XOAI.java,675
JDK:java.base,N/A,false,ClassOrInterfaceType,java.lang.String,String,C:\Users\tyin363\Documents\repos\DSpace__DSpace\dspace-oai\src\main\java\org\dspace\xoai\services\impl\cache\DSpaceXOAIItemCacheService.java,31
JDK:java.base,N/A,false,ClassOrInterfaceType,java.util.List,List,C:\Users\tyin363\Documents\repos\DSpace__DSpace\dspace-oai\src\main\java\org\dspace\xoai\services\impl\xoai\DSpaceItemSolrRepository.java,103
,,false,ClassOrInterfaceType,org.dspace.xoai.services.api.config.ConfigurationService,ConfigurationService,C:\Users\tyin363\Documents\repos\DSpace__DSpace\dspace-oai\src\main\java\org\dspace\xoai\services\impl\config\DSpaceConfigurationService.java,14
org.apache.commons:commons-lang3,3.18.0,false,MethodCallExpr,org.apache.commons.lang3.StringUtils,join,C:\Users\tyin363\Documents\repos\DSpace__DSpace\dspace-oai\src\main\java\org\dspace\xoai\services\impl\solr\DSpaceSolrQueryResolver.java,35
org.dspace:xoai,3.4.1,false,ClassOrInterfaceType,com.lyncode.xoai.dataprovider.filter.ScopedFilter,ScopedFilter,C:\Users\tyin363\Documents\repos\DSpace__DSpace\dspace-oai\src\main\java\org\dspace\xoai\services\impl\xoai\DSpaceItemRepository.java,58
,,false,ClassOrInterfaceType,org.dspace.xoai.services.api.FieldResolver,FieldResolver,C:\Users\tyin363\Documents\repos\DSpace__DSpace\dspace-oai\src\main\java\org\dspace\xoai\services\impl\DSpaceEarliestDateResolver.java,29
,,false,MethodCallExpr,org.dspace.xoai.services.impl.xoai.DSpaceItemSolrRepository.QueryResult,getResults,C:\Users\tyin363\Documents\repos\DSpace__DSpace\dspace-oai\src\main\java\org\dspace\xoai\services\impl\xoai\DSpaceItemSolrRepository.java,78
org.dspace:xoai,3.4.1,false,MethodCallExpr,com.lyncode.xoai.dataprovider.xml.xoai.Element,getElement,C:\Users\tyin363\Documents\repos\DSpace__DSpace\dspace-oai\src\main\java\org\dspace\xoai\util\ItemUtils.java,131
JDK:java.base,N/A,false,ClassOrInterfaceType,java.lang.String,String,C:\Users\tyin363\Documents\repos\DSpace__DSpace\dspace-oai\src\main\java\org\dspace\xoai\services\api\solr\SolrQueryResolver.java,15
JDK:java.base,N/A,false,ClassOrInterfaceType,java.lang.Exception,Exception,C:\Users\tyin363\Documents\repos\DSpace__DSpace\dspace-oai\src\main\java\org\dspace\xoai\services\impl\DSpaceEarliestDateResolver.java,50
org.thymeleaf:thymeleaf-spring6,3.1.3.RELEASE,true,ObjectCreationExpr,org.thymeleaf.spring6.templateresolver.SpringResourceTemplateResolver,SpringResourceTemplateResolver,C:\Users\tyin363\Documents\repos\DSpace__DSpace\dspace-oai\src\main\java\org\dspace\app\configuration\OAIWebConfig.java,69
JDK:java.base,N/A,false,ClassOrInterfaceType,java.util.List,List,C:\Users\tyin363\Documents\repos\DSpace__DSpace\dspace-oai\src\main\java\org\dspace\xoai\services\impl\xoai\DSpaceItemRepository.java,90
JDK:java.base,N/A,false,ClassOrInterfaceType,java.util.List,List,C:\Users\tyin363\Documents\repos\DSpace__DSpace\dspace-oai\src\main\java\org\dspace\xoai\app\plugins\AccessStatusElementItemCompilePlugin.java,73
JDK:java.base,N/A,false,MethodCallExpr,java.io.PrintStream,println,C:\Users\tyin363\Documents\repos\DSpace__DSpace\dspace-oai\src\main\java\org\dspace\xoai\app\XOAI.java,159
JDK:java.base,N/A,false,MethodCallExpr,java.util.List,addAll,C:\Users\tyin363\Documents\repos\DSpace__DSpace\dspace-oai\src\main\java\org\dspace\xoai\services\impl\xoai\DSpaceSetRepository.java,138
JDK:java.base,N/A,false,FieldAccessExpr,java.lang.System,out,C:\Users\tyin363\Documents\repos\DSpace__DSpace\dspace-oai\src\main\java\org\dspace\xoai\app\XOAI.java,726
JDK:java.base,N/A,false,MethodCallExpr,java.util.List,add,C:\Users\tyin363\Documents\repos\DSpace__DSpace\dspace-oai\src\main\java\org\dspace\xoai\services\impl\xoai\DSpaceItemRepository.java,42
JDK:java.base,N/A,false,ObjectCreationExpr,java.util.LinkedList,LinkedList,C:\Users\tyin363\Documents\repos\DSpace__DSpace\dspace-oai\src\main\java\org\dspace\xoai\app\XOAI.java,221
JDK:java.base,N/A,false,FieldAccessExpr,java.lang.System,out,C:\Users\tyin363\Documents\repos\DSpace__DSpace\dspace-oai\src\main\java\org\dspace\xoai\app\XOAI.java,727
JDK:java.base,N/A,false,ClassOrInterfaceType,java.time.Instant,Instant,C:\Users\tyin363\Documents\repos\DSpace__DSpace\dspace-oai\src\main\java\org\dspace\xoai\services\impl\DSpaceEarliestDateResolver.java,46
org.dspace:xoai,3.4.1,false,ClassOrInterfaceType,com.lyncode.xoai.dataprovider.xml.xoai.Element,Element,C:\Users\tyin363\Documents\repos\DSpace__DSpace\dspace-oai\src\main\java\org\dspace\xoai\util\ItemUtils.java,77
JDK:java.base,N/A,false,MethodCallExpr,java.util.Enumeration,nextElement,C:\Users\tyin363\Documents\repos\DSpace__DSpace\dspace-oai\src\main\java\org\dspace\xoai\controller\DSpaceOAIDataProvider.java,177
JDK:java.base,N/A,false,ClassOrInterfaceType,java.io.File,File,C:\Users\tyin363\Documents\repos\DSpace__DSpace\dspace-oai\src\main\java\org\dspace\xoai\services\impl\cache\DSpaceXOAIItemCacheService.java,47
JDK:java.base,N/A,false,ClassOrInterfaceType,java.lang.Throwable,Throwable,C:\Users\tyin363\Documents\repos\DSpace__DSpace\dspace-oai\src\main\java\org\dspace\xoai\solr\exceptions\DSpaceSolrException.java,33
,,false,ClassOrInterfaceType,org.dspace.xoai.filter.DSpaceFilter,DSpaceFilter,C:\Users\tyin363\Documents\repos\DSpace__DSpace\dspace-oai\src\main\java\org\dspace\xoai\services\impl\xoai\BaseDSpaceFilterResolver.java,106
commons-io:commons-io,2.20.0,false,MethodCallExpr,org.apache.commons.io.FileUtils,readFileToString,C:\Users\tyin363\Documents\repos\DSpace__DSpace\dspace-oai\src\main\java\org\dspace\xoai\services\impl\xoai\DSpaceRepositoryConfiguration.java,169
org.apache.logging.log4j:log4j-api,2.25.1,false,MethodCallExpr,org.apache.logging.log4j.LogManager,getLogger,C:\Users\tyin363\Documents\repos\DSpace__DSpace\dspace-oai\src\main\java\org\dspace\xoai\filter\ItemsWithBitstreamFilter.java,29
,,false,ClassOrInterfaceType,org.dspace.xoai.services.api.HandleResolverException,HandleResolverException,C:\Users\tyin363\Documents\repos\DSpace__DSpace\dspace-oai\src\main\java\org\dspace\xoai\services\impl\DSpaceHandleResolver.java,41
,,false,MethodCallExpr,org.dspace.xoai.services.impl.cache.DSpaceXOAILastCompilationCacheService,getFile,C:\Users\tyin363\Documents\repos\DSpace__DSpace\dspace-oai\src\main\java\org\dspace\xoai\services\impl\cache\DSpaceXOAILastCompilationCacheService.java,47
org.dspace:xoai,3.4.1,false,ObjectCreationExpr,com.lyncode.xoai.dataprovider.filter.ScopedFilter,ScopedFilter,C:\Users\tyin363\Documents\repos\DSpace__DSpace\dspace-oai\src\main\java\org\dspace\xoai\services\impl\xoai\DSpaceItemRepository.java,145
,,false,MethodCallExpr,org.dspace.xoai.services.impl.xoai.BaseDSpaceFilterResolver,getFilter,C:\Users\tyin363\Documents\repos\DSpace__DSpace\dspace-oai\src\main\java\org\dspace\xoai\services\impl\xoai\BaseDSpaceFilterResolver.java,47
org.dspace:xoai,3.4.1,false,MethodCallExpr,com.lyncode.xoai.dataprovider.services.api.ItemRepository,getItems,C:\Users\tyin363\Documents\repos\DSpace__DSpace\dspace-oai\src\main\java\org\dspace\xoai\services\impl\xoai\DSpaceItemRepository.java,103
org.dspace:xoai,3.4.1,false,MethodCallExpr,com.lyncode.xoai.dataprovider.xml.xoai.Element,getElement,C:\Users\tyin363\Documents\repos\DSpace__DSpace\dspace-oai\src\main\java\org\dspace\xoai\data\DSpaceItem.java,35
org.dspace:xoai,3.4.1,false,MethodCallExpr,com.lyncode.xoai.dataprovider.xml.xoaiconfig.parameters.ParameterList,getValues,C:\Users\tyin363\Documents\repos\DSpace__DSpace\dspace-oai\src\main\java\org\dspace\xoai\filter\DSpaceAtLeastOneMetadataFilter.java,58
,,false,ObjectCreationExpr,org.dspace.xoai.services.impl.resources.DSpaceResourceResolver,DSpaceResourceResolver,C:\Users\tyin363\Documents\repos\DSpace__DSpace\dspace-oai\src\main\java\org\dspace\xoai\services\impl\DSpaceServiceResolver.java,21
JDK:java.base,N/A,false,ClassOrInterfaceType,javax.xml.stream.XMLStreamException,XMLStreamException,C:\Users\tyin363\Documents\repos\DSpace__DSpace\dspace-oai\src\main\java\org\dspace\xoai\app\XOAI.java,398
org.dspace:xoai,3.4.1,false,ClassOrInterfaceType,com.lyncode.xoai.dataprovider.xml.xoai.Element,Element,C:\Users\tyin363\Documents\repos\DSpace__DSpace\dspace-oai\src\main\java\org\dspace\xoai\util\ItemUtils.java,78
,,false,ClassOrInterfaceType,org.dspace.xoai.services.impl.config.DSpaceConfigurationService,DSpaceConfigurationService,C:\Users\tyin363\Documents\repos\DSpace__DSpace\dspace-oai\src\main\java\org\dspace\xoai\services\impl\DSpaceServiceResolver.java,20
JDK:java.base,N/A,false,ClassOrInterfaceType,java.util.List,List,C:\Users\tyin363\Documents\repos\DSpace__DSpace\dspace-oai\src\main\java\org\dspace\xoai\services\impl\xoai\DSpaceItemSolrRepository.java,105
,,false,MethodCallExpr,org.dspace.xoai.app.XOAI,usage,C:\Users\tyin363\Documents\repos\DSpace__DSpace\dspace-oai\src\main\java\org\dspace\xoai\app\XOAI.java,660
,,false,ClassOrInterfaceType,org.dspace.xoai.data.DSpaceItem,DSpaceItem,C:\Users\tyin363\Documents\repos\DSpace__DSpace\dspace-oai\src\main\java\org\dspace\xoai\filter\DateUntilFilter.java,32
,,false,FieldAccessExpr,org.dspace.xoai.filter.DSpaceMetadataExistsFilter,fields,C:\Users\tyin363\Documents\repos\DSpace__DSpace\dspace-oai\src\main\java\org\dspace\xoai\filter\DSpaceMetadataExistsFilter.java,44
JDK:java.base,N/A,false,ClassOrInterfaceType,java.io.File,File,C:\Users\tyin363\Documents\repos\DSpace__DSpace\dspace-oai\src\main\java\org\dspace\xoai\services\impl\cache\DSpaceXOAIItemCacheService.java,46
org.apache.logging.log4j:log4j-api,2.25.1,false,ClassOrInterfaceType,org.apache.logging.log4j.Logger,Logger,C:\Users\tyin363\Documents\repos\DSpace__DSpace\dspace-oai\src\main\java\org\dspace\xoai\services\impl\xoai\BaseDSpaceFilterResolver.java,33
,,false,MethodCallExpr,org.dspace.xoai.util.ItemUtils,create,C:\Users\tyin363\Documents\repos\DSpace__DSpace\dspace-oai\src\main\java\org\dspace\xoai\util\ItemUtils.java,278
org.dspace:xoai,3.4.1,false,MethodCallExpr,com.lyncode.xoai.dataprovider.xml.xoai.Element,getField,C:\Users\tyin363\Documents\repos\DSpace__DSpace\dspace-oai\src\main\java\org\dspace\xoai\app\CCElementItemCompilePlugin.java,45
,,false,MethodCallExpr,org.dspace.xoai.data.DSpaceItem,filter,C:\Users\tyin363\Documents\repos\DSpace__DSpace\dspace-oai\src\main\java\org\dspace\xoai\data\DSpaceItem.java,64
,,false,ObjectCreationExpr,org.dspace.xoai.services.impl.xoai.DSpaceIdentifyResolver,DSpaceIdentifyResolver,C:\Users\tyin363\Documents\repos\DSpace__DSpace\dspace-oai\src\main\java\org\dspace\xoai\app\BasicConfiguration.java,128
JDK:java.base,N/A,false,ClassOrInterfaceType,java.lang.String,String,C:\Users\tyin363\Documents\repos\DSpace__DSpace\dspace-oai\src\main\java\org\dspace\xoai\services\impl\DSpaceFieldResolver.java,36
,,false,ClassOrInterfaceType,org.dspace.xoai.app.XOAI,XOAI,C:\Users\tyin363\Documents\repos\DSpace__DSpace\dspace-oai\src\main\java\org\dspace\xoai\app\XOAI.java,633
org.dspace:xoai,3.4.1,false,MethodCallExpr,com.lyncode.xoai.dataprovider.filter.conditions.Condition,getFilter,C:\Users\tyin363\Documents\repos\DSpace__DSpace\dspace-oai\src\main\java\org\dspace\xoai\services\impl\xoai\BaseDSpaceFilterResolver.java,52
JDK:java.base,N/A,false,MethodCallExpr,java.util.List,size,C:\Users\tyin363\Documents\repos\DSpace__DSpace\dspace-oai\src\main\java\org\dspace\xoai\services\impl\xoai\DSpaceSetRepository.java,136
org.dspace:xoai,3.4.1,false,MethodCallExpr,com.lyncode.xoai.dataprovider.xml.xoai.Element,getElement,C:\Users\tyin363\Documents\repos\DSpace__DSpace\dspace-oai\src\main\java\org\dspace\xoai\util\ItemUtils.java,261
org.dspace:xoai,3.4.1,false,MethodCallExpr,com.lyncode.xoai.dataprovider.xml.xoai.Metadata,getElement,C:\Users\tyin363\Documents\repos\DSpace__DSpace\dspace-oai\src\main\java\org\dspace\xoai\util\ItemUtils.java,354
JDK:java.base,N/A,false,ClassOrInterfaceType,java.lang.String,String,C:\Users\tyin363\Documents\repos\DSpace__DSpace\dspace-oai\src\main\java\org\dspace\xoai\services\api\FieldResolver.java,16
JDK:java.base,N/A,false,MethodCallExpr,java.util.List,add,C:\Users\tyin363\Documents\repos\DSpace__DSpace\dspace-oai\src\main\java\org\dspace\xoai\util\ItemUtils.java,252
org.dspace:xoai,3.4.1,false,MethodCallExpr,com.lyncode.xoai.dataprovider.xml.xoai.Element,getElement,C:\Users\tyin363\Documents\repos\DSpace__DSpace\dspace-oai\src\main\java\org\dspace\xoai\data\DSpaceItem.java,36
JDK:java.base,N/A,false,ClassOrInterfaceType,java.lang.String,String,C:\Users\tyin363\Documents\repos\DSpace__DSpace\dspace-oai\src\main\java\org\dspace\xoai\services\impl\xoai\DSpaceRepositoryConfiguration.java,169
JDK:java.base,N/A,false,MethodCallExpr,java.util.List,addAll,C:\Users\tyin363\Documents\repos\DSpace__DSpace\dspace-oai\src\main\java\org\dspace\xoai\services\impl\xoai\DSpaceSetRepository.java,136
org.dspace:xoai,3.4.1,false,ClassOrInterfaceType,com.lyncode.xoai.dataprovider.exceptions.OAIException,OAIException,C:\Users\tyin363\Documents\repos\DSpace__DSpace\dspace-oai\src\main\java\org\dspace\xoai\services\impl\xoai\DSpaceItemRepository.java,64
JDK:java.base,N/A,false,FieldAccessExpr,java.lang.System,out,C:\Users\tyin363\Documents\repos\DSpace__DSpace\dspace-oai\src\main\java\org\dspace\xoai\app\XOAI.java,724
org.springframework:spring-web,6.2.9,true,MethodCallExpr,org.springframework.web.context.request.ServletRequestAttributes,getRequest,C:\Users\tyin363\Documents\repos\DSpace__DSpace\dspace-oai\src\main\java\org\dspace\xoai\services\impl\context\DSpaceContextService.java,22
JDK:java.base,N/A,false,MethodCallExpr,java.util.Date,toInstant,C:\Users\tyin363\Documents\repos\DSpace__DSpace\dspace-oai\src\main\java\org\dspace\xoai\services\impl\xoai\DSpaceItemRepository.java,125
org.dspace:xoai,3.4.1,false,MethodCallExpr,com.lyncode.xoai.dataprovider.core.ResumptionToken,hasMetadataPrefix,C:\Users\tyin363\Documents\repos\DSpace__DSpace\dspace-oai\src\main\java\org\dspace\xoai\services\impl\xoai\DSpaceResumptionTokenFormatter.java,53
JDK:java.base,N/A,false,ClassOrInterfaceType,java.lang.String,String,C:\Users\tyin363\Documents\repos\DSpace__DSpace\dspace-oai\src\main\java\org\dspace\xoai\services\impl\DSpaceFieldResolver.java,35
JDK:java.base,N/A,false,ClassOrInterfaceType,java.lang.String,String,C:\Users\tyin363\Documents\repos\DSpace__DSpace\dspace-oai\src\main\java\org\dspace\xoai\data\DSpaceItem.java,107
,,false,MethodCallExpr,org.dspace.xoai.data.DSpaceSet,checkName,C:\Users\tyin363\Documents\repos\DSpace__DSpace\dspace-oai\src\main\java\org\dspace\xoai\data\DSpaceSet.java,33
JDK:java.base,N/A,false,MethodCallExpr,java.io.PrintStream,println,C:\Users\tyin363\Documents\repos\DSpace__DSpace\dspace-oai\src\main\java\org\dspace\xoai\app\XOAI.java,686
org.dspace:xoai,3.4.1,false,ClassOrInterfaceType,com.lyncode.xoai.dataprovider.xml.xoai.Element,Element,C:\Users\tyin363\Documents\repos\DSpace__DSpace\dspace-oai\src\main\java\org\dspace\xoai\util\ItemUtils.java,211
JDK:java.base,N/A,false,ClassOrInterfaceType,java.io.IOException,IOException,C:\Users\tyin363\Documents\repos\DSpace__DSpace\dspace-oai\src\main\java\org\dspace\xoai\services\impl\cache\DSpaceEmptyCacheService.java,33
JDK:java.base,N/A,false,MethodCallExpr,java.lang.Throwable,getMessage,C:\Users\tyin363\Documents\repos\DSpace__DSpace\dspace-oai\src\main\java\org\dspace\xoai\util\ItemUtils.java,333
,,false,ClassOrInterfaceType,org.dspace.xoai.solr.exceptions.DSpaceSolrIndexerException,DSpaceSolrIndexerException,C:\Users\tyin363\Documents\repos\DSpace__DSpace\dspace-oai\src\main\java\org\dspace\xoai\app\XOAI.java,200
JDK:java.base,N/A,false,ClassOrInterfaceType,java.lang.String,String,C:\Users\tyin363\Documents\repos\DSpace__DSpace\dspace-oai\src\main\java\org\dspace\xoai\filter\results\SolrFilterResult.java,26
JDK:java.base,N/A,false,MethodCallExpr,java.lang.String,replace,C:\Users\tyin363\Documents\repos\DSpace__DSpace\dspace-oai\src\main\java\org\dspace\xoai\filter\DateUntilFilter.java,42
JDK:java.base,N/A,false,MethodCallExpr,javax.xml.stream.XMLStreamWriter,close,C:\Users\tyin363\Documents\repos\DSpace__DSpace\dspace-oai\src\main\java\org\dspace\xoai\services\impl\cache\DSpaceXOAIItemCacheService.java,86
JDK:java.base,N/A,false,FieldAccessExpr,java.lang.System,out,C:\Users\tyin363\Documents\repos\DSpace__DSpace\dspace-oai\src\main\java\org\dspace\xoai\app\XOAI.java,725
,,false,ClassOrInterfaceType,org.dspace.xoai.solr.exceptions.DSpaceSolrException,DSpaceSolrException,C:\Users\tyin363\Documents\repos\DSpace__DSpace\dspace-oai\src\main\java\org\dspace\xoai\services\impl\xoai\DSpaceItemSolrRepository.java,97
org.dspace:xoai,3.4.1,false,ClassOrInterfaceType,com.lyncode.xoai.dataprovider.filter.ScopedFilter,ScopedFilter,C:\Users\tyin363\Documents\repos\DSpace__DSpace\dspace-oai\src\main\java\org\dspace\xoai\services\api\solr\SolrQueryResolver.java,15
JDK:java.base,N/A,false,ClassOrInterfaceType,java.lang.String,String,C:\Users\tyin363\Documents\repos\DSpace__DSpace\dspace-oai\src\main\java\org\dspace\xoai\services\impl\cache\DSpaceXOAICacheService.java,93
org.dspace:xoai,3.4.1,false,ClassOrInterfaceType,com.lyncode.xoai.dataprovider.filter.conditions.OrCondition,OrCondition,C:\Users\tyin363\Documents\repos\DSpace__DSpace\dspace-oai\src\main\java\org\dspace\xoai\services\impl\xoai\BaseDSpaceFilterResolver.java,44
JDK:java.base,N/A,false,FieldAccessExpr,java.lang.System,out,C:\Users\tyin363\Documents\repos\DSpace__DSpace\dspace-oai\src\main\java\org\dspace\xoai\app\XOAI.java,730
JDK:java.base,N/A,false,MethodCallExpr,java.lang.Throwable,getMessage,C:\Users\tyin363\Documents\repos\DSpace__DSpace\dspace-oai\src\main\java\org\dspace\xoai\filter\DSpaceAuthorizationFilter.java,53
JDK:java.base,N/A,false,ClassOrInterfaceType,java.util.List,List,C:\Users\tyin363\Documents\repos\DSpace__DSpace\dspace-oai\src\main\java\org\dspace\xoai\data\DSpaceItem.java,62
org.dspace:xoai,3.4.1,false,ClassOrInterfaceType,com.lyncode.xoai.dataprovider.xml.XmlOutputContext,XmlOutputContext,C:\Users\tyin363\Documents\repos\DSpace__DSpace\dspace-oai\src\main\java\org\dspace\xoai\services\impl\cache\DSpaceXOAICacheService.java,104
org.dspace:xoai,3.4.1,false,MethodCallExpr,com.lyncode.xoai.dataprovider.xml.xoai.Element,getField,C:\Users\tyin363\Documents\repos\DSpace__DSpace\dspace-oai\src\main\java\org\dspace\xoai\app\CCElementItemCompilePlugin.java,47
JDK:java.base,N/A,false,ClassOrInterfaceType,java.io.IOException,IOException,C:\Users\tyin363\Documents\repos\DSpace__DSpace\dspace-oai\src\main\java\org\dspace\xoai\app\XOAI.java,398
,,false,ClassOrInterfaceType,org.dspace.xoai.solr.exceptions.DSpaceSolrException,DSpaceSolrException,C:\Users\tyin363\Documents\repos\DSpace__DSpace\dspace-oai\src\main\java\org\dspace\xoai\services\impl\xoai\DSpaceItemSolrRepository.java,85
JDK:java.base,N/A,false,ClassOrInterfaceType,java.lang.String,String,C:\Users\tyin363\Documents\repos\DSpace__DSpace\dspace-oai\src\main\java\org\dspace\xoai\services\impl\xoai\DSpaceItemRepository.java,64
JDK:java.base,N/A,false,ClassOrInterfaceType,java.lang.String,String,C:\Users\tyin363\Documents\repos\DSpace__DSpace\dspace-oai\src\main\java\org\dspace\xoai\services\impl\xoai\DSpaceRepositoryConfiguration.java,155
commons-cli:commons-cli,1.9.0,false,MethodCallExpr,org.apache.commons.cli.Options,addOption,C:\Users\tyin363\Documents\repos\DSpace__DSpace\dspace-oai\src\main\java\org\dspace\xoai\app\XOAI.java,599
JDK:java.base,N/A,false,MethodCallExpr,java.util.Date,toInstant,C:\Users\tyin363\Documents\repos\DSpace__DSpace\dspace-oai\src\main\java\org\dspace\xoai\app\XOAI.java,170
JDK:java.base,N/A,false,ClassOrInterfaceType,java.io.File,File,C:\Users\tyin363\Documents\repos\DSpace__DSpace\dspace-oai\src\main\java\org\dspace\xoai\services\impl\cache\DSpaceXOAILastCompilationCacheService.java,25
org.dspace:xoai,3.4.1,false,ClassOrInterfaceType,com.lyncode.xoai.dataprovider.filter.ScopedFilter,ScopedFilter,C:\Users\tyin363\Documents\repos\DSpace__DSpace\dspace-oai\src\main\java\org\dspace\xoai\services\impl\xoai\DSpaceItemRepository.java,54
org.dspace:xoai,3.4.1,false,ClassOrInterfaceType,com.lyncode.xoai.dataprovider.filter.conditions.AndCondition,AndCondition,C:\Users\tyin363\Documents\repos\DSpace__DSpace\dspace-oai\src\main\java\org\dspace\xoai\services\impl\xoai\BaseDSpaceFilterResolver.java,91
JDK:java.base,N/A,false,FieldAccessExpr,java.lang.System,out,C:\Users\tyin363\Documents\repos\DSpace__DSpace\dspace-oai\src\main\java\org\dspace\xoai\app\XOAI.java,334
JDK:java.base,N/A,false,ClassOrInterfaceType,java.lang.String,String,C:\Users\tyin363\Documents\repos\DSpace__DSpace\dspace-oai\src\main\java\org\dspace\xoai\services\impl\context\DSpaceContextService.java,18
,,false,ClassOrInterfaceType,org.dspace.xoai.filter.AndFilter,AndFilter,C:\Users\tyin363\Documents\repos\DSpace__DSpace\dspace-oai\src\main\java\org\dspace\xoai\services\impl\xoai\BaseDSpaceFilterResolver.java,94
jakarta.servlet:jakarta.servlet-api,6.1.0,false,ClassOrInterfaceType,jakarta.servlet.ServletException,ServletException,C:\Users\tyin363\Documents\repos\DSpace__DSpace\dspace-oai\src\main\java\org\dspace\xoai\controller\DSpaceOAIDataProvider.java,95
org.dspace:xoai,3.4.1,false,ClassOrInterfaceType,com.lyncode.xoai.dataprovider.exceptions.InvalidContextException,InvalidContextException,C:\Users\tyin363\Documents\repos\DSpace__DSpace\dspace-oai\src\main\java\org\dspace\xoai\controller\DSpaceOAIDataProvider.java,133
org.dspace:xoai,3.4.1,false,MethodCallExpr,com.lyncode.xoai.dataprovider.services.api.ItemRepository,getItemIdentifiers,C:\Users\tyin363\Documents\repos\DSpace__DSpace\dspace-oai\src\main\java\org\dspace\xoai\services\impl\xoai\DSpaceItemRepository.java,59
JDK:java.base,N/A,false,ClassOrInterfaceType,java.util.Date,Date,C:\Users\tyin363\Documents\repos\DSpace__DSpace\dspace-oai\src\main\java\org\dspace\xoai\services\impl\xoai\DSpaceItemRepository.java,151
commons-cli:commons-cli,1.9.0,false,ClassOrInterfaceType,org.apache.commons.cli.DefaultParser,DefaultParser,C:\Users\tyin363\Documents\repos\DSpace__DSpace\dspace-oai\src\main\java\org\dspace\xoai\app\XOAI.java,597
JDK:java.base,N/A,false,ClassOrInterfaceType,java.lang.String,String,C:\Users\tyin363\Documents\repos\DSpace__DSpace\dspace-oai\src\main\java\org\dspace\xoai\util\ItemUtils.java,137
org.dspace:xoai,3.4.1,false,ClassOrInterfaceType,com.lyncode.xoai.dataprovider.xml.xoai.Element,Element,C:\Users\tyin363\Documents\repos\DSpace__DSpace\dspace-oai\src\main\java\org\dspace\xoai\util\ItemUtils.java,353
org.dspace:xoai,3.4.1,false,ClassOrInterfaceType,com.lyncode.xoai.dataprovider.filter.conditions.OrCondition,OrCondition,C:\Users\tyin363\Documents\repos\DSpace__DSpace\dspace-oai\src\main\java\org\dspace\xoai\services\impl\xoai\BaseDSpaceFilterResolver.java,45
,,false,MethodCallExpr,org.dspace.xoai.app.XOAI,clearIndex,C:\Users\tyin363\Documents\repos\DSpace__DSpace\dspace-oai\src\main\java\org\dspace\xoai\app\XOAI.java,158
JDK:java.base,N/A,false,FieldAccessExpr,java.lang.System,out,C:\Users\tyin363\Documents\repos\DSpace__DSpace\dspace-oai\src\main\java\org\dspace\xoai\app\XOAI.java,731
JDK:java.base,N/A,false,MethodCallExpr,java.lang.StringBuilder,append,C:\Users\tyin363\Documents\repos\DSpace__DSpace\dspace-oai\src\main\java\org\dspace\xoai\filter\DSpaceMetadataExistsFilter.java,78
JDK:java.base,N/A,false,ObjectCreationExpr,java.io.File,File,C:\Users\tyin363\Documents\repos\DSpace__DSpace\dspace-oai\src\main\java\org\dspace\xoai\services\impl\cache\DSpaceXOAICacheService.java,73
JDK:java.base,N/A,false,ClassOrInterfaceType,java.time.format.DateTimeParseException,DateTimeParseException,C:\Users\tyin363\Documents\repos\DSpace__DSpace\dspace-oai\src\main\java\org\dspace\xoai\services\impl\cache\DSpaceXOAILastCompilationCacheService.java,55
JDK:java.base,N/A,false,ObjectCreationExpr,java.util.ArrayList,ArrayList,C:\Users\tyin363\Documents\repos\DSpace__DSpace\dspace-oai\src\main\java\org\dspace\xoai\services\impl\DSpaceCollectionsService.java,36
,,false,ObjectCreationExpr,org.dspace.xoai.exceptions.InvalidSetSpecException,InvalidSetSpecException,C:\Users\tyin363\Documents\repos\DSpace__DSpace\dspace-oai\src\main\java\org\dspace\xoai\services\impl\set\DSpaceSetSpecResolver.java,82
JDK:java.base,N/A,false,MethodCallExpr,java.lang.String,replace,C:\Users\tyin363\Documents\repos\DSpace__DSpace\dspace-oai\src\main\java\org\dspace\xoai\services\impl\xoai\DSpaceRepositoryConfiguration.java,89
,,false,ClassOrInterfaceType,org.dspace.xoai.exceptions.InvalidMetadataFieldException,InvalidMetadataFieldException,C:\Users\tyin363\Documents\repos\DSpace__DSpace\dspace-oai\src\main\java\org\dspace\xoai\services\impl\DSpaceFieldResolver.java,27
,,false,ClassOrInterfaceType,org.dspace.xoai.services.api.HandleResolverException,HandleResolverException,C:\Users\tyin363\Documents\repos\DSpace__DSpace\dspace-oai\src\main\java\org\dspace\xoai\services\impl\DSpaceHandleResolver.java,36
,,false,MethodCallExpr,org.dspace.xoai.services.impl.xoai.DSpaceItemSolrRepository.QueryResult,hasMore,C:\Users\tyin363\Documents\repos\DSpace__DSpace\dspace-oai\src\main\java\org\dspace\xoai\services\impl\xoai\DSpaceItemSolrRepository.java,96
JDK:java.base,N/A,false,ClassOrInterfaceType,java.util.ArrayList,ArrayList,C:\Users\tyin363\Documents\repos\DSpace__DSpace\dspace-oai\src\main\java\org\dspace\xoai\app\XOAI.java,317
org.dspace:xoai,3.4.1,false,ClassOrInterfaceType,com.lyncode.xoai.dataprovider.data.Item,Item,C:\Users\tyin363\Documents\repos\DSpace__DSpace\dspace-oai\src\main\java\org\dspace\xoai\data\DSpaceItem.java,27
JDK:java.base,N/A,false,ClassOrInterfaceType,java.lang.String,String,C:\Users\tyin363\Documents\repos\DSpace__DSpace\dspace-oai\src\main\java\org\dspace\xoai\util\ItemUtils.java,138
org.apache.logging.log4j:log4j-api,2.25.1,false,MethodCallExpr,org.apache.logging.log4j.Logger,debug,C:\Users\tyin363\Documents\repos\DSpace__DSpace\dspace-oai\src\main\java\org\dspace\xoai\services\impl\xoai\DSpaceSetRepository.java,127
,,false,ObjectCreationExpr,org.dspace.xoai.services.impl.xoai.DSpaceItemSolrRepository.QueryResult,QueryResult,C:\Users\tyin363\Documents\repos\DSpace__DSpace\dspace-oai\src\main\java\org\dspace\xoai\services\impl\xoai\DSpaceItemSolrRepository.java,113
org.dspace:xoai,3.4.1,false,MethodCallExpr,com.lyncode.xoai.dataprovider.xml.xoai.Element,getField,C:\Users\tyin363\Documents\repos\DSpace__DSpace\dspace-oai\src\main\java\org\dspace\xoai\util\ItemUtils.java,143
JDK:java.base,N/A,false,ClassOrInterfaceType,java.lang.String,String,C:\Users\tyin363\Documents\repos\DSpace__DSpace\dspace-oai\src\main\java\org\dspace\xoai\app\CCElementItemCompilePlugin.java,41
JDK:java.base,N/A,false,ClassOrInterfaceType,java.lang.String,String,C:\Users\tyin363\Documents\repos\DSpace__DSpace\dspace-oai\src\main\java\org\dspace\xoai\services\impl\set\DSpaceSetSpecResolver.java,95
JDK:java.base,N/A,false,ObjectCreationExpr,java.io.File,File,C:\Users\tyin363\Documents\repos\DSpace__DSpace\dspace-oai\src\main\java\org\dspace\xoai\services\impl\xoai\DSpaceRepositoryConfiguration.java,153
JDK:java.base,N/A,false,FieldAccessExpr,java.lang.System,out,C:\Users\tyin363\Documents\repos\DSpace__DSpace\dspace-oai\src\main\java\org\dspace\xoai\app\XOAI.java,728
JDK:java.base,N/A,false,ClassOrInterfaceType,java.io.IOException,IOException,C:\Users\tyin363\Documents\repos\DSpace__DSpace\dspace-oai\src\main\java\org\dspace\xoai\services\impl\cache\DSpaceEmptyCacheService.java,28
,,false,ClassOrInterfaceType,org.dspace.xoai.services.api.set.SetSpecResolver,SetSpecResolver,C:\Users\tyin363\Documents\repos\DSpace__DSpace\dspace-oai\src\main\java\org\dspace\xoai\services\impl\set\DSpaceSetSpecResolver.java,25
,,false,ClassOrInterfaceType,org.dspace.xoai.filter.DSpaceAtLeastOneMetadataFilter,DSpaceAtLeastOneMetadataFilter,C:\Users\tyin363\Documents\repos\DSpace__DSpace\dspace-oai\src\main\java\org\dspace\xoai\filter\DSpaceAtLeastOneMetadataFilter.java,33
commons-cli:commons-cli,1.9.0,false,MethodCallExpr,org.apache.commons.cli.Options,addOption,C:\Users\tyin363\Documents\repos\DSpace__DSpace\dspace-oai\src\main\java\org\dspace\xoai\app\XOAI.java,601
JDK:java.base,N/A,false,MethodCallExpr,java.util.List,add,C:\Users\tyin363\Documents\repos\DSpace__DSpace\dspace-oai\src\main\java\org\dspace\xoai\util\ItemUtils.java,108
JDK:java.base,N/A,false,ClassOrInterfaceType,java.sql.SQLException,SQLException,C:\Users\tyin363\Documents\repos\DSpace__DSpace\dspace-oai\src\main\java\org\dspace\xoai\services\impl\xoai\DSpaceSetRepository.java,65
JDK:java.base,N/A,false,ClassOrInterfaceType,java.sql.SQLException,SQLException,C:\Users\tyin363\Documents\repos\DSpace__DSpace\dspace-oai\src\main\java\org\dspace\xoai\services\impl\DSpaceFieldResolver.java,27
,,false,ClassOrInterfaceType,org.dspace.xoai.filter.DSpaceAuthorizationFilter,DSpaceAuthorizationFilter,C:\Users\tyin363\Documents\repos\DSpace__DSpace\dspace-oai\src\main\java\org\dspace\xoai\filter\DSpaceAuthorizationFilter.java,28
,,false,MethodCallExpr,org.dspace.xoai.services.impl.cache.DSpaceXOAICacheService,getCacheFile,C:\Users\tyin363\Documents\repos\DSpace__DSpace\dspace-oai\src\main\java\org\dspace\xoai\services\impl\cache\DSpaceXOAICacheService.java,94
,,false,ObjectCreationExpr,org.dspace.xoai.services.impl.solr.DSpaceSolrQueryResolver,DSpaceSolrQueryResolver,C:\Users\tyin363\Documents\repos\DSpace__DSpace\dspace-oai\src\main\java\org\dspace\xoai\app\BasicConfiguration.java,148
JDK:java.base,N/A,false,MethodCallExpr,java.lang.Throwable,getMessage,C:\Users\tyin363\Documents\repos\DSpace__DSpace\dspace-oai\src\main\java\org\dspace\xoai\filter\DSpaceSetSpecFilter.java,53
,,false,MethodCallExpr,org.dspace.xoai.services.impl.cache.DSpaceXOAICacheService,getBaseDir,C:\Users\tyin363\Documents\repos\DSpace__DSpace\dspace-oai\src\main\java\org\dspace\xoai\services\impl\cache\DSpaceXOAICacheService.java,73
JDK:java.base,N/A,false,ClassOrInterfaceType,java.lang.String,String,C:\Users\tyin363\Documents\repos\DSpace__DSpace\dspace-oai\src\main\java\org\dspace\xoai\app\CCElementItemCompilePlugin.java,40
org.apache.logging.log4j:log4j-api,2.25.1,false,MethodCallExpr,org.apache.logging.log4j.Logger,debug,C:\Users\tyin363\Documents\repos\DSpace__DSpace\dspace-oai\src\main\java\org\dspace\xoai\services\impl\xoai\DSpaceSetRepository.java,124
,,false,MethodCallExpr,com.lyncode.xoai.dataprovider.xml.xoai.Element.Field,getValue,C:\Users\tyin363\Documents\repos\DSpace__DSpace\dspace-oai\src\main\java\org\dspace\xoai\data\DSpaceItem.java,48
JDK:java.base,N/A,false,FieldAccessExpr,java.lang.System,out,C:\Users\tyin363\Documents\repos\DSpace__DSpace\dspace-oai\src\main\java\org\dspace\xoai\app\XOAI.java,729
JDK:java.base,N/A,false,ClassOrInterfaceType,java.lang.String,String,C:\Users\tyin363\Documents\repos\DSpace__DSpace\dspace-oai\src\main\java\org\dspace\xoai\services\impl\set\DSpaceSetSpecResolver.java,94
org.thymeleaf:thymeleaf-spring6,3.1.3.RELEASE,true,ClassOrInterfaceType,org.thymeleaf.spring6.SpringTemplateEngine,SpringTemplateEngine,C:\Users\tyin363\Documents\repos\DSpace__DSpace\dspace-oai\src\main\java\org\dspace\app\configuration\OAIWebConfig.java,81
JDK:java.base,N/A,false,ClassOrInterfaceType,java.util.List,List,C:\Users\tyin363\Documents\repos\DSpace__DSpace\dspace-oai\src\main\java\org\dspace\xoai\services\impl\xoai\DSpaceItemSolrRepository.java,118
JDK:java.base,N/A,false,ClassOrInterfaceType,java.lang.String,String,C:\Users\tyin363\Documents\repos\DSpace__DSpace\dspace-oai\src\main\java\org\dspace\xoai\services\impl\xoai\BaseDSpaceFilterResolver.java,57
org.dspace:xoai,3.4.1,false,ClassOrInterfaceType,com.lyncode.xoai.dataprovider.core.ListItemIdentifiersResult,ListItemIdentifiersResult,C:\Users\tyin363\Documents\repos\DSpace__DSpace\dspace-oai\src\main\java\org\dspace\xoai\services\impl\xoai\DSpaceItemRepository.java,63
commons-cli:commons-cli,1.9.0,false,MethodCallExpr,org.apache.commons.cli.Options,addOption,C:\Users\tyin363\Documents\repos\DSpace__DSpace\dspace-oai\src\main\java\org\dspace\xoai\app\XOAI.java,600
JDK:java.base,N/A,false,ClassOrInterfaceType,java.util.List,List,C:\Users\tyin363\Documents\repos\DSpace__DSpace\dspace-oai\src\main\java\org\dspace\xoai\services\impl\xoai\DSpaceSetRepository.java,125
,,false,ClassOrInterfaceType,org.dspace.xoai.services.impl.solr.DSpaceSolrQueryResolver,DSpaceSolrQueryResolver,C:\Users\tyin363\Documents\repos\DSpace__DSpace\dspace-oai\src\main\java\org\dspace\xoai\app\BasicConfiguration.java,148
JDK:java.base,N/A,false,ClassOrInterfaceType,java.io.OutputStream,OutputStream,C:\Users\tyin363\Documents\repos\DSpace__DSpace\dspace-oai\src\main\java\org\dspace\xoai\controller\DSpaceOAIDataProvider.java,109
org.dspace:xoai,3.4.1,false,ClassOrInterfaceType,com.lyncode.xoai.dataprovider.filter.ScopedFilter,ScopedFilter,C:\Users\tyin363\Documents\repos\DSpace__DSpace\dspace-oai\src\main\java\org\dspace\xoai\services\impl\xoai\DSpaceItemRepository.java,57
org.dspace:xoai,3.4.1,false,ClassOrInterfaceType,com.lyncode.xoai.dataprovider.core.ListItemIdentifiersResult,ListItemIdentifiersResult,C:\Users\tyin363\Documents\repos\DSpace__DSpace\dspace-oai\src\main\java\org\dspace\xoai\services\impl\xoai\DSpaceItemSolrRepository.java,72
,,false,ClassOrInterfaceType,org.dspace.xoai.services.impl.MetadataFieldCache,MetadataFieldCache,C:\Users\tyin363\Documents\repos\DSpace__DSpace\dspace-oai\src\main\java\org\dspace\xoai\services\impl\DSpaceFieldResolver.java,21
org.apache.logging.log4j:log4j-api,2.25.1,false,MethodCallExpr,org.apache.logging.log4j.LogManager,getLogger,C:\Users\tyin363\Documents\repos\DSpace__DSpace\dspace-oai\src\main\java\org\dspace\xoai\app\XOAI.java,86
,,false,MethodCallExpr,org.dspace.xoai.services.api.xoai.IdentifyResolver,getIdentify,C:\Users\tyin363\Documents\repos\DSpace__DSpace\dspace-oai\src\main\java\org\dspace\xoai\controller\DSpaceOAIDataProvider.java,104
JDK:java.base,N/A,false,ClassOrInterfaceType,java.util.List,List,C:\Users\tyin363\Documents\repos\DSpace__DSpace\dspace-oai\src\main\java\org\dspace\xoai\services\api\CollectionsService.java,21
JDK:java.base,N/A,false,FieldAccessExpr,java.time.ZoneOffset,UTC,C:\Users\tyin363\Documents\repos\DSpace__DSpace\dspace-oai\src\main\java\org\dspace\xoai\app\XOAI.java,523
JDK:java.base,N/A,false,ClassOrInterfaceType,java.lang.String,String,C:\Users\tyin363\Documents\repos\DSpace__DSpace\dspace-oai\src\main\java\org\dspace\xoai\controller\DSpaceOAIDataProvider.java,172
JDK:java.base,N/A,false,ClassOrInterfaceType,java.lang.String,String,C:\Users\tyin363\Documents\repos\DSpace__DSpace\dspace-oai\src\main\java\org\dspace\xoai\util\ItemUtils.java,136
JDK:java.base,N/A,false,ClassOrInterfaceType,java.lang.String,String,C:\Users\tyin363\Documents\repos\DSpace__DSpace\dspace-oai\src\main\java\org\dspace\xoai\filter\DSpaceAtLeastOneMetadataFilter.java,140
org.springframework:spring-web,6.2.9,true,MethodCallExpr,org.springframework.web.context.request.RequestContextHolder,currentRequestAttributes,C:\Users\tyin363\Documents\repos\DSpace__DSpace\dspace-oai\src\main\java\org\dspace\xoai\services\impl\context\DSpaceContextService.java,22
org.dspace:xoai,3.4.1,false,ClassOrInterfaceType,com.lyncode.xoai.dataprovider.services.api.ItemRepository,ItemRepository,C:\Users\tyin363\Documents\repos\DSpace__DSpace\dspace-oai\src\main\java\org\dspace\xoai\services\api\xoai\ItemRepositoryResolver.java,14
,,false,ClassOrInterfaceType,org.dspace.xoai.app.XOAIExtensionItemCompilePlugin,XOAIExtensionItemCompilePlugin,C:\Users\tyin363\Documents\repos\DSpace__DSpace\dspace-oai\src\main\java\org\dspace\xoai\app\XOAI.java,500
JDK:java.base,N/A,false,FieldAccessExpr,java.time.ZoneOffset,UTC,C:\Users\tyin363\Documents\repos\DSpace__DSpace\dspace-oai\src\main\java\org\dspace\xoai\app\XOAI.java,520
,,false,MethodCallExpr,org.dspace.xoai.services.api.context.ContextService,getContext,C:\Users\tyin363\Documents\repos\DSpace__DSpace\dspace-oai\src\main\java\org\dspace\xoai\services\impl\DSpaceHandleResolver.java,34
org.dspace:xoai,3.4.1,false,ObjectCreationExpr,com.lyncode.xoai.dataprovider.filter.ScopedFilter,ScopedFilter,C:\Users\tyin363\Documents\repos\DSpace__DSpace\dspace-oai\src\main\java\org\dspace\xoai\services\impl\xoai\DSpaceItemRepository.java,152
JDK:java.base,N/A,false,MethodCallExpr,java.lang.StringBuilder,append,C:\Users\tyin363\Documents\repos\DSpace__DSpace\dspace-oai\src\main\java\org\dspace\xoai\filter\DSpaceMetadataExistsFilter.java,75
org.dspace:xoai,3.4.1,false,ClassOrInterfaceType,com.lyncode.xoai.dataprovider.core.Set,Set,C:\Users\tyin363\Documents\repos\DSpace__DSpace\dspace-oai\src\main\java\org\dspace\xoai\data\DSpaceSet.java,27
,,false,ClassOrInterfaceType,org.dspace.xoai.services.api.cache.XOAICacheService,XOAICacheService,C:\Users\tyin363\Documents\repos\DSpace__DSpace\dspace-oai\src\main\java\org\dspace\xoai\app\BasicConfiguration.java,77
JDK:java.base,N/A,false,MethodCallExpr,java.lang.String,equals,C:\Users\tyin363\Documents\repos\DSpace__DSpace\dspace-oai\src\main\java\org\dspace\xoai\services\impl\xoai\DSpaceResumptionTokenFormatter.java,40
,,false,FieldAccessExpr,org.dspace.xoai.filter.DSpaceMetadataExistsFilter,fields,C:\Users\tyin363\Documents\repos\DSpace__DSpace\dspace-oai\src\main\java\org\dspace\xoai\filter\DSpaceMetadataExistsFilter.java,49
org.apache.logging.log4j:log4j-api,2.25.1,false,MethodCallExpr,org.apache.logging.log4j.Logger,error,C:\Users\tyin363\Documents\repos\DSpace__DSpace\dspace-oai\src\main\java\org\dspace\xoai\services\impl\xoai\DSpaceItemSolrRepository.java,86
,,false,MethodCallExpr,org.dspace.xoai.util.ItemUtils,getElement,C:\Users\tyin363\Documents\repos\DSpace__DSpace\dspace-oai\src\main\java\org\dspace\xoai\app\plugins\AccessStatusElementItemCompilePlugin.java,74
JDK:java.base,N/A,false,ClassOrInterfaceType,java.lang.Throwable,Throwable,C:\Users\tyin363\Documents\repos\DSpace__DSpace\dspace-oai\src\main\java\org\dspace\xoai\exceptions\InvalidSetSpecException.java,23
JDK:java.base,N/A,false,ClassOrInterfaceType,java.lang.String,String,C:\Users\tyin363\Documents\repos\DSpace__DSpace\dspace-oai\src\main\java\org\dspace\xoai\filter\DSpaceAtLeastOneMetadataFilter.java,139
,,false,ObjectCreationExpr,org.dspace.xoai.filter.results.SolrFilterResult,SolrFilterResult,C:\Users\tyin363\Documents\repos\DSpace__DSpace\dspace-oai\src\main\java\org\dspace\xoai\filter\OrFilter.java,25
JDK:java.base,N/A,false,ClassOrInterfaceType,java.util.List,List,C:\Users\tyin363\Documents\repos\DSpace__DSpace\dspace-oai\src\main\java\org\dspace\xoai\services\impl\xoai\DSpaceItemRepository.java,83
org.apache.logging.log4j:log4j-api,2.25.1,false,MethodCallExpr,org.apache.logging.log4j.Logger,error,C:\Users\tyin363\Documents\repos\DSpace__DSpace\dspace-oai\src\main\java\org\dspace\xoai\services\impl\xoai\DSpaceResumptionTokenFormatter.java,43
org.dspace:xoai,3.4.1,false,ClassOrInterfaceType,com.lyncode.xoai.dataprovider.exceptions.OAIException,OAIException,C:\Users\tyin363\Documents\repos\DSpace__DSpace\dspace-oai\src\main\java\org\dspace\xoai\services\impl\xoai\DSpaceItemRepository.java,56
JDK:java.base,N/A,false,MethodCallExpr,javax.xml.stream.XMLStreamWriter,flush,C:\Users\tyin363\Documents\repos\DSpace__DSpace\dspace-oai\src\main\java\org\dspace\xoai\app\XOAI.java,505
,,false,ClassOrInterfaceType,org.dspace.xoai.services.api.HandleResolverException,HandleResolverException,C:\Users\tyin363\Documents\repos\DSpace__DSpace\dspace-oai\src\main\java\org\dspace\xoai\services\impl\DSpaceHandleResolver.java,32
org.springframework:spring-web,6.2.9,true,MethodCallExpr,org.springframework.web.util.UriComponentsBuilder,buildAndExpand,C:\Users\tyin363\Documents\repos\DSpace__DSpace\dspace-oai\src\main\java\org\dspace\xoai\services\impl\xoai\DSpaceRepositoryConfiguration.java,79
,,false,FieldAccessExpr,org.dspace.xoai.filter.DSpaceFilter,fieldResolver,C:\Users\tyin363\Documents\repos\DSpace__DSpace\dspace-oai\src\main\java\org\dspace\xoai\filter\DSpaceFilter.java,74
org.dspace:xoai,3.4.1,false,MethodCallExpr,com.lyncode.xoai.dataprovider.filter.ScopedFilter,getScope,C:\Users\tyin363\Documents\repos\DSpace__DSpace\dspace-oai\src\main\java\org\dspace\xoai\services\impl\solr\DSpaceSolrQueryResolver.java,29
org.dspace:xoai,3.4.1,false,ObjectCreationExpr,com.lyncode.xoai.dataprovider.filter.ScopedFilter,ScopedFilter,C:\Users\tyin363\Documents\repos\DSpace__DSpace\dspace-oai\src\main\java\org\dspace\xoai\services\impl\xoai\DSpaceItemRepository.java,153
org.dspace:xoai,3.4.1,false,MethodCallExpr,com.lyncode.xoai.dataprovider.xml.xoai.Element,getField,C:\Users\tyin363\Documents\repos\DSpace__DSpace\dspace-oai\src\main\java\org\dspace\xoai\util\ItemUtils.java,149
JDK:java.base,N/A,false,ClassOrInterfaceType,java.lang.String,String,C:\Users\tyin363\Documents\repos\DSpace__DSpace\dspace-oai\src\main\java\org\dspace\xoai\controller\DSpaceOAIDataProvider.java,174
org.springframework:spring-webmvc,6.2.9,false,MethodCallExpr,org.springframework.web.servlet.config.annotation.ResourceHandlerRegistration,addResourceLocations,C:\Users\tyin363\Documents\repos\DSpace__DSpace\dspace-oai\src\main\java\org\dspace\app\configuration\OAIWebConfig.java,59
JDK:java.base,N/A,false,ObjectCreationExpr,java.util.LinkedList,LinkedList,C:\Users\tyin363\Documents\repos\DSpace__DSpace\dspace-oai\src\main\java\org\dspace\xoai\services\impl\DSpaceCollectionsService.java,82
,,false,MethodCallExpr,org.dspace.xoai.services.api.cache.XOAICacheService,isActive,C:\Users\tyin363\Documents\repos\DSpace__DSpace\dspace-oai\src\main\java\org\dspace\xoai\controller\DSpaceOAIDataProvider.java,117
JDK:java.base,N/A,false,MethodCallExpr,java.util.Date,toInstant,C:\Users\tyin363\Documents\repos\DSpace__DSpace\dspace-oai\src\main\java\org\dspace\xoai\services\impl\xoai\DSpaceItemRepository.java,118
,,false,MethodCallExpr,org.dspace.xoai.services.impl.xoai.DSpaceSetRepository,getCommunityCount,C:\Users\tyin363\Documents\repos\DSpace__DSpace\dspace-oai\src\main\java\org\dspace\xoai\services\impl\xoai\DSpaceSetRepository.java,126
,,false,MethodCallExpr,org.dspace.xoai.services.impl.xoai.BaseDSpaceFilterResolver,getFilter,C:\Users\tyin363\Documents\repos\DSpace__DSpace\dspace-oai\src\main\java\org\dspace\xoai\services\impl\xoai\BaseDSpaceFilterResolver.java,58
,,false,MethodCallExpr,org.dspace.xoai.util.ItemUtils,getElement,C:\Users\tyin363\Documents\repos\DSpace__DSpace\dspace-oai\src\main\java\org\dspace\xoai\app\plugins\AccessStatusElementItemCompilePlugin.java,75
org.dspace:xoai,3.4.1,false,ClassOrInterfaceType,com.lyncode.xoai.dataprovider.data.Filter,Filter,C:\Users\tyin363\Documents\repos\DSpace__DSpace\dspace-oai\src\main\java\org\dspace\xoai\services\impl\xoai\DSpaceItemRepository.java,161
JDK:java.base,N/A,false,MethodCallExpr,java.util.List,add,C:\Users\tyin363\Documents\repos\DSpace__DSpace\dspace-oai\src\main\java\org\dspace\xoai\util\ItemUtils.java,112
JDK:java.base,N/A,false,MethodCallExpr,java.lang.StringBuffer,toString,C:\Users\tyin363\Documents\repos\DSpace__DSpace\dspace-oai\src\main\java\org\dspace\xoai\app\OAISpringLoader.java,36
JDK:java.base,N/A,false,MethodCallExpr,java.lang.String,equals,C:\Users\tyin363\Documents\repos\DSpace__DSpace\dspace-oai\src\main\java\org\dspace\xoai\services\impl\xoai\DSpaceResumptionTokenFormatter.java,38
org.dspace:xoai,3.4.1,false,ClassOrInterfaceType,com.lyncode.xoai.dataprovider.core.Set,Set,C:\Users\tyin363\Documents\repos\DSpace__DSpace\dspace-oai\src\main\java\org\dspace\xoai\data\DSpaceSet.java,29
JDK:java.base,N/A,false,FieldAccessExpr,java.io.File,separator,C:\Users\tyin363\Documents\repos\DSpace__DSpace\dspace-oai\src\main\java\org\dspace\xoai\services\impl\cache\DSpaceXOAILastCompilationCacheService.java,23
org.dspace:xoai,3.4.1,false,MethodCallExpr,com.lyncode.xoai.dataprovider.xml.xoai.Element,getElement,C:\Users\tyin363\Documents\repos\DSpace__DSpace\dspace-oai\src\main\java\org\dspace\xoai\util\ItemUtils.java,269
JDK:java.base,N/A,false,ClassOrInterfaceType,java.lang.String,String,C:\Users\tyin363\Documents\repos\DSpace__DSpace\dspace-oai\src\main\java\org\dspace\xoai\util\ItemUtils.java,139
JDK:java.base,N/A,false,ClassOrInterfaceType,java.lang.String,String,C:\Users\tyin363\Documents\repos\DSpace__DSpace\dspace-oai\src\main\java\org\dspace\xoai\filter\DSpaceAtLeastOneMetadataFilter.java,142
,,false,ClassOrInterfaceType,org.dspace.xoai.filter.results.SolrFilterResult,SolrFilterResult,C:\Users\tyin363\Documents\repos\DSpace__DSpace\dspace-oai\src\main\java\org\dspace\xoai\filter\DSpaceWithdrawnFilter.java,40
org.apache.logging.log4j:log4j-api,2.25.1,false,MethodCallExpr,org.apache.logging.log4j.Logger,warn,C:\Users\tyin363\Documents\repos\DSpace__DSpace\dspace-oai\src\main\java\org\dspace\xoai\util\ItemUtils.java,333
JDK:java.base,N/A,false,ClassOrInterfaceType,java.util.List,List,C:\Users\tyin363\Documents\repos\DSpace__DSpace\dspace-oai\src\main\java\org\dspace\xoai\data\DSpaceItem.java,63
org.dspace:xoai,3.4.1,false,MethodCallExpr,com.lyncode.xoai.dataprovider.xml.xoai.Element,getField,C:\Users\tyin363\Documents\repos\DSpace__DSpace\dspace-oai\src\main\java\org\dspace\xoai\util\ItemUtils.java,146
JDK:java.base,N/A,false,ClassOrInterfaceType,java.lang.String,String,C:\Users\tyin363\Documents\repos\DSpace__DSpace\dspace-oai\src\main\java\org\dspace\xoai\services\impl\set\DSpaceSetSpecResolver.java,90
JDK:java.base,N/A,false,MethodCallExpr,java.util.Date,toInstant,C:\Users\tyin363\Documents\repos\DSpace__DSpace\dspace-oai\src\main\java\org\dspace\xoai\services\impl\xoai\DSpaceItemRepository.java,117
JDK:java.base,N/A,false,MethodCallExpr,java.lang.Throwable,getMessage,C:\Users\tyin363\Documents\repos\DSpace__DSpace\dspace-oai\src\main\java\org\dspace\xoai\services\impl\xoai\DSpaceSetRepository.java,167
org.dspace:xoai,3.4.1,false,ClassOrInterfaceType,com.lyncode.xoai.dataprovider.xml.xoai.Element,Element,C:\Users\tyin363\Documents\repos\DSpace__DSpace\dspace-oai\src\main\java\org\dspace\xoai\util\ItemUtils.java,87
JDK:java.base,N/A,false,FieldAccessExpr,java.io.File,separator,C:\Users\tyin363\Documents\repos\DSpace__DSpace\dspace-oai\src\main\java\org\dspace\xoai\services\impl\cache\DSpaceXOAIItemCacheService.java,52
,,false,FieldAccessExpr,org.dspace.xoai.services.impl.xoai.DSpaceItemSolrRepository.QueryResult,hasMore,C:\Users\tyin363\Documents\repos\DSpace__DSpace\dspace-oai\src\main\java\org\dspace\xoai\services\impl\xoai\DSpaceItemSolrRepository.java,124
JDK:java.base,N/A,false,ClassOrInterfaceType,java.io.ByteArrayOutputStream,ByteArrayOutputStream,C:\Users\tyin363\Documents\repos\DSpace__DSpace\dspace-oai\src\main\java\org\dspace\xoai\util\ItemUtils.java,225
org.dspace:xoai,3.4.1,false,MethodCallExpr,com.lyncode.xoai.dataprovider.xml.xoai.Element,getElement,C:\Users\tyin363\Documents\repos\DSpace__DSpace\dspace-oai\src\main\java\org\dspace\xoai\data\DSpaceItem.java,45
org.apache.logging.log4j:log4j-api,2.25.1,false,MethodCallExpr,org.apache.logging.log4j.LogManager,getLogger,C:\Users\tyin363\Documents\repos\DSpace__DSpace\dspace-oai\src\main\java\org\dspace\xoai\filter\DSpaceAtLeastOneMetadataFilter.java,33
,,false,MethodCallExpr,org.dspace.xoai.services.impl.cache.DSpaceXOAILastCompilationCacheService,getFile,C:\Users\tyin363\Documents\repos\DSpace__DSpace\dspace-oai\src\main\java\org\dspace\xoai\services\impl\cache\DSpaceXOAILastCompilationCacheService.java,41
,,false,ObjectCreationExpr,org.dspace.xoai.filter.DSpaceSetSpecFilter,DSpaceSetSpecFilter,C:\Users\tyin363\Documents\repos\DSpace__DSpace\dspace-oai\src\main\java\org\dspace\xoai\services\impl\xoai\DSpaceItemRepository.java,171
JDK:java.base,N/A,false,MethodCallExpr,java.util.Date,toInstant,C:\Users\tyin363\Documents\repos\DSpace__DSpace\dspace-oai\src\main\java\org\dspace\xoai\filter\DateUntilFilter.java,33
JDK:java.base,N/A,false,MethodCallExpr,java.io.PrintStream,println,C:\Users\tyin363\Documents\repos\DSpace__DSpace\dspace-oai\src\main\java\org\dspace\xoai\app\XOAI.java,150
org.dspace:xoai,3.4.1,false,ClassOrInterfaceType,com.lyncode.xoai.dataprovider.xml.xoai.Element,Element,C:\Users\tyin363\Documents\repos\DSpace__DSpace\dspace-oai\src\main\java\org\dspace\xoai\util\ItemUtils.java,88
JDK:java.base,N/A,false,FieldAccessExpr,java.lang.System,out,C:\Users\tyin363\Documents\repos\DSpace__DSpace\dspace-oai\src\main\java\org\dspace\xoai\app\XOAI.java,337
org.dspace:xoai,3.4.1,false,MethodCallExpr,com.lyncode.xoai.dataprovider.data.ItemIdentifier,getDatestamp,C:\Users\tyin363\Documents\repos\DSpace__DSpace\dspace-oai\src\main\java\org\dspace\xoai\filter\DateUntilFilter.java,33
,,false,MethodCallExpr,com.lyncode.xoai.dataprovider.xml.xoai.Element.Field,setName,C:\Users\tyin363\Documents\repos\DSpace__DSpace\dspace-oai\src\main\java\org\dspace\xoai\util\ItemUtils.java,96
,,false,MethodCallExpr,org.dspace.xoai.services.impl.cache.DSpaceXOAICacheService,getCacheFile,C:\Users\tyin363\Documents\repos\DSpace__DSpace\dspace-oai\src\main\java\org\dspace\xoai\services\impl\cache\DSpaceXOAICacheService.java,89
JDK:java.base,N/A,false,ClassOrInterfaceType,java.lang.String,String,C:\Users\tyin363\Documents\repos\DSpace__DSpace\dspace-oai\src\main\java\org\dspace\xoai\util\ItemUtils.java,140
JDK:java.base,N/A,false,ClassOrInterfaceType,java.io.File,File,C:\Users\tyin363\Documents\repos\DSpace__DSpace\dspace-oai\src\main\java\org\dspace\xoai\services\impl\cache\DSpaceXOAIItemCacheService.java,53
,,false,ClassOrInterfaceType,org.dspace.xoai.services.api.cache.XOAICacheService,XOAICacheService,C:\Users\tyin363\Documents\repos\DSpace__DSpace\dspace-oai\src\main\java\org\dspace\xoai\app\XOAI.java,574
JDK:java.base,N/A,false,ClassOrInterfaceType,java.lang.String,String,C:\Users\tyin363\Documents\repos\DSpace__DSpace\dspace-oai\src\main\java\org\dspace\xoai\data\DSpaceSolrItem.java,54
JDK:java.base,N/A,false,MethodCallExpr,java.lang.String,equals,C:\Users\tyin363\Documents\repos\DSpace__DSpace\dspace-oai\src\main\java\org\dspace\xoai\services\impl\xoai\DSpaceResumptionTokenFormatter.java,39
,,false,ClassOrInterfaceType,org.dspace.xoai.services.impl.cache.DSpaceXOAILastCompilationCacheService,DSpaceXOAILastCompilationCacheService,C:\Users\tyin363\Documents\repos\DSpace__DSpace\dspace-oai\src\main\java\org\dspace\xoai\app\BasicConfiguration.java,92
JDK:java.base,N/A,false,MethodCallExpr,java.util.regex.Pattern,compile,C:\Users\tyin363\Documents\repos\DSpace__DSpace\dspace-oai\src\main\java\org\dspace\xoai\services\impl\set\DSpaceSetSpecResolver.java,75
,,false,ClassOrInterfaceType,org.dspace.xoai.app.BasicConfiguration,BasicConfiguration,C:\Users\tyin363\Documents\repos\DSpace__DSpace\dspace-oai\src\main\java\org\dspace\xoai\app\XOAI.java,589
org.dspace:xoai,3.4.1,false,MethodCallExpr,com.lyncode.xoai.dataprovider.services.api.ItemRepository,getItemIdentifiers,C:\Users\tyin363\Documents\repos\DSpace__DSpace\dspace-oai\src\main\java\org\dspace\xoai\services\impl\xoai\DSpaceItemRepository.java,50
org.dspace:xoai,3.4.1,false,MethodCallExpr,com.lyncode.xoai.dataprovider.xml.xoai.Metadata,getElement,C:\Users\tyin363\Documents\repos\DSpace__DSpace\dspace-oai\src\main\java\org\dspace\xoai\util\ItemUtils.java,331
JDK:java.base,N/A,false,FieldAccessExpr,java.lang.System,out,C:\Users\tyin363\Documents\repos\DSpace__DSpace\dspace-oai\src\main\java\org\dspace\xoai\app\XOAI.java,705
,,false,ClassOrInterfaceType,org.dspace.xoai.filter.ItemsWithBitstreamFilter,ItemsWithBitstreamFilter,C:\Users\tyin363\Documents\repos\DSpace__DSpace\dspace-oai\src\main\java\org\dspace\xoai\filter\ItemsWithBitstreamFilter.java,29
JDK:java.base,N/A,false,ClassOrInterfaceType,java.io.IOException,IOException,C:\Users\tyin363\Documents\repos\DSpace__DSpace\dspace-oai\src\main\java\org\dspace\xoai\services\impl\xoai\DSpaceItemSolrRepository.java,97
JDK:java.base,N/A,false,MethodCallExpr,java.time.LocalDate,isAfter,C:\Users\tyin363\Documents\repos\DSpace__DSpace\dspace-oai\src\main\java\org\dspace\xoai\util\ItemUtils.java,198
JDK:java.base,N/A,false,MethodCallExpr,java.lang.StringBuffer,append,C:\Users\tyin363\Documents\repos\DSpace__DSpace\dspace-oai\src\main\java\org\dspace\xoai\app\OAISpringLoader.java,27
,,false,MethodCallExpr,org.dspace.xoai.services.impl.xoai.DSpaceItemRepository,getDateUntilFilter,C:\Users\tyin363\Documents\repos\DSpace__DSpace\dspace-oai\src\main\java\org\dspace\xoai\services\impl\xoai\DSpaceItemRepository.java,152
,,false,FieldAccessExpr,org.dspace.xoai.filter.DSpaceSetSpecFilter,handleResolver,C:\Users\tyin363\Documents\repos\DSpace__DSpace\dspace-oai\src\main\java\org\dspace\xoai\filter\DSpaceSetSpecFilter.java,32
JDK:java.base,N/A,false,ClassOrInterfaceType,java.util.List,List,C:\Users\tyin363\Documents\repos\DSpace__DSpace\dspace-oai\src\main\java\org\dspace\xoai\services\impl\xoai\DSpaceRepositoryConfiguration.java,136
JDK:java.base,N/A,false,ObjectCreationExpr,java.util.HashMap,HashMap,C:\Users\tyin363\Documents\repos\DSpace__DSpace\dspace-oai\src\main\java\org\dspace\xoai\controller\DSpaceOAIDataProvider.java,174
org.thymeleaf:thymeleaf,3.1.3.RELEASE,true,MethodCallExpr,org.thymeleaf.templateresolver.AbstractConfigurableTemplateResolver,setSuffix,C:\Users\tyin363\Documents\repos\DSpace__DSpace\dspace-oai\src\main\java\org\dspace\app\configuration\OAIWebConfig.java,71
JDK:java.base,N/A,false,MethodCallExpr,java.util.List,add,C:\Users\tyin363\Documents\repos\DSpace__DSpace\dspace-oai\src\main\java\org\dspace\xoai\app\plugins\AccessStatusElementItemCompilePlugin.java,69
org.dspace:xoai,3.4.1,false,MethodCallExpr,com.lyncode.xoai.dataprovider.xml.xoai.Element,getElement,C:\Users\tyin363\Documents\repos\DSpace__DSpace\dspace-oai\src\main\java\org\dspace\xoai\data\DSpaceItem.java,46
JDK:java.base,N/A,false,ClassOrInterfaceType,java.time.Instant,Instant,C:\Users\tyin363\Documents\repos\DSpace__DSpace\dspace-oai\src\main\java\org\dspace\xoai\services\impl\DSpaceEarliestDateResolver.java,32
JDK:java.base,N/A,false,MethodCallExpr,java.util.Date,toInstant,C:\Users\tyin363\Documents\repos\DSpace__DSpace\dspace-oai\src\main\java\org\dspace\xoai\services\impl\xoai\DSpaceItemRepository.java,136
JDK:java.base,N/A,false,ClassOrInterfaceType,java.lang.Exception,Exception,C:\Users\tyin363\Documents\repos\DSpace__DSpace\dspace-oai\src\main\java\org\dspace\xoai\exceptions\CompilingException.java,15
JDK:java.base,N/A,false,ClassOrInterfaceType,java.lang.String,String,C:\Users\tyin363\Documents\repos\DSpace__DSpace\dspace-oai\src\main\java\org\dspace\xoai\services\impl\cache\DSpaceEmptyCacheService.java,23
,,false,ClassOrInterfaceType,org.dspace.xoai.services.api.solr.SolrQueryResolver,SolrQueryResolver,C:\Users\tyin363\Documents\repos\DSpace__DSpace\dspace-oai\src\main\java\org\dspace\xoai\services\impl\solr\DSpaceSolrQueryResolver.java,21
,,false,ClassOrInterfaceType,org.dspace.xoai.filter.DSpaceSetSpecFilter,DSpaceSetSpecFilter,C:\Users\tyin363\Documents\repos\DSpace__DSpace\dspace-oai\src\main\java\org\dspace\xoai\filter\DSpaceSetSpecFilter.java,24
,,false,MethodCallExpr,org.dspace.xoai.services.impl.xoai.DSpaceItemRepository,getDateFromCondition,C:\Users\tyin363\Documents\repos\DSpace__DSpace\dspace-oai\src\main\java\org\dspace\xoai\services\impl\xoai\DSpaceItemRepository.java,135
,,false,ClassOrInterfaceType,org.dspace.xoai.solr.exceptions.DSpaceSolrIndexerException,DSpaceSolrIndexerException,C:\Users\tyin363\Documents\repos\DSpace__DSpace\dspace-oai\src\main\java\org\dspace\xoai\app\XOAI.java,181
org.dspace:xoai,3.4.1,false,MethodCallExpr,com.lyncode.xoai.dataprovider.core.ResumptionToken,hasSet,C:\Users\tyin363\Documents\repos\DSpace__DSpace\dspace-oai\src\main\java\org\dspace\xoai\services\impl\xoai\DSpaceResumptionTokenFormatter.java,65
JDK:java.base,N/A,false,MethodCallExpr,java.io.PrintStream,println,C:\Users\tyin363\Documents\repos\DSpace__DSpace\dspace-oai\src\main\java\org\dspace\xoai\app\XOAI.java,676
JDK:java.base,N/A,false,MethodCallExpr,java.lang.StringBuffer,append,C:\Users\tyin363\Documents\repos\DSpace__DSpace\dspace-oai\src\main\java\org\dspace\xoai\app\OAISpringLoader.java,28
JDK:java.base,N/A,false,ClassOrInterfaceType,java.util.List,List,C:\Users\tyin363\Documents\repos\DSpace__DSpace\dspace-oai\src\main\java\org\dspace\xoai\services\impl\xoai\DSpaceRepositoryConfiguration.java,135
,,false,ClassOrInterfaceType,org.dspace.xoai.services.api.xoai.SetRepositoryResolver,SetRepositoryResolver,C:\Users\tyin363\Documents\repos\DSpace__DSpace\dspace-oai\src\main\java\org\dspace\xoai\services\impl\xoai\DSpaceSetRepositoryResolver.java,16
JDK:java.base,N/A,false,ClassOrInterfaceType,java.lang.String,String,C:\Users\tyin363\Documents\repos\DSpace__DSpace\dspace-oai\src\main\java\org\dspace\xoai\solr\exceptions\DSpaceSolrException.java,29
,,false,FieldAccessExpr,org.dspace.xoai.app.XOAI,authorizeService,C:\Users\tyin363\Documents\repos\DSpace__DSpace\dspace-oai\src\main\java\org\dspace\xoai\app\XOAI.java,143
JDK:java.base,N/A,false,ClassOrInterfaceType,javax.xml.transform.stream.StreamSource,StreamSource,C:\Users\tyin363\Documents\repos\DSpace__DSpace\dspace-oai\src\main\java\org\dspace\xoai\services\impl\resources\DSpaceResourceResolver.java,45
org.dspace:xoai,3.4.1,false,ClassOrInterfaceType,com.lyncode.xoai.dataprovider.filter.ScopedFilter,ScopedFilter,C:\Users\tyin363\Documents\repos\DSpace__DSpace\dspace-oai\src\main\java\org\dspace\xoai\services\impl\xoai\DSpaceItemRepository.java,47
,,false,ClassOrInterfaceType,org.dspace.xoai.app.BasicConfiguration,BasicConfiguration,C:\Users\tyin363\Documents\repos\DSpace__DSpace\dspace-oai\src\main\java\org\dspace\app\configuration\OAIWebConfig.java,40
JDK:java.base,N/A,false,MethodCallExpr,java.util.Date,toInstant,C:\Users\tyin363\Documents\repos\DSpace__DSpace\dspace-oai\src\main\java\org\dspace\xoai\services\impl\xoai\DSpaceItemRepository.java,135
JDK:java.base,N/A,false,ClassOrInterfaceType,java.util.regex.Matcher,Matcher,C:\Users\tyin363\Documents\repos\DSpace__DSpace\dspace-oai\src\main\java\org\dspace\xoai\services\impl\set\DSpaceSetSpecResolver.java,75
JDK:java.base,N/A,false,MethodCallExpr,java.time.Instant,parse,C:\Users\tyin363\Documents\repos\DSpace__DSpace\dspace-oai\src\main\java\org\dspace\xoai\util\DateUtils.java,89
JDK:java.base,N/A,false,ClassOrInterfaceType,java.lang.String,String,C:\Users\tyin363\Documents\repos\DSpace__DSpace\dspace-oai\src\main\java\org\dspace\xoai\filter\results\SolrFilterResult.java,36
JDK:java.base,N/A,false,MethodCallExpr,java.lang.Throwable,getMessage,C:\Users\tyin363\Documents\repos\DSpace__DSpace\dspace-oai\src\main\java\org\dspace\xoai\util\DateUtils.java,92
JDK:java.base,N/A,false,ClassOrInterfaceType,java.util.Date,Date,C:\Users\tyin363\Documents\repos\DSpace__DSpace\dspace-oai\src\main\java\org\dspace\xoai\services\impl\xoai\DSpaceRepositoryConfiguration.java,104
,,false,ClassOrInterfaceType,org.dspace.xoai.solr.exceptions.DSpaceSolrIndexerException,DSpaceSolrIndexerException,C:\Users\tyin363\Documents\repos\DSpace__DSpace\dspace-oai\src\main\java\org\dspace\xoai\app\XOAI.java,312
org.apache.logging.log4j:log4j-api,2.25.1,false,ClassOrInterfaceType,org.apache.logging.log4j.Logger,Logger,C:\Users\tyin363\Documents\repos\DSpace__DSpace\dspace-oai\src\main\java\org\dspace\xoai\filter\SolrFilterResult.java,17
,,false,ClassOrInterfaceType,org.dspace.xoai.exceptions.InvalidMetadataFieldException,InvalidMetadataFieldException,C:\Users\tyin363\Documents\repos\DSpace__DSpace\dspace-oai\src\main\java\org\dspace\xoai\services\impl\DSpaceFieldResolver.java,49
org.dspace:xoai,3.4.1,false,ClassOrInterfaceType,com.lyncode.xoai.dataprovider.xml.xoai.Element,Element,C:\Users\tyin363\Documents\repos\DSpace__DSpace\dspace-oai\src\main\java\org\dspace\xoai\util\ItemUtils.java,330
JDK:java.base,N/A,false,ObjectCreationExpr,java.lang.Integer,Integer,C:\Users\tyin363\Documents\repos\DSpace__DSpace\dspace-oai\src\main\java\org\dspace\xoai\services\impl\MetadataFieldCache.java,38
,,false,FieldAccessExpr,org.dspace.xoai.services.impl.cache.DSpaceXOAICacheService,manager,C:\Users\tyin363\Documents\repos\DSpace__DSpace\dspace-oai\src\main\java\org\dspace\xoai\services\impl\cache\DSpaceXOAICacheService.java,69
,,false,ClassOrInterfaceType,org.dspace.xoai.services.api.HandleResolver,HandleResolver,C:\Users\tyin363\Documents\repos\DSpace__DSpace\dspace-oai\src\main\java\org\dspace\xoai\filter\DSpaceSetSpecFilter.java,27
JDK:java.base,N/A,false,ObjectCreationExpr,java.util.ArrayList,ArrayList,C:\Users\tyin363\Documents\repos\DSpace__DSpace\dspace-oai\src\main\java\org\dspace\xoai\services\impl\xoai\DSpaceItemSolrRepository.java,99
org.dspace:xoai,3.4.1,false,ClassOrInterfaceType,com.lyncode.xoai.dataprovider.exceptions.OAIException,OAIException,C:\Users\tyin363\Documents\repos\DSpace__DSpace\dspace-oai\src\main\java\org\dspace\xoai\services\impl\xoai\DSpaceItemRepository.java,84
JDK:java.base,N/A,false,MethodCallExpr,java.lang.Throwable,getMessage,C:\Users\tyin363\Documents\repos\DSpace__DSpace\dspace-oai\src\main\java\org\dspace\xoai\services\impl\xoai\DSpaceRepositoryConfiguration.java,175
,,false,ClassOrInterfaceType,org.dspace.xoai.services.api.context.ContextService,ContextService,C:\Users\tyin363\Documents\repos\DSpace__DSpace\dspace-oai\src\main\java\org\dspace\xoai\services\api\CollectionsService.java,21
org.dspace:xoai,3.4.1,false,MethodCallExpr,com.lyncode.xoai.dataprovider.xml.xoai.Element,getElement,C:\Users\tyin363\Documents\repos\DSpace__DSpace\dspace-oai\src\main\java\org\dspace\xoai\app\plugins\AccessStatusElementItemCompilePlugin.java,79
JDK:java.base,N/A,false,ClassOrInterfaceType,java.util.List,List,C:\Users\tyin363\Documents\repos\DSpace__DSpace\dspace-oai\src\main\java\org\dspace\xoai\services\impl\xoai\DSpaceItemSolrRepository.java,92
JDK:java.base,N/A,false,ClassOrInterfaceType,java.lang.String,String,C:\Users\tyin363\Documents\repos\DSpace__DSpace\dspace-oai\src\main\java\org\dspace\xoai\filter\DateFromFilter.java,42
org.springframework:spring-webmvc,6.2.9,false,MethodCallExpr,org.springframework.web.servlet.config.annotation.ResourceHandlerRegistration,setCachePeriod,C:\Users\tyin363\Documents\repos\DSpace__DSpace\dspace-oai\src\main\java\org\dspace\app\configuration\OAIWebConfig.java,59
org.dspace:xoai,3.4.1,false,MethodCallExpr,com.lyncode.xoai.dataprovider.xml.xoai.Element,getElement,C:\Users\tyin363\Documents\repos\DSpace__DSpace\dspace-oai\src\main\java\org\dspace\xoai\util\ItemUtils.java,108
,,false,MethodCallExpr,org.dspace.xoai.services.api.config.ConfigurationService,getProperty,C:\Users\tyin363\Documents\repos\DSpace__DSpace\dspace-oai\src\main\java\org\dspace\xoai\services\impl\set\DSpaceSetSpecResolver.java,95
JDK:java.base,N/A,false,ClassOrInterfaceType,javax.xml.transform.Templates,Templates,C:\Users\tyin363\Documents\repos\DSpace__DSpace\dspace-oai\src\main\java\org\dspace\xoai\services\impl\resources\DSpaceResourceResolver.java,43
JDK:java.base,N/A,false,MethodCallExpr,java.util.List,add,C:\Users\tyin363\Documents\repos\DSpace__DSpace\dspace-oai\src\main\java\org\dspace\xoai\services\impl\xoai\DSpaceItemRepository.java,65
JDK:java.base,N/A,false,ClassOrInterfaceType,java.util.ArrayList,ArrayList,C:\Users\tyin363\Documents\repos\DSpace__DSpace\dspace-oai\src\main\java\org\dspace\xoai\services\impl\DSpaceCollectionsService.java,60
JDK:java.base,N/A,false,ClassOrInterfaceType,java.sql.SQLException,SQLException,C:\Users\tyin363\Documents\repos\DSpace__DSpace\dspace-oai\src\main\java\org\dspace\xoai\services\impl\DSpaceHandleResolver.java,44
,,false,FieldAccessExpr,org.dspace.xoai.app.XOAI,itemService,C:\Users\tyin363\Documents\repos\DSpace__DSpace\dspace-oai\src\main\java\org\dspace\xoai\app\XOAI.java,133
JDK:java.base,N/A,false,ObjectCreationExpr,java.io.File,File,C:\Users\tyin363\Documents\repos\DSpace__DSpace\dspace-oai\src\main\java\org\dspace\xoai\services\impl\cache\DSpaceXOAICacheService.java,79
JDK:java.base,N/A,false,MethodCallExpr,java.lang.Throwable,getMessage,C:\Users\tyin363\Documents\repos\DSpace__DSpace\dspace-oai\src\main\java\org\dspace\xoai\services\impl\xoai\DSpaceSetRepository.java,55
org.dspace:xoai,3.4.1,false,ClassOrInterfaceType,com.lyncode.xoai.dataprovider.filter.ScopedFilter,ScopedFilter,C:\Users\tyin363\Documents\repos\DSpace__DSpace\dspace-oai\src\main\java\org\dspace\xoai\services\impl\xoai\DSpaceItemRepository.java,49
JDK:java.base,N/A,false,ObjectCreationExpr,java.io.IOException,IOException,C:\Users\tyin363\Documents\repos\DSpace__DSpace\dspace-oai\src\main\java\org\dspace\xoai\services\impl\cache\DSpaceXOAILastCompilationCacheService.java,56
JDK:java.base,N/A,false,MethodCallExpr,java.util.List,add,C:\Users\tyin363\Documents\repos\DSpace__DSpace\dspace-oai\src\main\java\org\dspace\xoai\util\ItemUtils.java,131
,,false,ClassOrInterfaceType,org.dspace.xoai.services.api.config.XOAIManagerResolverException,XOAIManagerResolverException,C:\Users\tyin363\Documents\repos\DSpace__DSpace\dspace-oai\src\main\java\org\dspace\xoai\services\impl\context\DSpaceXOAIManagerResolver.java,35
JDK:java.base,N/A,false,MethodCallExpr,java.util.regex.Pattern,matcher,C:\Users\tyin363\Documents\repos\DSpace__DSpace\dspace-oai\src\main\java\org\dspace\xoai\services\impl\set\DSpaceSetSpecResolver.java,75
com.google.guava:guava,32.1.3-jre,true,ClassOrInterfaceType,com.google.common.base.Function,Function,C:\Users\tyin363\Documents\repos\DSpace__DSpace\dspace-oai\src\main\java\org\dspace\xoai\services\impl\xoai\DSpaceItemSolrRepository.java,78
org.dspace:xoai,3.4.1,false,ClassOrInterfaceType,com.lyncode.xoai.dataprovider.exceptions.BadResumptionToken,BadResumptionToken,C:\Users\tyin363\Documents\repos\DSpace__DSpace\dspace-oai\src\main\java\org\dspace\xoai\services\impl\xoai\DSpaceResumptionTokenFormatter.java,27
,,false,MethodCallExpr,org.dspace.xoai.services.api.config.ConfigurationService,getProperty,C:\Users\tyin363\Documents\repos\DSpace__DSpace\dspace-oai\src\main\java\org\dspace\xoai\services\impl\xoai\DSpaceRepositoryConfiguration.java,143
,,false,MethodCallExpr,org.dspace.xoai.services.api.context.ContextService,getContext,C:\Users\tyin363\Documents\repos\DSpace__DSpace\dspace-oai\src\main\java\org\dspace\xoai\services\impl\DSpaceHandleResolver.java,43
org.apache.logging.log4j:log4j-api,2.25.1,false,MethodCallExpr,org.apache.logging.log4j.Logger,error,C:\Users\tyin363\Documents\repos\DSpace__DSpace\dspace-oai\src\main\java\org\dspace\xoai\services\impl\solr\DSpaceSolrServerResolver.java,43
JDK:java.base,N/A,false,ObjectCreationExpr,java.util.ArrayList,ArrayList,C:\Users\tyin363\Documents\repos\DSpace__DSpace\dspace-oai\src\main\java\org\dspace\xoai\services\impl\xoai\DSpaceItemSolrRepository.java,105
JDK:java.base,N/A,false,ClassOrInterfaceType,java.lang.String,String,C:\Users\tyin363\Documents\repos\DSpace__DSpace\dspace-oai\src\main\java\org\dspace\xoai\services\impl\xoai\DSpaceRepositoryConfiguration.java,151
org.dspace:xoai,3.4.1,false,ClassOrInterfaceType,com.lyncode.xoai.dataprovider.services.api.FilterResolver,FilterResolver,C:\Users\tyin363\Documents\repos\DSpace__DSpace\dspace-oai\src\main\java\org\dspace\xoai\services\api\xoai\DSpaceFilterResolver.java,14
JDK:java.base,N/A,false,ClassOrInterfaceType,java.lang.Exception,Exception,C:\Users\tyin363\Documents\repos\DSpace__DSpace\dspace-oai\src\main\java\org\dspace\xoai\solr\exceptions\DSpaceSolrIndexerException.java,15
,,false,FieldAccessExpr,org.dspace.xoai.filter.DSpaceSetSpecFilter,collectionsService,C:\Users\tyin363\Documents\repos\DSpace__DSpace\dspace-oai\src\main\java\org\dspace\xoai\filter\DSpaceSetSpecFilter.java,31
JDK:java.base,N/A,false,MethodCallExpr,java.util.List,add,C:\Users\tyin363\Documents\repos\DSpace__DSpace\dspace-oai\src\main\java\org\dspace\xoai\services\impl\xoai\DSpaceItemRepository.java,58
,,false,ClassOrInterfaceType,org.dspace.xoai.filter.DateFromFilter,DateFromFilter,C:\Users\tyin363\Documents\repos\DSpace__DSpace\dspace-oai\src\main\java\org\dspace\xoai\services\impl\xoai\DSpaceItemRepository.java,162
,,false,ClassOrInterfaceType,org.dspace.xoai.app.XOAI,XOAI,C:\Users\tyin363\Documents\repos\DSpace__DSpace\dspace-oai\src\main\java\org\dspace\xoai\app\XOAI.java,86
JDK:java.base,N/A,false,ClassOrInterfaceType,java.lang.String,String,C:\Users\tyin363\Documents\repos\DSpace__DSpace\dspace-oai\src\main\java\org\dspace\xoai\data\DSpaceSolrItem.java,28
org.dspace:xoai,3.4.1,false,MethodCallExpr,com.lyncode.xoai.dataprovider.xml.XmlOutputContext,emptyContext,C:\Users\tyin363\Documents\repos\DSpace__DSpace\dspace-oai\src\main\java\org\dspace\xoai\services\impl\cache\DSpaceXOAICacheService.java,104
org.dspace:xoai,3.4.1,false,ClassOrInterfaceType,com.lyncode.xoai.dataprovider.core.ListItemIdentifiersResult,ListItemIdentifiersResult,C:\Users\tyin363\Documents\repos\DSpace__DSpace\dspace-oai\src\main\java\org\dspace\xoai\services\impl\xoai\DSpaceItemRepository.java,40
JDK:java.base,N/A,false,ClassOrInterfaceType,java.lang.String,String,C:\Users\tyin363\Documents\repos\DSpace__DSpace\dspace-oai\src\main\java\org\dspace\xoai\services\impl\cache\DSpaceXOAICacheService.java,72
org.dspace:xoai,3.4.1,false,ClassOrInterfaceType,com.lyncode.xoai.dataprovider.services.api.RepositoryConfiguration,RepositoryConfiguration,C:\Users\tyin363\Documents\repos\DSpace__DSpace\dspace-oai\src\main\java\org\dspace\xoai\services\api\xoai\IdentifyResolver.java,14
org.dspace:xoai,3.4.1,false,ClassOrInterfaceType,com.lyncode.xoai.dataprovider.filter.ScopedFilter,ScopedFilter,C:\Users\tyin363\Documents\repos\DSpace__DSpace\dspace-oai\src\main\java\org\dspace\xoai\services\impl\xoai\DSpaceItemRepository.java,42
,,false,ClassOrInterfaceType,org.dspace.xoai.solr.exceptions.DSpaceSolrIndexerException,DSpaceSolrIndexerException,C:\Users\tyin363\Documents\repos\DSpace__DSpace\dspace-oai\src\main\java\org\dspace\xoai\app\XOAI.java,185
JDK:java.base,N/A,false,ClassOrInterfaceType,java.time.Instant,Instant,C:\Users\tyin363\Documents\repos\DSpace__DSpace\dspace-oai\src\main\java\org\dspace\xoai\services\api\EarliestDateResolver.java,17
org.springframework:spring-web,6.2.9,true,ClassOrInterfaceType,org.springframework.web.util.UriComponentsBuilder,UriComponentsBuilder,C:\Users\tyin363\Documents\repos\DSpace__DSpace\dspace-oai\src\main\java\org\dspace\xoai\services\impl\xoai\DSpaceRepositoryConfiguration.java,78
JDK:java.base,N/A,false,ClassOrInterfaceType,java.io.File,File,C:\Users\tyin363\Documents\repos\DSpace__DSpace\dspace-oai\src\main\java\org\dspace\xoai\services\impl\xoai\DSpaceRepositoryConfiguration.java,167
JDK:java.base,N/A,false,ClassOrInterfaceType,java.sql.SQLException,SQLException,C:\Users\tyin363\Documents\repos\DSpace__DSpace\dspace-oai\src\main\java\org\dspace\xoai\app\XOAI.java,702
JDK:java.base,N/A,false,ClassOrInterfaceType,java.lang.Exception,Exception,C:\Users\tyin363\Documents\repos\DSpace__DSpace\dspace-oai\src\main\java\org\dspace\xoai\services\impl\context\DSpaceXOAIManagerResolver.java,34
org.thymeleaf:thymeleaf-spring6,3.1.3.RELEASE,true,ObjectCreationExpr,org.thymeleaf.spring6.view.ThymeleafViewResolver,ThymeleafViewResolver,C:\Users\tyin363\Documents\repos\DSpace__DSpace\dspace-oai\src\main\java\org\dspace\app\configuration\OAIWebConfig.java,93
commons-cli:commons-cli,1.9.0,false,MethodCallExpr,org.apache.commons.cli.Options,addOption,C:\Users\tyin363\Documents\repos\DSpace__DSpace\dspace-oai\src\main\java\org\dspace\xoai\app\XOAI.java,602
,,false,ClassOrInterfaceType,org.dspace.xoai.services.impl.context.DSpaceXOAIManagerResolver,DSpaceXOAIManagerResolver,C:\Users\tyin363\Documents\repos\DSpace__DSpace\dspace-oai\src\main\java\org\dspace\xoai\app\BasicConfiguration.java,73
JDK:java.base,N/A,false,ObjectCreationExpr,java.util.ArrayList,ArrayList,C:\Users\tyin363\Documents\repos\DSpace__DSpace\dspace-oai\src\main\java\org\dspace\xoai\data\DSpaceItem.java,101
,,false,MethodCallExpr,org.dspace.xoai.services.api.config.ConfigurationService,getProperty,C:\Users\tyin363\Documents\repos\DSpace__DSpace\dspace-oai\src\main\java\org\dspace\xoai\services\impl\cache\DSpaceXOAIItemCacheService.java,40
org.apache.logging.log4j:log4j-api,2.25.1,false,MethodCallExpr,org.apache.logging.log4j.Logger,error,C:\Users\tyin363\Documents\repos\DSpace__DSpace\dspace-oai\src\main\java\org\dspace\xoai\services\impl\DSpaceEarliestDateResolver.java,51
org.apache.logging.log4j:log4j-api,2.25.1,false,ClassOrInterfaceType,org.apache.logging.log4j.Logger,Logger,C:\Users\tyin363\Documents\repos\DSpace__DSpace\dspace-oai\src\main\java\org\dspace\xoai\services\impl\solr\DSpaceSolrServerResolver.java,22
org.apache.logging.log4j:log4j-api,2.25.1,false,MethodCallExpr,org.apache.logging.log4j.LogManager,getLogger,C:\Users\tyin363\Documents\repos\DSpace__DSpace\dspace-oai\src\main\java\org\dspace\xoai\filter\DSpaceMetadataExistsFilter.java,31
org.dspace:xoai,3.4.1,false,ClassOrInterfaceType,com.lyncode.xoai.dataprovider.xml.xoai.Element,Element,C:\Users\tyin363\Documents\repos\DSpace__DSpace\dspace-oai\src\main\java\org\dspace\xoai\util\ItemUtils.java,193
com.google.guava:guava,32.1.3-jre,true,MethodCallExpr,com.google.common.collect.Lists,transform,C:\Users\tyin363\Documents\repos\DSpace__DSpace\dspace-oai\src\main\java\org\dspace\xoai\filter\DSpaceAtLeastOneMetadataFilter.java,58
JDK:java.base,N/A,false,MethodCallExpr,java.util.List,add,C:\Users\tyin363\Documents\repos\DSpace__DSpace\dspace-oai\src\main\java\org\dspace\xoai\app\plugins\AccessStatusElementItemCompilePlugin.java,66
JDK:java.base,N/A,false,ClassOrInterfaceType,java.lang.String,String,C:\Users\tyin363\Documents\repos\DSpace__DSpace\dspace-oai\src\main\java\org\dspace\xoai\services\api\HandleResolver.java,13
,,false,MethodCallExpr,org.dspace.xoai.services.impl.xoai.DSpaceItemSolrRepository.QueryResult,hasMore,C:\Users\tyin363\Documents\repos\DSpace__DSpace\dspace-oai\src\main\java\org\dspace\xoai\services\impl\xoai\DSpaceItemSolrRepository.java,84
org.apache.logging.log4j:log4j-api,2.25.1,false,ClassOrInterfaceType,org.apache.logging.log4j.Logger,Logger,C:\Users\tyin363\Documents\repos\DSpace__DSpace\dspace-oai\src\main\java\org\dspace\xoai\util\DateUtils.java,22
,,false,ClassOrInterfaceType,org.dspace.xoai.services.api.cache.XOAIItemCacheService,XOAIItemCacheService,C:\Users\tyin363\Documents\repos\DSpace__DSpace\dspace-oai\src\main\java\org\dspace\xoai\app\XOAI.java,592
,,false,MethodCallExpr,org.dspace.xoai.util.ItemUtils,createValue,C:\Users\tyin363\Documents\repos\DSpace__DSpace\dspace-oai\src\main\java\org\dspace\xoai\util\ItemUtils.java,227
JDK:java.base,N/A,false,ClassOrInterfaceType,java.lang.String,String,C:\Users\tyin363\Documents\repos\DSpace__DSpace\dspace-oai\src\main\java\org\dspace\xoai\data\DSpaceSolrItem.java,30
JDK:java.base,N/A,false,ClassOrInterfaceType,java.sql.SQLException,SQLException,C:\Users\tyin363\Documents\repos\DSpace__DSpace\dspace-oai\src\main\java\org\dspace\xoai\services\impl\DSpaceCollectionsService.java,58
JDK:java.base,N/A,false,ClassOrInterfaceType,java.sql.SQLException,SQLException,C:\Users\tyin363\Documents\repos\DSpace__DSpace\dspace-oai\src\main\java\org\dspace\xoai\services\impl\xoai\DSpaceSetRepository.java,177
JDK:java.base,N/A,false,ClassOrInterfaceType,java.util.List,List,C:\Users\tyin363\Documents\repos\DSpace__DSpace\dspace-oai\src\main\java\org\dspace\xoai\app\CCElementItemCompilePlugin.java,50
org.apache.logging.log4j:log4j-api,2.25.1,false,MethodCallExpr,org.apache.logging.log4j.Logger,debug,C:\Users\tyin363\Documents\repos\DSpace__DSpace\dspace-oai\src\main\java\org\dspace\xoai\filter\SolrFilterResult.java,27
org.dspace:xoai,3.4.1,false,ObjectCreationExpr,com.lyncode.xoai.dataprovider.filter.ScopedFilter,ScopedFilter,C:\Users\tyin363\Documents\repos\DSpace__DSpace\dspace-oai\src\main\java\org\dspace\xoai\services\impl\xoai\DSpaceItemRepository.java,125
,,false,MethodCallExpr,org.dspace.xoai.services.impl.xoai.DSpaceItemSolrRepository.QueryResult,getResults,C:\Users\tyin363\Documents\repos\DSpace__DSpace\dspace-oai\src\main\java\org\dspace\xoai\services\impl\xoai\DSpaceItemSolrRepository.java,96
org.dspace:xoai,3.4.1,false,MethodCallExpr,com.lyncode.xoai.dataprovider.xml.xoai.Element,getElement,C:\Users\tyin363\Documents\repos\DSpace__DSpace\dspace-oai\src\main\java\org\dspace\xoai\util\ItemUtils.java,112
JDK:java.base,N/A,false,ClassOrInterfaceType,java.lang.String,String,C:\Users\tyin363\Documents\repos\DSpace__DSpace\dspace-oai\src\main\java\org\dspace\xoai\services\impl\set\DSpaceSetSpecResolver.java,65
,,false,MethodCallExpr,org.dspace.xoai.app.XOAI,cleanCompiledItems,C:\Users\tyin363\Documents\repos\DSpace__DSpace\dspace-oai\src\main\java\org\dspace\xoai\app\XOAI.java,653
JDK:java.base,N/A,false,ClassOrInterfaceType,java.util.List,List,C:\Users\tyin363\Documents\repos\DSpace__DSpace\dspace-oai\src\main\java\org\dspace\xoai\data\DSpaceItem.java,88
JDK:java.base,N/A,false,ClassOrInterfaceType,java.lang.String,String,C:\Users\tyin363\Documents\repos\DSpace__DSpace\dspace-oai\src\main\java\org\dspace\xoai\services\impl\xoai\DSpaceSetRepository.java,156
,,false,ObjectCreationExpr,org.dspace.xoai.services.impl.DSpaceHandleResolver,DSpaceHandleResolver,C:\Users\tyin363\Documents\repos\DSpace__DSpace\dspace-oai\src\main\java\org\dspace\xoai\app\BasicConfiguration.java,138
org.dspace:xoai,3.4.1,false,ClassOrInterfaceType,com.lyncode.xoai.dataprovider.core.Set,Set,C:\Users\tyin363\Documents\repos\DSpace__DSpace\dspace-oai\src\main\java\org\dspace\xoai\services\impl\xoai\DSpaceSetRepository.java,134
JDK:java.base,N/A,false,FieldAccessExpr,java.lang.System,out,C:\Users\tyin363\Documents\repos\DSpace__DSpace\dspace-oai\src\main\java\org\dspace\xoai\app\XOAI.java,576
JDK:java.base,N/A,false,MethodCallExpr,java.io.File,exists,C:\Users\tyin363\Documents\repos\DSpace__DSpace\dspace-oai\src\main\java\org\dspace\xoai\services\impl\xoai\DSpaceRepositoryConfiguration.java,154
JDK:java.base,N/A,false,MethodCallExpr,java.time.LocalDate,now,C:\Users\tyin363\Documents\repos\DSpace__DSpace\dspace-oai\src\main\java\org\dspace\xoai\util\ItemUtils.java,198
JDK:java.base,N/A,false,ClassOrInterfaceType,java.lang.String,String,C:\Users\tyin363\Documents\repos\DSpace__DSpace\dspace-oai\src\main\java\org\dspace\xoai\services\impl\xoai\DSpaceItemRepository.java,91
JDK:java.base,N/A,false,ClassOrInterfaceType,java.util.Date,Date,C:\Users\tyin363\Documents\repos\DSpace__DSpace\dspace-oai\src\main\java\org\dspace\xoai\services\impl\xoai\DSpaceItemRepository.java,41
JDK:java.base,N/A,false,ClassOrInterfaceType,java.util.List,List,C:\Users\tyin363\Documents\repos\DSpace__DSpace\dspace-oai\src\main\java\org\dspace\xoai\services\impl\xoai\DSpaceItemRepository.java,72
,,false,MethodCallExpr,org.dspace.xoai.app.XOAI,indexAll,C:\Users\tyin363\Documents\repos\DSpace__DSpace\dspace-oai\src\main\java\org\dspace\xoai\app\XOAI.java,168
org.dspace:xoai,3.4.1,false,ClassOrInterfaceType,com.lyncode.xoai.dataprovider.data.Filter,Filter,C:\Users\tyin363\Documents\repos\DSpace__DSpace\dspace-oai\src\main\java\org\dspace\xoai\services\impl\xoai\DSpaceItemRepository.java,170
,,false,FieldAccessExpr,org.dspace.xoai.services.impl.xoai.DSpaceItemSolrRepository,server,C:\Users\tyin363\Documents\repos\DSpace__DSpace\dspace-oai\src\main\java\org\dspace\xoai\services\impl\xoai\DSpaceItemSolrRepository.java,50
,,false,ClassOrInterfaceType,org.dspace.xoai.data.DSpaceItem.MetadataNamePredicate,MetadataNamePredicate,C:\Users\tyin363\Documents\repos\DSpace__DSpace\dspace-oai\src\main\java\org\dspace\xoai\data\DSpaceItem.java,29
org.dspace:xoai,3.4.1,false,ObjectCreationExpr,com.lyncode.xoai.dataprovider.filter.ScopedFilter,ScopedFilter,C:\Users\tyin363\Documents\repos\DSpace__DSpace\dspace-oai\src\main\java\org\dspace\xoai\services\impl\xoai\DSpaceItemRepository.java,126
,,false,ClassOrInterfaceType,org.dspace.xoai.solr.exceptions.DSpaceSolrIndexerException,DSpaceSolrIndexerException,C:\Users\tyin363\Documents\repos\DSpace__DSpace\dspace-oai\src\main\java\org\dspace\xoai\app\XOAI.java,570
commons-cli:commons-cli,1.9.0,false,ClassOrInterfaceType,org.apache.commons.cli.Options,Options,C:\Users\tyin363\Documents\repos\DSpace__DSpace\dspace-oai\src\main\java\org\dspace\xoai\app\XOAI.java,598
org.dspace:xoai,3.4.1,false,ClassOrInterfaceType,com.lyncode.xoai.dataprovider.core.XOAIManager,XOAIManager,C:\Users\tyin363\Documents\repos\DSpace__DSpace\dspace-oai\src\main\java\org\dspace\xoai\controller\DSpaceOAIDataProvider.java,101
org.apache.logging.log4j:log4j-api,2.25.1,false,MethodCallExpr,org.apache.logging.log4j.LogManager,getLogger,C:\Users\tyin363\Documents\repos\DSpace__DSpace\dspace-oai\src\main\java\org\dspace\xoai\services\impl\xoai\DSpaceItemSolrRepository.java,43
JDK:java.base,N/A,false,MethodCallExpr,java.util.Map,of,C:\Users\tyin363\Documents\repos\DSpace__DSpace\dspace-oai\src\main\java\org\dspace\xoai\services\impl\DSpaceServiceResolver.java,19
org.apache.logging.log4j:log4j-api,2.25.1,false,MethodCallExpr,org.apache.logging.log4j.LogManager,getLogger,C:\Users\tyin363\Documents\repos\DSpace__DSpace\dspace-oai\src\main\java\org\dspace\xoai\filter\SolrFilterResult.java,17
JDK:java.base,N/A,false,FieldAccessExpr,java.time.format.DateTimeFormatter,ISO_INSTANT,C:\Users\tyin363\Documents\repos\DSpace__DSpace\dspace-oai\src\main\java\org\dspace\xoai\util\DateUtils.java,53
org.apache.commons:commons-lang3,3.18.0,false,MethodCallExpr,org.apache.commons.lang3.StringUtils,join,C:\Users\tyin363\Documents\repos\DSpace__DSpace\dspace-oai\src\main\java\org\dspace\xoai\filter\DSpaceAtLeastOneMetadataFilter.java,147
JDK:java.base,N/A,false,ClassOrInterfaceType,java.lang.String,String,C:\Users\tyin363\Documents\repos\DSpace__DSpace\dspace-oai\src\main\java\org\dspace\xoai\services\api\HandleResolver.java,15
org.dspace:xoai,3.4.1,false,ClassOrInterfaceType,com.lyncode.xoai.dataprovider.services.api.RepositoryConfiguration,RepositoryConfiguration,C:\Users\tyin363\Documents\repos\DSpace__DSpace\dspace-oai\src\main\java\org\dspace\xoai\services\impl\xoai\DSpaceRepositoryConfiguration.java,39
JDK:java.base,N/A,false,ClassOrInterfaceType,java.lang.String,String,C:\Users\tyin363\Documents\repos\DSpace__DSpace\dspace-oai\src\main\java\org\dspace\xoai\app\XOAI.java,402
JDK:java.base,N/A,false,MethodCallExpr,java.io.File,exists,C:\Users\tyin363\Documents\repos\DSpace__DSpace\dspace-oai\src\main\java\org\dspace\xoai\services\impl\cache\DSpaceXOAIItemCacheService.java,48
JDK:java.base,N/A,false,FieldAccessExpr,java.lang.System,out,C:\Users\tyin363\Documents\repos\DSpace__DSpace\dspace-oai\src\main\java\org\dspace\xoai\app\XOAI.java,714
,,false,MethodCallExpr,org.dspace.xoai.filter.DSpaceAtLeastOneMetadataFilter,getValues,C:\Users\tyin363\Documents\repos\DSpace__DSpace\dspace-oai\src\main\java\org\dspace\xoai\filter\DSpaceAtLeastOneMetadataFilter.java,142
,,false,MethodCallExpr,org.dspace.xoai.services.impl.xoai.DSpaceItemRepository,getDateFromCondition,C:\Users\tyin363\Documents\repos\DSpace__DSpace\dspace-oai\src\main\java\org\dspace\xoai\services\impl\xoai\DSpaceItemRepository.java,125
JDK:java.base,N/A,false,ObjectCreationExpr,java.util.ArrayList,ArrayList,C:\Users\tyin363\Documents\repos\DSpace__DSpace\dspace-oai\src\main\java\org\dspace\xoai\data\DSpaceSolrItem.java,40
JDK:java.base,N/A,false,ObjectCreationExpr,java.util.LinkedList,LinkedList,C:\Users\tyin363\Documents\repos\DSpace__DSpace\dspace-oai\src\main\java\org\dspace\xoai\services\impl\DSpaceCollectionsService.java,104
JDK:java.base,N/A,false,ClassOrInterfaceType,java.io.ByteArrayOutputStream,ByteArrayOutputStream,C:\Users\tyin363\Documents\repos\DSpace__DSpace\dspace-oai\src\main\java\org\dspace\xoai\app\XOAI.java,495
JDK:java.base,N/A,false,MethodCallExpr,java.io.File,exists,C:\Users\tyin363\Documents\repos\DSpace__DSpace\dspace-oai\src\main\java\org\dspace\xoai\services\impl\xoai\DSpaceRepositoryConfiguration.java,168
,,false,ClassOrInterfaceType,org.dspace.xoai.filter.results.SolrFilterResult,SolrFilterResult,C:\Users\tyin363\Documents\repos\DSpace__DSpace\dspace-oai\src\main\java\org\dspace\xoai\services\impl\xoai\BaseDSpaceFilterResolver.java,59
,,false,ClassOrInterfaceType,org.dspace.xoai.services.api.HandleResolver,HandleResolver,C:\Users\tyin363\Documents\repos\DSpace__DSpace\dspace-oai\src\main\java\org\dspace\xoai\services\impl\xoai\DSpaceItemRepositoryResolver.java,34
JDK:java.base,N/A,false,ClassOrInterfaceType,java.lang.String,String,C:\Users\tyin363\Documents\repos\DSpace__DSpace\dspace-oai\src\main\java\org\dspace\xoai\filter\DSpaceSetSpecFilter.java,26
JDK:java.base,N/A,false,FieldAccessExpr,java.lang.System,out,C:\Users\tyin363\Documents\repos\DSpace__DSpace\dspace-oai\src\main\java\org\dspace\xoai\app\XOAI.java,186
JDK:java.base,N/A,false,ClassOrInterfaceType,java.io.IOException,IOException,C:\Users\tyin363\Documents\repos\DSpace__DSpace\dspace-oai\src\main\java\org\dspace\xoai\services\impl\xoai\DSpaceItemSolrRepository.java,104
JDK:java.base,N/A,false,ClassOrInterfaceType,java.lang.Class,Class,C:\Users\tyin363\Documents\repos\DSpace__DSpace\dspace-oai\src\main\java\org\dspace\xoai\services\impl\set\DSpaceSetSpecResolver.java,90
JDK:java.base,N/A,false,MethodCallExpr,java.time.Instant,now,C:\Users\tyin363\Documents\repos\DSpace__DSpace\dspace-oai\src\main\java\org\dspace\xoai\services\impl\xoai\DSpaceRepositoryConfiguration.java,113
,,false,MethodCallExpr,org.dspace.xoai.services.api.context.ContextService,getContext,C:\Users\tyin363\Documents\repos\DSpace__DSpace\dspace-oai\src\main\java\org\dspace\xoai\services\impl\xoai\DSpaceIdentifyResolver.java,29
org.dspace:xoai,3.4.1,false,MethodCallExpr,com.lyncode.xoai.dataprovider.services.api.ItemRepository,getItemIdentifiers,C:\Users\tyin363\Documents\repos\DSpace__DSpace\dspace-oai\src\main\java\org\dspace\xoai\services\impl\xoai\DSpaceItemRepository.java,43
JDK:java.base,N/A,false,ClassOrInterfaceType,java.util.List,List,C:\Users\tyin363\Documents\repos\DSpace__DSpace\dspace-oai\src\main\java\org\dspace\xoai\services\api\solr\SolrQueryResolver.java,15
org.thymeleaf:thymeleaf-spring6,3.1.3.RELEASE,true,MethodCallExpr,org.thymeleaf.spring6.view.ThymeleafViewResolver,setCharacterEncoding,C:\Users\tyin363\Documents\repos\DSpace__DSpace\dspace-oai\src\main\java\org\dspace\app\configuration\OAIWebConfig.java,95
JDK:java.base,N/A,false,ClassOrInterfaceType,java.sql.SQLException,SQLException,C:\Users\tyin363\Documents\repos\DSpace__DSpace\dspace-oai\src\main\java\org\dspace\xoai\services\api\FieldResolver.java,16
org.dspace:xoai,3.4.1,false,ClassOrInterfaceType,com.lyncode.xoai.dataprovider.xml.xoai.Element,Element,C:\Users\tyin363\Documents\repos\DSpace__DSpace\dspace-oai\src\main\java\org\dspace\xoai\util\ItemUtils.java,337
jakarta.servlet:jakarta.servlet-api,6.1.0,false,MethodCallExpr,jakarta.servlet.ServletRequest,getParameterNames,C:\Users\tyin363\Documents\repos\DSpace__DSpace\dspace-oai\src\main\java\org\dspace\xoai\controller\DSpaceOAIDataProvider.java,175
,,false,ClassOrInterfaceType,org.dspace.xoai.services.api.context.ContextService,ContextService,C:\Users\tyin363\Documents\repos\DSpace__DSpace\dspace-oai\src\main\java\org\dspace\xoai\services\impl\xoai\BaseDSpaceFilterResolver.java,39
JDK:java.base,N/A,false,MethodCallExpr,java.time.Instant,now,C:\Users\tyin363\Documents\repos\DSpace__DSpace\dspace-oai\src\main\java\org\dspace\xoai\app\XOAI.java,627
,,false,ClassOrInterfaceType,org.dspace.xoai.services.api.config.XOAIManagerResolverException,XOAIManagerResolverException,C:\Users\tyin363\Documents\repos\DSpace__DSpace\dspace-oai\src\main\java\org\dspace\xoai\services\impl\context\DSpaceXOAIManagerResolver.java,29
JDK:java.base,N/A,false,ClassOrInterfaceType,java.sql.SQLException,SQLException,C:\Users\tyin363\Documents\repos\DSpace__DSpace\dspace-oai\src\main\java\org\dspace\xoai\util\ItemUtils.java,177
,,false,ClassOrInterfaceType,org.dspace.xoai.services.api.ServiceResolver,ServiceResolver,C:\Users\tyin363\Documents\repos\DSpace__DSpace\dspace-oai\src\main\java\org\dspace\xoai\services\impl\DSpaceServiceResolver.java,18
JDK:java.base,N/A,false,FieldAccessExpr,java.lang.System,out,C:\Users\tyin363\Documents\repos\DSpace__DSpace\dspace-oai\src\main\java\org\dspace\xoai\app\XOAI.java,715
JDK:java.base,N/A,false,ClassOrInterfaceType,java.time.format.DateTimeFormatter,DateTimeFormatter,C:\Users\tyin363\Documents\repos\DSpace__DSpace\dspace-oai\src\main\java\org\dspace\xoai\util\ItemUtils.java,191
,,false,MethodCallExpr,org.dspace.xoai.services.impl.xoai.BaseDSpaceFilterResolver,getFilter,C:\Users\tyin363\Documents\repos\DSpace__DSpace\dspace-oai\src\main\java\org\dspace\xoai\services\impl\xoai\BaseDSpaceFilterResolver.java,43
,,false,ClassOrInterfaceType,org.dspace.xoai.services.api.context.ContextService,ContextService,C:\Users\tyin363\Documents\repos\DSpace__DSpace\dspace-oai\src\main\java\org\dspace\xoai\services\impl\set\DSpaceSetSpecResolver.java,31
JDK:java.base,N/A,false,ClassOrInterfaceType,java.lang.String,String,C:\Users\tyin363\Documents\repos\DSpace__DSpace\dspace-oai\src\main\java\org\dspace\xoai\services\impl\xoai\DSpaceRepositoryConfiguration.java,137
org.dspace:xoai,3.4.1,false,ClassOrInterfaceType,com.lyncode.xoai.dataprovider.core.ListItemIdentifiersResult,ListItemIdentifiersResult,C:\Users\tyin363\Documents\repos\DSpace__DSpace\dspace-oai\src\main\java\org\dspace\xoai\services\impl\xoai\DSpaceItemSolrRepository.java,87
org.dspace:xoai,3.4.1,false,MethodCallExpr,com.lyncode.xoai.dataprovider.xml.xoai.Element,getElement,C:\Users\tyin363\Documents\repos\DSpace__DSpace\dspace-oai\src\main\java\org\dspace\xoai\util\ItemUtils.java,249
JDK:java.base,N/A,false,ClassOrInterfaceType,java.lang.String,String,C:\Users\tyin363\Documents\repos\DSpace__DSpace\dspace-oai\src\main\java\org\dspace\xoai\data\DSpaceItem.java,104
org.dspace:xoai,3.4.1,false,ObjectCreationExpr,com.lyncode.xoai.dataprovider.filter.ScopedFilter,ScopedFilter,C:\Users\tyin363\Documents\repos\DSpace__DSpace\dspace-oai\src\main\java\org\dspace\xoai\services\impl\xoai\DSpaceItemRepository.java,137
JDK:java.base,N/A,false,MethodCallExpr,java.lang.String,equals,C:\Users\tyin363\Documents\repos\DSpace__DSpace\dspace-oai\src\main\java\org\dspace\xoai\data\DSpaceItem.java,47
JDK:java.base,N/A,false,ClassOrInterfaceType,java.lang.String,String,C:\Users\tyin363\Documents\repos\DSpace__DSpace\dspace-oai\src\main\java\org\dspace\xoai\services\impl\cache\DSpaceXOAICacheService.java,78
JDK:java.base,N/A,false,ClassOrInterfaceType,java.util.LinkedList,LinkedList,C:\Users\tyin363\Documents\repos\DSpace__DSpace\dspace-oai\src\main\java\org\dspace\xoai\app\XOAI.java,372
,,false,ClassOrInterfaceType,org.dspace.xoai.services.api.config.ConfigurationService,ConfigurationService,C:\Users\tyin363\Documents\repos\DSpace__DSpace\dspace-oai\src\main\java\org\dspace\xoai\services\impl\xoai\DSpaceIdentifyResolver.java,22
JDK:java.base,N/A,false,MethodCallExpr,java.lang.Throwable,getMessage,C:\Users\tyin363\Documents\repos\DSpace__DSpace\dspace-oai\src\main\java\org\dspace\xoai\services\impl\xoai\DSpaceSetRepository.java,178
JDK:java.base,N/A,false,ObjectCreationExpr,java.util.ArrayList,ArrayList,C:\Users\tyin363\Documents\repos\DSpace__DSpace\dspace-oai\src\main\java\org\dspace\xoai\services\impl\xoai\DSpaceRepositoryConfiguration.java,141
,,false,ClassOrInterfaceType,org.dspace.xoai.app.XOAIExtensionItemCompilePlugin,XOAIExtensionItemCompilePlugin,C:\Users\tyin363\Documents\repos\DSpace__DSpace\dspace-oai\src\main\java\org\dspace\xoai\app\CCElementItemCompilePlugin.java,35
JDK:java.base,N/A,false,MethodCallExpr,java.util.List,add,C:\Users\tyin363\Documents\repos\DSpace__DSpace\dspace-oai\src\main\java\org\dspace\xoai\app\plugins\AccessStatusElementItemCompilePlugin.java,79
org.springframework:spring-context,6.2.9,true,MethodCallExpr,org.springframework.context.support.GenericApplicationContext,getAutowireCapableBeanFactory,C:\Users\tyin363\Documents\repos\DSpace__DSpace\dspace-oai\src\main\java\org\dspace\xoai\app\XOAI.java,647
org.dspace:xoai,3.4.1,false,MethodCallExpr,com.lyncode.xoai.dataprovider.xml.xoai.Metadata,getElement,C:\Users\tyin363\Documents\repos\DSpace__DSpace\dspace-oai\src\main\java\org\dspace\xoai\util\ItemUtils.java,342
JDK:java.base,N/A,false,ObjectCreationExpr,java.util.HashMap,HashMap,C:\Users\tyin363\Documents\repos\DSpace__DSpace\dspace-oai\src\main\java\org\dspace\xoai\services\impl\MetadataFieldCache.java,26
org.dspace:xoai,3.4.1,false,MethodCallExpr,com.lyncode.xoai.dataprovider.xml.xoai.Metadata,write,C:\Users\tyin363\Documents\repos\DSpace__DSpace\dspace-oai\src\main\java\org\dspace\xoai\services\impl\cache\DSpaceXOAIItemCacheService.java,84
org.dspace:xoai,3.4.1,false,ClassOrInterfaceType,com.lyncode.xoai.dataprovider.filter.ScopedFilter,ScopedFilter,C:\Users\tyin363\Documents\repos\DSpace__DSpace\dspace-oai\src\main\java\org\dspace\xoai\services\impl\xoai\DSpaceItemRepository.java,40
jakarta.servlet:jakarta.servlet-api,6.1.0,false,ClassOrInterfaceType,jakarta.servlet.ServletException,ServletException,C:\Users\tyin363\Documents\repos\DSpace__DSpace\dspace-oai\src\main\java\org\dspace\xoai\controller\DSpaceOAIDataProvider.java,81
JDK:java.base,N/A,false,ClassOrInterfaceType,java.sql.SQLException,SQLException,C:\Users\tyin363\Documents\repos\DSpace__DSpace\dspace-oai\src\main\java\org\dspace\xoai\filter\DSpaceAuthorizationFilter.java,52
JDK:java.base,N/A,false,ClassOrInterfaceType,java.lang.Class,Class,C:\Users\tyin363\Documents\repos\DSpace__DSpace\dspace-oai\src\main\java\org\dspace\xoai\services\api\ServiceResolver.java,11
,,false,MethodCallExpr,org.dspace.xoai.services.impl.MetadataFieldCache,getField,C:\Users\tyin363\Documents\repos\DSpace__DSpace\dspace-oai\src\main\java\org\dspace\xoai\services\impl\DSpaceFieldResolver.java,52
JDK:java.base,N/A,false,MethodCallExpr,java.lang.Class,getSimpleName,C:\Users\tyin363\Documents\repos\DSpace__DSpace\dspace-oai\src\main\java\org\dspace\xoai\services\impl\set\DSpaceSetSpecResolver.java,96
,,false,ClassOrInterfaceType,org.dspace.xoai.exceptions.InvalidMetadataFieldException,InvalidMetadataFieldException,C:\Users\tyin363\Documents\repos\DSpace__DSpace\dspace-oai\src\main\java\org\dspace\xoai\services\api\FieldResolver.java,16
JDK:java.base,N/A,false,MethodCallExpr,java.lang.StringBuffer,toString,C:\Users\tyin363\Documents\repos\DSpace__DSpace\dspace-oai\src\main\java\org\dspace\xoai\services\impl\xoai\DSpaceRepositoryConfiguration.java,89
JDK:java.base,N/A,false,ClassOrInterfaceType,java.time.LocalDate,LocalDate,C:\Users\tyin363\Documents\repos\DSpace__DSpace\dspace-oai\src\main\java\org\dspace\xoai\app\plugins\AccessStatusElementItemCompilePlugin.java,59
JDK:java.base,N/A,false,FieldAccessExpr,java.lang.System,out,C:\Users\tyin363\Documents\repos\DSpace__DSpace\dspace-oai\src\main\java\org\dspace\xoai\app\XOAI.java,713
JDK:java.base,N/A,false,MethodCallExpr,java.util.List,add,C:\Users\tyin363\Documents\repos\DSpace__DSpace\dspace-oai\src\main\java\org\dspace\xoai\services\impl\xoai\DSpaceItemRepository.java,57
JDK:java.base,N/A,false,ClassOrInterfaceType,java.lang.String,String,C:\Users\tyin363\Documents\repos\DSpace__DSpace\dspace-oai\src\main\java\org\dspace\xoai\services\impl\set\DSpaceSetSpecResolver.java,77
JDK:java.base,N/A,false,ClassOrInterfaceType,java.sql.SQLException,SQLException,C:\Users\tyin363\Documents\repos\DSpace__DSpace\dspace-oai\src\main\java\org\dspace\xoai\services\impl\DSpaceHandleResolver.java,35
org.springframework:spring-web,6.2.9,true,ClassOrInterfaceType,org.springframework.web.context.request.ServletRequestAttributes,ServletRequestAttributes,C:\Users\tyin363\Documents\repos\DSpace__DSpace\dspace-oai\src\main\java\org\dspace\xoai\services\impl\context\DSpaceContextService.java,22
,,false,MethodCallExpr,org.dspace.xoai.services.impl.xoai.BaseDSpaceFilterResolver,getFilter,C:\Users\tyin363\Documents\repos\DSpace__DSpace\dspace-oai\src\main\java\org\dspace\xoai\services\impl\xoai\BaseDSpaceFilterResolver.java,45
org.dspace:xoai,3.4.1,false,ClassOrInterfaceType,com.lyncode.xoai.dataprovider.core.ListItemIdentifiersResult,ListItemIdentifiersResult,C:\Users\tyin363\Documents\repos\DSpace__DSpace\dspace-oai\src\main\java\org\dspace\xoai\services\impl\xoai\DSpaceItemRepository.java,47
JDK:java.base,N/A,false,MethodCallExpr,java.time.format.DateTimeFormatter,parse,C:\Users\tyin363\Documents\repos\DSpace__DSpace\dspace-oai\src\main\java\org\dspace\xoai\util\DateUtils.java,56
,,false,MethodCallExpr,org.dspace.xoai.data.DSpaceItem,buildIdentifier,C:\Users\tyin363\Documents\repos\DSpace__DSpace\dspace-oai\src\main\java\org\dspace\xoai\data\DSpaceItem.java,108
org.apache.logging.log4j:log4j-api,2.25.1,false,MethodCallExpr,org.apache.logging.log4j.Logger,error,C:\Users\tyin363\Documents\repos\DSpace__DSpace\dspace-oai\src\main\java\org\dspace\xoai\services\impl\xoai\DSpaceSetRepository.java,116
org.dspace:xoai,3.4.1,false,ObjectCreationExpr,com.lyncode.xoai.dataprovider.filter.ScopedFilter,ScopedFilter,C:\Users\tyin363\Documents\repos\DSpace__DSpace\dspace-oai\src\main\java\org\dspace\xoai\services\impl\xoai\DSpaceItemRepository.java,135
JDK:java.base,N/A,false,MethodCallExpr,java.util.Date,from,C:\Users\tyin363\Documents\repos\DSpace__DSpace\dspace-oai\src\main\java\org\dspace\xoai\filter\DateFromFilter.java,42
,,false,ClassOrInterfaceType,org.dspace.xoai.services.api.FieldResolver,FieldResolver,C:\Users\tyin363\Documents\repos\DSpace__DSpace\dspace-oai\src\main\java\org\dspace\xoai\services\impl\xoai\BaseDSpaceFilterResolver.java,36
org.dspace:xoai,3.4.1,false,ClassOrInterfaceType,com.lyncode.xoai.dataprovider.exceptions.OAIException,OAIException,C:\Users\tyin363\Documents\repos\DSpace__DSpace\dspace-oai\src\main\java\org\dspace\xoai\services\impl\xoai\DSpaceItemRepository.java,74
,,false,ObjectCreationExpr,org.dspace.xoai.services.impl.xoai.DSpaceSetRepositoryResolver,DSpaceSetRepositoryResolver,C:\Users\tyin363\Documents\repos\DSpace__DSpace\dspace-oai\src\main\java\org\dspace\xoai\app\BasicConfiguration.java,123
JDK:java.base,N/A,false,ClassOrInterfaceType,java.lang.Exception,Exception,C:\Users\tyin363\Documents\repos\DSpace__DSpace\dspace-oai\src\main\java\org\dspace\xoai\solr\exceptions\DSpaceSolrException.java,14
JDK:java.base,N/A,false,FieldAccessExpr,java.lang.System,out,C:\Users\tyin363\Documents\repos\DSpace__DSpace\dspace-oai\src\main\java\org\dspace\xoai\app\XOAI.java,718
org.dspace:xoai,3.4.1,false,ClassOrInterfaceType,com.lyncode.xoai.dataprovider.services.api.ResourceResolver,ResourceResolver,C:\Users\tyin363\Documents\repos\DSpace__DSpace\dspace-oai\src\main\java\org\dspace\xoai\services\impl\context\DSpaceXOAIManagerResolver.java,22
JDK:java.base,N/A,false,ClassOrInterfaceType,java.lang.String,String,C:\Users\tyin363\Documents\repos\DSpace__DSpace\dspace-oai\src\main\java\org\dspace\xoai\services\impl\set\DSpaceSetSpecResolver.java,76
,,false,ClassOrInterfaceType,org.dspace.xoai.services.api.config.ConfigurationService,ConfigurationService,C:\Users\tyin363\Documents\repos\DSpace__DSpace\dspace-oai\src\main\java\org\dspace\xoai\services\impl\DSpaceServiceResolver.java,20
org.dspace:xoai,3.4.1,false,ClassOrInterfaceType,com.lyncode.xoai.dataprovider.data.Filter,Filter,C:\Users\tyin363\Documents\repos\DSpace__DSpace\dspace-oai\src\main\java\org\dspace\xoai\services\impl\xoai\DSpaceItemRepository.java,179
JDK:java.base,N/A,false,MethodCallExpr,java.lang.Throwable,getMessage,C:\Users\tyin363\Documents\repos\DSpace__DSpace\dspace-oai\src\main\java\org\dspace\xoai\services\impl\xoai\DSpaceRepositoryConfiguration.java,161
,,false,MethodCallExpr,org.dspace.xoai.app.XOAI,searchForReason,C:\Users\tyin363\Documents\repos\DSpace__DSpace\dspace-oai\src\main\java\org\dspace\xoai\app\XOAI.java,558
JDK:java.base,N/A,false,ClassOrInterfaceType,java.lang.Throwable,Throwable,C:\Users\tyin363\Documents\repos\DSpace__DSpace\dspace-oai\src\main\java\org\dspace\xoai\solr\exceptions\DSpaceSolrIndexerException.java,33
JDK:java.base,N/A,false,MethodCallExpr,java.time.format.DateTimeFormatter,parse,C:\Users\tyin363\Documents\repos\DSpace__DSpace\dspace-oai\src\main\java\org\dspace\xoai\util\DateUtils.java,63
JDK:java.base,N/A,false,ClassOrInterfaceType,java.lang.Class,Class,C:\Users\tyin363\Documents\repos\DSpace__DSpace\dspace-oai\src\main\java\org\dspace\xoai\services\impl\set\DSpaceSetSpecResolver.java,94
org.dspace:xoai,3.4.1,false,ObjectCreationExpr,com.lyncode.xoai.dataprovider.filter.ScopedFilter,ScopedFilter,C:\Users\tyin363\Documents\repos\DSpace__DSpace\dspace-oai\src\main\java\org\dspace\xoai\services\impl\xoai\DSpaceItemRepository.java,136
JDK:java.base,N/A,false,FieldAccessExpr,java.time.format.DateTimeFormatter,ISO_LOCAL_DATE_TIME,C:\Users\tyin363\Documents\repos\DSpace__DSpace\dspace-oai\src\main\java\org\dspace\xoai\util\DateUtils.java,61
,,false,ClassOrInterfaceType,org.dspace.xoai.services.impl.cache.DSpaceEmptyCacheService,DSpaceEmptyCacheService,C:\Users\tyin363\Documents\repos\DSpace__DSpace\dspace-oai\src\main\java\org\dspace\xoai\app\BasicConfiguration.java,83
JDK:java.base,N/A,false,ClassOrInterfaceType,java.lang.String,String,C:\Users\tyin363\Documents\repos\DSpace__DSpace\dspace-oai\src\main\java\org\dspace\xoai\services\impl\cache\DSpaceXOAIItemCacheService.java,38
JDK:java.base,N/A,false,ClassOrInterfaceType,java.lang.String,String,C:\Users\tyin363\Documents\repos\DSpace__DSpace\dspace-oai\src\main\java\org\dspace\xoai\solr\exceptions\DSpaceSolrException.java,33
,,false,ObjectCreationExpr,org.dspace.xoai.services.impl.config.DSpaceConfigurationService,DSpaceConfigurationService,C:\Users\tyin363\Documents\repos\DSpace__DSpace\dspace-oai\src\main\java\org\dspace\xoai\app\BasicConfiguration.java,56
JDK:java.base,N/A,false,ClassOrInterfaceType,java.lang.String,String,C:\Users\tyin363\Documents\repos\DSpace__DSpace\dspace-oai\src\main\java\org\dspace\xoai\services\impl\cache\DSpaceEmptyCacheService.java,28
org.dspace:xoai,3.4.1,false,MethodCallExpr,com.lyncode.xoai.dataprovider.core.ResumptionToken,getSet,C:\Users\tyin363\Documents\repos\DSpace__DSpace\dspace-oai\src\main\java\org\dspace\xoai\services\impl\xoai\DSpaceResumptionTokenFormatter.java,66
JDK:java.base,N/A,false,FieldAccessExpr,java.lang.System,out,C:\Users\tyin363\Documents\repos\DSpace__DSpace\dspace-oai\src\main\java\org\dspace\xoai\app\XOAI.java,719
,,false,ObjectCreationExpr,org.dspace.xoai.solr.exceptions.DSpaceSolrIndexerException,DSpaceSolrIndexerException,C:\Users\tyin363\Documents\repos\DSpace__DSpace\dspace-oai\src\main\java\org\dspace\xoai\app\XOAI.java,271
jakarta.servlet:jakarta.servlet-api,6.1.0,false,MethodCallExpr,jakarta.servlet.ServletResponse,setContentType,C:\Users\tyin363\Documents\repos\DSpace__DSpace\dspace-oai\src\main\java\org\dspace\xoai\controller\DSpaceOAIDataProvider.java,112
,,false,MethodCallExpr,org.dspace.xoai.services.impl.xoai.DSpaceItemRepository,getDSpaceSetSpecFilter,C:\Users\tyin363\Documents\repos\DSpace__DSpace\dspace-oai\src\main\java\org\dspace\xoai\services\impl\xoai\DSpaceItemRepository.java,126
org.dspace:xoai,3.4.1,false,MethodCallExpr,com.lyncode.xoai.dataprovider.services.api.DateProvider,format,C:\Users\tyin363\Documents\repos\DSpace__DSpace\dspace-oai\src\main\java\org\dspace\xoai\filter\DateFromFilter.java,42
JDK:java.base,N/A,false,ObjectCreationExpr,java.util.ArrayList,ArrayList,C:\Users\tyin363\Documents\repos\DSpace__DSpace\dspace-oai\src\main\java\org\dspace\xoai\services\impl\xoai\DSpaceRepositoryConfiguration.java,136
JDK:java.base,N/A,false,ClassOrInterfaceType,java.lang.String,String,C:\Users\tyin363\Documents\repos\DSpace__DSpace\dspace-oai\src\main\java\org\dspace\xoai\services\impl\xoai\DSpaceRepositoryConfiguration.java,141
,,false,ClassOrInterfaceType,org.dspace.xoai.exceptions.InvalidMetadataFieldException,InvalidMetadataFieldException,C:\Users\tyin363\Documents\repos\DSpace__DSpace\dspace-oai\src\main\java\org\dspace\xoai\services\impl\DSpaceFieldResolver.java,45
org.dspace:xoai,3.4.1,false,ClassOrInterfaceType,com.lyncode.xoai.dataprovider.exceptions.BadResumptionToken,BadResumptionToken,C:\Users\tyin363\Documents\repos\DSpace__DSpace\dspace-oai\src\main\java\org\dspace\xoai\services\impl\xoai\DSpaceResumptionTokenFormatter.java,33
JDK:java.base,N/A,false,MethodCallExpr,java.util.List,add,C:\Users\tyin363\Documents\repos\DSpace__DSpace\dspace-oai\src\main\java\org\dspace\xoai\util\ItemUtils.java,261
org.apache.logging.log4j:log4j-api,2.25.1,false,MethodCallExpr,org.apache.logging.log4j.LogManager,getLogger,C:\Users\tyin363\Documents\repos\DSpace__DSpace\dspace-oai\src\main\java\org\dspace\xoai\services\impl\solr\DSpaceSolrServerResolver.java,22
JDK:java.base,N/A,false,ObjectCreationExpr,java.util.ArrayList,ArrayList,C:\Users\tyin363\Documents\repos\DSpace__DSpace\dspace-oai\src\main\java\org\dspace\xoai\data\DSpaceItem.java,95
,,false,ClassOrInterfaceType,org.dspace.xoai.services.api.CollectionsService,CollectionsService,C:\Users\tyin363\Documents\repos\DSpace__DSpace\dspace-oai\src\main\java\org\dspace\xoai\app\XOAI.java,100
org.apache.logging.log4j:log4j-api,2.25.1,false,ClassOrInterfaceType,org.apache.logging.log4j.Logger,Logger,C:\Users\tyin363\Documents\repos\DSpace__DSpace\dspace-oai\src\main\java\org\dspace\xoai\services\impl\DSpaceEarliestDateResolver.java,26
,,false,ClassOrInterfaceType,org.dspace.xoai.services.impl.cache.DSpaceEmptyCacheService,DSpaceEmptyCacheService,C:\Users\tyin363\Documents\repos\DSpace__DSpace\dspace-oai\src\main\java\org\dspace\xoai\app\BasicConfiguration.java,86
JDK:java.base,N/A,false,ClassOrInterfaceType,java.util.ArrayList,ArrayList,C:\Users\tyin363\Documents\repos\DSpace__DSpace\dspace-oai\src\main\java\org\dspace\xoai\services\impl\solr\DSpaceSolrQueryResolver.java,27
JDK:java.base,N/A,false,ClassOrInterfaceType,java.lang.String,String,C:\Users\tyin363\Documents\repos\DSpace__DSpace\dspace-oai\src\main\java\org\dspace\xoai\data\DSpaceSolrItem.java,38
JDK:java.base,N/A,false,MethodCallExpr,java.util.List,isEmpty,C:\Users\tyin363\Documents\repos\DSpace__DSpace\dspace-oai\src\main\java\org\dspace\xoai\services\impl\solr\DSpaceSolrQueryResolver.java,32
,,false,ObjectCreationExpr,org.dspace.xoai.services.impl.xoai.DSpaceItemRepositoryResolver,DSpaceItemRepositoryResolver,C:\Users\tyin363\Documents\repos\DSpace__DSpace\dspace-oai\src\main\java\org\dspace\app\configuration\OAIWebConfig.java,101
JDK:java.base,N/A,false,FieldAccessExpr,java.lang.System,out,C:\Users\tyin363\Documents\repos\DSpace__DSpace\dspace-oai\src\main\java\org\dspace\xoai\app\XOAI.java,716
,,false,ClassOrInterfaceType,org.dspace.xoai.solr.exceptions.DSpaceSolrException,DSpaceSolrException,C:\Users\tyin363\Documents\repos\DSpace__DSpace\dspace-oai\src\main\java\org\dspace\xoai\services\impl\xoai\DSpaceItemSolrRepository.java,104
,,false,FieldAccessExpr,org.dspace.xoai.app.XOAI,authorizeService,C:\Users\tyin363\Documents\repos\DSpace__DSpace\dspace-oai\src\main\java\org\dspace\xoai\app\XOAI.java,132
org.dspace:xoai,3.4.1,false,ClassOrInterfaceType,com.lyncode.xoai.dataprovider.core.ListItemsResults,ListItemsResults,C:\Users\tyin363\Documents\repos\DSpace__DSpace\dspace-oai\src\main\java\org\dspace\xoai\services\impl\xoai\DSpaceItemRepository.java,150
,,false,ClassOrInterfaceType,org.dspace.xoai.services.api.config.XOAIManagerResolverException,XOAIManagerResolverException,C:\Users\tyin363\Documents\repos\DSpace__DSpace\dspace-oai\src\main\java\org\dspace\xoai\controller\DSpaceOAIDataProvider.java,141
,,false,MethodCallExpr,org.dspace.xoai.filter.results.SolrFilterResult,getQuery,C:\Users\tyin363\Documents\repos\DSpace__DSpace\dspace-oai\src\main\java\org\dspace\xoai\filter\NotFilter.java,22
JDK:java.base,N/A,false,ClassOrInterfaceType,java.util.List,List,C:\Users\tyin363\Documents\repos\DSpace__DSpace\dspace-oai\src\main\java\org\dspace\xoai\services\impl\xoai\DSpaceItemRepository.java,63
org.dspace:xoai,3.4.1,false,ClassOrInterfaceType,com.lyncode.xoai.dataprovider.filter.conditions.Condition,Condition,C:\Users\tyin363\Documents\repos\DSpace__DSpace\dspace-oai\src\main\java\org\dspace\xoai\services\impl\solr\DSpaceSolrQueryResolver.java,41
JDK:java.base,N/A,false,ClassOrInterfaceType,java.lang.String,String,C:\Users\tyin363\Documents\repos\DSpace__DSpace\dspace-oai\src\main\java\org\dspace\xoai\services\impl\DSpaceFieldResolver.java,27
org.dspace:xoai,3.4.1,false,MethodCallExpr,com.lyncode.xoai.dataprovider.filter.conditions.AndCondition,getLeft,C:\Users\tyin363\Documents\repos\DSpace__DSpace\dspace-oai\src\main\java\org\dspace\xoai\services\impl\xoai\BaseDSpaceFilterResolver.java,92
JDK:java.base,N/A,false,FieldAccessExpr,java.time.format.DateTimeFormatter,ISO_LOCAL_DATE,C:\Users\tyin363\Documents\repos\DSpace__DSpace\dspace-oai\src\main\java\org\dspace\xoai\util\ItemUtils.java,191
JDK:java.base,N/A,false,ClassOrInterfaceType,java.lang.String,String,C:\Users\tyin363\Documents\repos\DSpace__DSpace\dspace-oai\src\main\java\org\dspace\xoai\data\DSpaceSolrItem.java,37
JDK:java.base,N/A,false,MethodCallExpr,java.time.Instant,toString,C:\Users\tyin363\Documents\repos\DSpace__DSpace\dspace-oai\src\main\java\org\dspace\xoai\app\XOAI.java,186
org.dspace:xoai,3.4.1,false,MethodCallExpr,com.lyncode.xoai.dataprovider.xml.xoai.Element,getElement,C:\Users\tyin363\Documents\repos\DSpace__DSpace\dspace-oai\src\main\java\org\dspace\xoai\util\ItemUtils.java,252
JDK:java.base,N/A,false,ClassOrInterfaceType,java.lang.String,String,C:\Users\tyin363\Documents\repos\DSpace__DSpace\dspace-oai\src\main\java\org\dspace\xoai\services\impl\cache\DSpaceXOAIItemCacheService.java,36
JDK:java.base,N/A,false,FieldAccessExpr,java.lang.System,out,C:\Users\tyin363\Documents\repos\DSpace__DSpace\dspace-oai\src\main\java\org\dspace\xoai\app\XOAI.java,717
,,false,MethodCallExpr,org.dspace.xoai.services.impl.set.DSpaceSetSpecResolver,getSetSpecFormat,C:\Users\tyin363\Documents\repos\DSpace__DSpace\dspace-oai\src\main\java\org\dspace\xoai\services\impl\set\DSpaceSetSpecResolver.java,91
,,false,ObjectCreationExpr,org.dspace.xoai.exceptions.CompilingException,CompilingException,C:\Users\tyin363\Documents\repos\DSpace__DSpace\dspace-oai\src\main\java\org\dspace\xoai\app\XOAI.java,703
,,false,ObjectCreationExpr,org.dspace.xoai.exceptions.InvalidSetSpecException,InvalidSetSpecException,C:\Users\tyin363\Documents\repos\DSpace__DSpace\dspace-oai\src\main\java\org\dspace\xoai\services\impl\set\DSpaceSetSpecResolver.java,71
JDK:java.base,N/A,false,ClassOrInterfaceType,java.sql.SQLException,SQLException,C:\Users\tyin363\Documents\repos\DSpace__DSpace\dspace-oai\src\main\java\org\dspace\xoai\services\impl\xoai\DSpaceSetRepository.java,54
JDK:java.base,N/A,false,ClassOrInterfaceType,java.lang.String,String,C:\Users\tyin363\Documents\repos\DSpace__DSpace\dspace-oai\src\main\java\org\dspace\xoai\services\impl\xoai\DSpaceRepositoryConfiguration.java,143
,,false,MethodCallExpr,org.dspace.xoai.app.XOAI,indexAll,C:\Users\tyin363\Documents\repos\DSpace__DSpace\dspace-oai\src\main\java\org\dspace\xoai\app\XOAI.java,160
org.dspace:xoai,3.4.1,false,ClassOrInterfaceType,com.lyncode.xoai.dataprovider.core.ListItemIdentifiersResult,ListItemIdentifiersResult,C:\Users\tyin363\Documents\repos\DSpace__DSpace\dspace-oai\src\main\java\org\dspace\xoai\services\impl\xoai\DSpaceItemSolrRepository.java,84
