Library_Name,Version,Is_Transitive,Symbol_Type,Class_Name,Symbol_Name,Usage_Location,Line_Number
JDK:java.base,N/A,false,MethodCallExpr,java.lang.Enum,name,C:\Users\tyin363\Documents\repos\dibo-software__diboot\rest-api-example\src\main\java\com\example\api\handler\AutoFillMetaObjectHandler.java,31
com.diboot:diboot-iam-spring-boot-starter,3.7.0,false,ClassOrInterfaceType,com.diboot.iam.entity.IamResource,IamResource,C:\Users\tyin363\Documents\repos\dibo-software__diboot\rest-api-example\src\main\java\com\example\api\controller\iam\ResourceController.java,172
org.springframework:spring-web,6.2.8,true,FieldAccessExpr,org.springframework.http.MediaType,TEXT_EVENT_STREAM_VALUE,C:\Users\tyin363\Documents\repos\dibo-software__diboot\rest-api-example\src\main\java\com\example\api\controller\system\AiSessionRecordController.java,131
com.diboot:diboot-core,3.7.0,true,ObjectCreationExpr,com.diboot.core.vo.JsonResult,JsonResult,C:\Users\tyin363\Documents\repos\dibo-software__diboot\rest-api-example\src\main\java\com\example\api\controller\system\I18nConfigController.java,115
JDK:java.base,N/A,false,ClassOrInterfaceType,java.lang.Exception,Exception,C:\Users\tyin363\Documents\repos\dibo-software__diboot\rest-api-example\src\main\java\com\example\api\controller\system\AiSessionRecordController.java,157
com.diboot:diboot-file-spring-boot-starter,3.7.0,false,ClassOrInterfaceType,com.diboot.file.entity.FileRecord,FileRecord,C:\Users\tyin363\Documents\repos\dibo-software__diboot\rest-api-example\src\main\java\com\example\api\controller\system\FileRecordController.java,76
com.diboot:diboot-iam-spring-boot-starter,3.7.0,false,FieldAccessExpr,com.diboot.iam.annotation.OperationCons,LABEL_BATCH_UPDATE,C:\Users\tyin363\Documents\repos\dibo-software__diboot\rest-api-example\src\main\java\com\example\api\controller\system\I18nConfigController.java,97
com.diboot:diboot-core,3.7.0,true,FieldAccessExpr,com.diboot.core.config.Cons,TREE_ROOT_ID,C:\Users\tyin363\Documents\repos\dibo-software__diboot\rest-api-example\src\main\java\com\example\api\controller\iam\UserController.java,172
com.diboot:diboot-iam-spring-boot-starter,3.7.0,false,ClassOrInterfaceType,com.diboot.iam.entity.IamResource,IamResource,C:\Users\tyin363\Documents\repos\dibo-software__diboot\rest-api-example\src\main\java\com\example\api\controller\iam\ResourceController.java,173
com.diboot:diboot-core,3.7.0,true,ObjectCreationExpr,com.diboot.core.exception.BusinessException,BusinessException,C:\Users\tyin363\Documents\repos\dibo-software__diboot\rest-api-example\src\main\java\com\example\api\controller\iam\RoleController.java,191
com.diboot:diboot-core,3.7.0,true,MethodCallExpr,com.diboot.core.vo.JsonResult,OK,C:\Users\tyin363\Documents\repos\dibo-software__diboot\rest-api-example\src\main\java\com\example\api\controller\iam\ClientController.java,107
com.diboot:diboot-scheduler-spring-boot-starter,3.7.0,false,ClassOrInterfaceType,com.diboot.scheduler.entity.ScheduleJobLog,ScheduleJobLog,C:\Users\tyin363\Documents\repos\dibo-software__diboot\rest-api-example\src\main\java\com\example\api\controller\system\ScheduleJobController.java,199
JDK:java.base,N/A,false,ClassOrInterfaceType,java.lang.String,String,C:\Users\tyin363\Documents\repos\dibo-software__diboot\rest-api-example\src\main\java\com\example\api\controller\system\FileController.java,76
com.diboot:diboot-core,3.7.0,true,MethodCallExpr,com.diboot.core.util.V,notEmpty,C:\Users\tyin363\Documents\repos\dibo-software__diboot\rest-api-example\src\main\java\com\example\api\controller\iam\RoleController.java,173
com.baomidou:mybatis-plus-core,3.5.12,true,MethodCallExpr,com.baomidou.mybatisplus.core.conditions.AbstractWrapper,eq,C:\Users\tyin363\Documents\repos\dibo-software__diboot\rest-api-example\src\main\java\com\example\api\controller\system\MessageController.java,89
com.baomidou:mybatis-plus-core,3.5.12,true,ClassOrInterfaceType,com.baomidou.mybatisplus.core.conditions.query.LambdaQueryWrapper,LambdaQueryWrapper,C:\Users\tyin363\Documents\repos\dibo-software__diboot\rest-api-example\src\main\java\com\example\api\controller\system\SystemConfigController.java,166
com.baomidou:mybatis-plus-core,3.5.12,true,MethodCallExpr,com.baomidou.mybatisplus.core.toolkit.Wrappers,lambdaQuery,C:\Users\tyin363\Documents\repos\dibo-software__diboot\rest-api-example\src\main\java\com\example\api\controller\iam\UserController.java,227
com.diboot:diboot-core,3.7.0,true,MethodCallExpr,com.diboot.core.controller.BaseCrudRestController,getViewObjectList,C:\Users\tyin363\Documents\repos\dibo-software__diboot\rest-api-example\src\main\java\com\example\api\controller\iam\PositionController.java,55
com.diboot:diboot-file-spring-boot-starter,3.7.0,false,ClassOrInterfaceType,com.diboot.file.entity.FileRecord,FileRecord,C:\Users\tyin363\Documents\repos\dibo-software__diboot\rest-api-example\src\main\java\com\example\api\controller\system\FileRecordController.java,75
com.diboot:diboot-ai-spring-boot-starter,3.7.0,false,ClassOrInterfaceType,com.diboot.ai.entity.AiSessionRecord,AiSessionRecord,C:\Users\tyin363\Documents\repos\dibo-software__diboot\rest-api-example\src\main\java\com\example\api\controller\system\AiSessionRecordController.java,53
JDK:java.base,N/A,false,ClassOrInterfaceType,java.lang.Object,Object,C:\Users\tyin363\Documents\repos\dibo-software__diboot\rest-api-example\src\main\java\com\example\api\excel\listener\UserImportExcelListener.java,39
com.baomidou:mybatis-plus-extension,3.5.12,true,MethodCallExpr,com.baomidou.mybatisplus.extension.plugins.MybatisPlusInterceptor,addInnerInterceptor,C:\Users\tyin363\Documents\repos\dibo-software__diboot\rest-api-example\src\main\java\com\example\api\config\MybatisPlusConfig.java,30
com.diboot:diboot-iam-spring-boot-starter,3.7.0,false,FieldAccessExpr,com.diboot.iam.annotation.OperationCons,LABEL_BATCH_UPDATE,C:\Users\tyin363\Documents\repos\dibo-software__diboot\rest-api-example\src\main\java\com\example\api\controller\system\I18nConfigController.java,98
JDK:java.base,N/A,false,MethodCallExpr,java.util.Base64,getDecoder,C:\Users\tyin363\Documents\repos\dibo-software__diboot\rest-api-example\src\main\java\com\example\api\controller\iam\AuthTokenController.java,123
jakarta.servlet:jakarta.servlet-api,6.0.0,true,MethodCallExpr,jakarta.servlet.http.HttpServletResponse,setHeader,C:\Users\tyin363\Documents\repos\dibo-software__diboot\rest-api-example\src\main\java\com\example\api\controller\iam\AuthTokenController.java,82
com.diboot:diboot-core,3.7.0,true,MethodCallExpr,com.diboot.core.controller.BaseCrudRestController,getViewObjectList,C:\Users\tyin363\Documents\repos\dibo-software__diboot\rest-api-example\src\main\java\com\example\api\controller\system\MessageTemplateController.java,54
JDK:java.base,N/A,false,ClassOrInterfaceType,java.util.Objects,Objects,C:\Users\tyin363\Documents\repos\dibo-software__diboot\rest-api-example\src\main\java\com\example\api\excel\listener\UserImportExcelListener.java,64
JDK:java.base,N/A,false,ClassOrInterfaceType,java.lang.Exception,Exception,C:\Users\tyin363\Documents\repos\dibo-software__diboot\rest-api-example\src\main\java\com\example\api\controller\iam\PositionController.java,79
com.diboot:diboot-core,3.7.0,true,MethodCallExpr,com.diboot.core.vo.JsonResult,OK,C:\Users\tyin363\Documents\repos\dibo-software__diboot\rest-api-example\src\main\java\com\example\api\controller\iam\ResourceController.java,72
com.diboot:diboot-iam-spring-boot-starter,3.7.0,false,MethodReferenceExpr,com.diboot.iam.entity.SystemConfig,getCategory,C:\Users\tyin363\Documents\repos\dibo-software__diboot\rest-api-example\src\main\java\com\example\api\controller\system\SystemConfigController.java,172
com.baomidou:mybatis-plus-core,3.5.12,true,MethodCallExpr,com.baomidou.mybatisplus.core.toolkit.Wrappers,lambdaQuery,C:\Users\tyin363\Documents\repos\dibo-software__diboot\rest-api-example\src\main\java\com\example\api\controller\iam\AuthTokenController.java,173
com.diboot:diboot-core,3.7.0,true,ClassOrInterfaceType,com.diboot.core.vo.JsonResult,JsonResult,C:\Users\tyin363\Documents\repos\dibo-software__diboot\rest-api-example\src\main\java\com\example\api\controller\system\DictionaryController.java,84
JDK:java.base,N/A,false,ClassOrInterfaceType,java.lang.String,String,C:\Users\tyin363\Documents\repos\dibo-software__diboot\rest-api-example\src\main\java\com\example\api\controller\iam\AuthTokenController.java,197
JDK:java.base,N/A,false,ClassOrInterfaceType,java.util.HashMap,HashMap,C:\Users\tyin363\Documents\repos\dibo-software__diboot\rest-api-example\src\main\java\com\example\api\controller\iam\SSOClientController.java,38
com.diboot:diboot-core,3.7.0,true,ClassOrInterfaceType,com.diboot.core.vo.JsonResult,JsonResult,C:\Users\tyin363\Documents\repos\dibo-software__diboot\rest-api-example\src\main\java\com\example\api\controller\iam\ResourceController.java,170
com.diboot:diboot-core,3.7.0,true,ClassOrInterfaceType,com.diboot.core.vo.JsonResult,JsonResult,C:\Users\tyin363\Documents\repos\dibo-software__diboot\rest-api-example\src\main\java\com\example\api\controller\system\MessageController.java,102
com.diboot:diboot-iam-spring-boot-starter,3.7.0,false,FieldAccessExpr,com.diboot.iam.annotation.OperationCons,LABEL_CREATE,C:\Users\tyin363\Documents\repos\dibo-software__diboot\rest-api-example\src\main\java\com\example\api\controller\system\DictionaryController.java,82
com.diboot:diboot-iam-spring-boot-starter,3.7.0,false,ClassOrInterfaceType,com.diboot.iam.vo.IamResourceListVO,IamResourceListVO,C:\Users\tyin363\Documents\repos\dibo-software__diboot\rest-api-example\src\main\java\com\example\api\controller\iam\RoleController.java,95
com.diboot:diboot-core,3.7.0,true,ClassOrInterfaceType,com.diboot.core.vo.Pagination,Pagination,C:\Users\tyin363\Documents\repos\dibo-software__diboot\rest-api-example\src\main\java\com\example\api\controller\iam\OrgController.java,151
com.diboot:diboot-core,3.7.0,true,MethodCallExpr,com.diboot.core.vo.JsonResult,FAIL_OPERATION,C:\Users\tyin363\Documents\repos\dibo-software__diboot\rest-api-example\src\main\java\com\example\api\controller\iam\PositionController.java,124
com.diboot:diboot-notification-spring-boot-starter,3.7.0,false,ClassOrInterfaceType,com.diboot.notification.vo.MessageListVO,MessageListVO,C:\Users\tyin363\Documents\repos\dibo-software__diboot\rest-api-example\src\main\java\com\example\api\controller\system\MessageController.java,82
JDK:java.base,N/A,false,MethodCallExpr,java.lang.Enum,name,C:\Users\tyin363\Documents\repos\dibo-software__diboot\rest-api-example\src\main\java\com\example\api\handler\AutoFillMetaObjectHandler.java,32
com.baomidou:mybatis-plus-core,3.5.12,true,MethodCallExpr,com.baomidou.mybatisplus.core.conditions.interfaces.Compare,ne,C:\Users\tyin363\Documents\repos\dibo-software__diboot\rest-api-example\src\main\java\com\example\api\controller\iam\PositionController.java,142
com.diboot:diboot-core,3.7.0,true,MethodCallExpr,com.diboot.core.controller.BaseCrudRestController,getViewObject,C:\Users\tyin363\Documents\repos\dibo-software__diboot\rest-api-example\src\main\java\com\example\api\controller\iam\ResourceController.java,95
com.diboot:diboot-core,3.7.0,true,MethodCallExpr,com.diboot.core.util.V,isEmpty,C:\Users\tyin363\Documents\repos\dibo-software__diboot\rest-api-example\src\main\java\com\example\api\controller\system\I18nConfigController.java,56
com.diboot:diboot-core,3.7.0,true,MethodCallExpr,com.diboot.core.service.BaseService,deleteEntity,C:\Users\tyin363\Documents\repos\dibo-software__diboot\rest-api-example\src\main\java\com\example\api\controller\iam\ClientController.java,105
com.diboot:diboot-iam-spring-boot-starter,3.7.0,false,ClassOrInterfaceType,com.diboot.iam.entity.IamPosition,IamPosition,C:\Users\tyin363\Documents\repos\dibo-software__diboot\rest-api-example\src\main\java\com\example\api\controller\iam\PositionController.java,93
com.diboot:diboot-core,3.7.0,true,MethodCallExpr,com.diboot.core.vo.JsonResult,OK,C:\Users\tyin363\Documents\repos\dibo-software__diboot\rest-api-example\src\main\java\com\example\api\controller\system\ScheduleJobController.java,162
com.diboot:diboot-core,3.7.0,true,ClassOrInterfaceType,com.diboot.core.vo.Pagination,Pagination,C:\Users\tyin363\Documents\repos\dibo-software__diboot\rest-api-example\src\main\java\com\example\api\controller\system\ScheduleJobController.java,156
com.baomidou:mybatis-plus-core,3.5.12,true,MethodCallExpr,com.baomidou.mybatisplus.core.toolkit.Wrappers,lambdaQuery,C:\Users\tyin363\Documents\repos\dibo-software__diboot\rest-api-example\src\main\java\com\example\api\controller\iam\RoleController.java,174
com.baomidou:mybatis-plus-core,3.5.12,true,MethodCallExpr,com.baomidou.mybatisplus.core.conditions.query.Query,select,C:\Users\tyin363\Documents\repos\dibo-software__diboot\rest-api-example\src\main\java\com\example\api\controller\iam\ResourceController.java,172
com.diboot:diboot-iam-spring-boot-starter,3.7.0,false,MethodCallExpr,com.diboot.iam.auth.AuthService,applyToken,C:\Users\tyin363\Documents\repos\dibo-software__diboot\rest-api-example\src\main\java\com\example\api\controller\iam\AuthTokenController.java,110
com.diboot:diboot-iam-spring-boot-starter,3.7.0,false,ClassOrInterfaceType,com.diboot.iam.dto.IamUserFormDTO,IamUserFormDTO,C:\Users\tyin363\Documents\repos\dibo-software__diboot\rest-api-example\src\main\java\com\example\api\controller\iam\UserController.java,125
com.diboot:diboot-core,3.7.0,true,ClassOrInterfaceType,com.diboot.core.vo.JsonResult,JsonResult,C:\Users\tyin363\Documents\repos\dibo-software__diboot\rest-api-example\src\main\java\com\example\api\controller\iam\UserExcelController.java,80
com.diboot:diboot-ai-spring-boot-starter,3.7.0,false,ClassOrInterfaceType,com.diboot.ai.entity.AiSessionRecord,AiSessionRecord,C:\Users\tyin363\Documents\repos\dibo-software__diboot\rest-api-example\src\main\java\com\example\api\controller\system\AiSessionRecordController.java,189
JDK:java.base,N/A,false,ClassOrInterfaceType,java.lang.String,String,C:\Users\tyin363\Documents\repos\dibo-software__diboot\rest-api-example\src\main\java\com\example\api\controller\CommonController.java,75
com.diboot:diboot-iam-spring-boot-starter,3.7.0,false,FieldAccessExpr,com.diboot.iam.annotation.OperationCons,LABEL_DETAIL,C:\Users\tyin363\Documents\repos\dibo-software__diboot\rest-api-example\src\main\java\com\example\api\controller\iam\GroupController.java,56
JDK:java.base,N/A,false,MethodCallExpr,java.lang.Class,getSimpleName,C:\Users\tyin363\Documents\repos\dibo-software__diboot\rest-api-example\src\main\java\com\example\api\controller\iam\UserController.java,251
com.diboot:diboot-scheduler-spring-boot-starter,3.7.0,false,ClassOrInterfaceType,com.diboot.scheduler.entity.ScheduleJobLog,ScheduleJobLog,C:\Users\tyin363\Documents\repos\dibo-software__diboot\rest-api-example\src\main\java\com\example\api\controller\system\ScheduleJobController.java,196
com.diboot:diboot-iam-spring-boot-starter,3.7.0,false,FieldAccessExpr,com.diboot.iam.annotation.OperationCons,CODE_WRITE,C:\Users\tyin363\Documents\repos\dibo-software__diboot\rest-api-example\src\main\java\com\example\api\controller\system\SystemConfigController.java,115
org.springframework:spring-webmvc,6.2.8,true,MethodCallExpr,org.springframework.web.servlet.mvc.method.annotation.SseEmitter,send,C:\Users\tyin363\Documents\repos\dibo-software__diboot\rest-api-example\src\main\java\com\example\api\controller\system\AiSessionRecordController.java,146
com.diboot:diboot-core,3.7.0,true,MethodCallExpr,com.diboot.core.service.BaseService,getEntity,C:\Users\tyin363\Documents\repos\dibo-software__diboot\rest-api-example\src\main\java\com\example\api\controller\system\SystemConfigController.java,76
com.diboot:diboot-core,3.7.0,true,MethodCallExpr,com.diboot.core.service.BaseService,exists,C:\Users\tyin363\Documents\repos\dibo-software__diboot\rest-api-example\src\main\java\com\example\api\controller\system\SystemConfigController.java,174
com.diboot:diboot-core,3.7.0,true,MethodCallExpr,com.diboot.core.controller.BaseCrudRestController,getViewObjectList,C:\Users\tyin363\Documents\repos\dibo-software__diboot\rest-api-example\src\main\java\com\example\api\controller\system\AiSessionController.java,49
JDK:java.base,N/A,false,ClassOrInterfaceType,java.lang.Exception,Exception,C:\Users\tyin363\Documents\repos\dibo-software__diboot\rest-api-example\src\main\java\com\example\api\controller\system\DictionaryController.java,119
com.diboot:diboot-file-spring-boot-starter,3.7.0,false,MethodCallExpr,com.diboot.file.controller.BaseExcelFileController,excelPreview,C:\Users\tyin363\Documents\repos\dibo-software__diboot\rest-api-example\src\main\java\com\example\api\controller\iam\UserExcelController.java,70
com.diboot:diboot-iam-spring-boot-starter,3.7.0,false,MethodCallExpr,com.diboot.iam.entity.IamUser,setOrgId,C:\Users\tyin363\Documents\repos\dibo-software__diboot\rest-api-example\src\main\java\com\example\api\job\CasUserSyncJob.java,48
com.diboot:diboot-iam-spring-boot-starter,3.7.0,false,FieldAccessExpr,com.diboot.iam.annotation.OperationCons,LABEL_DETAIL,C:\Users\tyin363\Documents\repos\dibo-software__diboot\rest-api-example\src\main\java\com\example\api\controller\iam\OrgController.java,72
com.diboot:diboot-core,3.7.0,true,ClassOrInterfaceType,com.diboot.core.vo.JsonResult,JsonResult,C:\Users\tyin363\Documents\repos\dibo-software__diboot\rest-api-example\src\main\java\com\example\api\controller\iam\TenantController.java,168
com.diboot:diboot-core,3.7.0,true,MethodCallExpr,com.diboot.core.util.S,defaultValueOf,C:\Users\tyin363\Documents\repos\dibo-software__diboot\rest-api-example\src\main\java\com\example\api\controller\system\FileRecordController.java,76
com.baomidou:mybatis-plus-core,3.5.12,true,ClassOrInterfaceType,com.baomidou.mybatisplus.core.conditions.query.QueryWrapper,QueryWrapper,C:\Users\tyin363\Documents\repos\dibo-software__diboot\rest-api-example\src\main\java\com\example\api\controller\iam\UserController.java,171
JDK:java.base,N/A,false,MethodCallExpr,java.util.stream.Stream,map,C:\Users\tyin363\Documents\repos\dibo-software__diboot\rest-api-example\src\main\java\com\example\api\controller\iam\AuthTokenController.java,179
com.diboot:diboot-tenant-spring-boot-starter,3.7.0,false,ClassOrInterfaceType,com.diboot.tenant.entity.IamTenant,IamTenant,C:\Users\tyin363\Documents\repos\dibo-software__diboot\rest-api-example\src\main\java\com\example\api\controller\iam\TenantController.java,114
com.diboot:diboot-iam-spring-boot-starter,3.7.0,false,FieldAccessExpr,com.diboot.iam.annotation.OperationCons,LABEL_DETAIL,C:\Users\tyin363\Documents\repos\dibo-software__diboot\rest-api-example\src\main\java\com\example\api\controller\iam\GroupController.java,57
com.diboot:diboot-core,3.7.0,true,MethodCallExpr,com.diboot.core.service.BaseService,getViewObjectList,C:\Users\tyin363\Documents\repos\dibo-software__diboot\rest-api-example\src\main\java\com\example\api\controller\iam\OrgController.java,60
com.diboot:diboot-iam-spring-boot-starter,3.7.0,false,MethodReferenceExpr,com.diboot.iam.entity.IamResource,getId,C:\Users\tyin363\Documents\repos\dibo-software__diboot\rest-api-example\src\main\java\com\example\api\controller\iam\ResourceController.java,173
JDK:java.base,N/A,false,ClassOrInterfaceType,java.lang.String,String,C:\Users\tyin363\Documents\repos\dibo-software__diboot\rest-api-example\src\main\java\com\example\api\controller\system\ScheduleJobController.java,66
com.diboot:diboot-iam-spring-boot-starter,3.7.0,false,MethodCallExpr,com.diboot.iam.entity.IamAccount,setUserId,C:\Users\tyin363\Documents\repos\dibo-software__diboot\rest-api-example\src\main\java\com\example\api\controller\iam\UserController.java,252
com.diboot:diboot-core,3.7.0,true,MethodCallExpr,com.diboot.core.util.ContextHolder,getBeans,C:\Users\tyin363\Documents\repos\dibo-software__diboot\rest-api-example\src\main\java\com\example\api\controller\iam\SSOClientController.java,60
com.diboot:diboot-iam-spring-boot-starter,3.7.0,false,ClassOrInterfaceType,com.diboot.iam.vo.IamOrgVO,IamOrgVO,C:\Users\tyin363\Documents\repos\dibo-software__diboot\rest-api-example\src\main\java\com\example\api\controller\iam\OrgController.java,75
com.diboot:diboot-core,3.7.0,true,ClassOrInterfaceType,com.diboot.core.controller.BaseCrudRestController,BaseCrudRestController,C:\Users\tyin363\Documents\repos\dibo-software__diboot\rest-api-example\src\main\java\com\example\api\controller\system\DictionaryController.java,36
com.diboot:diboot-iam-spring-boot-starter,3.7.0,false,FieldAccessExpr,com.diboot.iam.annotation.OperationCons,LABEL_DETAIL,C:\Users\tyin363\Documents\repos\dibo-software__diboot\rest-api-example\src\main\java\com\example\api\controller\iam\OrgController.java,71
com.diboot:diboot-core,3.7.0,true,MethodCallExpr,com.diboot.core.vo.JsonResult,OK,C:\Users\tyin363\Documents\repos\dibo-software__diboot\rest-api-example\src\main\java\com\example\api\controller\system\I18nConfigController.java,59
com.diboot:diboot-notification-spring-boot-starter,3.7.0,false,ClassOrInterfaceType,com.diboot.notification.entity.Message,Message,C:\Users\tyin363\Documents\repos\dibo-software__diboot\rest-api-example\src\main\java\com\example\api\controller\system\MessageController.java,104
com.diboot:diboot-core,3.7.0,true,MethodCallExpr,com.diboot.core.vo.JsonResult,bindPagination,C:\Users\tyin363\Documents\repos\dibo-software__diboot\rest-api-example\src\main\java\com\example\api\controller\iam\UserController.java,83
com.diboot:diboot-core,3.7.0,true,MethodCallExpr,com.diboot.core.vo.JsonResult,OK,C:\Users\tyin363\Documents\repos\dibo-software__diboot\rest-api-example\src\main\java\com\example\api\controller\iam\UserController.java,83
com.diboot:diboot-core,3.7.0,true,ClassOrInterfaceType,com.diboot.core.vo.JsonResult,JsonResult,C:\Users\tyin363\Documents\repos\dibo-software__diboot\rest-api-example\src\main\java\com\example\api\controller\system\MessageController.java,105
com.diboot:diboot-iam-spring-boot-starter,3.7.0,false,FieldAccessExpr,com.diboot.iam.annotation.OperationCons,LABEL_LIST,C:\Users\tyin363\Documents\repos\dibo-software__diboot\rest-api-example\src\main\java\com\example\api\controller\system\ScheduleJobController.java,52
com.diboot:diboot-ai-spring-boot-starter,3.7.0,false,ClassOrInterfaceType,com.diboot.ai.entity.AiSessionRecord,AiSessionRecord,C:\Users\tyin363\Documents\repos\dibo-software__diboot\rest-api-example\src\main\java\com\example\api\controller\system\AiSessionRecordController.java,187
JDK:java.base,N/A,false,ClassOrInterfaceType,java.lang.String,String,C:\Users\tyin363\Documents\repos\dibo-software__diboot\rest-api-example\src\main\java\com\example\api\controller\iam\UserController.java,246
com.diboot:diboot-iam-spring-boot-starter,3.7.0,false,MethodCallExpr,com.diboot.iam.entity.IamUser,getAvatarUrl,C:\Users\tyin363\Documents\repos\dibo-software__diboot\rest-api-example\src\main\java\com\example\api\controller\iam\UserController.java,207
JDK:java.base,N/A,false,ClassOrInterfaceType,java.lang.String,String,C:\Users\tyin363\Documents\repos\dibo-software__diboot\rest-api-example\src\main\java\com\example\api\excel\listener\UserImportExcelListener.java,59
JDK:java.base,N/A,false,ClassOrInterfaceType,java.lang.Exception,Exception,C:\Users\tyin363\Documents\repos\dibo-software__diboot\rest-api-example\src\main\java\com\example\api\controller\system\I18nConfigController.java,73
com.diboot:diboot-iam-spring-boot-starter,3.7.0,false,FieldAccessExpr,com.diboot.iam.annotation.OperationCons,LABEL_CREATE,C:\Users\tyin363\Documents\repos\dibo-software__diboot\rest-api-example\src\main\java\com\example\api\controller\iam\ClientController.java,73
com.diboot:diboot-iam-spring-boot-starter,3.7.0,false,FieldAccessExpr,com.diboot.iam.annotation.OperationCons,CODE_WRITE,C:\Users\tyin363\Documents\repos\dibo-software__diboot\rest-api-example\src\main\java\com\example\api\controller\iam\ClientController.java,102
com.diboot:diboot-iam-spring-boot-starter,3.7.0,false,FieldAccessExpr,com.diboot.iam.annotation.OperationCons,LABEL_UPDATE,C:\Users\tyin363\Documents\repos\dibo-software__diboot\rest-api-example\src\main\java\com\example\api\controller\iam\RoleController.java,122
JDK:java.base,N/A,false,MethodCallExpr,java.util.Map,size,C:\Users\tyin363\Documents\repos\dibo-software__diboot\rest-api-example\src\main\java\com\example\api\controller\CommonController.java,60
com.diboot:diboot-ai-spring-boot-starter,3.7.0,false,ClassOrInterfaceType,com.diboot.ai.entity.AiSessionRecord,AiSessionRecord,C:\Users\tyin363\Documents\repos\dibo-software__diboot\rest-api-example\src\main\java\com\example\api\controller\system\AiSessionRecordController.java,186
com.diboot:diboot-file-spring-boot-starter,3.7.0,false,MethodCallExpr,com.diboot.file.service.FileStorageService,download,C:\Users\tyin363\Documents\repos\dibo-software__diboot\rest-api-example\src\main\java\com\example\api\controller\system\FileController.java,141
com.diboot:diboot-core,3.7.0,true,ClassOrInterfaceType,com.diboot.core.vo.JsonResult,JsonResult,C:\Users\tyin363\Documents\repos\dibo-software__diboot\rest-api-example\src\main\java\com\example\api\controller\iam\ClientController.java,76
JDK:java.base,N/A,false,ClassOrInterfaceType,java.lang.Exception,Exception,C:\Users\tyin363\Documents\repos\dibo-software__diboot\rest-api-example\src\main\java\com\example\api\controller\iam\RoleController.java,156
com.diboot:diboot-core,3.7.0,true,ClassOrInterfaceType,com.diboot.core.vo.JsonResult,JsonResult,C:\Users\tyin363\Documents\repos\dibo-software__diboot\rest-api-example\src\main\java\com\example\api\controller\iam\TenantController.java,166
com.diboot:diboot-core,3.7.0,true,MethodCallExpr,com.diboot.core.vo.JsonResult,OK,C:\Users\tyin363\Documents\repos\dibo-software__diboot\rest-api-example\src\main\java\com\example\api\controller\iam\UserController.java,212
com.diboot:diboot-notification-spring-boot-starter,3.7.0,false,ClassOrInterfaceType,com.diboot.notification.entity.Message,Message,C:\Users\tyin363\Documents\repos\dibo-software__diboot\rest-api-example\src\main\java\com\example\api\controller\system\MessageController.java,103
JDK:java.base,N/A,false,ClassOrInterfaceType,java.util.HashMap,HashMap,C:\Users\tyin363\Documents\repos\dibo-software__diboot\rest-api-example\src\main\java\com\example\api\controller\iam\AuthTokenController.java,157
com.diboot:diboot-iam-spring-boot-starter,3.7.0,false,ClassOrInterfaceType,com.diboot.iam.entity.IamGroup,IamGroup,C:\Users\tyin363\Documents\repos\dibo-software__diboot\rest-api-example\src\main\java\com\example\api\controller\iam\GroupController.java,44
com.diboot:diboot-core,3.7.0,true,MethodCallExpr,com.diboot.core.util.V,notEmpty,C:\Users\tyin363\Documents\repos\dibo-software__diboot\rest-api-example\src\main\java\com\example\api\controller\iam\RoleController.java,176
JDK:java.base,N/A,false,ClassOrInterfaceType,java.util.List,List,C:\Users\tyin363\Documents\repos\dibo-software__diboot\rest-api-example\src\main\java\com\example\api\excel\listener\UserImportExcelListener.java,90
JDK:java.base,N/A,false,ClassOrInterfaceType,java.lang.String,String,C:\Users\tyin363\Documents\repos\dibo-software__diboot\rest-api-example\src\main\java\com\example\api\controller\CommonController.java,74
com.diboot:diboot-iam-spring-boot-starter,3.7.0,false,FieldAccessExpr,com.diboot.iam.annotation.OperationCons,LABEL_UPDATE,C:\Users\tyin363\Documents\repos\dibo-software__diboot\rest-api-example\src\main\java\com\example\api\controller\system\FileRecordController.java,73
com.diboot:diboot-iam-spring-boot-starter,3.7.0,false,ClassOrInterfaceType,com.diboot.iam.dto.IamResourceDTO,IamResourceDTO,C:\Users\tyin363\Documents\repos\dibo-software__diboot\rest-api-example\src\main\java\com\example\api\controller\iam\ResourceController.java,121
com.diboot:diboot-iam-spring-boot-starter,3.7.0,false,FieldAccessExpr,com.diboot.iam.annotation.OperationCons,LABEL_LIST,C:\Users\tyin363\Documents\repos\dibo-software__diboot\rest-api-example\src\main\java\com\example\api\controller\system\ScheduleJobController.java,51
JDK:java.base,N/A,false,MethodCallExpr,java.util.Collection,stream,C:\Users\tyin363\Documents\repos\dibo-software__diboot\rest-api-example\src\main\java\com\example\api\excel\listener\UserImportExcelListener.java,64
com.diboot:diboot-ai-spring-boot-starter,3.7.0,false,ClassOrInterfaceType,com.diboot.ai.entity.AiSessionRecord,AiSessionRecord,C:\Users\tyin363\Documents\repos\dibo-software__diboot\rest-api-example\src\main\java\com\example\api\controller\system\AiSessionRecordController.java,188
JDK:java.base,N/A,false,ClassOrInterfaceType,java.lang.String,String,C:\Users\tyin363\Documents\repos\dibo-software__diboot\rest-api-example\src\main\java\com\example\api\excel\listener\UserImportExcelListener.java,58
com.diboot:diboot-core,3.7.0,true,ClassOrInterfaceType,com.diboot.core.vo.JsonResult,JsonResult,C:\Users\tyin363\Documents\repos\dibo-software__diboot\rest-api-example\src\main\java\com\example\api\controller\system\SystemConfigController.java,89
JDK:java.base,N/A,false,MethodCallExpr,java.util.Comparator,naturalOrder,C:\Users\tyin363\Documents\repos\dibo-software__diboot\rest-api-example\src\main\java\com\example\api\controller\iam\ResourceController.java,81
JDK:java.base,N/A,false,ClassOrInterfaceType,java.util.List,List,C:\Users\tyin363\Documents\repos\dibo-software__diboot\rest-api-example\src\main\java\com\example\api\controller\system\I18nConfigController.java,125
com.diboot:diboot-scheduler-spring-boot-starter,3.7.0,false,ClassOrInterfaceType,com.diboot.scheduler.service.ScheduleJobLogService,ScheduleJobLogService,C:\Users\tyin363\Documents\repos\dibo-software__diboot\rest-api-example\src\main\java\com\example\api\controller\system\ScheduleJobController.java,43
com.diboot:diboot-iam-spring-boot-starter,3.7.0,false,FieldAccessExpr,com.diboot.iam.annotation.OperationCons,LABEL_CREATE,C:\Users\tyin363\Documents\repos\dibo-software__diboot\rest-api-example\src\main\java\com\example\api\controller\iam\ClientController.java,74
JDK:java.base,N/A,false,ClassOrInterfaceType,java.lang.String,String,C:\Users\tyin363\Documents\repos\dibo-software__diboot\rest-api-example\src\main\java\com\example\api\controller\system\AiSessionRecordController.java,185
com.diboot:diboot-core,3.7.0,true,MethodCallExpr,com.diboot.core.vo.JsonResult,OK,C:\Users\tyin363\Documents\repos\dibo-software__diboot\rest-api-example\src\main\java\com\example\api\controller\iam\SSOClientController.java,41
com.diboot:diboot-iam-spring-boot-starter,3.7.0,false,MethodReferenceExpr,com.diboot.iam.entity.IamUserPosition,getPositionId,C:\Users\tyin363\Documents\repos\dibo-software__diboot\rest-api-example\src\main\java\com\example\api\controller\iam\PositionController.java,122
JDK:java.base,N/A,false,ClassOrInterfaceType,java.lang.String,String,C:\Users\tyin363\Documents\repos\dibo-software__diboot\rest-api-example\src\main\java\com\example\api\controller\iam\SSOClientController.java,66
JDK:java.base,N/A,false,MethodCallExpr,java.lang.Enum,name,C:\Users\tyin363\Documents\repos\dibo-software__diboot\rest-api-example\src\main\java\com\example\api\controller\system\DictionaryController.java,55
JDK:java.base,N/A,false,ClassOrInterfaceType,java.util.List,List,C:\Users\tyin363\Documents\repos\dibo-software__diboot\rest-api-example\src\main\java\com\example\api\controller\iam\RoleController.java,95
JDK:java.base,N/A,false,ClassOrInterfaceType,java.lang.String,String,C:\Users\tyin363\Documents\repos\dibo-software__diboot\rest-api-example\src\main\java\com\example\api\controller\iam\OrgController.java,74
com.diboot:diboot-core,3.7.0,true,ObjectCreationExpr,com.diboot.core.exception.BusinessException,BusinessException,C:\Users\tyin363\Documents\repos\dibo-software__diboot\rest-api-example\src\main\java\com\example\api\controller\iam\RoleController.java,198
com.diboot:diboot-core,3.7.0,true,ClassOrInterfaceType,com.diboot.core.vo.LabelValue,LabelValue,C:\Users\tyin363\Documents\repos\dibo-software__diboot\rest-api-example\src\main\java\com\example\api\controller\CommonController.java,73
com.diboot:diboot-core,3.7.0,true,MethodCallExpr,com.diboot.core.service.BaseService,exists,C:\Users\tyin363\Documents\repos\dibo-software__diboot\rest-api-example\src\main\java\com\example\api\controller\iam\PositionController.java,122
JDK:java.base,N/A,false,MethodCallExpr,java.util.Collections,emptyList,C:\Users\tyin363\Documents\repos\dibo-software__diboot\rest-api-example\src\main\java\com\example\api\controller\iam\UserExcelController.java,133
com.diboot:diboot-ai-spring-boot-starter,3.7.0,false,ClassOrInterfaceType,com.diboot.ai.entity.AiSession,AiSession,C:\Users\tyin363\Documents\repos\dibo-software__diboot\rest-api-example\src\main\java\com\example\api\controller\system\AiSessionController.java,48
com.diboot:diboot-iam-spring-boot-starter,3.7.0,false,MethodCallExpr,com.diboot.iam.dto.IamRoleFormDTO,getPermissionIdList,C:\Users\tyin363\Documents\repos\dibo-software__diboot\rest-api-example\src\main\java\com\example\api\controller\iam\RoleController.java,205
com.diboot:diboot-core,3.7.0,true,MethodCallExpr,com.diboot.core.util.V,isEmpty,C:\Users\tyin363\Documents\repos\dibo-software__diboot\rest-api-example\src\main\java\com\example\api\controller\iam\UserExcelController.java,108
com.diboot:diboot-iam-spring-boot-starter,3.7.0,false,ClassOrInterfaceType,com.diboot.iam.service.IamOrgService,IamOrgService,C:\Users\tyin363\Documents\repos\dibo-software__diboot\rest-api-example\src\main\java\com\example\api\controller\iam\TenantController.java,55
com.diboot:diboot-notification-spring-boot-starter,3.7.0,false,ClassOrInterfaceType,com.diboot.notification.dto.MessageTemplateDTO,MessageTemplateDTO,C:\Users\tyin363\Documents\repos\dibo-software__diboot\rest-api-example\src\main\java\com\example\api\controller\system\MessageTemplateController.java,53
JDK:java.base,N/A,false,ClassOrInterfaceType,java.lang.String,String,C:\Users\tyin363\Documents\repos\dibo-software__diboot\rest-api-example\src\main\java\com\example\api\controller\iam\PositionController.java,107
com.diboot:diboot-core,3.7.0,true,ClassOrInterfaceType,com.diboot.core.vo.JsonResult,JsonResult,C:\Users\tyin363\Documents\repos\dibo-software__diboot\rest-api-example\src\main\java\com\example\api\controller\iam\RoleController.java,111
com.diboot:diboot-core,3.7.0,true,MethodCallExpr,com.diboot.core.util.V,isEmpty,C:\Users\tyin363\Documents\repos\dibo-software__diboot\rest-api-example\src\main\java\com\example\api\controller\iam\OrgController.java,138
com.diboot:diboot-core,3.7.0,true,ClassOrInterfaceType,com.diboot.core.controller.BaseCrudRestController,BaseCrudRestController,C:\Users\tyin363\Documents\repos\dibo-software__diboot\rest-api-example\src\main\java\com\example\api\controller\system\MessageController.java,38
JDK:java.base,N/A,false,ClassOrInterfaceType,java.lang.String,String,C:\Users\tyin363\Documents\repos\dibo-software__diboot\rest-api-example\src\main\java\com\example\api\controller\system\DictionaryController.java,166
com.diboot:diboot-ai-spring-boot-starter,3.7.0,false,ClassOrInterfaceType,com.diboot.ai.service.AiSessionService,AiSessionService,C:\Users\tyin363\Documents\repos\dibo-software__diboot\rest-api-example\src\main\java\com\example\api\controller\system\AiSessionController.java,34
JDK:java.base,N/A,false,ClassOrInterfaceType,java.util.List,List,C:\Users\tyin363\Documents\repos\dibo-software__diboot\rest-api-example\src\main\java\com\example\api\excel\listener\UserImportExcelListener.java,74
com.diboot:diboot-iam-spring-boot-starter,3.7.0,false,FieldAccessExpr,com.diboot.iam.annotation.OperationCons,CODE_READ,C:\Users\tyin363\Documents\repos\dibo-software__diboot\rest-api-example\src\main\java\com\example\api\controller\system\DictionaryController.java,69
JDK:java.base,N/A,false,ClassOrInterfaceType,java.util.List,List,C:\Users\tyin363\Documents\repos\dibo-software__diboot\rest-api-example\src\main\java\com\example\api\controller\iam\AuthTokenController.java,208
JDK:java.base,N/A,false,MethodCallExpr,java.util.Map,put,C:\Users\tyin363\Documents\repos\dibo-software__diboot\rest-api-example\src\main\java\com\example\api\controller\iam\AuthTokenController.java,166
JDK:java.base,N/A,false,MethodCallExpr,java.lang.Class,getSimpleName,C:\Users\tyin363\Documents\repos\dibo-software__diboot\rest-api-example\src\main\java\com\example\api\controller\system\ScheduleJobController.java,199
JDK:java.base,N/A,false,ClassOrInterfaceType,java.util.List,List,C:\Users\tyin363\Documents\repos\dibo-software__diboot\rest-api-example\src\main\java\com\example\api\controller\iam\ClientController.java,48
JDK:java.base,N/A,false,ClassOrInterfaceType,java.util.Locale,Locale,C:\Users\tyin363\Documents\repos\dibo-software__diboot\rest-api-example\src\main\java\com\example\api\controller\system\I18nConfigController.java,55
JDK:java.base,N/A,false,ClassOrInterfaceType,java.util.List,List,C:\Users\tyin363\Documents\repos\dibo-software__diboot\rest-api-example\src\main\java\com\example\api\controller\system\AiSessionRecordController.java,73
com.diboot:diboot-ai-spring-boot-starter,3.7.0,false,ClassOrInterfaceType,com.diboot.ai.config.AiConfiguration,AiConfiguration,C:\Users\tyin363\Documents\repos\dibo-software__diboot\rest-api-example\src\main\java\com\example\api\controller\system\AiSessionRecordController.java,111
com.diboot:diboot-core,3.7.0,true,ClassOrInterfaceType,com.diboot.core.vo.JsonResult,JsonResult,C:\Users\tyin363\Documents\repos\dibo-software__diboot\rest-api-example\src\main\java\com\example\api\controller\system\FileRecordController.java,75
com.baomidou:mybatis-plus-core,3.5.12,true,ClassOrInterfaceType,com.baomidou.mybatisplus.core.conditions.update.LambdaUpdateWrapper,LambdaUpdateWrapper,C:\Users\tyin363\Documents\repos\dibo-software__diboot\rest-api-example\src\main\java\com\example\api\controller\system\MessageController.java,103
JDK:java.base,N/A,false,MethodCallExpr,java.util.Map,computeIfAbsent,C:\Users\tyin363\Documents\repos\dibo-software__diboot\rest-api-example\src\main\java\com\example\api\controller\CommonController.java,48
com.diboot:diboot-core,3.7.0,true,ClassOrInterfaceType,com.diboot.core.vo.JsonResult,JsonResult,C:\Users\tyin363\Documents\repos\dibo-software__diboot\rest-api-example\src\main\java\com\example\api\controller\iam\UserController.java,170
com.diboot:diboot-core,3.7.0,true,MethodCallExpr,com.diboot.core.util.V,isEmpty,C:\Users\tyin363\Documents\repos\dibo-software__diboot\rest-api-example\src\main\java\com\example\api\controller\iam\UserController.java,78
com.diboot:diboot-core,3.7.0,true,MethodCallExpr,com.diboot.core.vo.JsonResult,OK,C:\Users\tyin363\Documents\repos\dibo-software__diboot\rest-api-example\src\main\java\com\example\api\controller\system\DictionaryController.java,107
JDK:java.base,N/A,false,ClassOrInterfaceType,java.lang.Exception,Exception,C:\Users\tyin363\Documents\repos\dibo-software__diboot\rest-api-example\src\main\java\com\example\api\controller\system\SystemConfigController.java,131
com.diboot:diboot-iam-spring-boot-starter,3.7.0,false,MethodReferenceExpr,com.diboot.iam.entity.IamAccount,getAuthAccount,C:\Users\tyin363\Documents\repos\dibo-software__diboot\rest-api-example\src\main\java\com\example\api\excel\listener\UserImportExcelListener.java,74
JDK:java.base,N/A,false,ClassOrInterfaceType,java.lang.Exception,Exception,C:\Users\tyin363\Documents\repos\dibo-software__diboot\rest-api-example\src\main\java\com\example\api\controller\iam\UserController.java,224
com.diboot:diboot-notification-spring-boot-starter,3.7.0,false,ClassOrInterfaceType,com.diboot.notification.vo.MessageListVO,MessageListVO,C:\Users\tyin363\Documents\repos\dibo-software__diboot\rest-api-example\src\main\java\com\example\api\controller\system\MessageController.java,91
JDK:java.base,N/A,false,MethodCallExpr,java.lang.String,equals,C:\Users\tyin363\Documents\repos\dibo-software__diboot\rest-api-example\src\main\java\com\example\api\controller\iam\AuthTokenController.java,172
com.diboot:diboot-iam-spring-boot-starter,3.7.0,false,FieldAccessExpr,com.diboot.iam.annotation.OperationCons,CODE_WRITE,C:\Users\tyin363\Documents\repos\dibo-software__diboot\rest-api-example\src\main\java\com\example\api\controller\iam\RoleController.java,137
com.diboot:diboot-iam-spring-boot-starter,3.7.0,false,ClassOrInterfaceType,com.diboot.iam.dto.IamUserSearchDTO,IamUserSearchDTO,C:\Users\tyin363\Documents\repos\dibo-software__diboot\rest-api-example\src\main\java\com\example\api\controller\iam\UserExcelController.java,104
JDK:java.base,N/A,false,ClassOrInterfaceType,java.lang.Exception,Exception,C:\Users\tyin363\Documents\repos\dibo-software__diboot\rest-api-example\src\main\java\com\example\api\controller\iam\ClientController.java,104
com.diboot:diboot-iam-spring-boot-starter,3.7.0,false,FieldAccessExpr,com.diboot.iam.annotation.OperationCons,LABEL_DELETE,C:\Users\tyin363\Documents\repos\dibo-software__diboot\rest-api-example\src\main\java\com\example\api\controller\iam\OrgController.java,114
com.diboot:diboot-core,3.7.0,true,ClassOrInterfaceType,com.diboot.core.vo.LabelValue,LabelValue,C:\Users\tyin363\Documents\repos\dibo-software__diboot\rest-api-example\src\main\java\com\example\api\controller\system\DictionaryController.java,139
com.diboot:diboot-core,3.7.0,true,ClassOrInterfaceType,com.diboot.core.entity.ValidList,ValidList,C:\Users\tyin363\Documents\repos\dibo-software__diboot\rest-api-example\src\main\java\com\example\api\controller\system\I18nConfigController.java,100
JDK:java.base,N/A,false,ClassOrInterfaceType,java.lang.String,String,C:\Users\tyin363\Documents\repos\dibo-software__diboot\rest-api-example\src\main\java\com\example\api\controller\iam\AuthTokenController.java,73
com.diboot:diboot-iam-spring-boot-starter,3.7.0,false,ObjectCreationExpr,com.diboot.iam.entity.IamAccount,IamAccount,C:\Users\tyin363\Documents\repos\dibo-software__diboot\rest-api-example\src\main\java\com\example\api\job\CasUserSyncJob.java,55
com.diboot:diboot-core,3.7.0,true,MethodCallExpr,com.diboot.core.vo.JsonResult,FAIL_VALIDATION,C:\Users\tyin363\Documents\repos\dibo-software__diboot\rest-api-example\src\main\java\com\example\api\controller\iam\GroupController.java,122
com.diboot:diboot-iam-spring-boot-starter,3.7.0,false,MethodCallExpr,com.diboot.iam.auth.AuthServiceFactory,getAuthService,C:\Users\tyin363\Documents\repos\dibo-software__diboot\rest-api-example\src\main\java\com\example\api\controller\iam\AuthTokenController.java,110
JDK:java.base,N/A,false,ClassOrInterfaceType,java.lang.String,String,C:\Users\tyin363\Documents\repos\dibo-software__diboot\rest-api-example\src\main\java\com\example\api\controller\system\SystemConfigController.java,161
com.diboot:diboot-iam-spring-boot-starter,3.7.0,false,ClassOrInterfaceType,com.diboot.iam.entity.IamRole,IamRole,C:\Users\tyin363\Documents\repos\dibo-software__diboot\rest-api-example\src\main\java\com\example\api\excel\model\UserImportModel.java,57
JDK:java.base,N/A,false,ClassOrInterfaceType,java.lang.String,String,C:\Users\tyin363\Documents\repos\dibo-software__diboot\rest-api-example\src\main\java\com\example\api\controller\system\MessageTemplateController.java,109
com.diboot:diboot-iam-spring-boot-starter,3.7.0,false,MethodCallExpr,com.diboot.iam.vo.IamRoleVO,getPermissionList,C:\Users\tyin363\Documents\repos\dibo-software__diboot\rest-api-example\src\main\java\com\example\api\controller\iam\RoleController.java,94
JDK:java.base,N/A,false,MethodCallExpr,java.lang.Class,getSimpleName,C:\Users\tyin363\Documents\repos\dibo-software__diboot\rest-api-example\src\main\java\com\example\api\controller\system\ScheduleJobController.java,196
JDK:java.base,N/A,false,ClassOrInterfaceType,java.lang.String,String,C:\Users\tyin363\Documents\repos\dibo-software__diboot\rest-api-example\src\main\java\com\example\api\controller\system\AiSessionController.java,113
JDK:java.base,N/A,false,ClassOrInterfaceType,java.lang.String,String,C:\Users\tyin363\Documents\repos\dibo-software__diboot\rest-api-example\src\main\java\com\example\api\controller\iam\TenantController.java,114
com.diboot:diboot-iam-spring-boot-starter,3.7.0,false,MethodReferenceExpr,com.diboot.iam.entity.IamAccount,getAuthAccount,C:\Users\tyin363\Documents\repos\dibo-software__diboot\rest-api-example\src\main\java\com\example\api\excel\listener\UserImportExcelListener.java,73
com.diboot:diboot-iam-spring-boot-starter,3.7.0,false,FieldAccessExpr,com.diboot.iam.annotation.OperationCons,CODE_READ,C:\Users\tyin363\Documents\repos\dibo-software__diboot\rest-api-example\src\main\java\com\example\api\controller\iam\ClientController.java,60
com.diboot:diboot-iam-spring-boot-starter,3.7.0,false,ClassOrInterfaceType,com.diboot.iam.entity.IamGroup,IamGroup,C:\Users\tyin363\Documents\repos\dibo-software__diboot\rest-api-example\src\main\java\com\example\api\controller\iam\GroupController.java,30
JDK:java.base,N/A,false,ClassOrInterfaceType,java.lang.Exception,Exception,C:\Users\tyin363\Documents\repos\dibo-software__diboot\rest-api-example\src\main\java\com\example\api\controller\iam\TenantController.java,69
com.diboot:diboot-iam-spring-boot-starter,3.7.0,false,MethodReferenceExpr,com.diboot.iam.entity.IamRoleResource,getRoleId,C:\Users\tyin363\Documents\repos\dibo-software__diboot\rest-api-example\src\main\java\com\example\api\controller\iam\AuthTokenController.java,180
com.diboot:diboot-iam-spring-boot-starter,3.7.0,false,FieldAccessExpr,com.diboot.iam.annotation.OperationCons,LABEL_DELETE,C:\Users\tyin363\Documents\repos\dibo-software__diboot\rest-api-example\src\main\java\com\example\api\controller\iam\OrgController.java,113
JDK:java.base,N/A,false,MethodCallExpr,java.lang.String,valueOf,C:\Users\tyin363\Documents\repos\dibo-software__diboot\rest-api-example\src\main\java\com\example\api\controller\iam\SSOClientController.java,56
JDK:java.base,N/A,false,MethodCallExpr,java.lang.String,equals,C:\Users\tyin363\Documents\repos\dibo-software__diboot\rest-api-example\src\main\java\com\example\api\controller\iam\RoleController.java,190
com.baomidou:mybatis-plus-core,3.5.12,true,MethodCallExpr,com.baomidou.mybatisplus.core.conditions.interfaces.Compare,eq,C:\Users\tyin363\Documents\repos\dibo-software__diboot\rest-api-example\src\main\java\com\example\api\controller\system\I18nConfigController.java,129
JDK:java.base,N/A,false,ClassOrInterfaceType,java.lang.String,String,C:\Users\tyin363\Documents\repos\dibo-software__diboot\rest-api-example\src\main\java\com\example\api\controller\system\SystemConfigController.java,160
com.diboot:diboot-core,3.7.0,true,FieldAccessExpr,com.diboot.core.vo.Pagination,ORDER_BY_ID_DESC,C:\Users\tyin363\Documents\repos\dibo-software__diboot\rest-api-example\src\main\java\com\example\api\controller\system\ScheduleJobController.java,159
JDK:java.base,N/A,false,ClassOrInterfaceType,java.io.IOException,IOException,C:\Users\tyin363\Documents\repos\dibo-software__diboot\rest-api-example\src\main\java\com\example\api\controller\system\AiSessionRecordController.java,147
com.diboot:diboot-core,3.7.0,true,MethodCallExpr,com.diboot.core.vo.JsonResult,OK,C:\Users\tyin363\Documents\repos\dibo-software__diboot\rest-api-example\src\main\java\com\example\api\controller\iam\AuthTokenController.java,146
com.diboot:diboot-iam-spring-boot-starter,3.7.0,false,FieldAccessExpr,com.diboot.iam.annotation.OperationCons,CODE_WRITE,C:\Users\tyin363\Documents\repos\dibo-software__diboot\rest-api-example\src\main\java\com\example\api\controller\system\DictionaryController.java,117
JDK:java.base,N/A,false,MethodCallExpr,java.lang.String,equals,C:\Users\tyin363\Documents\repos\dibo-software__diboot\rest-api-example\src\main\java\com\example\api\controller\iam\RoleController.java,197
com.baomidou:mybatis-plus-core,3.5.12,true,MethodCallExpr,com.baomidou.mybatisplus.core.conditions.interfaces.Compare,eq,C:\Users\tyin363\Documents\repos\dibo-software__diboot\rest-api-example\src\main\java\com\example\api\controller\system\MessageTemplateController.java,124
com.diboot:diboot-core,3.7.0,true,ClassOrInterfaceType,com.diboot.core.vo.JsonResult,JsonResult,C:\Users\tyin363\Documents\repos\dibo-software__diboot\rest-api-example\src\main\java\com\example\api\controller\system\ScheduleJobController.java,131
com.diboot:diboot-iam-spring-boot-starter,3.7.0,false,ClassOrInterfaceType,com.diboot.iam.sso.SSOManager,SSOManager,C:\Users\tyin363\Documents\repos\dibo-software__diboot\rest-api-example\src\main\java\com\example\api\controller\iam\SSOClientController.java,60
com.diboot:diboot-core,3.7.0,true,MethodCallExpr,com.diboot.core.vo.JsonResult,OK,C:\Users\tyin363\Documents\repos\dibo-software__diboot\rest-api-example\src\main\java\com\example\api\controller\CommonController.java,50
JDK:java.base,N/A,false,ClassOrInterfaceType,java.util.ArrayList,ArrayList,C:\Users\tyin363\Documents\repos\dibo-software__diboot\rest-api-example\src\main\java\com\example\api\controller\system\FileController.java,77
JDK:java.base,N/A,false,ClassOrInterfaceType,java.lang.Exception,Exception,C:\Users\tyin363\Documents\repos\dibo-software__diboot\rest-api-example\src\main\java\com\example\api\controller\system\ScheduleJobController.java,156
com.diboot:diboot-iam-spring-boot-starter,3.7.0,false,FieldAccessExpr,com.diboot.iam.config.Cons,CACHE_CAPTCHA,C:\Users\tyin363\Documents\repos\dibo-software__diboot\rest-api-example\src\main\java\com\example\api\controller\iam\AuthTokenController.java,104
com.diboot:diboot-iam-spring-boot-starter,3.7.0,false,ClassOrInterfaceType,com.diboot.iam.entity.IamResource,IamResource,C:\Users\tyin363\Documents\repos\dibo-software__diboot\rest-api-example\src\main\java\com\example\api\controller\iam\ResourceController.java,176
com.diboot:diboot-iam-spring-boot-starter,3.7.0,false,MethodCallExpr,com.diboot.iam.entity.IamUser,setStatus,C:\Users\tyin363\Documents\repos\dibo-software__diboot\rest-api-example\src\main\java\com\example\api\job\CasUserSyncJob.java,48
com.baomidou:mybatis-plus-core,3.5.12,true,MethodCallExpr,com.baomidou.mybatisplus.core.toolkit.Wrappers,lambdaQuery,C:\Users\tyin363\Documents\repos\dibo-software__diboot\rest-api-example\src\main\java\com\example\api\controller\iam\OrgController.java,169
com.diboot:diboot-core,3.7.0,true,MethodCallExpr,com.diboot.core.util.V,notEmpty,C:\Users\tyin363\Documents\repos\dibo-software__diboot\rest-api-example\src\main\java\com\example\api\controller\iam\OrgController.java,170
com.diboot:diboot-core,3.7.0,true,MethodCallExpr,com.diboot.core.service.BaseService,getEntity,C:\Users\tyin363\Documents\repos\dibo-software__diboot\rest-api-example\src\main\java\com\example\api\controller\system\AiSessionRecordController.java,88
com.diboot:diboot-file-spring-boot-starter,3.7.0,false,ClassOrInterfaceType,com.diboot.file.entity.FileRecord,FileRecord,C:\Users\tyin363\Documents\repos\dibo-software__diboot\rest-api-example\src\main\java\com\example\api\controller\system\FileController.java,110
JDK:java.base,N/A,false,MethodCallExpr,java.util.Base64,getDecoder,C:\Users\tyin363\Documents\repos\dibo-software__diboot\rest-api-example\src\main\java\com\example\api\controller\iam\AuthTokenController.java,121
com.diboot:diboot-iam-spring-boot-starter,3.7.0,false,MethodCallExpr,com.diboot.iam.service.IamUserService,getUserViewList,C:\Users\tyin363\Documents\repos\dibo-software__diboot\rest-api-example\src\main\java\com\example\api\controller\iam\UserController.java,81
com.diboot:diboot-core,3.7.0,true,ClassOrInterfaceType,com.diboot.core.vo.JsonResult,JsonResult,C:\Users\tyin363\Documents\repos\dibo-software__diboot\rest-api-example\src\main\java\com\example\api\controller\iam\GroupController.java,101
CLIENT:client-code,N/A,false,ClassOrInterfaceType,com.example.api.excel.model.UserExportModel,UserExportModel,C:\Users\tyin363\Documents\repos\dibo-software__diboot\rest-api-example\src\main\java\com\example\api\controller\iam\UserExcelController.java,113
com.diboot:diboot-core,3.7.0,true,ClassOrInterfaceType,com.diboot.core.entity.I18nConfig,I18nConfig,C:\Users\tyin363\Documents\repos\dibo-software__diboot\rest-api-example\src\main\java\com\example\api\controller\system\I18nConfigController.java,86
com.diboot:diboot-core,3.7.0,true,ClassOrInterfaceType,com.diboot.core.service.DictionaryService,DictionaryService,C:\Users\tyin363\Documents\repos\dibo-software__diboot\rest-api-example\src\main\java\com\example\api\controller\system\DictionaryController.java,39
com.diboot:diboot-iam-spring-boot-starter,3.7.0,false,MethodCallExpr,com.diboot.iam.util.IamSecurityUtils,getCurrentUser,C:\Users\tyin363\Documents\repos\dibo-software__diboot\rest-api-example\src\main\java\com\example\api\controller\iam\UserController.java,187
JDK:java.base,N/A,false,ObjectCreationExpr,java.util.HashMap,HashMap,C:\Users\tyin363\Documents\repos\dibo-software__diboot\rest-api-example\src\main\java\com\example\api\excel\listener\UserImportExcelListener.java,96
com.diboot:diboot-iam-spring-boot-starter,3.7.0,false,ClassOrInterfaceType,com.diboot.iam.sso.SSOManager,SSOManager,C:\Users\tyin363\Documents\repos\dibo-software__diboot\rest-api-example\src\main\java\com\example\api\controller\iam\SSOClientController.java,61
JDK:java.base,N/A,false,ClassOrInterfaceType,java.lang.String,String,C:\Users\tyin363\Documents\repos\dibo-software__diboot\rest-api-example\src\main\java\com\example\api\excel\listener\UserImportExcelListener.java,64
jakarta.servlet:jakarta.servlet-api,6.0.0,true,ClassOrInterfaceType,jakarta.servlet.http.HttpServletResponse,HttpServletResponse,C:\Users\tyin363\Documents\repos\dibo-software__diboot\rest-api-example\src\main\java\com\example\api\controller\iam\AuthTokenController.java,79
com.diboot:diboot-core,3.7.0,true,MethodReferenceExpr,com.diboot.core.entity.AbstractEntity,getId,C:\Users\tyin363\Documents\repos\dibo-software__diboot\rest-api-example\src\main\java\com\example\api\controller\iam\RoleController.java,175
org.springframework:spring-context-support,6.2.8,true,ClassOrInterfaceType,org.springframework.scheduling.quartz.QuartzJobBean,QuartzJobBean,C:\Users\tyin363\Documents\repos\dibo-software__diboot\rest-api-example\src\main\java\com\example\api\job\CasUserSyncJob.java,41
com.diboot:diboot-iam-spring-boot-starter,3.7.0,false,MethodCallExpr,com.diboot.iam.entity.IamUser,getGender,C:\Users\tyin363\Documents\repos\dibo-software__diboot\rest-api-example\src\main\java\com\example\api\controller\iam\UserController.java,204
JDK:java.base,N/A,false,ClassOrInterfaceType,java.lang.Exception,Exception,C:\Users\tyin363\Documents\repos\dibo-software__diboot\rest-api-example\src\main\java\com\example\api\controller\system\MessageTemplateController.java,81
com.diboot:diboot-iam-spring-boot-starter,3.7.0,false,MethodReferenceExpr,com.diboot.iam.entity.IamResource,getAppModule,C:\Users\tyin363\Documents\repos\dibo-software__diboot\rest-api-example\src\main\java\com\example\api\controller\iam\AuthTokenController.java,175
com.diboot:diboot-iam-spring-boot-starter,3.7.0,false,FieldAccessExpr,com.diboot.iam.config.Cons,CACHE_CAPTCHA,C:\Users\tyin363\Documents\repos\dibo-software__diboot\rest-api-example\src\main\java\com\example\api\controller\iam\AuthTokenController.java,103
JDK:java.base,N/A,false,ObjectCreationExpr,java.util.HashMap,HashMap,C:\Users\tyin363\Documents\repos\dibo-software__diboot\rest-api-example\src\main\java\com\example\api\excel\listener\UserImportExcelListener.java,97
JDK:java.base,N/A,false,ClassOrInterfaceType,java.util.Collection,Collection,C:\Users\tyin363\Documents\repos\dibo-software__diboot\rest-api-example\src\main\java\com\example\api\controller\system\I18nConfigController.java,73
com.diboot:diboot-core,3.7.0,true,ClassOrInterfaceType,com.diboot.core.entity.I18nConfig,I18nConfig,C:\Users\tyin363\Documents\repos\dibo-software__diboot\rest-api-example\src\main\java\com\example\api\controller\system\I18nConfigController.java,87
JDK:java.base,N/A,false,ClassOrInterfaceType,java.lang.Exception,Exception,C:\Users\tyin363\Documents\repos\dibo-software__diboot\rest-api-example\src\main\java\com\example\api\controller\iam\OrgController.java,151
com.diboot:diboot-core,3.7.0,true,ObjectCreationExpr,com.diboot.core.vo.JsonResult,JsonResult,C:\Users\tyin363\Documents\repos\dibo-software__diboot\rest-api-example\src\main\java\com\example\api\controller\system\ScheduleJobController.java,200
com.diboot:diboot-iam-spring-boot-starter,3.7.0,false,ClassOrInterfaceType,com.diboot.iam.entity.IamOrg,IamOrg,C:\Users\tyin363\Documents\repos\dibo-software__diboot\rest-api-example\src\main\java\com\example\api\controller\iam\OrgController.java,152
JDK:java.base,N/A,false,ClassOrInterfaceType,java.lang.String,String,C:\Users\tyin363\Documents\repos\dibo-software__diboot\rest-api-example\src\main\java\com\example\api\controller\iam\SSOClientController.java,61
com.diboot:diboot-core,3.7.0,true,ClassOrInterfaceType,com.diboot.core.controller.BaseCrudRestController,BaseCrudRestController,C:\Users\tyin363\Documents\repos\dibo-software__diboot\rest-api-example\src\main\java\com\example\api\controller\system\AiSessionRecordController.java,53
CLIENT:client-code,N/A,false,ClassOrInterfaceType,com.example.api.excel.model.UserExportModel,UserExportModel,C:\Users\tyin363\Documents\repos\dibo-software__diboot\rest-api-example\src\main\java\com\example\api\controller\iam\UserExcelController.java,112
com.diboot:diboot-iam-spring-boot-starter,3.7.0,false,ClassOrInterfaceType,com.diboot.iam.entity.IamPosition,IamPosition,C:\Users\tyin363\Documents\repos\dibo-software__diboot\rest-api-example\src\main\java\com\example\api\controller\iam\PositionController.java,107
com.diboot:diboot-iam-spring-boot-starter,3.7.0,false,ClassOrInterfaceType,com.diboot.iam.sso.SSOManager,SSOManager,C:\Users\tyin363\Documents\repos\dibo-software__diboot\rest-api-example\src\main\java\com\example\api\controller\iam\SSOClientController.java,62
com.baomidou:mybatis-plus-core,3.5.12,true,MethodCallExpr,com.baomidou.mybatisplus.core.toolkit.Wrappers,lambdaQuery,C:\Users\tyin363\Documents\repos\dibo-software__diboot\rest-api-example\src\main\java\com\example\api\controller\iam\ResourceController.java,77
com.diboot:diboot-core,3.7.0,true,ClassOrInterfaceType,com.diboot.core.vo.Pagination,Pagination,C:\Users\tyin363\Documents\repos\dibo-software__diboot\rest-api-example\src\main\java\com\example\api\controller\system\I18nConfigController.java,73
com.diboot:diboot-iam-spring-boot-starter,3.7.0,false,FieldAccessExpr,com.diboot.iam.annotation.OperationCons,LABEL_LIST,C:\Users\tyin363\Documents\repos\dibo-software__diboot\rest-api-example\src\main\java\com\example\api\controller\iam\OrgController.java,55
JDK:java.base,N/A,false,ClassOrInterfaceType,java.util.ArrayList,ArrayList,C:\Users\tyin363\Documents\repos\dibo-software__diboot\rest-api-example\src\main\java\com\example\api\controller\system\AiSessionRecordController.java,191
JDK:java.base,N/A,false,ClassOrInterfaceType,java.lang.String,String,C:\Users\tyin363\Documents\repos\dibo-software__diboot\rest-api-example\src\main\java\com\example\api\controller\system\FileController.java,83
com.diboot:diboot-core,3.7.0,true,MethodCallExpr,com.diboot.core.controller.BaseCrudRestController,updateEntity,C:\Users\tyin363\Documents\repos\dibo-software__diboot\rest-api-example\src\main\java\com\example\api\controller\system\MessageTemplateController.java,96
com.baomidou:mybatis-plus-extension,3.5.12,true,ClassOrInterfaceType,com.baomidou.mybatisplus.extension.plugins.MybatisPlusInterceptor,MybatisPlusInterceptor,C:\Users\tyin363\Documents\repos\dibo-software__diboot\rest-api-example\src\main\java\com\example\api\config\MybatisPlusConfig.java,23
org.apache.shiro:shiro-core,2.0.2,true,MethodCallExpr,org.apache.shiro.subject.Subject,hasRole,C:\Users\tyin363\Documents\repos\dibo-software__diboot\rest-api-example\src\main\java\com\example\api\controller\CommonController.java,88
com.diboot:diboot-core,3.7.0,true,MethodCallExpr,com.diboot.core.vo.JsonResult,bindPagination,C:\Users\tyin363\Documents\repos\dibo-software__diboot\rest-api-example\src\main\java\com\example\api\controller\system\I18nConfigController.java,74
com.diboot:diboot-iam-spring-boot-starter,3.7.0,false,ClassOrInterfaceType,com.diboot.iam.vo.IamGroupVO,IamGroupVO,C:\Users\tyin363\Documents\repos\dibo-software__diboot\rest-api-example\src\main\java\com\example\api\controller\iam\GroupController.java,45
com.diboot:diboot-iam-spring-boot-starter,3.7.0,false,ClassOrInterfaceType,com.diboot.iam.entity.IamResource,IamResource,C:\Users\tyin363\Documents\repos\dibo-software__diboot\rest-api-example\src\main\java\com\example\api\controller\iam\ResourceController.java,174
com.diboot:diboot-iam-spring-boot-starter,3.7.0,false,ClassOrInterfaceType,com.diboot.iam.entity.IamResource,IamResource,C:\Users\tyin363\Documents\repos\dibo-software__diboot\rest-api-example\src\main\java\com\example\api\controller\iam\ResourceController.java,41
com.diboot:diboot-core,3.7.0,true,MethodCallExpr,com.diboot.core.service.BaseService,getEntity,C:\Users\tyin363\Documents\repos\dibo-software__diboot\rest-api-example\src\main\java\com\example\api\controller\system\FileController.java,110
com.diboot:diboot-file-spring-boot-starter,3.7.0,false,MethodCallExpr,com.diboot.file.util.FileHelper,isValidFileExt,C:\Users\tyin363\Documents\repos\dibo-software__diboot\rest-api-example\src\main\java\com\example\api\controller\system\FileController.java,59
com.diboot:diboot-core,3.7.0,true,MethodCallExpr,com.diboot.core.util.V,notEmpty,C:\Users\tyin363\Documents\repos\dibo-software__diboot\rest-api-example\src\main\java\com\example\api\controller\iam\OrgController.java,168
com.baomidou:mybatis-plus-core,3.5.12,true,ClassOrInterfaceType,com.baomidou.mybatisplus.core.conditions.query.LambdaQueryWrapper,LambdaQueryWrapper,C:\Users\tyin363\Documents\repos\dibo-software__diboot\rest-api-example\src\main\java\com\example\api\controller\system\DictionaryController.java,168
JDK:java.base,N/A,false,MethodCallExpr,java.util.List,add,C:\Users\tyin363\Documents\repos\dibo-software__diboot\rest-api-example\src\main\java\com\example\api\excel\listener\UserImportExcelListener.java,102
com.diboot:diboot-iam-spring-boot-starter,3.7.0,false,MethodCallExpr,com.diboot.iam.dto.IamRoleFormDTO,getPermissionIdList,C:\Users\tyin363\Documents\repos\dibo-software__diboot\rest-api-example\src\main\java\com\example\api\controller\iam\RoleController.java,211
com.diboot:diboot-iam-spring-boot-starter,3.7.0,false,FieldAccessExpr,com.diboot.iam.annotation.OperationCons,LABEL_LIST,C:\Users\tyin363\Documents\repos\dibo-software__diboot\rest-api-example\src\main\java\com\example\api\controller\iam\OrgController.java,54
com.diboot:diboot-core,3.7.0,true,MethodCallExpr,com.diboot.core.vo.JsonResult,OK,C:\Users\tyin363\Documents\repos\dibo-software__diboot\rest-api-example\src\main\java\com\example\api\controller\iam\SSOClientController.java,46
com.diboot:diboot-core,3.7.0,true,MethodReferenceExpr,com.diboot.core.entity.AbstractEntity,getId,C:\Users\tyin363\Documents\repos\dibo-software__diboot\rest-api-example\src\main\java\com\example\api\controller\iam\RoleController.java,177
JDK:java.base,N/A,false,MethodCallExpr,java.util.stream.Collectors,toMap,C:\Users\tyin363\Documents\repos\dibo-software__diboot\rest-api-example\src\main\java\com\example\api\controller\system\I18nConfigController.java,59
JDK:java.base,N/A,false,ClassOrInterfaceType,java.lang.Exception,Exception,C:\Users\tyin363\Documents\repos\dibo-software__diboot\rest-api-example\src\main\java\com\example\api\controller\system\AiSessionController.java,63
com.diboot:diboot-iam-spring-boot-starter,3.7.0,false,FieldAccessExpr,com.diboot.iam.annotation.OperationCons,LABEL_EXPORT,C:\Users\tyin363\Documents\repos\dibo-software__diboot\rest-api-example\src\main\java\com\example\api\controller\iam\UserExcelController.java,102
com.diboot:diboot-core,3.7.0,true,ClassOrInterfaceType,com.diboot.core.vo.JsonResult,JsonResult,C:\Users\tyin363\Documents\repos\dibo-software__diboot\rest-api-example\src\main\java\com\example\api\controller\iam\OperationLogController.java,74
com.diboot:diboot-core,3.7.0,true,MethodCallExpr,com.diboot.core.util.ContextHolder,getBean,C:\Users\tyin363\Documents\repos\dibo-software__diboot\rest-api-example\src\main\java\com\example\api\excel\listener\UserImportExcelListener.java,124
com.baomidou:mybatis-plus-extension,3.5.12,true,ClassOrInterfaceType,com.baomidou.mybatisplus.extension.plugins.MybatisPlusInterceptor,MybatisPlusInterceptor,C:\Users\tyin363\Documents\repos\dibo-software__diboot\rest-api-example\src\main\java\com\example\api\config\MybatisPlusConfig.java,24
com.diboot:diboot-iam-spring-boot-starter,3.7.0,false,ClassOrInterfaceType,com.diboot.iam.entity.IamResource,IamResource,C:\Users\tyin363\Documents\repos\dibo-software__diboot\rest-api-example\src\main\java\com\example\api\controller\iam\ResourceController.java,175
org.springframework:spring-webmvc,6.2.8,true,ClassOrInterfaceType,org.springframework.web.servlet.mvc.method.annotation.SseEmitter,SseEmitter,C:\Users\tyin363\Documents\repos\dibo-software__diboot\rest-api-example\src\main\java\com\example\api\controller\system\AiSessionRecordController.java,129
com.diboot:diboot-iam-spring-boot-starter,3.7.0,false,ClassOrInterfaceType,com.diboot.iam.entity.IamOrg,IamOrg,C:\Users\tyin363\Documents\repos\dibo-software__diboot\rest-api-example\src\main\java\com\example\api\controller\iam\OrgController.java,154
com.diboot:diboot-core,3.7.0,true,MethodCallExpr,com.diboot.core.vo.JsonResult,OK,C:\Users\tyin363\Documents\repos\dibo-software__diboot\rest-api-example\src\main\java\com\example\api\controller\iam\TenantController.java,200
JDK:java.base,N/A,false,MethodCallExpr,java.util.List,size,C:\Users\tyin363\Documents\repos\dibo-software__diboot\rest-api-example\src\main\java\com\example\api\controller\CommonController.java,46
com.diboot:diboot-ai-spring-boot-starter,3.7.0,false,ClassOrInterfaceType,com.diboot.ai.entity.AiSession,AiSession,C:\Users\tyin363\Documents\repos\dibo-software__diboot\rest-api-example\src\main\java\com\example\api\controller\system\AiSessionController.java,49
com.diboot:diboot-core,3.7.0,true,MethodCallExpr,com.diboot.core.service.BaseService,getViewObject,C:\Users\tyin363\Documents\repos\dibo-software__diboot\rest-api-example\src\main\java\com\example\api\controller\iam\RoleController.java,93
com.diboot:diboot-iam-spring-boot-starter,3.7.0,false,ClassOrInterfaceType,com.diboot.iam.dto.IamRoleFormDTO,IamRoleFormDTO,C:\Users\tyin363\Documents\repos\dibo-software__diboot\rest-api-example\src\main\java\com\example\api\controller\iam\RoleController.java,111
com.squareup.okhttp3:okhttp-sse,4.12.0,true,ObjectCreationExpr,okhttp3.sse.EventSourceListener,EventSourceListener,C:\Users\tyin363\Documents\repos\dibo-software__diboot\rest-api-example\src\main\java\com\example\api\controller\system\AiSessionRecordController.java,137
com.diboot:diboot-iam-spring-boot-starter,3.7.0,false,MethodReferenceExpr,com.diboot.iam.entity.IamResource,getParentId,C:\Users\tyin363\Documents\repos\dibo-software__diboot\rest-api-example\src\main\java\com\example\api\controller\iam\ResourceController.java,150
com.diboot:diboot-iam-spring-boot-starter,3.7.0,false,MethodReferenceExpr,com.diboot.iam.entity.IamResource,getResourceCode,C:\Users\tyin363\Documents\repos\dibo-software__diboot\rest-api-example\src\main\java\com\example\api\controller\iam\AuthTokenController.java,177
com.diboot:diboot-iam-spring-boot-starter,3.7.0,false,FieldAccessExpr,com.diboot.iam.annotation.OperationCons,LABEL_LIST,C:\Users\tyin363\Documents\repos\dibo-software__diboot\rest-api-example\src\main\java\com\example\api\controller\iam\TenantController.java,67
JDK:java.base,N/A,false,ClassOrInterfaceType,java.util.List,List,C:\Users\tyin363\Documents\repos\dibo-software__diboot\rest-api-example\src\main\java\com\example\api\controller\system\MessageController.java,82
JDK:java.base,N/A,false,MethodCallExpr,java.util.List,get,C:\Users\tyin363\Documents\repos\dibo-software__diboot\rest-api-example\src\main\java\com\example\api\excel\listener\UserImportExcelListener.java,60
com.diboot:diboot-iam-spring-boot-starter,3.7.0,false,FieldAccessExpr,com.diboot.iam.annotation.OperationCons,LABEL_UPDATE,C:\Users\tyin363\Documents\repos\dibo-software__diboot\rest-api-example\src\main\java\com\example\api\controller\iam\OrgController.java,100
com.diboot:diboot-core,3.7.0,true,ClassOrInterfaceType,com.diboot.core.vo.JsonResult,JsonResult,C:\Users\tyin363\Documents\repos\dibo-software__diboot\rest-api-example\src\main\java\com\example\api\controller\iam\ClientController.java,90
com.baomidou:mybatis-plus-core,3.5.12,true,MethodCallExpr,com.baomidou.mybatisplus.core.toolkit.Wrappers,lambdaQuery,C:\Users\tyin363\Documents\repos\dibo-software__diboot\rest-api-example\src\main\java\com\example\api\controller\system\DictionaryController.java,151
org.apache.commons:commons-lang3,3.17.0,true,MethodCallExpr,org.apache.commons.lang3.StringUtils,contains,C:\Users\tyin363\Documents\repos\dibo-software__diboot\rest-api-example\src\main\java\com\example\api\controller\system\FileController.java,129
com.diboot:diboot-core,3.7.0,true,ClassOrInterfaceType,com.diboot.core.entity.AbstractEntity,AbstractEntity,C:\Users\tyin363\Documents\repos\dibo-software__diboot\rest-api-example\src\main\java\com\example\api\controller\iam\AuthTokenController.java,179
com.baomidou:mybatis-plus-jsqlparser,3.5.12,true,ObjectCreationExpr,com.baomidou.mybatisplus.extension.plugins.inner.PaginationInnerInterceptor,PaginationInnerInterceptor,C:\Users\tyin363\Documents\repos\dibo-software__diboot\rest-api-example\src\main\java\com\example\api\config\MybatisPlusConfig.java,30
JDK:java.base,N/A,false,ClassOrInterfaceType,java.util.List,List,C:\Users\tyin363\Documents\repos\dibo-software__diboot\rest-api-example\src\main\java\com\example\api\controller\system\SystemConfigController.java,45
com.baomidou:mybatis-plus-core,3.5.12,true,MethodCallExpr,com.baomidou.mybatisplus.core.handlers.MetaObjectHandler,strictUpdateFill,C:\Users\tyin363\Documents\repos\dibo-software__diboot\rest-api-example\src\main\java\com\example\api\handler\AutoFillMetaObjectHandler.java,32
com.baomidou:mybatis-plus-core,3.5.12,true,MethodCallExpr,com.baomidou.mybatisplus.core.toolkit.Wrappers,lambdaQuery,C:\Users\tyin363\Documents\repos\dibo-software__diboot\rest-api-example\src\main\java\com\example\api\controller\system\AiSessionController.java,66
JDK:java.base,N/A,false,ObjectCreationExpr,java.util.ArrayList,ArrayList,C:\Users\tyin363\Documents\repos\dibo-software__diboot\rest-api-example\src\main\java\com\example\api\controller\iam\UserExcelController.java,135
com.diboot:diboot-iam-spring-boot-starter,3.7.0,false,FieldAccessExpr,com.diboot.iam.annotation.OperationCons,LABEL_UPDATE,C:\Users\tyin363\Documents\repos\dibo-software__diboot\rest-api-example\src\main\java\com\example\api\controller\iam\GroupController.java,84
com.diboot:diboot-iam-spring-boot-starter,3.7.0,false,FieldAccessExpr,com.diboot.iam.annotation.OperationCons,CODE_READ,C:\Users\tyin363\Documents\repos\dibo-software__diboot\rest-api-example\src\main\java\com\example\api\controller\iam\PositionController.java,52
com.diboot:diboot-core,3.7.0,true,MethodCallExpr,com.diboot.core.vo.JsonResult,getData,C:\Users\tyin363\Documents\repos\dibo-software__diboot\rest-api-example\src\main\java\com\example\api\controller\iam\LoginTraceController.java,50
JDK:java.base,N/A,false,MethodCallExpr,java.util.List,add,C:\Users\tyin363\Documents\repos\dibo-software__diboot\rest-api-example\src\main\java\com\example\api\controller\system\AiSessionRecordController.java,115
com.diboot:diboot-iam-spring-boot-starter,3.7.0,false,FieldAccessExpr,com.diboot.iam.annotation.OperationCons,LABEL_LIST,C:\Users\tyin363\Documents\repos\dibo-software__diboot\rest-api-example\src\main\java\com\example\api\controller\iam\TenantController.java,66
com.diboot:diboot-core,3.7.0,true,ClassOrInterfaceType,com.diboot.core.controller.BaseController,BaseController,C:\Users\tyin363\Documents\repos\dibo-software__diboot\rest-api-example\src\main\java\com\example\api\controller\iam\SSOClientController.java,30
com.diboot:diboot-core,3.7.0,true,MethodCallExpr,com.diboot.core.vo.JsonResult,OK,C:\Users\tyin363\Documents\repos\dibo-software__diboot\rest-api-example\src\main\java\com\example\api\controller\system\SystemConfigController.java,148
JDK:java.base,N/A,false,ClassOrInterfaceType,java.lang.Object,Object,C:\Users\tyin363\Documents\repos\dibo-software__diboot\rest-api-example\src\main\java\com\example\api\controller\iam\AuthTokenController.java,157
com.diboot:diboot-iam-spring-boot-starter,3.7.0,false,FieldAccessExpr,com.diboot.iam.annotation.OperationCons,LABEL_LIST,C:\Users\tyin363\Documents\repos\dibo-software__diboot\rest-api-example\src\main\java\com\example\api\controller\system\AiSessionRecordController.java,183
com.diboot:diboot-iam-spring-boot-starter,3.7.0,false,MethodCallExpr,com.diboot.iam.service.IamAccountService,isAccountExists,C:\Users\tyin363\Documents\repos\dibo-software__diboot\rest-api-example\src\main\java\com\example\api\controller\iam\UserController.java,253
com.diboot:diboot-core,3.7.0,true,MethodCallExpr,com.diboot.core.service.BaseService,exists,C:\Users\tyin363\Documents\repos\dibo-software__diboot\rest-api-example\src\main\java\com\example\api\controller\iam\RoleController.java,179
com.diboot:diboot-core,3.7.0,true,ClassOrInterfaceType,com.diboot.core.vo.JsonResult,JsonResult,C:\Users\tyin363\Documents\repos\dibo-software__diboot\rest-api-example\src\main\java\com\example\api\controller\iam\ResourceController.java,57
com.diboot:diboot-iam-spring-boot-starter,3.7.0,false,MethodReferenceExpr,com.diboot.iam.entity.IamResource,getSortId,C:\Users\tyin363\Documents\repos\dibo-software__diboot\rest-api-example\src\main\java\com\example\api\controller\iam\TenantController.java,195
com.diboot:diboot-core,3.7.0,true,ClassOrInterfaceType,com.diboot.core.vo.DictionaryVO,DictionaryVO,C:\Users\tyin363\Documents\repos\dibo-software__diboot\rest-api-example\src\main\java\com\example\api\controller\system\DictionaryController.java,101
com.diboot:diboot-iam-spring-boot-starter,3.7.0,false,FieldAccessExpr,com.diboot.iam.annotation.OperationCons,LABEL_DELETE,C:\Users\tyin363\Documents\repos\dibo-software__diboot\rest-api-example\src\main\java\com\example\api\controller\system\ScheduleJobController.java,129
com.diboot:diboot-iam-spring-boot-starter,3.7.0,false,FieldAccessExpr,com.diboot.iam.annotation.OperationCons,LABEL_IMPORT,C:\Users\tyin363\Documents\repos\dibo-software__diboot\rest-api-example\src\main\java\com\example\api\controller\iam\UserExcelController.java,89
com.diboot:diboot-scheduler-spring-boot-starter,3.7.0,false,ClassOrInterfaceType,com.diboot.scheduler.entity.ScheduleJob,ScheduleJob,C:\Users\tyin363\Documents\repos\dibo-software__diboot\rest-api-example\src\main\java\com\example\api\controller\system\ScheduleJobController.java,37
com.baomidou:mybatis-plus-core,3.5.12,true,MethodCallExpr,com.baomidou.mybatisplus.core.conditions.interfaces.Compare,eq,C:\Users\tyin363\Documents\repos\dibo-software__diboot\rest-api-example\src\main\java\com\example\api\controller\iam\UserController.java,155
com.diboot:diboot-core,3.7.0,true,MethodCallExpr,com.diboot.core.controller.BaseController,buildQueryWrapperByDTO,C:\Users\tyin363\Documents\repos\dibo-software__diboot\rest-api-example\src\main\java\com\example\api\controller\iam\UserExcelController.java,105
com.pig4cloud.plugin:captcha-core,2.2.5,false,ClassOrInterfaceType,com.pig4cloud.captcha.ArithmeticCaptcha,ArithmeticCaptcha,C:\Users\tyin363\Documents\repos\dibo-software__diboot\rest-api-example\src\main\java\com\example\api\controller\iam\AuthTokenController.java,85
com.diboot:diboot-iam-spring-boot-starter,3.7.0,false,ClassOrInterfaceType,com.diboot.iam.entity.IamUser,IamUser,C:\Users\tyin363\Documents\repos\dibo-software__diboot\rest-api-example\src\main\java\com\example\api\controller\iam\UserController.java,228
com.baomidou:mybatis-plus-core,3.5.12,true,ClassOrInterfaceType,com.baomidou.mybatisplus.core.conditions.query.LambdaQueryWrapper,LambdaQueryWrapper,C:\Users\tyin363\Documents\repos\dibo-software__diboot\rest-api-example\src\main\java\com\example\api\controller\iam\AuthTokenController.java,173
com.diboot:diboot-core,3.7.0,true,MethodCallExpr,com.diboot.core.service.BaseService,exists,C:\Users\tyin363\Documents\repos\dibo-software__diboot\rest-api-example\src\main\java\com\example\api\controller\system\DictionaryController.java,171
JDK:java.base,N/A,false,ObjectCreationExpr,java.util.ArrayList,ArrayList,C:\Users\tyin363\Documents\repos\dibo-software__diboot\rest-api-example\src\main\java\com\example\api\excel\listener\UserImportExcelListener.java,42
com.diboot:diboot-core,3.7.0,true,ClassOrInterfaceType,com.diboot.core.vo.JsonResult,JsonResult,C:\Users\tyin363\Documents\repos\dibo-software__diboot\rest-api-example\src\main\java\com\example\api\controller\system\DictionaryController.java,101
com.diboot:diboot-iam-spring-boot-starter,3.7.0,false,ClassOrInterfaceType,com.diboot.iam.dto.IamOrgDTO,IamOrgDTO,C:\Users\tyin363\Documents\repos\dibo-software__diboot\rest-api-example\src\main\java\com\example\api\controller\iam\OrgController.java,151
JDK:java.base,N/A,false,ClassOrInterfaceType,java.lang.String,String,C:\Users\tyin363\Documents\repos\dibo-software__diboot\rest-api-example\src\main\java\com\example\api\controller\iam\AuthTokenController.java,180
com.diboot:diboot-core,3.7.0,true,ClassOrInterfaceType,com.diboot.core.vo.JsonResult,JsonResult,C:\Users\tyin363\Documents\repos\dibo-software__diboot\rest-api-example\src\main\java\com\example\api\controller\iam\GroupController.java,87
com.diboot:diboot-tenant-spring-boot-starter,3.7.0,false,ClassOrInterfaceType,com.diboot.tenant.entity.IamTenantResource,IamTenantResource,C:\Users\tyin363\Documents\repos\dibo-software__diboot\rest-api-example\src\main\java\com\example\api\controller\iam\TenantController.java,225
com.diboot:diboot-core,3.7.0,true,MethodCallExpr,com.diboot.core.util.V,notEmpty,C:\Users\tyin363\Documents\repos\dibo-software__diboot\rest-api-example\src\main\java\com\example\api\controller\system\SystemConfigController.java,168
JDK:java.base,N/A,false,ClassOrInterfaceType,java.lang.String,String,C:\Users\tyin363\Documents\repos\dibo-software__diboot\rest-api-example\src\main\java\com\example\api\handler\AutoFillMetaObjectHandler.java,25
com.diboot:diboot-core,3.7.0,true,MethodReferenceExpr,com.diboot.core.entity.AbstractEntity,getId,C:\Users\tyin363\Documents\repos\dibo-software__diboot\rest-api-example\src\main\java\com\example\api\controller\system\DictionaryController.java,170
JDK:java.base,N/A,false,ClassOrInterfaceType,java.lang.Exception,Exception,C:\Users\tyin363\Documents\repos\dibo-software__diboot\rest-api-example\src\main\java\com\example\api\controller\system\I18nConfigController.java,86
JDK:java.base,N/A,false,ClassOrInterfaceType,java.lang.String,String,C:\Users\tyin363\Documents\repos\dibo-software__diboot\rest-api-example\src\main\java\com\example\api\controller\system\I18nConfigController.java,125
com.diboot:diboot-core,3.7.0,true,ClassOrInterfaceType,com.diboot.core.vo.Pagination,Pagination,C:\Users\tyin363\Documents\repos\dibo-software__diboot\rest-api-example\src\main\java\com\example\api\controller\iam\ResourceController.java,57
com.baomidou:mybatis-plus-core,3.5.12,true,ClassOrInterfaceType,com.baomidou.mybatisplus.core.conditions.query.QueryWrapper,QueryWrapper,C:\Users\tyin363\Documents\repos\dibo-software__diboot\rest-api-example\src\main\java\com\example\api\controller\system\DictionaryController.java,53
com.diboot:diboot-iam-spring-boot-starter,3.7.0,false,FieldAccessExpr,com.diboot.iam.annotation.OperationCons,CODE_READ,C:\Users\tyin363\Documents\repos\dibo-software__diboot\rest-api-example\src\main\java\com\example\api\controller\system\SystemConfigController.java,73
JDK:java.base,N/A,false,ClassOrInterfaceType,java.util.List,List,C:\Users\tyin363\Documents\repos\dibo-software__diboot\rest-api-example\src\main\java\com\example\api\controller\system\I18nConfigController.java,114
com.baomidou:mybatis-plus-core,3.5.12,true,MethodCallExpr,com.baomidou.mybatisplus.core.conditions.interfaces.Compare,eq,C:\Users\tyin363\Documents\repos\dibo-software__diboot\rest-api-example\src\main\java\com\example\api\controller\system\SystemConfigController.java,172
com.diboot:diboot-core,3.7.0,true,MethodCallExpr,com.diboot.core.vo.JsonResult,OK,C:\Users\tyin363\Documents\repos\dibo-software__diboot\rest-api-example\src\main\java\com\example\api\controller\iam\ClientController.java,123
com.diboot:diboot-iam-spring-boot-starter,3.7.0,false,FieldAccessExpr,com.diboot.iam.annotation.OperationCons,LABEL_DELETE,C:\Users\tyin363\Documents\repos\dibo-software__diboot\rest-api-example\src\main\java\com\example\api\controller\system\ScheduleJobController.java,128
com.diboot:diboot-ai-spring-boot-starter,3.7.0,false,ObjectCreationExpr,com.diboot.ai.common.AiMessage,AiMessage,C:\Users\tyin363\Documents\repos\dibo-software__diboot\rest-api-example\src\main\java\com\example\api\controller\system\AiSessionRecordController.java,161
com.diboot:diboot-core,3.7.0,true,ClassOrInterfaceType,com.diboot.core.vo.JsonResult,JsonResult,C:\Users\tyin363\Documents\repos\dibo-software__diboot\rest-api-example\src\main\java\com\example\api\controller\iam\RoleController.java,139
com.diboot:diboot-iam-spring-boot-starter,3.7.0,false,ClassOrInterfaceType,com.diboot.iam.entity.IamUser,IamUser,C:\Users\tyin363\Documents\repos\dibo-software__diboot\rest-api-example\src\main\java\com\example\api\controller\iam\UserController.java,225
JDK:java.base,N/A,false,ObjectCreationExpr,java.util.ArrayList,ArrayList,C:\Users\tyin363\Documents\repos\dibo-software__diboot\rest-api-example\src\main\java\com\example\api\excel\listener\UserImportExcelListener.java,41
JDK:java.base,N/A,false,ClassOrInterfaceType,java.lang.Exception,Exception,C:\Users\tyin363\Documents\repos\dibo-software__diboot\rest-api-example\src\main\java\com\example\api\controller\iam\ResourceController.java,94
JDK:java.base,N/A,false,ClassOrInterfaceType,java.util.HashMap,HashMap,C:\Users\tyin363\Documents\repos\dibo-software__diboot\rest-api-example\src\main\java\com\example\api\controller\CommonController.java,60
JDK:java.base,N/A,false,ClassOrInterfaceType,java.lang.Object,Object,C:\Users\tyin363\Documents\repos\dibo-software__diboot\rest-api-example\src\main\java\com\example\api\controller\iam\AuthTokenController.java,155
JDK:java.base,N/A,false,ClassOrInterfaceType,java.util.ArrayList,ArrayList,C:\Users\tyin363\Documents\repos\dibo-software__diboot\rest-api-example\src\main\java\com\example\api\controller\system\FileController.java,76
JDK:java.base,N/A,false,ClassOrInterfaceType,java.lang.String,String,C:\Users\tyin363\Documents\repos\dibo-software__diboot\rest-api-example\src\main\java\com\example\api\controller\iam\AuthTokenController.java,179
CLIENT:client-code,N/A,false,ClassOrInterfaceType,com.example.api.excel.model.UserImportModel,UserImportModel,C:\Users\tyin363\Documents\repos\dibo-software__diboot\rest-api-example\src\main\java\com\example\api\excel\listener\UserImportExcelListener.java,98
com.diboot:diboot-core,3.7.0,true,MethodCallExpr,com.diboot.core.controller.BaseController,buildQueryWrapperByDTO,C:\Users\tyin363\Documents\repos\dibo-software__diboot\rest-api-example\src\main\java\com\example\api\controller\iam\OrgController.java,152
com.diboot:diboot-iam-spring-boot-starter,3.7.0,false,MethodCallExpr,com.diboot.iam.service.IamUserService,refreshUserInfo,C:\Users\tyin363\Documents\repos\dibo-software__diboot\rest-api-example\src\main\java\com\example\api\controller\iam\AuthTokenController.java,164
com.diboot:diboot-core,3.7.0,true,MethodCallExpr,com.diboot.core.controller.BaseController,buildQueryWrapperByDTO,C:\Users\tyin363\Documents\repos\dibo-software__diboot\rest-api-example\src\main\java\com\example\api\controller\system\ScheduleJobController.java,157
JDK:java.base,N/A,false,ClassOrInterfaceType,java.lang.String,String,C:\Users\tyin363\Documents\repos\dibo-software__diboot\rest-api-example\src\main\java\com\example\api\controller\iam\UserController.java,268
JDK:java.base,N/A,false,ClassOrInterfaceType,java.lang.Exception,Exception,C:\Users\tyin363\Documents\repos\dibo-software__diboot\rest-api-example\src\main\java\com\example\api\controller\iam\TenantController.java,193
com.diboot:diboot-core,3.7.0,true,ClassOrInterfaceType,com.diboot.core.vo.JsonResult,JsonResult,C:\Users\tyin363\Documents\repos\dibo-software__diboot\rest-api-example\src\main\java\com\example\api\controller\iam\TenantController.java,180
com.diboot:diboot-core,3.7.0,true,ClassOrInterfaceType,com.diboot.core.vo.Pagination,Pagination,C:\Users\tyin363\Documents\repos\dibo-software__diboot\rest-api-example\src\main\java\com\example\api\controller\system\AiSessionController.java,48
com.diboot:diboot-core,3.7.0,true,MethodCallExpr,com.diboot.core.entity.AbstractEntity,getId,C:\Users\tyin363\Documents\repos\dibo-software__diboot\rest-api-example\src\main\java\com\example\api\controller\system\DictionaryController.java,89
com.diboot:diboot-scheduler-spring-boot-starter,3.7.0,false,ClassOrInterfaceType,com.diboot.scheduler.service.ScheduleJobService,ScheduleJobService,C:\Users\tyin363\Documents\repos\dibo-software__diboot\rest-api-example\src\main\java\com\example\api\controller\system\ScheduleJobController.java,40
com.diboot:diboot-core,3.7.0,true,MethodCallExpr,com.diboot.core.vo.JsonResult,OK,C:\Users\tyin363\Documents\repos\dibo-software__diboot\rest-api-example\src\main\java\com\example\api\controller\iam\OrgController.java,140
com.diboot:diboot-notification-spring-boot-starter,3.7.0,false,ClassOrInterfaceType,com.diboot.notification.entity.Message,Message,C:\Users\tyin363\Documents\repos\dibo-software__diboot\rest-api-example\src\main\java\com\example\api\controller\system\MessageController.java,90
com.diboot:diboot-core,3.7.0,true,MethodCallExpr,com.diboot.core.util.V,notEmpty,C:\Users\tyin363\Documents\repos\dibo-software__diboot\rest-api-example\src\main\java\com\example\api\controller\iam\TenantController.java,237
com.diboot:diboot-core,3.7.0,true,MethodReferenceExpr,com.diboot.core.entity.AbstractEntity,getId,C:\Users\tyin363\Documents\repos\dibo-software__diboot\rest-api-example\src\main\java\com\example\api\controller\system\MessageTemplateController.java,126
com.diboot:diboot-iam-spring-boot-starter,3.7.0,false,FieldAccessExpr,com.diboot.iam.annotation.OperationCons,CODE_READ,C:\Users\tyin363\Documents\repos\dibo-software__diboot\rest-api-example\src\main\java\com\example\api\controller\iam\OrgController.java,135
com.diboot:diboot-core,3.7.0,true,MethodReferenceExpr,com.diboot.core.entity.AbstractEntity,getId,C:\Users\tyin363\Documents\repos\dibo-software__diboot\rest-api-example\src\main\java\com\example\api\controller\system\DictionaryController.java,169
com.baomidou:mybatis-plus-core,3.5.12,true,MethodCallExpr,com.baomidou.mybatisplus.core.conditions.interfaces.Func,orderByAsc,C:\Users\tyin363\Documents\repos\dibo-software__diboot\rest-api-example\src\main\java\com\example\api\controller\iam\ResourceController.java,70
com.baomidou:mybatis-plus-core,3.5.12,true,ClassOrInterfaceType,com.baomidou.mybatisplus.core.conditions.query.QueryWrapper,QueryWrapper,C:\Users\tyin363\Documents\repos\dibo-software__diboot\rest-api-example\src\main\java\com\example\api\controller\iam\OperationLogController.java,46
com.diboot:diboot-core,3.7.0,true,MethodCallExpr,com.diboot.core.vo.JsonResult,OK,C:\Users\tyin363\Documents\repos\dibo-software__diboot\rest-api-example\src\main\java\com\example\api\controller\iam\TenantController.java,212
com.baomidou:mybatis-plus-core,3.5.12,true,MethodCallExpr,com.baomidou.mybatisplus.core.handlers.MetaObjectHandler,strictUpdateFill,C:\Users\tyin363\Documents\repos\dibo-software__diboot\rest-api-example\src\main\java\com\example\api\handler\AutoFillMetaObjectHandler.java,31
JDK:java.base,N/A,false,MethodCallExpr,java.util.List,indexOf,C:\Users\tyin363\Documents\repos\dibo-software__diboot\rest-api-example\src\main\java\com\example\api\excel\listener\UserImportExcelListener.java,76
JDK:java.base,N/A,false,ClassOrInterfaceType,java.lang.String,String,C:\Users\tyin363\Documents\repos\dibo-software__diboot\rest-api-example\src\main\java\com\example\api\controller\iam\ResourceController.java,136
com.diboot:diboot-ai-spring-boot-starter,3.7.0,false,MethodCallExpr,com.diboot.ai.common.response.AiChoice,setFinishReason,C:\Users\tyin363\Documents\repos\dibo-software__diboot\rest-api-example\src\main\java\com\example\api\controller\system\AiSessionRecordController.java,160
JDK:java.base,N/A,false,ClassOrInterfaceType,java.util.Map,Map,C:\Users\tyin363\Documents\repos\dibo-software__diboot\rest-api-example\src\main\java\com\example\api\excel\listener\UserImportExcelListener.java,96
com.diboot:diboot-iam-spring-boot-starter,3.7.0,false,MethodReferenceExpr,com.diboot.iam.entity.IamResource,getAppModule,C:\Users\tyin363\Documents\repos\dibo-software__diboot\rest-api-example\src\main\java\com\example\api\controller\iam\ResourceController.java,81
com.diboot:diboot-core,3.7.0,true,MethodReferenceExpr,com.diboot.core.entity.AbstractEntity,getId,C:\Users\tyin363\Documents\repos\dibo-software__diboot\rest-api-example\src\main\java\com\example\api\controller\iam\OrgController.java,169
com.diboot:diboot-core,3.7.0,true,MethodCallExpr,com.diboot.core.controller.BaseCrudRestController,getService,C:\Users\tyin363\Documents\repos\dibo-software__diboot\rest-api-example\src\main\java\com\example\api\controller\iam\GroupController.java,120
com.diboot:diboot-ai-spring-boot-starter,3.7.0,false,ClassOrInterfaceType,com.diboot.ai.entity.AiSessionRecord,AiSessionRecord,C:\Users\tyin363\Documents\repos\dibo-software__diboot\rest-api-example\src\main\java\com\example\api\controller\system\AiSessionRecordController.java,73
com.diboot:diboot-notification-spring-boot-starter,3.7.0,false,MethodReferenceExpr,com.diboot.notification.entity.Message,getStatus,C:\Users\tyin363\Documents\repos\dibo-software__diboot\rest-api-example\src\main\java\com\example\api\controller\system\MessageController.java,88
com.diboot:diboot-notification-spring-boot-starter,3.7.0,false,ClassOrInterfaceType,com.diboot.notification.entity.Message,Message,C:\Users\tyin363\Documents\repos\dibo-software__diboot\rest-api-example\src\main\java\com\example\api\controller\system\MessageController.java,88
com.diboot:diboot-iam-spring-boot-starter,3.7.0,false,FieldAccessExpr,com.diboot.iam.annotation.OperationCons,LABEL_CREATE,C:\Users\tyin363\Documents\repos\dibo-software__diboot\rest-api-example\src\main\java\com\example\api\controller\system\SystemConfigController.java,86
com.diboot:diboot-core,3.7.0,true,MethodCallExpr,com.diboot.core.vo.JsonResult,FAIL_OPERATION,C:\Users\tyin363\Documents\repos\dibo-software__diboot\rest-api-example\src\main\java\com\example\api\controller\iam\LoginTraceController.java,66
com.diboot:diboot-notification-spring-boot-starter,3.7.0,false,ClassOrInterfaceType,com.diboot.notification.entity.Message,Message,C:\Users\tyin363\Documents\repos\dibo-software__diboot\rest-api-example\src\main\java\com\example\api\controller\system\MessageController.java,89
com.diboot:diboot-core,3.7.0,true,MethodReferenceExpr,com.diboot.core.entity.BaseTreeEntity,getParentId,C:\Users\tyin363\Documents\repos\dibo-software__diboot\rest-api-example\src\main\java\com\example\api\controller\iam\OrgController.java,117
JDK:java.base,N/A,false,ClassOrInterfaceType,java.lang.String,String,C:\Users\tyin363\Documents\repos\dibo-software__diboot\rest-api-example\src\main\java\com\example\api\controller\CommonController.java,59
JDK:java.base,N/A,false,ClassOrInterfaceType,java.lang.Exception,Exception,C:\Users\tyin363\Documents\repos\dibo-software__diboot\rest-api-example\src\main\java\com\example\api\controller\iam\PositionController.java,93
JDK:java.base,N/A,false,ClassOrInterfaceType,java.lang.String,String,C:\Users\tyin363\Documents\repos\dibo-software__diboot\rest-api-example\src\main\java\com\example\api\excel\listener\UserImportExcelListener.java,41
com.diboot:diboot-iam-spring-boot-starter,3.7.0,false,ClassOrInterfaceType,com.diboot.iam.dto.ChangePwdDTO,ChangePwdDTO,C:\Users\tyin363\Documents\repos\dibo-software__diboot\rest-api-example\src\main\java\com\example\api\controller\iam\UserController.java,224
com.diboot:diboot-ai-spring-boot-starter,3.7.0,false,MethodReferenceExpr,com.diboot.ai.entity.AiSessionRecord,getSessionId,C:\Users\tyin363\Documents\repos\dibo-software__diboot\rest-api-example\src\main\java\com\example\api\controller\system\AiSessionRecordController.java,188
com.diboot:diboot-core,3.7.0,true,MethodCallExpr,com.diboot.core.controller.BaseCrudRestController,getEntityListWithPaging,C:\Users\tyin363\Documents\repos\dibo-software__diboot\rest-api-example\src\main\java\com\example\api\controller\iam\OrgController.java,156
com.diboot:diboot-ai-spring-boot-starter,3.7.0,false,MethodCallExpr,com.diboot.ai.common.AiMessage,setRole,C:\Users\tyin363\Documents\repos\dibo-software__diboot\rest-api-example\src\main\java\com\example\api\controller\system\AiSessionRecordController.java,161
JDK:java.base,N/A,false,ClassOrInterfaceType,java.lang.String,String,C:\Users\tyin363\Documents\repos\dibo-software__diboot\rest-api-example\src\main\java\com\example\api\excel\listener\UserImportExcelListener.java,39
com.diboot:diboot-tenant-spring-boot-starter,3.7.0,false,ClassOrInterfaceType,com.diboot.tenant.entity.IamTenantResource,IamTenantResource,C:\Users\tyin363\Documents\repos\dibo-software__diboot\rest-api-example\src\main\java\com\example\api\controller\iam\TenantController.java,224
com.diboot:diboot-iam-spring-boot-starter,3.7.0,false,MethodReferenceExpr,com.diboot.iam.entity.IamAccount,getUserType,C:\Users\tyin363\Documents\repos\dibo-software__diboot\rest-api-example\src\main\java\com\example\api\controller\iam\UserController.java,228
com.diboot:diboot-iam-spring-boot-starter,3.7.0,false,FieldAccessExpr,com.diboot.iam.annotation.OperationCons,LABEL_UPDATE,C:\Users\tyin363\Documents\repos\dibo-software__diboot\rest-api-example\src\main\java\com\example\api\controller\system\DictionaryController.java,99
JDK:java.base,N/A,false,ClassOrInterfaceType,java.lang.String,String,C:\Users\tyin363\Documents\repos\dibo-software__diboot\rest-api-example\src\main\java\com\example\api\controller\iam\RoleController.java,78
com.diboot:diboot-notification-spring-boot-starter,3.7.0,false,ClassOrInterfaceType,com.diboot.notification.entity.Message,Message,C:\Users\tyin363\Documents\repos\dibo-software__diboot\rest-api-example\src\main\java\com\example\api\controller\system\MessageController.java,87
com.diboot:diboot-core,3.7.0,true,ClassOrInterfaceType,com.diboot.core.controller.BaseCrudRestController,BaseCrudRestController,C:\Users\tyin363\Documents\repos\dibo-software__diboot\rest-api-example\src\main\java\com\example\api\controller\iam\LoginTraceController.java,33
com.diboot:diboot-core,3.7.0,true,ClassOrInterfaceType,com.diboot.core.vo.Pagination,Pagination,C:\Users\tyin363\Documents\repos\dibo-software__diboot\rest-api-example\src\main\java\com\example\api\controller\iam\UserController.java,65
com.diboot:diboot-core,3.7.0,true,ClassOrInterfaceType,com.diboot.core.vo.JsonResult,JsonResult,C:\Users\tyin363\Documents\repos\dibo-software__diboot\rest-api-example\src\main\java\com\example\api\controller\iam\AuthTokenController.java,99
com.diboot:diboot-iam-spring-boot-starter,3.7.0,false,ClassOrInterfaceType,com.diboot.iam.dto.IamUserFormDTO,IamUserFormDTO,C:\Users\tyin363\Documents\repos\dibo-software__diboot\rest-api-example\src\main\java\com\example\api\controller\iam\UserController.java,110
com.diboot:diboot-iam-spring-boot-starter,3.7.0,false,ClassOrInterfaceType,com.diboot.iam.dto.IamResourceDTO,IamResourceDTO,C:\Users\tyin363\Documents\repos\dibo-software__diboot\rest-api-example\src\main\java\com\example\api\controller\iam\ResourceController.java,107
JDK:java.base,N/A,false,ClassOrInterfaceType,java.lang.String,String,C:\Users\tyin363\Documents\repos\dibo-software__diboot\rest-api-example\src\main\java\com\example\api\controller\CommonController.java,60
com.diboot:diboot-core,3.7.0,true,ClassOrInterfaceType,com.diboot.core.vo.JsonResult,JsonResult,C:\Users\tyin363\Documents\repos\dibo-software__diboot\rest-api-example\src\main\java\com\example\api\controller\system\SystemConfigController.java,75
com.diboot:diboot-iam-spring-boot-starter,3.7.0,false,FieldAccessExpr,com.diboot.iam.annotation.OperationCons,CODE_READ,C:\Users\tyin363\Documents\repos\dibo-software__diboot\rest-api-example\src\main\java\com\example\api\controller\system\MessageTemplateController.java,51
com.diboot:diboot-iam-spring-boot-starter,3.7.0,false,MethodCallExpr,com.diboot.iam.vo.IamRoleVO,getPermissionList,C:\Users\tyin363\Documents\repos\dibo-software__diboot\rest-api-example\src\main\java\com\example\api\controller\iam\RoleController.java,95
com.diboot:diboot-iam-spring-boot-starter,3.7.0,false,FieldAccessExpr,com.diboot.iam.annotation.OperationCons,CODE_WRITE,C:\Users\tyin363\Documents\repos\dibo-software__diboot\rest-api-example\src\main\java\com\example\api\controller\iam\RoleController.java,123
org.springframework:spring-webmvc,6.2.8,true,ClassOrInterfaceType,org.springframework.web.servlet.mvc.method.annotation.SseEmitter,SseEmitter,C:\Users\tyin363\Documents\repos\dibo-software__diboot\rest-api-example\src\main\java\com\example\api\controller\system\AiSessionRecordController.java,135
JDK:java.base,N/A,false,ClassOrInterfaceType,java.lang.Exception,Exception,C:\Users\tyin363\Documents\repos\dibo-software__diboot\rest-api-example\src\main\java\com\example\api\controller\system\DictionaryController.java,101
com.diboot:diboot-core,3.7.0,true,MethodReferenceExpr,com.diboot.core.entity.AbstractEntity,getId,C:\Users\tyin363\Documents\repos\dibo-software__diboot\rest-api-example\src\main\java\com\example\api\controller\iam\OrgController.java,171
com.diboot:diboot-iam-spring-boot-starter,3.7.0,false,FieldAccessExpr,com.diboot.iam.annotation.OperationCons,CODE_READ,C:\Users\tyin363\Documents\repos\dibo-software__diboot\rest-api-example\src\main\java\com\example\api\controller\system\AiSessionController.java,46
JDK:java.base,N/A,false,ClassOrInterfaceType,java.lang.Exception,Exception,C:\Users\tyin363\Documents\repos\dibo-software__diboot\rest-api-example\src\main\java\com\example\api\controller\iam\UserController.java,96
com.diboot:diboot-core,3.7.0,true,ClassOrInterfaceType,com.diboot.core.controller.BaseCrudRestController,BaseCrudRestController,C:\Users\tyin363\Documents\repos\dibo-software__diboot\rest-api-example\src\main\java\com\example\api\controller\iam\ClientController.java,31
CLIENT:client-code,N/A,false,ClassOrInterfaceType,com.example.api.excel.model.UserExportModel,UserExportModel,C:\Users\tyin363\Documents\repos\dibo-software__diboot\rest-api-example\src\main\java\com\example\api\controller\iam\UserExcelController.java,123
com.diboot:diboot-notification-spring-boot-starter,3.7.0,false,ClassOrInterfaceType,com.diboot.notification.entity.Message,Message,C:\Users\tyin363\Documents\repos\dibo-software__diboot\rest-api-example\src\main\java\com\example\api\controller\system\MessageController.java,86
com.baomidou:mybatis-plus-core,3.5.12,true,MethodCallExpr,com.baomidou.mybatisplus.core.toolkit.Wrappers,lambdaQuery,C:\Users\tyin363\Documents\repos\dibo-software__diboot\rest-api-example\src\main\java\com\example\api\controller\system\AiSessionRecordController.java,187
com.diboot:diboot-core,3.7.0,true,MethodCallExpr,com.diboot.core.service.BaseService,getEntityListByIds,C:\Users\tyin363\Documents\repos\dibo-software__diboot\rest-api-example\src\main\java\com\example\api\controller\iam\RoleController.java,79
com.diboot:diboot-iam-spring-boot-starter,3.7.0,false,ClassOrInterfaceType,com.diboot.iam.service.IamAccountService,IamAccountService,C:\Users\tyin363\Documents\repos\dibo-software__diboot\rest-api-example\src\main\java\com\example\api\controller\iam\UserController.java,51
com.diboot:diboot-core,3.7.0,true,MethodCallExpr,com.diboot.core.service.BaseService,exists,C:\Users\tyin363\Documents\repos\dibo-software__diboot\rest-api-example\src\main\java\com\example\api\controller\iam\OrgController.java,173
com.baomidou:mybatis-plus-core,3.5.12,true,MethodCallExpr,com.baomidou.mybatisplus.core.conditions.interfaces.Func,orderByAsc,C:\Users\tyin363\Documents\repos\dibo-software__diboot\rest-api-example\src\main\java\com\example\api\controller\iam\OrgController.java,59
com.diboot:diboot-core,3.7.0,true,ClassOrInterfaceType,com.diboot.core.vo.JsonResult,JsonResult,C:\Users\tyin363\Documents\repos\dibo-software__diboot\rest-api-example\src\main\java\com\example\api\controller\iam\OrgController.java,102
com.diboot:diboot-iam-spring-boot-starter,3.7.0,false,FieldAccessExpr,com.diboot.iam.annotation.OperationCons,CODE_WRITE,C:\Users\tyin363\Documents\repos\dibo-software__diboot\rest-api-example\src\main\java\com\example\api\controller\system\SystemConfigController.java,129
com.diboot:diboot-core,3.7.0,true,ClassOrInterfaceType,com.diboot.core.vo.JsonResult,JsonResult,C:\Users\tyin363\Documents\repos\dibo-software__diboot\rest-api-example\src\main\java\com\example\api\controller\system\MessageTemplateController.java,53
JDK:java.base,N/A,false,ClassOrInterfaceType,java.util.Map,Map,C:\Users\tyin363\Documents\repos\dibo-software__diboot\rest-api-example\src\main\java\com\example\api\excel\listener\UserImportExcelListener.java,97
com.diboot:diboot-iam-spring-boot-starter,3.7.0,false,ObjectCreationExpr,com.diboot.iam.entity.IamUserRole,IamUserRole,C:\Users\tyin363\Documents\repos\dibo-software__diboot\rest-api-example\src\main\java\com\example\api\excel\listener\UserImportExcelListener.java,110
com.diboot:diboot-iam-spring-boot-starter,3.7.0,false,ClassOrInterfaceType,com.diboot.iam.entity.IamResource,IamResource,C:\Users\tyin363\Documents\repos\dibo-software__diboot\rest-api-example\src\main\java\com\example\api\controller\iam\ResourceController.java,150
com.diboot:diboot-core,3.7.0,true,MethodCallExpr,com.diboot.core.vo.JsonResult,OK,C:\Users\tyin363\Documents\repos\dibo-software__diboot\rest-api-example\src\main\java\com\example\api\controller\system\SystemConfigController.java,146
com.diboot:diboot-iam-spring-boot-starter,3.7.0,false,FieldAccessExpr,com.diboot.iam.annotation.OperationCons,CODE_READ,C:\Users\tyin363\Documents\repos\dibo-software__diboot\rest-api-example\src\main\java\com\example\api\controller\iam\ResourceController.java,55
com.diboot:diboot-iam-spring-boot-starter,3.7.0,false,ClassOrInterfaceType,com.diboot.iam.service.IamUserService,IamUserService,C:\Users\tyin363\Documents\repos\dibo-software__diboot\rest-api-example\src\main\java\com\example\api\controller\iam\OrgController.java,43
com.baomidou:mybatis-plus-core,3.5.12,true,MethodCallExpr,com.baomidou.mybatisplus.core.toolkit.Wrappers,lambdaQuery,C:\Users\tyin363\Documents\repos\dibo-software__diboot\rest-api-example\src\main\java\com\example\api\controller\system\SystemConfigController.java,166
com.diboot:diboot-iam-spring-boot-starter,3.7.0,false,FieldAccessExpr,com.diboot.iam.annotation.OperationCons,LABEL_CREATE,C:\Users\tyin363\Documents\repos\dibo-software__diboot\rest-api-example\src\main\java\com\example\api\controller\system\SystemConfigController.java,87
com.diboot:diboot-notification-spring-boot-starter,3.7.0,false,ClassOrInterfaceType,com.diboot.notification.entity.Message,Message,C:\Users\tyin363\Documents\repos\dibo-software__diboot\rest-api-example\src\main\java\com\example\api\controller\system\MessageController.java,85
com.diboot:diboot-core,3.7.0,true,ClassOrInterfaceType,com.diboot.core.vo.JsonResult,JsonResult,C:\Users\tyin363\Documents\repos\dibo-software__diboot\rest-api-example\src\main\java\com\example\api\controller\system\I18nConfigController.java,53
com.diboot:diboot-core,3.7.0,true,ClassOrInterfaceType,com.diboot.core.vo.JsonResult,JsonResult,C:\Users\tyin363\Documents\repos\dibo-software__diboot\rest-api-example\src\main\java\com\example\api\controller\iam\PositionController.java,54
com.diboot:diboot-core,3.7.0,true,MethodCallExpr,com.diboot.core.vo.JsonResult,FAIL_INVALID_PARAM,C:\Users\tyin363\Documents\repos\dibo-software__diboot\rest-api-example\src\main\java\com\example\api\controller\system\DictionaryController.java,137
JDK:java.base,N/A,false,ClassOrInterfaceType,java.lang.String,String,C:\Users\tyin363\Documents\repos\dibo-software__diboot\rest-api-example\src\main\java\com\example\api\excel\listener\UserImportExcelListener.java,42
JDK:java.base,N/A,false,ClassOrInterfaceType,java.lang.String,String,C:\Users\tyin363\Documents\repos\dibo-software__diboot\rest-api-example\src\main\java\com\example\api\controller\system\FileController.java,91
com.diboot:diboot-ai-spring-boot-starter,3.7.0,false,ClassOrInterfaceType,com.diboot.ai.entity.AiSession,AiSession,C:\Users\tyin363\Documents\repos\dibo-software__diboot\rest-api-example\src\main\java\com\example\api\controller\system\AiSessionController.java,31
com.diboot:diboot-ai-spring-boot-starter,3.7.0,false,ClassOrInterfaceType,com.diboot.ai.entity.AiSessionRecord,AiSessionRecord,C:\Users\tyin363\Documents\repos\dibo-software__diboot\rest-api-example\src\main\java\com\example\api\controller\system\AiSessionRecordController.java,193
com.diboot:diboot-iam-spring-boot-starter,3.7.0,false,ClassOrInterfaceType,com.diboot.iam.service.IamRoleResourceService,IamRoleResourceService,C:\Users\tyin363\Documents\repos\dibo-software__diboot\rest-api-example\src\main\java\com\example\api\controller\iam\AuthTokenController.java,64
com.diboot:diboot-iam-spring-boot-starter,3.7.0,false,FieldAccessExpr,com.diboot.iam.annotation.OperationCons,CODE_WRITE,C:\Users\tyin363\Documents\repos\dibo-software__diboot\rest-api-example\src\main\java\com\example\api\controller\iam\ClientController.java,88
com.diboot:diboot-core,3.7.0,true,MethodCallExpr,com.diboot.core.vo.JsonResult,OK,C:\Users\tyin363\Documents\repos\dibo-software__diboot\rest-api-example\src\main\java\com\example\api\controller\iam\ResourceController.java,82
com.diboot:diboot-core,3.7.0,true,ObjectCreationExpr,com.diboot.core.vo.JsonResult,JsonResult,C:\Users\tyin363\Documents\repos\dibo-software__diboot\rest-api-example\src\main\java\com\example\api\controller\iam\ResourceController.java,150
JDK:java.base,N/A,false,ClassOrInterfaceType,java.lang.Exception,Exception,C:\Users\tyin363\Documents\repos\dibo-software__diboot\rest-api-example\src\main\java\com\example\api\controller\iam\UserController.java,110
JDK:java.base,N/A,false,ClassOrInterfaceType,java.lang.String,String,C:\Users\tyin363\Documents\repos\dibo-software__diboot\rest-api-example\src\main\java\com\example\api\controller\system\I18nConfigController.java,114
com.diboot:diboot-iam-spring-boot-starter,3.7.0,false,MethodCallExpr,com.diboot.iam.entity.IamAccount,setAuthType,C:\Users\tyin363\Documents\repos\dibo-software__diboot\rest-api-example\src\main\java\com\example\api\job\CasUserSyncJob.java,56
com.diboot:diboot-core,3.7.0,true,MethodCallExpr,com.diboot.core.controller.BaseCrudRestController,getViewObjectList,C:\Users\tyin363\Documents\repos\dibo-software__diboot\rest-api-example\src\main\java\com\example\api\controller\iam\TenantController.java,70
com.diboot:diboot-core,3.7.0,true,ClassOrInterfaceType,com.diboot.core.vo.JsonResult,JsonResult,C:\Users\tyin363\Documents\repos\dibo-software__diboot\rest-api-example\src\main\java\com\example\api\controller\system\ScheduleJobController.java,118
JDK:java.base,N/A,false,MethodCallExpr,java.util.Map,put,C:\Users\tyin363\Documents\repos\dibo-software__diboot\rest-api-example\src\main\java\com\example\api\controller\iam\SSOClientController.java,44
org.springframework:spring-web,6.2.8,true,ClassOrInterfaceType,org.springframework.web.multipart.MultipartFile,MultipartFile,C:\Users\tyin363\Documents\repos\dibo-software__diboot\rest-api-example\src\main\java\com\example\api\controller\system\FileController.java,55
com.diboot:diboot-iam-spring-boot-starter,3.7.0,false,ClassOrInterfaceType,com.diboot.iam.entity.SystemConfig,SystemConfig,C:\Users\tyin363\Documents\repos\dibo-software__diboot\rest-api-example\src\main\java\com\example\api\controller\system\SystemConfigController.java,117
com.diboot:diboot-iam-spring-boot-starter,3.7.0,false,FieldAccessExpr,com.diboot.iam.annotation.OperationCons,LABEL_DELETE,C:\Users\tyin363\Documents\repos\dibo-software__diboot\rest-api-example\src\main\java\com\example\api\controller\iam\ResourceController.java,133
JDK:java.base,N/A,false,MethodCallExpr,java.lang.String,valueOf,C:\Users\tyin363\Documents\repos\dibo-software__diboot\rest-api-example\src\main\java\com\example\api\controller\iam\UserController.java,72
com.diboot:diboot-iam-spring-boot-starter,3.7.0,false,FieldAccessExpr,com.diboot.iam.annotation.OperationCons,LABEL_DELETE,C:\Users\tyin363\Documents\repos\dibo-software__diboot\rest-api-example\src\main\java\com\example\api\controller\iam\GroupController.java,99
com.diboot:diboot-core,3.7.0,true,MethodCallExpr,com.diboot.core.vo.JsonResult,FAIL_OPERATION,C:\Users\tyin363\Documents\repos\dibo-software__diboot\rest-api-example\src\main\java\com\example\api\controller\iam\LoginTraceController.java,70
com.baomidou:mybatis-plus-core,3.5.12,true,MethodCallExpr,com.baomidou.mybatisplus.core.conditions.interfaces.Compare,eq,C:\Users\tyin363\Documents\repos\dibo-software__diboot\rest-api-example\src\main\java\com\example\api\controller\system\SystemConfigController.java,166
com.diboot:diboot-iam-spring-boot-starter,3.7.0,false,MethodCallExpr,com.diboot.iam.entity.IamUser,setUserNum,C:\Users\tyin363\Documents\repos\dibo-software__diboot\rest-api-example\src\main\java\com\example\api\job\CasUserSyncJob.java,48
com.diboot:diboot-core,3.7.0,true,MethodCallExpr,com.diboot.core.util.ContextHolder,getBeans,C:\Users\tyin363\Documents\repos\dibo-software__diboot\rest-api-example\src\main\java\com\example\api\controller\iam\SSOClientController.java,39
JDK:java.base,N/A,false,MethodCallExpr,java.util.List,sort,C:\Users\tyin363\Documents\repos\dibo-software__diboot\rest-api-example\src\main\java\com\example\api\controller\iam\ResourceController.java,81
JDK:java.base,N/A,false,MethodCallExpr,java.util.Map.Entry,getValue,C:\Users\tyin363\Documents\repos\dibo-software__diboot\rest-api-example\src\main\java\com\example\api\excel\listener\UserImportExcelListener.java,123
com.diboot:diboot-iam-spring-boot-starter,3.7.0,false,MethodCallExpr,com.diboot.iam.entity.IamUser,setOrgId,C:\Users\tyin363\Documents\repos\dibo-software__diboot\rest-api-example\src\main\java\com\example\api\excel\listener\UserImportExcelListener.java,101
JDK:java.base,N/A,false,ClassOrInterfaceType,java.lang.Exception,Exception,C:\Users\tyin363\Documents\repos\dibo-software__diboot\rest-api-example\src\main\java\com\example\api\controller\iam\PositionController.java,107
com.diboot:diboot-iam-spring-boot-starter,3.7.0,false,FieldAccessExpr,com.diboot.iam.annotation.OperationCons,CODE_READ,C:\Users\tyin363\Documents\repos\dibo-software__diboot\rest-api-example\src\main\java\com\example\api\controller\iam\ClientController.java,46
com.diboot:diboot-ai-spring-boot-starter,3.7.0,false,MethodCallExpr,com.diboot.ai.client.AiClient,executeStream,C:\Users\tyin363\Documents\repos\dibo-software__diboot\rest-api-example\src\main\java\com\example\api\controller\system\AiSessionRecordController.java,137
com.diboot:diboot-iam-spring-boot-starter,3.7.0,false,FieldAccessExpr,com.diboot.iam.annotation.OperationCons,CODE_WRITE,C:\Users\tyin363\Documents\repos\dibo-software__diboot\rest-api-example\src\main\java\com\example\api\controller\system\DictionaryController.java,99
com.diboot:diboot-core,3.7.0,true,ClassOrInterfaceType,com.diboot.core.vo.JsonResult,JsonResult,C:\Users\tyin363\Documents\repos\dibo-software__diboot\rest-api-example\src\main\java\com\example\api\controller\iam\UserExcelController.java,69
JDK:java.base,N/A,false,MethodCallExpr,java.lang.Throwable,getMessage,C:\Users\tyin363\Documents\repos\dibo-software__diboot\rest-api-example\src\main\java\com\example\api\controller\system\AiSessionRecordController.java,161
jakarta.servlet:jakarta.servlet-api,6.0.0,true,ClassOrInterfaceType,jakarta.servlet.http.HttpServletResponse,HttpServletResponse,C:\Users\tyin363\Documents\repos\dibo-software__diboot\rest-api-example\src\main\java\com\example\api\controller\system\FileController.java,106
JDK:java.base,N/A,false,FieldAccessExpr,java.nio.charset.StandardCharsets,UTF_8,C:\Users\tyin363\Documents\repos\dibo-software__diboot\rest-api-example\src\main\java\com\example\api\controller\iam\AuthTokenController.java,129
com.diboot:diboot-iam-spring-boot-starter,3.7.0,false,FieldAccessExpr,com.diboot.iam.annotation.OperationCons,LABEL_UPDATE,C:\Users\tyin363\Documents\repos\dibo-software__diboot\rest-api-example\src\main\java\com\example\api\controller\iam\RoleController.java,123
com.diboot:diboot-iam-spring-boot-starter,3.7.0,false,FieldAccessExpr,com.diboot.iam.annotation.OperationCons,LABEL_DELETE,C:\Users\tyin363\Documents\repos\dibo-software__diboot\rest-api-example\src\main\java\com\example\api\controller\iam\ResourceController.java,134
com.diboot:diboot-iam-spring-boot-starter,3.7.0,false,FieldAccessExpr,com.diboot.iam.annotation.OperationCons,LABEL_DELETE,C:\Users\tyin363\Documents\repos\dibo-software__diboot\rest-api-example\src\main\java\com\example\api\controller\iam\GroupController.java,98
com.diboot:diboot-core,3.7.0,true,MethodReferenceExpr,com.diboot.core.entity.AbstractEntity,getId,C:\Users\tyin363\Documents\repos\dibo-software__diboot\rest-api-example\src\main\java\com\example\api\controller\iam\AuthTokenController.java,179
org.quartz-scheduler:quartz,2.5.0,true,ClassOrInterfaceType,org.quartz.JobExecutionContext,JobExecutionContext,C:\Users\tyin363\Documents\repos\dibo-software__diboot\rest-api-example\src\main\java\com\example\api\job\CasUserSyncJob.java,44
JDK:java.base,N/A,false,ClassOrInterfaceType,java.lang.Exception,Exception,C:\Users\tyin363\Documents\repos\dibo-software__diboot\rest-api-example\src\main\java\com\example\api\controller\system\AiSessionController.java,83
com.baomidou:mybatis-plus-core,3.5.12,true,ClassOrInterfaceType,com.baomidou.mybatisplus.core.conditions.query.QueryWrapper,QueryWrapper,C:\Users\tyin363\Documents\repos\dibo-software__diboot\rest-api-example\src\main\java\com\example\api\controller\system\SystemConfigController.java,59
com.diboot:diboot-core,3.7.0,true,ClassOrInterfaceType,com.diboot.core.entity.I18nConfig,I18nConfig,C:\Users\tyin363\Documents\repos\dibo-software__diboot\rest-api-example\src\main\java\com\example\api\controller\system\I18nConfigController.java,100
JDK:java.base,N/A,false,MethodCallExpr,java.lang.Enum,name,C:\Users\tyin363\Documents\repos\dibo-software__diboot\rest-api-example\src\main\java\com\example\api\job\CasUserSyncJob.java,58
com.diboot:diboot-core,3.7.0,true,ClassOrInterfaceType,com.diboot.core.vo.JsonResult,JsonResult,C:\Users\tyin363\Documents\repos\dibo-software__diboot\rest-api-example\src\main\java\com\example\api\controller\iam\UserController.java,186
com.squareup.okhttp3:okhttp-sse,4.12.0,true,ClassOrInterfaceType,okhttp3.sse.EventSource,EventSource,C:\Users\tyin363\Documents\repos\dibo-software__diboot\rest-api-example\src\main\java\com\example\api\controller\system\AiSessionRecordController.java,144
com.diboot:diboot-core,3.7.0,true,MethodCallExpr,com.diboot.core.vo.JsonResult,OK,C:\Users\tyin363\Documents\repos\dibo-software__diboot\rest-api-example\src\main\java\com\example\api\controller\system\DictionaryController.java,124
com.diboot:diboot-core,3.7.0,true,ClassOrInterfaceType,com.diboot.core.vo.Pagination,Pagination,C:\Users\tyin363\Documents\repos\dibo-software__diboot\rest-api-example\src\main\java\com\example\api\controller\system\MessageTemplateController.java,53
JDK:java.base,N/A,false,ClassOrInterfaceType,java.lang.String,String,C:\Users\tyin363\Documents\repos\dibo-software__diboot\rest-api-example\src\main\java\com\example\api\controller\iam\ResourceController.java,121
com.diboot:diboot-core,3.7.0,true,MethodCallExpr,com.diboot.core.entity.AbstractEntity,getId,C:\Users\tyin363\Documents\repos\dibo-software__diboot\rest-api-example\src\main\java\com\example\api\controller\iam\UserController.java,229
JDK:java.base,N/A,false,ClassOrInterfaceType,java.util.List,List,C:\Users\tyin363\Documents\repos\dibo-software__diboot\rest-api-example\src\main\java\com\example\api\controller\system\FileController.java,77
JDK:java.base,N/A,false,ClassOrInterfaceType,java.lang.Exception,Exception,C:\Users\tyin363\Documents\repos\dibo-software__diboot\rest-api-example\src\main\java\com\example\api\controller\system\MessageTemplateController.java,95
com.diboot:diboot-iam-spring-boot-starter,3.7.0,false,FieldAccessExpr,com.diboot.iam.annotation.OperationCons,CODE_READ,C:\Users\tyin363\Documents\repos\dibo-software__diboot\rest-api-example\src\main\java\com\example\api\controller\iam\UserController.java,63
com.diboot:diboot-notification-spring-boot-starter,3.7.0,false,ClassOrInterfaceType,com.diboot.notification.entity.MessageTemplate,MessageTemplate,C:\Users\tyin363\Documents\repos\dibo-software__diboot\rest-api-example\src\main\java\com\example\api\controller\system\MessageTemplateController.java,35
JDK:java.base,N/A,false,MethodCallExpr,java.util.stream.Stream,collect,C:\Users\tyin363\Documents\repos\dibo-software__diboot\rest-api-example\src\main\java\com\example\api\excel\listener\UserImportExcelListener.java,64
com.diboot:diboot-core,3.7.0,true,MethodCallExpr,com.diboot.core.service.BaseService,getEntity,C:\Users\tyin363\Documents\repos\dibo-software__diboot\rest-api-example\src\main\java\com\example\api\controller\iam\UserController.java,188
com.diboot:diboot-iam-spring-boot-starter,3.7.0,false,MethodCallExpr,com.diboot.iam.entity.IamUser,getOrgId,C:\Users\tyin363\Documents\repos\dibo-software__diboot\rest-api-example\src\main\java\com\example\api\controller\iam\UserController.java,66
JDK:java.base,N/A,false,ClassOrInterfaceType,java.lang.String,String,C:\Users\tyin363\Documents\repos\dibo-software__diboot\rest-api-example\src\main\java\com\example\api\controller\system\SystemConfigController.java,144
com.diboot:diboot-iam-spring-boot-starter,3.7.0,false,FieldAccessExpr,com.diboot.iam.annotation.OperationCons,CODE_READ,C:\Users\tyin363\Documents\repos\dibo-software__diboot\rest-api-example\src\main\java\com\example\api\controller\system\AiSessionRecordController.java,85
com.diboot:diboot-core,3.7.0,true,MethodCallExpr,com.diboot.core.vo.JsonResult,OK,C:\Users\tyin363\Documents\repos\dibo-software__diboot\rest-api-example\src\main\java\com\example\api\controller\system\I18nConfigController.java,74
com.diboot:diboot-core,3.7.0,true,ClassOrInterfaceType,com.diboot.core.vo.JsonResult,JsonResult,C:\Users\tyin363\Documents\repos\dibo-software__diboot\rest-api-example\src\main\java\com\example\api\controller\iam\OrgController.java,116
com.diboot:diboot-ai-spring-boot-starter,3.7.0,false,ObjectCreationExpr,com.diboot.ai.common.response.AiChoice,AiChoice,C:\Users\tyin363\Documents\repos\dibo-software__diboot\rest-api-example\src\main\java\com\example\api\controller\system\AiSessionRecordController.java,160
com.diboot:diboot-core,3.7.0,true,MethodCallExpr,com.diboot.core.vo.JsonResult,OK,C:\Users\tyin363\Documents\repos\dibo-software__diboot\rest-api-example\src\main\java\com\example\api\controller\iam\PositionController.java,66
CLIENT:client-code,N/A,false,ClassOrInterfaceType,com.example.api.excel.model.UserImportModel,UserImportModel,C:\Users\tyin363\Documents\repos\dibo-software__diboot\rest-api-example\src\main\java\com\example\api\excel\listener\UserImportExcelListener.java,90
com.diboot:diboot-iam-spring-boot-starter,3.7.0,false,MethodCallExpr,com.diboot.iam.util.IamSecurityUtils,logout,C:\Users\tyin363\Documents\repos\dibo-software__diboot\rest-api-example\src\main\java\com\example\api\controller\iam\LoginTraceController.java,73
com.baomidou:mybatis-plus-core,3.5.12,true,MethodCallExpr,com.baomidou.mybatisplus.core.conditions.interfaces.Func,orderByAsc,C:\Users\tyin363\Documents\repos\dibo-software__diboot\rest-api-example\src\main\java\com\example\api\controller\iam\ResourceController.java,78
com.diboot:diboot-core,3.7.0,true,MethodCallExpr,com.diboot.core.vo.JsonResult,OK,C:\Users\tyin363\Documents\repos\dibo-software__diboot\rest-api-example\src\main\java\com\example\api\controller\CommonController.java,62
JDK:java.base,N/A,false,ClassOrInterfaceType,java.lang.Exception,Exception,C:\Users\tyin363\Documents\repos\dibo-software__diboot\rest-api-example\src\main\java\com\example\api\controller\system\AiSessionRecordController.java,185
com.diboot:diboot-core,3.7.0,true,MethodCallExpr,com.diboot.core.service.I18nConfigService,getI18nList,C:\Users\tyin363\Documents\repos\dibo-software__diboot\rest-api-example\src\main\java\com\example\api\controller\system\I18nConfigController.java,74
com.diboot:diboot-iam-spring-boot-starter,3.7.0,false,ClassOrInterfaceType,com.diboot.iam.sso.SSOManager,SSOManager,C:\Users\tyin363\Documents\repos\dibo-software__diboot\rest-api-example\src\main\java\com\example\api\controller\iam\SSOClientController.java,43
com.diboot:diboot-iam-spring-boot-starter,3.7.0,false,MethodReferenceExpr,com.diboot.iam.entity.IamUserRole,getUserType,C:\Users\tyin363\Documents\repos\dibo-software__diboot\rest-api-example\src\main\java\com\example\api\controller\iam\RoleController.java,141
JDK:java.base,N/A,false,ClassOrInterfaceType,java.lang.String,String,C:\Users\tyin363\Documents\repos\dibo-software__diboot\rest-api-example\src\main\java\com\example\api\controller\iam\TenantController.java,130
JDK:java.base,N/A,false,ClassOrInterfaceType,java.util.List,List,C:\Users\tyin363\Documents\repos\dibo-software__diboot\rest-api-example\src\main\java\com\example\api\controller\system\FileController.java,76
com.diboot:diboot-core,3.7.0,true,MethodReferenceExpr,com.diboot.core.entity.Dictionary,getParentId,C:\Users\tyin363\Documents\repos\dibo-software__diboot\rest-api-example\src\main\java\com\example\api\controller\system\DictionaryController.java,152
com.diboot:diboot-core,3.7.0,true,MethodCallExpr,com.diboot.core.controller.BaseCrudRestController,getViewObjectList,C:\Users\tyin363\Documents\repos\dibo-software__diboot\rest-api-example\src\main\java\com\example\api\controller\iam\ResourceController.java,58
JDK:java.base,N/A,false,ClassOrInterfaceType,java.lang.Exception,Exception,C:\Users\tyin363\Documents\repos\dibo-software__diboot\rest-api-example\src\main\java\com\example\api\controller\system\ScheduleJobController.java,175
com.diboot:diboot-iam-spring-boot-starter,3.7.0,false,FieldAccessExpr,com.diboot.iam.annotation.OperationCons,CODE_READ,C:\Users\tyin363\Documents\repos\dibo-software__diboot\rest-api-example\src\main\java\com\example\api\controller\system\DictionaryController.java,50
com.diboot:diboot-core,3.7.0,true,ClassOrInterfaceType,com.diboot.core.controller.BaseCrudRestController,BaseCrudRestController,C:\Users\tyin363\Documents\repos\dibo-software__diboot\rest-api-example\src\main\java\com\example\api\controller\system\FileRecordController.java,29
JDK:java.base,N/A,false,ClassOrInterfaceType,java.lang.Exception,Exception,C:\Users\tyin363\Documents\repos\dibo-software__diboot\rest-api-example\src\main\java\com\example\api\controller\system\I18nConfigController.java,100
JDK:java.base,N/A,false,MethodCallExpr,java.util.List,add,C:\Users\tyin363\Documents\repos\dibo-software__diboot\rest-api-example\src\main\java\com\example\api\controller\system\AiSessionRecordController.java,112
com.diboot:diboot-file-spring-boot-starter,3.7.0,false,MethodCallExpr,com.diboot.file.util.ExcelHelper,exportExcel,C:\Users\tyin363\Documents\repos\dibo-software__diboot\rest-api-example\src\main\java\com\example\api\controller\iam\UserExcelController.java,113
com.diboot:diboot-iam-spring-boot-starter,3.7.0,false,MethodReferenceExpr,com.diboot.iam.entity.IamAccount,getAuthAccount,C:\Users\tyin363\Documents\repos\dibo-software__diboot\rest-api-example\src\main\java\com\example\api\controller\iam\UserController.java,156
com.diboot:diboot-iam-spring-boot-starter,3.7.0,false,FieldAccessExpr,com.diboot.iam.annotation.OperationCons,CODE_WRITE,C:\Users\tyin363\Documents\repos\dibo-software__diboot\rest-api-example\src\main\java\com\example\api\controller\system\AiSessionRecordController.java,127
com.diboot:diboot-iam-spring-boot-starter,3.7.0,false,ClassOrInterfaceType,com.diboot.iam.dto.IamRoleFormDTO,IamRoleFormDTO,C:\Users\tyin363\Documents\repos\dibo-software__diboot\rest-api-example\src\main\java\com\example\api\controller\iam\RoleController.java,125
JDK:java.base,N/A,false,ClassOrInterfaceType,java.io.Serializable,Serializable,C:\Users\tyin363\Documents\repos\dibo-software__diboot\rest-api-example\src\main\java\com\example\api\controller\iam\RoleController.java,196
JDK:java.base,N/A,false,ClassOrInterfaceType,java.util.List,List,C:\Users\tyin363\Documents\repos\dibo-software__diboot\rest-api-example\src\main\java\com\example\api\controller\system\SystemConfigController.java,58
com.diboot:diboot-core,3.7.0,true,MethodCallExpr,com.diboot.core.vo.JsonResult,bindPagination,C:\Users\tyin363\Documents\repos\dibo-software__diboot\rest-api-example\src\main\java\com\example\api\controller\iam\OrgController.java,61
com.diboot:diboot-core,3.7.0,true,ClassOrInterfaceType,com.diboot.core.vo.JsonResult,JsonResult,C:\Users\tyin363\Documents\repos\dibo-software__diboot\rest-api-example\src\main\java\com\example\api\controller\iam\TenantController.java,193
com.diboot:diboot-iam-spring-boot-starter,3.7.0,false,MethodCallExpr,com.diboot.iam.dto.PwdCredential,setPassword,C:\Users\tyin363\Documents\repos\dibo-software__diboot\rest-api-example\src\main\java\com\example\api\controller\iam\AuthTokenController.java,109
com.diboot:diboot-core,3.7.0,true,ClassOrInterfaceType,com.diboot.core.vo.Pagination,Pagination,C:\Users\tyin363\Documents\repos\dibo-software__diboot\rest-api-example\src\main\java\com\example\api\controller\iam\TenantController.java,69
JDK:java.base,N/A,false,ClassOrInterfaceType,java.lang.String,String,C:\Users\tyin363\Documents\repos\dibo-software__diboot\rest-api-example\src\main\java\com\example\api\controller\system\ScheduleJobController.java,190
com.diboot:diboot-iam-spring-boot-starter,3.7.0,false,FieldAccessExpr,com.diboot.iam.annotation.OperationCons,LABEL_DETAIL,C:\Users\tyin363\Documents\repos\dibo-software__diboot\rest-api-example\src\main\java\com\example\api\controller\system\MessageController.java,66
CLIENT:client-code,N/A,false,ClassOrInterfaceType,com.example.api.excel.model.UserImportModel,UserImportModel,C:\Users\tyin363\Documents\repos\dibo-software__diboot\rest-api-example\src\main\java\com\example\api\controller\iam\UserExcelController.java,59
com.diboot:diboot-iam-spring-boot-starter,3.7.0,false,FieldAccessExpr,com.diboot.iam.annotation.OperationCons,CODE_READ,C:\Users\tyin363\Documents\repos\dibo-software__diboot\rest-api-example\src\main\java\com\example\api\controller\iam\OperationLogController.java,72
com.baomidou:mybatis-plus-core,3.5.12,true,MethodCallExpr,com.baomidou.mybatisplus.core.toolkit.Wrappers,lambdaQuery,C:\Users\tyin363\Documents\repos\dibo-software__diboot\rest-api-example\src\main\java\com\example\api\controller\system\I18nConfigController.java,87
jakarta.servlet:jakarta.servlet-api,6.0.0,true,MethodCallExpr,jakarta.servlet.http.HttpServletResponse,setHeader,C:\Users\tyin363\Documents\repos\dibo-software__diboot\rest-api-example\src\main\java\com\example\api\controller\iam\AuthTokenController.java,81
com.diboot:diboot-iam-spring-boot-starter,3.7.0,false,ClassOrInterfaceType,com.diboot.iam.service.IamAccountService,IamAccountService,C:\Users\tyin363\Documents\repos\dibo-software__diboot\rest-api-example\src\main\java\com\example\api\controller\iam\TenantController.java,53
JDK:java.base,N/A,false,MethodCallExpr,java.util.Locale,getCountry,C:\Users\tyin363\Documents\repos\dibo-software__diboot\rest-api-example\src\main\java\com\example\api\controller\system\I18nConfigController.java,57
JDK:java.base,N/A,false,ClassOrInterfaceType,java.util.List,List,C:\Users\tyin363\Documents\repos\dibo-software__diboot\rest-api-example\src\main\java\com\example\api\excel\listener\UserImportExcelListener.java,95
com.diboot:diboot-core,3.7.0,true,ClassOrInterfaceType,com.diboot.core.vo.Pagination,Pagination,C:\Users\tyin363\Documents\repos\dibo-software__diboot\rest-api-example\src\main\java\com\example\api\controller\iam\PositionController.java,54
JDK:java.base,N/A,false,ClassOrInterfaceType,java.lang.Exception,Exception,C:\Users\tyin363\Documents\repos\dibo-software__diboot\rest-api-example\src\main\java\com\example\api\controller\system\SystemConfigController.java,117
com.squareup.okhttp3:okhttp-sse,4.12.0,true,ClassOrInterfaceType,okhttp3.sse.EventSource,EventSource,C:\Users\tyin363\Documents\repos\dibo-software__diboot\rest-api-example\src\main\java\com\example\api\controller\system\AiSessionRecordController.java,139
com.diboot:diboot-core,3.7.0,true,MethodCallExpr,com.diboot.core.service.BaseService,getEntityList,C:\Users\tyin363\Documents\repos\dibo-software__diboot\rest-api-example\src\main\java\com\example\api\controller\iam\UserController.java,175
com.diboot:diboot-iam-spring-boot-starter,3.7.0,false,FieldAccessExpr,com.diboot.iam.config.Cons,CACHE_CAPTCHA,C:\Users\tyin363\Documents\repos\dibo-software__diboot\rest-api-example\src\main\java\com\example\api\controller\iam\AuthTokenController.java,87
com.diboot:diboot-iam-spring-boot-starter,3.7.0,false,FieldAccessExpr,com.diboot.iam.annotation.OperationCons,LABEL_DETAIL,C:\Users\tyin363\Documents\repos\dibo-software__diboot\rest-api-example\src\main\java\com\example\api\controller\system\MessageController.java,67
com.diboot:diboot-iam-spring-boot-starter,3.7.0,false,ClassOrInterfaceType,com.diboot.iam.entity.IamUserRole,IamUserRole,C:\Users\tyin363\Documents\repos\dibo-software__diboot\rest-api-example\src\main\java\com\example\api\controller\iam\RoleController.java,157
com.diboot:diboot-iam-spring-boot-starter,3.7.0,false,MethodCallExpr,com.diboot.iam.sso.SSOManager,getAuthType,C:\Users\tyin363\Documents\repos\dibo-software__diboot\rest-api-example\src\main\java\com\example\api\controller\iam\SSOClientController.java,44
JDK:java.base,N/A,false,ClassOrInterfaceType,java.lang.String,String,C:\Users\tyin363\Documents\repos\dibo-software__diboot\rest-api-example\src\main\java\com\example\api\controller\iam\UserController.java,125
com.diboot:diboot-core,3.7.0,true,MethodCallExpr,com.diboot.core.service.GeneralService,createEntity,C:\Users\tyin363\Documents\repos\dibo-software__diboot\rest-api-example\src\main\java\com\example\api\controller\system\AiSessionRecordController.java,102
com.diboot:diboot-core,3.7.0,true,MethodCallExpr,com.diboot.core.util.BeanUtils,buildTree,C:\Users\tyin363\Documents\repos\dibo-software__diboot\rest-api-example\src\main\java\com\example\api\controller\iam\RoleController.java,96
com.baomidou:mybatis-plus-core,3.5.12,true,MethodCallExpr,com.baomidou.mybatisplus.core.conditions.interfaces.Func,in,C:\Users\tyin363\Documents\repos\dibo-software__diboot\rest-api-example\src\main\java\com\example\api\excel\listener\UserImportExcelListener.java,73
JDK:java.base,N/A,false,MethodCallExpr,java.util.List,add,C:\Users\tyin363\Documents\repos\dibo-software__diboot\rest-api-example\src\main\java\com\example\api\controller\system\AiSessionRecordController.java,114
com.diboot:diboot-iam-spring-boot-starter,3.7.0,false,MethodReferenceExpr,com.diboot.iam.entity.IamResource,getResourceCode,C:\Users\tyin363\Documents\repos\dibo-software__diboot\rest-api-example\src\main\java\com\example\api\controller\iam\AuthTokenController.java,183
JDK:java.base,N/A,false,ClassOrInterfaceType,java.util.Map,Map,C:\Users\tyin363\Documents\repos\dibo-software__diboot\rest-api-example\src\main\java\com\example\api\excel\listener\UserImportExcelListener.java,90
JDK:java.base,N/A,false,ClassOrInterfaceType,java.lang.Exception,Exception,C:\Users\tyin363\Documents\repos\dibo-software__diboot\rest-api-example\src\main\java\com\example\api\controller\iam\ResourceController.java,107
com.diboot:diboot-core,3.7.0,true,MethodCallExpr,com.diboot.core.util.V,equals,C:\Users\tyin363\Documents\repos\dibo-software__diboot\rest-api-example\src\main\java\com\example\api\controller\iam\UserController.java,172
JDK:java.base,N/A,false,ClassOrInterfaceType,java.util.HashMap,HashMap,C:\Users\tyin363\Documents\repos\dibo-software__diboot\rest-api-example\src\main\java\com\example\api\controller\CommonController.java,46
com.diboot:diboot-core,3.7.0,true,MethodCallExpr,com.diboot.core.vo.JsonResult,OK,C:\Users\tyin363\Documents\repos\dibo-software__diboot\rest-api-example\src\main\java\com\example\api\controller\iam\TenantController.java,85
com.diboot:diboot-core,3.7.0,true,MethodCallExpr,com.diboot.core.controller.BaseCrudRestController,getViewObject,C:\Users\tyin363\Documents\repos\dibo-software__diboot\rest-api-example\src\main\java\com\example\api\controller\system\ScheduleJobController.java,67
com.diboot:diboot-core,3.7.0,true,MethodCallExpr,com.diboot.core.vo.JsonResult,OK,C:\Users\tyin363\Documents\repos\dibo-software__diboot\rest-api-example\src\main\java\com\example\api\controller\system\ScheduleJobController.java,142
com.diboot:diboot-core,3.7.0,true,MethodCallExpr,com.diboot.core.vo.Pagination,getOrderBy,C:\Users\tyin363\Documents\repos\dibo-software__diboot\rest-api-example\src\main\java\com\example\api\controller\system\FileRecordController.java,45
JDK:java.base,N/A,false,MethodCallExpr,java.util.Locale,getCountry,C:\Users\tyin363\Documents\repos\dibo-software__diboot\rest-api-example\src\main\java\com\example\api\controller\system\I18nConfigController.java,56
com.diboot:diboot-iam-spring-boot-starter,3.7.0,false,FieldAccessExpr,com.diboot.iam.annotation.OperationCons,LABEL_IMPORT,C:\Users\tyin363\Documents\repos\dibo-software__diboot\rest-api-example\src\main\java\com\example\api\controller\iam\UserExcelController.java,78
com.diboot:diboot-ai-spring-boot-starter,3.7.0,false,MethodCallExpr,com.diboot.ai.config.AiConfiguration,getQwen,C:\Users\tyin363\Documents\repos\dibo-software__diboot\rest-api-example\src\main\java\com\example\api\controller\system\AiSessionRecordController.java,112
jakarta.servlet:jakarta.servlet-api,6.0.0,true,MethodCallExpr,jakarta.servlet.ServletResponse,setContentType,C:\Users\tyin363\Documents\repos\dibo-software__diboot\rest-api-example\src\main\java\com\example\api\controller\system\AiSessionRecordController.java,131
JDK:java.base,N/A,false,ClassOrInterfaceType,java.util.List,List,C:\Users\tyin363\Documents\repos\dibo-software__diboot\rest-api-example\src\main\java\com\example\api\controller\system\AiSessionRecordController.java,191
JDK:java.base,N/A,false,MethodCallExpr,java.util.List,add,C:\Users\tyin363\Documents\repos\dibo-software__diboot\rest-api-example\src\main\java\com\example\api\controller\system\AiSessionRecordController.java,113
JDK:java.base,N/A,false,ClassOrInterfaceType,java.lang.String,String,C:\Users\tyin363\Documents\repos\dibo-software__diboot\rest-api-example\src\main\java\com\example\api\controller\system\MessageTemplateController.java,120
com.diboot:diboot-core,3.7.0,true,ClassOrInterfaceType,com.diboot.core.vo.JsonResult,JsonResult,C:\Users\tyin363\Documents\repos\dibo-software__diboot\rest-api-example\src\main\java\com\example\api\controller\system\MessageController.java,82
JDK:java.base,N/A,false,ClassOrInterfaceType,java.lang.String,String,C:\Users\tyin363\Documents\repos\dibo-software__diboot\rest-api-example\src\main\java\com\example\api\controller\iam\PositionController.java,121
com.diboot:diboot-core,3.7.0,true,ClassOrInterfaceType,com.diboot.core.vo.JsonResult,JsonResult,C:\Users\tyin363\Documents\repos\dibo-software__diboot\rest-api-example\src\main\java\com\example\api\controller\iam\RoleController.java,125
com.baomidou:mybatis-plus-core,3.5.12,true,MethodCallExpr,com.baomidou.mybatisplus.core.toolkit.Wrappers,lambdaQuery,C:\Users\tyin363\Documents\repos\dibo-software__diboot\rest-api-example\src\main\java\com\example\api\controller\iam\TenantController.java,236
com.diboot:diboot-core,3.7.0,true,MethodCallExpr,com.diboot.core.controller.BaseController,buildQueryWrapperByDTO,C:\Users\tyin363\Documents\repos\dibo-software__diboot\rest-api-example\src\main\java\com\example\api\controller\iam\UserController.java,77
JDK:java.base,N/A,false,MethodCallExpr,java.util.Collections,singletonList,C:\Users\tyin363\Documents\repos\dibo-software__diboot\rest-api-example\src\main\java\com\example\api\controller\system\AiSessionRecordController.java,160
com.diboot:diboot-iam-spring-boot-starter,3.7.0,false,FieldAccessExpr,com.diboot.iam.dto.ClientCredential,AUTH_TYPE,C:\Users\tyin363\Documents\repos\dibo-software__diboot\rest-api-example\src\main\java\com\example\api\controller\iam\AuthTokenController.java,198
CLIENT:client-code,N/A,false,ClassOrInterfaceType,com.example.api.excel.model.UserExportModel,UserExportModel,C:\Users\tyin363\Documents\repos\dibo-software__diboot\rest-api-example\src\main\java\com\example\api\controller\iam\UserExcelController.java,131
JDK:java.base,N/A,false,ClassOrInterfaceType,java.lang.Exception,Exception,C:\Users\tyin363\Documents\repos\dibo-software__diboot\rest-api-example\src\main\java\com\example\api\controller\iam\ClientController.java,90
com.diboot:diboot-iam-spring-boot-starter,3.7.0,false,FieldAccessExpr,com.diboot.iam.annotation.OperationCons,LABEL_UPDATE,C:\Users\tyin363\Documents\repos\dibo-software__diboot\rest-api-example\src\main\java\com\example\api\controller\iam\GroupController.java,85
com.baomidou:mybatis-plus-core,3.5.12,true,ClassOrInterfaceType,com.baomidou.mybatisplus.core.conditions.query.LambdaQueryWrapper,LambdaQueryWrapper,C:\Users\tyin363\Documents\repos\dibo-software__diboot\rest-api-example\src\main\java\com\example\api\controller\system\MessageTemplateController.java,124
com.diboot:diboot-core,3.7.0,true,MethodCallExpr,com.diboot.core.vo.JsonResult,OK,C:\Users\tyin363\Documents\repos\dibo-software__diboot\rest-api-example\src\main\java\com\example\api\controller\system\AiSessionController.java,99
com.diboot:diboot-iam-spring-boot-starter,3.7.0,false,MethodCallExpr,com.diboot.iam.service.IamAccountService,changePwd,C:\Users\tyin363\Documents\repos\dibo-software__diboot\rest-api-example\src\main\java\com\example\api\controller\iam\UserController.java,231
com.diboot:diboot-core,3.7.0,true,ClassOrInterfaceType,com.diboot.core.vo.JsonResult,JsonResult,C:\Users\tyin363\Documents\repos\dibo-software__diboot\rest-api-example\src\main\java\com\example\api\controller\iam\UserExcelController.java,109
com.diboot:diboot-core,3.7.0,true,MethodCallExpr,com.diboot.core.vo.JsonResult,OK,C:\Users\tyin363\Documents\repos\dibo-software__diboot\rest-api-example\src\main\java\com\example\api\controller\iam\ClientController.java,141
JDK:java.base,N/A,false,ClassOrInterfaceType,java.util.ArrayList,ArrayList,C:\Users\tyin363\Documents\repos\dibo-software__diboot\rest-api-example\src\main\java\com\example\api\excel\listener\UserImportExcelListener.java,41
com.diboot:diboot-core,3.7.0,true,MethodCallExpr,com.diboot.core.vo.JsonResult,OK,C:\Users\tyin363\Documents\repos\dibo-software__diboot\rest-api-example\src\main\java\com\example\api\controller\iam\TenantController.java,100
JDK:java.base,N/A,false,ClassOrInterfaceType,java.lang.String,String,C:\Users\tyin363\Documents\repos\dibo-software__diboot\rest-api-example\src\main\java\com\example\api\excel\listener\UserImportExcelListener.java,28
JDK:java.base,N/A,false,ClassOrInterfaceType,java.util.List,List,C:\Users\tyin363\Documents\repos\dibo-software__diboot\rest-api-example\src\main\java\com\example\api\controller\iam\UserController.java,175
JDK:java.base,N/A,false,ObjectCreationExpr,java.util.HashMap,HashMap,C:\Users\tyin363\Documents\repos\dibo-software__diboot\rest-api-example\src\main\java\com\example\api\controller\system\FileController.java,91
JDK:java.base,N/A,false,ObjectCreationExpr,java.util.ArrayList,ArrayList,C:\Users\tyin363\Documents\repos\dibo-software__diboot\rest-api-example\src\main\java\com\example\api\controller\system\FileController.java,77
com.diboot:diboot-core,3.7.0,true,MethodCallExpr,com.diboot.core.vo.JsonResult,OK,C:\Users\tyin363\Documents\repos\dibo-software__diboot\rest-api-example\src\main\java\com\example\api\controller\system\SystemConfigController.java,164
com.diboot:diboot-iam-spring-boot-starter,3.7.0,false,MethodCallExpr,com.diboot.iam.vo.IamUserVO,getGenderLabel,C:\Users\tyin363\Documents\repos\dibo-software__diboot\rest-api-example\src\main\java\com\example\api\controller\iam\UserExcelController.java,139
JDK:java.base,N/A,false,ClassOrInterfaceType,java.util.List,List,C:\Users\tyin363\Documents\repos\dibo-software__diboot\rest-api-example\src\main\java\com\example\api\excel\listener\UserImportExcelListener.java,117
com.diboot:diboot-iam-spring-boot-starter,3.7.0,false,FieldAccessExpr,com.diboot.iam.annotation.OperationCons,LABEL_LIST,C:\Users\tyin363\Documents\repos\dibo-software__diboot\rest-api-example\src\main\java\com\example\api\controller\iam\UserController.java,62
com.diboot:diboot-iam-spring-boot-starter,3.7.0,false,FieldAccessExpr,com.diboot.iam.annotation.OperationCons,LABEL_UPDATE,C:\Users\tyin363\Documents\repos\dibo-software__diboot\rest-api-example\src\main\java\com\example\api\controller\system\ScheduleJobController.java,88
JDK:java.base,N/A,false,ClassOrInterfaceType,java.util.Map,Map,C:\Users\tyin363\Documents\repos\dibo-software__diboot\rest-api-example\src\main\java\com\example\api\controller\iam\SSOClientController.java,55
com.diboot:diboot-iam-spring-boot-starter,3.7.0,false,ClassOrInterfaceType,com.diboot.iam.entity.IamAccount,IamAccount,C:\Users\tyin363\Documents\repos\dibo-software__diboot\rest-api-example\src\main\java\com\example\api\controller\iam\UserController.java,155
com.diboot:diboot-iam-spring-boot-starter,3.7.0,false,FieldAccessExpr,com.diboot.iam.annotation.OperationCons,LABEL_CREATE,C:\Users\tyin363\Documents\repos\dibo-software__diboot\rest-api-example\src\main\java\com\example\api\controller\system\MessageTemplateController.java,79
com.diboot:diboot-core,3.7.0,true,ClassOrInterfaceType,com.diboot.core.vo.JsonResult,JsonResult,C:\Users\tyin363\Documents\repos\dibo-software__diboot\rest-api-example\src\main\java\com\example\api\controller\iam\LoginTraceController.java,64
com.diboot:diboot-core,3.7.0,true,ClassOrInterfaceType,com.diboot.core.vo.DictionaryVO,DictionaryVO,C:\Users\tyin363\Documents\repos\dibo-software__diboot\rest-api-example\src\main\java\com\example\api\controller\system\DictionaryController.java,84
com.diboot:diboot-iam-spring-boot-starter,3.7.0,false,FieldAccessExpr,com.diboot.iam.annotation.OperationCons,LABEL_DETAIL,C:\Users\tyin363\Documents\repos\dibo-software__diboot\rest-api-example\src\main\java\com\example\api\controller\system\DictionaryController.java,69
com.diboot:diboot-core,3.7.0,true,MethodCallExpr,com.diboot.core.service.BaseService,getViewObjectList,C:\Users\tyin363\Documents\repos\dibo-software__diboot\rest-api-example\src\main\java\com\example\api\controller\system\DictionaryController.java,58
com.diboot:diboot-notification-spring-boot-starter,3.7.0,false,ClassOrInterfaceType,com.diboot.notification.entity.MessageTemplate,MessageTemplate,C:\Users\tyin363\Documents\repos\dibo-software__diboot\rest-api-example\src\main\java\com\example\api\controller\system\MessageTemplateController.java,124
JDK:java.base,N/A,false,ObjectCreationExpr,java.util.ArrayList,ArrayList,C:\Users\tyin363\Documents\repos\dibo-software__diboot\rest-api-example\src\main\java\com\example\api\controller\system\AiSessionRecordController.java,191
com.diboot:diboot-iam-spring-boot-starter,3.7.0,false,FieldAccessExpr,com.diboot.iam.annotation.OperationCons,LABEL_LIST,C:\Users\tyin363\Documents\repos\dibo-software__diboot\rest-api-example\src\main\java\com\example\api\controller\system\MessageController.java,52
com.diboot:diboot-core,3.7.0,true,MethodCallExpr,com.diboot.core.service.BaseService,getViewObjectList,C:\Users\tyin363\Documents\repos\dibo-software__diboot\rest-api-example\src\main\java\com\example\api\controller\iam\ResourceController.java,79
com.diboot:diboot-notification-spring-boot-starter,3.7.0,false,ClassOrInterfaceType,com.diboot.notification.service.MessageTemplateService,MessageTemplateService,C:\Users\tyin363\Documents\repos\dibo-software__diboot\rest-api-example\src\main\java\com\example\api\controller\system\MessageTemplateController.java,39
com.diboot:diboot-core,3.7.0,true,MethodReferenceExpr,com.diboot.core.entity.AbstractEntity,getId,C:\Users\tyin363\Documents\repos\dibo-software__diboot\rest-api-example\src\main\java\com\example\api\controller\iam\PositionController.java,140
JDK:java.base,N/A,false,ClassOrInterfaceType,java.lang.String,String,C:\Users\tyin363\Documents\repos\dibo-software__diboot\rest-api-example\src\main\java\com\example\api\controller\iam\ResourceController.java,149
JDK:java.base,N/A,false,ObjectCreationExpr,java.util.ArrayList,ArrayList,C:\Users\tyin363\Documents\repos\dibo-software__diboot\rest-api-example\src\main\java\com\example\api\controller\system\FileController.java,76
com.diboot:diboot-iam-spring-boot-starter,3.7.0,false,FieldAccessExpr,com.diboot.iam.annotation.OperationCons,LABEL_LIST,C:\Users\tyin363\Documents\repos\dibo-software__diboot\rest-api-example\src\main\java\com\example\api\controller\iam\UserController.java,63
com.diboot:diboot-core,3.7.0,true,MethodCallExpr,com.diboot.core.vo.JsonResult,OK,C:\Users\tyin363\Documents\repos\dibo-software__diboot\rest-api-example\src\main\java\com\example\api\controller\iam\OperationLogController.java,76
com.diboot:diboot-iam-spring-boot-starter,3.7.0,false,FieldAccessExpr,com.diboot.iam.annotation.OperationCons,LABEL_CREATE,C:\Users\tyin363\Documents\repos\dibo-software__diboot\rest-api-example\src\main\java\com\example\api\controller\system\MessageTemplateController.java,78
com.diboot:diboot-iam-spring-boot-starter,3.7.0,false,ClassOrInterfaceType,com.diboot.iam.entity.IamAccount,IamAccount,C:\Users\tyin363\Documents\repos\dibo-software__diboot\rest-api-example\src\main\java\com\example\api\controller\iam\UserController.java,154
com.diboot:diboot-core,3.7.0,true,MethodCallExpr,com.diboot.core.vo.JsonResult,OK,C:\Users\tyin363\Documents\repos\dibo-software__diboot\rest-api-example\src\main\java\com\example\api\controller\system\AiSessionRecordController.java,116
com.diboot:diboot-core,3.7.0,true,ClassOrInterfaceType,com.diboot.core.vo.JsonResult,JsonResult,C:\Users\tyin363\Documents\repos\dibo-software__diboot\rest-api-example\src\main\java\com\example\api\controller\iam\ClientController.java,104
com.diboot:diboot-tenant-spring-boot-starter,3.7.0,false,MethodCallExpr,com.diboot.tenant.service.IamTenantService,getResourceIds,C:\Users\tyin363\Documents\repos\dibo-software__diboot\rest-api-example\src\main\java\com\example\api\controller\iam\TenantController.java,212
JDK:java.base,N/A,false,ClassOrInterfaceType,java.lang.String,String,C:\Users\tyin363\Documents\repos\dibo-software__diboot\rest-api-example\src\main\java\com\example\api\excel\listener\UserImportExcelListener.java,30
com.diboot:diboot-core,3.7.0,true,MethodCallExpr,com.diboot.core.vo.Pagination,setOrderBy,C:\Users\tyin363\Documents\repos\dibo-software__diboot\rest-api-example\src\main\java\com\example\api\controller\system\FileRecordController.java,46
JDK:java.base,N/A,false,ClassOrInterfaceType,java.util.Map,Map,C:\Users\tyin363\Documents\repos\dibo-software__diboot\rest-api-example\src\main\java\com\example\api\controller\CommonController.java,59
com.diboot:diboot-iam-spring-boot-starter,3.7.0,false,FieldAccessExpr,com.diboot.iam.annotation.OperationCons,LABEL_DETAIL,C:\Users\tyin363\Documents\repos\dibo-software__diboot\rest-api-example\src\main\java\com\example\api\controller\iam\ResourceController.java,91
com.diboot:diboot-core,3.7.0,true,ClassOrInterfaceType,com.diboot.core.entity.Dictionary,Dictionary,C:\Users\tyin363\Documents\repos\dibo-software__diboot\rest-api-example\src\main\java\com\example\api\controller\system\DictionaryController.java,154
com.diboot:diboot-iam-spring-boot-starter,3.7.0,false,FieldAccessExpr,com.diboot.iam.annotation.OperationCons,CODE_WRITE,C:\Users\tyin363\Documents\repos\dibo-software__diboot\rest-api-example\src\main\java\com\example\api\controller\system\FileRecordController.java,73
JDK:java.base,N/A,false,ClassOrInterfaceType,java.lang.Throwable,Throwable,C:\Users\tyin363\Documents\repos\dibo-software__diboot\rest-api-example\src\main\java\com\example\api\controller\system\AiSessionRecordController.java,153
com.diboot:diboot-file-spring-boot-starter,3.7.0,false,ClassOrInterfaceType,com.diboot.file.service.FileStorageService,FileStorageService,C:\Users\tyin363\Documents\repos\dibo-software__diboot\rest-api-example\src\main\java\com\example\api\controller\system\FileController.java,40
com.diboot:diboot-iam-spring-boot-starter,3.7.0,false,FieldAccessExpr,com.diboot.iam.annotation.OperationCons,LABEL_LIST,C:\Users\tyin363\Documents\repos\dibo-software__diboot\rest-api-example\src\main\java\com\example\api\controller\system\MessageController.java,53
com.diboot:diboot-core,3.7.0,true,MethodCallExpr,com.diboot.core.util.V,isEmpty,C:\Users\tyin363\Documents\repos\dibo-software__diboot\rest-api-example\src\main\java\com\example\api\controller\iam\SSOClientController.java,57
com.diboot:diboot-iam-spring-boot-starter,3.7.0,false,FieldAccessExpr,com.diboot.iam.annotation.OperationCons,CODE_WRITE,C:\Users\tyin363\Documents\repos\dibo-software__diboot\rest-api-example\src\main\java\com\example\api\controller\iam\OrgController.java,114
com.diboot:diboot-core,3.7.0,true,ClassOrInterfaceType,com.diboot.core.vo.JsonResult,JsonResult,C:\Users\tyin363\Documents\repos\dibo-software__diboot\rest-api-example\src\main\java\com\example\api\controller\system\AiSessionController.java,63
com.diboot:diboot-iam-spring-boot-starter,3.7.0,false,ClassOrInterfaceType,com.diboot.iam.entity.IamGroup,IamGroup,C:\Users\tyin363\Documents\repos\dibo-software__diboot\rest-api-example\src\main\java\com\example\api\controller\iam\GroupController.java,73
JDK:java.base,N/A,false,ClassOrInterfaceType,java.lang.Exception,Exception,C:\Users\tyin363\Documents\repos\dibo-software__diboot\rest-api-example\src\main\java\com\example\api\controller\system\MessageTemplateController.java,120
com.baomidou:mybatis-plus-core,3.5.12,true,MethodCallExpr,com.baomidou.mybatisplus.core.toolkit.Wrappers,lambdaQuery,C:\Users\tyin363\Documents\repos\dibo-software__diboot\rest-api-example\src\main\java\com\example\api\controller\system\SystemConfigController.java,46
com.diboot:diboot-core,3.7.0,true,MethodCallExpr,com.diboot.core.service.BaseService,isValueUnique,C:\Users\tyin363\Documents\repos\dibo-software__diboot\rest-api-example\src\main\java\com\example\api\controller\iam\ClientController.java,140
com.diboot:diboot-notification-spring-boot-starter,3.7.0,false,ClassOrInterfaceType,com.diboot.notification.entity.MessageTemplate,MessageTemplate,C:\Users\tyin363\Documents\repos\dibo-software__diboot\rest-api-example\src\main\java\com\example\api\controller\system\MessageTemplateController.java,126
com.diboot:diboot-iam-spring-boot-starter,3.7.0,false,ClassOrInterfaceType,com.diboot.iam.entity.IamOperationLog,IamOperationLog,C:\Users\tyin363\Documents\repos\dibo-software__diboot\rest-api-example\src\main\java\com\example\api\controller\iam\OperationLogController.java,46
com.diboot:diboot-core,3.7.0,true,MethodCallExpr,com.diboot.core.vo.JsonResult,OK,C:\Users\tyin363\Documents\repos\dibo-software__diboot\rest-api-example\src\main\java\com\example\api\controller\iam\AuthTokenController.java,187
org.springframework:spring-webmvc,6.2.8,true,MethodCallExpr,org.springframework.web.servlet.mvc.method.annotation.ResponseBodyEmitter,completeWithError,C:\Users\tyin363\Documents\repos\dibo-software__diboot\rest-api-example\src\main\java\com\example\api\controller\system\AiSessionRecordController.java,154
JDK:java.base,N/A,false,ClassOrInterfaceType,java.util.ArrayList,ArrayList,C:\Users\tyin363\Documents\repos\dibo-software__diboot\rest-api-example\src\main\java\com\example\api\excel\listener\UserImportExcelListener.java,42
JDK:java.base,N/A,false,ClassOrInterfaceType,java.lang.String,String,C:\Users\tyin363\Documents\repos\dibo-software__diboot\rest-api-example\src\main\java\com\example\api\controller\system\FileController.java,45
com.diboot:diboot-core,3.7.0,true,ClassOrInterfaceType,com.diboot.core.entity.Dictionary,Dictionary,C:\Users\tyin363\Documents\repos\dibo-software__diboot\rest-api-example\src\main\java\com\example\api\controller\system\DictionaryController.java,153
JDK:java.base,N/A,false,ClassOrInterfaceType,java.util.Map,Map,C:\Users\tyin363\Documents\repos\dibo-software__diboot\rest-api-example\src\main\java\com\example\api\controller\CommonController.java,60
com.diboot:diboot-iam-spring-boot-starter,3.7.0,false,FieldAccessExpr,com.diboot.iam.annotation.OperationCons,LABEL_DETAIL,C:\Users\tyin363\Documents\repos\dibo-software__diboot\rest-api-example\src\main\java\com\example\api\controller\iam\ResourceController.java,92
JDK:java.base,N/A,false,ClassOrInterfaceType,java.lang.String,String,C:\Users\tyin363\Documents\repos\dibo-software__diboot\rest-api-example\src\main\java\com\example\api\excel\listener\UserImportExcelListener.java,29
com.diboot:diboot-core,3.7.0,true,MethodReferenceExpr,com.diboot.core.entity.AbstractEntity,getId,C:\Users\tyin363\Documents\repos\dibo-software__diboot\rest-api-example\src\main\java\com\example\api\controller\iam\PositionController.java,142
com.diboot:diboot-core,3.7.0,true,ClassOrInterfaceType,com.diboot.core.vo.JsonResult,JsonResult,C:\Users\tyin363\Documents\repos\dibo-software__diboot\rest-api-example\src\main\java\com\example\api\controller\system\DictionaryController.java,52
com.diboot:diboot-core,3.7.0,true,ClassOrInterfaceType,com.diboot.core.entity.Dictionary,Dictionary,C:\Users\tyin363\Documents\repos\dibo-software__diboot\rest-api-example\src\main\java\com\example\api\controller\system\DictionaryController.java,152
com.diboot:diboot-core,3.7.0,true,MethodCallExpr,com.diboot.core.util.V,isEmpty,C:\Users\tyin363\Documents\repos\dibo-software__diboot\rest-api-example\src\main\java\com\example\api\controller\iam\UserExcelController.java,132
com.squareup.okhttp3:okhttp-sse,4.12.0,true,ClassOrInterfaceType,okhttp3.sse.EventSource,EventSource,C:\Users\tyin363\Documents\repos\dibo-software__diboot\rest-api-example\src\main\java\com\example\api\controller\system\AiSessionRecordController.java,153
com.diboot:diboot-core,3.7.0,true,MethodCallExpr,com.diboot.core.vo.JsonResult,OK,C:\Users\tyin363\Documents\repos\dibo-software__diboot\rest-api-example\src\main\java\com\example\api\controller\iam\UserController.java,176
JDK:java.base,N/A,false,ClassOrInterfaceType,java.lang.Exception,Exception,C:\Users\tyin363\Documents\repos\dibo-software__diboot\rest-api-example\src\main\java\com\example\api\controller\system\ScheduleJobController.java,131
com.diboot:diboot-core,3.7.0,true,MethodCallExpr,com.diboot.core.vo.JsonResult,OK,C:\Users\tyin363\Documents\repos\dibo-software__diboot\rest-api-example\src\main\java\com\example\api\controller\iam\OrgController.java,61
JDK:java.base,N/A,false,MethodCallExpr,java.util.Map,forEach,C:\Users\tyin363\Documents\repos\dibo-software__diboot\rest-api-example\src\main\java\com\example\api\controller\CommonController.java,61
JDK:java.base,N/A,false,ClassOrInterfaceType,java.lang.String,String,C:\Users\tyin363\Documents\repos\dibo-software__diboot\rest-api-example\src\main\java\com\example\api\controller\iam\PositionController.java,79
JDK:java.base,N/A,false,ClassOrInterfaceType,java.lang.Exception,Exception,C:\Users\tyin363\Documents\repos\dibo-software__diboot\rest-api-example\src\main\java\com\example\api\controller\system\AiSessionRecordController.java,129
JDK:java.base,N/A,false,ClassOrInterfaceType,java.util.List,List,C:\Users\tyin363\Documents\repos\dibo-software__diboot\rest-api-example\src\main\java\com\example\api\controller\system\AiSessionRecordController.java,186
com.diboot:diboot-core,3.7.0,true,MethodCallExpr,com.diboot.core.vo.JsonResult,OK,C:\Users\tyin363\Documents\repos\dibo-software__diboot\rest-api-example\src\main\java\com\example\api\controller\iam\SSOClientController.java,70
JDK:java.base,N/A,false,ClassOrInterfaceType,java.lang.Exception,Exception,C:\Users\tyin363\Documents\repos\dibo-software__diboot\rest-api-example\src\main\java\com\example\api\controller\iam\RoleController.java,125
com.baomidou:mybatis-plus-core,3.5.12,true,MethodCallExpr,com.baomidou.mybatisplus.core.conditions.interfaces.Compare,eq,C:\Users\tyin363\Documents\repos\dibo-software__diboot\rest-api-example\src\main\java\com\example\api\controller\system\I18nConfigController.java,87
com.diboot:diboot-core,3.7.0,true,MethodCallExpr,com.diboot.core.util.S,valueOf,C:\Users\tyin363\Documents\repos\dibo-software__diboot\rest-api-example\src\main\java\com\example\api\excel\listener\UserImportExcelListener.java,94
JDK:java.base,N/A,false,ClassOrInterfaceType,java.util.List,List,C:\Users\tyin363\Documents\repos\dibo-software__diboot\rest-api-example\src\main\java\com\example\api\controller\CommonController.java,73
com.diboot:diboot-core,3.7.0,true,MethodCallExpr,com.diboot.core.vo.JsonResult,OK,C:\Users\tyin363\Documents\repos\dibo-software__diboot\rest-api-example\src\main\java\com\example\api\controller\system\DictionaryController.java,89
JDK:java.base,N/A,false,ClassOrInterfaceType,java.lang.Exception,Exception,C:\Users\tyin363\Documents\repos\dibo-software__diboot\rest-api-example\src\main\java\com\example\api\controller\iam\GroupController.java,44
com.diboot:diboot-core,3.7.0,true,ClassOrInterfaceType,com.diboot.core.vo.JsonResult,JsonResult,C:\Users\tyin363\Documents\repos\dibo-software__diboot\rest-api-example\src\main\java\com\example\api\controller\iam\TenantController.java,69
com.diboot:diboot-core,3.7.0,true,ClassOrInterfaceType,com.diboot.core.vo.JsonResult,JsonResult,C:\Users\tyin363\Documents\repos\dibo-software__diboot\rest-api-example\src\main\java\com\example\api\controller\system\SystemConfigController.java,58
com.diboot:diboot-core,3.7.0,true,ClassOrInterfaceType,com.diboot.core.vo.JsonResult,JsonResult,C:\Users\tyin363\Documents\repos\dibo-software__diboot\rest-api-example\src\main\java\com\example\api\controller\iam\OrgController.java,151
JDK:java.base,N/A,false,MethodCallExpr,java.util.stream.Collectors,toList,C:\Users\tyin363\Documents\repos\dibo-software__diboot\rest-api-example\src\main\java\com\example\api\excel\listener\UserImportExcelListener.java,123
com.diboot:diboot-core,3.7.0,true,FieldAccessExpr,com.diboot.core.config.Cons,TREE_ROOT_ID,C:\Users\tyin363\Documents\repos\dibo-software__diboot\rest-api-example\src\main\java\com\example\api\controller\iam\ResourceController.java,72
com.diboot:diboot-tenant-spring-boot-starter,3.7.0,false,ClassOrInterfaceType,com.diboot.tenant.vo.TenantAdminUserVO,TenantAdminUserVO,C:\Users\tyin363\Documents\repos\dibo-software__diboot\rest-api-example\src\main\java\com\example\api\controller\iam\TenantController.java,143
com.diboot:diboot-iam-spring-boot-starter,3.7.0,false,FieldAccessExpr,com.diboot.iam.annotation.OperationCons,CODE_WRITE,C:\Users\tyin363\Documents\repos\dibo-software__diboot\rest-api-example\src\main\java\com\example\api\controller\iam\GroupController.java,99
com.diboot:diboot-file-spring-boot-starter,3.7.0,false,MethodCallExpr,com.diboot.file.controller.BaseExcelFileController,uploadExcelFile,C:\Users\tyin363\Documents\repos\dibo-software__diboot\rest-api-example\src\main\java\com\example\api\controller\iam\UserExcelController.java,92
JDK:java.base,N/A,false,ClassOrInterfaceType,java.util.List,List,C:\Users\tyin363\Documents\repos\dibo-software__diboot\rest-api-example\src\main\java\com\example\api\controller\system\AiSessionRecordController.java,185
com.diboot:diboot-iam-spring-boot-starter,3.7.0,false,ClassOrInterfaceType,com.diboot.iam.entity.SystemConfig,SystemConfig,C:\Users\tyin363\Documents\repos\dibo-software__diboot\rest-api-example\src\main\java\com\example\api\controller\system\SystemConfigController.java,89
com.diboot:diboot-core,3.7.0,true,ClassOrInterfaceType,com.diboot.core.vo.JsonResult,JsonResult,C:\Users\tyin363\Documents\repos\dibo-software__diboot\rest-api-example\src\main\java\com\example\api\controller\system\ScheduleJobController.java,90
com.diboot:diboot-iam-spring-boot-starter,3.7.0,false,ClassOrInterfaceType,com.diboot.iam.entity.IamUser,IamUser,C:\Users\tyin363\Documents\repos\dibo-software__diboot\rest-api-example\src\main\java\com\example\api\job\CasUserSyncJob.java,56
com.diboot:diboot-iam-spring-boot-starter,3.7.0,false,FieldAccessExpr,com.diboot.iam.annotation.OperationCons,CODE_READ,C:\Users\tyin363\Documents\repos\dibo-software__diboot\rest-api-example\src\main\java\com\example\api\controller\system\MessageController.java,67
com.diboot:diboot-core,3.7.0,true,MethodCallExpr,com.diboot.core.util.V,notEmpty,C:\Users\tyin363\Documents\repos\dibo-software__diboot\rest-api-example\src\main\java\com\example\api\controller\system\MessageTemplateController.java,126
com.diboot:diboot-iam-spring-boot-starter,3.7.0,false,ClassOrInterfaceType,com.diboot.iam.entity.IamAccount,IamAccount,C:\Users\tyin363\Documents\repos\dibo-software__diboot\rest-api-example\src\main\java\com\example\api\controller\iam\UserController.java,158
com.diboot:diboot-core,3.7.0,true,ClassOrInterfaceType,com.diboot.core.vo.JsonResult,JsonResult,C:\Users\tyin363\Documents\repos\dibo-software__diboot\rest-api-example\src\main\java\com\example\api\controller\iam\PositionController.java,137
com.diboot:diboot-core,3.7.0,true,MethodCallExpr,com.diboot.core.controller.BaseController,buildQueryWrapperByDTO,C:\Users\tyin363\Documents\repos\dibo-software__diboot\rest-api-example\src\main\java\com\example\api\controller\iam\OperationLogController.java,46
com.diboot:diboot-iam-spring-boot-starter,3.7.0,false,ClassOrInterfaceType,com.diboot.iam.service.IamUserPositionService,IamUserPositionService,C:\Users\tyin363\Documents\repos\dibo-software__diboot\rest-api-example\src\main\java\com\example\api\controller\iam\PositionController.java,40
JDK:java.base,N/A,false,ClassOrInterfaceType,java.util.List,List,C:\Users\tyin363\Documents\repos\dibo-software__diboot\rest-api-example\src\main\java\com\example\api\controller\system\DictionaryController.java,154
com.diboot:diboot-core,3.7.0,true,ObjectCreationExpr,com.diboot.core.vo.JsonResult,JsonResult,C:\Users\tyin363\Documents\repos\dibo-software__diboot\rest-api-example\src\main\java\com\example\api\controller\system\FileController.java,113
com.diboot:diboot-core,3.7.0,true,MethodCallExpr,com.diboot.core.vo.JsonResult,msg,C:\Users\tyin363\Documents\repos\dibo-software__diboot\rest-api-example\src\main\java\com\example\api\controller\iam\SSOClientController.java,70
com.diboot:diboot-core,3.7.0,true,MethodCallExpr,com.diboot.core.service.BaseService,getViewObjectList,C:\Users\tyin363\Documents\repos\dibo-software__diboot\rest-api-example\src\main\java\com\example\api\controller\system\ScheduleJobController.java,161
com.diboot:diboot-iam-spring-boot-starter,3.7.0,false,FieldAccessExpr,com.diboot.iam.annotation.OperationCons,CODE_WRITE,C:\Users\tyin363\Documents\repos\dibo-software__diboot\rest-api-example\src\main\java\com\example\api\controller\system\MessageTemplateController.java,93
com.diboot:diboot-ai-spring-boot-starter,3.7.0,false,MethodCallExpr,com.diboot.ai.client.AiClient,getConfiguration,C:\Users\tyin363\Documents\repos\dibo-software__diboot\rest-api-example\src\main\java\com\example\api\controller\system\AiSessionRecordController.java,111
com.diboot:diboot-iam-spring-boot-starter,3.7.0,false,ClassOrInterfaceType,com.diboot.iam.entity.IamOperationLog,IamOperationLog,C:\Users\tyin363\Documents\repos\dibo-software__diboot\rest-api-example\src\main\java\com\example\api\controller\iam\OperationLogController.java,51
com.diboot:diboot-core,3.7.0,true,ClassOrInterfaceType,com.diboot.core.entity.I18nConfig,I18nConfig,C:\Users\tyin363\Documents\repos\dibo-software__diboot\rest-api-example\src\main\java\com\example\api\controller\system\I18nConfigController.java,129
JDK:java.base,N/A,false,ClassOrInterfaceType,java.util.List,List,C:\Users\tyin363\Documents\repos\dibo-software__diboot\rest-api-example\src\main\java\com\example\api\controller\iam\UserExcelController.java,135
com.diboot:diboot-core,3.7.0,true,MethodCallExpr,com.diboot.core.vo.JsonResult,FAIL_VALIDATION,C:\Users\tyin363\Documents\repos\dibo-software__diboot\rest-api-example\src\main\java\com\example\api\controller\iam\OrgController.java,175
com.diboot:diboot-iam-spring-boot-starter,3.7.0,false,MethodReferenceExpr,com.diboot.iam.entity.IamResource,getSortId,C:\Users\tyin363\Documents\repos\dibo-software__diboot\rest-api-example\src\main\java\com\example\api\controller\iam\ResourceController.java,150
JDK:java.base,N/A,false,ClassOrInterfaceType,java.lang.Exception,Exception,C:\Users\tyin363\Documents\repos\dibo-software__diboot\rest-api-example\src\main\java\com\example\api\controller\system\DictionaryController.java,150
JDK:java.base,N/A,false,ClassOrInterfaceType,java.lang.Exception,Exception,C:\Users\tyin363\Documents\repos\dibo-software__diboot\rest-api-example\src\main\java\com\example\api\controller\iam\OrgController.java,57
com.diboot:diboot-core,3.7.0,true,ClassOrInterfaceType,com.diboot.core.controller.BaseCrudRestController,BaseCrudRestController,C:\Users\tyin363\Documents\repos\dibo-software__diboot\rest-api-example\src\main\java\com\example\api\controller\iam\OrgController.java,39
com.baomidou:mybatis-plus-core,3.5.12,true,MethodCallExpr,com.baomidou.mybatisplus.core.conditions.interfaces.Nested,and,C:\Users\tyin363\Documents\repos\dibo-software__diboot\rest-api-example\src\main\java\com\example\api\controller\system\SystemConfigController.java,61
com.diboot:diboot-iam-spring-boot-starter,3.7.0,false,FieldAccessExpr,com.diboot.iam.config.Cons,ROLE_SUPER_ADMIN,C:\Users\tyin363\Documents\repos\dibo-software__diboot\rest-api-example\src\main\java\com\example\api\controller\CommonController.java,88
com.diboot:diboot-iam-spring-boot-starter,3.7.0,false,FieldAccessExpr,com.diboot.iam.annotation.OperationCons,CODE_READ,C:\Users\tyin363\Documents\repos\dibo-software__diboot\rest-api-example\src\main\java\com\example\api\controller\system\ScheduleJobController.java,154
JDK:java.base,N/A,false,ClassOrInterfaceType,java.util.List,List,C:\Users\tyin363\Documents\repos\dibo-software__diboot\rest-api-example\src\main\java\com\example\api\excel\listener\UserImportExcelListener.java,123
com.diboot:diboot-iam-spring-boot-starter,3.7.0,false,MethodCallExpr,com.diboot.iam.service.IamResourceService,updateMenuResources,C:\Users\tyin363\Documents\repos\dibo-software__diboot\rest-api-example\src\main\java\com\example\api\controller\iam\ResourceController.java,122
com.diboot:diboot-core,3.7.0,true,ClassOrInterfaceType,com.diboot.core.vo.JsonResult,JsonResult,C:\Users\tyin363\Documents\repos\dibo-software__diboot\rest-api-example\src\main\java\com\example\api\controller\iam\UserController.java,140
com.diboot:diboot-iam-spring-boot-starter,3.7.0,false,ClassOrInterfaceType,com.diboot.iam.entity.IamAccount,IamAccount,C:\Users\tyin363\Documents\repos\dibo-software__diboot\rest-api-example\src\main\java\com\example\api\controller\iam\UserController.java,157
com.diboot:diboot-iam-spring-boot-starter,3.7.0,false,ClassOrInterfaceType,com.diboot.iam.dto.PwdCredential,PwdCredential,C:\Users\tyin363\Documents\repos\dibo-software__diboot\rest-api-example\src\main\java\com\example\api\controller\iam\AuthTokenController.java,99
JDK:java.base,N/A,false,ClassOrInterfaceType,java.util.List,List,C:\Users\tyin363\Documents\repos\dibo-software__diboot\rest-api-example\src\main\java\com\example\api\controller\iam\OrgController.java,60
com.diboot:diboot-iam-spring-boot-starter,3.7.0,false,ClassOrInterfaceType,com.diboot.iam.vo.IamRoleVO,IamRoleVO,C:\Users\tyin363\Documents\repos\dibo-software__diboot\rest-api-example\src\main\java\com\example\api\controller\iam\RoleController.java,93
JDK:java.base,N/A,false,ClassOrInterfaceType,java.util.Map,Map,C:\Users\tyin363\Documents\repos\dibo-software__diboot\rest-api-example\src\main\java\com\example\api\controller\iam\SSOClientController.java,61
JDK:java.base,N/A,false,ClassOrInterfaceType,java.lang.String,String,C:\Users\tyin363\Documents\repos\dibo-software__diboot\rest-api-example\src\main\java\com\example\api\controller\iam\TenantController.java,143
com.baomidou:mybatis-plus-core,3.5.12,true,MethodCallExpr,com.baomidou.mybatisplus.core.conditions.interfaces.Compare,eq,C:\Users\tyin363\Documents\repos\dibo-software__diboot\rest-api-example\src\main\java\com\example\api\controller\system\MessageController.java,87
com.diboot:diboot-core,3.7.0,true,MethodCallExpr,com.diboot.core.entity.AbstractEntity,setId,C:\Users\tyin363\Documents\repos\dibo-software__diboot\rest-api-example\src\main\java\com\example\api\controller\system\DictionaryController.java,102
com.diboot:diboot-iam-spring-boot-starter,3.7.0,false,FieldAccessExpr,com.diboot.iam.annotation.OperationCons,CODE_WRITE,C:\Users\tyin363\Documents\repos\dibo-software__diboot\rest-api-example\src\main\java\com\example\api\controller\iam\RoleController.java,109
com.diboot:diboot-core,3.7.0,true,ClassOrInterfaceType,com.diboot.core.entity.I18nConfig,I18nConfig,C:\Users\tyin363\Documents\repos\dibo-software__diboot\rest-api-example\src\main\java\com\example\api\controller\system\I18nConfigController.java,130
com.diboot:diboot-iam-spring-boot-starter,3.7.0,false,FieldAccessExpr,com.diboot.iam.annotation.OperationCons,LABEL_DELETE,C:\Users\tyin363\Documents\repos\dibo-software__diboot\rest-api-example\src\main\java\com\example\api\controller\iam\UserController.java,137
JDK:java.base,N/A,false,ClassOrInterfaceType,java.lang.String,String,C:\Users\tyin363\Documents\repos\dibo-software__diboot\rest-api-example\src\main\java\com\example\api\controller\system\MessageController.java,83
com.diboot:diboot-core,3.7.0,true,MethodCallExpr,com.diboot.core.controller.BaseCrudRestController,updateEntity,C:\Users\tyin363\Documents\repos\dibo-software__diboot\rest-api-example\src\main\java\com\example\api\controller\system\ScheduleJobController.java,91
com.diboot:diboot-iam-spring-boot-starter,3.7.0,false,ClassOrInterfaceType,com.diboot.iam.sso.SSOManager,SSOManager,C:\Users\tyin363\Documents\repos\dibo-software__diboot\rest-api-example\src\main\java\com\example\api\controller\iam\SSOClientController.java,39
com.diboot:diboot-file-spring-boot-starter,3.7.0,false,MethodCallExpr,com.diboot.file.util.ExcelHelper,getTableHeads,C:\Users\tyin363\Documents\repos\dibo-software__diboot\rest-api-example\src\main\java\com\example\api\controller\iam\UserExcelController.java,123
com.diboot:diboot-core,3.7.0,true,ClassOrInterfaceType,com.diboot.core.vo.JsonResult,JsonResult,C:\Users\tyin363\Documents\repos\dibo-software__diboot\rest-api-example\src\main\java\com\example\api\controller\iam\ResourceController.java,76
com.diboot:diboot-iam-spring-boot-starter,3.7.0,false,ClassOrInterfaceType,com.diboot.iam.entity.IamAccount,IamAccount,C:\Users\tyin363\Documents\repos\dibo-software__diboot\rest-api-example\src\main\java\com\example\api\controller\iam\UserController.java,156
com.diboot:diboot-core,3.7.0,true,MethodCallExpr,com.diboot.core.vo.Pagination,getOrderBy,C:\Users\tyin363\Documents\repos\dibo-software__diboot\rest-api-example\src\main\java\com\example\api\controller\system\ScheduleJobController.java,158
JDK:java.base,N/A,false,ClassOrInterfaceType,java.lang.String,String,C:\Users\tyin363\Documents\repos\dibo-software__diboot\rest-api-example\src\main\java\com\example\api\controller\system\SystemConfigController.java,131
com.diboot:diboot-iam-spring-boot-starter,3.7.0,false,MethodCallExpr,com.diboot.iam.entity.IamUser,setAvatarUrl,C:\Users\tyin363\Documents\repos\dibo-software__diboot\rest-api-example\src\main\java\com\example\api\controller\iam\UserController.java,203
com.diboot:diboot-iam-spring-boot-starter,3.7.0,false,FieldAccessExpr,com.diboot.iam.annotation.OperationCons,CODE_WRITE,C:\Users\tyin363\Documents\repos\dibo-software__diboot\rest-api-example\src\main\java\com\example\api\controller\iam\TenantController.java,97
com.diboot:diboot-iam-spring-boot-starter,3.7.0,false,ClassOrInterfaceType,com.diboot.iam.service.IamAccountService,IamAccountService,C:\Users\tyin363\Documents\repos\dibo-software__diboot\rest-api-example\src\main\java\com\example\api\excel\listener\UserImportExcelListener.java,118
com.diboot:diboot-ai-spring-boot-starter,3.7.0,false,MethodCallExpr,com.diboot.ai.config.AiConfiguration,getDeepseek,C:\Users\tyin363\Documents\repos\dibo-software__diboot\rest-api-example\src\main\java\com\example\api\controller\system\AiSessionRecordController.java,115
com.diboot:diboot-core,3.7.0,true,ClassOrInterfaceType,com.diboot.core.vo.JsonResult,JsonResult,C:\Users\tyin363\Documents\repos\dibo-software__diboot\rest-api-example\src\main\java\com\example\api\controller\system\MessageTemplateController.java,67
com.diboot:diboot-core,3.7.0,true,MethodCallExpr,com.diboot.core.vo.JsonResult,OK,C:\Users\tyin363\Documents\repos\dibo-software__diboot\rest-api-example\src\main\java\com\example\api\controller\system\ScheduleJobController.java,120
com.diboot:diboot-iam-spring-boot-starter,3.7.0,false,ObjectCreationExpr,com.diboot.iam.entity.IamAccount,IamAccount,C:\Users\tyin363\Documents\repos\dibo-software__diboot\rest-api-example\src\main\java\com\example\api\controller\iam\UserController.java,250
com.diboot:diboot-iam-spring-boot-starter,3.7.0,false,FieldAccessExpr,com.diboot.iam.annotation.OperationCons,LABEL_DELETE,C:\Users\tyin363\Documents\repos\dibo-software__diboot\rest-api-example\src\main\java\com\example\api\controller\iam\UserController.java,138
com.squareup.okhttp3:okhttp-sse,4.12.0,true,ClassOrInterfaceType,okhttp3.sse.EventSourceListener,EventSourceListener,C:\Users\tyin363\Documents\repos\dibo-software__diboot\rest-api-example\src\main\java\com\example\api\controller\system\AiSessionRecordController.java,137
JDK:java.base,N/A,false,ClassOrInterfaceType,java.security.spec.PKCS8EncodedKeySpec,PKCS8EncodedKeySpec,C:\Users\tyin363\Documents\repos\dibo-software__diboot\rest-api-example\src\main\java\com\example\api\controller\iam\AuthTokenController.java,125
com.diboot:diboot-iam-spring-boot-starter,3.7.0,false,FieldAccessExpr,com.diboot.iam.annotation.OperationCons,CODE_READ,C:\Users\tyin363\Documents\repos\dibo-software__diboot\rest-api-example\src\main\java\com\example\api\controller\system\AiSessionRecordController.java,71
com.diboot:diboot-core,3.7.0,true,MethodCallExpr,com.diboot.core.service.BaseService,getViewObjectList,C:\Users\tyin363\Documents\repos\dibo-software__diboot\rest-api-example\src\main\java\com\example\api\controller\iam\ResourceController.java,71
JDK:java.base,N/A,false,ClassOrInterfaceType,java.lang.Exception,Exception,C:\Users\tyin363\Documents\repos\dibo-software__diboot\rest-api-example\src\main\java\com\example\api\controller\system\MessageTemplateController.java,109
JDK:java.base,N/A,false,ClassOrInterfaceType,java.util.List,List,C:\Users\tyin363\Documents\repos\dibo-software__diboot\rest-api-example\src\main\java\com\example\api\controller\system\DictionaryController.java,139
JDK:java.base,N/A,false,ClassOrInterfaceType,java.lang.Exception,Exception,C:\Users\tyin363\Documents\repos\dibo-software__diboot\rest-api-example\src\main\java\com\example\api\controller\system\AiSessionController.java,97
com.diboot:diboot-core,3.7.0,true,MethodCallExpr,com.diboot.core.util.S,toLowerCaseCamel,C:\Users\tyin363\Documents\repos\dibo-software__diboot\rest-api-example\src\main\java\com\example\api\controller\CommonController.java,48
com.diboot:diboot-iam-spring-boot-starter,3.7.0,false,ClassOrInterfaceType,com.diboot.iam.entity.IamAccount,IamAccount,C:\Users\tyin363\Documents\repos\dibo-software__diboot\rest-api-example\src\main\java\com\example\api\job\CasUserSyncJob.java,55
com.diboot:diboot-iam-spring-boot-starter,3.7.0,false,FieldAccessExpr,com.diboot.iam.annotation.OperationCons,CODE_READ,C:\Users\tyin363\Documents\repos\dibo-software__diboot\rest-api-example\src\main\java\com\example\api\controller\iam\PositionController.java,77
com.diboot:diboot-core,3.7.0,true,MethodCallExpr,com.diboot.core.util.V,isEmpty,C:\Users\tyin363\Documents\repos\dibo-software__diboot\rest-api-example\src\main\java\com\example\api\controller\iam\ClientController.java,137
com.diboot:diboot-core,3.7.0,true,MethodCallExpr,com.diboot.core.vo.JsonResult,FAIL_OPERATION,C:\Users\tyin363\Documents\repos\dibo-software__diboot\rest-api-example\src\main\java\com\example\api\controller\system\DictionaryController.java,122
JDK:java.base,N/A,false,ClassOrInterfaceType,java.lang.Exception,Exception,C:\Users\tyin363\Documents\repos\dibo-software__diboot\rest-api-example\src\main\java\com\example\api\controller\iam\ResourceController.java,121
com.diboot:diboot-core,3.7.0,true,ClassOrInterfaceType,com.diboot.core.vo.JsonResult,JsonResult,C:\Users\tyin363\Documents\repos\dibo-software__diboot\rest-api-example\src\main\java\com\example\api\controller\system\FileRecordController.java,43
JDK:java.base,N/A,false,ClassOrInterfaceType,java.lang.String,String,C:\Users\tyin363\Documents\repos\dibo-software__diboot\rest-api-example\src\main\java\com\example\api\controller\iam\RoleController.java,156
JDK:java.base,N/A,false,ClassOrInterfaceType,java.util.List,List,C:\Users\tyin363\Documents\repos\dibo-software__diboot\rest-api-example\src\main\java\com\example\api\controller\system\I18nConfigController.java,86
com.diboot:diboot-core,3.7.0,true,ClassOrInterfaceType,com.diboot.core.vo.JsonResult,JsonResult,C:\Users\tyin363\Documents\repos\dibo-software__diboot\rest-api-example\src\main\java\com\example\api\controller\system\ScheduleJobController.java,103
com.diboot:diboot-file-spring-boot-starter,3.7.0,false,ClassOrInterfaceType,com.diboot.file.excel.listener.FixedHeadExcelListener,FixedHeadExcelListener,C:\Users\tyin363\Documents\repos\dibo-software__diboot\rest-api-example\src\main\java\com\example\api\excel\listener\UserImportExcelListener.java,27
com.diboot:diboot-core,3.7.0,true,MethodCallExpr,com.diboot.core.service.GeneralService,createEntity,C:\Users\tyin363\Documents\repos\dibo-software__diboot\rest-api-example\src\main\java\com\example\api\job\CasUserSyncJob.java,53
JDK:java.base,N/A,false,ClassOrInterfaceType,java.lang.String,String,C:\Users\tyin363\Documents\repos\dibo-software__diboot\rest-api-example\src\main\java\com\example\api\controller\system\MessageController.java,69
JDK:java.base,N/A,false,ClassOrInterfaceType,java.lang.Exception,Exception,C:\Users\tyin363\Documents\repos\dibo-software__diboot\rest-api-example\src\main\java\com\example\api\controller\iam\TenantController.java,166
com.diboot:diboot-ai-spring-boot-starter,3.7.0,false,MethodCallExpr,com.diboot.ai.entity.AiSessionRecord,getRequestBody,C:\Users\tyin363\Documents\repos\dibo-software__diboot\rest-api-example\src\main\java\com\example\api\controller\system\AiSessionRecordController.java,194
com.diboot:diboot-core,3.7.0,true,MethodCallExpr,com.diboot.core.vo.JsonResult,FAIL_VALIDATION,C:\Users\tyin363\Documents\repos\dibo-software__diboot\rest-api-example\src\main\java\com\example\api\controller\iam\ClientController.java,138
com.diboot:diboot-scheduler-spring-boot-starter,3.7.0,false,ClassOrInterfaceType,com.diboot.scheduler.entity.ScheduleJobLog,ScheduleJobLog,C:\Users\tyin363\Documents\repos\dibo-software__diboot\rest-api-example\src\main\java\com\example\api\controller\system\ScheduleJobController.java,157
com.diboot:diboot-core,3.7.0,true,MethodCallExpr,com.diboot.core.controller.BaseCrudRestController,deleteEntity,C:\Users\tyin363\Documents\repos\dibo-software__diboot\rest-api-example\src\main\java\com\example\api\controller\iam\GroupController.java,102
com.diboot:diboot-ai-spring-boot-starter,3.7.0,false,MethodCallExpr,com.diboot.ai.entity.AiSessionRecord,getRequestBody,C:\Users\tyin363\Documents\repos\dibo-software__diboot\rest-api-example\src\main\java\com\example\api\controller\system\AiSessionRecordController.java,195
JDK:java.base,N/A,false,ClassOrInterfaceType,java.lang.String,String,C:\Users\tyin363\Documents\repos\dibo-software__diboot\rest-api-example\src\main\java\com\example\api\controller\iam\AuthTokenController.java,103
org.apache.commons:commons-lang3,3.17.0,true,MethodCallExpr,org.apache.commons.lang3.StringUtils,substringBefore,C:\Users\tyin363\Documents\repos\dibo-software__diboot\rest-api-example\src\main\java\com\example\api\controller\system\FileController.java,108
com.diboot:diboot-core,3.7.0,true,MethodCallExpr,com.diboot.core.controller.BaseController,loadRelatedData,C:\Users\tyin363\Documents\repos\dibo-software__diboot\rest-api-example\src\main\java\com\example\api\controller\CommonController.java,61
com.diboot:diboot-core,3.7.0,true,MethodCallExpr,com.diboot.core.service.BaseService,deleteEntities,C:\Users\tyin363\Documents\repos\dibo-software__diboot\rest-api-example\src\main\java\com\example\api\controller\iam\ClientController.java,121
com.diboot:diboot-core,3.7.0,true,ClassOrInterfaceType,com.diboot.core.vo.JsonResult,JsonResult,C:\Users\tyin363\Documents\repos\dibo-software__diboot\rest-api-example\src\main\java\com\example\api\controller\iam\RoleController.java,78
com.diboot:diboot-iam-spring-boot-starter,3.7.0,false,FieldAccessExpr,com.diboot.iam.annotation.OperationCons,CODE_WRITE,C:\Users\tyin363\Documents\repos\dibo-software__diboot\rest-api-example\src\main\java\com\example\api\controller\system\DictionaryController.java,82
com.diboot:diboot-file-spring-boot-starter,3.7.0,false,MethodCallExpr,com.diboot.file.service.FileStorageService,download,C:\Users\tyin363\Documents\repos\dibo-software__diboot\rest-api-example\src\main\java\com\example\api\controller\system\FileController.java,115
JDK:java.base,N/A,false,MethodCallExpr,java.lang.Class,getSimpleName,C:\Users\tyin363\Documents\repos\dibo-software__diboot\rest-api-example\src\main\java\com\example\api\controller\iam\UserController.java,228
com.diboot:diboot-iam-spring-boot-starter,3.7.0,false,ClassOrInterfaceType,com.diboot.iam.entity.SystemConfig,SystemConfig,C:\Users\tyin363\Documents\repos\dibo-software__diboot\rest-api-example\src\main\java\com\example\api\controller\system\SystemConfigController.java,103
com.diboot:diboot-iam-spring-boot-starter,3.7.0,false,FieldAccessExpr,com.diboot.iam.annotation.OperationCons,LABEL_DELETE,C:\Users\tyin363\Documents\repos\dibo-software__diboot\rest-api-example\src\main\java\com\example\api\controller\iam\TenantController.java,128
com.diboot:diboot-iam-spring-boot-starter,3.7.0,false,FieldAccessExpr,com.diboot.iam.annotation.OperationCons,LABEL_LIST,C:\Users\tyin363\Documents\repos\dibo-software__diboot\rest-api-example\src\main\java\com\example\api\controller\iam\PositionController.java,52
com.diboot:diboot-core,3.7.0,true,ClassOrInterfaceType,com.diboot.core.vo.Pagination,Pagination,C:\Users\tyin363\Documents\repos\dibo-software__diboot\rest-api-example\src\main\java\com\example\api\controller\iam\UserController.java,170
com.diboot:diboot-scheduler-spring-boot-starter,3.7.0,false,ClassOrInterfaceType,com.diboot.scheduler.entity.ScheduleJobLog,ScheduleJobLog,C:\Users\tyin363\Documents\repos\dibo-software__diboot\rest-api-example\src\main\java\com\example\api\controller\system\ScheduleJobController.java,156
com.diboot:diboot-notification-spring-boot-starter,3.7.0,false,MethodReferenceExpr,com.diboot.notification.entity.Message,getReceiver,C:\Users\tyin363\Documents\repos\dibo-software__diboot\rest-api-example\src\main\java\com\example\api\controller\system\MessageController.java,87
JDK:java.base,N/A,false,ClassOrInterfaceType,java.lang.Exception,Exception,C:\Users\tyin363\Documents\repos\dibo-software__diboot\rest-api-example\src\main\java\com\example\api\controller\iam\PositionController.java,54
com.diboot:diboot-core,3.7.0,true,MethodCallExpr,com.diboot.core.vo.Pagination,getOrderBy,C:\Users\tyin363\Documents\repos\dibo-software__diboot\rest-api-example\src\main\java\com\example\api\controller\iam\UserController.java,78
com.diboot:diboot-iam-spring-boot-starter,3.7.0,false,MethodCallExpr,com.diboot.iam.entity.IamResource,getId,C:\Users\tyin363\Documents\repos\dibo-software__diboot\rest-api-example\src\main\java\com\example\api\controller\iam\ResourceController.java,109
com.baomidou:mybatis-plus-core,3.5.12,true,MethodCallExpr,com.baomidou.mybatisplus.core.conditions.interfaces.Compare,eq,C:\Users\tyin363\Documents\repos\dibo-software__diboot\rest-api-example\src\main\java\com\example\api\controller\system\AiSessionRecordController.java,187
com.diboot:diboot-core,3.7.0,true,MethodCallExpr,com.diboot.core.controller.BaseCrudRestController,getService,C:\Users\tyin363\Documents\repos\dibo-software__diboot\rest-api-example\src\main\java\com\example\api\controller\iam\ResourceController.java,150
JDK:java.base,N/A,false,MethodCallExpr,java.util.stream.Collectors,toList,C:\Users\tyin363\Documents\repos\dibo-software__diboot\rest-api-example\src\main\java\com\example\api\excel\listener\UserImportExcelListener.java,117
com.diboot:diboot-iam-spring-boot-starter,3.7.0,false,FieldAccessExpr,com.diboot.iam.annotation.OperationCons,LABEL_DELETE,C:\Users\tyin363\Documents\repos\dibo-software__diboot\rest-api-example\src\main\java\com\example\api\controller\iam\TenantController.java,127
com.diboot:diboot-core,3.7.0,true,ClassOrInterfaceType,com.diboot.core.vo.JsonResult,JsonResult,C:\Users\tyin363\Documents\repos\dibo-software__diboot\rest-api-example\src\main\java\com\example\api\controller\iam\UserController.java,268
com.diboot:diboot-iam-spring-boot-starter,3.7.0,false,MethodCallExpr,com.diboot.iam.dto.PwdCredential,getPassword,C:\Users\tyin363\Documents\repos\dibo-software__diboot\rest-api-example\src\main\java\com\example\api\controller\iam\AuthTokenController.java,109
JDK:java.base,N/A,false,ClassOrInterfaceType,java.lang.String,String,C:\Users\tyin363\Documents\repos\dibo-software__diboot\rest-api-example\src\main\java\com\example\api\handler\AutoFillMetaObjectHandler.java,32
com.diboot:diboot-iam-spring-boot-starter,3.7.0,false,FieldAccessExpr,com.diboot.iam.annotation.OperationCons,LABEL_LIST,C:\Users\tyin363\Documents\repos\dibo-software__diboot\rest-api-example\src\main\java\com\example\api\controller\iam\PositionController.java,51
com.diboot:diboot-core,3.7.0,true,MethodCallExpr,com.diboot.core.binding.Binder,convertAndBindRelations,C:\Users\tyin363\Documents\repos\dibo-software__diboot\rest-api-example\src\main\java\com\example\api\controller\iam\AuthTokenController.java,166
com.diboot:diboot-core,3.7.0,true,MethodCallExpr,com.diboot.core.controller.BaseCrudRestController,createEntity,C:\Users\tyin363\Documents\repos\dibo-software__diboot\rest-api-example\src\main\java\com\example\api\controller\system\ScheduleJobController.java,79
JDK:java.base,N/A,false,MethodCallExpr,java.util.List,isEmpty,C:\Users\tyin363\Documents\repos\dibo-software__diboot\rest-api-example\src\main\java\com\example\api\controller\system\FileController.java,88
JDK:java.base,N/A,false,ClassOrInterfaceType,java.lang.String,String,C:\Users\tyin363\Documents\repos\dibo-software__diboot\rest-api-example\src\main\java\com\example\api\controller\system\DictionaryController.java,135
JDK:java.base,N/A,false,ClassOrInterfaceType,java.lang.String,String,C:\Users\tyin363\Documents\repos\dibo-software__diboot\rest-api-example\src\main\java\com\example\api\controller\iam\UserExcelController.java,58
com.diboot:diboot-core,3.7.0,true,MethodReferenceExpr,com.diboot.core.entity.I18nConfig,getCode,C:\Users\tyin363\Documents\repos\dibo-software__diboot\rest-api-example\src\main\java\com\example\api\controller\system\I18nConfigController.java,129
com.diboot:diboot-iam-spring-boot-starter,3.7.0,false,FieldAccessExpr,com.diboot.iam.annotation.OperationCons,CODE_WRITE,C:\Users\tyin363\Documents\repos\dibo-software__diboot\rest-api-example\src\main\java\com\example\api\controller\iam\GroupController.java,85
JDK:java.base,N/A,false,MethodCallExpr,java.util.stream.Stream,collect,C:\Users\tyin363\Documents\repos\dibo-software__diboot\rest-api-example\src\main\java\com\example\api\controller\system\I18nConfigController.java,59
com.diboot:diboot-iam-spring-boot-starter,3.7.0,false,ClassOrInterfaceType,com.diboot.iam.entity.IamOrg,IamOrg,C:\Users\tyin363\Documents\repos\dibo-software__diboot\rest-api-example\src\main\java\com\example\api\controller\iam\OrgController.java,117
JDK:java.base,N/A,false,FieldAccessExpr,javax.crypto.Cipher,DECRYPT_MODE,C:\Users\tyin363\Documents\repos\dibo-software__diboot\rest-api-example\src\main\java\com\example\api\controller\iam\AuthTokenController.java,128
com.diboot:diboot-core,3.7.0,true,MethodCallExpr,com.diboot.core.util.V,notEmpty,C:\Users\tyin363\Documents\repos\dibo-software__diboot\rest-api-example\src\main\java\com\example\api\controller\iam\UserController.java,69
com.diboot:diboot-iam-spring-boot-starter,3.7.0,false,ClassOrInterfaceType,com.diboot.iam.service.IamUserService,IamUserService,C:\Users\tyin363\Documents\repos\dibo-software__diboot\rest-api-example\src\main\java\com\example\api\controller\iam\AuthTokenController.java,62
com.diboot:diboot-core,3.7.0,true,MethodCallExpr,com.diboot.core.service.BaseService,exists,C:\Users\tyin363\Documents\repos\dibo-software__diboot\rest-api-example\src\main\java\com\example\api\controller\iam\RoleController.java,157
com.diboot:diboot-core,3.7.0,true,MethodCallExpr,com.diboot.core.vo.JsonResult,FAIL_OPERATION,C:\Users\tyin363\Documents\repos\dibo-software__diboot\rest-api-example\src\main\java\com\example\api\controller\iam\SSOClientController.java,58
com.baomidou:mybatis-plus-extension,3.5.12,true,ObjectCreationExpr,com.baomidou.mybatisplus.extension.plugins.MybatisPlusInterceptor,MybatisPlusInterceptor,C:\Users\tyin363\Documents\repos\dibo-software__diboot\rest-api-example\src\main\java\com\example\api\config\MybatisPlusConfig.java,24
com.diboot:diboot-iam-spring-boot-starter,3.7.0,false,MethodCallExpr,com.diboot.iam.util.IamSecurityUtils,getUserTypeAndId,C:\Users\tyin363\Documents\repos\dibo-software__diboot\rest-api-example\src\main\java\com\example\api\controller\system\MessageController.java,87
com.diboot:diboot-core,3.7.0,true,MethodCallExpr,com.diboot.core.util.V,isEmpty,C:\Users\tyin363\Documents\repos\dibo-software__diboot\rest-api-example\src\main\java\com\example\api\controller\iam\SSOClientController.java,67
com.diboot:diboot-iam-spring-boot-starter,3.7.0,false,ClassOrInterfaceType,com.diboot.iam.entity.IamUser,IamUser,C:\Users\tyin363\Documents\repos\dibo-software__diboot\rest-api-example\src\main\java\com\example\api\job\CasUserSyncJob.java,47
com.diboot:diboot-ai-spring-boot-starter,3.7.0,false,MethodCallExpr,com.diboot.ai.entity.AiSessionRecord,getResponseBody,C:\Users\tyin363\Documents\repos\dibo-software__diboot\rest-api-example\src\main\java\com\example\api\controller\system\AiSessionRecordController.java,196
com.diboot:diboot-core,3.7.0,true,ClassOrInterfaceType,com.diboot.core.vo.JsonResult,JsonResult,C:\Users\tyin363\Documents\repos\dibo-software__diboot\rest-api-example\src\main\java\com\example\api\controller\iam\AuthTokenController.java,155
com.diboot:diboot-core,3.7.0,true,ClassOrInterfaceType,com.diboot.core.vo.JsonResult,JsonResult,C:\Users\tyin363\Documents\repos\dibo-software__diboot\rest-api-example\src\main\java\com\example\api\controller\system\I18nConfigController.java,125
com.diboot:diboot-iam-spring-boot-starter,3.7.0,false,FieldAccessExpr,com.diboot.iam.annotation.OperationCons,LABEL_UPDATE,C:\Users\tyin363\Documents\repos\dibo-software__diboot\rest-api-example\src\main\java\com\example\api\controller\system\ScheduleJobController.java,101
com.diboot:diboot-core,3.7.0,true,ClassOrInterfaceType,com.diboot.core.vo.JsonResult,JsonResult,C:\Users\tyin363\Documents\repos\dibo-software__diboot\rest-api-example\src\main\java\com\example\api\controller\system\AiSessionRecordController.java,87
com.diboot:diboot-core,3.7.0,true,ClassOrInterfaceType,com.diboot.core.entity.Dictionary,Dictionary,C:\Users\tyin363\Documents\repos\dibo-software__diboot\rest-api-example\src\main\java\com\example\api\controller\system\DictionaryController.java,151
JDK:java.base,N/A,false,ClassOrInterfaceType,java.lang.String,String,C:\Users\tyin363\Documents\repos\dibo-software__diboot\rest-api-example\src\main\java\com\example\api\controller\iam\ClientController.java,62
JDK:java.base,N/A,false,ClassOrInterfaceType,java.lang.String,String,C:\Users\tyin363\Documents\repos\dibo-software__diboot\rest-api-example\src\main\java\com\example\api\controller\iam\OrgController.java,102
com.diboot:diboot-core,3.7.0,true,MethodCallExpr,com.diboot.core.vo.JsonResult,OK,C:\Users\tyin363\Documents\repos\dibo-software__diboot\rest-api-example\src\main\java\com\example\api\controller\iam\TenantController.java,236
JDK:java.base,N/A,false,ClassOrInterfaceType,java.util.List,List,C:\Users\tyin363\Documents\repos\dibo-software__diboot\rest-api-example\src\main\java\com\example\api\controller\iam\AuthTokenController.java,180
com.diboot:diboot-iam-spring-boot-starter,3.7.0,false,FieldAccessExpr,com.diboot.iam.annotation.OperationCons,CODE_READ,C:\Users\tyin363\Documents\repos\dibo-software__diboot\rest-api-example\src\main\java\com\example\api\controller\iam\OrgController.java,72
com.diboot:diboot-iam-spring-boot-starter,3.7.0,false,ClassOrInterfaceType,com.diboot.iam.service.IamRoleService,IamRoleService,C:\Users\tyin363\Documents\repos\dibo-software__diboot\rest-api-example\src\main\java\com\example\api\controller\iam\RoleController.java,48
JDK:java.base,N/A,false,MethodCallExpr,java.util.Map.Entry,getKey,C:\Users\tyin363\Documents\repos\dibo-software__diboot\rest-api-example\src\main\java\com\example\api\excel\listener\UserImportExcelListener.java,117
com.diboot:diboot-core,3.7.0,true,MethodCallExpr,com.diboot.core.util.BeanUtils,copyProperties,C:\Users\tyin363\Documents\repos\dibo-software__diboot\rest-api-example\src\main\java\com\example\api\excel\listener\UserImportExcelListener.java,100
com.diboot:diboot-iam-spring-boot-starter,3.7.0,false,ClassOrInterfaceType,com.diboot.iam.entity.IamPosition,IamPosition,C:\Users\tyin363\Documents\repos\dibo-software__diboot\rest-api-example\src\main\java\com\example\api\controller\iam\PositionController.java,139
com.diboot:diboot-iam-spring-boot-starter,3.7.0,false,FieldAccessExpr,com.diboot.iam.annotation.OperationCons,LABEL_CREATE,C:\Users\tyin363\Documents\repos\dibo-software__diboot\rest-api-example\src\main\java\com\example\api\controller\system\AiSessionRecordController.java,98
JDK:java.base,N/A,false,ClassOrInterfaceType,java.lang.String,String,C:\Users\tyin363\Documents\repos\dibo-software__diboot\rest-api-example\src\main\java\com\example\api\controller\iam\TenantController.java,154
com.baomidou:mybatis-plus-core,3.5.12,true,MethodCallExpr,com.baomidou.mybatisplus.core.conditions.interfaces.Func,orderByAsc,C:\Users\tyin363\Documents\repos\dibo-software__diboot\rest-api-example\src\main\java\com\example\api\controller\iam\TenantController.java,195
com.diboot:diboot-iam-spring-boot-starter,3.7.0,false,FieldAccessExpr,com.diboot.iam.annotation.OperationCons,CODE_WRITE,C:\Users\tyin363\Documents\repos\dibo-software__diboot\rest-api-example\src\main\java\com\example\api\controller\system\ScheduleJobController.java,188
JDK:java.base,N/A,false,ClassOrInterfaceType,java.lang.Exception,Exception,C:\Users\tyin363\Documents\repos\dibo-software__diboot\rest-api-example\src\main\java\com\example\api\controller\iam\ClientController.java,76
com.diboot:diboot-iam-spring-boot-starter,3.7.0,false,ClassOrInterfaceType,com.diboot.iam.service.IamOrgService,IamOrgService,C:\Users\tyin363\Documents\repos\dibo-software__diboot\rest-api-example\src\main\java\com\example\api\controller\iam\OrgController.java,41
com.diboot:diboot-core,3.7.0,true,ClassOrInterfaceType,com.diboot.core.vo.JsonResult,JsonResult,C:\Users\tyin363\Documents\repos\dibo-software__diboot\rest-api-example\src\main\java\com\example\api\controller\iam\TenantController.java,211
JDK:java.base,N/A,false,ClassOrInterfaceType,java.util.List,List,C:\Users\tyin363\Documents\repos\dibo-software__diboot\rest-api-example\src\main\java\com\example\api\controller\iam\AuthTokenController.java,179
com.diboot:diboot-core,3.7.0,true,ClassOrInterfaceType,com.diboot.core.vo.JsonResult,JsonResult,C:\Users\tyin363\Documents\repos\dibo-software__diboot\rest-api-example\src\main\java\com\example\api\controller\iam\ClientController.java,120
com.diboot:diboot-core,3.7.0,true,ClassOrInterfaceType,com.diboot.core.vo.JsonResult,JsonResult,C:\Users\tyin363\Documents\repos\dibo-software__diboot\rest-api-example\src\main\java\com\example\api\controller\iam\UserExcelController.java,122
com.diboot:diboot-core,3.7.0,true,MethodCallExpr,com.diboot.core.vo.JsonResult,OK,C:\Users\tyin363\Documents\repos\dibo-software__diboot\rest-api-example\src\main\java\com\example\api\controller\system\MessageTemplateController.java,122
com.diboot:diboot-core,3.7.0,true,FieldAccessExpr,com.diboot.core.config.Cons,TREE_ROOT_ID,C:\Users\tyin363\Documents\repos\dibo-software__diboot\rest-api-example\src\main\java\com\example\api\controller\iam\ResourceController.java,80
com.diboot:diboot-core,3.7.0,true,ClassOrInterfaceType,com.diboot.core.vo.DictionaryVO,DictionaryVO,C:\Users\tyin363\Documents\repos\dibo-software__diboot\rest-api-example\src\main\java\com\example\api\controller\system\DictionaryController.java,72
JDK:java.base,N/A,false,ClassOrInterfaceType,java.lang.String,String,C:\Users\tyin363\Documents\repos\dibo-software__diboot\rest-api-example\src\main\java\com\example\api\controller\iam\AuthTokenController.java,99
com.diboot:diboot-iam-spring-boot-starter,3.7.0,false,ClassOrInterfaceType,com.diboot.iam.entity.IamPosition,IamPosition,C:\Users\tyin363\Documents\repos\dibo-software__diboot\rest-api-example\src\main\java\com\example\api\controller\iam\PositionController.java,140
com.diboot:diboot-core,3.7.0,true,MethodCallExpr,com.diboot.core.controller.BaseCrudRestController,getViewObject,C:\Users\tyin363\Documents\repos\dibo-software__diboot\rest-api-example\src\main\java\com\example\api\controller\iam\OrgController.java,75
com.diboot:diboot-core,3.7.0,true,MethodCallExpr,com.diboot.core.controller.BaseCrudRestController,deleteEntity,C:\Users\tyin363\Documents\repos\dibo-software__diboot\rest-api-example\src\main\java\com\example\api\controller\iam\PositionController.java,126
com.diboot:diboot-iam-spring-boot-starter,3.7.0,false,ClassOrInterfaceType,com.diboot.iam.entity.IamClient,IamClient,C:\Users\tyin363\Documents\repos\dibo-software__diboot\rest-api-example\src\main\java\com\example\api\controller\iam\ClientController.java,76
com.diboot:diboot-iam-spring-boot-starter,3.7.0,false,FieldAccessExpr,com.diboot.iam.annotation.OperationCons,LABEL_UPDATE,C:\Users\tyin363\Documents\repos\dibo-software__diboot\rest-api-example\src\main\java\com\example\api\controller\iam\TenantController.java,112
com.diboot:diboot-iam-spring-boot-starter,3.7.0,false,ClassOrInterfaceType,com.diboot.iam.entity.route.RouteRecord,RouteRecord,C:\Users\tyin363\Documents\repos\dibo-software__diboot\rest-api-example\src\main\java\com\example\api\controller\iam\AuthTokenController.java,208
com.diboot:diboot-core,3.7.0,true,ClassOrInterfaceType,com.diboot.core.vo.JsonResult,JsonResult,C:\Users\tyin363\Documents\repos\dibo-software__diboot\rest-api-example\src\main\java\com\example\api\controller\iam\OperationLogController.java,42
com.diboot:diboot-iam-spring-boot-starter,3.7.0,false,MethodCallExpr,com.diboot.iam.service.IamResourceService,deleteMenuResources,C:\Users\tyin363\Documents\repos\dibo-software__diboot\rest-api-example\src\main\java\com\example\api\controller\iam\ResourceController.java,137
JDK:java.base,N/A,false,ClassOrInterfaceType,java.lang.String,String,C:\Users\tyin363\Documents\repos\dibo-software__diboot\rest-api-example\src\main\java\com\example\api\controller\iam\AuthTokenController.java,102
com.diboot:diboot-core,3.7.0,true,MethodCallExpr,com.diboot.core.controller.BaseCrudRestController,deleteEntity,C:\Users\tyin363\Documents\repos\dibo-software__diboot\rest-api-example\src\main\java\com\example\api\controller\iam\OrgController.java,125
com.diboot:diboot-core,3.7.0,true,MethodCallExpr,com.diboot.core.controller.BaseController,getParamsMap,C:\Users\tyin363\Documents\repos\dibo-software__diboot\rest-api-example\src\main\java\com\example\api\controller\iam\TenantController.java,196
JDK:java.base,N/A,false,ClassOrInterfaceType,java.lang.Exception,Exception,C:\Users\tyin363\Documents\repos\dibo-software__diboot\rest-api-example\src\main\java\com\example\api\controller\iam\UserController.java,186
com.diboot:diboot-core,3.7.0,true,ClassOrInterfaceType,com.diboot.core.vo.LabelValue,LabelValue,C:\Users\tyin363\Documents\repos\dibo-software__diboot\rest-api-example\src\main\java\com\example\api\controller\CommonController.java,46
com.diboot:diboot-iam-spring-boot-starter,3.7.0,false,ClassOrInterfaceType,com.diboot.iam.vo.IamPositionVO,IamPositionVO,C:\Users\tyin363\Documents\repos\dibo-software__diboot\rest-api-example\src\main\java\com\example\api\controller\iam\PositionController.java,80
com.diboot:diboot-core,3.7.0,true,ClassOrInterfaceType,com.diboot.core.vo.JsonResult,JsonResult,C:\Users\tyin363\Documents\repos\dibo-software__diboot\rest-api-example\src\main\java\com\example\api\controller\system\FileController.java,106
JDK:java.base,N/A,false,ClassOrInterfaceType,java.lang.Exception,Exception,C:\Users\tyin363\Documents\repos\dibo-software__diboot\rest-api-example\src\main\java\com\example\api\controller\system\MessageController.java,55
JDK:java.base,N/A,false,ClassOrInterfaceType,java.util.List,List,C:\Users\tyin363\Documents\repos\dibo-software__diboot\rest-api-example\src\main\java\com\example\api\handler\UserOrgDataPermissionHandler.java,19
com.diboot:diboot-core,3.7.0,true,ClassOrInterfaceType,com.diboot.core.vo.JsonResult,JsonResult,C:\Users\tyin363\Documents\repos\dibo-software__diboot\rest-api-example\src\main\java\com\example\api\controller\iam\ResourceController.java,67
com.diboot:diboot-core,3.7.0,true,MethodReferenceExpr,com.diboot.core.entity.AbstractEntity,getId,C:\Users\tyin363\Documents\repos\dibo-software__diboot\rest-api-example\src\main\java\com\example\api\controller\system\I18nConfigController.java,130
JDK:java.base,N/A,false,ClassOrInterfaceType,java.lang.String,String,C:\Users\tyin363\Documents\repos\dibo-software__diboot\rest-api-example\src\main\java\com\example\api\controller\system\ScheduleJobController.java,175
com.diboot:diboot-core,3.7.0,true,MethodCallExpr,com.diboot.core.vo.JsonResult,OK,C:\Users\tyin363\Documents\repos\dibo-software__diboot\rest-api-example\src\main\java\com\example\api\controller\iam\UserController.java,189
com.diboot:diboot-iam-spring-boot-starter,3.7.0,false,ClassOrInterfaceType,com.diboot.iam.entity.route.RouteRecord,RouteRecord,C:\Users\tyin363\Documents\repos\dibo-software__diboot\rest-api-example\src\main\java\com\example\api\controller\iam\AuthTokenController.java,207
com.diboot:diboot-iam-spring-boot-starter,3.7.0,false,MethodCallExpr,com.diboot.iam.entity.IamRole,getCode,C:\Users\tyin363\Documents\repos\dibo-software__diboot\rest-api-example\src\main\java\com\example\api\controller\iam\RoleController.java,190
JDK:java.base,N/A,false,ClassOrInterfaceType,java.lang.Exception,Exception,C:\Users\tyin363\Documents\repos\dibo-software__diboot\rest-api-example\src\main\java\com\example\api\controller\system\SystemConfigController.java,103
JDK:java.base,N/A,false,ClassOrInterfaceType,java.lang.String,String,C:\Users\tyin363\Documents\repos\dibo-software__diboot\rest-api-example\src\main\java\com\example\api\controller\iam\AuthTokenController.java,101
com.diboot:diboot-core,3.7.0,true,ClassOrInterfaceType,com.diboot.core.vo.LabelValue,LabelValue,C:\Users\tyin363\Documents\repos\dibo-software__diboot\rest-api-example\src\main\java\com\example\api\controller\CommonController.java,45
com.diboot:diboot-iam-spring-boot-starter,3.7.0,false,ClassOrInterfaceType,com.diboot.iam.entity.IamOperationLog,IamOperationLog,C:\Users\tyin363\Documents\repos\dibo-software__diboot\rest-api-example\src\main\java\com\example\api\controller\iam\OperationLogController.java,42
com.diboot:diboot-iam-spring-boot-starter,3.7.0,false,FieldAccessExpr,com.diboot.iam.annotation.OperationCons,LABEL_CREATE,C:\Users\tyin363\Documents\repos\dibo-software__diboot\rest-api-example\src\main\java\com\example\api\controller\system\AiSessionRecordController.java,99
com.diboot:diboot-core,3.7.0,true,MethodCallExpr,com.diboot.core.util.V,isEmpty,C:\Users\tyin363\Documents\repos\dibo-software__diboot\rest-api-example\src\main\java\com\example\api\controller\system\SystemConfigController.java,163
com.baomidou:mybatis-plus-core,3.5.12,true,MethodCallExpr,com.baomidou.mybatisplus.core.conditions.interfaces.Compare,eq,C:\Users\tyin363\Documents\repos\dibo-software__diboot\rest-api-example\src\main\java\com\example\api\controller\iam\UserController.java,227
com.diboot:diboot-core,3.7.0,true,MethodCallExpr,com.diboot.core.vo.JsonResult,bindPagination,C:\Users\tyin363\Documents\repos\dibo-software__diboot\rest-api-example\src\main\java\com\example\api\controller\iam\UserController.java,176
com.diboot:diboot-iam-spring-boot-starter,3.7.0,false,ClassOrInterfaceType,com.diboot.iam.data.UserOrgDataAccessScopeManager,UserOrgDataAccessScopeManager,C:\Users\tyin363\Documents\repos\dibo-software__diboot\rest-api-example\src\main\java\com\example\api\handler\UserOrgDataPermissionHandler.java,16
JDK:java.base,N/A,false,ClassOrInterfaceType,java.lang.Exception,Exception,C:\Users\tyin363\Documents\repos\dibo-software__diboot\rest-api-example\src\main\java\com\example\api\controller\iam\UserController.java,201
com.diboot:diboot-core,3.7.0,true,MethodCallExpr,com.diboot.core.util.V,isEmpty,C:\Users\tyin363\Documents\repos\dibo-software__diboot\rest-api-example\src\main\java\com\example\api\controller\system\SystemConfigController.java,169
com.diboot:diboot-core,3.7.0,true,MethodCallExpr,com.diboot.core.vo.JsonResult,FAIL_VALIDATION,C:\Users\tyin363\Documents\repos\dibo-software__diboot\rest-api-example\src\main\java\com\example\api\controller\system\FileController.java,139
com.diboot:diboot-core,3.7.0,true,MethodCallExpr,com.diboot.core.util.V,isEmpty,C:\Users\tyin363\Documents\repos\dibo-software__diboot\rest-api-example\src\main\java\com\example\api\excel\listener\UserImportExcelListener.java,91
com.diboot:diboot-core,3.7.0,true,ClassOrInterfaceType,com.diboot.core.vo.JsonResult,JsonResult,C:\Users\tyin363\Documents\repos\dibo-software__diboot\rest-api-example\src\main\java\com\example\api\controller\system\AiSessionController.java,48
JDK:java.base,N/A,false,ClassOrInterfaceType,java.lang.String,String,C:\Users\tyin363\Documents\repos\dibo-software__diboot\rest-api-example\src\main\java\com\example\api\controller\iam\AuthTokenController.java,79
com.diboot:diboot-notification-spring-boot-starter,3.7.0,false,ClassOrInterfaceType,com.diboot.notification.dto.MessageDTO,MessageDTO,C:\Users\tyin363\Documents\repos\dibo-software__diboot\rest-api-example\src\main\java\com\example\api\controller\system\MessageController.java,55
com.diboot:diboot-iam-spring-boot-starter,3.7.0,false,FieldAccessExpr,com.diboot.iam.annotation.OperationCons,CODE_READ,C:\Users\tyin363\Documents\repos\dibo-software__diboot\rest-api-example\src\main\java\com\example\api\controller\system\ScheduleJobController.java,173
com.diboot:diboot-iam-spring-boot-starter,3.7.0,false,FieldAccessExpr,com.diboot.iam.annotation.OperationCons,LABEL_LIST,C:\Users\tyin363\Documents\repos\dibo-software__diboot\rest-api-example\src\main\java\com\example\api\controller\iam\GroupController.java,41
com.diboot:diboot-iam-spring-boot-starter,3.7.0,false,ClassOrInterfaceType,com.diboot.iam.service.IamClientService,IamClientService,C:\Users\tyin363\Documents\repos\dibo-software__diboot\rest-api-example\src\main\java\com\example\api\controller\iam\ClientController.java,34
com.diboot:diboot-core,3.7.0,true,MethodReferenceExpr,com.diboot.core.entity.BaseTreeEntity,getParentId,C:\Users\tyin363\Documents\repos\dibo-software__diboot\rest-api-example\src\main\java\com\example\api\controller\iam\OrgController.java,154
com.diboot:diboot-core,3.7.0,true,MethodReferenceExpr,com.diboot.core.entity.I18nConfig,getLanguage,C:\Users\tyin363\Documents\repos\dibo-software__diboot\rest-api-example\src\main\java\com\example\api\controller\system\I18nConfigController.java,56
com.diboot:diboot-core,3.7.0,true,MethodCallExpr,com.diboot.core.controller.BaseController,buildQueryWrapperByDTO,C:\Users\tyin363\Documents\repos\dibo-software__diboot\rest-api-example\src\main\java\com\example\api\controller\system\SystemConfigController.java,59
com.baomidou:mybatis-plus-core,3.5.12,true,ClassOrInterfaceType,com.baomidou.mybatisplus.core.conditions.query.LambdaQueryWrapper,LambdaQueryWrapper,C:\Users\tyin363\Documents\repos\dibo-software__diboot\rest-api-example\src\main\java\com\example\api\controller\iam\RoleController.java,174
com.baomidou:mybatis-plus-core,3.5.12,true,MethodCallExpr,com.baomidou.mybatisplus.core.conditions.interfaces.Compare,ne,C:\Users\tyin363\Documents\repos\dibo-software__diboot\rest-api-example\src\main\java\com\example\api\controller\iam\RoleController.java,177
jakarta.servlet:jakarta.servlet-api,6.0.0,true,MethodCallExpr,jakarta.servlet.http.HttpServletResponse,setHeader,C:\Users\tyin363\Documents\repos\dibo-software__diboot\rest-api-example\src\main\java\com\example\api\controller\system\AiSessionRecordController.java,133
com.diboot:diboot-core,3.7.0,true,MethodCallExpr,com.diboot.core.controller.BaseCrudRestController,getViewObjectList,C:\Users\tyin363\Documents\repos\dibo-software__diboot\rest-api-example\src\main\java\com\example\api\controller\system\FileRecordController.java,48
com.baomidou:mybatis-plus-core,3.5.12,true,MethodCallExpr,com.baomidou.mybatisplus.core.conditions.AbstractWrapper,ne,C:\Users\tyin363\Documents\repos\dibo-software__diboot\rest-api-example\src\main\java\com\example\api\controller\system\MessageTemplateController.java,126
com.diboot:diboot-iam-spring-boot-starter,3.7.0,false,FieldAccessExpr,com.diboot.iam.annotation.OperationCons,LABEL_UPDATE,C:\Users\tyin363\Documents\repos\dibo-software__diboot\rest-api-example\src\main\java\com\example\api\controller\iam\TenantController.java,111
com.diboot:diboot-core,3.7.0,true,MethodCallExpr,com.diboot.core.service.BaseService,updateEntity,C:\Users\tyin363\Documents\repos\dibo-software__diboot\rest-api-example\src\main\java\com\example\api\controller\system\MessageController.java,105
com.diboot:diboot-core,3.7.0,true,ClassOrInterfaceType,com.diboot.core.vo.JsonResult,JsonResult,C:\Users\tyin363\Documents\repos\dibo-software__diboot\rest-api-example\src\main\java\com\example\api\controller\system\ScheduleJobController.java,78
JDK:java.base,N/A,false,MethodCallExpr,java.util.List,subList,C:\Users\tyin363\Documents\repos\dibo-software__diboot\rest-api-example\src\main\java\com\example\api\excel\listener\UserImportExcelListener.java,73
com.diboot:diboot-core,3.7.0,true,MethodCallExpr,com.diboot.core.service.DictionaryService,getLabelValueList,C:\Users\tyin363\Documents\repos\dibo-software__diboot\rest-api-example\src\main\java\com\example\api\controller\CommonController.java,48
com.diboot:diboot-core,3.7.0,true,MethodCallExpr,com.diboot.core.vo.JsonResult,OK,C:\Users\tyin363\Documents\repos\dibo-software__diboot\rest-api-example\src\main\java\com\example\api\controller\iam\GroupController.java,125
com.diboot:diboot-core,3.7.0,true,ClassOrInterfaceType,com.diboot.core.vo.JsonResult,JsonResult,C:\Users\tyin363\Documents\repos\dibo-software__diboot\rest-api-example\src\main\java\com\example\api\controller\iam\TenantController.java,83
com.diboot:diboot-iam-spring-boot-starter,3.7.0,false,FieldAccessExpr,com.diboot.iam.annotation.OperationCons,LABEL_LIST,C:\Users\tyin363\Documents\repos\dibo-software__diboot\rest-api-example\src\main\java\com\example\api\controller\iam\GroupController.java,42
com.diboot:diboot-iam-spring-boot-starter,3.7.0,false,FieldAccessExpr,com.diboot.iam.annotation.OperationCons,LABEL_DETAIL,C:\Users\tyin363\Documents\repos\dibo-software__diboot\rest-api-example\src\main\java\com\example\api\controller\iam\RoleController.java,90
com.baomidou:mybatis-plus-core,3.5.12,true,MethodCallExpr,com.baomidou.mybatisplus.core.conditions.interfaces.Nested,and,C:\Users\tyin363\Documents\repos\dibo-software__diboot\rest-api-example\src\main\java\com\example\api\controller\system\SystemConfigController.java,170
com.diboot:diboot-core,3.7.0,true,MethodCallExpr,com.diboot.core.vo.JsonResult,FAIL_OPERATION,C:\Users\tyin363\Documents\repos\dibo-software__diboot\rest-api-example\src\main\java\com\example\api\controller\iam\SSOClientController.java,64
com.diboot:diboot-core,3.7.0,true,MethodCallExpr,com.diboot.core.vo.JsonResult,OK,C:\Users\tyin363\Documents\repos\dibo-software__diboot\rest-api-example\src\main\java\com\example\api\controller\system\AiSessionController.java,84
com.diboot:diboot-iam-spring-boot-starter,3.7.0,false,FieldAccessExpr,com.diboot.iam.annotation.OperationCons,LABEL_CREATE,C:\Users\tyin363\Documents\repos\dibo-software__diboot\rest-api-example\src\main\java\com\example\api\controller\iam\RoleController.java,108
com.diboot:diboot-iam-spring-boot-starter,3.7.0,false,MethodReferenceExpr,com.diboot.iam.entity.IamUser,getSortId,C:\Users\tyin363\Documents\repos\dibo-software__diboot\rest-api-example\src\main\java\com\example\api\controller\iam\UserExcelController.java,106
com.diboot:diboot-core,3.7.0,true,MethodReferenceExpr,com.diboot.core.entity.I18nConfig,getLanguage,C:\Users\tyin363\Documents\repos\dibo-software__diboot\rest-api-example\src\main\java\com\example\api\controller\system\I18nConfigController.java,57
JDK:java.base,N/A,false,ClassOrInterfaceType,java.util.Map,Map,C:\Users\tyin363\Documents\repos\dibo-software__diboot\rest-api-example\src\main\java\com\example\api\controller\CommonController.java,45
com.diboot:diboot-iam-spring-boot-starter,3.7.0,false,MethodCallExpr,com.diboot.iam.service.IamUserService,filterDuplicateUserNums,C:\Users\tyin363\Documents\repos\dibo-software__diboot\rest-api-example\src\main\java\com\example\api\excel\listener\UserImportExcelListener.java,58
com.diboot:diboot-core,3.7.0,true,MethodCallExpr,com.diboot.core.vo.JsonResult,OK,C:\Users\tyin363\Documents\repos\dibo-software__diboot\rest-api-example\src\main\java\com\example\api\controller\iam\ResourceController.java,123
com.diboot:diboot-iam-spring-boot-starter,3.7.0,false,FieldAccessExpr,com.diboot.iam.annotation.OperationCons,LABEL_DETAIL,C:\Users\tyin363\Documents\repos\dibo-software__diboot\rest-api-example\src\main\java\com\example\api\controller\system\ScheduleJobController.java,64
JDK:java.base,N/A,false,ClassOrInterfaceType,java.io.Serializable,Serializable,C:\Users\tyin363\Documents\repos\dibo-software__diboot\rest-api-example\src\main\java\com\example\api\controller\iam\RoleController.java,215
com.diboot:diboot-core,3.7.0,true,MethodCallExpr,com.diboot.core.util.V,isEmpty,C:\Users\tyin363\Documents\repos\dibo-software__diboot\rest-api-example\src\main\java\com\example\api\controller\iam\SSOClientController.java,40
com.diboot:diboot-iam-spring-boot-starter,3.7.0,false,FieldAccessExpr,com.diboot.iam.annotation.OperationCons,LABEL_DETAIL,C:\Users\tyin363\Documents\repos\dibo-software__diboot\rest-api-example\src\main\java\com\example\api\controller\system\AiSessionRecordController.java,85
com.diboot:diboot-core,3.7.0,true,MethodCallExpr,com.diboot.core.controller.BaseCrudRestController,getViewObject,C:\Users\tyin363\Documents\repos\dibo-software__diboot\rest-api-example\src\main\java\com\example\api\controller\iam\PositionController.java,80
com.diboot:diboot-ai-spring-boot-starter,3.7.0,false,MethodCallExpr,com.diboot.ai.entity.AiSessionRecord,getResponseBody,C:\Users\tyin363\Documents\repos\dibo-software__diboot\rest-api-example\src\main\java\com\example\api\controller\system\AiSessionRecordController.java,194
com.diboot:diboot-iam-spring-boot-starter,3.7.0,false,FieldAccessExpr,com.diboot.iam.annotation.OperationCons,LABEL_DETAIL,C:\Users\tyin363\Documents\repos\dibo-software__diboot\rest-api-example\src\main\java\com\example\api\controller\system\FileRecordController.java,58
com.diboot:diboot-ai-spring-boot-starter,3.7.0,false,ClassOrInterfaceType,com.diboot.ai.common.request.AiChatRequest,AiChatRequest,C:\Users\tyin363\Documents\repos\dibo-software__diboot\rest-api-example\src\main\java\com\example\api\controller\system\AiSessionRecordController.java,129
com.diboot:diboot-core,3.7.0,true,MethodCallExpr,com.diboot.core.service.DictionaryService,createDictAndChildren,C:\Users\tyin363\Documents\repos\dibo-software__diboot\rest-api-example\src\main\java\com\example\api\controller\system\DictionaryController.java,85
com.diboot:diboot-iam-spring-boot-starter,3.7.0,false,FieldAccessExpr,com.diboot.iam.annotation.OperationCons,LABEL_CREATE,C:\Users\tyin363\Documents\repos\dibo-software__diboot\rest-api-example\src\main\java\com\example\api\controller\iam\RoleController.java,109
com.diboot:diboot-core,3.7.0,true,MethodCallExpr,com.diboot.core.controller.BaseController,buildQueryWrapperByDTO,C:\Users\tyin363\Documents\repos\dibo-software__diboot\rest-api-example\src\main\java\com\example\api\controller\iam\UserController.java,171
JDK:java.base,N/A,false,ClassOrInterfaceType,java.lang.Exception,Exception,C:\Users\tyin363\Documents\repos\dibo-software__diboot\rest-api-example\src\main\java\com\example\api\controller\iam\ClientController.java,62
JDK:java.base,N/A,false,ClassOrInterfaceType,java.lang.Exception,Exception,C:\Users\tyin363\Documents\repos\dibo-software__diboot\rest-api-example\src\main\java\com\example\api\controller\system\SystemConfigController.java,89
JDK:java.base,N/A,false,MethodCallExpr,java.util.List,isEmpty,C:\Users\tyin363\Documents\repos\dibo-software__diboot\rest-api-example\src\main\java\com\example\api\excel\listener\UserImportExcelListener.java,65
JDK:java.base,N/A,false,MethodCallExpr,java.util.Map,get,C:\Users\tyin363\Documents\repos\dibo-software__diboot\rest-api-example\src\main\java\com\example\api\controller\iam\SSOClientController.java,62
com.diboot:diboot-core,3.7.0,true,ClassOrInterfaceType,com.diboot.core.vo.JsonResult,JsonResult,C:\Users\tyin363\Documents\repos\dibo-software__diboot\rest-api-example\src\main\java\com\example\api\controller\system\SystemConfigController.java,45
com.diboot:diboot-iam-spring-boot-starter,3.7.0,false,ClassOrInterfaceType,com.diboot.iam.entity.IamRole,IamRole,C:\Users\tyin363\Documents\repos\dibo-software__diboot\rest-api-example\src\main\java\com\example\api\controller\iam\AuthTokenController.java,168
com.diboot:diboot-core,3.7.0,true,MethodCallExpr,com.diboot.core.service.DictionaryService,updateDictAndChildren,C:\Users\tyin363\Documents\repos\dibo-software__diboot\rest-api-example\src\main\java\com\example\api\controller\system\DictionaryController.java,103
com.diboot:diboot-iam-spring-boot-starter,3.7.0,false,FieldAccessExpr,com.diboot.iam.annotation.OperationCons,LABEL_BATCH_DELETE,C:\Users\tyin363\Documents\repos\dibo-software__diboot\rest-api-example\src\main\java\com\example\api\controller\iam\ClientController.java,117
com.diboot:diboot-core,3.7.0,true,MethodCallExpr,com.diboot.core.vo.JsonResult,OK,C:\Users\tyin363\Documents\repos\dibo-software__diboot\rest-api-example\src\main\java\com\example\api\controller\iam\UserController.java,160
com.diboot:diboot-iam-spring-boot-starter,3.7.0,false,FieldAccessExpr,com.diboot.iam.annotation.OperationCons,LABEL_DETAIL,C:\Users\tyin363\Documents\repos\dibo-software__diboot\rest-api-example\src\main\java\com\example\api\controller\system\AiSessionRecordController.java,84
JDK:java.base,N/A,false,MethodCallExpr,java.util.List,of,C:\Users\tyin363\Documents\repos\dibo-software__diboot\rest-api-example\src\main\java\com\example\api\handler\UserOrgDataPermissionHandler.java,20
com.diboot:diboot-iam-spring-boot-starter,3.7.0,false,FieldAccessExpr,com.diboot.iam.annotation.OperationCons,LABEL_DETAIL,C:\Users\tyin363\Documents\repos\dibo-software__diboot\rest-api-example\src\main\java\com\example\api\controller\system\FileRecordController.java,59
JDK:java.base,N/A,false,ClassOrInterfaceType,java.lang.RuntimeException,RuntimeException,C:\Users\tyin363\Documents\repos\dibo-software__diboot\rest-api-example\src\main\java\com\example\api\controller\system\AiSessionRecordController.java,148
com.diboot:diboot-core,3.7.0,true,MethodCallExpr,com.diboot.core.service.BaseService,getEntity,C:\Users\tyin363\Documents\repos\dibo-software__diboot\rest-api-example\src\main\java\com\example\api\controller\system\FileController.java,132
com.diboot:diboot-core,3.7.0,true,ClassOrInterfaceType,com.diboot.core.vo.JsonResult,JsonResult,C:\Users\tyin363\Documents\repos\dibo-software__diboot\rest-api-example\src\main\java\com\example\api\controller\iam\UserExcelController.java,91
com.diboot:diboot-iam-spring-boot-starter,3.7.0,false,MethodCallExpr,com.diboot.iam.entity.IamUser,setGender,C:\Users\tyin363\Documents\repos\dibo-software__diboot\rest-api-example\src\main\java\com\example\api\job\CasUserSyncJob.java,48
com.diboot:diboot-iam-spring-boot-starter,3.7.0,false,ClassOrInterfaceType,com.diboot.iam.entity.IamOperationLog,IamOperationLog,C:\Users\tyin363\Documents\repos\dibo-software__diboot\rest-api-example\src\main\java\com\example\api\controller\iam\OperationLogController.java,30
com.diboot:diboot-core,3.7.0,true,MethodCallExpr,com.diboot.core.controller.BaseCrudRestController,createEntity,C:\Users\tyin363\Documents\repos\dibo-software__diboot\rest-api-example\src\main\java\com\example\api\controller\system\MessageTemplateController.java,82
com.diboot:diboot-core,3.7.0,true,MethodCallExpr,com.diboot.core.service.BaseService,getViewObjectList,C:\Users\tyin363\Documents\repos\dibo-software__diboot\rest-api-example\src\main\java\com\example\api\controller\system\MessageController.java,91
com.diboot:diboot-core,3.7.0,true,MethodCallExpr,com.diboot.core.vo.JsonResult,FAIL_VALIDATION,C:\Users\tyin363\Documents\repos\dibo-software__diboot\rest-api-example\src\main\java\com\example\api\controller\system\FileController.java,135
JDK:java.base,N/A,false,ClassOrInterfaceType,java.lang.Exception,Exception,C:\Users\tyin363\Documents\repos\dibo-software__diboot\rest-api-example\src\main\java\com\example\api\controller\iam\UserController.java,65
com.baomidou:mybatis-plus-core,3.5.12,true,MethodCallExpr,com.baomidou.mybatisplus.core.conditions.interfaces.Func,in,C:\Users\tyin363\Documents\repos\dibo-software__diboot\rest-api-example\src\main\java\com\example\api\controller\iam\AuthTokenController.java,180
com.diboot:diboot-core,3.7.0,true,ObjectCreationExpr,com.diboot.core.vo.JsonResult,JsonResult,C:\Users\tyin363\Documents\repos\dibo-software__diboot\rest-api-example\src\main\java\com\example\api\controller\system\ScheduleJobController.java,192
com.diboot:diboot-core,3.7.0,true,MethodCallExpr,com.diboot.core.service.BaseService,getEntity,C:\Users\tyin363\Documents\repos\dibo-software__diboot\rest-api-example\src\main\java\com\example\api\controller\iam\LoginTraceController.java,68
com.diboot:diboot-iam-spring-boot-starter,3.7.0,false,FieldAccessExpr,com.diboot.iam.annotation.OperationCons,CODE_WRITE,C:\Users\tyin363\Documents\repos\dibo-software__diboot\rest-api-example\src\main\java\com\example\api\controller\system\MessageTemplateController.java,79
com.diboot:diboot-scheduler-spring-boot-starter,3.7.0,false,MethodCallExpr,com.diboot.scheduler.service.ScheduleJobService,getAllJobs,C:\Users\tyin363\Documents\repos\dibo-software__diboot\rest-api-example\src\main\java\com\example\api\controller\system\ScheduleJobController.java,142
JDK:java.base,N/A,false,ClassOrInterfaceType,java.lang.Exception,Exception,C:\Users\tyin363\Documents\repos\dibo-software__diboot\rest-api-example\src\main\java\com\example\api\controller\system\FileController.java,55
org.springframework:spring-webmvc,6.2.8,true,MethodCallExpr,org.springframework.web.servlet.mvc.method.annotation.SseEmitter,send,C:\Users\tyin363\Documents\repos\dibo-software__diboot\rest-api-example\src\main\java\com\example\api\controller\system\AiSessionRecordController.java,163
com.diboot:diboot-iam-spring-boot-starter,3.7.0,false,ClassOrInterfaceType,com.diboot.iam.dto.IamLoginTraceDTO,IamLoginTraceDTO,C:\Users\tyin363\Documents\repos\dibo-software__diboot\rest-api-example\src\main\java\com\example\api\controller\iam\LoginTraceController.java,47
com.diboot:diboot-core,3.7.0,true,ClassOrInterfaceType,com.diboot.core.vo.JsonResult,JsonResult,C:\Users\tyin363\Documents\repos\dibo-software__diboot\rest-api-example\src\main\java\com\example\api\controller\system\FileController.java,113
com.diboot:diboot-core,3.7.0,true,MethodCallExpr,com.diboot.core.vo.JsonResult,OK,C:\Users\tyin363\Documents\repos\dibo-software__diboot\rest-api-example\src\main\java\com\example\api\controller\system\SystemConfigController.java,177
JDK:java.base,N/A,false,ClassOrInterfaceType,java.lang.String,String,C:\Users\tyin363\Documents\repos\dibo-software__diboot\rest-api-example\src\main\java\com\example\api\controller\iam\ResourceController.java,170
com.diboot:diboot-iam-spring-boot-starter,3.7.0,false,ClassOrInterfaceType,com.diboot.iam.entity.IamResource,IamResource,C:\Users\tyin363\Documents\repos\dibo-software__diboot\rest-api-example\src\main\java\com\example\api\controller\iam\AuthTokenController.java,173
com.diboot:diboot-core,3.7.0,true,MethodCallExpr,com.diboot.core.controller.BaseCrudRestController,getViewObject,C:\Users\tyin363\Documents\repos\dibo-software__diboot\rest-api-example\src\main\java\com\example\api\controller\system\MessageController.java,70
com.diboot:diboot-iam-spring-boot-starter,3.7.0,false,FieldAccessExpr,com.diboot.iam.annotation.OperationCons,LABEL_UPDATE,C:\Users\tyin363\Documents\repos\dibo-software__diboot\rest-api-example\src\main\java\com\example\api\controller\system\MessageTemplateController.java,92
com.diboot:diboot-core,3.7.0,true,ClassOrInterfaceType,com.diboot.core.vo.JsonResult,JsonResult,C:\Users\tyin363\Documents\repos\dibo-software__diboot\rest-api-example\src\main\java\com\example\api\controller\iam\ResourceController.java,94
com.diboot:diboot-iam-spring-boot-starter,3.7.0,false,FieldAccessExpr,com.diboot.iam.config.Cons,ROLE_SUPER_ADMIN,C:\Users\tyin363\Documents\repos\dibo-software__diboot\rest-api-example\src\main\java\com\example\api\controller\iam\RoleController.java,190
com.diboot:diboot-ai-spring-boot-starter,3.7.0,false,ClassOrInterfaceType,com.diboot.ai.service.AiSessionRecordService,AiSessionRecordService,C:\Users\tyin363\Documents\repos\dibo-software__diboot\rest-api-example\src\main\java\com\example\api\controller\system\AiSessionRecordController.java,59
com.diboot:diboot-core,3.7.0,true,FieldAccessExpr,com.diboot.core.config.Cons,TREE_ROOT_ID,C:\Users\tyin363\Documents\repos\dibo-software__diboot\rest-api-example\src\main\java\com\example\api\controller\iam\RoleController.java,96
com.diboot:diboot-core,3.7.0,true,MethodCallExpr,com.diboot.core.vo.JsonResult,FAIL_OPERATION,C:\Users\tyin363\Documents\repos\dibo-software__diboot\rest-api-example\src\main\java\com\example\api\controller\iam\SSOClientController.java,68
com.diboot:diboot-core,3.7.0,true,MethodCallExpr,com.diboot.core.util.ContextHolder,getBean,C:\Users\tyin363\Documents\repos\dibo-software__diboot\rest-api-example\src\main\java\com\example\api\excel\listener\UserImportExcelListener.java,118
JDK:java.base,N/A,false,MethodCallExpr,java.lang.Math,min,C:\Users\tyin363\Documents\repos\dibo-software__diboot\rest-api-example\src\main\java\com\example\api\excel\listener\UserImportExcelListener.java,73
JDK:java.base,N/A,false,MethodCallExpr,java.util.Map,containsKey,C:\Users\tyin363\Documents\repos\dibo-software__diboot\rest-api-example\src\main\java\com\example\api\controller\iam\TenantController.java,197
com.diboot:diboot-notification-spring-boot-starter,3.7.0,false,MethodReferenceExpr,com.diboot.notification.entity.Message,getBusinessCode,C:\Users\tyin363\Documents\repos\dibo-software__diboot\rest-api-example\src\main\java\com\example\api\controller\system\MessageController.java,89
com.diboot:diboot-core,3.7.0,true,MethodCallExpr,com.diboot.core.vo.JsonResult,OK,C:\Users\tyin363\Documents\repos\dibo-software__diboot\rest-api-example\src\main\java\com\example\api\controller\system\SystemConfigController.java,46
com.diboot:diboot-core,3.7.0,true,MethodCallExpr,com.diboot.core.vo.JsonResult,FAIL_VALIDATION,C:\Users\tyin363\Documents\repos\dibo-software__diboot\rest-api-example\src\main\java\com\example\api\controller\system\SystemConfigController.java,175
jakarta.servlet:jakarta.servlet-api,6.0.0,true,MethodCallExpr,jakarta.servlet.ServletResponse,getOutputStream,C:\Users\tyin363\Documents\repos\dibo-software__diboot\rest-api-example\src\main\java\com\example\api\controller\iam\AuthTokenController.java,89
JDK:java.base,N/A,false,ClassOrInterfaceType,java.lang.Exception,Exception,C:\Users\tyin363\Documents\repos\dibo-software__diboot\rest-api-example\src\main\java\com\example\api\controller\iam\OrgController.java,74
com.diboot:diboot-core,3.7.0,true,ObjectCreationExpr,com.diboot.core.vo.JsonResult,JsonResult,C:\Users\tyin363\Documents\repos\dibo-software__diboot\rest-api-example\src\main\java\com\example\api\controller\system\I18nConfigController.java,101
JDK:java.base,N/A,false,MethodCallExpr,java.util.List,add,C:\Users\tyin363\Documents\repos\dibo-software__diboot\rest-api-example\src\main\java\com\example\api\controller\iam\UserExcelController.java,140
com.baomidou:mybatis-plus-core,3.5.12,true,MethodCallExpr,com.baomidou.mybatisplus.core.conditions.interfaces.Func,in,C:\Users\tyin363\Documents\repos\dibo-software__diboot\rest-api-example\src\main\java\com\example\api\controller\iam\AuthTokenController.java,182
com.diboot:diboot-core,3.7.0,true,MethodCallExpr,com.diboot.core.service.GeneralService,createOrUpdateEntities,C:\Users\tyin363\Documents\repos\dibo-software__diboot\rest-api-example\src\main\java\com\example\api\controller\system\I18nConfigController.java,101
com.diboot:diboot-iam-spring-boot-starter,3.7.0,false,ClassOrInterfaceType,com.diboot.iam.entity.IamResource,IamResource,C:\Users\tyin363\Documents\repos\dibo-software__diboot\rest-api-example\src\main\java\com\example\api\controller\iam\AuthTokenController.java,174
com.diboot:diboot-iam-spring-boot-starter,3.7.0,false,MethodCallExpr,com.diboot.iam.service.IamRoleResourceService,deleteRoleResourceRelations,C:\Users\tyin363\Documents\repos\dibo-software__diboot\rest-api-example\src\main\java\com\example\api\controller\iam\RoleController.java,216
jakarta.servlet:jakarta.servlet-api,6.0.0,true,MethodCallExpr,jakarta.servlet.ServletResponse,setContentType,C:\Users\tyin363\Documents\repos\dibo-software__diboot\rest-api-example\src\main\java\com\example\api\controller\iam\AuthTokenController.java,80
com.diboot:diboot-iam-spring-boot-starter,3.7.0,false,FieldAccessExpr,com.diboot.iam.annotation.OperationCons,LABEL_DETAIL,C:\Users\tyin363\Documents\repos\dibo-software__diboot\rest-api-example\src\main\java\com\example\api\controller\iam\RoleController.java,89
JDK:java.base,N/A,false,ClassOrInterfaceType,java.util.List,List,C:\Users\tyin363\Documents\repos\dibo-software__diboot\rest-api-example\src\main\java\com\example\api\controller\iam\AuthTokenController.java,207
JDK:java.base,N/A,false,ClassOrInterfaceType,java.lang.Exception,Exception,C:\Users\tyin363\Documents\repos\dibo-software__diboot\rest-api-example\src\main\java\com\example\api\controller\system\MessageTemplateController.java,140
JDK:java.base,N/A,false,ClassOrInterfaceType,java.lang.Exception,Exception,C:\Users\tyin363\Documents\repos\dibo-software__diboot\rest-api-example\src\main\java\com\example\api\controller\iam\TenantController.java,154
com.diboot:diboot-core,3.7.0,true,MethodCallExpr,com.diboot.core.vo.JsonResult,OK,C:\Users\tyin363\Documents\repos\dibo-software__diboot\rest-api-example\src\main\java\com\example\api\controller\iam\OrgController.java,178
JDK:java.base,N/A,false,ClassOrInterfaceType,java.util.List,List,C:\Users\tyin363\Documents\repos\dibo-software__diboot\rest-api-example\src\main\java\com\example\api\controller\iam\RoleController.java,139
JDK:java.base,N/A,false,MethodCallExpr,java.util.Map.Entry,getKey,C:\Users\tyin363\Documents\repos\dibo-software__diboot\rest-api-example\src\main\java\com\example\api\excel\listener\UserImportExcelListener.java,123
JDK:java.base,N/A,false,ClassOrInterfaceType,java.util.Map,Map,C:\Users\tyin363\Documents\repos\dibo-software__diboot\rest-api-example\src\main\java\com\example\api\controller\CommonController.java,46
com.diboot:diboot-iam-spring-boot-starter,3.7.0,false,FieldAccessExpr,com.diboot.iam.annotation.OperationCons,LABEL_DETAIL,C:\Users\tyin363\Documents\repos\dibo-software__diboot\rest-api-example\src\main\java\com\example\api\controller\system\ScheduleJobController.java,63
com.diboot:diboot-iam-spring-boot-starter,3.7.0,false,FieldAccessExpr,com.diboot.iam.annotation.OperationCons,CODE_WRITE,C:\Users\tyin363\Documents\repos\dibo-software__diboot\rest-api-example\src\main\java\com\example\api\controller\iam\ClientController.java,118
com.diboot:diboot-file-spring-boot-starter,3.7.0,false,ClassOrInterfaceType,com.diboot.file.entity.FileRecord,FileRecord,C:\Users\tyin363\Documents\repos\dibo-software__diboot\rest-api-example\src\main\java\com\example\api\controller\system\FileController.java,132
com.diboot:diboot-core,3.7.0,true,ClassOrInterfaceType,com.diboot.core.vo.JsonResult,JsonResult,C:\Users\tyin363\Documents\repos\dibo-software__diboot\rest-api-example\src\main\java\com\example\api\controller\iam\OrgController.java,137
JDK:java.base,N/A,false,MethodCallExpr,java.util.Arrays,asList,C:\Users\tyin363\Documents\repos\dibo-software__diboot\rest-api-example\src\main\java\com\example\api\controller\system\FileController.java,45
JDK:java.base,N/A,false,ClassOrInterfaceType,java.lang.Exception,Exception,C:\Users\tyin363\Documents\repos\dibo-software__diboot\rest-api-example\src\main\java\com\example\api\controller\system\DictionaryController.java,135
com.diboot:diboot-iam-spring-boot-starter,3.7.0,false,FieldAccessExpr,com.diboot.iam.annotation.OperationCons,CODE_READ,C:\Users\tyin363\Documents\repos\dibo-software__diboot\rest-api-example\src\main\java\com\example\api\controller\system\MessageController.java,53
com.diboot:diboot-iam-spring-boot-starter,3.7.0,false,ClassOrInterfaceType,com.diboot.iam.entity.IamResource,IamResource,C:\Users\tyin363\Documents\repos\dibo-software__diboot\rest-api-example\src\main\java\com\example\api\controller\iam\AuthTokenController.java,175
com.diboot:diboot-iam-spring-boot-starter,3.7.0,false,ClassOrInterfaceType,com.diboot.iam.entity.IamUser,IamUser,C:\Users\tyin363\Documents\repos\dibo-software__diboot\rest-api-example\src\main\java\com\example\api\controller\iam\TenantController.java,184
com.diboot:diboot-iam-spring-boot-starter,3.7.0,false,ClassOrInterfaceType,com.diboot.iam.entity.SystemConfig,SystemConfig,C:\Users\tyin363\Documents\repos\dibo-software__diboot\rest-api-example\src\main\java\com\example\api\controller\system\SystemConfigController.java,75
com.diboot:diboot-core,3.7.0,true,MethodReferenceExpr,com.diboot.core.entity.AbstractEntity,getId,C:\Users\tyin363\Documents\repos\dibo-software__diboot\rest-api-example\src\main\java\com\example\api\controller\iam\GroupController.java,116
com.diboot:diboot-iam-spring-boot-starter,3.7.0,false,FieldAccessExpr,com.diboot.iam.annotation.OperationCons,LABEL_UPDATE,C:\Users\tyin363\Documents\repos\dibo-software__diboot\rest-api-example\src\main\java\com\example\api\controller\system\FileRecordController.java,72
com.diboot:diboot-core,3.7.0,true,MethodCallExpr,com.diboot.core.controller.BaseCrudRestController,getEntityListWithPaging,C:\Users\tyin363\Documents\repos\dibo-software__diboot\rest-api-example\src\main\java\com\example\api\controller\iam\OperationLogController.java,63
com.diboot:diboot-core,3.7.0,true,ClassOrInterfaceType,com.diboot.core.vo.JsonResult,JsonResult,C:\Users\tyin363\Documents\repos\dibo-software__diboot\rest-api-example\src\main\java\com\example\api\controller\iam\AuthTokenController.java,143
com.baomidou:mybatis-plus-core,3.5.12,true,MethodCallExpr,com.baomidou.mybatisplus.core.conditions.interfaces.Compare,eq,C:\Users\tyin363\Documents\repos\dibo-software__diboot\rest-api-example\src\main\java\com\example\api\controller\system\MessageController.java,86
com.diboot:diboot-iam-spring-boot-starter,3.7.0,false,MethodReferenceExpr,com.diboot.iam.entity.SystemConfig,getCategory,C:\Users\tyin363\Documents\repos\dibo-software__diboot\rest-api-example\src\main\java\com\example\api\controller\system\SystemConfigController.java,46
JDK:java.base,N/A,false,MethodCallExpr,java.util.Map,isEmpty,C:\Users\tyin363\Documents\repos\dibo-software__diboot\rest-api-example\src\main\java\com\example\api\excel\listener\UserImportExcelListener.java,116
com.diboot:diboot-core,3.7.0,true,MethodCallExpr,com.diboot.core.vo.JsonResult,OK,C:\Users\tyin363\Documents\repos\dibo-software__diboot\rest-api-example\src\main\java\com\example\api\controller\iam\AuthTokenController.java,161
JDK:java.base,N/A,false,ClassOrInterfaceType,java.lang.String,String,C:\Users\tyin363\Documents\repos\dibo-software__diboot\rest-api-example\src\main\java\com\example\api\controller\iam\TenantController.java,166
com.baomidou:mybatis-plus-core,3.5.12,true,ClassOrInterfaceType,com.baomidou.mybatisplus.core.conditions.query.QueryWrapper,QueryWrapper,C:\Users\tyin363\Documents\repos\dibo-software__diboot\rest-api-example\src\main\java\com\example\api\controller\iam\OrgController.java,152
JDK:java.base,N/A,false,ClassOrInterfaceType,java.lang.String,String,C:\Users\tyin363\Documents\repos\dibo-software__diboot\rest-api-example\src\main\java\com\example\api\controller\iam\RoleController.java,172
JDK:java.base,N/A,false,MethodCallExpr,java.util.Map,get,C:\Users\tyin363\Documents\repos\dibo-software__diboot\rest-api-example\src\main\java\com\example\api\controller\iam\SSOClientController.java,56
com.diboot:diboot-iam-spring-boot-starter,3.7.0,false,FieldAccessExpr,com.diboot.iam.annotation.OperationCons,CODE_WRITE,C:\Users\tyin363\Documents\repos\dibo-software__diboot\rest-api-example\src\main\java\com\example\api\controller\system\ScheduleJobController.java,76
JDK:java.base,N/A,false,MethodCallExpr,java.util.stream.Stream,map,C:\Users\tyin363\Documents\repos\dibo-software__diboot\rest-api-example\src\main\java\com\example\api\excel\listener\UserImportExcelListener.java,123
com.diboot:diboot-core,3.7.0,true,ClassOrInterfaceType,com.diboot.core.vo.JsonResult,JsonResult,C:\Users\tyin363\Documents\repos\dibo-software__diboot\rest-api-example\src\main\java\com\example\api\controller\system\AiSessionRecordController.java,109
com.diboot:diboot-iam-spring-boot-starter,3.7.0,false,ClassOrInterfaceType,com.diboot.iam.dto.IamUserFormDTO,IamUserFormDTO,C:\Users\tyin363\Documents\repos\dibo-software__diboot\rest-api-example\src\main\java\com\example\api\controller\iam\TenantController.java,166
com.baomidou:mybatis-plus-core,3.5.12,true,MethodCallExpr,com.baomidou.mybatisplus.core.toolkit.Wrappers,lambdaQuery,C:\Users\tyin363\Documents\repos\dibo-software__diboot\rest-api-example\src\main\java\com\example\api\controller\iam\AuthTokenController.java,180
com.diboot:diboot-core,3.7.0,true,MethodCallExpr,com.diboot.core.util.V,notEmpty,C:\Users\tyin363\Documents\repos\dibo-software__diboot\rest-api-example\src\main\java\com\example\api\controller\iam\AuthTokenController.java,181
com.diboot:diboot-iam-spring-boot-starter,3.7.0,false,FieldAccessExpr,com.diboot.iam.annotation.OperationCons,CODE_WRITE,C:\Users\tyin363\Documents\repos\dibo-software__diboot\rest-api-example\src\main\java\com\example\api\controller\system\AiSessionRecordController.java,99
JDK:java.base,N/A,false,MethodCallExpr,java.lang.Class,getSimpleName,C:\Users\tyin363\Documents\repos\dibo-software__diboot\rest-api-example\src\main\java\com\example\api\controller\iam\TenantController.java,184
com.diboot:diboot-core,3.7.0,true,ClassOrInterfaceType,com.diboot.core.vo.JsonResult,JsonResult,C:\Users\tyin363\Documents\repos\dibo-software__diboot\rest-api-example\src\main\java\com\example\api\controller\iam\GroupController.java,113
JDK:java.base,N/A,false,MethodCallExpr,java.util.Map,get,C:\Users\tyin363\Documents\repos\dibo-software__diboot\rest-api-example\src\main\java\com\example\api\excel\listener\UserImportExcelListener.java,94
com.diboot:diboot-core,3.7.0,true,ClassOrInterfaceType,com.diboot.core.vo.JsonResult,JsonResult,C:\Users\tyin363\Documents\repos\dibo-software__diboot\rest-api-example\src\main\java\com\example\api\controller\iam\TenantController.java,223
JDK:java.base,N/A,false,ClassOrInterfaceType,java.lang.String,String,C:\Users\tyin363\Documents\repos\dibo-software__diboot\rest-api-example\src\main\java\com\example\api\controller\iam\UserController.java,96
com.diboot:diboot-iam-spring-boot-starter,3.7.0,false,ClassOrInterfaceType,com.diboot.iam.entity.IamResource,IamResource,C:\Users\tyin363\Documents\repos\dibo-software__diboot\rest-api-example\src\main\java\com\example\api\controller\iam\AuthTokenController.java,177
com.diboot:diboot-core,3.7.0,true,ClassOrInterfaceType,com.diboot.core.controller.BaseCrudRestController,BaseCrudRestController,C:\Users\tyin363\Documents\repos\dibo-software__diboot\rest-api-example\src\main\java\com\example\api\controller\iam\OperationLogController.java,30
JDK:java.base,N/A,false,ClassOrInterfaceType,java.lang.String,String,C:\Users\tyin363\Documents\repos\dibo-software__diboot\rest-api-example\src\main\java\com\example\api\controller\iam\GroupController.java,59
com.baomidou:mybatis-plus-core,3.5.12,true,MethodCallExpr,com.baomidou.mybatisplus.core.conditions.interfaces.Func,in,C:\Users\tyin363\Documents\repos\dibo-software__diboot\rest-api-example\src\main\java\com\example\api\controller\iam\OperationLogController.java,57
com.diboot:diboot-core,3.7.0,true,ClassOrInterfaceType,com.diboot.core.vo.LabelValue,LabelValue,C:\Users\tyin363\Documents\repos\dibo-software__diboot\rest-api-example\src\main\java\com\example\api\controller\CommonController.java,59
com.diboot:diboot-iam-spring-boot-starter,3.7.0,false,MethodCallExpr,com.diboot.iam.service.IamOrgService,getOrgTree,C:\Users\tyin363\Documents\repos\dibo-software__diboot\rest-api-example\src\main\java\com\example\api\controller\iam\OrgController.java,139
com.diboot:diboot-iam-spring-boot-starter,3.7.0,false,MethodCallExpr,com.diboot.iam.service.IamOrgService,getTenantRootOrgId,C:\Users\tyin363\Documents\repos\dibo-software__diboot\rest-api-example\src\main\java\com\example\api\controller\iam\TenantController.java,155
com.diboot:diboot-core,3.7.0,true,MethodCallExpr,com.diboot.core.service.BaseService,exists,C:\Users\tyin363\Documents\repos\dibo-software__diboot\rest-api-example\src\main\java\com\example\api\controller\system\MessageTemplateController.java,127
com.diboot:diboot-core,3.7.0,true,MethodCallExpr,com.diboot.core.util.V,isEmpty,C:\Users\tyin363\Documents\repos\dibo-software__diboot\rest-api-example\src\main\java\com\example\api\controller\system\SystemConfigController.java,175
com.diboot:diboot-notification-spring-boot-starter,3.7.0,false,ClassOrInterfaceType,com.diboot.notification.vo.MessageDetailVO,MessageDetailVO,C:\Users\tyin363\Documents\repos\dibo-software__diboot\rest-api-example\src\main\java\com\example\api\controller\system\MessageController.java,70
JDK:java.base,N/A,false,ClassOrInterfaceType,java.lang.Exception,Exception,C:\Users\tyin363\Documents\repos\dibo-software__diboot\rest-api-example\src\main\java\com\example\api\controller\iam\ResourceController.java,136
com.diboot:diboot-iam-spring-boot-starter,3.7.0,false,ClassOrInterfaceType,com.diboot.iam.vo.IamUserOrgVO,IamUserOrgVO,C:\Users\tyin363\Documents\repos\dibo-software__diboot\rest-api-example\src\main\java\com\example\api\controller\iam\AuthTokenController.java,166
com.diboot:diboot-core,3.7.0,true,ClassOrInterfaceType,com.diboot.core.vo.JsonResult,JsonResult,C:\Users\tyin363\Documents\repos\dibo-software__diboot\rest-api-example\src\main\java\com\example\api\controller\iam\UserController.java,153
JDK:java.base,N/A,false,ClassOrInterfaceType,java.util.List,List,C:\Users\tyin363\Documents\repos\dibo-software__diboot\rest-api-example\src\main\java\com\example\api\controller\system\I18nConfigController.java,73
com.diboot:diboot-core,3.7.0,true,MethodCallExpr,com.diboot.core.util.ContextHolder,getBean,C:\Users\tyin363\Documents\repos\dibo-software__diboot\rest-api-example\src\main\java\com\example\api\excel\listener\UserImportExcelListener.java,113
JDK:java.base,N/A,false,ClassOrInterfaceType,java.util.List,List,C:\Users\tyin363\Documents\repos\dibo-software__diboot\rest-api-example\src\main\java\com\example\api\controller\CommonController.java,59
JDK:java.base,N/A,false,ClassOrInterfaceType,java.lang.Exception,Exception,C:\Users\tyin363\Documents\repos\dibo-software__diboot\rest-api-example\src\main\java\com\example\api\controller\iam\OperationLogController.java,74
com.diboot:diboot-core,3.7.0,true,MethodCallExpr,com.diboot.core.vo.JsonResult,OK,C:\Users\tyin363\Documents\repos\dibo-software__diboot\rest-api-example\src\main\java\com\example\api\controller\system\ScheduleJobController.java,105
com.diboot:diboot-core,3.7.0,true,MethodCallExpr,com.diboot.core.config.BaseConfig,getBatchSize,C:\Users\tyin363\Documents\repos\dibo-software__diboot\rest-api-example\src\main\java\com\example\api\excel\listener\UserImportExcelListener.java,69
com.diboot:diboot-core,3.7.0,true,MethodCallExpr,com.diboot.core.cache.BaseCacheManager,putCacheObj,C:\Users\tyin363\Documents\repos\dibo-software__diboot\rest-api-example\src\main\java\com\example\api\controller\iam\AuthTokenController.java,87
com.diboot:diboot-core,3.7.0,true,ObjectCreationExpr,com.diboot.core.exception.BusinessException,BusinessException,C:\Users\tyin363\Documents\repos\dibo-software__diboot\rest-api-example\src\main\java\com\example\api\controller\iam\AuthTokenController.java,132
JDK:java.base,N/A,false,ClassOrInterfaceType,java.lang.Exception,Exception,C:\Users\tyin363\Documents\repos\dibo-software__diboot\rest-api-example\src\main\java\com\example\api\controller\system\ScheduleJobController.java,141
JDK:java.base,N/A,false,MethodCallExpr,java.lang.Enum,name,C:\Users\tyin363\Documents\repos\dibo-software__diboot\rest-api-example\src\main\java\com\example\api\handler\AutoFillMetaObjectHandler.java,25
com.diboot:diboot-core,3.7.0,true,MethodCallExpr,com.diboot.core.controller.BaseCrudRestController,getViewObject,C:\Users\tyin363\Documents\repos\dibo-software__diboot\rest-api-example\src\main\java\com\example\api\controller\iam\GroupController.java,60
com.diboot:diboot-iam-spring-boot-starter,3.7.0,false,ClassOrInterfaceType,com.diboot.iam.entity.IamUser,IamUser,C:\Users\tyin363\Documents\repos\dibo-software__diboot\rest-api-example\src\main\java\com\example\api\controller\iam\UserController.java,251
JDK:java.base,N/A,false,ClassOrInterfaceType,java.util.List,List,C:\Users\tyin363\Documents\repos\dibo-software__diboot\rest-api-example\src\main\java\com\example\api\controller\iam\PositionController.java,65
JDK:java.base,N/A,false,ClassOrInterfaceType,java.lang.String,String,C:\Users\tyin363\Documents\repos\dibo-software__diboot\rest-api-example\src\main\java\com\example\api\controller\system\AiSessionController.java,129
com.diboot:diboot-iam-spring-boot-starter,3.7.0,false,ClassOrInterfaceType,com.diboot.iam.entity.IamClient,IamClient,C:\Users\tyin363\Documents\repos\dibo-software__diboot\rest-api-example\src\main\java\com\example\api\controller\iam\ClientController.java,90
com.diboot:diboot-core,3.7.0,true,ClassOrInterfaceType,com.diboot.core.vo.JsonResult,JsonResult,C:\Users\tyin363\Documents\repos\dibo-software__diboot\rest-api-example\src\main\java\com\example\api\controller\system\FileController.java,128
JDK:java.base,N/A,false,ClassOrInterfaceType,java.util.List,List,C:\Users\tyin363\Documents\repos\dibo-software__diboot\rest-api-example\src\main\java\com\example\api\controller\CommonController.java,60
com.diboot:diboot-iam-spring-boot-starter,3.7.0,false,ClassOrInterfaceType,com.diboot.iam.service.IamUserService,IamUserService,C:\Users\tyin363\Documents\repos\dibo-software__diboot\rest-api-example\src\main\java\com\example\api\controller\iam\UserExcelController.java,48
JDK:java.base,N/A,false,MethodCallExpr,java.lang.Enum,name,C:\Users\tyin363\Documents\repos\dibo-software__diboot\rest-api-example\src\main\java\com\example\api\handler\AutoFillMetaObjectHandler.java,24
JDK:java.base,N/A,false,MethodCallExpr,java.util.HashMap,put,C:\Users\tyin363\Documents\repos\dibo-software__diboot\rest-api-example\src\main\java\com\example\api\controller\system\FileController.java,92
com.diboot:diboot-iam-spring-boot-starter,3.7.0,false,ClassOrInterfaceType,com.diboot.iam.entity.IamOrg,IamOrg,C:\Users\tyin363\Documents\repos\dibo-software__diboot\rest-api-example\src\main\java\com\example\api\controller\iam\OrgController.java,102
com.diboot:diboot-iam-spring-boot-starter,3.7.0,false,FieldAccessExpr,com.diboot.iam.annotation.OperationCons,CODE_READ,C:\Users\tyin363\Documents\repos\dibo-software__diboot\rest-api-example\src\main\java\com\example\api\controller\system\AiSessionRecordController.java,183
com.diboot:diboot-core,3.7.0,true,MethodCallExpr,com.diboot.core.controller.BaseCrudRestController,updateEntity,C:\Users\tyin363\Documents\repos\dibo-software__diboot\rest-api-example\src\main\java\com\example\api\controller\iam\RoleController.java,126
com.diboot:diboot-tenant-spring-boot-starter,3.7.0,false,MethodCallExpr,com.diboot.tenant.service.IamTenantService,createOrUpdateTenantAdminUser,C:\Users\tyin363\Documents\repos\dibo-software__diboot\rest-api-example\src\main\java\com\example\api\controller\iam\TenantController.java,168
com.diboot:diboot-core,3.7.0,true,MethodReferenceExpr,com.diboot.core.entity.AbstractEntity,getId,C:\Users\tyin363\Documents\repos\dibo-software__diboot\rest-api-example\src\main\java\com\example\api\controller\system\SystemConfigController.java,168
JDK:java.base,N/A,false,ClassOrInterfaceType,java.lang.Object,Object,C:\Users\tyin363\Documents\repos\dibo-software__diboot\rest-api-example\src\main\java\com\example\api\controller\iam\UserController.java,71
com.diboot:diboot-iam-spring-boot-starter,3.7.0,false,FieldAccessExpr,com.diboot.iam.annotation.OperationCons,CODE_WRITE,C:\Users\tyin363\Documents\repos\dibo-software__diboot\rest-api-example\src\main\java\com\example\api\controller\iam\UserController.java,138
com.diboot:diboot-iam-spring-boot-starter,3.7.0,false,FieldAccessExpr,com.diboot.iam.annotation.OperationCons,CODE_READ,C:\Users\tyin363\Documents\repos\dibo-software__diboot\rest-api-example\src\main\java\com\example\api\controller\iam\GroupController.java,57
com.baomidou:mybatis-plus-core,3.5.12,true,MethodCallExpr,com.baomidou.mybatisplus.core.toolkit.Wrappers,lambdaQuery,C:\Users\tyin363\Documents\repos\dibo-software__diboot\rest-api-example\src\main\java\com\example\api\controller\system\MessageTemplateController.java,124
org.apache.commons:commons-lang3,3.17.0,true,MethodCallExpr,org.apache.commons.lang3.StringUtils,substringBefore,C:\Users\tyin363\Documents\repos\dibo-software__diboot\rest-api-example\src\main\java\com\example\api\controller\system\FileController.java,130
com.diboot:diboot-iam-spring-boot-starter,3.7.0,false,FieldAccessExpr,com.diboot.iam.annotation.OperationCons,CODE_READ,C:\Users\tyin363\Documents\repos\dibo-software__diboot\rest-api-example\src\main\java\com\example\api\controller\iam\UserController.java,94
com.diboot:diboot-core,3.7.0,true,ClassOrInterfaceType,com.diboot.core.vo.JsonResult,JsonResult,C:\Users\tyin363\Documents\repos\dibo-software__diboot\rest-api-example\src\main\java\com\example\api\controller\iam\ClientController.java,136
com.diboot:diboot-core,3.7.0,true,ClassOrInterfaceType,com.diboot.core.vo.LabelValue,LabelValue,C:\Users\tyin363\Documents\repos\dibo-software__diboot\rest-api-example\src\main\java\com\example\api\controller\CommonController.java,60
com.diboot:diboot-iam-spring-boot-starter,3.7.0,false,ClassOrInterfaceType,com.diboot.iam.dto.IamOrgDTO,IamOrgDTO,C:\Users\tyin363\Documents\repos\dibo-software__diboot\rest-api-example\src\main\java\com\example\api\controller\iam\OrgController.java,57
com.diboot:diboot-iam-spring-boot-starter,3.7.0,false,FieldAccessExpr,com.diboot.iam.annotation.OperationCons,LABEL_DETAIL,C:\Users\tyin363\Documents\repos\dibo-software__diboot\rest-api-example\src\main\java\com\example\api\controller\iam\TenantController.java,81
JDK:java.base,N/A,false,MethodCallExpr,java.util.HashMap,put,C:\Users\tyin363\Documents\repos\dibo-software__diboot\rest-api-example\src\main\java\com\example\api\controller\system\FileController.java,93
com.diboot:diboot-core,3.7.0,true,ClassOrInterfaceType,com.diboot.core.vo.JsonResult,JsonResult,C:\Users\tyin363\Documents\repos\dibo-software__diboot\rest-api-example\src\main\java\com\example\api\controller\system\DictionaryController.java,71
com.baomidou:mybatis-plus-core,3.5.12,true,MethodCallExpr,com.baomidou.mybatisplus.core.toolkit.Wrappers,lambdaQuery,C:\Users\tyin363\Documents\repos\dibo-software__diboot\rest-api-example\src\main\java\com\example\api\controller\system\I18nConfigController.java,54
com.diboot:diboot-scheduler-spring-boot-starter,3.7.0,false,MethodCallExpr,com.diboot.scheduler.service.ScheduleJobService,executeOnceJob,C:\Users\tyin363\Documents\repos\dibo-software__diboot\rest-api-example\src\main\java\com\example\api\controller\system\ScheduleJobController.java,119
com.diboot:diboot-core,3.7.0,true,FieldAccessExpr,com.diboot.core.config.Cons,ID_PREVENT_NULL,C:\Users\tyin363\Documents\repos\dibo-software__diboot\rest-api-example\src\main\java\com\example\api\controller\system\DictionaryController.java,152
com.diboot:diboot-iam-spring-boot-starter,3.7.0,false,MethodCallExpr,com.diboot.iam.service.IamRoleResourceService,updateRoleResourceRelations,C:\Users\tyin363\Documents\repos\dibo-software__diboot\rest-api-example\src\main\java\com\example\api\controller\iam\RoleController.java,211
com.diboot:diboot-core,3.7.0,true,ClassOrInterfaceType,com.diboot.core.controller.BaseCrudRestController,BaseCrudRestController,C:\Users\tyin363\Documents\repos\dibo-software__diboot\rest-api-example\src\main\java\com\example\api\controller\system\SystemConfigController.java,32
com.diboot:diboot-core,3.7.0,true,MethodCallExpr,com.diboot.core.util.V,isEmpty,C:\Users\tyin363\Documents\repos\dibo-software__diboot\rest-api-example\src\main\java\com\example\api\controller\iam\OperationLogController.java,43
JDK:java.base,N/A,false,MethodCallExpr,java.lang.Enum,name,C:\Users\tyin363\Documents\repos\dibo-software__diboot\rest-api-example\src\main\java\com\example\api\handler\AutoFillMetaObjectHandler.java,26
JDK:java.base,N/A,false,ClassOrInterfaceType,java.util.List,List,C:\Users\tyin363\Documents\repos\dibo-software__diboot\rest-api-example\src\main\java\com\example\api\controller\system\FileController.java,45
com.diboot:diboot-core,3.7.0,true,ClassOrInterfaceType,com.diboot.core.vo.JsonResult,JsonResult,C:\Users\tyin363\Documents\repos\dibo-software__diboot\rest-api-example\src\main\java\com\example\api\controller\system\MessageTemplateController.java,81
com.diboot:diboot-iam-spring-boot-starter,3.7.0,false,ClassOrInterfaceType,com.diboot.iam.vo.IamGroupVO,IamGroupVO,C:\Users\tyin363\Documents\repos\dibo-software__diboot\rest-api-example\src\main\java\com\example\api\controller\iam\GroupController.java,60
com.diboot:diboot-core,3.7.0,true,MethodCallExpr,com.diboot.core.vo.JsonResult,OK,C:\Users\tyin363\Documents\repos\dibo-software__diboot\rest-api-example\src\main\java\com\example\api\controller\iam\ResourceController.java,109
com.diboot:diboot-iam-spring-boot-starter,3.7.0,false,MethodReferenceExpr,com.diboot.iam.entity.IamResource,getStatus,C:\Users\tyin363\Documents\repos\dibo-software__diboot\rest-api-example\src\main\java\com\example\api\controller\iam\AuthTokenController.java,174
JDK:java.base,N/A,false,MethodCallExpr,java.util.Map,isEmpty,C:\Users\tyin363\Documents\repos\dibo-software__diboot\rest-api-example\src\main\java\com\example\api\excel\listener\UserImportExcelListener.java,122
com.diboot:diboot-iam-spring-boot-starter,3.7.0,false,FieldAccessExpr,com.diboot.iam.annotation.OperationCons,LABEL_DETAIL,C:\Users\tyin363\Documents\repos\dibo-software__diboot\rest-api-example\src\main\java\com\example\api\controller\iam\TenantController.java,80
com.baomidou:mybatis-plus-core,3.5.12,true,ClassOrInterfaceType,com.baomidou.mybatisplus.core.conditions.query.QueryWrapper,QueryWrapper,C:\Users\tyin363\Documents\repos\dibo-software__diboot\rest-api-example\src\main\java\com\example\api\controller\iam\UserExcelController.java,105
com.diboot:diboot-core,3.7.0,true,ClassOrInterfaceType,com.diboot.core.vo.DictionaryVO,DictionaryVO,C:\Users\tyin363\Documents\repos\dibo-software__diboot\rest-api-example\src\main\java\com\example\api\controller\system\DictionaryController.java,58
JDK:java.base,N/A,false,MethodCallExpr,java.util.stream.Stream,map,C:\Users\tyin363\Documents\repos\dibo-software__diboot\rest-api-example\src\main\java\com\example\api\excel\listener\UserImportExcelListener.java,117
com.diboot:diboot-core,3.7.0,true,MethodReferenceExpr,com.diboot.core.entity.AbstractEntity,getId,C:\Users\tyin363\Documents\repos\dibo-software__diboot\rest-api-example\src\main\java\com\example\api\controller\iam\GroupController.java,118
com.diboot:diboot-iam-spring-boot-starter,3.7.0,false,FieldAccessExpr,com.diboot.iam.annotation.OperationCons,LABEL_DETAIL,C:\Users\tyin363\Documents\repos\dibo-software__diboot\rest-api-example\src\main\java\com\example\api\controller\system\MessageTemplateController.java,65
JDK:java.base,N/A,false,MethodCallExpr,java.lang.Class,getSimpleName,C:\Users\tyin363\Documents\repos\dibo-software__diboot\rest-api-example\src\main\java\com\example\api\job\CasUserSyncJob.java,56
com.diboot:diboot-core,3.7.0,true,FieldAccessExpr,com.diboot.core.config.Cons,TREE_ROOT_ID,C:\Users\tyin363\Documents\repos\dibo-software__diboot\rest-api-example\src\main\java\com\example\api\controller\iam\OrgController.java,153
com.baomidou:mybatis-plus-core,3.5.12,true,ClassOrInterfaceType,com.baomidou.mybatisplus.core.conditions.query.LambdaQueryWrapper,LambdaQueryWrapper,C:\Users\tyin363\Documents\repos\dibo-software__diboot\rest-api-example\src\main\java\com\example\api\controller\system\DictionaryController.java,151
com.diboot:diboot-core,3.7.0,true,MethodCallExpr,com.diboot.core.controller.BaseCrudRestController,getViewObject,C:\Users\tyin363\Documents\repos\dibo-software__diboot\rest-api-example\src\main\java\com\example\api\controller\iam\UserController.java,97
jakarta.servlet:jakarta.servlet-api,6.0.0,true,ClassOrInterfaceType,jakarta.servlet.http.HttpServletResponse,HttpServletResponse,C:\Users\tyin363\Documents\repos\dibo-software__diboot\rest-api-example\src\main\java\com\example\api\controller\iam\UserExcelController.java,57
com.diboot:diboot-notification-spring-boot-starter,3.7.0,false,ClassOrInterfaceType,com.diboot.notification.service.MessageService,MessageService,C:\Users\tyin363\Documents\repos\dibo-software__diboot\rest-api-example\src\main\java\com\example\api\controller\system\MessageController.java,41
com.diboot:diboot-iam-spring-boot-starter,3.7.0,false,ClassOrInterfaceType,com.diboot.iam.entity.IamResource,IamResource,C:\Users\tyin363\Documents\repos\dibo-software__diboot\rest-api-example\src\main\java\com\example\api\controller\iam\AuthTokenController.java,182
com.diboot:diboot-core,3.7.0,true,ClassOrInterfaceType,com.diboot.core.vo.JsonResult,JsonResult,C:\Users\tyin363\Documents\repos\dibo-software__diboot\rest-api-example\src\main\java\com\example\api\controller\iam\TenantController.java,224
com.diboot:diboot-iam-spring-boot-starter,3.7.0,false,FieldAccessExpr,com.diboot.iam.annotation.OperationCons,LABEL_LIST,C:\Users\tyin363\Documents\repos\dibo-software__diboot\rest-api-example\src\main\java\com\example\api\controller\system\I18nConfigController.java,71
com.diboot:diboot-core,3.7.0,true,ClassOrInterfaceType,com.diboot.core.vo.JsonResult,JsonResult,C:\Users\tyin363\Documents\repos\dibo-software__diboot\rest-api-example\src\main\java\com\example\api\controller\iam\SSOClientController.java,37
com.diboot:diboot-core,3.7.0,true,ClassOrInterfaceType,com.diboot.core.vo.JsonResult,JsonResult,C:\Users\tyin363\Documents\repos\dibo-software__diboot\rest-api-example\src\main\java\com\example\api\controller\system\AiSessionRecordController.java,101
com.diboot:diboot-iam-spring-boot-starter,3.7.0,false,FieldAccessExpr,com.diboot.iam.config.Cons,ROLE_SUPER_ADMIN,C:\Users\tyin363\Documents\repos\dibo-software__diboot\rest-api-example\src\main\java\com\example\api\controller\iam\RoleController.java,197
JDK:java.base,N/A,false,ClassOrInterfaceType,java.util.List,List,C:\Users\tyin363\Documents\repos\dibo-software__diboot\rest-api-example\src\main\java\com\example\api\controller\iam\UserController.java,70
JDK:java.base,N/A,false,ClassOrInterfaceType,java.lang.Exception,Exception,C:\Users\tyin363\Documents\repos\dibo-software__diboot\rest-api-example\src\main\java\com\example\api\controller\system\AiSessionController.java,113
JDK:java.base,N/A,false,ClassOrInterfaceType,java.lang.String,String,C:\Users\tyin363\Documents\repos\dibo-software__diboot\rest-api-example\src\main\java\com\example\api\controller\system\I18nConfigController.java,86
com.diboot:diboot-core,3.7.0,true,MethodCallExpr,com.diboot.core.entity.AbstractEntity,getId,C:\Users\tyin363\Documents\repos\dibo-software__diboot\rest-api-example\src\main\java\com\example\api\controller\iam\RoleController.java,205
com.diboot:diboot-core,3.7.0,true,ClassOrInterfaceType,com.diboot.core.vo.JsonResult,JsonResult,C:\Users\tyin363\Documents\repos\dibo-software__diboot\rest-api-example\src\main\java\com\example\api\controller\iam\UserExcelController.java,104
com.diboot:diboot-iam-spring-boot-starter,3.7.0,false,ClassOrInterfaceType,com.diboot.iam.vo.IamRoleVO,IamRoleVO,C:\Users\tyin363\Documents\repos\dibo-software__diboot\rest-api-example\src\main\java\com\example\api\controller\iam\RoleController.java,68
com.diboot:diboot-core,3.7.0,true,ClassOrInterfaceType,com.diboot.core.vo.JsonResult,JsonResult,C:\Users\tyin363\Documents\repos\dibo-software__diboot\rest-api-example\src\main\java\com\example\api\controller\iam\RoleController.java,92
JDK:java.base,N/A,false,ClassOrInterfaceType,java.lang.Object,Object,C:\Users\tyin363\Documents\repos\dibo-software__diboot\rest-api-example\src\main\java\com\example\api\controller\iam\UserController.java,73
com.diboot:diboot-core,3.7.0,true,ClassOrInterfaceType,com.diboot.core.vo.JsonResult,JsonResult,C:\Users\tyin363\Documents\repos\dibo-software__diboot\rest-api-example\src\main\java\com\example\api\controller\system\FileRecordController.java,61
com.diboot:diboot-core,3.7.0,true,MethodCallExpr,com.diboot.core.service.GeneralService,createEntities,C:\Users\tyin363\Documents\repos\dibo-software__diboot\rest-api-example\src\main\java\com\example\api\controller\system\FileController.java,89
com.diboot:diboot-core,3.7.0,true,MethodCallExpr,com.diboot.core.vo.JsonResult,OK,C:\Users\tyin363\Documents\repos\dibo-software__diboot\rest-api-example\src\main\java\com\example\api\controller\iam\TenantController.java,117
com.diboot:diboot-iam-spring-boot-starter,3.7.0,false,FieldAccessExpr,com.diboot.iam.annotation.OperationCons,LABEL_UPDATE,C:\Users\tyin363\Documents\repos\dibo-software__diboot\rest-api-example\src\main\java\com\example\api\controller\system\ScheduleJobController.java,87
com.diboot:diboot-iam-spring-boot-starter,3.7.0,false,ClassOrInterfaceType,com.diboot.iam.entity.IamResource,IamResource,C:\Users\tyin363\Documents\repos\dibo-software__diboot\rest-api-example\src\main\java\com\example\api\controller\iam\AuthTokenController.java,183
com.diboot:diboot-core,3.7.0,true,MethodCallExpr,com.diboot.core.vo.JsonResult,OK,C:\Users\tyin363\Documents\repos\dibo-software__diboot\rest-api-example\src\main\java\com\example\api\controller\system\AiSessionController.java,132
com.diboot:diboot-core,3.7.0,true,MethodCallExpr,com.diboot.core.util.V,equals,C:\Users\tyin363\Documents\repos\dibo-software__diboot\rest-api-example\src\main\java\com\example\api\controller\iam\OrgController.java,153
com.diboot:diboot-core,3.7.0,true,MethodCallExpr,com.diboot.core.service.BaseService,deleteEntity,C:\Users\tyin363\Documents\repos\dibo-software__diboot\rest-api-example\src\main\java\com\example\api\controller\system\AiSessionController.java,130
JDK:java.base,N/A,false,ObjectCreationExpr,java.util.HashMap,HashMap,C:\Users\tyin363\Documents\repos\dibo-software__diboot\rest-api-example\src\main\java\com\example\api\controller\CommonController.java,60
com.diboot:diboot-core,3.7.0,true,ClassOrInterfaceType,com.diboot.core.vo.JsonResult,JsonResult,C:\Users\tyin363\Documents\repos\dibo-software__diboot\rest-api-example\src\main\java\com\example\api\controller\iam\UserController.java,110
com.diboot:diboot-core,3.7.0,true,MethodCallExpr,com.diboot.core.vo.JsonResult,OK,C:\Users\tyin363\Documents\repos\dibo-software__diboot\rest-api-example\src\main\java\com\example\api\controller\iam\AuthTokenController.java,219
com.diboot:diboot-core,3.7.0,true,MethodCallExpr,com.diboot.core.service.BaseService,deleteEntity,C:\Users\tyin363\Documents\repos\dibo-software__diboot\rest-api-example\src\main\java\com\example\api\controller\iam\TenantController.java,131
com.diboot:diboot-core,3.7.0,true,MethodCallExpr,com.diboot.core.vo.JsonResult,OK,C:\Users\tyin363\Documents\repos\dibo-software__diboot\rest-api-example\src\main\java\com\example\api\controller\iam\TenantController.java,133
com.diboot:diboot-core,3.7.0,true,MethodCallExpr,com.diboot.core.vo.JsonResult,bindPagination,C:\Users\tyin363\Documents\repos\dibo-software__diboot\rest-api-example\src\main\java\com\example\api\controller\system\DictionaryController.java,59
com.baomidou:mybatis-plus-core,3.5.12,true,MethodCallExpr,com.baomidou.mybatisplus.core.conditions.query.QueryWrapper,lambda,C:\Users\tyin363\Documents\repos\dibo-software__diboot\rest-api-example\src\main\java\com\example\api\controller\iam\RoleController.java,141
com.baomidou:mybatis-plus-core,3.5.12,true,MethodCallExpr,com.baomidou.mybatisplus.core.toolkit.Wrappers,lambdaUpdate,C:\Users\tyin363\Documents\repos\dibo-software__diboot\rest-api-example\src\main\java\com\example\api\controller\system\MessageController.java,103
JDK:java.base,N/A,false,ClassOrInterfaceType,java.util.List,List,C:\Users\tyin363\Documents\repos\dibo-software__diboot\rest-api-example\src\main\java\com\example\api\controller\iam\ResourceController.java,71
com.diboot:diboot-core,3.7.0,true,ClassOrInterfaceType,com.diboot.core.data.protect.DefaultDataMaskHandler,DefaultDataMaskHandler,C:\Users\tyin363\Documents\repos\dibo-software__diboot\rest-api-example\src\main\java\com\example\api\handler\DefaultMaskHandler.java,13
JDK:java.base,N/A,false,ClassOrInterfaceType,java.lang.Exception,Exception,C:\Users\tyin363\Documents\repos\dibo-software__diboot\rest-api-example\src\main\java\com\example\api\controller\iam\ClientController.java,48
com.diboot:diboot-core,3.7.0,true,ClassOrInterfaceType,com.diboot.core.vo.JsonResult,JsonResult,C:\Users\tyin363\Documents\repos\dibo-software__diboot\rest-api-example\src\main\java\com\example\api\controller\system\MessageTemplateController.java,109
JDK:java.base,N/A,false,ClassOrInterfaceType,java.lang.String,String,C:\Users\tyin363\Documents\repos\dibo-software__diboot\rest-api-example\src\main\java\com\example\api\controller\iam\AuthTokenController.java,129
org.apache.commons:commons-lang3,3.17.0,true,MethodCallExpr,org.apache.commons.lang3.StringUtils,defaultIfEmpty,C:\Users\tyin363\Documents\repos\dibo-software__diboot\rest-api-example\src\main\java\com\example\api\excel\listener\UserImportExcelListener.java,94
com.diboot:diboot-iam-spring-boot-starter,3.7.0,false,MethodReferenceExpr,com.diboot.iam.entity.IamAccount,getStatus,C:\Users\tyin363\Documents\repos\dibo-software__diboot\rest-api-example\src\main\java\com\example\api\controller\iam\UserController.java,156
com.diboot:diboot-core,3.7.0,true,MethodCallExpr,com.diboot.core.vo.JsonResult,OK,C:\Users\tyin363\Documents\repos\dibo-software__diboot\rest-api-example\src\main\java\com\example\api\controller\iam\UserController.java,276
JDK:java.base,N/A,false,ClassOrInterfaceType,java.util.List,List,C:\Users\tyin363\Documents\repos\dibo-software__diboot\rest-api-example\src\main\java\com\example\api\controller\system\AiSessionController.java,63
com.diboot:diboot-core,3.7.0,true,ClassOrInterfaceType,com.diboot.core.vo.JsonResult,JsonResult,C:\Users\tyin363\Documents\repos\dibo-software__diboot\rest-api-example\src\main\java\com\example\api\controller\system\ScheduleJobController.java,192
JDK:java.base,N/A,false,ClassOrInterfaceType,java.lang.Exception,Exception,C:\Users\tyin363\Documents\repos\dibo-software__diboot\rest-api-example\src\main\java\com\example\api\controller\system\ScheduleJobController.java,103
com.diboot:diboot-core,3.7.0,true,MethodCallExpr,com.diboot.core.entity.AbstractEntity,getId,C:\Users\tyin363\Documents\repos\dibo-software__diboot\rest-api-example\src\main\java\com\example\api\controller\iam\RoleController.java,211
com.diboot:diboot-iam-spring-boot-starter,3.7.0,false,FieldAccessExpr,com.diboot.iam.annotation.OperationCons,LABEL_DETAIL,C:\Users\tyin363\Documents\repos\dibo-software__diboot\rest-api-example\src\main\java\com\example\api\controller\system\MessageTemplateController.java,64
com.diboot:diboot-iam-spring-boot-starter,3.7.0,false,ClassOrInterfaceType,com.diboot.iam.entity.SystemConfig,SystemConfig,C:\Users\tyin363\Documents\repos\dibo-software__diboot\rest-api-example\src\main\java\com\example\api\controller\system\SystemConfigController.java,61
com.diboot:diboot-file-spring-boot-starter,3.7.0,false,ClassOrInterfaceType,com.diboot.file.entity.FileRecord,FileRecord,C:\Users\tyin363\Documents\repos\dibo-software__diboot\rest-api-example\src\main\java\com\example\api\controller\system\FileController.java,55
com.diboot:diboot-file-spring-boot-starter,3.7.0,false,MethodCallExpr,com.diboot.file.service.FileStorageService,save,C:\Users\tyin363\Documents\repos\dibo-software__diboot\rest-api-example\src\main\java\com\example\api\controller\system\FileController.java,80
com.baomidou:mybatis-plus-core,3.5.12,true,MethodCallExpr,com.baomidou.mybatisplus.core.conditions.interfaces.Compare,eq,C:\Users\tyin363\Documents\repos\dibo-software__diboot\rest-api-example\src\main\java\com\example\api\controller\system\I18nConfigController.java,57
com.diboot:diboot-core,3.7.0,true,MethodCallExpr,com.diboot.core.controller.BaseCrudRestController,getViewObjectList,C:\Users\tyin363\Documents\repos\dibo-software__diboot\rest-api-example\src\main\java\com\example\api\controller\iam\RoleController.java,68
com.diboot:diboot-core,3.7.0,true,ClassOrInterfaceType,com.diboot.core.controller.BaseCrudRestController,BaseCrudRestController,C:\Users\tyin363\Documents\repos\dibo-software__diboot\rest-api-example\src\main\java\com\example\api\controller\system\I18nConfigController.java,42
JDK:java.base,N/A,false,ClassOrInterfaceType,java.util.Map,Map,C:\Users\tyin363\Documents\repos\dibo-software__diboot\rest-api-example\src\main\java\com\example\api\controller\system\I18nConfigController.java,53
com.diboot:diboot-core,3.7.0,true,ClassOrInterfaceType,com.diboot.core.vo.JsonResult,JsonResult,C:\Users\tyin363\Documents\repos\dibo-software__diboot\rest-api-example\src\main\java\com\example\api\controller\system\AiSessionController.java,97
com.diboot:diboot-iam-spring-boot-starter,3.7.0,false,MethodCallExpr,com.diboot.iam.service.IamAccountService,createEntity,C:\Users\tyin363\Documents\repos\dibo-software__diboot\rest-api-example\src\main\java\com\example\api\job\CasUserSyncJob.java,61
com.diboot:diboot-core,3.7.0,true,ClassOrInterfaceType,com.diboot.core.vo.JsonResult,JsonResult,C:\Users\tyin363\Documents\repos\dibo-software__diboot\rest-api-example\src\main\java\com\example\api\controller\iam\ResourceController.java,107
com.diboot:diboot-core,3.7.0,true,ClassOrInterfaceType,com.diboot.core.vo.JsonResult,JsonResult,C:\Users\tyin363\Documents\repos\dibo-software__diboot\rest-api-example\src\main\java\com\example\api\controller\iam\TenantController.java,99
com.diboot:diboot-core,3.7.0,true,ClassOrInterfaceType,com.diboot.core.vo.JsonResult,JsonResult,C:\Users\tyin363\Documents\repos\dibo-software__diboot\rest-api-example\src\main\java\com\example\api\controller\system\SystemConfigController.java,160
com.diboot:diboot-core,3.7.0,true,MethodCallExpr,com.diboot.core.service.BaseService,getValuesOfField,C:\Users\tyin363\Documents\repos\dibo-software__diboot\rest-api-example\src\main\java\com\example\api\controller\system\SystemConfigController.java,46
com.diboot:diboot-core,3.7.0,true,ObjectCreationExpr,com.diboot.core.vo.JsonResult,JsonResult,C:\Users\tyin363\Documents\repos\dibo-software__diboot\rest-api-example\src\main\java\com\example\api\controller\system\SystemConfigController.java,118
JDK:java.base,N/A,false,ClassOrInterfaceType,java.lang.Exception,Exception,C:\Users\tyin363\Documents\repos\dibo-software__diboot\rest-api-example\src\main\java\com\example\api\controller\system\FileController.java,106
com.diboot:diboot-core,3.7.0,true,MethodCallExpr,com.diboot.core.vo.JsonResult,OK,C:\Users\tyin363\Documents\repos\dibo-software__diboot\rest-api-example\src\main\java\com\example\api\controller\system\MessageTemplateController.java,141
com.diboot:diboot-core,3.7.0,true,MethodCallExpr,com.diboot.core.controller.BaseCrudRestController,getService,C:\Users\tyin363\Documents\repos\dibo-software__diboot\rest-api-example\src\main\java\com\example\api\controller\iam\OrgController.java,60
com.diboot:diboot-core,3.7.0,true,MethodCallExpr,com.diboot.core.service.BaseService,deleteEntities,C:\Users\tyin363\Documents\repos\dibo-software__diboot\rest-api-example\src\main\java\com\example\api\controller\system\I18nConfigController.java,115
com.diboot:diboot-core,3.7.0,true,MethodReferenceExpr,com.diboot.core.entity.AbstractEntity,getId,C:\Users\tyin363\Documents\repos\dibo-software__diboot\rest-api-example\src\main\java\com\example\api\controller\system\MessageController.java,104
com.diboot:diboot-core,3.7.0,true,MethodCallExpr,com.diboot.core.controller.BaseCrudRestController,deleteEntity,C:\Users\tyin363\Documents\repos\dibo-software__diboot\rest-api-example\src\main\java\com\example\api\controller\iam\RoleController.java,161
com.diboot:diboot-core,3.7.0,true,MethodCallExpr,com.diboot.core.vo.JsonResult,OK,C:\Users\tyin363\Documents\repos\dibo-software__diboot\rest-api-example\src\main\java\com\example\api\controller\iam\ResourceController.java,138
com.diboot:diboot-core,3.7.0,true,MethodCallExpr,com.diboot.core.controller.BaseCrudRestController,deleteEntity,C:\Users\tyin363\Documents\repos\dibo-software__diboot\rest-api-example\src\main\java\com\example\api\controller\system\SystemConfigController.java,132
JDK:java.base,N/A,false,ClassOrInterfaceType,java.util.List,List,C:\Users\tyin363\Documents\repos\dibo-software__diboot\rest-api-example\src\main\java\com\example\api\controller\iam\UserExcelController.java,107
com.diboot:diboot-core,3.7.0,true,ClassOrInterfaceType,com.diboot.core.vo.JsonResult,JsonResult,C:\Users\tyin363\Documents\repos\dibo-software__diboot\rest-api-example\src\main\java\com\example\api\controller\system\DictionaryController.java,150
com.diboot:diboot-core,3.7.0,true,ClassOrInterfaceType,com.diboot.core.vo.JsonResult,JsonResult,C:\Users\tyin363\Documents\repos\dibo-software__diboot\rest-api-example\src\main\java\com\example\api\controller\iam\OrgController.java,57
com.diboot:diboot-core,3.7.0,true,MethodCallExpr,com.diboot.core.vo.JsonResult,OK,C:\Users\tyin363\Documents\repos\dibo-software__diboot\rest-api-example\src\main\java\com\example\api\controller\iam\UserController.java,142
com.diboot:diboot-core,3.7.0,true,MethodCallExpr,com.diboot.core.vo.JsonResult,FAIL_VALIDATION,C:\Users\tyin363\Documents\repos\dibo-software__diboot\rest-api-example\src\main\java\com\example\api\controller\system\DictionaryController.java,173
com.diboot:diboot-iam-spring-boot-starter,3.7.0,false,FieldAccessExpr,com.diboot.iam.annotation.OperationCons,LABEL_UPDATE,C:\Users\tyin363\Documents\repos\dibo-software__diboot\rest-api-example\src\main\java\com\example\api\controller\iam\PositionController.java,104
com.diboot:diboot-iam-spring-boot-starter,3.7.0,false,MethodCallExpr,com.diboot.iam.entity.SystemConfig,getCategory,C:\Users\tyin363\Documents\repos\dibo-software__diboot\rest-api-example\src\main\java\com\example\api\controller\system\SystemConfigController.java,60
com.diboot:diboot-iam-spring-boot-starter,3.7.0,false,ClassOrInterfaceType,com.diboot.iam.entity.IamClient,IamClient,C:\Users\tyin363\Documents\repos\dibo-software__diboot\rest-api-example\src\main\java\com\example\api\controller\iam\ClientController.java,48
JDK:java.base,N/A,false,ClassOrInterfaceType,java.util.List,List,C:\Users\tyin363\Documents\repos\dibo-software__diboot\rest-api-example\src\main\java\com\example\api\controller\system\ScheduleJobController.java,161
JDK:java.base,N/A,false,ClassOrInterfaceType,java.lang.Exception,Exception,C:\Users\tyin363\Documents\repos\dibo-software__diboot\rest-api-example\src\main\java\com\example\api\controller\iam\TenantController.java,143
com.diboot:diboot-core,3.7.0,true,MethodCallExpr,com.diboot.core.controller.BaseCrudRestController,createEntity,C:\Users\tyin363\Documents\repos\dibo-software__diboot\rest-api-example\src\main\java\com\example\api\controller\iam\RoleController.java,112
JDK:java.base,N/A,false,ClassOrInterfaceType,java.lang.String,String,C:\Users\tyin363\Documents\repos\dibo-software__diboot\rest-api-example\src\main\java\com\example\api\controller\system\SystemConfigController.java,103
JDK:java.base,N/A,false,ClassOrInterfaceType,java.util.List,List,C:\Users\tyin363\Documents\repos\dibo-software__diboot\rest-api-example\src\main\java\com\example\api\controller\iam\TenantController.java,194
com.diboot:diboot-core,3.7.0,true,ClassOrInterfaceType,com.diboot.core.vo.JsonResult,JsonResult,C:\Users\tyin363\Documents\repos\dibo-software__diboot\rest-api-example\src\main\java\com\example\api\controller\iam\PositionController.java,107
JDK:java.base,N/A,false,ClassOrInterfaceType,java.lang.String,String,C:\Users\tyin363\Documents\repos\dibo-software__diboot\rest-api-example\src\main\java\com\example\api\excel\model\UserImportModel.java,37
com.diboot:diboot-iam-spring-boot-starter,3.7.0,false,ClassOrInterfaceType,com.diboot.iam.entity.IamUser,IamUser,C:\Users\tyin363\Documents\repos\dibo-software__diboot\rest-api-example\src\main\java\com\example\api\controller\iam\UserController.java,45
com.diboot:diboot-core,3.7.0,true,MethodCallExpr,com.diboot.core.service.GeneralService,createEntity,C:\Users\tyin363\Documents\repos\dibo-software__diboot\rest-api-example\src\main\java\com\example\api\controller\system\FileController.java,64
com.diboot:diboot-ai-spring-boot-starter,3.7.0,false,ClassOrInterfaceType,com.diboot.ai.common.AiMessage,AiMessage,C:\Users\tyin363\Documents\repos\dibo-software__diboot\rest-api-example\src\main\java\com\example\api\controller\system\AiSessionRecordController.java,161
com.diboot:diboot-core,3.7.0,true,MethodCallExpr,com.diboot.core.controller.BaseCrudRestController,getViewObject,C:\Users\tyin363\Documents\repos\dibo-software__diboot\rest-api-example\src\main\java\com\example\api\controller\iam\ClientController.java,63
com.diboot:diboot-core,3.7.0,true,ClassOrInterfaceType,com.diboot.core.entity.Dictionary,Dictionary,C:\Users\tyin363\Documents\repos\dibo-software__diboot\rest-api-example\src\main\java\com\example\api\controller\system\DictionaryController.java,53
JDK:java.base,N/A,false,ClassOrInterfaceType,java.lang.Exception,Exception,C:\Users\tyin363\Documents\repos\dibo-software__diboot\rest-api-example\src\main\java\com\example\api\controller\system\FileRecordController.java,61
com.baomidou:mybatis-plus-core,3.5.12,true,MethodCallExpr,com.baomidou.mybatisplus.core.conditions.interfaces.Func,orderByDesc,C:\Users\tyin363\Documents\repos\dibo-software__diboot\rest-api-example\src\main\java\com\example\api\controller\system\DictionaryController.java,57
com.diboot:diboot-iam-spring-boot-starter,3.7.0,false,ClassOrInterfaceType,com.diboot.iam.vo.IamOrgVO,IamOrgVO,C:\Users\tyin363\Documents\repos\dibo-software__diboot\rest-api-example\src\main\java\com\example\api\controller\iam\OrgController.java,139
com.diboot:diboot-core,3.7.0,true,ClassOrInterfaceType,com.diboot.core.handler.DefaultExceptionHandler,DefaultExceptionHandler,C:\Users\tyin363\Documents\repos\dibo-software__diboot\rest-api-example\src\main\java\com\example\api\handler\GeneralExceptionHandler.java,16
com.baomidou:mybatis-plus-core,3.5.12,true,MethodCallExpr,com.baomidou.mybatisplus.core.conditions.AbstractWrapper,notIn,C:\Users\tyin363\Documents\repos\dibo-software__diboot\rest-api-example\src\main\java\com\example\api\controller\system\I18nConfigController.java,130
com.diboot:diboot-iam-spring-boot-starter,3.7.0,false,MethodCallExpr,com.diboot.iam.entity.IamAccount,setUserType,C:\Users\tyin363\Documents\repos\dibo-software__diboot\rest-api-example\src\main\java\com\example\api\controller\iam\UserController.java,251
JDK:java.base,N/A,false,ClassOrInterfaceType,java.util.List,List,C:\Users\tyin363\Documents\repos\dibo-software__diboot\rest-api-example\src\main\java\com\example\api\controller\system\I18nConfigController.java,58
JDK:java.base,N/A,false,ClassOrInterfaceType,java.lang.Exception,Exception,C:\Users\tyin363\Documents\repos\dibo-software__diboot\rest-api-example\src\main\java\com\example\api\excel\listener\UserImportExcelListener.java,88
JDK:java.base,N/A,false,ClassOrInterfaceType,java.util.List,List,C:\Users\tyin363\Documents\repos\dibo-software__diboot\rest-api-example\src\main\java\com\example\api\controller\iam\TenantController.java,193
com.diboot:diboot-iam-spring-boot-starter,3.7.0,false,FieldAccessExpr,com.diboot.iam.annotation.OperationCons,LABEL_CREATE,C:\Users\tyin363\Documents\repos\dibo-software__diboot\rest-api-example\src\main\java\com\example\api\controller\iam\TenantController.java,97
com.baomidou:mybatis-plus-core,3.5.12,true,ClassOrInterfaceType,com.baomidou.mybatisplus.core.conditions.query.LambdaQueryWrapper,LambdaQueryWrapper,C:\Users\tyin363\Documents\repos\dibo-software__diboot\rest-api-example\src\main\java\com\example\api\controller\iam\ResourceController.java,172
com.diboot:diboot-core,3.7.0,true,ClassOrInterfaceType,com.diboot.core.vo.JsonResult,JsonResult,C:\Users\tyin363\Documents\repos\dibo-software__diboot\rest-api-example\src\main\java\com\example\api\controller\system\I18nConfigController.java,100
com.diboot:diboot-core,3.7.0,true,ClassOrInterfaceType,com.diboot.core.vo.JsonResult,JsonResult,C:\Users\tyin363\Documents\repos\dibo-software__diboot\rest-api-example\src\main\java\com\example\api\controller\iam\TenantController.java,235
com.baomidou:mybatis-plus-core,3.5.12,true,MethodCallExpr,com.baomidou.mybatisplus.core.conditions.AbstractWrapper,ne,C:\Users\tyin363\Documents\repos\dibo-software__diboot\rest-api-example\src\main\java\com\example\api\controller\system\SystemConfigController.java,168
JDK:java.base,N/A,false,ClassOrInterfaceType,java.lang.String,String,C:\Users\tyin363\Documents\repos\dibo-software__diboot\rest-api-example\src\main\java\com\example\api\excel\model\UserImportModel.java,42
JDK:java.base,N/A,false,ClassOrInterfaceType,java.util.List,List,C:\Users\tyin363\Documents\repos\dibo-software__diboot\rest-api-example\src\main\java\com\example\api\controller\iam\UserExcelController.java,104
com.diboot:diboot-iam-spring-boot-starter,3.7.0,false,ClassOrInterfaceType,com.diboot.iam.entity.IamUserRole,IamUserRole,C:\Users\tyin363\Documents\repos\dibo-software__diboot\rest-api-example\src\main\java\com\example\api\excel\listener\UserImportExcelListener.java,97
com.diboot:diboot-file-spring-boot-starter,3.7.0,false,ClassOrInterfaceType,com.diboot.file.controller.BaseExcelFileController,BaseExcelFileController,C:\Users\tyin363\Documents\repos\dibo-software__diboot\rest-api-example\src\main\java\com\example\api\controller\iam\UserExcelController.java,45
com.diboot:diboot-iam-spring-boot-starter,3.7.0,false,FieldAccessExpr,com.diboot.iam.annotation.OperationCons,LABEL_CREATE,C:\Users\tyin363\Documents\repos\dibo-software__diboot\rest-api-example\src\main\java\com\example\api\controller\system\AiSessionController.java,95
com.diboot:diboot-notification-spring-boot-starter,3.7.0,false,MethodCallExpr,com.diboot.notification.service.MessageTemplateService,getTemplateVariableList,C:\Users\tyin363\Documents\repos\dibo-software__diboot\rest-api-example\src\main\java\com\example\api\controller\system\MessageTemplateController.java,141
com.diboot:diboot-notification-spring-boot-starter,3.7.0,false,ClassOrInterfaceType,com.diboot.notification.entity.MessageTemplate,MessageTemplate,C:\Users\tyin363\Documents\repos\dibo-software__diboot\rest-api-example\src\main\java\com\example\api\controller\system\MessageTemplateController.java,95
com.diboot:diboot-core,3.7.0,true,MethodCallExpr,com.diboot.core.service.BaseService,getViewObject,C:\Users\tyin363\Documents\repos\dibo-software__diboot\rest-api-example\src\main\java\com\example\api\controller\system\ScheduleJobController.java,176
com.diboot:diboot-core,3.7.0,true,ClassOrInterfaceType,com.diboot.core.dto.RelatedDataDTO,RelatedDataDTO,C:\Users\tyin363\Documents\repos\dibo-software__diboot\rest-api-example\src\main\java\com\example\api\controller\CommonController.java,86
com.diboot:diboot-iam-spring-boot-starter,3.7.0,false,MethodCallExpr,com.diboot.iam.entity.IamLoginTrace,getUserId,C:\Users\tyin363\Documents\repos\dibo-software__diboot\rest-api-example\src\main\java\com\example\api\controller\iam\LoginTraceController.java,72
JDK:java.base,N/A,false,ClassOrInterfaceType,java.lang.Exception,Exception,C:\Users\tyin363\Documents\repos\dibo-software__diboot\rest-api-example\src\main\java\com\example\api\controller\iam\RoleController.java,92
com.diboot:diboot-core,3.7.0,true,MethodCallExpr,com.diboot.core.vo.JsonResult,FAIL_VALIDATION,C:\Users\tyin363\Documents\repos\dibo-software__diboot\rest-api-example\src\main\java\com\example\api\controller\system\MessageTemplateController.java,128
com.diboot:diboot-core,3.7.0,true,MethodCallExpr,com.diboot.core.service.GeneralService,createEntity,C:\Users\tyin363\Documents\repos\dibo-software__diboot\rest-api-example\src\main\java\com\example\api\controller\system\AiSessionController.java,98
com.diboot:diboot-iam-spring-boot-starter,3.7.0,false,FieldAccessExpr,com.diboot.iam.annotation.OperationCons,CODE_READ,C:\Users\tyin363\Documents\repos\dibo-software__diboot\rest-api-example\src\main\java\com\example\api\controller\system\ScheduleJobController.java,52
com.diboot:diboot-iam-spring-boot-starter,3.7.0,false,FieldAccessExpr,com.diboot.iam.annotation.OperationCons,LABEL_CREATE,C:\Users\tyin363\Documents\repos\dibo-software__diboot\rest-api-example\src\main\java\com\example\api\controller\iam\TenantController.java,96
com.diboot:diboot-core,3.7.0,true,ClassOrInterfaceType,com.diboot.core.vo.JsonResult,JsonResult,C:\Users\tyin363\Documents\repos\dibo-software__diboot\rest-api-example\src\main\java\com\example\api\controller\system\I18nConfigController.java,101
com.diboot:diboot-core,3.7.0,true,MethodCallExpr,com.diboot.core.vo.JsonResult,OK,C:\Users\tyin363\Documents\repos\dibo-software__diboot\rest-api-example\src\main\java\com\example\api\controller\system\AiSessionRecordController.java,88
com.diboot:diboot-core,3.7.0,true,MethodCallExpr,com.diboot.core.util.V,isEmpty,C:\Users\tyin363\Documents\repos\dibo-software__diboot\rest-api-example\src\main\java\com\example\api\controller\iam\UserController.java,269
com.diboot:diboot-core,3.7.0,true,MethodCallExpr,com.diboot.core.util.ContextHolder,getBean,C:\Users\tyin363\Documents\repos\dibo-software__diboot\rest-api-example\src\main\java\com\example\api\excel\listener\UserImportExcelListener.java,68
com.diboot:diboot-core,3.7.0,true,MethodCallExpr,com.diboot.core.controller.BaseCrudRestController,createEntity,C:\Users\tyin363\Documents\repos\dibo-software__diboot\rest-api-example\src\main\java\com\example\api\controller\system\SystemConfigController.java,90
com.diboot:diboot-iam-spring-boot-starter,3.7.0,false,MethodCallExpr,com.diboot.iam.entity.IamUser,setOrgId,C:\Users\tyin363\Documents\repos\dibo-software__diboot\rest-api-example\src\main\java\com\example\api\controller\iam\UserController.java,67
com.diboot:diboot-core,3.7.0,true,MethodCallExpr,com.diboot.core.service.BaseService,getEntity,C:\Users\tyin363\Documents\repos\dibo-software__diboot\rest-api-example\src\main\java\com\example\api\controller\system\AiSessionController.java,84
JDK:java.base,N/A,false,ClassOrInterfaceType,java.lang.String,String,C:\Users\tyin363\Documents\repos\dibo-software__diboot\rest-api-example\src\main\java\com\example\api\controller\iam\GroupController.java,113
JDK:java.base,N/A,false,ClassOrInterfaceType,java.util.List,List,C:\Users\tyin363\Documents\repos\dibo-software__diboot\rest-api-example\src\main\java\com\example\api\controller\iam\UserController.java,81
com.diboot:diboot-iam-spring-boot-starter,3.7.0,false,FieldAccessExpr,com.diboot.iam.annotation.OperationCons,LABEL_CREATE,C:\Users\tyin363\Documents\repos\dibo-software__diboot\rest-api-example\src\main\java\com\example\api\controller\system\AiSessionController.java,94
com.diboot:diboot-core,3.7.0,true,ClassOrInterfaceType,com.diboot.core.vo.Pagination,Pagination,C:\Users\tyin363\Documents\repos\dibo-software__diboot\rest-api-example\src\main\java\com\example\api\controller\iam\OperationLogController.java,42
com.diboot:diboot-iam-spring-boot-starter,3.7.0,false,FieldAccessExpr,com.diboot.iam.annotation.OperationCons,LABEL_UPDATE,C:\Users\tyin363\Documents\repos\dibo-software__diboot\rest-api-example\src\main\java\com\example\api\controller\iam\PositionController.java,105
com.diboot:diboot-iam-spring-boot-starter,3.7.0,false,FieldAccessExpr,com.diboot.iam.annotation.OperationCons,LABEL_CREATE,C:\Users\tyin363\Documents\repos\dibo-software__diboot\rest-api-example\src\main\java\com\example\api\controller\iam\ResourceController.java,104
com.diboot:diboot-notification-spring-boot-starter,3.7.0,false,ClassOrInterfaceType,com.diboot.notification.entity.Message,Message,C:\Users\tyin363\Documents\repos\dibo-software__diboot\rest-api-example\src\main\java\com\example\api\controller\system\MessageController.java,38
com.diboot:diboot-iam-spring-boot-starter,3.7.0,false,ClassOrInterfaceType,com.diboot.iam.vo.IamPositionVO,IamPositionVO,C:\Users\tyin363\Documents\repos\dibo-software__diboot\rest-api-example\src\main\java\com\example\api\controller\iam\PositionController.java,55
org.springframework:spring-webmvc,6.2.8,true,ObjectCreationExpr,org.springframework.web.servlet.mvc.method.annotation.SseEmitter,SseEmitter,C:\Users\tyin363\Documents\repos\dibo-software__diboot\rest-api-example\src\main\java\com\example\api\controller\system\AiSessionRecordController.java,135
com.diboot:diboot-iam-spring-boot-starter,3.7.0,false,ClassOrInterfaceType,com.diboot.iam.entity.IamUser,IamUser,C:\Users\tyin363\Documents\repos\dibo-software__diboot\rest-api-example\src\main\java\com\example\api\controller\iam\OrgController.java,121
com.diboot:diboot-core,3.7.0,true,MethodCallExpr,com.diboot.core.service.BaseService,getEntityList,C:\Users\tyin363\Documents\repos\dibo-software__diboot\rest-api-example\src\main\java\com\example\api\controller\system\DictionaryController.java,154
com.diboot:diboot-core,3.7.0,true,MethodCallExpr,com.diboot.core.service.BaseService,exists,C:\Users\tyin363\Documents\repos\dibo-software__diboot\rest-api-example\src\main\java\com\example\api\controller\iam\ResourceController.java,177
com.diboot:diboot-iam-spring-boot-starter,3.7.0,false,ClassOrInterfaceType,com.diboot.iam.entity.IamUser,IamUser,C:\Users\tyin363\Documents\repos\dibo-software__diboot\rest-api-example\src\main\java\com\example\api\handler\UserOrgDataPermissionHandler.java,20
com.diboot:diboot-tenant-spring-boot-starter,3.7.0,false,ClassOrInterfaceType,com.diboot.tenant.vo.IamTenantDetailVO,IamTenantDetailVO,C:\Users\tyin363\Documents\repos\dibo-software__diboot\rest-api-example\src\main\java\com\example\api\controller\iam\TenantController.java,83
com.diboot:diboot-core,3.7.0,true,MethodCallExpr,com.diboot.core.util.JSON,stringify,C:\Users\tyin363\Documents\repos\dibo-software__diboot\rest-api-example\src\main\java\com\example\api\controller\system\AiSessionRecordController.java,163
JDK:java.base,N/A,false,ClassOrInterfaceType,java.util.Map,Map,C:\Users\tyin363\Documents\repos\dibo-software__diboot\rest-api-example\src\main\java\com\example\api\controller\iam\UserController.java,71
com.diboot:diboot-core,3.7.0,true,MethodCallExpr,com.diboot.core.vo.JsonResult,OK,C:\Users\tyin363\Documents\repos\dibo-software__diboot\rest-api-example\src\main\java\com\example\api\controller\system\SystemConfigController.java,63
com.diboot:diboot-core,3.7.0,true,MethodCallExpr,com.diboot.core.service.BaseService,getViewObject,C:\Users\tyin363\Documents\repos\dibo-software__diboot\rest-api-example\src\main\java\com\example\api\controller\iam\TenantController.java,84
JDK:java.base,N/A,false,MethodCallExpr,java.util.List,isEmpty,C:\Users\tyin363\Documents\repos\dibo-software__diboot\rest-api-example\src\main\java\com\example\api\controller\iam\AuthTokenController.java,178
com.diboot:diboot-iam-spring-boot-starter,3.7.0,false,ClassOrInterfaceType,com.diboot.iam.entity.IamUser,IamUser,C:\Users\tyin363\Documents\repos\dibo-software__diboot\rest-api-example\src\main\java\com\example\api\controller\iam\UserController.java,171
com.diboot:diboot-ai-spring-boot-starter,3.7.0,false,MethodCallExpr,com.diboot.ai.common.response.AiChatResponse,setChoices,C:\Users\tyin363\Documents\repos\dibo-software__diboot\rest-api-example\src\main\java\com\example\api\controller\system\AiSessionRecordController.java,159
com.diboot:diboot-iam-spring-boot-starter,3.7.0,false,FieldAccessExpr,com.diboot.iam.annotation.OperationCons,LABEL_CREATE,C:\Users\tyin363\Documents\repos\dibo-software__diboot\rest-api-example\src\main\java\com\example\api\controller\iam\ResourceController.java,105
com.diboot:diboot-iam-spring-boot-starter,3.7.0,false,MethodReferenceExpr,com.diboot.iam.entity.IamResource,getDisplayType,C:\Users\tyin363\Documents\repos\dibo-software__diboot\rest-api-example\src\main\java\com\example\api\controller\iam\ResourceController.java,69
com.diboot:diboot-core,3.7.0,true,ClassOrInterfaceType,com.diboot.core.vo.JsonResult,JsonResult,C:\Users\tyin363\Documents\repos\dibo-software__diboot\rest-api-example\src\main\java\com\example\api\controller\system\ScheduleJobController.java,190
com.diboot:diboot-core,3.7.0,true,MethodCallExpr,com.diboot.core.vo.JsonResult,msg,C:\Users\tyin363\Documents\repos\dibo-software__diboot\rest-api-example\src\main\java\com\example\api\controller\iam\UserController.java,212
com.diboot:diboot-core,3.7.0,true,FieldAccessExpr,com.diboot.core.config.Cons,CHARSET_UTF8,C:\Users\tyin363\Documents\repos\dibo-software__diboot\rest-api-example\src\main\java\com\example\api\controller\system\AiSessionRecordController.java,132
JDK:java.base,N/A,false,ClassOrInterfaceType,java.lang.String,String,C:\Users\tyin363\Documents\repos\dibo-software__diboot\rest-api-example\src\main\java\com\example\api\controller\iam\RoleController.java,125
JDK:java.base,N/A,false,ClassOrInterfaceType,java.lang.Object,Object,C:\Users\tyin363\Documents\repos\dibo-software__diboot\rest-api-example\src\main\java\com\example\api\controller\iam\UserExcelController.java,69
com.diboot:diboot-iam-spring-boot-starter,3.7.0,false,FieldAccessExpr,com.diboot.iam.entity.IamOrg,VIRTUAL_ROOT_ID,C:\Users\tyin363\Documents\repos\dibo-software__diboot\rest-api-example\src\main\java\com\example\api\controller\iam\OrgController.java,138
com.diboot:diboot-iam-spring-boot-starter,3.7.0,false,MethodCallExpr,com.diboot.iam.util.IamSecurityUtils,logoutByToken,C:\Users\tyin363\Documents\repos\dibo-software__diboot\rest-api-example\src\main\java\com\example\api\controller\iam\AuthTokenController.java,145
com.diboot:diboot-iam-spring-boot-starter,3.7.0,false,FieldAccessExpr,com.diboot.iam.annotation.OperationCons,CODE_WRITE,C:\Users\tyin363\Documents\repos\dibo-software__diboot\rest-api-example\src\main\java\com\example\api\controller\iam\ResourceController.java,134
com.diboot:diboot-core,3.7.0,true,MethodCallExpr,com.diboot.core.controller.BaseCrudRestController,getViewObjectList,C:\Users\tyin363\Documents\repos\dibo-software__diboot\rest-api-example\src\main\java\com\example\api\controller\iam\LoginTraceController.java,48
com.diboot:diboot-iam-spring-boot-starter,3.7.0,false,ClassOrInterfaceType,com.diboot.iam.entity.IamUser,IamUser,C:\Users\tyin363\Documents\repos\dibo-software__diboot\rest-api-example\src\main\java\com\example\api\controller\iam\UserController.java,173
com.diboot:diboot-core,3.7.0,true,MethodCallExpr,com.diboot.core.vo.JsonResult,FAIL_OPERATION,C:\Users\tyin363\Documents\repos\dibo-software__diboot\rest-api-example\src\main\java\com\example\api\controller\system\DictionaryController.java,105
com.diboot:diboot-iam-spring-boot-starter,3.7.0,false,ClassOrInterfaceType,com.diboot.iam.entity.SystemConfig,SystemConfig,C:\Users\tyin363\Documents\repos\dibo-software__diboot\rest-api-example\src\main\java\com\example\api\controller\system\SystemConfigController.java,59
com.diboot:diboot-tenant-spring-boot-starter,3.7.0,false,ClassOrInterfaceType,com.diboot.tenant.vo.IamTenantDetailVO,IamTenantDetailVO,C:\Users\tyin363\Documents\repos\dibo-software__diboot\rest-api-example\src\main\java\com\example\api\controller\iam\TenantController.java,84
com.pig4cloud.plugin:captcha-core,2.2.5,false,MethodCallExpr,com.pig4cloud.captcha.base.Captcha,text,C:\Users\tyin363\Documents\repos\dibo-software__diboot\rest-api-example\src\main\java\com\example\api\controller\iam\AuthTokenController.java,87
JDK:java.base,N/A,false,ClassOrInterfaceType,java.util.Map,Map,C:\Users\tyin363\Documents\repos\dibo-software__diboot\rest-api-example\src\main\java\com\example\api\controller\iam\UserController.java,70
com.pig4cloud.plugin:captcha-core,2.2.5,false,ObjectCreationExpr,com.pig4cloud.captcha.ArithmeticCaptcha,ArithmeticCaptcha,C:\Users\tyin363\Documents\repos\dibo-software__diboot\rest-api-example\src\main\java\com\example\api\controller\iam\AuthTokenController.java,85
com.diboot:diboot-iam-spring-boot-starter,3.7.0,false,ClassOrInterfaceType,com.diboot.iam.entity.SystemConfig,SystemConfig,C:\Users\tyin363\Documents\repos\dibo-software__diboot\rest-api-example\src\main\java\com\example\api\controller\system\SystemConfigController.java,58
JDK:java.base,N/A,false,ObjectCreationExpr,java.security.spec.PKCS8EncodedKeySpec,PKCS8EncodedKeySpec,C:\Users\tyin363\Documents\repos\dibo-software__diboot\rest-api-example\src\main\java\com\example\api\controller\iam\AuthTokenController.java,125
JDK:java.base,N/A,false,ClassOrInterfaceType,java.lang.Exception,Exception,C:\Users\tyin363\Documents\repos\dibo-software__diboot\rest-api-example\src\main\java\com\example\api\controller\system\DictionaryController.java,52
CLIENT:client-code,N/A,false,ClassOrInterfaceType,com.example.api.DemoStartupApplication,DemoStartupApplication,C:\Users\tyin363\Documents\repos\dibo-software__diboot\rest-api-example\src\main\java\com\example\api\DemoStartupApplication.java,10
com.baomidou:mybatis-plus-jsqlparser,3.5.12,true,ClassOrInterfaceType,com.baomidou.mybatisplus.extension.plugins.inner.PaginationInnerInterceptor,PaginationInnerInterceptor,C:\Users\tyin363\Documents\repos\dibo-software__diboot\rest-api-example\src\main\java\com\example\api\config\MybatisPlusConfig.java,30
com.diboot:diboot-core,3.7.0,true,MethodCallExpr,com.diboot.core.vo.JsonResult,OK,C:\Users\tyin363\Documents\repos\dibo-software__diboot\rest-api-example\src\main\java\com\example\api\controller\system\I18nConfigController.java,127
com.baomidou:mybatis-plus-core,3.5.12,true,MethodCallExpr,com.baomidou.mybatisplus.core.toolkit.Wrappers,lambdaQuery,C:\Users\tyin363\Documents\repos\dibo-software__diboot\rest-api-example\src\main\java\com\example\api\controller\system\MessageController.java,85
com.diboot:diboot-tenant-spring-boot-starter,3.7.0,false,ClassOrInterfaceType,com.diboot.tenant.entity.IamTenant,IamTenant,C:\Users\tyin363\Documents\repos\dibo-software__diboot\rest-api-example\src\main\java\com\example\api\controller\iam\TenantController.java,46
com.diboot:diboot-ai-spring-boot-starter,3.7.0,false,ClassOrInterfaceType,com.diboot.ai.client.AiClient,AiClient,C:\Users\tyin363\Documents\repos\dibo-software__diboot\rest-api-example\src\main\java\com\example\api\controller\system\AiSessionRecordController.java,56
com.diboot:diboot-iam-spring-boot-starter,3.7.0,false,MethodCallExpr,com.diboot.iam.entity.IamUser,getEmail,C:\Users\tyin363\Documents\repos\dibo-software__diboot\rest-api-example\src\main\java\com\example\api\controller\iam\UserController.java,206
com.diboot:diboot-core,3.7.0,true,MethodCallExpr,com.diboot.core.service.BaseService,exists,C:\Users\tyin363\Documents\repos\dibo-software__diboot\rest-api-example\src\main\java\com\example\api\controller\iam\OrgController.java,121
JDK:java.base,N/A,false,MethodCallExpr,java.lang.Class,getSimpleName,C:\Users\tyin363\Documents\repos\dibo-software__diboot\rest-api-example\src\main\java\com\example\api\controller\iam\RoleController.java,141
CLIENT:client-code,N/A,false,ClassOrInterfaceType,com.example.api.excel.model.UserImportModel,UserImportModel,C:\Users\tyin363\Documents\repos\dibo-software__diboot\rest-api-example\src\main\java\com\example\api\excel\listener\UserImportExcelListener.java,39
com.diboot:diboot-core,3.7.0,true,MethodCallExpr,com.diboot.core.vo.JsonResult,OK,C:\Users\tyin363\Documents\repos\dibo-software__diboot\rest-api-example\src\main\java\com\example\api\controller\iam\PositionController.java,149
CLIENT:client-code,N/A,false,ClassOrInterfaceType,com.example.api.excel.listener.UserImportExcelListener,UserImportExcelListener,C:\Users\tyin363\Documents\repos\dibo-software__diboot\rest-api-example\src\main\java\com\example\api\controller\iam\UserExcelController.java,147
JDK:java.base,N/A,false,ClassOrInterfaceType,java.util.HashMap,HashMap,C:\Users\tyin363\Documents\repos\dibo-software__diboot\rest-api-example\src\main\java\com\example\api\excel\listener\UserImportExcelListener.java,96
JDK:java.base,N/A,false,ClassOrInterfaceType,java.lang.String,String,C:\Users\tyin363\Documents\repos\dibo-software__diboot\rest-api-example\src\main\java\com\example\api\controller\system\DictionaryController.java,101
com.baomidou:mybatis-plus-core,3.5.12,true,MethodCallExpr,com.baomidou.mybatisplus.core.conditions.interfaces.Func,isNull,C:\Users\tyin363\Documents\repos\dibo-software__diboot\rest-api-example\src\main\java\com\example\api\controller\system\DictionaryController.java,151
com.diboot:diboot-iam-spring-boot-starter,3.7.0,false,ObjectCreationExpr,com.diboot.iam.entity.IamUser,IamUser,C:\Users\tyin363\Documents\repos\dibo-software__diboot\rest-api-example\src\main\java\com\example\api\job\CasUserSyncJob.java,47
JDK:java.base,N/A,false,ClassOrInterfaceType,java.lang.Exception,Exception,C:\Users\tyin363\Documents\repos\dibo-software__diboot\rest-api-example\src\main\java\com\example\api\controller\iam\OrgController.java,88
com.diboot:diboot-iam-spring-boot-starter,3.7.0,false,ClassOrInterfaceType,com.diboot.iam.entity.IamPosition,IamPosition,C:\Users\tyin363\Documents\repos\dibo-software__diboot\rest-api-example\src\main\java\com\example\api\controller\iam\PositionController.java,36
JDK:java.base,N/A,false,ClassOrInterfaceType,java.util.List,List,C:\Users\tyin363\Documents\repos\dibo-software__diboot\rest-api-example\src\main\java\com\example\api\controller\iam\SSOClientController.java,39
com.diboot:diboot-core,3.7.0,true,ClassOrInterfaceType,com.diboot.core.vo.JsonResult,JsonResult,C:\Users\tyin363\Documents\repos\dibo-software__diboot\rest-api-example\src\main\java\com\example\api\controller\system\FileController.java,75
org.mybatis:mybatis,3.5.19,true,ClassOrInterfaceType,org.apache.ibatis.reflection.MetaObject,MetaObject,C:\Users\tyin363\Documents\repos\dibo-software__diboot\rest-api-example\src\main\java\com\example\api\handler\AutoFillMetaObjectHandler.java,23
com.diboot:diboot-core,3.7.0,true,MethodCallExpr,com.diboot.core.vo.JsonResult,OK,C:\Users\tyin363\Documents\repos\dibo-software__diboot\rest-api-example\src\main\java\com\example\api\controller\system\DictionaryController.java,176
com.diboot:diboot-iam-spring-boot-starter,3.7.0,false,ClassOrInterfaceType,com.diboot.iam.entity.IamAccount,IamAccount,C:\Users\tyin363\Documents\repos\dibo-software__diboot\rest-api-example\src\main\java\com\example\api\excel\listener\UserImportExcelListener.java,72
com.diboot:diboot-iam-spring-boot-starter,3.7.0,false,FieldAccessExpr,com.diboot.iam.annotation.OperationCons,CODE_WRITE,C:\Users\tyin363\Documents\repos\dibo-software__diboot\rest-api-example\src\main\java\com\example\api\controller\system\I18nConfigController.java,112
JDK:java.base,N/A,false,ClassOrInterfaceType,java.lang.String,String,C:\Users\tyin363\Documents\repos\dibo-software__diboot\rest-api-example\src\main\java\com\example\api\controller\system\MessageController.java,102
com.diboot:diboot-core,3.7.0,true,MethodCallExpr,com.diboot.core.vo.JsonResult,OK,C:\Users\tyin363\Documents\repos\dibo-software__diboot\rest-api-example\src\main\java\com\example\api\controller\iam\RoleController.java,98
JDK:java.base,N/A,false,ClassOrInterfaceType,java.util.List,List,C:\Users\tyin363\Documents\repos\dibo-software__diboot\rest-api-example\src\main\java\com\example\api\controller\CommonController.java,45
com.baomidou:mybatis-plus-core,3.5.12,true,MethodCallExpr,com.baomidou.mybatisplus.core.conditions.interfaces.Compare,eq,C:\Users\tyin363\Documents\repos\dibo-software__diboot\rest-api-example\src\main\java\com\example\api\controller\iam\RoleController.java,141
CLIENT:client-code,N/A,false,ClassOrInterfaceType,com.example.api.excel.model.UserImportModel,UserImportModel,C:\Users\tyin363\Documents\repos\dibo-software__diboot\rest-api-example\src\main\java\com\example\api\controller\iam\UserExcelController.java,146
com.diboot:diboot-iam-spring-boot-starter,3.7.0,false,MethodCallExpr,com.diboot.iam.service.IamUserService,updateUserRelatedInfo,C:\Users\tyin363\Documents\repos\dibo-software__diboot\rest-api-example\src\main\java\com\example\api\controller\iam\UserController.java,126
com.diboot:diboot-iam-spring-boot-starter,3.7.0,false,MethodReferenceExpr,com.diboot.iam.entity.IamUser,getOrgId,C:\Users\tyin363\Documents\repos\dibo-software__diboot\rest-api-example\src\main\java\com\example\api\controller\iam\UserController.java,173
JDK:java.base,N/A,false,ClassOrInterfaceType,java.util.Map,Map,C:\Users\tyin363\Documents\repos\dibo-software__diboot\rest-api-example\src\main\java\com\example\api\controller\iam\TenantController.java,196
com.baomidou:mybatis-plus-core,3.5.12,true,MethodCallExpr,com.baomidou.mybatisplus.core.conditions.interfaces.Compare,eq,C:\Users\tyin363\Documents\repos\dibo-software__diboot\rest-api-example\src\main\java\com\example\api\controller\system\AiSessionController.java,66
JDK:java.base,N/A,false,ClassOrInterfaceType,java.lang.Exception,Exception,C:\Users\tyin363\Documents\repos\dibo-software__diboot\rest-api-example\src\main\java\com\example\api\controller\system\AiSessionRecordController.java,101
com.diboot:diboot-iam-spring-boot-starter,3.7.0,false,FieldAccessExpr,com.diboot.iam.annotation.OperationCons,CODE_WRITE,C:\Users\tyin363\Documents\repos\dibo-software__diboot\rest-api-example\src\main\java\com\example\api\controller\iam\ResourceController.java,119
com.diboot:diboot-iam-spring-boot-starter,3.7.0,false,ClassOrInterfaceType,com.diboot.iam.entity.IamUser,IamUser,C:\Users\tyin363\Documents\repos\dibo-software__diboot\rest-api-example\src\main\java\com\example\api\controller\iam\UserController.java,170
com.diboot:diboot-ai-spring-boot-starter,3.7.0,false,ClassOrInterfaceType,com.diboot.ai.entity.AiSession,AiSession,C:\Users\tyin363\Documents\repos\dibo-software__diboot\rest-api-example\src\main\java\com\example\api\controller\system\AiSessionController.java,113
com.diboot:diboot-iam-spring-boot-starter,3.7.0,false,ClassOrInterfaceType,com.diboot.iam.entity.IamAccount,IamAccount,C:\Users\tyin363\Documents\repos\dibo-software__diboot\rest-api-example\src\main\java\com\example\api\excel\listener\UserImportExcelListener.java,73
org.springframework:spring-web,6.2.8,true,FieldAccessExpr,org.springframework.http.HttpHeaders,CACHE_CONTROL,C:\Users\tyin363\Documents\repos\dibo-software__diboot\rest-api-example\src\main\java\com\example\api\controller\system\AiSessionRecordController.java,133
JDK:java.base,N/A,false,MethodCallExpr,java.lang.Class,getSimpleName,C:\Users\tyin363\Documents\repos\dibo-software__diboot\rest-api-example\src\main\java\com\example\api\controller\iam\RoleController.java,142
JDK:java.base,N/A,false,MethodCallExpr,java.util.Comparator,comparing,C:\Users\tyin363\Documents\repos\dibo-software__diboot\rest-api-example\src\main\java\com\example\api\controller\iam\ResourceController.java,81
com.baomidou:mybatis-plus-core,3.5.12,true,MethodCallExpr,com.baomidou.mybatisplus.core.conditions.query.Query,select,C:\Users\tyin363\Documents\repos\dibo-software__diboot\rest-api-example\src\main\java\com\example\api\controller\iam\RoleController.java,174
com.diboot:diboot-core,3.7.0,true,MethodCallExpr,com.diboot.core.vo.JsonResult,FAIL_VALIDATION,C:\Users\tyin363\Documents\repos\dibo-software__diboot\rest-api-example\src\main\java\com\example\api\controller\iam\UserController.java,255
com.diboot:diboot-iam-spring-boot-starter,3.7.0,false,FieldAccessExpr,com.diboot.iam.annotation.OperationCons,CODE_WRITE,C:\Users\tyin363\Documents\repos\dibo-software__diboot\rest-api-example\src\main\java\com\example\api\controller\iam\TenantController.java,128
com.diboot:diboot-iam-spring-boot-starter,3.7.0,false,ClassOrInterfaceType,com.diboot.iam.vo.IamResourceVO,IamResourceVO,C:\Users\tyin363\Documents\repos\dibo-software__diboot\rest-api-example\src\main\java\com\example\api\controller\iam\ResourceController.java,95
com.diboot:diboot-iam-spring-boot-starter,3.7.0,false,ClassOrInterfaceType,com.diboot.iam.vo.IamUserVO,IamUserVO,C:\Users\tyin363\Documents\repos\dibo-software__diboot\rest-api-example\src\main\java\com\example\api\controller\iam\UserExcelController.java,131
com.diboot:diboot-iam-spring-boot-starter,3.7.0,false,FieldAccessExpr,com.diboot.iam.annotation.OperationCons,CODE_WRITE,C:\Users\tyin363\Documents\repos\dibo-software__diboot\rest-api-example\src\main\java\com\example\api\controller\system\AiSessionController.java,127
com.diboot:diboot-iam-spring-boot-starter,3.7.0,false,MethodReferenceExpr,com.diboot.iam.entity.IamOperationLog,getStatusCode,C:\Users\tyin363\Documents\repos\dibo-software__diboot\rest-api-example\src\main\java\com\example\api\controller\iam\OperationLogController.java,57
com.diboot:diboot-iam-spring-boot-starter,3.7.0,false,FieldAccessExpr,com.diboot.iam.annotation.OperationCons,LABEL_UPDATE,C:\Users\tyin363\Documents\repos\dibo-software__diboot\rest-api-example\src\main\java\com\example\api\controller\system\MessageTemplateController.java,93
JDK:java.base,N/A,false,MethodCallExpr,java.lang.String,equals,C:\Users\tyin363\Documents\repos\dibo-software__diboot\rest-api-example\src\main\java\com\example\api\controller\iam\AuthTokenController.java,106
com.diboot:diboot-core,3.7.0,true,MethodCallExpr,com.diboot.core.service.BaseService,exists,C:\Users\tyin363\Documents\repos\dibo-software__diboot\rest-api-example\src\main\java\com\example\api\controller\iam\GroupController.java,120
JDK:java.base,N/A,false,ClassOrInterfaceType,java.lang.Class,Class,C:\Users\tyin363\Documents\repos\dibo-software__diboot\rest-api-example\src\main\java\com\example\api\handler\UserOrgDataPermissionHandler.java,19
JDK:java.base,N/A,false,ClassOrInterfaceType,java.lang.Exception,Exception,C:\Users\tyin363\Documents\repos\dibo-software__diboot\rest-api-example\src\main\java\com\example\api\controller\system\MessageController.java,84
com.diboot:diboot-core,3.7.0,true,MethodCallExpr,com.diboot.core.vo.JsonResult,OK,C:\Users\tyin363\Documents\repos\dibo-software__diboot\rest-api-example\src\main\java\com\example\api\controller\iam\LoginTraceController.java,74
JDK:java.base,N/A,false,ClassOrInterfaceType,java.lang.String,String,C:\Users\tyin363\Documents\repos\dibo-software__diboot\rest-api-example\src\main\java\com\example\api\controller\iam\TenantController.java,180
com.diboot:diboot-iam-spring-boot-starter,3.7.0,false,FieldAccessExpr,com.diboot.iam.annotation.OperationCons,LABEL_DELETE,C:\Users\tyin363\Documents\repos\dibo-software__diboot\rest-api-example\src\main\java\com\example\api\controller\system\MessageTemplateController.java,106
com.diboot:diboot-core,3.7.0,true,MethodCallExpr,com.diboot.core.util.V,isEmpty,C:\Users\tyin363\Documents\repos\dibo-software__diboot\rest-api-example\src\main\java\com\example\api\controller\iam\LoginTraceController.java,65
com.baomidou:mybatis-plus-core,3.5.12,true,ClassOrInterfaceType,com.baomidou.mybatisplus.core.conditions.query.LambdaQueryWrapper,LambdaQueryWrapper,C:\Users\tyin363\Documents\repos\dibo-software__diboot\rest-api-example\src\main\java\com\example\api\controller\iam\GroupController.java,115
JDK:java.base,N/A,false,ClassOrInterfaceType,java.lang.String,String,C:\Users\tyin363\Documents\repos\dibo-software__diboot\rest-api-example\src\main\java\com\example\api\controller\iam\UserExcelController.java,91
com.diboot:diboot-core,3.7.0,true,MethodCallExpr,com.diboot.core.vo.JsonResult,OK,C:\Users\tyin363\Documents\repos\dibo-software__diboot\rest-api-example\src\main\java\com\example\api\controller\system\SystemConfigController.java,76
com.diboot:diboot-iam-spring-boot-starter,3.7.0,false,FieldAccessExpr,com.diboot.iam.annotation.OperationCons,LABEL_CREATE,C:\Users\tyin363\Documents\repos\dibo-software__diboot\rest-api-example\src\main\java\com\example\api\controller\iam\UserController.java,107
com.diboot:diboot-iam-spring-boot-starter,3.7.0,false,MethodCallExpr,com.diboot.iam.service.IamAccountService,createEntities,C:\Users\tyin363\Documents\repos\dibo-software__diboot\rest-api-example\src\main\java\com\example\api\excel\listener\UserImportExcelListener.java,118
com.diboot:diboot-iam-spring-boot-starter,3.7.0,false,MethodCallExpr,com.diboot.iam.util.IamSecurityUtils,getCurrentUserId,C:\Users\tyin363\Documents\repos\dibo-software__diboot\rest-api-example\src\main\java\com\example\api\controller\system\AiSessionController.java,67
JDK:java.base,N/A,false,ClassOrInterfaceType,java.lang.String,String,C:\Users\tyin363\Documents\repos\dibo-software__diboot\rest-api-example\src\main\java\com\example\api\controller\iam\ClientController.java,90
com.diboot:diboot-core,3.7.0,true,MethodCallExpr,com.diboot.core.util.V,isEmpty,C:\Users\tyin363\Documents\repos\dibo-software__diboot\rest-api-example\src\main\java\com\example\api\controller\system\SystemConfigController.java,60
com.diboot:diboot-file-spring-boot-starter,3.7.0,false,ClassOrInterfaceType,com.diboot.file.excel.BaseExcelModel,BaseExcelModel,C:\Users\tyin363\Documents\repos\dibo-software__diboot\rest-api-example\src\main\java\com\example\api\excel\model\UserExportModel.java,19
com.diboot:diboot-core,3.7.0,true,MethodCallExpr,com.diboot.core.service.BaseService,getValuesOfField,C:\Users\tyin363\Documents\repos\dibo-software__diboot\rest-api-example\src\main\java\com\example\api\excel\listener\UserImportExcelListener.java,74
com.diboot:diboot-iam-spring-boot-starter,3.7.0,false,MethodCallExpr,com.diboot.iam.vo.IamRoleVO,setPermissionVOList,C:\Users\tyin363\Documents\repos\dibo-software__diboot\rest-api-example\src\main\java\com\example\api\controller\iam\RoleController.java,96
com.baomidou:mybatis-plus-core,3.5.12,true,MethodCallExpr,com.baomidou.mybatisplus.core.conditions.interfaces.Compare,eq,C:\Users\tyin363\Documents\repos\dibo-software__diboot\rest-api-example\src\main\java\com\example\api\controller\iam\OrgController.java,154
jakarta.servlet:jakarta.servlet-api,6.0.0,true,ClassOrInterfaceType,jakarta.servlet.http.HttpServletResponse,HttpServletResponse,C:\Users\tyin363\Documents\repos\dibo-software__diboot\rest-api-example\src\main\java\com\example\api\controller\iam\UserExcelController.java,104
JDK:java.base,N/A,false,ClassOrInterfaceType,java.lang.Exception,Exception,C:\Users\tyin363\Documents\repos\dibo-software__diboot\rest-api-example\src\main\java\com\example\api\controller\iam\ResourceController.java,159
com.diboot:diboot-iam-spring-boot-starter,3.7.0,false,FieldAccessExpr,com.diboot.iam.annotation.OperationCons,CODE_IMPORT,C:\Users\tyin363\Documents\repos\dibo-software__diboot\rest-api-example\src\main\java\com\example\api\controller\iam\UserExcelController.java,55
com.diboot:diboot-iam-spring-boot-starter,3.7.0,false,ClassOrInterfaceType,com.diboot.iam.vo.IamResourceListVO,IamResourceListVO,C:\Users\tyin363\Documents\repos\dibo-software__diboot\rest-api-example\src\main\java\com\example\api\controller\iam\ResourceController.java,79
CLIENT:client-code,N/A,false,MethodCallExpr,com.example.api.controller.iam.UserExcelController,entityList2ExcelList,C:\Users\tyin363\Documents\repos\dibo-software__diboot\rest-api-example\src\main\java\com\example\api\controller\iam\UserExcelController.java,112
com.diboot:diboot-iam-spring-boot-starter,3.7.0,false,FieldAccessExpr,com.diboot.iam.annotation.OperationCons,LABEL_DELETE,C:\Users\tyin363\Documents\repos\dibo-software__diboot\rest-api-example\src\main\java\com\example\api\controller\system\MessageTemplateController.java,107
com.diboot:diboot-core,3.7.0,true,MethodCallExpr,com.diboot.core.util.V,notEmpty,C:\Users\tyin363\Documents\repos\dibo-software__diboot\rest-api-example\src\main\java\com\example\api\controller\iam\ResourceController.java,171
com.diboot:diboot-iam-spring-boot-starter,3.7.0,false,FieldAccessExpr,com.diboot.iam.annotation.OperationCons,CODE_WRITE,C:\Users\tyin363\Documents\repos\dibo-software__diboot\rest-api-example\src\main\java\com\example\api\controller\system\ScheduleJobController.java,88
com.diboot:diboot-core,3.7.0,true,ClassOrInterfaceType,com.diboot.core.controller.BaseCrudRestController,BaseCrudRestController,C:\Users\tyin363\Documents\repos\dibo-software__diboot\rest-api-example\src\main\java\com\example\api\controller\iam\ResourceController.java,41
com.diboot:diboot-iam-spring-boot-starter,3.7.0,false,FieldAccessExpr,com.diboot.iam.annotation.OperationCons,LABEL_LIST,C:\Users\tyin363\Documents\repos\dibo-software__diboot\rest-api-example\src\main\java\com\example\api\controller\iam\ClientController.java,46
com.diboot:diboot-iam-spring-boot-starter,3.7.0,false,ClassOrInterfaceType,com.diboot.iam.service.IamUserService,IamUserService,C:\Users\tyin363\Documents\repos\dibo-software__diboot\rest-api-example\src\main\java\com\example\api\job\CasUserSyncJob.java,53
JDK:java.base,N/A,false,ClassOrInterfaceType,java.lang.Exception,Exception,C:\Users\tyin363\Documents\repos\dibo-software__diboot\rest-api-example\src\main\java\com\example\api\controller\system\ScheduleJobController.java,90
JDK:java.base,N/A,false,MethodCallExpr,java.util.Collection,stream,C:\Users\tyin363\Documents\repos\dibo-software__diboot\rest-api-example\src\main\java\com\example\api\excel\listener\UserImportExcelListener.java,123
com.diboot:diboot-iam-spring-boot-starter,3.7.0,false,MethodCallExpr,com.diboot.iam.entity.IamAccount,setUserId,C:\Users\tyin363\Documents\repos\dibo-software__diboot\rest-api-example\src\main\java\com\example\api\excel\listener\UserImportExcelListener.java,117
com.diboot:diboot-iam-spring-boot-starter,3.7.0,false,FieldAccessExpr,com.diboot.iam.annotation.OperationCons,LABEL_CREATE,C:\Users\tyin363\Documents\repos\dibo-software__diboot\rest-api-example\src\main\java\com\example\api\controller\iam\UserController.java,108
com.diboot:diboot-core,3.7.0,true,ClassOrInterfaceType,com.diboot.core.entity.Dictionary,Dictionary,C:\Users\tyin363\Documents\repos\dibo-software__diboot\rest-api-example\src\main\java\com\example\api\controller\system\DictionaryController.java,52
com.diboot:diboot-core,3.7.0,true,MethodCallExpr,com.diboot.core.controller.BaseCrudRestController,getEntity,C:\Users\tyin363\Documents\repos\dibo-software__diboot\rest-api-example\src\main\java\com\example\api\controller\iam\OperationLogController.java,75
JDK:java.base,N/A,false,MethodReferenceExpr,java.util.Objects,nonNull,C:\Users\tyin363\Documents\repos\dibo-software__diboot\rest-api-example\src\main\java\com\example\api\excel\listener\UserImportExcelListener.java,64
com.diboot:diboot-core,3.7.0,true,MethodCallExpr,com.diboot.core.service.BaseService,exists,C:\Users\tyin363\Documents\repos\dibo-software__diboot\rest-api-example\src\main\java\com\example\api\controller\iam\OrgController.java,117
JDK:java.base,N/A,false,ClassOrInterfaceType,java.util.List,List,C:\Users\tyin363\Documents\repos\dibo-software__diboot\rest-api-example\src\main\java\com\example\api\controller\iam\TenantController.java,69
com.diboot:diboot-iam-spring-boot-starter,3.7.0,false,ClassOrInterfaceType,com.diboot.iam.entity.IamAccount,IamAccount,C:\Users\tyin363\Documents\repos\dibo-software__diboot\rest-api-example\src\main\java\com\example\api\controller\iam\UserController.java,250
com.diboot:diboot-scheduler-spring-boot-starter,3.7.0,false,ClassOrInterfaceType,com.diboot.scheduler.entity.ScheduleJob,ScheduleJob,C:\Users\tyin363\Documents\repos\dibo-software__diboot\rest-api-example\src\main\java\com\example\api\controller\system\ScheduleJobController.java,90
com.diboot:diboot-core,3.7.0,true,MethodCallExpr,com.diboot.core.controller.BaseCrudRestController,getViewObject,C:\Users\tyin363\Documents\repos\dibo-software__diboot\rest-api-example\src\main\java\com\example\api\controller\system\DictionaryController.java,72
org.quartz-scheduler:quartz,2.5.0,true,ClassOrInterfaceType,org.quartz.JobExecutionException,JobExecutionException,C:\Users\tyin363\Documents\repos\dibo-software__diboot\rest-api-example\src\main\java\com\example\api\job\CasUserSyncJob.java,44
com.diboot:diboot-core,3.7.0,true,ClassOrInterfaceType,com.diboot.core.vo.JsonResult,JsonResult,C:\Users\tyin363\Documents\repos\dibo-software__diboot\rest-api-example\src\main\java\com\example\api\controller\iam\PositionController.java,93
JDK:java.base,N/A,false,ClassOrInterfaceType,java.lang.Object,Object,C:\Users\tyin363\Documents\repos\dibo-software__diboot\rest-api-example\src\main\java\com\example\api\controller\iam\UserExcelController.java,80
com.diboot:diboot-core,3.7.0,true,MethodCallExpr,com.diboot.core.controller.BaseCrudRestController,beforeUpdate,C:\Users\tyin363\Documents\repos\dibo-software__diboot\rest-api-example\src\main\java\com\example\api\controller\iam\RoleController.java,189
com.baomidou:mybatis-plus-core,3.5.12,true,ObjectCreationExpr,com.baomidou.mybatisplus.core.conditions.query.LambdaQueryWrapper,LambdaQueryWrapper,C:\Users\tyin363\Documents\repos\dibo-software__diboot\rest-api-example\src\main\java\com\example\api\controller\system\DictionaryController.java,168
com.diboot:diboot-core,3.7.0,true,MethodCallExpr,com.diboot.core.util.V,notEmpty,C:\Users\tyin363\Documents\repos\dibo-software__diboot\rest-api-example\src\main\java\com\example\api\controller\iam\OperationLogController.java,48
com.diboot:diboot-core,3.7.0,true,ObjectCreationExpr,com.diboot.core.vo.JsonResult,JsonResult,C:\Users\tyin363\Documents\repos\dibo-software__diboot\rest-api-example\src\main\java\com\example\api\controller\iam\RoleController.java,143
JDK:java.base,N/A,false,ObjectCreationExpr,java.lang.RuntimeException,RuntimeException,C:\Users\tyin363\Documents\repos\dibo-software__diboot\rest-api-example\src\main\java\com\example\api\controller\system\AiSessionRecordController.java,148
JDK:java.base,N/A,false,ClassOrInterfaceType,java.util.List,List,C:\Users\tyin363\Documents\repos\dibo-software__diboot\rest-api-example\src\main\java\com\example\api\controller\iam\UserExcelController.java,112
com.diboot:diboot-iam-spring-boot-starter,3.7.0,false,MethodCallExpr,com.diboot.iam.cache.IamPermissionCacheManager,getApiPermissionVoList,C:\Users\tyin363\Documents\repos\dibo-software__diboot\rest-api-example\src\main\java\com\example\api\controller\iam\ResourceController.java,160
com.diboot:diboot-core,3.7.0,true,ClassOrInterfaceType,com.diboot.core.vo.JsonResult,JsonResult,C:\Users\tyin363\Documents\repos\dibo-software__diboot\rest-api-example\src\main\java\com\example\api\controller\iam\UserController.java,96
JDK:java.base,N/A,false,ClassOrInterfaceType,java.lang.String,String,C:\Users\tyin363\Documents\repos\dibo-software__diboot\rest-api-example\src\main\java\com\example\api\handler\DefaultEncryptHandler.java,16
com.diboot:diboot-iam-spring-boot-starter,3.7.0,false,MethodCallExpr,com.diboot.iam.entity.IamUser,getRealname,C:\Users\tyin363\Documents\repos\dibo-software__diboot\rest-api-example\src\main\java\com\example\api\controller\iam\UserController.java,203
com.diboot:diboot-iam-spring-boot-starter,3.7.0,false,ClassOrInterfaceType,com.diboot.iam.vo.IamResourceListVO,IamResourceListVO,C:\Users\tyin363\Documents\repos\dibo-software__diboot\rest-api-example\src\main\java\com\example\api\controller\iam\ResourceController.java,80
CLIENT:client-code,N/A,false,ClassOrInterfaceType,com.example.api.excel.model.UserImportModel,UserImportModel,C:\Users\tyin363\Documents\repos\dibo-software__diboot\rest-api-example\src\main\java\com\example\api\excel\listener\UserImportExcelListener.java,43
JDK:java.base,N/A,false,ClassOrInterfaceType,java.lang.Exception,Exception,C:\Users\tyin363\Documents\repos\dibo-software__diboot\rest-api-example\src\main\java\com\example\api\controller\iam\AuthTokenController.java,79
JDK:java.base,N/A,false,ClassOrInterfaceType,java.lang.Exception,Exception,C:\Users\tyin363\Documents\repos\dibo-software__diboot\rest-api-example\src\main\java\com\example\api\controller\iam\GroupController.java,87
JDK:java.base,N/A,false,ClassOrInterfaceType,java.util.List,List,C:\Users\tyin363\Documents\repos\dibo-software__diboot\rest-api-example\src\main\java\com\example\api\controller\CommonController.java,46
com.diboot:diboot-iam-spring-boot-starter,3.7.0,false,FieldAccessExpr,com.diboot.iam.annotation.OperationCons,CODE_WRITE,C:\Users\tyin363\Documents\repos\dibo-software__diboot\rest-api-example\src\main\java\com\example\api\controller\iam\PositionController.java,119
com.diboot:diboot-file-spring-boot-starter,3.7.0,false,ClassOrInterfaceType,com.diboot.file.excel.listener.ReadExcelListener,ReadExcelListener,C:\Users\tyin363\Documents\repos\dibo-software__diboot\rest-api-example\src\main\java\com\example\api\controller\iam\UserExcelController.java,146
com.diboot:diboot-core,3.7.0,true,MethodCallExpr,com.diboot.core.controller.BaseController,buildQueryWrapperByDTO,C:\Users\tyin363\Documents\repos\dibo-software__diboot\rest-api-example\src\main\java\com\example\api\controller\iam\OrgController.java,58
JDK:java.base,N/A,false,ClassOrInterfaceType,java.lang.String,String,C:\Users\tyin363\Documents\repos\dibo-software__diboot\rest-api-example\src\main\java\com\example\api\controller\iam\OrgController.java,138
com.diboot:diboot-iam-spring-boot-starter,3.7.0,false,FieldAccessExpr,com.diboot.iam.annotation.OperationCons,CODE_READ,C:\Users\tyin363\Documents\repos\dibo-software__diboot\rest-api-example\src\main\java\com\example\api\controller\iam\GroupController.java,42
JDK:java.base,N/A,false,ClassOrInterfaceType,java.lang.Exception,Exception,C:\Users\tyin363\Documents\repos\dibo-software__diboot\rest-api-example\src\main\java\com\example\api\controller\iam\TenantController.java,130
JDK:java.base,N/A,false,ClassOrInterfaceType,java.lang.Exception,Exception,C:\Users\tyin363\Documents\repos\dibo-software__diboot\rest-api-example\src\main\java\com\example\api\controller\iam\UserController.java,153
jakarta.servlet:jakarta.servlet-api,6.0.0,true,MethodCallExpr,jakarta.servlet.ServletResponse,setCharacterEncoding,C:\Users\tyin363\Documents\repos\dibo-software__diboot\rest-api-example\src\main\java\com\example\api\controller\system\AiSessionRecordController.java,132
com.diboot:diboot-iam-spring-boot-starter,3.7.0,false,ClassOrInterfaceType,com.diboot.iam.vo.IamClientVO,IamClientVO,C:\Users\tyin363\Documents\repos\dibo-software__diboot\rest-api-example\src\main\java\com\example\api\controller\iam\ClientController.java,63
com.diboot:diboot-core,3.7.0,true,ClassOrInterfaceType,com.diboot.core.vo.JsonResult,JsonResult,C:\Users\tyin363\Documents\repos\dibo-software__diboot\rest-api-example\src\main\java\com\example\api\controller\CommonController.java,59
com.diboot:diboot-core,3.7.0,true,MethodCallExpr,com.diboot.core.entity.AbstractEntity,getId,C:\Users\tyin363\Documents\repos\dibo-software__diboot\rest-api-example\src\main\java\com\example\api\job\CasUserSyncJob.java,57
com.diboot:diboot-iam-spring-boot-starter,3.7.0,false,ClassOrInterfaceType,com.diboot.iam.entity.IamAccount,IamAccount,C:\Users\tyin363\Documents\repos\dibo-software__diboot\rest-api-example\src\main\java\com\example\api\excel\listener\UserImportExcelListener.java,74
com.diboot:diboot-core,3.7.0,true,MethodCallExpr,com.diboot.core.util.BeanUtils,buildTree,C:\Users\tyin363\Documents\repos\dibo-software__diboot\rest-api-example\src\main\java\com\example\api\controller\iam\ResourceController.java,72
com.diboot:diboot-iam-spring-boot-starter,3.7.0,false,FieldAccessExpr,com.diboot.iam.annotation.OperationCons,CODE_WRITE,C:\Users\tyin363\Documents\repos\dibo-software__diboot\rest-api-example\src\main\java\com\example\api\controller\iam\UserController.java,123
com.diboot:diboot-core,3.7.0,true,ClassOrInterfaceType,com.diboot.core.vo.JsonResult,JsonResult,C:\Users\tyin363\Documents\repos\dibo-software__diboot\rest-api-example\src\main\java\com\example\api\controller\system\ScheduleJobController.java,66
com.baomidou:mybatis-plus-core,3.5.12,true,MethodCallExpr,com.baomidou.mybatisplus.core.conditions.interfaces.Compare,likeRight,C:\Users\tyin363\Documents\repos\dibo-software__diboot\rest-api-example\src\main\java\com\example\api\controller\system\I18nConfigController.java,56
com.diboot:diboot-core,3.7.0,true,ClassOrInterfaceType,com.diboot.core.vo.JsonResult,JsonResult,C:\Users\tyin363\Documents\repos\dibo-software__diboot\rest-api-example\src\main\java\com\example\api\controller\system\MessageTemplateController.java,95
JDK:java.base,N/A,false,ClassOrInterfaceType,java.lang.String,String,C:\Users\tyin363\Documents\repos\dibo-software__diboot\rest-api-example\src\main\java\com\example\api\excel\model\UserImportModel.java,49
com.diboot:diboot-iam-spring-boot-starter,3.7.0,false,ClassOrInterfaceType,com.diboot.iam.entity.IamOperationLog,IamOperationLog,C:\Users\tyin363\Documents\repos\dibo-software__diboot\rest-api-example\src\main\java\com\example\api\controller\iam\OperationLogController.java,75
com.diboot:diboot-core,3.7.0,true,ClassOrInterfaceType,com.diboot.core.vo.JsonResult,JsonResult,C:\Users\tyin363\Documents\repos\dibo-software__diboot\rest-api-example\src\main\java\com\example\api\controller\system\ScheduleJobController.java,200
com.diboot:diboot-iam-spring-boot-starter,3.7.0,false,FieldAccessExpr,com.diboot.iam.annotation.OperationCons,LABEL_LIST,C:\Users\tyin363\Documents\repos\dibo-software__diboot\rest-api-example\src\main\java\com\example\api\controller\iam\ClientController.java,45
JDK:java.base,N/A,false,ClassOrInterfaceType,java.util.HashMap,HashMap,C:\Users\tyin363\Documents\repos\dibo-software__diboot\rest-api-example\src\main\java\com\example\api\excel\listener\UserImportExcelListener.java,97
com.diboot:diboot-core,3.7.0,true,ClassOrInterfaceType,com.diboot.core.vo.JsonResult,JsonResult,C:\Users\tyin363\Documents\repos\dibo-software__diboot\rest-api-example\src\main\java\com\example\api\controller\system\AiSessionRecordController.java,185
com.baomidou:mybatis-plus-core,3.5.12,true,MethodCallExpr,com.baomidou.mybatisplus.core.conditions.interfaces.Compare,ne,C:\Users\tyin363\Documents\repos\dibo-software__diboot\rest-api-example\src\main\java\com\example\api\controller\iam\ResourceController.java,69
JDK:java.base,N/A,false,ClassOrInterfaceType,java.lang.String,String,C:\Users\tyin363\Documents\repos\dibo-software__diboot\rest-api-example\src\main\java\com\example\api\controller\iam\OrgController.java,137
com.diboot:diboot-core,3.7.0,true,ClassOrInterfaceType,com.diboot.core.vo.JsonResult,JsonResult,C:\Users\tyin363\Documents\repos\dibo-software__diboot\rest-api-example\src\main\java\com\example\api\controller\iam\SSOClientController.java,55
com.diboot:diboot-core,3.7.0,true,MethodCallExpr,com.diboot.core.util.ContextHolder,getBean,C:\Users\tyin363\Documents\repos\dibo-software__diboot\rest-api-example\src\main\java\com\example\api\excel\listener\UserImportExcelListener.java,58
com.diboot:diboot-iam-spring-boot-starter,3.7.0,false,ClassOrInterfaceType,com.diboot.iam.vo.IamClientVO,IamClientVO,C:\Users\tyin363\Documents\repos\dibo-software__diboot\rest-api-example\src\main\java\com\example\api\controller\iam\ClientController.java,62
com.diboot:diboot-iam-spring-boot-starter,3.7.0,false,ClassOrInterfaceType,com.diboot.iam.service.IamResourceService,IamResourceService,C:\Users\tyin363\Documents\repos\dibo-software__diboot\rest-api-example\src\main\java\com\example\api\controller\iam\ResourceController.java,44
JDK:java.base,N/A,false,ObjectCreationExpr,java.util.ArrayList,ArrayList,C:\Users\tyin363\Documents\repos\dibo-software__diboot\rest-api-example\src\main\java\com\example\api\excel\listener\UserImportExcelListener.java,95
com.diboot:diboot-iam-spring-boot-starter,3.7.0,false,ClassOrInterfaceType,com.diboot.iam.entity.IamOrg,IamOrg,C:\Users\tyin363\Documents\repos\dibo-software__diboot\rest-api-example\src\main\java\com\example\api\controller\iam\OrgController.java,88
JDK:java.base,N/A,false,ClassOrInterfaceType,java.lang.Exception,Exception,C:\Users\tyin363\Documents\repos\dibo-software__diboot\rest-api-example\src\main\java\com\example\api\controller\system\AiSessionController.java,129
com.diboot:diboot-iam-spring-boot-starter,3.7.0,false,FieldAccessExpr,com.diboot.iam.annotation.OperationCons,CODE_WRITE,C:\Users\tyin363\Documents\repos\dibo-software__diboot\rest-api-example\src\main\java\com\example\api\controller\iam\OrgController.java,86
JDK:java.base,N/A,false,MethodCallExpr,java.util.stream.Stream,collect,C:\Users\tyin363\Documents\repos\dibo-software__diboot\rest-api-example\src\main\java\com\example\api\excel\listener\UserImportExcelListener.java,117
com.diboot:diboot-core,3.7.0,true,MethodCallExpr,com.diboot.core.controller.BaseCrudRestController,updateEntity,C:\Users\tyin363\Documents\repos\dibo-software__diboot\rest-api-example\src\main\java\com\example\api\controller\system\FileRecordController.java,76
JDK:java.base,N/A,false,MethodCallExpr,java.util.Collection,stream,C:\Users\tyin363\Documents\repos\dibo-software__diboot\rest-api-example\src\main\java\com\example\api\controller\system\I18nConfigController.java,59
com.diboot:diboot-core,3.7.0,true,ClassOrInterfaceType,com.diboot.core.controller.BaseCrudRestController,BaseCrudRestController,C:\Users\tyin363\Documents\repos\dibo-software__diboot\rest-api-example\src\main\java\com\example\api\controller\iam\TenantController.java,46
com.baomidou:mybatis-plus-core,3.5.12,true,MethodCallExpr,com.baomidou.mybatisplus.core.conditions.query.Query,select,C:\Users\tyin363\Documents\repos\dibo-software__diboot\rest-api-example\src\main\java\com\example\api\controller\iam\OrgController.java,169
com.diboot:diboot-core,3.7.0,true,ObjectCreationExpr,com.diboot.core.vo.JsonResult,JsonResult,C:\Users\tyin363\Documents\repos\dibo-software__diboot\rest-api-example\src\main\java\com\example\api\controller\iam\TenantController.java,168
com.diboot:diboot-iam-spring-boot-starter,3.7.0,false,ClassOrInterfaceType,com.diboot.iam.entity.IamGroup,IamGroup,C:\Users\tyin363\Documents\repos\dibo-software__diboot\rest-api-example\src\main\java\com\example\api\controller\iam\GroupController.java,87
com.diboot:diboot-core,3.7.0,true,MethodCallExpr,com.diboot.core.vo.JsonResult,bindPagination,C:\Users\tyin363\Documents\repos\dibo-software__diboot\rest-api-example\src\main\java\com\example\api\controller\system\MessageController.java,92
com.diboot:diboot-core,3.7.0,true,MethodCallExpr,com.diboot.core.vo.JsonResult,FAIL_VALIDATION,C:\Users\tyin363\Documents\repos\dibo-software__diboot\rest-api-example\src\main\java\com\example\api\controller\iam\PositionController.java,146
com.diboot:diboot-core,3.7.0,true,MethodCallExpr,com.diboot.core.vo.JsonResult,OK,C:\Users\tyin363\Documents\repos\dibo-software__diboot\rest-api-example\src\main\java\com\example\api\controller\system\AiSessionController.java,116
com.diboot:diboot-iam-spring-boot-starter,3.7.0,false,FieldAccessExpr,com.diboot.iam.annotation.OperationCons,CODE_WRITE,C:\Users\tyin363\Documents\repos\dibo-software__diboot\rest-api-example\src\main\java\com\example\api\controller\system\ScheduleJobController.java,101
JDK:java.base,N/A,false,ClassOrInterfaceType,java.lang.Object,Object,C:\Users\tyin363\Documents\repos\dibo-software__diboot\rest-api-example\src\main\java\com\example\api\excel\listener\UserImportExcelListener.java,90
JDK:java.base,N/A,false,ClassOrInterfaceType,java.lang.Exception,Exception,C:\Users\tyin363\Documents\repos\dibo-software__diboot\rest-api-example\src\main\java\com\example\api\controller\system\ScheduleJobController.java,118
JDK:java.base,N/A,false,ClassOrInterfaceType,java.lang.String,String,C:\Users\tyin363\Documents\repos\dibo-software__diboot\rest-api-example\src\main\java\com\example\api\DemoStartupApplication.java,9
com.diboot:diboot-core,3.7.0,true,MethodCallExpr,com.diboot.core.service.DictionaryService,deleteDictAndChildren,C:\Users\tyin363\Documents\repos\dibo-software__diboot\rest-api-example\src\main\java\com\example\api\controller\system\DictionaryController.java,120
JDK:java.base,N/A,false,ClassOrInterfaceType,java.util.List,List,C:\Users\tyin363\Documents\repos\dibo-software__diboot\rest-api-example\src\main\java\com\example\api\controller\iam\AuthTokenController.java,168
com.diboot:diboot-iam-spring-boot-starter,3.7.0,false,MethodCallExpr,com.diboot.iam.service.IamRoleResourceService,getRouteRecords,C:\Users\tyin363\Documents\repos\dibo-software__diboot\rest-api-example\src\main\java\com\example\api\controller\iam\AuthTokenController.java,208
JDK:java.base,N/A,false,MethodCallExpr,java.util.stream.Stream,toList,C:\Users\tyin363\Documents\repos\dibo-software__diboot\rest-api-example\src\main\java\com\example\api\controller\iam\AuthTokenController.java,179
com.diboot:diboot-iam-spring-boot-starter,3.7.0,false,MethodReferenceExpr,com.diboot.iam.entity.IamAccount,getUserType,C:\Users\tyin363\Documents\repos\dibo-software__diboot\rest-api-example\src\main\java\com\example\api\controller\iam\UserController.java,157
JDK:java.base,N/A,false,ClassOrInterfaceType,java.lang.Exception,Exception,C:\Users\tyin363\Documents\repos\dibo-software__diboot\rest-api-example\src\main\java\com\example\api\controller\iam\RoleController.java,111
com.diboot:diboot-core,3.7.0,true,ClassOrInterfaceType,com.diboot.core.vo.JsonResult,JsonResult,C:\Users\tyin363\Documents\repos\dibo-software__diboot\rest-api-example\src\main\java\com\example\api\controller\system\DictionaryController.java,166
com.diboot:diboot-notification-spring-boot-starter,3.7.0,false,MethodReferenceExpr,com.diboot.notification.entity.Message,getChannel,C:\Users\tyin363\Documents\repos\dibo-software__diboot\rest-api-example\src\main\java\com\example\api\controller\system\MessageController.java,86
com.diboot:diboot-iam-spring-boot-starter,3.7.0,false,MethodCallExpr,com.diboot.iam.util.IamSecurityUtils,getCurrentUser,C:\Users\tyin363\Documents\repos\dibo-software__diboot\rest-api-example\src\main\java\com\example\api\controller\iam\UserController.java,225
JDK:java.base,N/A,false,ClassOrInterfaceType,java.security.interfaces.RSAPrivateKey,RSAPrivateKey,C:\Users\tyin363\Documents\repos\dibo-software__diboot\rest-api-example\src\main\java\com\example\api\controller\iam\AuthTokenController.java,124
com.diboot:diboot-iam-spring-boot-starter,3.7.0,false,FieldAccessExpr,com.diboot.iam.annotation.OperationCons,LABEL_LIST,C:\Users\tyin363\Documents\repos\dibo-software__diboot\rest-api-example\src\main\java\com\example\api\controller\iam\OperationLogController.java,40
com.diboot:diboot-iam-spring-boot-starter,3.7.0,false,FieldAccessExpr,com.diboot.iam.annotation.OperationCons,LABEL_UPDATE,C:\Users\tyin363\Documents\repos\dibo-software__diboot\rest-api-example\src\main\java\com\example\api\controller\iam\ResourceController.java,118
JDK:java.base,N/A,false,ClassOrInterfaceType,java.lang.String,String,C:\Users\tyin363\Documents\repos\dibo-software__diboot\rest-api-example\src\main\java\com\example\api\controller\iam\UserController.java,72
com.diboot:diboot-iam-spring-boot-starter,3.7.0,false,FieldAccessExpr,com.diboot.iam.annotation.OperationCons,LABEL_DELETE,C:\Users\tyin363\Documents\repos\dibo-software__diboot\rest-api-example\src\main\java\com\example\api\controller\system\DictionaryController.java,117
JDK:java.base,N/A,false,ClassOrInterfaceType,java.lang.Exception,Exception,C:\Users\tyin363\Documents\repos\dibo-software__diboot\rest-api-example\src\main\java\com\example\api\controller\CommonController.java,93
CLIENT:client-code,N/A,false,ClassOrInterfaceType,com.example.api.excel.model.UserImportModel,UserImportModel,C:\Users\tyin363\Documents\repos\dibo-software__diboot\rest-api-example\src\main\java\com\example\api\excel\listener\UserImportExcelListener.java,30
JDK:java.base,N/A,false,ClassOrInterfaceType,java.util.Map,Map,C:\Users\tyin363\Documents\repos\dibo-software__diboot\rest-api-example\src\main\java\com\example\api\controller\iam\SSOClientController.java,38
com.diboot:diboot-core,3.7.0,true,ClassOrInterfaceType,com.diboot.core.vo.JsonResult,JsonResult,C:\Users\tyin363\Documents\repos\dibo-software__diboot\rest-api-example\src\main\java\com\example\api\controller\iam\LoginTraceController.java,47
com.diboot:diboot-core,3.7.0,true,ClassOrInterfaceType,com.diboot.core.vo.JsonResult,JsonResult,C:\Users\tyin363\Documents\repos\dibo-software__diboot\rest-api-example\src\main\java\com\example\api\controller\iam\UserController.java,125
JDK:java.base,N/A,false,ClassOrInterfaceType,java.lang.String,String,C:\Users\tyin363\Documents\repos\dibo-software__diboot\rest-api-example\src\main\java\com\example\api\controller\iam\UserExcelController.java,69
JDK:java.base,N/A,false,ClassOrInterfaceType,java.lang.String,String,C:\Users\tyin363\Documents\repos\dibo-software__diboot\rest-api-example\src\main\java\com\example\api\controller\iam\PositionController.java,65
JDK:java.base,N/A,false,ClassOrInterfaceType,java.lang.String,String,C:\Users\tyin363\Documents\repos\dibo-software__diboot\rest-api-example\src\main\java\com\example\api\controller\iam\UserController.java,71
JDK:java.base,N/A,false,MethodCallExpr,java.util.stream.Stream,collect,C:\Users\tyin363\Documents\repos\dibo-software__diboot\rest-api-example\src\main\java\com\example\api\excel\listener\UserImportExcelListener.java,123
JDK:java.base,N/A,false,ClassOrInterfaceType,java.lang.Exception,Exception,C:\Users\tyin363\Documents\repos\dibo-software__diboot\rest-api-example\src\main\java\com\example\api\controller\iam\UserExcelController.java,69
com.baomidou:mybatis-plus-core,3.5.12,true,MethodCallExpr,com.baomidou.mybatisplus.core.toolkit.Wrappers,lambdaQuery,C:\Users\tyin363\Documents\repos\dibo-software__diboot\rest-api-example\src\main\java\com\example\api\controller\iam\ResourceController.java,172
com.diboot:diboot-iam-spring-boot-starter,3.7.0,false,FieldAccessExpr,com.diboot.iam.annotation.OperationCons,CODE_READ,C:\Users\tyin363\Documents\repos\dibo-software__diboot\rest-api-example\src\main\java\com\example\api\controller\iam\RoleController.java,65
com.diboot:diboot-core,3.7.0,true,MethodReferenceExpr,com.diboot.core.entity.I18nConfig,getCode,C:\Users\tyin363\Documents\repos\dibo-software__diboot\rest-api-example\src\main\java\com\example\api\controller\system\I18nConfigController.java,87
com.diboot:diboot-iam-spring-boot-starter,3.7.0,false,FieldAccessExpr,com.diboot.iam.annotation.OperationCons,CODE_READ,C:\Users\tyin363\Documents\repos\dibo-software__diboot\rest-api-example\src\main\java\com\example\api\controller\iam\LoginTraceController.java,45
com.diboot:diboot-core,3.7.0,true,MethodCallExpr,com.diboot.core.util.V,notEmpty,C:\Users\tyin363\Documents\repos\dibo-software__diboot\rest-api-example\src\main\java\com\example\api\controller\iam\PositionController.java,141
com.diboot:diboot-iam-spring-boot-starter,3.7.0,false,ClassOrInterfaceType,com.diboot.iam.vo.IamResourceListVO,IamResourceListVO,C:\Users\tyin363\Documents\repos\dibo-software__diboot\rest-api-example\src\main\java\com\example\api\controller\iam\TenantController.java,194
com.diboot:diboot-core,3.7.0,true,ClassOrInterfaceType,com.diboot.core.entity.I18nConfig,I18nConfig,C:\Users\tyin363\Documents\repos\dibo-software__diboot\rest-api-example\src\main\java\com\example\api\controller\system\I18nConfigController.java,42
JDK:java.base,N/A,false,ClassOrInterfaceType,java.lang.String,String,C:\Users\tyin363\Documents\repos\dibo-software__diboot\rest-api-example\src\main\java\com\example\api\controller\system\MessageTemplateController.java,67
JDK:java.base,N/A,false,ClassOrInterfaceType,java.lang.String,String,C:\Users\tyin363\Documents\repos\dibo-software__diboot\rest-api-example\src\main\java\com\example\api\controller\iam\GroupController.java,101
JDK:java.base,N/A,false,ObjectCreationExpr,java.util.HashMap,HashMap,C:\Users\tyin363\Documents\repos\dibo-software__diboot\rest-api-example\src\main\java\com\example\api\controller\iam\AuthTokenController.java,157
com.diboot:diboot-iam-spring-boot-starter,3.7.0,false,ClassOrInterfaceType,com.diboot.iam.service.IamAccountService,IamAccountService,C:\Users\tyin363\Documents\repos\dibo-software__diboot\rest-api-example\src\main\java\com\example\api\job\CasUserSyncJob.java,61
com.diboot:diboot-iam-spring-boot-starter,3.7.0,false,FieldAccessExpr,com.diboot.iam.annotation.OperationCons,LABEL_DELETE,C:\Users\tyin363\Documents\repos\dibo-software__diboot\rest-api-example\src\main\java\com\example\api\controller\iam\RoleController.java,154
com.diboot:diboot-core,3.7.0,true,ClassOrInterfaceType,com.diboot.core.vo.JsonResult,JsonResult,C:\Users\tyin363\Documents\repos\dibo-software__diboot\rest-api-example\src\main\java\com\example\api\controller\iam\LoginTraceController.java,48
com.diboot:diboot-core,3.7.0,true,ClassOrInterfaceType,com.diboot.core.vo.JsonResult,JsonResult,C:\Users\tyin363\Documents\repos\dibo-software__diboot\rest-api-example\src\main\java\com\example\api\controller\iam\UserExcelController.java,123
com.diboot:diboot-core,3.7.0,true,ClassOrInterfaceType,com.diboot.core.vo.JsonResult,JsonResult,C:\Users\tyin363\Documents\repos\dibo-software__diboot\rest-api-example\src\main\java\com\example\api\controller\system\SystemConfigController.java,144
com.diboot:diboot-iam-spring-boot-starter,3.7.0,false,ClassOrInterfaceType,com.diboot.iam.entity.IamOrg,IamOrg,C:\Users\tyin363\Documents\repos\dibo-software__diboot\rest-api-example\src\main\java\com\example\api\controller\iam\OrgController.java,58
com.diboot:diboot-core,3.7.0,true,MethodCallExpr,com.diboot.core.vo.JsonResult,FAIL_OPERATION,C:\Users\tyin363\Documents\repos\dibo-software__diboot\rest-api-example\src\main\java\com\example\api\controller\iam\UserController.java,210
com.diboot:diboot-core,3.7.0,true,ClassOrInterfaceType,com.diboot.core.controller.BaseCrudRestController,BaseCrudRestController,C:\Users\tyin363\Documents\repos\dibo-software__diboot\rest-api-example\src\main\java\com\example\api\controller\system\AiSessionController.java,31
com.diboot:diboot-core,3.7.0,true,ClassOrInterfaceType,com.diboot.core.vo.JsonResult,JsonResult,C:\Users\tyin363\Documents\repos\dibo-software__diboot\rest-api-example\src\main\java\com\example\api\controller\system\I18nConfigController.java,114
com.diboot:diboot-iam-spring-boot-starter,3.7.0,false,FieldAccessExpr,com.diboot.iam.annotation.OperationCons,LABEL_UPDATE,C:\Users\tyin363\Documents\repos\dibo-software__diboot\rest-api-example\src\main\java\com\example\api\controller\iam\UserController.java,123
com.diboot:diboot-core,3.7.0,true,ClassOrInterfaceType,com.diboot.core.entity.Dictionary,Dictionary,C:\Users\tyin363\Documents\repos\dibo-software__diboot\rest-api-example\src\main\java\com\example\api\controller\system\DictionaryController.java,170
JDK:java.base,N/A,false,ClassOrInterfaceType,java.lang.String,String,C:\Users\tyin363\Documents\repos\dibo-software__diboot\rest-api-example\src\main\java\com\example\api\controller\iam\OrgController.java,116
com.diboot:diboot-core,3.7.0,true,ClassOrInterfaceType,com.diboot.core.vo.JsonResult,JsonResult,C:\Users\tyin363\Documents\repos\dibo-software__diboot\rest-api-example\src\main\java\com\example\api\controller\iam\TenantController.java,114
com.baomidou:mybatis-plus-core,3.5.12,true,ClassOrInterfaceType,com.baomidou.mybatisplus.core.conditions.query.LambdaQueryWrapper,LambdaQueryWrapper,C:\Users\tyin363\Documents\repos\dibo-software__diboot\rest-api-example\src\main\java\com\example\api\controller\system\I18nConfigController.java,54
com.diboot:diboot-core,3.7.0,true,MethodCallExpr,com.diboot.core.service.GeneralService,updateEntity,C:\Users\tyin363\Documents\repos\dibo-software__diboot\rest-api-example\src\main\java\com\example\api\controller\iam\TenantController.java,115
com.diboot:diboot-iam-spring-boot-starter,3.7.0,false,ClassOrInterfaceType,com.diboot.iam.vo.IamResourceListVO,IamResourceListVO,C:\Users\tyin363\Documents\repos\dibo-software__diboot\rest-api-example\src\main\java\com\example\api\controller\iam\TenantController.java,193
com.diboot:diboot-iam-spring-boot-starter,3.7.0,false,ClassOrInterfaceType,com.diboot.iam.entity.IamRole,IamRole,C:\Users\tyin363\Documents\repos\dibo-software__diboot\rest-api-example\src\main\java\com\example\api\controller\iam\RoleController.java,209
com.diboot:diboot-iam-spring-boot-starter,3.7.0,false,ClassOrInterfaceType,com.diboot.iam.service.IamLoginTraceService,IamLoginTraceService,C:\Users\tyin363\Documents\repos\dibo-software__diboot\rest-api-example\src\main\java\com\example\api\controller\iam\LoginTraceController.java,36
com.diboot:diboot-core,3.7.0,true,MethodCallExpr,com.diboot.core.vo.JsonResult,OK,C:\Users\tyin363\Documents\repos\dibo-software__diboot\rest-api-example\src\main\java\com\example\api\controller\iam\UserController.java,127
com.diboot:diboot-core,3.7.0,true,ClassOrInterfaceType,com.diboot.core.vo.JsonResult,JsonResult,C:\Users\tyin363\Documents\repos\dibo-software__diboot\rest-api-example\src\main\java\com\example\api\controller\iam\ResourceController.java,121
com.diboot:diboot-iam-spring-boot-starter,3.7.0,false,FieldAccessExpr,com.diboot.iam.annotation.OperationCons,LABEL_DELETE,C:\Users\tyin363\Documents\repos\dibo-software__diboot\rest-api-example\src\main\java\com\example\api\controller\iam\RoleController.java,153
com.baomidou:mybatis-plus-core,3.5.12,true,ClassOrInterfaceType,com.baomidou.mybatisplus.core.conditions.query.QueryWrapper,QueryWrapper,C:\Users\tyin363\Documents\repos\dibo-software__diboot\rest-api-example\src\main\java\com\example\api\controller\iam\OrgController.java,58
com.diboot:diboot-iam-spring-boot-starter,3.7.0,false,ClassOrInterfaceType,com.diboot.iam.entity.IamOrg,IamOrg,C:\Users\tyin363\Documents\repos\dibo-software__diboot\rest-api-example\src\main\java\com\example\api\controller\iam\OrgController.java,59
com.diboot:diboot-core,3.7.0,true,ClassOrInterfaceType,com.diboot.core.vo.JsonResult,JsonResult,C:\Users\tyin363\Documents\repos\dibo-software__diboot\rest-api-example\src\main\java\com\example\api\controller\system\I18nConfigController.java,115
JDK:java.base,N/A,false,ObjectCreationExpr,java.util.HashMap,HashMap,C:\Users\tyin363\Documents\repos\dibo-software__diboot\rest-api-example\src\main\java\com\example\api\controller\iam\SSOClientController.java,38
com.diboot:diboot-core,3.7.0,true,ClassOrInterfaceType,com.diboot.core.controller.BaseCrudRestController,BaseCrudRestController,C:\Users\tyin363\Documents\repos\dibo-software__diboot\rest-api-example\src\main\java\com\example\api\controller\iam\PositionController.java,36
com.diboot:diboot-core,3.7.0,true,MethodCallExpr,com.diboot.core.util.BeanUtils,convertToStringKeyObjectMap,C:\Users\tyin363\Documents\repos\dibo-software__diboot\rest-api-example\src\main\java\com\example\api\controller\iam\SSOClientController.java,61
com.diboot:diboot-ai-spring-boot-starter,3.7.0,false,MethodReferenceExpr,com.diboot.ai.entity.AiSessionRecord,getCreateBy,C:\Users\tyin363\Documents\repos\dibo-software__diboot\rest-api-example\src\main\java\com\example\api\controller\system\AiSessionController.java,67
com.diboot:diboot-iam-spring-boot-starter,3.7.0,false,FieldAccessExpr,com.diboot.iam.annotation.OperationCons,LABEL_UPDATE,C:\Users\tyin363\Documents\repos\dibo-software__diboot\rest-api-example\src\main\java\com\example\api\controller\iam\UserController.java,122
com.diboot:diboot-core,3.7.0,true,ClassOrInterfaceType,com.diboot.core.entity.Dictionary,Dictionary,C:\Users\tyin363\Documents\repos\dibo-software__diboot\rest-api-example\src\main\java\com\example\api\controller\system\DictionaryController.java,169
com.diboot:diboot-iam-spring-boot-starter,3.7.0,false,ClassOrInterfaceType,com.diboot.iam.entity.SystemConfig,SystemConfig,C:\Users\tyin363\Documents\repos\dibo-software__diboot\rest-api-example\src\main\java\com\example\api\controller\system\SystemConfigController.java,46
com.diboot:diboot-iam-spring-boot-starter,3.7.0,false,ClassOrInterfaceType,com.diboot.iam.entity.IamPosition,IamPosition,C:\Users\tyin363\Documents\repos\dibo-software__diboot\rest-api-example\src\main\java\com\example\api\controller\iam\PositionController.java,142
com.diboot:diboot-iam-spring-boot-starter,3.7.0,false,ClassOrInterfaceType,com.diboot.iam.vo.IamUserVO,IamUserVO,C:\Users\tyin363\Documents\repos\dibo-software__diboot\rest-api-example\src\main\java\com\example\api\controller\iam\UserExcelController.java,107
com.baomidou:mybatis-plus-core,3.5.12,true,MethodCallExpr,com.baomidou.mybatisplus.core.conditions.query.QueryWrapper,lambda,C:\Users\tyin363\Documents\repos\dibo-software__diboot\rest-api-example\src\main\java\com\example\api\controller\iam\OrgController.java,154
JDK:java.base,N/A,false,ClassOrInterfaceType,java.lang.String,String,C:\Users\tyin363\Documents\repos\dibo-software__diboot\rest-api-example\src\main\java\com\example\api\controller\iam\ClientController.java,104
com.diboot:diboot-iam-spring-boot-starter,3.7.0,false,FieldAccessExpr,com.diboot.iam.annotation.OperationCons,LABEL_CREATE,C:\Users\tyin363\Documents\repos\dibo-software__diboot\rest-api-example\src\main\java\com\example\api\controller\system\ScheduleJobController.java,76
com.diboot:diboot-iam-spring-boot-starter,3.7.0,false,ClassOrInterfaceType,com.diboot.iam.vo.IamResourceListVO,IamResourceListVO,C:\Users\tyin363\Documents\repos\dibo-software__diboot\rest-api-example\src\main\java\com\example\api\controller\iam\ResourceController.java,71
com.diboot:diboot-core,3.7.0,true,MethodCallExpr,com.diboot.core.service.BaseService,sort,C:\Users\tyin363\Documents\repos\dibo-software__diboot\rest-api-example\src\main\java\com\example\api\controller\iam\ResourceController.java,150
JDK:java.base,N/A,false,ClassOrInterfaceType,java.lang.String,String,C:\Users\tyin363\Documents\repos\dibo-software__diboot\rest-api-example\src\main\java\com\example\api\controller\iam\UserController.java,66
com.diboot:diboot-ai-spring-boot-starter,3.7.0,false,ClassOrInterfaceType,com.diboot.ai.vo.AiSessionRecordVO,AiSessionRecordVO,C:\Users\tyin363\Documents\repos\dibo-software__diboot\rest-api-example\src\main\java\com\example\api\controller\system\AiSessionRecordController.java,74
com.baomidou:mybatis-plus-core,3.5.12,true,MethodCallExpr,com.baomidou.mybatisplus.core.conditions.interfaces.Nested,and,C:\Users\tyin363\Documents\repos\dibo-software__diboot\rest-api-example\src\main\java\com\example\api\controller\system\DictionaryController.java,54
com.diboot:diboot-core,3.7.0,true,ClassOrInterfaceType,com.diboot.core.vo.JsonResult,JsonResult,C:\Users\tyin363\Documents\repos\dibo-software__diboot\rest-api-example\src\main\java\com\example\api\controller\iam\RoleController.java,67
com.diboot:diboot-core,3.7.0,true,ObjectCreationExpr,com.diboot.core.vo.JsonResult,JsonResult,C:\Users\tyin363\Documents\repos\dibo-software__diboot\rest-api-example\src\main\java\com\example\api\controller\iam\UserExcelController.java,109
com.diboot:diboot-iam-spring-boot-starter,3.7.0,false,ClassOrInterfaceType,com.diboot.iam.entity.IamUser,IamUser,C:\Users\tyin363\Documents\repos\dibo-software__diboot\rest-api-example\src\main\java\com\example\api\controller\iam\UserController.java,157
JDK:java.base,N/A,false,ClassOrInterfaceType,java.util.HashMap,HashMap,C:\Users\tyin363\Documents\repos\dibo-software__diboot\rest-api-example\src\main\java\com\example\api\controller\system\FileController.java,91
JDK:java.base,N/A,false,ClassOrInterfaceType,java.lang.Exception,Exception,C:\Users\tyin363\Documents\repos\dibo-software__diboot\rest-api-example\src\main\java\com\example\api\controller\system\SystemConfigController.java,58
com.diboot:diboot-core,3.7.0,true,MethodCallExpr,com.diboot.core.util.V,notEmpty,C:\Users\tyin363\Documents\repos\dibo-software__diboot\rest-api-example\src\main\java\com\example\api\controller\iam\RoleController.java,94
com.diboot:diboot-iam-spring-boot-starter,3.7.0,false,ClassOrInterfaceType,com.diboot.iam.entity.IamRole,IamRole,C:\Users\tyin363\Documents\repos\dibo-software__diboot\rest-api-example\src\main\java\com\example\api\controller\iam\RoleController.java,203
JDK:java.base,N/A,false,ClassOrInterfaceType,java.lang.Exception,Exception,C:\Users\tyin363\Documents\repos\dibo-software__diboot\rest-api-example\src\main\java\com\example\api\controller\iam\GroupController.java,59
com.diboot:diboot-core,3.7.0,true,MethodCallExpr,com.diboot.core.util.BeanUtils,buildTree,C:\Users\tyin363\Documents\repos\dibo-software__diboot\rest-api-example\src\main\java\com\example\api\controller\iam\ResourceController.java,80
com.diboot:diboot-iam-spring-boot-starter,3.7.0,false,ClassOrInterfaceType,com.diboot.iam.vo.IamResourceListVO,IamResourceListVO,C:\Users\tyin363\Documents\repos\dibo-software__diboot\rest-api-example\src\main\java\com\example\api\controller\iam\TenantController.java,195
com.diboot:diboot-core,3.7.0,true,MethodCallExpr,com.diboot.core.util.V,isEmpty,C:\Users\tyin363\Documents\repos\dibo-software__diboot\rest-api-example\src\main\java\com\example\api\controller\system\MessageTemplateController.java,121
com.diboot:diboot-iam-spring-boot-starter,3.7.0,false,FieldAccessExpr,com.diboot.iam.annotation.OperationCons,LABEL_CREATE,C:\Users\tyin363\Documents\repos\dibo-software__diboot\rest-api-example\src\main\java\com\example\api\controller\system\ScheduleJobController.java,75
com.diboot:diboot-ai-spring-boot-starter,3.7.0,false,ClassOrInterfaceType,com.diboot.ai.vo.AiSessionRecordVO,AiSessionRecordVO,C:\Users\tyin363\Documents\repos\dibo-software__diboot\rest-api-example\src\main\java\com\example\api\controller\system\AiSessionRecordController.java,73
com.diboot:diboot-core,3.7.0,true,ClassOrInterfaceType,com.diboot.core.controller.BaseCrudRestController,BaseCrudRestController,C:\Users\tyin363\Documents\repos\dibo-software__diboot\rest-api-example\src\main\java\com\example\api\controller\iam\UserController.java,45
org.apache.commons:commons-lang3,3.17.0,true,FieldAccessExpr,org.apache.commons.lang3.StringUtils,EMPTY,C:\Users\tyin363\Documents\repos\dibo-software__diboot\rest-api-example\src\main\java\com\example\api\controller\system\SystemConfigController.java,170
com.diboot:diboot-core,3.7.0,true,ClassOrInterfaceType,com.diboot.core.vo.JsonResult,JsonResult,C:\Users\tyin363\Documents\repos\dibo-software__diboot\rest-api-example\src\main\java\com\example\api\controller\iam\OrgController.java,167
com.diboot:diboot-core,3.7.0,true,MethodReferenceExpr,com.diboot.core.entity.AbstractEntity,getId,C:\Users\tyin363\Documents\repos\dibo-software__diboot\rest-api-example\src\main\java\com\example\api\controller\system\MessageController.java,90
com.diboot:diboot-core,3.7.0,true,MethodCallExpr,com.diboot.core.service.BaseService,getEntityList,C:\Users\tyin363\Documents\repos\dibo-software__diboot\rest-api-example\src\main\java\com\example\api\controller\system\SystemConfigController.java,63
com.diboot:diboot-core,3.7.0,true,MethodCallExpr,com.diboot.core.vo.JsonResult,OK,C:\Users\tyin363\Documents\repos\dibo-software__diboot\rest-api-example\src\main\java\com\example\api\controller\system\MessageTemplateController.java,130
com.diboot:diboot-iam-spring-boot-starter,3.7.0,false,ClassOrInterfaceType,com.diboot.iam.entity.SystemConfig,SystemConfig,C:\Users\tyin363\Documents\repos\dibo-software__diboot\rest-api-example\src\main\java\com\example\api\controller\system\SystemConfigController.java,172
com.diboot:diboot-core,3.7.0,true,MethodCallExpr,com.diboot.core.vo.JsonResult,OK,C:\Users\tyin363\Documents\repos\dibo-software__diboot\rest-api-example\src\main\java\com\example\api\controller\iam\TenantController.java,144
JDK:java.base,N/A,false,ClassOrInterfaceType,java.lang.Exception,Exception,C:\Users\tyin363\Documents\repos\dibo-software__diboot\rest-api-example\src\main\java\com\example\api\controller\system\FileRecordController.java,75
org.apache.commons:commons-lang3,3.17.0,true,MethodCallExpr,org.apache.commons.lang3.StringUtils,isEmpty,C:\Users\tyin363\Documents\repos\dibo-software__diboot\rest-api-example\src\main\java\com\example\api\controller\system\SystemConfigController.java,145
com.diboot:diboot-core,3.7.0,true,ClassOrInterfaceType,com.diboot.core.vo.JsonResult,JsonResult,C:\Users\tyin363\Documents\repos\dibo-software__diboot\rest-api-example\src\main\java\com\example\api\controller\system\AiSessionController.java,83
com.diboot:diboot-core,3.7.0,true,MethodCallExpr,com.diboot.core.controller.BaseCrudRestController,updateEntity,C:\Users\tyin363\Documents\repos\dibo-software__diboot\rest-api-example\src\main\java\com\example\api\controller\system\SystemConfigController.java,104
com.diboot:diboot-ai-spring-boot-starter,3.7.0,false,MethodCallExpr,com.diboot.ai.common.response.AiChoice,setMessage,C:\Users\tyin363\Documents\repos\dibo-software__diboot\rest-api-example\src\main\java\com\example\api\controller\system\AiSessionRecordController.java,160
com.diboot:diboot-iam-spring-boot-starter,3.7.0,false,MethodCallExpr,com.diboot.iam.entity.IamRole,getCode,C:\Users\tyin363\Documents\repos\dibo-software__diboot\rest-api-example\src\main\java\com\example\api\controller\iam\RoleController.java,197
com.diboot:diboot-core,3.7.0,true,ObjectCreationExpr,com.diboot.core.vo.JsonResult,JsonResult,C:\Users\tyin363\Documents\repos\dibo-software__diboot\rest-api-example\src\main\java\com\example\api\controller\system\MessageController.java,105
com.diboot:diboot-core,3.7.0,true,MethodCallExpr,com.diboot.core.binding.Binder,convertAndBindRelations,C:\Users\tyin363\Documents\repos\dibo-software__diboot\rest-api-example\src\main\java\com\example\api\controller\iam\RoleController.java,95
com.diboot:diboot-iam-spring-boot-starter,3.7.0,false,FieldAccessExpr,com.diboot.iam.annotation.OperationCons,CODE_READ,C:\Users\tyin363\Documents\repos\dibo-software__diboot\rest-api-example\src\main\java\com\example\api\controller\iam\TenantController.java,81
com.diboot:diboot-core,3.7.0,true,ClassOrInterfaceType,com.diboot.core.vo.JsonResult,JsonResult,C:\Users\tyin363\Documents\repos\dibo-software__diboot\rest-api-example\src\main\java\com\example\api\controller\iam\PositionController.java,121
com.baomidou:mybatis-plus-core,3.5.12,true,ClassOrInterfaceType,com.baomidou.mybatisplus.core.conditions.query.LambdaQueryWrapper,LambdaQueryWrapper,C:\Users\tyin363\Documents\repos\dibo-software__diboot\rest-api-example\src\main\java\com\example\api\controller\system\MessageController.java,85
com.diboot:diboot-iam-spring-boot-starter,3.7.0,false,FieldAccessExpr,com.diboot.iam.annotation.OperationCons,CODE_EXPORT,C:\Users\tyin363\Documents\repos\dibo-software__diboot\rest-api-example\src\main\java\com\example\api\controller\iam\UserExcelController.java,102
com.diboot:diboot-core,3.7.0,true,MethodCallExpr,com.diboot.core.vo.JsonResult,OK,C:\Users\tyin363\Documents\repos\dibo-software__diboot\rest-api-example\src\main\java\com\example\api\controller\iam\AuthTokenController.java,209
com.diboot:diboot-iam-spring-boot-starter,3.7.0,false,MethodCallExpr,com.diboot.iam.entity.IamUser,setGender,C:\Users\tyin363\Documents\repos\dibo-software__diboot\rest-api-example\src\main\java\com\example\api\controller\iam\UserController.java,203
com.diboot:diboot-core,3.7.0,true,MethodCallExpr,com.diboot.core.vo.JsonResult,FAIL_OPERATION,C:\Users\tyin363\Documents\repos\dibo-software__diboot\rest-api-example\src\main\java\com\example\api\controller\system\DictionaryController.java,87
JDK:java.base,N/A,false,ClassOrInterfaceType,java.lang.String,String,C:\Users\tyin363\Documents\repos\dibo-software__diboot\rest-api-example\src\main\java\com\example\api\controller\system\ScheduleJobController.java,118
com.diboot:diboot-core,3.7.0,true,ClassOrInterfaceType,com.diboot.core.vo.JsonResult,JsonResult,C:\Users\tyin363\Documents\repos\dibo-software__diboot\rest-api-example\src\main\java\com\example\api\controller\system\MessageTemplateController.java,120
com.diboot:diboot-tenant-spring-boot-starter,3.7.0,false,MethodCallExpr,com.diboot.tenant.service.IamTenantService,getTenantAdminUserVO,C:\Users\tyin363\Documents\repos\dibo-software__diboot\rest-api-example\src\main\java\com\example\api\controller\iam\TenantController.java,144
com.diboot:diboot-core,3.7.0,true,MethodCallExpr,com.diboot.core.util.V,notEmpty,C:\Users\tyin363\Documents\repos\dibo-software__diboot\rest-api-example\src\main\java\com\example\api\controller\iam\GroupController.java,114
com.diboot:diboot-iam-spring-boot-starter,3.7.0,false,ClassOrInterfaceType,com.diboot.iam.vo.IamUserVO,IamUserVO,C:\Users\tyin363\Documents\repos\dibo-software__diboot\rest-api-example\src\main\java\com\example\api\controller\iam\UserController.java,81
JDK:java.base,N/A,false,ClassOrInterfaceType,java.util.List,List,C:\Users\tyin363\Documents\repos\dibo-software__diboot\rest-api-example\src\main\java\com\example\api\excel\listener\UserImportExcelListener.java,39
com.diboot:diboot-core,3.7.0,true,MethodCallExpr,com.diboot.core.vo.JsonResult,OK,C:\Users\tyin363\Documents\repos\dibo-software__diboot\rest-api-example\src\main\java\com\example\api\controller\system\AiSessionRecordController.java,102
com.diboot:diboot-core,3.7.0,true,ClassOrInterfaceType,com.diboot.core.vo.Pagination,Pagination,C:\Users\tyin363\Documents\repos\dibo-software__diboot\rest-api-example\src\main\java\com\example\api\controller\system\MessageController.java,84
com.diboot:diboot-core,3.7.0,true,ClassOrInterfaceType,com.diboot.core.vo.JsonResult,JsonResult,C:\Users\tyin363\Documents\repos\dibo-software__diboot\rest-api-example\src\main\java\com\example\api\controller\system\ScheduleJobController.java,175
com.diboot:diboot-core,3.7.0,true,MethodCallExpr,com.diboot.core.service.BaseService,getEntityListByIds,C:\Users\tyin363\Documents\repos\dibo-software__diboot\rest-api-example\src\main\java\com\example\api\controller\iam\PositionController.java,66
JDK:java.base,N/A,false,ClassOrInterfaceType,java.lang.String,String,C:\Users\tyin363\Documents\repos\dibo-software__diboot\rest-api-example\src\main\java\com\example\api\controller\iam\UserController.java,65
com.diboot:diboot-core,3.7.0,true,MethodCallExpr,com.diboot.core.util.BeanUtils,copyProperties,C:\Users\tyin363\Documents\repos\dibo-software__diboot\rest-api-example\src\main\java\com\example\api\controller\iam\UserExcelController.java,138
com.diboot:diboot-core,3.7.0,true,ClassOrInterfaceType,com.diboot.core.vo.Pagination,Pagination,C:\Users\tyin363\Documents\repos\dibo-software__diboot\rest-api-example\src\main\java\com\example\api\controller\iam\ClientController.java,48
com.diboot:diboot-iam-spring-boot-starter,3.7.0,false,FieldAccessExpr,com.diboot.iam.annotation.OperationCons,CODE_WRITE,C:\Users\tyin363\Documents\repos\dibo-software__diboot\rest-api-example\src\main\java\com\example\api\controller\iam\GroupController.java,71
com.diboot:diboot-ai-spring-boot-starter,3.7.0,false,ClassOrInterfaceType,com.diboot.ai.entity.AiSession,AiSession,C:\Users\tyin363\Documents\repos\dibo-software__diboot\rest-api-example\src\main\java\com\example\api\controller\system\AiSessionController.java,97
com.diboot:diboot-iam-spring-boot-starter,3.7.0,false,FieldAccessExpr,com.diboot.iam.annotation.OperationCons,LABEL_LIST,C:\Users\tyin363\Documents\repos\dibo-software__diboot\rest-api-example\src\main\java\com\example\api\controller\system\SystemConfigController.java,56
com.diboot:diboot-core,3.7.0,true,MethodCallExpr,com.diboot.core.vo.JsonResult,OK,C:\Users\tyin363\Documents\repos\dibo-software__diboot\rest-api-example\src\main\java\com\example\api\controller\system\DictionaryController.java,59
com.diboot:diboot-core,3.7.0,true,MethodCallExpr,com.diboot.core.util.V,notEmpty,C:\Users\tyin363\Documents\repos\dibo-software__diboot\rest-api-example\src\main\java\com\example\api\controller\iam\GroupController.java,117
JDK:java.base,N/A,false,MethodCallExpr,java.lang.String,trim,C:\Users\tyin363\Documents\repos\dibo-software__diboot\rest-api-example\src\main\java\com\example\api\controller\iam\AuthTokenController.java,106
JDK:java.base,N/A,false,ClassOrInterfaceType,java.lang.Exception,Exception,C:\Users\tyin363\Documents\repos\dibo-software__diboot\rest-api-example\src\main\java\com\example\api\controller\iam\GroupController.java,73
com.diboot:diboot-iam-spring-boot-starter,3.7.0,false,ClassOrInterfaceType,com.diboot.iam.vo.IamResourceListVO,IamResourceListVO,C:\Users\tyin363\Documents\repos\dibo-software__diboot\rest-api-example\src\main\java\com\example\api\controller\iam\ResourceController.java,58
JDK:java.base,N/A,false,ClassOrInterfaceType,java.lang.String,String,C:\Users\tyin363\Documents\repos\dibo-software__diboot\rest-api-example\src\main\java\com\example\api\controller\iam\OperationLogController.java,74
JDK:java.base,N/A,false,ClassOrInterfaceType,java.lang.String,String,C:\Users\tyin363\Documents\repos\dibo-software__diboot\rest-api-example\src\main\java\com\example\api\controller\iam\RoleController.java,139
com.diboot:diboot-core,3.7.0,true,ClassOrInterfaceType,com.diboot.core.vo.Pagination,Pagination,C:\Users\tyin363\Documents\repos\dibo-software__diboot\rest-api-example\src\main\java\com\example\api\controller\system\FileRecordController.java,43
com.diboot:diboot-iam-spring-boot-starter,3.7.0,false,MethodCallExpr,com.diboot.iam.service.IamUserService,deleteUserAndRelatedInfo,C:\Users\tyin363\Documents\repos\dibo-software__diboot\rest-api-example\src\main\java\com\example\api\controller\iam\UserController.java,141
com.diboot:diboot-iam-spring-boot-starter,3.7.0,false,MethodCallExpr,com.diboot.iam.service.IamUserService,isUserNumExists,C:\Users\tyin363\Documents\repos\dibo-software__diboot\rest-api-example\src\main\java\com\example\api\controller\iam\UserController.java,272
com.diboot:diboot-core,3.7.0,true,MethodCallExpr,com.diboot.core.vo.JsonResult,FAIL_OPERATION,C:\Users\tyin363\Documents\repos\dibo-software__diboot\rest-api-example\src\main\java\com\example\api\controller\iam\RoleController.java,159
com.diboot:diboot-iam-spring-boot-starter,3.7.0,false,FieldAccessExpr,com.diboot.iam.annotation.OperationCons,LABEL_DELETE,C:\Users\tyin363\Documents\repos\dibo-software__diboot\rest-api-example\src\main\java\com\example\api\controller\iam\ClientController.java,118
com.diboot:diboot-iam-spring-boot-starter,3.7.0,false,MethodReferenceExpr,com.diboot.iam.entity.IamResource,getId,C:\Users\tyin363\Documents\repos\dibo-software__diboot\rest-api-example\src\main\java\com\example\api\controller\iam\AuthTokenController.java,182
JDK:java.base,N/A,false,ClassOrInterfaceType,java.lang.String,String,C:\Users\tyin363\Documents\repos\dibo-software__diboot\rest-api-example\src\main\java\com\example\api\controller\iam\AuthTokenController.java,119
com.diboot:diboot-iam-spring-boot-starter,3.7.0,false,MethodCallExpr,com.diboot.iam.entity.IamUser,setTenantId,C:\Users\tyin363\Documents\repos\dibo-software__diboot\rest-api-example\src\main\java\com\example\api\controller\iam\TenantController.java,167
JDK:java.base,N/A,false,MethodCallExpr,java.lang.String,toLowerCase,C:\Users\tyin363\Documents\repos\dibo-software__diboot\rest-api-example\src\main\java\com\example\api\controller\iam\AuthTokenController.java,106
com.diboot:diboot-iam-spring-boot-starter,3.7.0,false,FieldAccessExpr,com.diboot.iam.annotation.OperationCons,LABEL_LIST,C:\Users\tyin363\Documents\repos\dibo-software__diboot\rest-api-example\src\main\java\com\example\api\controller\system\SystemConfigController.java,55
JDK:java.base,N/A,false,MethodCallExpr,javax.crypto.Cipher,init,C:\Users\tyin363\Documents\repos\dibo-software__diboot\rest-api-example\src\main\java\com\example\api\controller\iam\AuthTokenController.java,128
com.diboot:diboot-iam-spring-boot-starter,3.7.0,false,ClassOrInterfaceType,com.diboot.iam.entity.IamAccount,IamAccount,C:\Users\tyin363\Documents\repos\dibo-software__diboot\rest-api-example\src\main\java\com\example\api\controller\iam\UserController.java,229
com.diboot:diboot-iam-spring-boot-starter,3.7.0,false,FieldAccessExpr,com.diboot.iam.annotation.OperationCons,CODE_WRITE,C:\Users\tyin363\Documents\repos\dibo-software__diboot\rest-api-example\src\main\java\com\example\api\controller\iam\UserController.java,108
com.diboot:diboot-core,3.7.0,true,ClassOrInterfaceType,com.diboot.core.data.protect.DefaultDataEncryptHandler,DefaultDataEncryptHandler,C:\Users\tyin363\Documents\repos\dibo-software__diboot\rest-api-example\src\main\java\com\example\api\handler\DefaultEncryptHandler.java,13
com.diboot:diboot-core,3.7.0,true,FieldAccessExpr,com.diboot.core.vo.Pagination,ORDER_BY_ID_DESC,C:\Users\tyin363\Documents\repos\dibo-software__diboot\rest-api-example\src\main\java\com\example\api\controller\iam\OperationLogController.java,44
com.diboot:diboot-tenant-spring-boot-starter,3.7.0,false,ClassOrInterfaceType,com.diboot.tenant.entity.IamTenant,IamTenant,C:\Users\tyin363\Documents\repos\dibo-software__diboot\rest-api-example\src\main\java\com\example\api\controller\iam\TenantController.java,69
JDK:java.base,N/A,false,MethodCallExpr,java.lang.Enum,name,C:\Users\tyin363\Documents\repos\dibo-software__diboot\rest-api-example\src\main\java\com\example\api\controller\iam\AuthTokenController.java,174
com.diboot:diboot-iam-spring-boot-starter,3.7.0,false,FieldAccessExpr,com.diboot.iam.annotation.OperationCons,CODE_READ,C:\Users\tyin363\Documents\repos\dibo-software__diboot\rest-api-example\src\main\java\com\example\api\controller\system\ScheduleJobController.java,64
com.baomidou:mybatis-plus-core,3.5.12,true,MethodCallExpr,com.baomidou.mybatisplus.core.conditions.query.QueryWrapper,lambda,C:\Users\tyin363\Documents\repos\dibo-software__diboot\rest-api-example\src\main\java\com\example\api\controller\iam\UserExcelController.java,106
com.diboot:diboot-iam-spring-boot-starter,3.7.0,false,FieldAccessExpr,com.diboot.iam.annotation.OperationCons,CODE_READ,C:\Users\tyin363\Documents\repos\dibo-software__diboot\rest-api-example\src\main\java\com\example\api\controller\system\FileRecordController.java,41
com.diboot:diboot-core,3.7.0,true,ClassOrInterfaceType,com.diboot.core.vo.Pagination,Pagination,C:\Users\tyin363\Documents\repos\dibo-software__diboot\rest-api-example\src\main\java\com\example\api\controller\system\AiSessionRecordController.java,73
com.diboot:diboot-iam-spring-boot-starter,3.7.0,false,FieldAccessExpr,com.diboot.iam.annotation.OperationCons,CODE_WRITE,C:\Users\tyin363\Documents\repos\dibo-software__diboot\rest-api-example\src\main\java\com\example\api\controller\iam\PositionController.java,105
com.baomidou:mybatis-plus-core,3.5.12,true,MethodCallExpr,com.baomidou.mybatisplus.core.conditions.query.LambdaQueryWrapper,select,C:\Users\tyin363\Documents\repos\dibo-software__diboot\rest-api-example\src\main\java\com\example\api\controller\iam\UserController.java,155
com.diboot:diboot-core,3.7.0,true,MethodCallExpr,com.diboot.core.vo.JsonResult,FAIL_VALIDATION,C:\Users\tyin363\Documents\repos\dibo-software__diboot\rest-api-example\src\main\java\com\example\api\controller\iam\UserController.java,274
com.diboot:diboot-iam-spring-boot-starter,3.7.0,false,ClassOrInterfaceType,com.diboot.iam.entity.IamAccount,IamAccount,C:\Users\tyin363\Documents\repos\dibo-software__diboot\rest-api-example\src\main\java\com\example\api\controller\iam\UserController.java,228
com.diboot:diboot-core,3.7.0,true,MethodCallExpr,com.diboot.core.controller.BaseController,loadRelatedData,C:\Users\tyin363\Documents\repos\dibo-software__diboot\rest-api-example\src\main\java\com\example\api\controller\CommonController.java,76
com.diboot:diboot-core,3.7.0,true,MethodCallExpr,com.diboot.core.controller.BaseCrudRestController,getViewObjectList,C:\Users\tyin363\Documents\repos\dibo-software__diboot\rest-api-example\src\main\java\com\example\api\controller\system\AiSessionRecordController.java,74
com.diboot:diboot-iam-spring-boot-starter,3.7.0,false,MethodCallExpr,com.diboot.iam.dto.PwdCredential,getCaptcha,C:\Users\tyin363\Documents\repos\dibo-software__diboot\rest-api-example\src\main\java\com\example\api\controller\iam\AuthTokenController.java,102
JDK:java.base,N/A,false,ClassOrInterfaceType,java.lang.String,String,C:\Users\tyin363\Documents\repos\dibo-software__diboot\rest-api-example\src\main\java\com\example\api\controller\system\ScheduleJobController.java,131
JDK:java.base,N/A,false,MethodCallExpr,java.lang.Throwable,getMessage,C:\Users\tyin363\Documents\repos\dibo-software__diboot\rest-api-example\src\main\java\com\example\api\controller\iam\AuthTokenController.java,131
com.diboot:diboot-iam-spring-boot-starter,3.7.0,false,ClassOrInterfaceType,com.diboot.iam.entity.IamLoginTrace,IamLoginTrace,C:\Users\tyin363\Documents\repos\dibo-software__diboot\rest-api-example\src\main\java\com\example\api\controller\iam\LoginTraceController.java,33
JDK:java.base,N/A,false,ClassOrInterfaceType,java.util.List,List,C:\Users\tyin363\Documents\repos\dibo-software__diboot\rest-api-example\src\main\java\com\example\api\controller\iam\UserExcelController.java,131
com.baomidou:mybatis-plus-core,3.5.12,true,MethodCallExpr,com.baomidou.mybatisplus.core.conditions.query.Query,select,C:\Users\tyin363\Documents\repos\dibo-software__diboot\rest-api-example\src\main\java\com\example\api\controller\system\DictionaryController.java,169
com.baomidou:mybatis-plus-core,3.5.12,true,MethodCallExpr,com.baomidou.mybatisplus.core.conditions.interfaces.Compare,ne,C:\Users\tyin363\Documents\repos\dibo-software__diboot\rest-api-example\src\main\java\com\example\api\controller\iam\GroupController.java,118
com.diboot:diboot-core,3.7.0,true,MethodCallExpr,com.diboot.core.vo.JsonResult,OK,C:\Users\tyin363\Documents\repos\dibo-software__diboot\rest-api-example\src\main\java\com\example\api\controller\iam\RoleController.java,79
com.diboot:diboot-core,3.7.0,true,ClassOrInterfaceType,com.diboot.core.vo.JsonResult,JsonResult,C:\Users\tyin363\Documents\repos\dibo-software__diboot\rest-api-example\src\main\java\com\example\api\controller\system\ScheduleJobController.java,54
JDK:java.base,N/A,false,MethodCallExpr,java.util.Map,get,C:\Users\tyin363\Documents\repos\dibo-software__diboot\rest-api-example\src\main\java\com\example\api\controller\iam\UserController.java,72
com.diboot:diboot-iam-spring-boot-starter,3.7.0,false,FieldAccessExpr,com.diboot.iam.annotation.OperationCons,CODE_WRITE,C:\Users\tyin363\Documents\repos\dibo-software__diboot\rest-api-example\src\main\java\com\example\api\controller\iam\TenantController.java,112
com.diboot:diboot-iam-spring-boot-starter,3.7.0,false,MethodCallExpr,com.diboot.iam.util.IamSecurityUtils,getCurrentUser,C:\Users\tyin363\Documents\repos\dibo-software__diboot\rest-api-example\src\main\java\com\example\api\controller\iam\AuthTokenController.java,159
jakarta.servlet:jakarta.servlet-api,6.0.0,true,MethodCallExpr,jakarta.servlet.http.HttpServletResponse,setDateHeader,C:\Users\tyin363\Documents\repos\dibo-software__diboot\rest-api-example\src\main\java\com\example\api\controller\iam\AuthTokenController.java,83
JDK:java.base,N/A,false,ClassOrInterfaceType,java.lang.String,String,C:\Users\tyin363\Documents\repos\dibo-software__diboot\rest-api-example\src\main\java\com\example\api\controller\system\DictionaryController.java,119
JDK:java.base,N/A,false,ClassOrInterfaceType,java.lang.Exception,Exception,C:\Users\tyin363\Documents\repos\dibo-software__diboot\rest-api-example\src\main\java\com\example\api\controller\system\FileController.java,82
JDK:java.base,N/A,false,ClassOrInterfaceType,java.util.List,List,C:\Users\tyin363\Documents\repos\dibo-software__diboot\rest-api-example\src\main\java\com\example\api\controller\system\SystemConfigController.java,117
com.diboot:diboot-iam-spring-boot-starter,3.7.0,false,FieldAccessExpr,com.diboot.iam.annotation.OperationCons,CODE_WRITE,C:\Users\tyin363\Documents\repos\dibo-software__diboot\rest-api-example\src\main\java\com\example\api\controller\iam\ResourceController.java,105
com.diboot:diboot-iam-spring-boot-starter,3.7.0,false,FieldAccessExpr,com.diboot.iam.annotation.OperationCons,CODE_READ,C:\Users\tyin363\Documents\repos\dibo-software__diboot\rest-api-example\src\main\java\com\example\api\controller\iam\TenantController.java,67
com.diboot:diboot-core,3.7.0,true,MethodCallExpr,com.diboot.core.vo.JsonResult,OK,C:\Users\tyin363\Documents\repos\dibo-software__diboot\rest-api-example\src\main\java\com\example\api\controller\iam\TenantController.java,155
com.diboot:diboot-iam-spring-boot-starter,3.7.0,false,ClassOrInterfaceType,com.diboot.iam.entity.IamAccount,IamAccount,C:\Users\tyin363\Documents\repos\dibo-software__diboot\rest-api-example\src\main\java\com\example\api\controller\iam\UserController.java,227
com.diboot:diboot-core,3.7.0,true,FieldAccessExpr,com.diboot.core.config.Cons,ID_PREVENT_NULL,C:\Users\tyin363\Documents\repos\dibo-software__diboot\rest-api-example\src\main\java\com\example\api\controller\system\DictionaryController.java,55
com.diboot:diboot-iam-spring-boot-starter,3.7.0,false,ClassOrInterfaceType,com.diboot.iam.entity.IamOperationLog,IamOperationLog,C:\Users\tyin363\Documents\repos\dibo-software__diboot\rest-api-example\src\main\java\com\example\api\controller\iam\OperationLogController.java,54
com.baomidou:mybatis-plus-core,3.5.12,true,ClassOrInterfaceType,com.baomidou.mybatisplus.core.conditions.query.LambdaQueryWrapper,LambdaQueryWrapper,C:\Users\tyin363\Documents\repos\dibo-software__diboot\rest-api-example\src\main\java\com\example\api\controller\iam\ResourceController.java,68
com.baomidou:mybatis-plus-core,3.5.12,true,MethodCallExpr,com.baomidou.mybatisplus.core.toolkit.Wrappers,lambdaQuery,C:\Users\tyin363\Documents\repos\dibo-software__diboot\rest-api-example\src\main\java\com\example\api\controller\iam\UserController.java,155
com.diboot:diboot-core,3.7.0,true,ClassOrInterfaceType,com.diboot.core.vo.JsonResult,JsonResult,C:\Users\tyin363\Documents\repos\dibo-software__diboot\rest-api-example\src\main\java\com\example\api\controller\CommonController.java,45
com.diboot:diboot-iam-spring-boot-starter,3.7.0,false,FieldAccessExpr,com.diboot.iam.annotation.OperationCons,CODE_WRITE,C:\Users\tyin363\Documents\repos\dibo-software__diboot\rest-api-example\src\main\java\com\example\api\controller\system\I18nConfigController.java,98
com.diboot:diboot-iam-spring-boot-starter,3.7.0,false,MethodCallExpr,com.diboot.iam.service.SystemConfigService,getConfigMapByCategory,C:\Users\tyin363\Documents\repos\dibo-software__diboot\rest-api-example\src\main\java\com\example\api\controller\system\SystemConfigController.java,146
JDK:java.base,N/A,false,ClassOrInterfaceType,java.lang.String,String,C:\Users\tyin363\Documents\repos\dibo-software__diboot\rest-api-example\src\main\java\com\example\api\controller\iam\TenantController.java,196
JDK:java.base,N/A,false,MethodCallExpr,java.util.Map,get,C:\Users\tyin363\Documents\repos\dibo-software__diboot\rest-api-example\src\main\java\com\example\api\controller\iam\UserController.java,73
com.diboot:diboot-core,3.7.0,true,MethodCallExpr,com.diboot.core.vo.LabelValue,getLabel,C:\Users\tyin363\Documents\repos\dibo-software__diboot\rest-api-example\src\main\java\com\example\api\controller\iam\UserExcelController.java,139
JDK:java.base,N/A,false,ClassOrInterfaceType,java.lang.Exception,Exception,C:\Users\tyin363\Documents\repos\dibo-software__diboot\rest-api-example\src\main\java\com\example\api\controller\iam\OperationLogController.java,42
com.diboot:diboot-iam-spring-boot-starter,3.7.0,false,FieldAccessExpr,com.diboot.iam.annotation.OperationCons,CODE_WRITE,C:\Users\tyin363\Documents\repos\dibo-software__diboot\rest-api-example\src\main\java\com\example\api\controller\system\MessageTemplateController.java,107
com.diboot:diboot-core,3.7.0,true,ClassOrInterfaceType,com.diboot.core.vo.JsonResult,JsonResult,C:\Users\tyin363\Documents\repos\dibo-software__diboot\rest-api-example\src\main\java\com\example\api\controller\system\AiSessionRecordController.java,73
com.diboot:diboot-core,3.7.0,true,MethodCallExpr,com.diboot.core.vo.Pagination,setOrderBy,C:\Users\tyin363\Documents\repos\dibo-software__diboot\rest-api-example\src\main\java\com\example\api\controller\iam\OperationLogController.java,44
com.diboot:diboot-core,3.7.0,true,ClassOrInterfaceType,com.diboot.core.entity.Dictionary,Dictionary,C:\Users\tyin363\Documents\repos\dibo-software__diboot\rest-api-example\src\main\java\com\example\api\controller\system\DictionaryController.java,168
com.diboot:diboot-core,3.7.0,true,ClassOrInterfaceType,com.diboot.core.entity.Dictionary,Dictionary,C:\Users\tyin363\Documents\repos\dibo-software__diboot\rest-api-example\src\main\java\com\example\api\controller\system\DictionaryController.java,36
com.diboot:diboot-iam-spring-boot-starter,3.7.0,false,ClassOrInterfaceType,com.diboot.iam.vo.IamClientVO,IamClientVO,C:\Users\tyin363\Documents\repos\dibo-software__diboot\rest-api-example\src\main\java\com\example\api\controller\iam\ClientController.java,49
JDK:java.base,N/A,false,ClassOrInterfaceType,java.util.Map,Map,C:\Users\tyin363\Documents\repos\dibo-software__diboot\rest-api-example\src\main\java\com\example\api\controller\iam\AuthTokenController.java,155
com.diboot:diboot-core,3.7.0,true,MethodCallExpr,com.diboot.core.vo.JsonResult,OK,C:\Users\tyin363\Documents\repos\dibo-software__diboot\rest-api-example\src\main\java\com\example\api\controller\iam\AuthTokenController.java,198
com.diboot:diboot-iam-spring-boot-starter,3.7.0,false,ClassOrInterfaceType,com.diboot.iam.entity.IamOperationLog,IamOperationLog,C:\Users\tyin363\Documents\repos\dibo-software__diboot\rest-api-example\src\main\java\com\example\api\controller\iam\OperationLogController.java,57
com.diboot:diboot-core,3.7.0,true,ClassOrInterfaceType,com.diboot.core.vo.JsonResult,JsonResult,C:\Users\tyin363\Documents\repos\dibo-software__diboot\rest-api-example\src\main\java\com\example\api\controller\iam\UserController.java,246
CLIENT:client-code,N/A,false,ClassOrInterfaceType,com.example.api.excel.model.UserImportModel,UserImportModel,C:\Users\tyin363\Documents\repos\dibo-software__diboot\rest-api-example\src\main\java\com\example\api\excel\listener\UserImportExcelListener.java,27
com.diboot:diboot-iam-spring-boot-starter,3.7.0,false,FieldAccessExpr,com.diboot.iam.annotation.OperationCons,LABEL_DETAIL,C:\Users\tyin363\Documents\repos\dibo-software__diboot\rest-api-example\src\main\java\com\example\api\controller\system\AiSessionController.java,81
JDK:java.base,N/A,false,ClassOrInterfaceType,java.util.ArrayList,ArrayList,C:\Users\tyin363\Documents\repos\dibo-software__diboot\rest-api-example\src\main\java\com\example\api\controller\system\AiSessionRecordController.java,110
com.diboot:diboot-core,3.7.0,true,ClassOrInterfaceType,com.diboot.core.vo.Pagination,Pagination,C:\Users\tyin363\Documents\repos\dibo-software__diboot\rest-api-example\src\main\java\com\example\api\controller\iam\RoleController.java,67
com.diboot:diboot-iam-spring-boot-starter,3.7.0,false,ClassOrInterfaceType,com.diboot.iam.service.IamUserService,IamUserService,C:\Users\tyin363\Documents\repos\dibo-software__diboot\rest-api-example\src\main\java\com\example\api\excel\listener\UserImportExcelListener.java,113
JDK:java.base,N/A,false,ClassOrInterfaceType,java.lang.String,String,C:\Users\tyin363\Documents\repos\dibo-software__diboot\rest-api-example\src\main\java\com\example\api\controller\iam\GroupController.java,87
com.diboot:diboot-iam-spring-boot-starter,3.7.0,false,MethodCallExpr,com.diboot.iam.entity.IamUser,setRealname,C:\Users\tyin363\Documents\repos\dibo-software__diboot\rest-api-example\src\main\java\com\example\api\controller\iam\UserController.java,203
com.diboot:diboot-iam-spring-boot-starter,3.7.0,false,MethodReferenceExpr,com.diboot.iam.sso.SSOManager,getAuthType,C:\Users\tyin363\Documents\repos\dibo-software__diboot\rest-api-example\src\main\java\com\example\api\controller\iam\SSOClientController.java,61
com.diboot:diboot-file-spring-boot-starter,3.7.0,false,ClassOrInterfaceType,com.diboot.file.entity.FileRecord,FileRecord,C:\Users\tyin363\Documents\repos\dibo-software__diboot\rest-api-example\src\main\java\com\example\api\controller\system\FileRecordController.java,29
com.diboot:diboot-iam-spring-boot-starter,3.7.0,false,ClassOrInterfaceType,com.diboot.iam.vo.IamClientVO,IamClientVO,C:\Users\tyin363\Documents\repos\dibo-software__diboot\rest-api-example\src\main\java\com\example\api\controller\iam\ClientController.java,48
com.diboot:diboot-iam-spring-boot-starter,3.7.0,false,FieldAccessExpr,com.diboot.iam.annotation.OperationCons,CODE_READ,C:\Users\tyin363\Documents\repos\dibo-software__diboot\rest-api-example\src\main\java\com\example\api\controller\iam\OrgController.java,55
com.diboot:diboot-core,3.7.0,true,MethodCallExpr,com.diboot.core.service.GeneralService,updateEntities,C:\Users\tyin363\Documents\repos\dibo-software__diboot\rest-api-example\src\main\java\com\example\api\controller\system\SystemConfigController.java,118
com.diboot:diboot-iam-spring-boot-starter,3.7.0,false,MethodCallExpr,com.diboot.iam.auth.AuthService,applyToken,C:\Users\tyin363\Documents\repos\dibo-software__diboot\rest-api-example\src\main\java\com\example\api\controller\iam\AuthTokenController.java,198
JDK:java.base,N/A,false,ClassOrInterfaceType,java.lang.Exception,Exception,C:\Users\tyin363\Documents\repos\dibo-software__diboot\rest-api-example\src\main\java\com\example\api\controller\iam\OrgController.java,102
JDK:java.base,N/A,false,ClassOrInterfaceType,java.lang.Exception,Exception,C:\Users\tyin363\Documents\repos\dibo-software__diboot\rest-api-example\src\main\java\com\example\api\controller\system\MessageController.java,69
com.diboot:diboot-iam-spring-boot-starter,3.7.0,false,FieldAccessExpr,com.diboot.iam.annotation.OperationCons,CODE_WRITE,C:\Users\tyin363\Documents\repos\dibo-software__diboot\rest-api-example\src\main\java\com\example\api\controller\iam\OrgController.java,100
com.diboot:diboot-core,3.7.0,true,MethodCallExpr,com.diboot.core.vo.JsonResult,OK,C:\Users\tyin363\Documents\repos\dibo-software__diboot\rest-api-example\src\main\java\com\example\api\controller\system\I18nConfigController.java,134
com.diboot:diboot-core,3.7.0,true,MethodCallExpr,com.diboot.core.vo.JsonResult,FAIL_VALIDATION,C:\Users\tyin363\Documents\repos\dibo-software__diboot\rest-api-example\src\main\java\com\example\api\controller\iam\UserController.java,270
JDK:java.base,N/A,false,ClassOrInterfaceType,java.lang.Exception,Exception,C:\Users\tyin363\Documents\repos\dibo-software__diboot\rest-api-example\src\main\java\com\example\api\controller\iam\UserExcelController.java,57
com.diboot:diboot-iam-spring-boot-starter,3.7.0,false,ClassOrInterfaceType,com.diboot.iam.entity.IamUser,IamUser,C:\Users\tyin363\Documents\repos\dibo-software__diboot\rest-api-example\src\main\java\com\example\api\controller\iam\UserExcelController.java,106
com.diboot:diboot-core,3.7.0,true,MethodCallExpr,com.diboot.core.controller.BaseCrudRestController,getViewObjectList,C:\Users\tyin363\Documents\repos\dibo-software__diboot\rest-api-example\src\main\java\com\example\api\controller\system\ScheduleJobController.java,55
com.diboot:diboot-iam-spring-boot-starter,3.7.0,false,FieldAccessExpr,com.diboot.iam.annotation.OperationCons,LABEL_DETAIL,C:\Users\tyin363\Documents\repos\dibo-software__diboot\rest-api-example\src\main\java\com\example\api\controller\system\AiSessionController.java,80
com.diboot:diboot-core,3.7.0,true,ClassOrInterfaceType,com.diboot.core.vo.Pagination,Pagination,C:\Users\tyin363\Documents\repos\dibo-software__diboot\rest-api-example\src\main\java\com\example\api\controller\system\DictionaryController.java,52
com.diboot:diboot-notification-spring-boot-starter,3.7.0,false,ClassOrInterfaceType,com.diboot.notification.vo.MessageTemplateListVO,MessageTemplateListVO,C:\Users\tyin363\Documents\repos\dibo-software__diboot\rest-api-example\src\main\java\com\example\api\controller\system\MessageTemplateController.java,54
com.diboot:diboot-core,3.7.0,true,ClassOrInterfaceType,com.diboot.core.vo.JsonResult,JsonResult,C:\Users\tyin363\Documents\repos\dibo-software__diboot\rest-api-example\src\main\java\com\example\api\controller\system\SystemConfigController.java,131
com.diboot:diboot-core,3.7.0,true,MethodCallExpr,com.diboot.core.service.BaseService,getEntity,C:\Users\tyin363\Documents\repos\dibo-software__diboot\rest-api-example\src\main\java\com\example\api\controller\iam\RoleController.java,197
JDK:java.base,N/A,false,ClassOrInterfaceType,java.lang.Exception,Exception,C:\Users\tyin363\Documents\repos\dibo-software__diboot\rest-api-example\src\main\java\com\example\api\controller\iam\UserController.java,170
JDK:java.base,N/A,false,ClassOrInterfaceType,java.util.Map,Map,C:\Users\tyin363\Documents\repos\dibo-software__diboot\rest-api-example\src\main\java\com\example\api\controller\iam\AuthTokenController.java,157
JDK:java.base,N/A,false,ClassOrInterfaceType,java.lang.String,String,C:\Users\tyin363\Documents\repos\dibo-software__diboot\rest-api-example\src\main\java\com\example\api\controller\iam\UserExcelController.java,80
com.diboot:diboot-iam-spring-boot-starter,3.7.0,false,FieldAccessExpr,com.diboot.iam.annotation.OperationCons,LABEL_UPDATE,C:\Users\tyin363\Documents\repos\dibo-software__diboot\rest-api-example\src\main\java\com\example\api\controller\iam\ResourceController.java,119
com.diboot:diboot-core,3.7.0,true,MethodCallExpr,com.diboot.core.service.DictionaryService,getLabelValueList,C:\Users\tyin363\Documents\repos\dibo-software__diboot\rest-api-example\src\main\java\com\example\api\controller\system\DictionaryController.java,139
com.diboot:diboot-core,3.7.0,true,MethodCallExpr,com.diboot.core.util.V,isEmpty,C:\Users\tyin363\Documents\repos\dibo-software__diboot\rest-api-example\src\main\java\com\example\api\controller\system\FileRecordController.java,45
JDK:java.base,N/A,false,ClassOrInterfaceType,java.lang.String,String,C:\Users\tyin363\Documents\repos\dibo-software__diboot\rest-api-example\src\main\java\com\example\api\controller\system\SystemConfigController.java,75
CLIENT:client-code,N/A,false,ClassOrInterfaceType,com.example.api.excel.model.UserImportModel,UserImportModel,C:\Users\tyin363\Documents\repos\dibo-software__diboot\rest-api-example\src\main\java\com\example\api\excel\listener\UserImportExcelListener.java,29
JDK:java.base,N/A,false,MethodCallExpr,java.util.stream.Collectors,toList,C:\Users\tyin363\Documents\repos\dibo-software__diboot\rest-api-example\src\main\java\com\example\api\excel\listener\UserImportExcelListener.java,64
com.diboot:diboot-core,3.7.0,true,MethodCallExpr,com.diboot.core.service.BaseService,createOrUpdateN2NRelations,C:\Users\tyin363\Documents\repos\dibo-software__diboot\rest-api-example\src\main\java\com\example\api\controller\iam\TenantController.java,224
com.diboot:diboot-iam-spring-boot-starter,3.7.0,false,ClassOrInterfaceType,com.diboot.iam.entity.IamUser,IamUser,C:\Users\tyin363\Documents\repos\dibo-software__diboot\rest-api-example\src\main\java\com\example\api\controller\iam\UserExcelController.java,105
com.diboot:diboot-core,3.7.0,true,MethodCallExpr,com.diboot.core.util.V,isEmpty,C:\Users\tyin363\Documents\repos\dibo-software__diboot\rest-api-example\src\main\java\com\example\api\controller\system\I18nConfigController.java,126
com.diboot:diboot-core,3.7.0,true,MethodCallExpr,com.diboot.core.service.BaseService,getViewObjectList,C:\Users\tyin363\Documents\repos\dibo-software__diboot\rest-api-example\src\main\java\com\example\api\controller\iam\UserExcelController.java,107
com.diboot:diboot-core,3.7.0,true,ClassOrInterfaceType,com.diboot.core.vo.Pagination,Pagination,C:\Users\tyin363\Documents\repos\dibo-software__diboot\rest-api-example\src\main\java\com\example\api\controller\iam\OrgController.java,57
JDK:java.base,N/A,false,MethodCallExpr,java.lang.Enum,name,C:\Users\tyin363\Documents\repos\dibo-software__diboot\rest-api-example\src\main\java\com\example\api\controller\iam\ResourceController.java,175
JDK:java.base,N/A,false,ClassOrInterfaceType,java.lang.String,String,C:\Users\tyin363\Documents\repos\dibo-software__diboot\rest-api-example\src\main\java\com\example\api\controller\system\AiSessionRecordController.java,144
JDK:java.base,N/A,false,ClassOrInterfaceType,java.lang.String,String,C:\Users\tyin363\Documents\repos\dibo-software__diboot\rest-api-example\src\main\java\com\example\api\controller\system\I18nConfigController.java,53
JDK:java.base,N/A,false,ClassOrInterfaceType,java.util.List,List,C:\Users\tyin363\Documents\repos\dibo-software__diboot\rest-api-example\src\main\java\com\example\api\controller\iam\SSOClientController.java,60
com.diboot:diboot-core,3.7.0,true,MethodCallExpr,com.diboot.core.vo.JsonResult,FAIL_VALIDATION,C:\Users\tyin363\Documents\repos\dibo-software__diboot\rest-api-example\src\main\java\com\example\api\controller\system\I18nConfigController.java,132
CLIENT:client-code,N/A,false,ClassOrInterfaceType,com.example.api.excel.model.UserImportModel,UserImportModel,C:\Users\tyin363\Documents\repos\dibo-software__diboot\rest-api-example\src\main\java\com\example\api\excel\listener\UserImportExcelListener.java,28
com.diboot:diboot-core,3.7.0,true,ClassOrInterfaceType,com.diboot.core.dto.SortParamDTO,SortParamDTO,C:\Users\tyin363\Documents\repos\dibo-software__diboot\rest-api-example\src\main\java\com\example\api\controller\iam\ResourceController.java,149
com.diboot:diboot-iam-spring-boot-starter,3.7.0,false,MethodCallExpr,com.diboot.iam.service.SystemConfigService,findConfigValue,C:\Users\tyin363\Documents\repos\dibo-software__diboot\rest-api-example\src\main\java\com\example\api\controller\system\SystemConfigController.java,148
JDK:java.base,N/A,false,MethodCallExpr,java.util.Comparator,nullsFirst,C:\Users\tyin363\Documents\repos\dibo-software__diboot\rest-api-example\src\main\java\com\example\api\controller\iam\ResourceController.java,81
com.diboot:diboot-core,3.7.0,true,ClassOrInterfaceType,com.diboot.core.controller.BaseController,BaseController,C:\Users\tyin363\Documents\repos\dibo-software__diboot\rest-api-example\src\main\java\com\example\api\controller\iam\AuthTokenController.java,58
com.diboot:diboot-core,3.7.0,true,ClassOrInterfaceType,com.diboot.core.vo.Pagination,Pagination,C:\Users\tyin363\Documents\repos\dibo-software__diboot\rest-api-example\src\main\java\com\example\api\controller\iam\LoginTraceController.java,47
com.diboot:diboot-iam-spring-boot-starter,3.7.0,false,MethodCallExpr,com.diboot.iam.util.IamSecurityUtils,getCurrentUserId,C:\Users\tyin363\Documents\repos\dibo-software__diboot\rest-api-example\src\main\java\com\example\api\controller\iam\UserController.java,202
JDK:java.base,N/A,false,ClassOrInterfaceType,java.lang.Exception,Exception,C:\Users\tyin363\Documents\repos\dibo-software__diboot\rest-api-example\src\main\java\com\example\api\controller\iam\TenantController.java,114
com.diboot:diboot-core,3.7.0,true,MethodCallExpr,com.diboot.core.controller.BaseCrudRestController,deleteEntity,C:\Users\tyin363\Documents\repos\dibo-software__diboot\rest-api-example\src\main\java\com\example\api\controller\system\ScheduleJobController.java,132
JDK:java.base,N/A,false,MethodCallExpr,java.util.Locale,getLanguage,C:\Users\tyin363\Documents\repos\dibo-software__diboot\rest-api-example\src\main\java\com\example\api\controller\system\I18nConfigController.java,57
JDK:java.base,N/A,false,ClassOrInterfaceType,java.lang.String,String,C:\Users\tyin363\Documents\repos\dibo-software__diboot\rest-api-example\src\main\java\com\example\api\controller\CommonController.java,46
com.baomidou:mybatis-plus-core,3.5.12,true,ClassOrInterfaceType,com.baomidou.mybatisplus.core.conditions.query.LambdaQueryWrapper,LambdaQueryWrapper,C:\Users\tyin363\Documents\repos\dibo-software__diboot\rest-api-example\src\main\java\com\example\api\controller\iam\ResourceController.java,77
com.diboot:diboot-core,3.7.0,true,MethodCallExpr,com.diboot.core.controller.BaseCrudRestController,getViewObject,C:\Users\tyin363\Documents\repos\dibo-software__diboot\rest-api-example\src\main\java\com\example\api\controller\system\MessageTemplateController.java,68
com.diboot:diboot-core,3.7.0,true,ClassOrInterfaceType,com.diboot.core.vo.JsonResult,JsonResult,C:\Users\tyin363\Documents\repos\dibo-software__diboot\rest-api-example\src\main\java\com\example\api\controller\iam\OrgController.java,88
com.diboot:diboot-file-spring-boot-starter,3.7.0,false,MethodCallExpr,com.diboot.file.util.ExcelHelper,exportExcel,C:\Users\tyin363\Documents\repos\dibo-software__diboot\rest-api-example\src\main\java\com\example\api\controller\iam\UserExcelController.java,59
JDK:java.base,N/A,false,ClassOrInterfaceType,java.lang.String,String,C:\Users\tyin363\Documents\repos\dibo-software__diboot\rest-api-example\src\main\java\com\example\api\excel\listener\UserImportExcelListener.java,94
com.diboot:diboot-iam-spring-boot-starter,3.7.0,false,FieldAccessExpr,com.diboot.iam.annotation.OperationCons,LABEL_DETAIL,C:\Users\tyin363\Documents\repos\dibo-software__diboot\rest-api-example\src\main\java\com\example\api\controller\system\I18nConfigController.java,84
org.apache.shiro:shiro-core,2.0.2,true,MethodCallExpr,org.apache.shiro.subject.Subject,checkPermission,C:\Users\tyin363\Documents\repos\dibo-software__diboot\rest-api-example\src\main\java\com\example\api\controller\CommonController.java,92
com.diboot:diboot-core,3.7.0,true,MethodCallExpr,com.diboot.core.vo.JsonResult,FAIL_VALIDATION,C:\Users\tyin363\Documents\repos\dibo-software__diboot\rest-api-example\src\main\java\com\example\api\controller\system\FileController.java,57
com.diboot:diboot-core,3.7.0,true,ClassOrInterfaceType,com.diboot.core.entity.I18nConfig,I18nConfig,C:\Users\tyin363\Documents\repos\dibo-software__diboot\rest-api-example\src\main\java\com\example\api\controller\system\I18nConfigController.java,57
com.diboot:diboot-ai-spring-boot-starter,3.7.0,false,ClassOrInterfaceType,com.diboot.ai.entity.AiSessionRecord,AiSessionRecord,C:\Users\tyin363\Documents\repos\dibo-software__diboot\rest-api-example\src\main\java\com\example\api\controller\system\AiSessionController.java,66
JDK:java.base,N/A,false,ClassOrInterfaceType,java.lang.String,String,C:\Users\tyin363\Documents\repos\dibo-software__diboot\rest-api-example\src\main\java\com\example\api\controller\iam\UserController.java,153
com.diboot:diboot-core,3.7.0,true,MethodCallExpr,com.diboot.core.service.GeneralService,updateEntity,C:\Users\tyin363\Documents\repos\dibo-software__diboot\rest-api-example\src\main\java\com\example\api\controller\iam\UserController.java,208
JDK:java.base,N/A,false,ClassOrInterfaceType,java.lang.String,String,C:\Users\tyin363\Documents\repos\dibo-software__diboot\rest-api-example\src\main\java\com\example\api\controller\CommonController.java,47
JDK:java.base,N/A,false,ClassOrInterfaceType,java.lang.String,String,C:\Users\tyin363\Documents\repos\dibo-software__diboot\rest-api-example\src\main\java\com\example\api\controller\iam\LoginTraceController.java,72
com.diboot:diboot-core,3.7.0,true,ClassOrInterfaceType,com.diboot.core.vo.JsonResult,JsonResult,C:\Users\tyin363\Documents\repos\dibo-software__diboot\rest-api-example\src\main\java\com\example\api\controller\iam\AuthTokenController.java,218
JDK:java.base,N/A,false,ClassOrInterfaceType,java.lang.String,String,C:\Users\tyin363\Documents\repos\dibo-software__diboot\rest-api-example\src\main\java\com\example\api\controller\system\ScheduleJobController.java,103
com.diboot:diboot-iam-spring-boot-starter,3.7.0,false,MethodCallExpr,com.diboot.iam.util.TokenUtils,getRequestToken,C:\Users\tyin363\Documents\repos\dibo-software__diboot\rest-api-example\src\main\java\com\example\api\controller\iam\AuthTokenController.java,144
com.diboot:diboot-ai-spring-boot-starter,3.7.0,false,ClassOrInterfaceType,com.diboot.ai.entity.AiSessionRecord,AiSessionRecord,C:\Users\tyin363\Documents\repos\dibo-software__diboot\rest-api-example\src\main\java\com\example\api\controller\system\AiSessionController.java,67
com.diboot:diboot-core,3.7.0,true,ClassOrInterfaceType,com.diboot.core.entity.I18nConfig,I18nConfig,C:\Users\tyin363\Documents\repos\dibo-software__diboot\rest-api-example\src\main\java\com\example\api\controller\system\I18nConfigController.java,58
com.diboot:diboot-iam-spring-boot-starter,3.7.0,false,FieldAccessExpr,com.diboot.iam.annotation.OperationCons,CODE_WRITE,C:\Users\tyin363\Documents\repos\dibo-software__diboot\rest-api-example\src\main\java\com\example\api\controller\system\SystemConfigController.java,87
JDK:java.base,N/A,false,MethodCallExpr,java.util.List,get,C:\Users\tyin363\Documents\repos\dibo-software__diboot\rest-api-example\src\main\java\com\example\api\excel\listener\UserImportExcelListener.java,76
com.diboot:diboot-core,3.7.0,true,MethodCallExpr,com.diboot.core.vo.JsonResult,OK,C:\Users\tyin363\Documents\repos\dibo-software__diboot\rest-api-example\src\main\java\com\example\api\controller\iam\UserController.java,112
com.diboot:diboot-scheduler-spring-boot-starter,3.7.0,false,ClassOrInterfaceType,com.diboot.scheduler.entity.ScheduleJob,ScheduleJob,C:\Users\tyin363\Documents\repos\dibo-software__diboot\rest-api-example\src\main\java\com\example\api\controller\system\ScheduleJobController.java,54
com.diboot:diboot-file-spring-boot-starter,3.7.0,false,MethodCallExpr,com.diboot.file.excel.BaseExcelModel,addComment,C:\Users\tyin363\Documents\repos\dibo-software__diboot\rest-api-example\src\main\java\com\example\api\excel\listener\UserImportExcelListener.java,60
com.baomidou:mybatis-plus-core,3.5.12,true,MethodCallExpr,com.baomidou.mybatisplus.core.conditions.interfaces.Compare,eq,C:\Users\tyin363\Documents\repos\dibo-software__diboot\rest-api-example\src\main\java\com\example\api\controller\iam\UserController.java,173
com.baomidou:mybatis-plus-core,3.5.12,true,MethodCallExpr,com.baomidou.mybatisplus.core.toolkit.Wrappers,lambdaQuery,C:\Users\tyin363\Documents\repos\dibo-software__diboot\rest-api-example\src\main\java\com\example\api\excel\listener\UserImportExcelListener.java,72
JDK:java.base,N/A,false,MethodCallExpr,java.lang.Class,getSimpleName,C:\Users\tyin363\Documents\repos\dibo-software__diboot\rest-api-example\src\main\java\com\example\api\controller\iam\OperationLogController.java,54
com.diboot:diboot-iam-spring-boot-starter,3.7.0,false,ClassOrInterfaceType,com.diboot.iam.entity.IamUser,IamUser,C:\Users\tyin363\Documents\repos\dibo-software__diboot\rest-api-example\src\main\java\com\example\api\controller\iam\UserController.java,77
JDK:java.base,N/A,false,ClassOrInterfaceType,java.lang.String,String,C:\Users\tyin363\Documents\repos\dibo-software__diboot\rest-api-example\src\main\java\com\example\api\controller\iam\OrgController.java,167
com.diboot:diboot-iam-spring-boot-starter,3.7.0,false,ClassOrInterfaceType,com.diboot.iam.service.IamUserRoleService,IamUserRoleService,C:\Users\tyin363\Documents\repos\dibo-software__diboot\rest-api-example\src\main\java\com\example\api\controller\iam\RoleController.java,50
JDK:java.base,N/A,false,ClassOrInterfaceType,java.lang.Exception,Exception,C:\Users\tyin363\Documents\repos\dibo-software__diboot\rest-api-example\src\main\java\com\example\api\controller\system\MessageTemplateController.java,53
com.diboot:diboot-iam-spring-boot-starter,3.7.0,false,FieldAccessExpr,com.diboot.iam.annotation.OperationCons,LABEL_DETAIL,C:\Users\tyin363\Documents\repos\dibo-software__diboot\rest-api-example\src\main\java\com\example\api\controller\iam\ClientController.java,59
com.diboot:diboot-iam-spring-boot-starter,3.7.0,false,FieldAccessExpr,com.diboot.iam.annotation.OperationCons,LABEL_LIST,C:\Users\tyin363\Documents\repos\dibo-software__diboot\rest-api-example\src\main\java\com\example\api\controller\iam\ResourceController.java,55
com.diboot:diboot-core,3.7.0,true,ClassOrInterfaceType,com.diboot.core.entity.I18nConfig,I18nConfig,C:\Users\tyin363\Documents\repos\dibo-software__diboot\rest-api-example\src\main\java\com\example\api\controller\system\I18nConfigController.java,59
com.diboot:diboot-core,3.7.0,true,MethodCallExpr,com.diboot.core.service.BaseService,deleteEntity,C:\Users\tyin363\Documents\repos\dibo-software__diboot\rest-api-example\src\main\java\com\example\api\controller\system\ScheduleJobController.java,194
com.diboot:diboot-ai-spring-boot-starter,3.7.0,false,ClassOrInterfaceType,com.diboot.ai.common.AiMessage,AiMessage,C:\Users\tyin363\Documents\repos\dibo-software__diboot\rest-api-example\src\main\java\com\example\api\controller\system\AiSessionRecordController.java,196
com.diboot:diboot-iam-spring-boot-starter,3.7.0,false,MethodCallExpr,com.diboot.iam.service.IamUserService,createUserRelatedInfo,C:\Users\tyin363\Documents\repos\dibo-software__diboot\rest-api-example\src\main\java\com\example\api\controller\iam\UserController.java,111
com.diboot:diboot-iam-spring-boot-starter,3.7.0,false,ClassOrInterfaceType,com.diboot.iam.entity.IamResource,IamResource,C:\Users\tyin363\Documents\repos\dibo-software__diboot\rest-api-example\src\main\java\com\example\api\controller\iam\ResourceController.java,70
com.diboot:diboot-core,3.7.0,true,ClassOrInterfaceType,com.diboot.core.vo.JsonResult,JsonResult,C:\Users\tyin363\Documents\repos\dibo-software__diboot\rest-api-example\src\main\java\com\example\api\controller\system\MessageTemplateController.java,140
com.baomidou:mybatis-plus-core,3.5.12,true,MethodCallExpr,com.baomidou.mybatisplus.core.conditions.query.QueryWrapper,lambda,C:\Users\tyin363\Documents\repos\dibo-software__diboot\rest-api-example\src\main\java\com\example\api\controller\iam\OperationLogController.java,57
com.diboot:diboot-core,3.7.0,true,ClassOrInterfaceType,com.diboot.core.vo.JsonResult,JsonResult,C:\Users\tyin363\Documents\repos\dibo-software__diboot\rest-api-example\src\main\java\com\example\api\controller\system\AiSessionController.java,129
com.diboot:diboot-core,3.7.0,true,ClassOrInterfaceType,com.diboot.core.vo.JsonResult,JsonResult,C:\Users\tyin363\Documents\repos\dibo-software__diboot\rest-api-example\src\main\java\com\example\api\controller\system\MessageController.java,69
JDK:java.base,N/A,false,MethodCallExpr,java.util.List,add,C:\Users\tyin363\Documents\repos\dibo-software__diboot\rest-api-example\src\main\java\com\example\api\controller\system\FileController.java,81
com.diboot:diboot-core,3.7.0,true,MethodCallExpr,com.diboot.core.service.BaseService,exists,C:\Users\tyin363\Documents\repos\dibo-software__diboot\rest-api-example\src\main\java\com\example\api\controller\iam\PositionController.java,144
com.diboot:diboot-iam-spring-boot-starter,3.7.0,false,ClassOrInterfaceType,com.diboot.iam.entity.IamResource,IamResource,C:\Users\tyin363\Documents\repos\dibo-software__diboot\rest-api-example\src\main\java\com\example\api\controller\iam\TenantController.java,195
com.diboot:diboot-file-spring-boot-starter,3.7.0,false,ClassOrInterfaceType,com.diboot.file.excel.BaseExcelModel,BaseExcelModel,C:\Users\tyin363\Documents\repos\dibo-software__diboot\rest-api-example\src\main\java\com\example\api\excel\model\UserImportModel.java,32
JDK:java.base,N/A,false,ClassOrInterfaceType,java.lang.String,String,C:\Users\tyin363\Documents\repos\dibo-software__diboot\rest-api-example\src\main\java\com\example\api\controller\CommonController.java,45
com.diboot:diboot-ai-spring-boot-starter,3.7.0,false,MethodCallExpr,com.diboot.ai.common.AiMessage,setContent,C:\Users\tyin363\Documents\repos\dibo-software__diboot\rest-api-example\src\main\java\com\example\api\controller\system\AiSessionRecordController.java,161
JDK:java.base,N/A,false,ClassOrInterfaceType,java.lang.String,String,C:\Users\tyin363\Documents\repos\dibo-software__diboot\rest-api-example\src\main\java\com\example\api\excel\model\UserExportModel.java,32
com.diboot:diboot-core,3.7.0,true,ClassOrInterfaceType,com.diboot.core.exception.BusinessException,BusinessException,C:\Users\tyin363\Documents\repos\dibo-software__diboot\rest-api-example\src\main\java\com\example\api\controller\iam\AuthTokenController.java,132
com.diboot:diboot-iam-spring-boot-starter,3.7.0,false,FieldAccessExpr,com.diboot.iam.annotation.OperationCons,CODE_READ,C:\Users\tyin363\Documents\repos\dibo-software__diboot\rest-api-example\src\main\java\com\example\api\controller\system\SystemConfigController.java,56
JDK:java.base,N/A,false,MethodCallExpr,java.util.List,indexOf,C:\Users\tyin363\Documents\repos\dibo-software__diboot\rest-api-example\src\main\java\com\example\api\excel\listener\UserImportExcelListener.java,60
com.diboot:diboot-iam-spring-boot-starter,3.7.0,false,FieldAccessExpr,com.diboot.iam.annotation.OperationCons,LABEL_DETAIL,C:\Users\tyin363\Documents\repos\dibo-software__diboot\rest-api-example\src\main\java\com\example\api\controller\iam\ClientController.java,60
com.diboot:diboot-core,3.7.0,true,ClassOrInterfaceType,com.diboot.core.vo.I18nConfigVO,I18nConfigVO,C:\Users\tyin363\Documents\repos\dibo-software__diboot\rest-api-example\src\main\java\com\example\api\controller\system\I18nConfigController.java,73
com.diboot:diboot-core,3.7.0,true,ClassOrInterfaceType,com.diboot.core.vo.JsonResult,JsonResult,C:\Users\tyin363\Documents\repos\dibo-software__diboot\rest-api-example\src\main\java\com\example\api\controller\iam\TenantController.java,130
CLIENT:client-code,N/A,false,ClassOrInterfaceType,com.example.api.excel.model.UserExportModel,UserExportModel,C:\Users\tyin363\Documents\repos\dibo-software__diboot\rest-api-example\src\main\java\com\example\api\controller\iam\UserExcelController.java,135
com.diboot:diboot-iam-spring-boot-starter,3.7.0,false,FieldAccessExpr,com.diboot.iam.annotation.OperationCons,LABEL_LIST,C:\Users\tyin363\Documents\repos\dibo-software__diboot\rest-api-example\src\main\java\com\example\api\controller\system\FileRecordController.java,40
com.diboot:diboot-ai-spring-boot-starter,3.7.0,false,ClassOrInterfaceType,com.diboot.ai.common.AiMessage,AiMessage,C:\Users\tyin363\Documents\repos\dibo-software__diboot\rest-api-example\src\main\java\com\example\api\controller\system\AiSessionRecordController.java,195
com.diboot:diboot-core,3.7.0,true,FieldAccessExpr,com.diboot.core.config.Cons,TREE_ROOT_ID,C:\Users\tyin363\Documents\repos\dibo-software__diboot\rest-api-example\src\main\java\com\example\api\controller\iam\TenantController.java,198
com.diboot:diboot-iam-spring-boot-starter,3.7.0,false,ClassOrInterfaceType,com.diboot.iam.entity.IamAccount,IamAccount,C:\Users\tyin363\Documents\repos\dibo-software__diboot\rest-api-example\src\main\java\com\example\api\excel\listener\UserImportExcelListener.java,96
com.diboot:diboot-iam-spring-boot-starter,3.7.0,false,FieldAccessExpr,com.diboot.iam.annotation.OperationCons,LABEL_LIST,C:\Users\tyin363\Documents\repos\dibo-software__diboot\rest-api-example\src\main\java\com\example\api\controller\system\AiSessionController.java,46
com.diboot:diboot-iam-spring-boot-starter,3.7.0,false,MethodReferenceExpr,com.diboot.iam.entity.SystemConfig,getPropKey,C:\Users\tyin363\Documents\repos\dibo-software__diboot\rest-api-example\src\main\java\com\example\api\controller\system\SystemConfigController.java,166
com.diboot:diboot-core,3.7.0,true,MethodCallExpr,com.diboot.core.util.V,notEmpty,C:\Users\tyin363\Documents\repos\dibo-software__diboot\rest-api-example\src\main\java\com\example\api\controller\system\DictionaryController.java,167
org.springframework.boot:spring-boot,3.5.3,true,MethodCallExpr,org.springframework.boot.SpringApplication,run,C:\Users\tyin363\Documents\repos\dibo-software__diboot\rest-api-example\src\main\java\com\example\api\DemoStartupApplication.java,10
com.diboot:diboot-ai-spring-boot-starter,3.7.0,false,ClassOrInterfaceType,com.diboot.ai.common.response.AiChoice,AiChoice,C:\Users\tyin363\Documents\repos\dibo-software__diboot\rest-api-example\src\main\java\com\example\api\controller\system\AiSessionRecordController.java,160
com.diboot:diboot-core,3.7.0,true,MethodCallExpr,com.diboot.core.controller.BaseCrudRestController,getViewObjectList,C:\Users\tyin363\Documents\repos\dibo-software__diboot\rest-api-example\src\main\java\com\example\api\controller\iam\ClientController.java,49
com.diboot:diboot-iam-spring-boot-starter,3.7.0,false,ClassOrInterfaceType,com.diboot.iam.entity.IamAccount,IamAccount,C:\Users\tyin363\Documents\repos\dibo-software__diboot\rest-api-example\src\main\java\com\example\api\controller\iam\UserController.java,226
com.diboot:diboot-iam-spring-boot-starter,3.7.0,false,FieldAccessExpr,com.diboot.iam.annotation.OperationCons,LABEL_LIST,C:\Users\tyin363\Documents\repos\dibo-software__diboot\rest-api-example\src\main\java\com\example\api\controller\system\AiSessionController.java,45
JDK:java.base,N/A,false,ClassOrInterfaceType,java.lang.String,String,C:\Users\tyin363\Documents\repos\dibo-software__diboot\rest-api-example\src\main\java\com\example\api\excel\listener\UserImportExcelListener.java,90
JDK:java.base,N/A,false,ClassOrInterfaceType,java.lang.Exception,Exception,C:\Users\tyin363\Documents\repos\dibo-software__diboot\rest-api-example\src\main\java\com\example\api\controller\iam\UserExcelController.java,80
com.diboot:diboot-iam-spring-boot-starter,3.7.0,false,FieldAccessExpr,com.diboot.iam.annotation.OperationCons,LABEL_CREATE,C:\Users\tyin363\Documents\repos\dibo-software__diboot\rest-api-example\src\main\java\com\example\api\controller\iam\GroupController.java,71
com.diboot:diboot-notification-spring-boot-starter,3.7.0,false,ClassOrInterfaceType,com.diboot.notification.vo.MessageListVO,MessageListVO,C:\Users\tyin363\Documents\repos\dibo-software__diboot\rest-api-example\src\main\java\com\example\api\controller\system\MessageController.java,56
com.baomidou:mybatis-plus-core,3.5.12,true,ClassOrInterfaceType,com.baomidou.mybatisplus.core.conditions.query.LambdaQueryWrapper,LambdaQueryWrapper,C:\Users\tyin363\Documents\repos\dibo-software__diboot\rest-api-example\src\main\java\com\example\api\controller\system\I18nConfigController.java,129
com.diboot:diboot-iam-spring-boot-starter,3.7.0,false,ClassOrInterfaceType,com.diboot.iam.entity.IamResource,IamResource,C:\Users\tyin363\Documents\repos\dibo-software__diboot\rest-api-example\src\main\java\com\example\api\controller\iam\ResourceController.java,68
CLIENT:client-code,N/A,false,ObjectCreationExpr,com.example.api.excel.listener.UserImportExcelListener,UserImportExcelListener,C:\Users\tyin363\Documents\repos\dibo-software__diboot\rest-api-example\src\main\java\com\example\api\controller\iam\UserExcelController.java,147
com.diboot:diboot-scheduler-spring-boot-starter,3.7.0,false,ClassOrInterfaceType,com.diboot.scheduler.vo.ScheduleJobVO,ScheduleJobVO,C:\Users\tyin363\Documents\repos\dibo-software__diboot\rest-api-example\src\main\java\com\example\api\controller\system\ScheduleJobController.java,67
JDK:java.base,N/A,false,ClassOrInterfaceType,java.lang.String,String,C:\Users\tyin363\Documents\repos\dibo-software__diboot\rest-api-example\src\main\java\com\example\api\controller\system\FileController.java,106
com.diboot:diboot-iam-spring-boot-starter,3.7.0,false,FieldAccessExpr,com.diboot.iam.annotation.OperationCons,LABEL_LIST,C:\Users\tyin363\Documents\repos\dibo-software__diboot\rest-api-example\src\main\java\com\example\api\controller\system\FileRecordController.java,41
com.diboot:diboot-core,3.7.0,true,MethodCallExpr,com.diboot.core.vo.JsonResult,OK,C:\Users\tyin363\Documents\repos\dibo-software__diboot\rest-api-example\src\main\java\com\example\api\controller\system\DictionaryController.java,155
com.diboot:diboot-iam-spring-boot-starter,3.7.0,false,FieldAccessExpr,com.diboot.iam.annotation.OperationCons,LABEL_DETAIL,C:\Users\tyin363\Documents\repos\dibo-software__diboot\rest-api-example\src\main\java\com\example\api\controller\iam\UserController.java,94
JDK:java.base,N/A,false,ClassOrInterfaceType,java.lang.String,String,C:\Users\tyin363\Documents\repos\dibo-software__diboot\rest-api-example\src\main\java\com\example\api\controller\iam\ClientController.java,120
com.diboot:diboot-file-spring-boot-starter,3.7.0,false,MethodCallExpr,com.diboot.file.entity.FileRecord,getFileType,C:\Users\tyin363\Documents\repos\dibo-software__diboot\rest-api-example\src\main\java\com\example\api\controller\system\FileController.java,137
JDK:java.base,N/A,false,ClassOrInterfaceType,java.lang.Exception,Exception,C:\Users\tyin363\Documents\repos\dibo-software__diboot\rest-api-example\src\main\java\com\example\api\controller\system\ScheduleJobController.java,66
com.diboot:diboot-iam-spring-boot-starter,3.7.0,false,MethodCallExpr,com.diboot.iam.entity.IamAccount,setUserType,C:\Users\tyin363\Documents\repos\dibo-software__diboot\rest-api-example\src\main\java\com\example\api\job\CasUserSyncJob.java,56
JDK:java.base,N/A,false,ClassOrInterfaceType,java.lang.String,String,C:\Users\tyin363\Documents\repos\dibo-software__diboot\rest-api-example\src\main\java\com\example\api\controller\iam\TenantController.java,211
com.diboot:diboot-iam-spring-boot-starter,3.7.0,false,ClassOrInterfaceType,com.diboot.iam.service.IamPositionService,IamPositionService,C:\Users\tyin363\Documents\repos\dibo-software__diboot\rest-api-example\src\main\java\com\example\api\controller\iam\PositionController.java,38
com.diboot:diboot-core,3.7.0,true,MethodReferenceExpr,com.diboot.core.entity.I18nConfig,getContent,C:\Users\tyin363\Documents\repos\dibo-software__diboot\rest-api-example\src\main\java\com\example\api\controller\system\I18nConfigController.java,59
JDK:java.base,N/A,false,ClassOrInterfaceType,java.util.ArrayList,ArrayList,C:\Users\tyin363\Documents\repos\dibo-software__diboot\rest-api-example\src\main\java\com\example\api\controller\iam\UserExcelController.java,135
com.diboot:diboot-core,3.7.0,true,MethodCallExpr,com.diboot.core.vo.Pagination,setOrderBy,C:\Users\tyin363\Documents\repos\dibo-software__diboot\rest-api-example\src\main\java\com\example\api\controller\system\ScheduleJobController.java,159
com.diboot:diboot-core,3.7.0,true,MethodCallExpr,com.diboot.core.service.GeneralService,createEntities,C:\Users\tyin363\Documents\repos\dibo-software__diboot\rest-api-example\src\main\java\com\example\api\excel\listener\UserImportExcelListener.java,113
com.diboot:diboot-iam-spring-boot-starter,3.7.0,false,FieldAccessExpr,com.diboot.iam.annotation.OperationCons,LABEL_LIST,C:\Users\tyin363\Documents\repos\dibo-software__diboot\rest-api-example\src\main\java\com\example\api\controller\iam\ResourceController.java,54
com.diboot:diboot-iam-spring-boot-starter,3.7.0,false,ClassOrInterfaceType,com.diboot.iam.entity.IamResource,IamResource,C:\Users\tyin363\Documents\repos\dibo-software__diboot\rest-api-example\src\main\java\com\example\api\controller\iam\ResourceController.java,69
com.diboot:diboot-iam-spring-boot-starter,3.7.0,false,ClassOrInterfaceType,com.diboot.iam.service.IamUserService,IamUserService,C:\Users\tyin363\Documents\repos\dibo-software__diboot\rest-api-example\src\main\java\com\example\api\controller\iam\UserController.java,48
CLIENT:client-code,N/A,false,ClassOrInterfaceType,com.example.api.excel.model.UserExportModel,UserExportModel,C:\Users\tyin363\Documents\repos\dibo-software__diboot\rest-api-example\src\main\java\com\example\api\controller\iam\UserExcelController.java,137
com.diboot:diboot-iam-spring-boot-starter,3.7.0,false,ClassOrInterfaceType,com.diboot.iam.service.IamRoleResourceService,IamRoleResourceService,C:\Users\tyin363\Documents\repos\dibo-software__diboot\rest-api-example\src\main\java\com\example\api\controller\iam\RoleController.java,53
com.diboot:diboot-iam-spring-boot-starter,3.7.0,false,FieldAccessExpr,com.diboot.iam.annotation.OperationCons,LABEL_LIST,C:\Users\tyin363\Documents\repos\dibo-software__diboot\rest-api-example\src\main\java\com\example\api\controller\system\AiSessionRecordController.java,71
com.diboot:diboot-core,3.7.0,true,MethodCallExpr,com.diboot.core.vo.JsonResult,OK,C:\Users\tyin363\Documents\repos\dibo-software__diboot\rest-api-example\src\main\java\com\example\api\controller\system\ScheduleJobController.java,197
com.diboot:diboot-iam-spring-boot-starter,3.7.0,false,FieldAccessExpr,com.diboot.iam.annotation.OperationCons,LABEL_CREATE,C:\Users\tyin363\Documents\repos\dibo-software__diboot\rest-api-example\src\main\java\com\example\api\controller\iam\OrgController.java,86
com.diboot:diboot-core,3.7.0,true,MethodCallExpr,com.diboot.core.util.BeanUtils,setProperty,C:\Users\tyin363\Documents\repos\dibo-software__diboot\rest-api-example\src\main\java\com\example\api\controller\iam\UserController.java,74
com.diboot:diboot-core,3.7.0,true,ClassOrInterfaceType,com.diboot.core.vo.JsonResult,JsonResult,C:\Users\tyin363\Documents\repos\dibo-software__diboot\rest-api-example\src\main\java\com\example\api\controller\system\ScheduleJobController.java,156
com.diboot:diboot-core,3.7.0,true,MethodCallExpr,com.diboot.core.vo.JsonResult,OK,C:\Users\tyin363\Documents\repos\dibo-software__diboot\rest-api-example\src\main\java\com\example\api\controller\CommonController.java,76
JDK:java.base,N/A,false,ClassOrInterfaceType,java.lang.String,String,C:\Users\tyin363\Documents\repos\dibo-software__diboot\rest-api-example\src\main\java\com\example\api\controller\iam\AuthTokenController.java,157
JDK:java.base,N/A,false,ClassOrInterfaceType,java.lang.String,String,C:\Users\tyin363\Documents\repos\dibo-software__diboot\rest-api-example\src\main\java\com\example\api\controller\system\AiSessionRecordController.java,87
com.diboot:diboot-iam-spring-boot-starter,3.7.0,false,FieldAccessExpr,com.diboot.iam.annotation.OperationCons,LABEL_DELETE,C:\Users\tyin363\Documents\repos\dibo-software__diboot\rest-api-example\src\main\java\com\example\api\controller\iam\PositionController.java,119
com.diboot:diboot-iam-spring-boot-starter,3.7.0,false,FieldAccessExpr,com.diboot.iam.annotation.OperationCons,CODE_READ,C:\Users\tyin363\Documents\repos\dibo-software__diboot\rest-api-example\src\main\java\com\example\api\controller\iam\OrgController.java,149
JDK:java.base,N/A,false,ClassOrInterfaceType,java.lang.String,String,C:\Users\tyin363\Documents\repos\dibo-software__diboot\rest-api-example\src\main\java\com\example\api\excel\model\UserExportModel.java,35
com.squareup.okhttp3:okhttp,4.12.0,true,ClassOrInterfaceType,okhttp3.Response,Response,C:\Users\tyin363\Documents\repos\dibo-software__diboot\rest-api-example\src\main\java\com\example\api\controller\system\AiSessionRecordController.java,153
JDK:java.base,N/A,false,ClassOrInterfaceType,java.lang.Exception,Exception,C:\Users\tyin363\Documents\repos\dibo-software__diboot\rest-api-example\src\main\java\com\example\api\controller\system\DictionaryController.java,84
com.diboot:diboot-iam-spring-boot-starter,3.7.0,false,FieldAccessExpr,com.diboot.iam.annotation.OperationCons,LABEL_LIST,C:\Users\tyin363\Documents\repos\dibo-software__diboot\rest-api-example\src\main\java\com\example\api\controller\system\AiSessionRecordController.java,70
JDK:java.base,N/A,false,MethodReferenceExpr,java.time.LocalDateTime,now,C:\Users\tyin363\Documents\repos\dibo-software__diboot\rest-api-example\src\main\java\com\example\api\handler\AutoFillMetaObjectHandler.java,24
JDK:java.base,N/A,false,MethodCallExpr,javax.crypto.Cipher,doFinal,C:\Users\tyin363\Documents\repos\dibo-software__diboot\rest-api-example\src\main\java\com\example\api\controller\iam\AuthTokenController.java,129
com.diboot:diboot-iam-spring-boot-starter,3.7.0,false,FieldAccessExpr,com.diboot.iam.annotation.OperationCons,LABEL_CREATE,C:\Users\tyin363\Documents\repos\dibo-software__diboot\rest-api-example\src\main\java\com\example\api\controller\iam\OrgController.java,85
com.diboot:diboot-ai-spring-boot-starter,3.7.0,false,ClassOrInterfaceType,com.diboot.ai.entity.AiSessionRecord,AiSessionRecord,C:\Users\tyin363\Documents\repos\dibo-software__diboot\rest-api-example\src\main\java\com\example\api\controller\system\AiSessionRecordController.java,87
com.diboot:diboot-core,3.7.0,true,MethodCallExpr,com.diboot.core.vo.JsonResult,FAIL_VALIDATION,C:\Users\tyin363\Documents\repos\dibo-software__diboot\rest-api-example\src\main\java\com\example\api\controller\iam\AuthTokenController.java,107
com.diboot:diboot-core,3.7.0,true,MethodCallExpr,com.diboot.core.util.V,notEmpty,C:\Users\tyin363\Documents\repos\dibo-software__diboot\rest-api-example\src\main\java\com\example\api\controller\system\DictionaryController.java,170
com.baomidou:mybatis-plus-core,3.5.12,true,MethodCallExpr,com.baomidou.mybatisplus.core.conditions.query.Query,select,C:\Users\tyin363\Documents\repos\dibo-software__diboot\rest-api-example\src\main\java\com\example\api\controller\iam\PositionController.java,139
com.diboot:diboot-iam-spring-boot-starter,3.7.0,false,ObjectCreationExpr,com.diboot.iam.entity.IamUser,IamUser,C:\Users\tyin363\Documents\repos\dibo-software__diboot\rest-api-example\src\main\java\com\example\api\excel\listener\UserImportExcelListener.java,99
JDK:java.base,N/A,false,MethodCallExpr,java.util.Map.Entry,getValue,C:\Users\tyin363\Documents\repos\dibo-software__diboot\rest-api-example\src\main\java\com\example\api\excel\listener\UserImportExcelListener.java,117
JDK:java.base,N/A,false,ClassOrInterfaceType,java.lang.String,String,C:\Users\tyin363\Documents\repos\dibo-software__diboot\rest-api-example\src\main\java\com\example\api\controller\iam\SSOClientController.java,38
com.diboot:diboot-iam-spring-boot-starter,3.7.0,false,FieldAccessExpr,com.diboot.iam.annotation.OperationCons,CODE_WRITE,C:\Users\tyin363\Documents\repos\dibo-software__diboot\rest-api-example\src\main\java\com\example\api\controller\system\ScheduleJobController.java,116
com.diboot:diboot-scheduler-spring-boot-starter,3.7.0,false,ClassOrInterfaceType,com.diboot.scheduler.vo.ScheduleJobLogVO,ScheduleJobLogVO,C:\Users\tyin363\Documents\repos\dibo-software__diboot\rest-api-example\src\main\java\com\example\api\controller\system\ScheduleJobController.java,161
JDK:java.base,N/A,false,ClassOrInterfaceType,java.lang.String,String,C:\Users\tyin363\Documents\repos\dibo-software__diboot\rest-api-example\src\main\java\com\example\api\controller\iam\RoleController.java,92
com.diboot:diboot-iam-spring-boot-starter,3.7.0,false,FieldAccessExpr,com.diboot.iam.annotation.OperationCons,LABEL_DELETE,C:\Users\tyin363\Documents\repos\dibo-software__diboot\rest-api-example\src\main\java\com\example\api\controller\iam\PositionController.java,118
JDK:java.base,N/A,false,ClassOrInterfaceType,java.util.List,List,C:\Users\tyin363\Documents\repos\dibo-software__diboot\rest-api-example\src\main\java\com\example\api\controller\iam\TenantController.java,223
JDK:java.base,N/A,false,ClassOrInterfaceType,java.lang.Object,Object,C:\Users\tyin363\Documents\repos\dibo-software__diboot\rest-api-example\src\main\java\com\example\api\controller\system\FileController.java,91
com.diboot:diboot-iam-spring-boot-starter,3.7.0,false,FieldAccessExpr,com.diboot.iam.annotation.OperationCons,CODE_READ,C:\Users\tyin363\Documents\repos\dibo-software__diboot\rest-api-example\src\main\java\com\example\api\controller\system\MessageTemplateController.java,65
JDK:java.base,N/A,false,MethodCallExpr,java.security.KeyFactory,getInstance,C:\Users\tyin363\Documents\repos\dibo-software__diboot\rest-api-example\src\main\java\com\example\api\controller\iam\AuthTokenController.java,124
com.diboot:diboot-iam-spring-boot-starter,3.7.0,false,FieldAccessExpr,com.diboot.iam.annotation.OperationCons,LABEL_CREATE,C:\Users\tyin363\Documents\repos\dibo-software__diboot\rest-api-example\src\main\java\com\example\api\controller\iam\GroupController.java,70
com.diboot:diboot-core,3.7.0,true,MethodCallExpr,com.diboot.core.util.D,today,C:\Users\tyin363\Documents\repos\dibo-software__diboot\rest-api-example\src\main\java\com\example\api\controller\iam\UserExcelController.java,111
com.diboot:diboot-iam-spring-boot-starter,3.7.0,false,FieldAccessExpr,com.diboot.iam.annotation.OperationCons,LABEL_DETAIL,C:\Users\tyin363\Documents\repos\dibo-software__diboot\rest-api-example\src\main\java\com\example\api\controller\iam\UserController.java,93
JDK:java.base,N/A,false,ClassOrInterfaceType,java.lang.String,String,C:\Users\tyin363\Documents\repos\dibo-software__diboot\rest-api-example\src\main\java\com\example\api\controller\iam\OperationLogController.java,42
com.diboot:diboot-iam-spring-boot-starter,3.7.0,false,ClassOrInterfaceType,com.diboot.iam.entity.IamRole,IamRole,C:\Users\tyin363\Documents\repos\dibo-software__diboot\rest-api-example\src\main\java\com\example\api\controller\iam\RoleController.java,188
JDK:java.base,N/A,false,MethodCallExpr,java.lang.Enum,name,C:\Users\tyin363\Documents\repos\dibo-software__diboot\rest-api-example\src\main\java\com\example\api\controller\iam\AuthTokenController.java,110
com.diboot:diboot-iam-spring-boot-starter,3.7.0,false,FieldAccessExpr,com.diboot.iam.annotation.OperationCons,CODE_READ,C:\Users\tyin363\Documents\repos\dibo-software__diboot\rest-api-example\src\main\java\com\example\api\controller\system\AiSessionController.java,61
com.diboot:diboot-core,3.7.0,true,ClassOrInterfaceType,com.diboot.core.vo.JsonResult,JsonResult,C:\Users\tyin363\Documents\repos\dibo-software__diboot\rest-api-example\src\main\java\com\example\api\controller\iam\GroupController.java,73
com.diboot:diboot-iam-spring-boot-starter,3.7.0,false,FieldAccessExpr,com.diboot.iam.annotation.OperationCons,CODE_IMPORT,C:\Users\tyin363\Documents\repos\dibo-software__diboot\rest-api-example\src\main\java\com\example\api\controller\iam\UserExcelController.java,78
JDK:java.base,N/A,false,ClassOrInterfaceType,java.lang.String,String,C:\Users\tyin363\Documents\repos\dibo-software__diboot\rest-api-example\src\main\java\com\example\api\controller\system\FileRecordController.java,61
JDK:java.base,N/A,false,ClassOrInterfaceType,java.lang.Exception,Exception,C:\Users\tyin363\Documents\repos\dibo-software__diboot\rest-api-example\src\main\java\com\example\api\controller\iam\RoleController.java,188
com.baomidou:mybatis-plus-core,3.5.12,true,MethodCallExpr,com.baomidou.mybatisplus.core.conditions.query.QueryWrapper,lambda,C:\Users\tyin363\Documents\repos\dibo-software__diboot\rest-api-example\src\main\java\com\example\api\controller\iam\OperationLogController.java,54
com.baomidou:mybatis-plus-core,3.5.12,true,MethodCallExpr,com.baomidou.mybatisplus.core.conditions.interfaces.Func,in,C:\Users\tyin363\Documents\repos\dibo-software__diboot\rest-api-example\src\main\java\com\example\api\controller\system\MessageController.java,104
JDK:java.base,N/A,false,ClassOrInterfaceType,java.lang.String,String,C:\Users\tyin363\Documents\repos\dibo-software__diboot\rest-api-example\src\main\java\com\example\api\excel\model\UserExportModel.java,25
com.diboot:diboot-iam-spring-boot-starter,3.7.0,false,FieldAccessExpr,com.diboot.iam.annotation.OperationCons,LABEL_LIST,C:\Users\tyin363\Documents\repos\dibo-software__diboot\rest-api-example\src\main\java\com\example\api\controller\iam\RoleController.java,64
com.diboot:diboot-ai-spring-boot-starter,3.7.0,false,ClassOrInterfaceType,com.diboot.ai.common.AiMessage,AiMessage,C:\Users\tyin363\Documents\repos\dibo-software__diboot\rest-api-example\src\main\java\com\example\api\controller\system\AiSessionRecordController.java,185
com.diboot:diboot-core,3.7.0,true,MethodCallExpr,com.diboot.core.util.V,notEmpty,C:\Users\tyin363\Documents\repos\dibo-software__diboot\rest-api-example\src\main\java\com\example\api\controller\system\AiSessionRecordController.java,194
com.diboot:diboot-core,3.7.0,true,ClassOrInterfaceType,com.diboot.core.vo.JsonResult,JsonResult,C:\Users\tyin363\Documents\repos\dibo-software__diboot\rest-api-example\src\main\java\com\example\api\controller\iam\PositionController.java,65
JDK:java.base,N/A,false,ClassOrInterfaceType,java.lang.Exception,Exception,C:\Users\tyin363\Documents\repos\dibo-software__diboot\rest-api-example\src\main\java\com\example\api\controller\iam\TenantController.java,99
com.diboot:diboot-iam-spring-boot-starter,3.7.0,false,ClassOrInterfaceType,com.diboot.iam.entity.IamResource,IamResource,C:\Users\tyin363\Documents\repos\dibo-software__diboot\rest-api-example\src\main\java\com\example\api\controller\iam\ResourceController.java,81
JDK:java.base,N/A,false,ClassOrInterfaceType,java.lang.Exception,Exception,C:\Users\tyin363\Documents\repos\dibo-software__diboot\rest-api-example\src\main\java\com\example\api\controller\iam\RoleController.java,203
JDK:java.base,N/A,false,ClassOrInterfaceType,java.lang.Object,Object,C:\Users\tyin363\Documents\repos\dibo-software__diboot\rest-api-example\src\main\java\com\example\api\controller\iam\TenantController.java,196
JDK:java.base,N/A,false,ClassOrInterfaceType,java.util.List,List,C:\Users\tyin363\Documents\repos\dibo-software__diboot\rest-api-example\src\main\java\com\example\api\excel\listener\UserImportExcelListener.java,42
JDK:java.base,N/A,false,ClassOrInterfaceType,java.lang.Exception,Exception,C:\Users\tyin363\Documents\repos\dibo-software__diboot\rest-api-example\src\main\java\com\example\api\controller\iam\LoginTraceController.java,47
com.diboot:diboot-core,3.7.0,true,MethodCallExpr,com.diboot.core.entity.AbstractEntity,getId,C:\Users\tyin363\Documents\repos\dibo-software__diboot\rest-api-example\src\main\java\com\example\api\controller\iam\AuthTokenController.java,168
com.diboot:diboot-core,3.7.0,true,MethodCallExpr,com.diboot.core.controller.BaseCrudRestController,updateEntity,C:\Users\tyin363\Documents\repos\dibo-software__diboot\rest-api-example\src\main\java\com\example\api\controller\iam\ClientController.java,91
com.diboot:diboot-iam-spring-boot-starter,3.7.0,false,FieldAccessExpr,com.diboot.iam.annotation.OperationCons,LABEL_DELETE,C:\Users\tyin363\Documents\repos\dibo-software__diboot\rest-api-example\src\main\java\com\example\api\controller\iam\ClientController.java,101
JDK:java.base,N/A,false,MethodCallExpr,java.lang.Enum,name,C:\Users\tyin363\Documents\repos\dibo-software__diboot\rest-api-example\src\main\java\com\example\api\controller\system\MessageController.java,88
com.diboot:diboot-ai-spring-boot-starter,3.7.0,false,ObjectCreationExpr,com.diboot.ai.common.response.AiChatResponse,AiChatResponse,C:\Users\tyin363\Documents\repos\dibo-software__diboot\rest-api-example\src\main\java\com\example\api\controller\system\AiSessionRecordController.java,159
com.diboot:diboot-iam-spring-boot-starter,3.7.0,false,ClassOrInterfaceType,com.diboot.iam.service.IamUserRoleService,IamUserRoleService,C:\Users\tyin363\Documents\repos\dibo-software__diboot\rest-api-example\src\main\java\com\example\api\excel\listener\UserImportExcelListener.java,124
com.diboot:diboot-file-spring-boot-starter,3.7.0,false,MethodCallExpr,com.diboot.file.excel.BaseExcelModel,addComment,C:\Users\tyin363\Documents\repos\dibo-software__diboot\rest-api-example\src\main\java\com\example\api\excel\listener\UserImportExcelListener.java,53
com.diboot:diboot-iam-spring-boot-starter,3.7.0,false,ClassOrInterfaceType,com.diboot.iam.entity.IamUser,IamUser,C:\Users\tyin363\Documents\repos\dibo-software__diboot\rest-api-example\src\main\java\com\example\api\controller\iam\UserController.java,202
com.diboot:diboot-iam-spring-boot-starter,3.7.0,false,MethodCallExpr,com.diboot.iam.service.IamAccountService,isAccountExists,C:\Users\tyin363\Documents\repos\dibo-software__diboot\rest-api-example\src\main\java\com\example\api\controller\iam\TenantController.java,184
JDK:java.base,N/A,false,MethodReferenceExpr,java.time.LocalDateTime,now,C:\Users\tyin363\Documents\repos\dibo-software__diboot\rest-api-example\src\main\java\com\example\api\handler\AutoFillMetaObjectHandler.java,26
JDK:java.base,N/A,false,ClassOrInterfaceType,javax.crypto.Cipher,Cipher,C:\Users\tyin363\Documents\repos\dibo-software__diboot\rest-api-example\src\main\java\com\example\api\controller\iam\AuthTokenController.java,127
com.diboot:diboot-iam-spring-boot-starter,3.7.0,false,ClassOrInterfaceType,com.diboot.iam.service.IamResourceService,IamResourceService,C:\Users\tyin363\Documents\repos\dibo-software__diboot\rest-api-example\src\main\java\com\example\api\controller\iam\AuthTokenController.java,66
com.diboot:diboot-file-spring-boot-starter,3.7.0,false,ClassOrInterfaceType,com.diboot.file.vo.FileRecordVO,FileRecordVO,C:\Users\tyin363\Documents\repos\dibo-software__diboot\rest-api-example\src\main\java\com\example\api\controller\system\FileRecordController.java,48
com.baomidou:mybatis-plus-core,3.5.12,true,MethodCallExpr,com.baomidou.mybatisplus.core.conditions.query.QueryWrapper,lambda,C:\Users\tyin363\Documents\repos\dibo-software__diboot\rest-api-example\src\main\java\com\example\api\controller\iam\OperationLogController.java,51
com.diboot:diboot-iam-spring-boot-starter,3.7.0,false,MethodReferenceExpr,com.diboot.iam.entity.IamOperationLog,getUserType,C:\Users\tyin363\Documents\repos\dibo-software__diboot\rest-api-example\src\main\java\com\example\api\controller\iam\OperationLogController.java,51
com.diboot:diboot-iam-spring-boot-starter,3.7.0,false,ClassOrInterfaceType,com.diboot.iam.entity.SystemConfig,SystemConfig,C:\Users\tyin363\Documents\repos\dibo-software__diboot\rest-api-example\src\main\java\com\example\api\controller\system\SystemConfigController.java,168
com.diboot:diboot-iam-spring-boot-starter,3.7.0,false,FieldAccessExpr,com.diboot.iam.annotation.OperationCons,LABEL_LIST,C:\Users\tyin363\Documents\repos\dibo-software__diboot\rest-api-example\src\main\java\com\example\api\controller\iam\RoleController.java,65
JDK:java.base,N/A,false,ClassOrInterfaceType,java.lang.String,String,C:\Users\tyin363\Documents\repos\dibo-software__diboot\rest-api-example\src\main\java\com\example\api\controller\iam\TenantController.java,83
com.diboot:diboot-core,3.7.0,true,MethodCallExpr,com.diboot.core.controller.BaseController,buildQueryWrapperByDTO,C:\Users\tyin363\Documents\repos\dibo-software__diboot\rest-api-example\src\main\java\com\example\api\controller\system\DictionaryController.java,53
com.diboot:diboot-iam-spring-boot-starter,3.7.0,false,ClassOrInterfaceType,com.diboot.iam.entity.IamRole,IamRole,C:\Users\tyin363\Documents\repos\dibo-software__diboot\rest-api-example\src\main\java\com\example\api\controller\iam\RoleController.java,67
com.diboot:diboot-core,3.7.0,true,MethodCallExpr,com.diboot.core.service.BaseService,getEntity,C:\Users\tyin363\Documents\repos\dibo-software__diboot\rest-api-example\src\main\java\com\example\api\controller\iam\UserController.java,202
com.diboot:diboot-iam-spring-boot-starter,3.7.0,false,FieldAccessExpr,com.diboot.iam.annotation.OperationCons,LABEL_UPDATE,C:\Users\tyin363\Documents\repos\dibo-software__diboot\rest-api-example\src\main\java\com\example\api\controller\system\SystemConfigController.java,115
JDK:java.base,N/A,false,ClassOrInterfaceType,java.util.List,List,C:\Users\tyin363\Documents\repos\dibo-software__diboot\rest-api-example\src\main\java\com\example\api\excel\listener\UserImportExcelListener.java,41
com.diboot:diboot-core,3.7.0,true,MethodCallExpr,com.diboot.core.service.BaseService,getValuesOfField,C:\Users\tyin363\Documents\repos\dibo-software__diboot\rest-api-example\src\main\java\com\example\api\controller\iam\AuthTokenController.java,177
JDK:java.base,N/A,false,ClassOrInterfaceType,java.util.List,List,C:\Users\tyin363\Documents\repos\dibo-software__diboot\rest-api-example\src\main\java\com\example\api\controller\system\MessageController.java,91
com.diboot:diboot-iam-spring-boot-starter,3.7.0,false,FieldAccessExpr,com.diboot.iam.annotation.OperationCons,LABEL_DELETE,C:\Users\tyin363\Documents\repos\dibo-software__diboot\rest-api-example\src\main\java\com\example\api\controller\iam\ClientController.java,102
com.baomidou:mybatis-plus-core,3.5.12,true,MethodCallExpr,com.baomidou.mybatisplus.core.toolkit.Wrappers,lambdaQuery,C:\Users\tyin363\Documents\repos\dibo-software__diboot\rest-api-example\src\main\java\com\example\api\controller\iam\GroupController.java,115
JDK:java.base,N/A,false,ClassOrInterfaceType,java.lang.Exception,Exception,C:\Users\tyin363\Documents\repos\dibo-software__diboot\rest-api-example\src\main\java\com\example\api\controller\iam\UserController.java,125
com.diboot:diboot-core,3.7.0,true,MethodCallExpr,com.diboot.core.vo.JsonResult,OK,C:\Users\tyin363\Documents\repos\dibo-software__diboot\rest-api-example\src\main\java\com\example\api\controller\system\MessageController.java,92
com.diboot:diboot-iam-spring-boot-starter,3.7.0,false,ClassOrInterfaceType,com.diboot.iam.service.IamUserService,IamUserService,C:\Users\tyin363\Documents\repos\dibo-software__diboot\rest-api-example\src\main\java\com\example\api\excel\listener\UserImportExcelListener.java,58
JDK:java.base,N/A,false,ClassOrInterfaceType,java.lang.Exception,Exception,C:\Users\tyin363\Documents\repos\dibo-software__diboot\rest-api-example\src\main\java\com\example\api\controller\system\I18nConfigController.java,114
com.diboot:diboot-iam-spring-boot-starter,3.7.0,false,ClassOrInterfaceType,com.diboot.iam.dto.IamRoleFormDTO,IamRoleFormDTO,C:\Users\tyin363\Documents\repos\dibo-software__diboot\rest-api-example\src\main\java\com\example\api\controller\iam\RoleController.java,204
JDK:java.base,N/A,false,ClassOrInterfaceType,java.lang.String,String,C:\Users\tyin363\Documents\repos\dibo-software__diboot\rest-api-example\src\main\java\com\example\api\controller\iam\LoginTraceController.java,64
com.diboot:diboot-file-spring-boot-starter,3.7.0,false,ClassOrInterfaceType,com.diboot.file.entity.FileRecord,FileRecord,C:\Users\tyin363\Documents\repos\dibo-software__diboot\rest-api-example\src\main\java\com\example\api\controller\system\FileController.java,80
com.diboot:diboot-core,3.7.0,true,MethodCallExpr,com.diboot.core.vo.JsonResult,OK,C:\Users\tyin363\Documents\repos\dibo-software__diboot\rest-api-example\src\main\java\com\example\api\controller\system\DictionaryController.java,140
com.diboot:diboot-iam-spring-boot-starter,3.7.0,false,ClassOrInterfaceType,com.diboot.iam.entity.IamUser,IamUser,C:\Users\tyin363\Documents\repos\dibo-software__diboot\rest-api-example\src\main\java\com\example\api\controller\iam\AuthTokenController.java,163
com.diboot:diboot-iam-spring-boot-starter,3.7.0,false,MethodReferenceExpr,com.diboot.iam.util.IamSecurityUtils,getCurrentUserId,C:\Users\tyin363\Documents\repos\dibo-software__diboot\rest-api-example\src\main\java\com\example\api\handler\AutoFillMetaObjectHandler.java,25
org.springframework:spring-context,6.2.8,true,MethodCallExpr,org.springframework.context.i18n.LocaleContextHolder,getLocale,C:\Users\tyin363\Documents\repos\dibo-software__diboot\rest-api-example\src\main\java\com\example\api\controller\system\I18nConfigController.java,55
com.diboot:diboot-iam-spring-boot-starter,3.7.0,false,MethodCallExpr,com.diboot.iam.sso.SSOManager,getAuthorizeInfo,C:\Users\tyin363\Documents\repos\dibo-software__diboot\rest-api-example\src\main\java\com\example\api\controller\iam\SSOClientController.java,44
com.diboot:diboot-iam-spring-boot-starter,3.7.0,false,FieldAccessExpr,com.diboot.iam.annotation.OperationCons,CODE_READ,C:\Users\tyin363\Documents\repos\dibo-software__diboot\rest-api-example\src\main\java\com\example\api\controller\system\FileRecordController.java,59
com.baomidou:mybatis-plus-core,3.5.12,true,MethodCallExpr,com.baomidou.mybatisplus.core.conditions.interfaces.Compare,eq,C:\Users\tyin363\Documents\repos\dibo-software__diboot\rest-api-example\src\main\java\com\example\api\controller\iam\TenantController.java,236
com.diboot:diboot-iam-spring-boot-starter,3.7.0,false,ClassOrInterfaceType,com.diboot.iam.entity.IamUser,IamUser,C:\Users\tyin363\Documents\repos\dibo-software__diboot\rest-api-example\src\main\java\com\example\api\excel\listener\UserImportExcelListener.java,96
com.diboot:diboot-iam-spring-boot-starter,3.7.0,false,FieldAccessExpr,com.diboot.iam.annotation.OperationCons,CODE_READ,C:\Users\tyin363\Documents\repos\dibo-software__diboot\rest-api-example\src\main\java\com\example\api\controller\iam\RoleController.java,90
com.diboot:diboot-iam-spring-boot-starter,3.7.0,false,MethodCallExpr,com.diboot.iam.util.IamSecurityUtils,isSuperAdmin,C:\Users\tyin363\Documents\repos\dibo-software__diboot\rest-api-example\src\main\java\com\example\api\controller\iam\AuthTokenController.java,176
com.diboot:diboot-core,3.7.0,true,ObjectCreationExpr,com.diboot.core.vo.JsonResult,JsonResult,C:\Users\tyin363\Documents\repos\dibo-software__diboot\rest-api-example\src\main\java\com\example\api\controller\iam\UserExcelController.java,123
com.diboot:diboot-iam-spring-boot-starter,3.7.0,false,FieldAccessExpr,com.diboot.iam.annotation.OperationCons,CODE_WRITE,C:\Users\tyin363\Documents\repos\dibo-software__diboot\rest-api-example\src\main\java\com\example\api\controller\iam\ClientController.java,74
com.diboot:diboot-iam-spring-boot-starter,3.7.0,false,FieldAccessExpr,com.diboot.iam.annotation.OperationCons,LABEL_UPDATE,C:\Users\tyin363\Documents\repos\dibo-software__diboot\rest-api-example\src\main\java\com\example\api\controller\system\SystemConfigController.java,114
JDK:java.base,N/A,false,MethodCallExpr,java.lang.Enum,name,C:\Users\tyin363\Documents\repos\dibo-software__diboot\rest-api-example\src\main\java\com\example\api\controller\system\MessageController.java,86
com.diboot:diboot-iam-spring-boot-starter,3.7.0,false,ClassOrInterfaceType,com.diboot.iam.entity.IamRoleResource,IamRoleResource,C:\Users\tyin363\Documents\repos\dibo-software__diboot\rest-api-example\src\main\java\com\example\api\controller\iam\AuthTokenController.java,180
com.diboot:diboot-iam-spring-boot-starter,3.7.0,false,FieldAccessExpr,com.diboot.iam.annotation.OperationCons,LABEL_LIST,C:\Users\tyin363\Documents\repos\dibo-software__diboot\rest-api-example\src\main\java\com\example\api\controller\system\MessageTemplateController.java,51
com.diboot:diboot-core,3.7.0,true,MethodCallExpr,com.diboot.core.util.JSON,parseObject,C:\Users\tyin363\Documents\repos\dibo-software__diboot\rest-api-example\src\main\java\com\example\api\controller\system\AiSessionRecordController.java,196
JDK:java.base,N/A,false,ClassOrInterfaceType,java.time.LocalDateTime,LocalDateTime,C:\Users\tyin363\Documents\repos\dibo-software__diboot\rest-api-example\src\main\java\com\example\api\handler\AutoFillMetaObjectHandler.java,31
com.diboot:diboot-iam-spring-boot-starter,3.7.0,false,FieldAccessExpr,com.diboot.iam.annotation.OperationCons,LABEL_DELETE,C:\Users\tyin363\Documents\repos\dibo-software__diboot\rest-api-example\src\main\java\com\example\api\controller\system\AiSessionController.java,127
com.diboot:diboot-iam-spring-boot-starter,3.7.0,false,ClassOrInterfaceType,com.diboot.iam.service.IamUserRoleService,IamUserRoleService,C:\Users\tyin363\Documents\repos\dibo-software__diboot\rest-api-example\src\main\java\com\example\api\controller\iam\AuthTokenController.java,60
com.diboot:diboot-iam-spring-boot-starter,3.7.0,false,FieldAccessExpr,com.diboot.iam.annotation.OperationCons,LABEL_DETAIL,C:\Users\tyin363\Documents\repos\dibo-software__diboot\rest-api-example\src\main\java\com\example\api\controller\system\SystemConfigController.java,73
com.baomidou:mybatis-plus-core,3.5.12,true,MethodCallExpr,com.baomidou.mybatisplus.core.handlers.MetaObjectHandler,strictInsertFill,C:\Users\tyin363\Documents\repos\dibo-software__diboot\rest-api-example\src\main\java\com\example\api\handler\AutoFillMetaObjectHandler.java,26
org.springframework:spring-web,6.2.8,true,ClassOrInterfaceType,org.springframework.web.multipart.MultipartFile,MultipartFile,C:\Users\tyin363\Documents\repos\dibo-software__diboot\rest-api-example\src\main\java\com\example\api\controller\system\FileController.java,75
com.diboot:diboot-iam-spring-boot-starter,3.7.0,false,ClassOrInterfaceType,com.diboot.iam.entity.SystemConfig,SystemConfig,C:\Users\tyin363\Documents\repos\dibo-software__diboot\rest-api-example\src\main\java\com\example\api\controller\system\SystemConfigController.java,170
com.diboot:diboot-iam-spring-boot-starter,3.7.0,false,ClassOrInterfaceType,com.diboot.iam.entity.IamUser,IamUser,C:\Users\tyin363\Documents\repos\dibo-software__diboot\rest-api-example\src\main\java\com\example\api\controller\iam\AuthTokenController.java,164
com.diboot:diboot-core,3.7.0,true,ClassOrInterfaceType,com.diboot.core.exception.BusinessException,BusinessException,C:\Users\tyin363\Documents\repos\dibo-software__diboot\rest-api-example\src\main\java\com\example\api\controller\iam\RoleController.java,198
com.baomidou:mybatis-plus-core,3.5.12,true,MethodCallExpr,com.baomidou.mybatisplus.core.conditions.query.QueryWrapper,lambda,C:\Users\tyin363\Documents\repos\dibo-software__diboot\rest-api-example\src\main\java\com\example\api\controller\iam\UserController.java,173
com.diboot:diboot-iam-spring-boot-starter,3.7.0,false,FieldAccessExpr,com.diboot.iam.annotation.OperationCons,CODE_WRITE,C:\Users\tyin363\Documents\repos\dibo-software__diboot\rest-api-example\src\main\java\com\example\api\controller\system\AiSessionController.java,95
com.diboot:diboot-iam-spring-boot-starter,3.7.0,false,ClassOrInterfaceType,com.diboot.iam.entity.IamUser,IamUser,C:\Users\tyin363\Documents\repos\dibo-software__diboot\rest-api-example\src\main\java\com\example\api\excel\listener\UserImportExcelListener.java,95
com.diboot:diboot-core,3.7.0,true,ClassOrInterfaceType,com.diboot.core.controller.BaseCrudRestController,BaseCrudRestController,C:\Users\tyin363\Documents\repos\dibo-software__diboot\rest-api-example\src\main\java\com\example\api\controller\iam\GroupController.java,30
com.diboot:diboot-core,3.7.0,true,MethodCallExpr,com.diboot.core.vo.JsonResult,FAIL_OPERATION,C:\Users\tyin363\Documents\repos\dibo-software__diboot\rest-api-example\src\main\java\com\example\api\controller\iam\UserController.java,233
org.springframework:spring-web,6.2.8,true,MethodCallExpr,org.springframework.http.CacheControl,getHeaderValue,C:\Users\tyin363\Documents\repos\dibo-software__diboot\rest-api-example\src\main\java\com\example\api\controller\system\AiSessionRecordController.java,133
JDK:java.base,N/A,false,ClassOrInterfaceType,java.lang.Exception,Exception,C:\Users\tyin363\Documents\repos\dibo-software__diboot\rest-api-example\src\main\java\com\example\api\controller\iam\ClientController.java,136
com.diboot:diboot-core,3.7.0,true,ClassOrInterfaceType,com.diboot.core.service.I18nConfigService,I18nConfigService,C:\Users\tyin363\Documents\repos\dibo-software__diboot\rest-api-example\src\main\java\com\example\api\controller\system\I18nConfigController.java,41
com.diboot:diboot-iam-spring-boot-starter,3.7.0,false,MethodCallExpr,com.diboot.iam.service.IamRoleResourceService,createRoleResourceRelations,C:\Users\tyin363\Documents\repos\dibo-software__diboot\rest-api-example\src\main\java\com\example\api\controller\iam\RoleController.java,205
com.diboot:diboot-core,3.7.0,true,ClassOrInterfaceType,com.diboot.core.vo.JsonResult,JsonResult,C:\Users\tyin363\Documents\repos\dibo-software__diboot\rest-api-example\src\main\java\com\example\api\controller\system\SystemConfigController.java,118
com.diboot:diboot-iam-spring-boot-starter,3.7.0,false,FieldAccessExpr,com.diboot.iam.annotation.OperationCons,CODE_WRITE,C:\Users\tyin363\Documents\repos\dibo-software__diboot\rest-api-example\src\main\java\com\example\api\controller\iam\PositionController.java,91
JDK:java.base,N/A,false,ClassOrInterfaceType,java.lang.Exception,Exception,C:\Users\tyin363\Documents\repos\dibo-software__diboot\rest-api-example\src\main\java\com\example\api\controller\iam\PositionController.java,121
com.diboot:diboot-core,3.7.0,true,MethodCallExpr,com.diboot.core.util.JSON,parseObject,C:\Users\tyin363\Documents\repos\dibo-software__diboot\rest-api-example\src\main\java\com\example\api\controller\system\AiSessionRecordController.java,195
com.diboot:diboot-file-spring-boot-starter,3.7.0,false,MethodCallExpr,com.diboot.file.excel.BaseExcelModel,addComment,C:\Users\tyin363\Documents\repos\dibo-software__diboot\rest-api-example\src\main\java\com\example\api\excel\listener\UserImportExcelListener.java,50
com.diboot:diboot-iam-spring-boot-starter,3.7.0,false,ClassOrInterfaceType,com.diboot.iam.entity.IamUser,IamUser,C:\Users\tyin363\Documents\repos\dibo-software__diboot\rest-api-example\src\main\java\com\example\api\controller\iam\UserController.java,201
com.diboot:diboot-core,3.7.0,true,ClassOrInterfaceType,com.diboot.core.vo.JsonResult,JsonResult,C:\Users\tyin363\Documents\repos\dibo-software__diboot\rest-api-example\src\main\java\com\example\api\controller\iam\ClientController.java,48
com.diboot:diboot-iam-spring-boot-starter,3.7.0,false,FieldAccessExpr,com.diboot.iam.annotation.OperationCons,LABEL_DELETE,C:\Users\tyin363\Documents\repos\dibo-software__diboot\rest-api-example\src\main\java\com\example\api\controller\system\AiSessionController.java,126
com.diboot:diboot-iam-spring-boot-starter,3.7.0,false,FieldAccessExpr,com.diboot.iam.annotation.OperationCons,LABEL_LIST,C:\Users\tyin363\Documents\repos\dibo-software__diboot\rest-api-example\src\main\java\com\example\api\controller\system\MessageTemplateController.java,50
com.diboot:diboot-iam-spring-boot-starter,3.7.0,false,FieldAccessExpr,com.diboot.iam.annotation.OperationCons,LABEL_DETAIL,C:\Users\tyin363\Documents\repos\dibo-software__diboot\rest-api-example\src\main\java\com\example\api\controller\system\SystemConfigController.java,72
com.diboot:diboot-core,3.7.0,true,ClassOrInterfaceType,com.diboot.core.vo.JsonResult,JsonResult,C:\Users\tyin363\Documents\repos\dibo-software__diboot\rest-api-example\src\main\java\com\example\api\controller\iam\UserController.java,201
com.diboot:diboot-notification-spring-boot-starter,3.7.0,false,MethodReferenceExpr,com.diboot.notification.entity.MessageTemplate,getCode,C:\Users\tyin363\Documents\repos\dibo-software__diboot\rest-api-example\src\main\java\com\example\api\controller\system\MessageTemplateController.java,124
com.baomidou:mybatis-plus-core,3.5.12,true,ClassOrInterfaceType,com.baomidou.mybatisplus.core.conditions.query.LambdaQueryWrapper,LambdaQueryWrapper,C:\Users\tyin363\Documents\repos\dibo-software__diboot\rest-api-example\src\main\java\com\example\api\controller\iam\OrgController.java,169
com.diboot:diboot-iam-spring-boot-starter,3.7.0,false,ClassOrInterfaceType,com.diboot.iam.entity.IamAccount,IamAccount,C:\Users\tyin363\Documents\repos\dibo-software__diboot\rest-api-example\src\main\java\com\example\api\excel\listener\UserImportExcelListener.java,104
com.baomidou:mybatis-plus-core,3.5.12,true,MethodCallExpr,com.baomidou.mybatisplus.core.handlers.MetaObjectHandler,strictInsertFill,C:\Users\tyin363\Documents\repos\dibo-software__diboot\rest-api-example\src\main\java\com\example\api\handler\AutoFillMetaObjectHandler.java,25
com.diboot:diboot-iam-spring-boot-starter,3.7.0,false,FieldAccessExpr,com.diboot.iam.annotation.OperationCons,LABEL_LIST,C:\Users\tyin363\Documents\repos\dibo-software__diboot\rest-api-example\src\main\java\com\example\api\controller\iam\LoginTraceController.java,44
com.baomidou:mybatis-plus-core,3.5.12,true,MethodCallExpr,com.baomidou.mybatisplus.core.conditions.interfaces.Func,orderByAsc,C:\Users\tyin363\Documents\repos\dibo-software__diboot\rest-api-example\src\main\java\com\example\api\controller\iam\UserExcelController.java,106
com.diboot:diboot-core,3.7.0,true,MethodCallExpr,com.diboot.core.service.BaseService,createOrUpdateN2NRelations,C:\Users\tyin363\Documents\repos\dibo-software__diboot\rest-api-example\src\main\java\com\example\api\controller\iam\RoleController.java,140
com.diboot:diboot-ai-spring-boot-starter,3.7.0,false,ClassOrInterfaceType,com.diboot.ai.common.response.AiChatResponse,AiChatResponse,C:\Users\tyin363\Documents\repos\dibo-software__diboot\rest-api-example\src\main\java\com\example\api\controller\system\AiSessionRecordController.java,159
org.springframework:spring-web,6.2.8,true,MethodCallExpr,org.springframework.web.multipart.MultipartFile,getOriginalFilename,C:\Users\tyin363\Documents\repos\dibo-software__diboot\rest-api-example\src\main\java\com\example\api\controller\system\FileController.java,83
com.diboot:diboot-iam-spring-boot-starter,3.7.0,false,FieldAccessExpr,com.diboot.iam.annotation.OperationCons,LABEL_DELETE,C:\Users\tyin363\Documents\repos\dibo-software__diboot\rest-api-example\src\main\java\com\example\api\controller\system\I18nConfigController.java,111
com.diboot:diboot-iam-spring-boot-starter,3.7.0,false,ClassOrInterfaceType,com.diboot.iam.entity.IamResource,IamResource,C:\Users\tyin363\Documents\repos\dibo-software__diboot\rest-api-example\src\main\java\com\example\api\controller\iam\ResourceController.java,77
com.diboot:diboot-core,3.7.0,true,MethodCallExpr,com.diboot.core.vo.JsonResult,FAIL_VALIDATION,C:\Users\tyin363\Documents\repos\dibo-software__diboot\rest-api-example\src\main\java\com\example\api\controller\system\FileController.java,61
JDK:java.base,N/A,false,ClassOrInterfaceType,java.lang.String,String,C:\Users\tyin363\Documents\repos\dibo-software__diboot\rest-api-example\src\main\java\com\example\api\excel\model\UserExportModel.java,29
com.diboot:diboot-iam-spring-boot-starter,3.7.0,false,ObjectCreationExpr,com.diboot.iam.entity.IamAccount,IamAccount,C:\Users\tyin363\Documents\repos\dibo-software__diboot\rest-api-example\src\main\java\com\example\api\excel\listener\UserImportExcelListener.java,104
com.diboot:diboot-iam-spring-boot-starter,3.7.0,false,FieldAccessExpr,com.diboot.iam.annotation.OperationCons,LABEL_DELETE,C:\Users\tyin363\Documents\repos\dibo-software__diboot\rest-api-example\src\main\java\com\example\api\controller\system\SystemConfigController.java,128
,,false,MethodCallExpr,com.diboot.ai.common.request.AiEnum.Role,getCode,C:\Users\tyin363\Documents\repos\dibo-software__diboot\rest-api-example\src\main\java\com\example\api\controller\system\AiSessionRecordController.java,161
JDK:java.base,N/A,false,MethodCallExpr,java.util.List,add,C:\Users\tyin363\Documents\repos\dibo-software__diboot\rest-api-example\src\main\java\com\example\api\controller\system\AiSessionRecordController.java,195
com.diboot:diboot-core,3.7.0,true,ClassOrInterfaceType,com.diboot.core.vo.JsonResult,JsonResult,C:\Users\tyin363\Documents\repos\dibo-software__diboot\rest-api-example\src\main\java\com\example\api\controller\system\DictionaryController.java,119
com.diboot:diboot-iam-spring-boot-starter,3.7.0,false,FieldAccessExpr,com.diboot.iam.annotation.OperationCons,LABEL_UPDATE,C:\Users\tyin363\Documents\repos\dibo-software__diboot\rest-api-example\src\main\java\com\example\api\controller\iam\ClientController.java,88
JDK:java.base,N/A,false,ClassOrInterfaceType,java.lang.Exception,Exception,C:\Users\tyin363\Documents\repos\dibo-software__diboot\rest-api-example\src\main\java\com\example\api\controller\iam\RoleController.java,67
com.diboot:diboot-core,3.7.0,true,ClassOrInterfaceType,com.diboot.core.vo.JsonResult,JsonResult,C:\Users\tyin363\Documents\repos\dibo-software__diboot\rest-api-example\src\main\java\com\example\api\controller\system\SystemConfigController.java,117
JDK:java.base,N/A,false,ClassOrInterfaceType,java.util.ArrayList,ArrayList,C:\Users\tyin363\Documents\repos\dibo-software__diboot\rest-api-example\src\main\java\com\example\api\excel\listener\UserImportExcelListener.java,95
com.diboot:diboot-iam-spring-boot-starter,3.7.0,false,MethodCallExpr,com.diboot.iam.sso.SSOManager,getToken,C:\Users\tyin363\Documents\repos\dibo-software__diboot\rest-api-example\src\main\java\com\example\api\controller\iam\SSOClientController.java,66
com.diboot:diboot-tenant-spring-boot-starter,3.7.0,false,MethodCallExpr,com.diboot.tenant.service.IamTenantService,createTenantAndInitData,C:\Users\tyin363\Documents\repos\dibo-software__diboot\rest-api-example\src\main\java\com\example\api\controller\iam\TenantController.java,100
com.diboot:diboot-file-spring-boot-starter,3.7.0,false,ClassOrInterfaceType,com.diboot.file.entity.FileRecord,FileRecord,C:\Users\tyin363\Documents\repos\dibo-software__diboot\rest-api-example\src\main\java\com\example\api\controller\system\FileController.java,77
com.diboot:diboot-core,3.7.0,true,ClassOrInterfaceType,com.diboot.core.controller.BaseCrudRestController,BaseCrudRestController,C:\Users\tyin363\Documents\repos\dibo-software__diboot\rest-api-example\src\main\java\com\example\api\controller\system\MessageTemplateController.java,35
com.baomidou:mybatis-plus-core,3.5.12,true,MethodCallExpr,com.baomidou.mybatisplus.core.handlers.MetaObjectHandler,strictInsertFill,C:\Users\tyin363\Documents\repos\dibo-software__diboot\rest-api-example\src\main\java\com\example\api\handler\AutoFillMetaObjectHandler.java,24
com.diboot:diboot-iam-spring-boot-starter,3.7.0,false,FieldAccessExpr,com.diboot.iam.annotation.OperationCons,CODE_IMPORT,C:\Users\tyin363\Documents\repos\dibo-software__diboot\rest-api-example\src\main\java\com\example\api\controller\iam\UserExcelController.java,89
JDK:java.base,N/A,false,MethodCallExpr,java.util.Map,put,C:\Users\tyin363\Documents\repos\dibo-software__diboot\rest-api-example\src\main\java\com\example\api\controller\CommonController.java,61
com.diboot:diboot-core,3.7.0,true,MethodCallExpr,com.diboot.core.util.V,isEmpty,C:\Users\tyin363\Documents\repos\dibo-software__diboot\rest-api-example\src\main\java\com\example\api\controller\system\DictionaryController.java,136
com.diboot:diboot-iam-spring-boot-starter,3.7.0,false,FieldAccessExpr,com.diboot.iam.annotation.OperationCons,LABEL_DELETE,C:\Users\tyin363\Documents\repos\dibo-software__diboot\rest-api-example\src\main\java\com\example\api\controller\system\I18nConfigController.java,112
com.diboot:diboot-iam-spring-boot-starter,3.7.0,false,FieldAccessExpr,com.diboot.iam.annotation.OperationCons,LABEL_LIST,C:\Users\tyin363\Documents\repos\dibo-software__diboot\rest-api-example\src\main\java\com\example\api\controller\system\SystemConfigController.java,43
com.diboot:diboot-core,3.7.0,true,MethodCallExpr,com.diboot.core.util.V,notEmpty,C:\Users\tyin363\Documents\repos\dibo-software__diboot\rest-api-example\src\main\java\com\example\api\controller\iam\PositionController.java,138
com.diboot:diboot-iam-spring-boot-starter,3.7.0,false,ClassOrInterfaceType,com.diboot.iam.entity.SystemConfig,SystemConfig,C:\Users\tyin363\Documents\repos\dibo-software__diboot\rest-api-example\src\main\java\com\example\api\controller\system\SystemConfigController.java,32
com.baomidou:mybatis-plus-core,3.5.12,true,ClassOrInterfaceType,com.baomidou.mybatisplus.core.conditions.query.LambdaQueryWrapper,LambdaQueryWrapper,C:\Users\tyin363\Documents\repos\dibo-software__diboot\rest-api-example\src\main\java\com\example\api\controller\iam\PositionController.java,139
com.diboot:diboot-core,3.7.0,true,MethodCallExpr,com.diboot.core.vo.JsonResult,OK,C:\Users\tyin363\Documents\repos\dibo-software__diboot\rest-api-example\src\main\java\com\example\api\controller\iam\UserController.java,257
com.diboot:diboot-iam-spring-boot-starter,3.7.0,false,ClassOrInterfaceType,com.diboot.iam.entity.IamUserRole,IamUserRole,C:\Users\tyin363\Documents\repos\dibo-software__diboot\rest-api-example\src\main\java\com\example\api\excel\listener\UserImportExcelListener.java,123
com.diboot:diboot-core,3.7.0,true,ClassOrInterfaceType,com.diboot.core.vo.Pagination,Pagination,C:\Users\tyin363\Documents\repos\dibo-software__diboot\rest-api-example\src\main\java\com\example\api\controller\iam\GroupController.java,44
com.diboot:diboot-iam-spring-boot-starter,3.7.0,false,ClassOrInterfaceType,com.diboot.iam.entity.IamUserRole,IamUserRole,C:\Users\tyin363\Documents\repos\dibo-software__diboot\rest-api-example\src\main\java\com\example\api\controller\iam\RoleController.java,141
com.diboot:diboot-iam-spring-boot-starter,3.7.0,false,MethodReferenceExpr,com.diboot.iam.util.IamSecurityUtils,getCurrentUserId,C:\Users\tyin363\Documents\repos\dibo-software__diboot\rest-api-example\src\main\java\com\example\api\handler\AutoFillMetaObjectHandler.java,32
com.diboot:diboot-iam-spring-boot-starter,3.7.0,false,ClassOrInterfaceType,com.diboot.iam.entity.IamResource,IamResource,C:\Users\tyin363\Documents\repos\dibo-software__diboot\rest-api-example\src\main\java\com\example\api\controller\iam\ResourceController.java,78
JDK:java.base,N/A,false,ClassOrInterfaceType,java.lang.Exception,Exception,C:\Users\tyin363\Documents\repos\dibo-software__diboot\rest-api-example\src\main\java\com\example\api\controller\system\ScheduleJobController.java,190
JDK:java.base,N/A,false,ClassOrInterfaceType,java.util.List,List,C:\Users\tyin363\Documents\repos\dibo-software__diboot\rest-api-example\src\main\java\com\example\api\controller\system\AiSessionRecordController.java,110
JDK:java.base,N/A,false,MethodCallExpr,java.util.stream.Stream,filter,C:\Users\tyin363\Documents\repos\dibo-software__diboot\rest-api-example\src\main\java\com\example\api\excel\listener\UserImportExcelListener.java,64
com.diboot:diboot-core,3.7.0,true,MethodCallExpr,com.diboot.core.vo.JsonResult,OK,C:\Users\tyin363\Documents\repos\dibo-software__diboot\rest-api-example\src\main\java\com\example\api\controller\iam\ResourceController.java,160
com.diboot:diboot-iam-spring-boot-starter,3.7.0,false,FieldAccessExpr,com.diboot.iam.annotation.OperationCons,LABEL_UPDATE,C:\Users\tyin363\Documents\repos\dibo-software__diboot\rest-api-example\src\main\java\com\example\api\controller\iam\ClientController.java,87
com.diboot:diboot-iam-spring-boot-starter,3.7.0,false,ClassOrInterfaceType,com.diboot.iam.service.IamResourceService,IamResourceService,C:\Users\tyin363\Documents\repos\dibo-software__diboot\rest-api-example\src\main\java\com\example\api\controller\iam\TenantController.java,51
com.diboot:diboot-core,3.7.0,true,ClassOrInterfaceType,com.diboot.core.vo.JsonResult,JsonResult,C:\Users\tyin363\Documents\repos\dibo-software__diboot\rest-api-example\src\main\java\com\example\api\controller\iam\ResourceController.java,136
JDK:java.base,N/A,false,MethodReferenceExpr,java.time.LocalDateTime,now,C:\Users\tyin363\Documents\repos\dibo-software__diboot\rest-api-example\src\main\java\com\example\api\handler\AutoFillMetaObjectHandler.java,31
com.diboot:diboot-core,3.7.0,true,ClassOrInterfaceType,com.diboot.core.entity.I18nConfig,I18nConfig,C:\Users\tyin363\Documents\repos\dibo-software__diboot\rest-api-example\src\main\java\com\example\api\controller\system\I18nConfigController.java,54
com.diboot:diboot-iam-spring-boot-starter,3.7.0,false,FieldAccessExpr,com.diboot.iam.annotation.OperationCons,LABEL_LIST,C:\Users\tyin363\Documents\repos\dibo-software__diboot\rest-api-example\src\main\java\com\example\api\controller\system\SystemConfigController.java,42
com.diboot:diboot-core,3.7.0,true,MethodCallExpr,com.diboot.core.vo.Pagination,setOrderBy,C:\Users\tyin363\Documents\repos\dibo-software__diboot\rest-api-example\src\main\java\com\example\api\controller\iam\UserController.java,79
JDK:java.base,N/A,false,ClassOrInterfaceType,java.lang.Exception,Exception,C:\Users\tyin363\Documents\repos\dibo-software__diboot\rest-api-example\src\main\java\com\example\api\controller\system\AiSessionRecordController.java,73
com.diboot:diboot-core,3.7.0,true,ClassOrInterfaceType,com.diboot.core.vo.JsonResult,JsonResult,C:\Users\tyin363\Documents\repos\dibo-software__diboot\rest-api-example\src\main\java\com\example\api\controller\iam\RoleController.java,143
com.diboot:diboot-core,3.7.0,true,MethodCallExpr,com.diboot.core.util.V,isEmpty,C:\Users\tyin363\Documents\repos\dibo-software__diboot\rest-api-example\src\main\java\com\example\api\controller\iam\UserController.java,247
com.diboot:diboot-core,3.7.0,true,MethodCallExpr,com.diboot.core.util.V,notEmpty,C:\Users\tyin363\Documents\repos\dibo-software__diboot\rest-api-example\src\main\java\com\example\api\controller\system\AiSessionRecordController.java,192
org.springframework:spring-web,6.2.8,true,MethodCallExpr,org.springframework.http.CacheControl,noCache,C:\Users\tyin363\Documents\repos\dibo-software__diboot\rest-api-example\src\main\java\com\example\api\controller\system\AiSessionRecordController.java,133
com.diboot:diboot-iam-spring-boot-starter,3.7.0,false,ClassOrInterfaceType,com.diboot.iam.entity.IamUserRole,IamUserRole,C:\Users\tyin363\Documents\repos\dibo-software__diboot\rest-api-example\src\main\java\com\example\api\controller\iam\RoleController.java,140
org.springframework:spring-webmvc,6.2.8,true,MethodCallExpr,org.springframework.web.servlet.mvc.method.annotation.ResponseBodyEmitter,complete,C:\Users\tyin363\Documents\repos\dibo-software__diboot\rest-api-example\src\main\java\com\example\api\controller\system\AiSessionRecordController.java,166
com.diboot:diboot-file-spring-boot-starter,3.7.0,false,MethodCallExpr,com.diboot.file.entity.FileRecord,setDescription,C:\Users\tyin363\Documents\repos\dibo-software__diboot\rest-api-example\src\main\java\com\example\api\controller\system\FileRecordController.java,76
org.springframework:spring-web,6.2.8,true,ClassOrInterfaceType,org.springframework.web.multipart.MultipartFile,MultipartFile,C:\Users\tyin363\Documents\repos\dibo-software__diboot\rest-api-example\src\main\java\com\example\api\controller\system\FileController.java,78
com.diboot:diboot-ai-spring-boot-starter,3.7.0,false,ClassOrInterfaceType,com.diboot.ai.common.AiMessage,AiMessage,C:\Users\tyin363\Documents\repos\dibo-software__diboot\rest-api-example\src\main\java\com\example\api\controller\system\AiSessionRecordController.java,191
com.diboot:diboot-ai-spring-boot-starter,3.7.0,false,ClassOrInterfaceType,com.diboot.ai.entity.AiSession,AiSession,C:\Users\tyin363\Documents\repos\dibo-software__diboot\rest-api-example\src\main\java\com\example\api\controller\system\AiSessionController.java,83
com.diboot:diboot-iam-spring-boot-starter,3.7.0,false,ClassOrInterfaceType,com.diboot.iam.entity.IamUser,IamUser,C:\Users\tyin363\Documents\repos\dibo-software__diboot\rest-api-example\src\main\java\com\example\api\controller\iam\RoleController.java,141
com.diboot:diboot-file-spring-boot-starter,3.7.0,false,ObjectCreationExpr,com.diboot.file.entity.FileRecord,FileRecord,C:\Users\tyin363\Documents\repos\dibo-software__diboot\rest-api-example\src\main\java\com\example\api\controller\system\FileRecordController.java,76
JDK:java.base,N/A,false,ClassOrInterfaceType,java.lang.Exception,Exception,C:\Users\tyin363\Documents\repos\dibo-software__diboot\rest-api-example\src\main\java\com\example\api\controller\system\ScheduleJobController.java,54
com.diboot:diboot-iam-spring-boot-starter,3.7.0,false,FieldAccessExpr,com.diboot.iam.annotation.OperationCons,LABEL_UPDATE,C:\Users\tyin363\Documents\repos\dibo-software__diboot\rest-api-example\src\main\java\com\example\api\controller\system\AiSessionController.java,110
com.diboot:diboot-core,3.7.0,true,MethodCallExpr,com.diboot.core.service.GeneralService,createEntities,C:\Users\tyin363\Documents\repos\dibo-software__diboot\rest-api-example\src\main\java\com\example\api\excel\listener\UserImportExcelListener.java,124
com.diboot:diboot-ai-spring-boot-starter,3.7.0,false,ClassOrInterfaceType,com.diboot.ai.entity.AiSessionRecord,AiSessionRecord,C:\Users\tyin363\Documents\repos\dibo-software__diboot\rest-api-example\src\main\java\com\example\api\controller\system\AiSessionController.java,68
JDK:java.base,N/A,false,ClassOrInterfaceType,java.util.Map,Map,C:\Users\tyin363\Documents\repos\dibo-software__diboot\rest-api-example\src\main\java\com\example\api\controller\iam\UserExcelController.java,69
JDK:java.base,N/A,false,ClassOrInterfaceType,java.lang.Exception,Exception,C:\Users\tyin363\Documents\repos\dibo-software__diboot\rest-api-example\src\main\java\com\example\api\controller\iam\ResourceController.java,57
JDK:java.base,N/A,false,MethodCallExpr,java.util.List,add,C:\Users\tyin363\Documents\repos\dibo-software__diboot\rest-api-example\src\main\java\com\example\api\controller\system\FileController.java,85
com.diboot:diboot-iam-spring-boot-starter,3.7.0,false,FieldAccessExpr,com.diboot.iam.annotation.OperationCons,LABEL_LIST,C:\Users\tyin363\Documents\repos\dibo-software__diboot\rest-api-example\src\main\java\com\example\api\controller\iam\LoginTraceController.java,45
JDK:java.base,N/A,false,ClassOrInterfaceType,java.lang.String,String,C:\Users\tyin363\Documents\repos\dibo-software__diboot\rest-api-example\src\main\java\com\example\api\controller\iam\RoleController.java,216
JDK:java.base,N/A,false,MethodCallExpr,java.util.Locale,getLanguage,C:\Users\tyin363\Documents\repos\dibo-software__diboot\rest-api-example\src\main\java\com\example\api\controller\system\I18nConfigController.java,56
com.diboot:diboot-core,3.7.0,true,ClassOrInterfaceType,com.diboot.core.vo.JsonResult,JsonResult,C:\Users\tyin363\Documents\repos\dibo-software__diboot\rest-api-example\src\main\java\com\example\api\controller\iam\TenantController.java,143
com.diboot:diboot-core,3.7.0,true,MethodCallExpr,com.diboot.core.vo.JsonResult,OK,C:\Users\tyin363\Documents\repos\dibo-software__diboot\rest-api-example\src\main\java\com\example\api\controller\system\FileController.java,65
com.diboot:diboot-iam-spring-boot-starter,3.7.0,false,ClassOrInterfaceType,com.diboot.iam.entity.SystemConfig,SystemConfig,C:\Users\tyin363\Documents\repos\dibo-software__diboot\rest-api-example\src\main\java\com\example\api\controller\system\SystemConfigController.java,166
com.diboot:diboot-file-spring-boot-starter,3.7.0,false,ClassOrInterfaceType,com.diboot.file.dto.FileRecordDTO,FileRecordDTO,C:\Users\tyin363\Documents\repos\dibo-software__diboot\rest-api-example\src\main\java\com\example\api\controller\system\FileRecordController.java,43
com.diboot:diboot-file-spring-boot-starter,3.7.0,false,MethodCallExpr,com.diboot.file.entity.FileRecord,getDescription,C:\Users\tyin363\Documents\repos\dibo-software__diboot\rest-api-example\src\main\java\com\example\api\controller\system\FileRecordController.java,76
com.diboot:diboot-iam-spring-boot-starter,3.7.0,false,FieldAccessExpr,com.diboot.iam.annotation.OperationCons,LABEL_UPDATE,C:\Users\tyin363\Documents\repos\dibo-software__diboot\rest-api-example\src\main\java\com\example\api\controller\iam\OrgController.java,99
com.baomidou:mybatis-plus-core,3.5.12,true,MethodCallExpr,com.baomidou.mybatisplus.core.toolkit.Wrappers,lambdaQuery,C:\Users\tyin363\Documents\repos\dibo-software__diboot\rest-api-example\src\main\java\com\example\api\controller\iam\PositionController.java,139
com.diboot:diboot-file-spring-boot-starter,3.7.0,false,ClassOrInterfaceType,com.diboot.file.service.FileRecordService,FileRecordService,C:\Users\tyin363\Documents\repos\dibo-software__diboot\rest-api-example\src\main\java\com\example\api\controller\system\FileController.java,37
org.apache.commons:commons-lang3,3.17.0,true,FieldAccessExpr,org.apache.commons.lang3.StringUtils,EMPTY,C:\Users\tyin363\Documents\repos\dibo-software__diboot\rest-api-example\src\main\java\com\example\api\controller\system\SystemConfigController.java,61
JDK:java.base,N/A,false,ClassOrInterfaceType,java.lang.String,String,C:\Users\tyin363\Documents\repos\dibo-software__diboot\rest-api-example\src\main\java\com\example\api\controller\iam\UserController.java,140
com.diboot:diboot-file-spring-boot-starter,3.7.0,false,MethodCallExpr,com.diboot.file.excel.BaseExcelModel,addComment,C:\Users\tyin363\Documents\repos\dibo-software__diboot\rest-api-example\src\main\java\com\example\api\excel\listener\UserImportExcelListener.java,45
JDK:java.base,N/A,false,MethodCallExpr,java.lang.Class,getSimpleName,C:\Users\tyin363\Documents\repos\dibo-software__diboot\rest-api-example\src\main\java\com\example\api\controller\iam\UserController.java,157
org.springframework:spring-web,6.2.8,true,ClassOrInterfaceType,org.springframework.web.multipart.MultipartFile,MultipartFile,C:\Users\tyin363\Documents\repos\dibo-software__diboot\rest-api-example\src\main\java\com\example\api\controller\iam\UserExcelController.java,91
JDK:java.base,N/A,false,MethodCallExpr,java.util.List,add,C:\Users\tyin363\Documents\repos\dibo-software__diboot\rest-api-example\src\main\java\com\example\api\controller\system\AiSessionRecordController.java,196
com.diboot:diboot-iam-spring-boot-starter,3.7.0,false,ClassOrInterfaceType,com.diboot.iam.entity.IamUser,IamUser,C:\Users\tyin363\Documents\repos\dibo-software__diboot\rest-api-example\src\main\java\com\example\api\controller\iam\RoleController.java,142
com.diboot:diboot-iam-spring-boot-starter,3.7.0,false,FieldAccessExpr,com.diboot.iam.annotation.OperationCons,LABEL_DELETE,C:\Users\tyin363\Documents\repos\dibo-software__diboot\rest-api-example\src\main\java\com\example\api\controller\system\SystemConfigController.java,129
JDK:java.base,N/A,false,ClassOrInterfaceType,java.lang.String,String,C:\Users\tyin363\Documents\repos\dibo-software__diboot\rest-api-example\src\main\java\com\example\api\controller\system\AiSessionController.java,83
JDK:java.base,N/A,false,ClassOrInterfaceType,java.lang.Exception,Exception,C:\Users\tyin363\Documents\repos\dibo-software__diboot\rest-api-example\src\main\java\com\example\api\controller\system\FileController.java,128
com.diboot:diboot-core,3.7.0,true,ClassOrInterfaceType,com.diboot.core.controller.BaseCrudRestController,BaseCrudRestController,C:\Users\tyin363\Documents\repos\dibo-software__diboot\rest-api-example\src\main\java\com\example\api\controller\system\ScheduleJobController.java,37
com.diboot:diboot-core,3.7.0,true,ClassOrInterfaceType,com.diboot.core.controller.BaseCrudRestController,BaseCrudRestController,C:\Users\tyin363\Documents\repos\dibo-software__diboot\rest-api-example\src\main\java\com\example\api\controller\iam\RoleController.java,46
JDK:java.base,N/A,false,ClassOrInterfaceType,java.lang.Exception,Exception,C:\Users\tyin363\Documents\repos\dibo-software__diboot\rest-api-example\src\main\java\com\example\api\controller\iam\RoleController.java,196
jakarta.servlet:jakarta.servlet-api,6.0.0,true,ClassOrInterfaceType,jakarta.servlet.http.HttpServletResponse,HttpServletResponse,C:\Users\tyin363\Documents\repos\dibo-software__diboot\rest-api-example\src\main\java\com\example\api\controller\system\FileController.java,128
com.diboot:diboot-core,3.7.0,true,ClassOrInterfaceType,com.diboot.core.entity.I18nConfig,I18nConfig,C:\Users\tyin363\Documents\repos\dibo-software__diboot\rest-api-example\src\main\java\com\example\api\controller\system\I18nConfigController.java,56
com.diboot:diboot-core,3.7.0,true,ClassOrInterfaceType,com.diboot.core.vo.JsonResult,JsonResult,C:\Users\tyin363\Documents\repos\dibo-software__diboot\rest-api-example\src\main\java\com\example\api\controller\iam\UserController.java,65
JDK:java.base,N/A,false,ClassOrInterfaceType,java.lang.Exception,Exception,C:\Users\tyin363\Documents\repos\dibo-software__diboot\rest-api-example\src\main\java\com\example\api\controller\iam\OrgController.java,116
JDK:java.base,N/A,false,ClassOrInterfaceType,java.lang.String,String,C:\Users\tyin363\Documents\repos\dibo-software__diboot\rest-api-example\src\main\java\com\example\api\controller\iam\PositionController.java,137
com.diboot:diboot-iam-spring-boot-starter,3.7.0,false,ClassOrInterfaceType,com.diboot.iam.dto.IamRoleFormDTO,IamRoleFormDTO,C:\Users\tyin363\Documents\repos\dibo-software__diboot\rest-api-example\src\main\java\com\example\api\controller\iam\RoleController.java,210
JDK:java.base,N/A,false,ClassOrInterfaceType,java.util.Map,Map,C:\Users\tyin363\Documents\repos\dibo-software__diboot\rest-api-example\src\main\java\com\example\api\excel\listener\UserImportExcelListener.java,39
com.diboot:diboot-iam-spring-boot-starter,3.7.0,false,FieldAccessExpr,com.diboot.iam.annotation.OperationCons,LABEL_UPDATE,C:\Users\tyin363\Documents\repos\dibo-software__diboot\rest-api-example\src\main\java\com\example\api\controller\system\AiSessionController.java,111
com.diboot:diboot-file-spring-boot-starter,3.7.0,false,MethodCallExpr,com.diboot.file.service.FileStorageService,save,C:\Users\tyin363\Documents\repos\dibo-software__diboot\rest-api-example\src\main\java\com\example\api\controller\system\FileController.java,63
com.baomidou:mybatis-plus-core,3.5.12,true,MethodCallExpr,com.baomidou.mybatisplus.core.conditions.query.QueryWrapper,lambda,C:\Users\tyin363\Documents\repos\dibo-software__diboot\rest-api-example\src\main\java\com\example\api\controller\iam\OrgController.java,59
com.diboot:diboot-iam-spring-boot-starter,3.7.0,false,MethodReferenceExpr,com.diboot.iam.entity.IamResource,getSortId,C:\Users\tyin363\Documents\repos\dibo-software__diboot\rest-api-example\src\main\java\com\example\api\controller\iam\ResourceController.java,70
com.baomidou:mybatis-plus-core,3.5.12,true,ClassOrInterfaceType,com.baomidou.mybatisplus.core.conditions.query.LambdaQueryWrapper,LambdaQueryWrapper,C:\Users\tyin363\Documents\repos\dibo-software__diboot\rest-api-example\src\main\java\com\example\api\excel\listener\UserImportExcelListener.java,72
com.diboot:diboot-core,3.7.0,true,ClassOrInterfaceType,com.diboot.core.entity.I18nConfig,I18nConfig,C:\Users\tyin363\Documents\repos\dibo-software__diboot\rest-api-example\src\main\java\com\example\api\controller\system\I18nConfigController.java,73
com.diboot:diboot-core,3.7.0,true,ClassOrInterfaceType,com.diboot.core.dto.RelatedDataDTO,RelatedDataDTO,C:\Users\tyin363\Documents\repos\dibo-software__diboot\rest-api-example\src\main\java\com\example\api\controller\CommonController.java,73
CLIENT:client-code,N/A,false,ObjectCreationExpr,com.example.api.excel.model.UserExportModel,UserExportModel,C:\Users\tyin363\Documents\repos\dibo-software__diboot\rest-api-example\src\main\java\com\example\api\controller\iam\UserExcelController.java,137
JDK:java.base,N/A,false,ClassOrInterfaceType,java.lang.String,String,C:\Users\tyin363\Documents\repos\dibo-software__diboot\rest-api-example\src\main\java\com\example\api\controller\iam\UserController.java,170
com.diboot:diboot-iam-spring-boot-starter,3.7.0,false,MethodCallExpr,com.diboot.iam.entity.IamAccount,setAuthAccount,C:\Users\tyin363\Documents\repos\dibo-software__diboot\rest-api-example\src\main\java\com\example\api\job\CasUserSyncJob.java,56
JDK:java.base,N/A,false,ClassOrInterfaceType,java.lang.String,String,C:\Users\tyin363\Documents\repos\dibo-software__diboot\rest-api-example\src\main\java\com\example\api\controller\system\AiSessionRecordController.java,110
com.baomidou:mybatis-plus-core,3.5.12,true,MethodCallExpr,com.baomidou.mybatisplus.core.conditions.interfaces.Func,orderByDesc,C:\Users\tyin363\Documents\repos\dibo-software__diboot\rest-api-example\src\main\java\com\example\api\controller\system\MessageController.java,90
com.diboot:diboot-iam-spring-boot-starter,3.7.0,false,FieldAccessExpr,com.diboot.iam.annotation.OperationCons,CODE_IMPORT,C:\Users\tyin363\Documents\repos\dibo-software__diboot\rest-api-example\src\main\java\com\example\api\controller\iam\UserExcelController.java,67
com.diboot:diboot-core,3.7.0,true,MethodCallExpr,com.diboot.core.vo.JsonResult,OK,C:\Users\tyin363\Documents\repos\dibo-software__diboot\rest-api-example\src\main\java\com\example\api\controller\system\AiSessionRecordController.java,200
com.diboot:diboot-core,3.7.0,true,MethodCallExpr,com.diboot.core.controller.BaseCrudRestController,getViewObject,C:\Users\tyin363\Documents\repos\dibo-software__diboot\rest-api-example\src\main\java\com\example\api\controller\system\FileRecordController.java,62
com.diboot:diboot-core,3.7.0,true,MethodCallExpr,com.diboot.core.vo.JsonResult,OK,C:\Users\tyin363\Documents\repos\dibo-software__diboot\rest-api-example\src\main\java\com\example\api\controller\iam\TenantController.java,182
com.diboot:diboot-iam-spring-boot-starter,3.7.0,false,FieldAccessExpr,com.diboot.iam.annotation.OperationCons,LABEL_DETAIL,C:\Users\tyin363\Documents\repos\dibo-software__diboot\rest-api-example\src\main\java\com\example\api\controller\iam\PositionController.java,77
com.diboot:diboot-core,3.7.0,true,MethodCallExpr,com.diboot.core.vo.JsonResult,FAIL_VALIDATION,C:\Users\tyin363\Documents\repos\dibo-software__diboot\rest-api-example\src\main\java\com\example\api\controller\iam\UserController.java,248
JDK:java.base,N/A,false,ClassOrInterfaceType,java.lang.String,String,C:\Users\tyin363\Documents\repos\dibo-software__diboot\rest-api-example\src\main\java\com\example\api\excel\model\UserImportModel.java,55
com.diboot:diboot-core,3.7.0,true,MethodCallExpr,com.diboot.core.util.V,notEmpty,C:\Users\tyin363\Documents\repos\dibo-software__diboot\rest-api-example\src\main\java\com\example\api\controller\iam\ResourceController.java,176
com.diboot:diboot-iam-spring-boot-starter,3.7.0,false,ClassOrInterfaceType,com.diboot.iam.dto.IamUserSearchDTO,IamUserSearchDTO,C:\Users\tyin363\Documents\repos\dibo-software__diboot\rest-api-example\src\main\java\com\example\api\controller\iam\UserController.java,65
JDK:java.base,N/A,false,ClassOrInterfaceType,java.lang.Exception,Exception,C:\Users\tyin363\Documents\repos\dibo-software__diboot\rest-api-example\src\main\java\com\example\api\controller\system\FileRecordController.java,43
org.mybatis:mybatis,3.5.19,true,ClassOrInterfaceType,org.apache.ibatis.reflection.MetaObject,MetaObject,C:\Users\tyin363\Documents\repos\dibo-software__diboot\rest-api-example\src\main\java\com\example\api\handler\AutoFillMetaObjectHandler.java,30
com.diboot:diboot-core,3.7.0,true,MethodCallExpr,com.diboot.core.vo.JsonResult,OK,C:\Users\tyin363\Documents\repos\dibo-software__diboot\rest-api-example\src\main\java\com\example\api\controller\system\ScheduleJobController.java,177
com.diboot:diboot-iam-spring-boot-starter,3.7.0,false,ClassOrInterfaceType,com.diboot.iam.entity.IamRole,IamRole,C:\Users\tyin363\Documents\repos\dibo-software__diboot\rest-api-example\src\main\java\com\example\api\controller\iam\RoleController.java,174
com.diboot:diboot-iam-spring-boot-starter,3.7.0,false,ClassOrInterfaceType,com.diboot.iam.entity.IamResource,IamResource,C:\Users\tyin363\Documents\repos\dibo-software__diboot\rest-api-example\src\main\java\com\example\api\controller\iam\ResourceController.java,57
com.diboot:diboot-iam-spring-boot-starter,3.7.0,false,FieldAccessExpr,com.diboot.iam.annotation.OperationCons,LABEL_LIST,C:\Users\tyin363\Documents\repos\dibo-software__diboot\rest-api-example\src\main\java\com\example\api\controller\system\DictionaryController.java,50
JDK:java.base,N/A,false,ClassOrInterfaceType,java.lang.String,String,C:\Users\tyin363\Documents\repos\dibo-software__diboot\rest-api-example\src\main\java\com\example\api\controller\iam\AuthTokenController.java,144
com.diboot:diboot-core,3.7.0,true,ClassOrInterfaceType,com.diboot.core.vo.JsonResult,JsonResult,C:\Users\tyin363\Documents\repos\dibo-software__diboot\rest-api-example\src\main\java\com\example\api\controller\system\AiSessionController.java,113
com.diboot:diboot-iam-spring-boot-starter,3.7.0,false,MethodCallExpr,com.diboot.iam.entity.IamAccount,setAuthAccount,C:\Users\tyin363\Documents\repos\dibo-software__diboot\rest-api-example\src\main\java\com\example\api\controller\iam\UserController.java,250
com.diboot:diboot-file-spring-boot-starter,3.7.0,false,MethodCallExpr,com.diboot.file.excel.BaseExcelModel,addComment,C:\Users\tyin363\Documents\repos\dibo-software__diboot\rest-api-example\src\main\java\com\example\api\excel\listener\UserImportExcelListener.java,76
JDK:java.base,N/A,false,ClassOrInterfaceType,java.time.LocalDateTime,LocalDateTime,C:\Users\tyin363\Documents\repos\dibo-software__diboot\rest-api-example\src\main\java\com\example\api\handler\AutoFillMetaObjectHandler.java,26
com.diboot:diboot-iam-spring-boot-starter,3.7.0,false,FieldAccessExpr,com.diboot.iam.annotation.OperationCons,LABEL_CREATE,C:\Users\tyin363\Documents\repos\dibo-software__diboot\rest-api-example\src\main\java\com\example\api\controller\iam\PositionController.java,91
com.diboot:diboot-iam-spring-boot-starter,3.7.0,false,ClassOrInterfaceType,com.diboot.iam.entity.BaseLoginUser,BaseLoginUser,C:\Users\tyin363\Documents\repos\dibo-software__diboot\rest-api-example\src\main\java\com\example\api\controller\iam\AuthTokenController.java,159
JDK:java.base,N/A,false,MethodCallExpr,java.util.Map,put,C:\Users\tyin363\Documents\repos\dibo-software__diboot\rest-api-example\src\main\java\com\example\api\excel\listener\UserImportExcelListener.java,107
com.diboot:diboot-iam-spring-boot-starter,3.7.0,false,MethodCallExpr,com.diboot.iam.entity.IamUser,setMobilePhone,C:\Users\tyin363\Documents\repos\dibo-software__diboot\rest-api-example\src\main\java\com\example\api\controller\iam\UserController.java,203
com.diboot:diboot-core,3.7.0,true,ClassOrInterfaceType,com.diboot.core.vo.JsonResult,JsonResult,C:\Users\tyin363\Documents\repos\dibo-software__diboot\rest-api-example\src\main\java\com\example\api\controller\iam\UserController.java,224
JDK:java.base,N/A,false,ClassOrInterfaceType,java.lang.String,String,C:\Users\tyin363\Documents\repos\dibo-software__diboot\rest-api-example\src\main\java\com\example\api\controller\iam\TenantController.java,223
com.diboot:diboot-iam-spring-boot-starter,3.7.0,false,FieldAccessExpr,com.diboot.iam.annotation.OperationCons,LABEL_DETAIL,C:\Users\tyin363\Documents\repos\dibo-software__diboot\rest-api-example\src\main\java\com\example\api\controller\iam\PositionController.java,76
com.diboot:diboot-iam-spring-boot-starter,3.7.0,false,MethodCallExpr,com.diboot.iam.auth.AuthServiceFactory,getAuthService,C:\Users\tyin363\Documents\repos\dibo-software__diboot\rest-api-example\src\main\java\com\example\api\controller\iam\AuthTokenController.java,198
JDK:java.base,N/A,false,ClassOrInterfaceType,java.util.List,List,C:\Users\tyin363\Documents\repos\dibo-software__diboot\rest-api-example\src\main\java\com\example\api\controller\iam\ClientController.java,120
com.diboot:diboot-core,3.7.0,true,ClassOrInterfaceType,com.diboot.core.vo.JsonResult,JsonResult,C:\Users\tyin363\Documents\repos\dibo-software__diboot\rest-api-example\src\main\java\com\example\api\controller\iam\OrgController.java,74
com.diboot:diboot-iam-spring-boot-starter,3.7.0,false,ClassOrInterfaceType,com.diboot.iam.entity.IamRole,IamRole,C:\Users\tyin363\Documents\repos\dibo-software__diboot\rest-api-example\src\main\java\com\example\api\controller\iam\RoleController.java,175
JDK:java.base,N/A,false,ClassOrInterfaceType,java.lang.String,String,C:\Users\tyin363\Documents\repos\dibo-software__diboot\rest-api-example\src\main\java\com\example\api\excel\model\UserImportModel.java,52
JDK:java.base,N/A,false,ClassOrInterfaceType,java.lang.Exception,Exception,C:\Users\tyin363\Documents\repos\dibo-software__diboot\rest-api-example\src\main\java\com\example\api\controller\iam\RoleController.java,209
com.diboot:diboot-iam-spring-boot-starter,3.7.0,false,ClassOrInterfaceType,com.diboot.iam.entity.IamClient,IamClient,C:\Users\tyin363\Documents\repos\dibo-software__diboot\rest-api-example\src\main\java\com\example\api\controller\iam\ClientController.java,31
com.diboot:diboot-iam-spring-boot-starter,3.7.0,false,FieldAccessExpr,com.diboot.iam.annotation.OperationCons,LABEL_CREATE,C:\Users\tyin363\Documents\repos\dibo-software__diboot\rest-api-example\src\main\java\com\example\api\controller\iam\PositionController.java,90
JDK:java.base,N/A,false,ClassOrInterfaceType,java.util.List,List,C:\Users\tyin363\Documents\repos\dibo-software__diboot\rest-api-example\src\main\java\com\example\api\controller\iam\TenantController.java,211
com.diboot:diboot-iam-spring-boot-starter,3.7.0,false,MethodCallExpr,com.diboot.iam.entity.IamUser,setEmail,C:\Users\tyin363\Documents\repos\dibo-software__diboot\rest-api-example\src\main\java\com\example\api\controller\iam\UserController.java,203
JDK:java.base,N/A,false,ClassOrInterfaceType,java.util.List,List,C:\Users\tyin363\Documents\repos\dibo-software__diboot\rest-api-example\src\main\java\com\example\api\controller\iam\OrgController.java,139
JDK:java.base,N/A,false,ClassOrInterfaceType,java.util.List,List,C:\Users\tyin363\Documents\repos\dibo-software__diboot\rest-api-example\src\main\java\com\example\api\controller\iam\LoginTraceController.java,48
com.diboot:diboot-core,3.7.0,true,ClassOrInterfaceType,com.diboot.core.vo.JsonResult,JsonResult,C:\Users\tyin363\Documents\repos\dibo-software__diboot\rest-api-example\src\main\java\com\example\api\controller\iam\RoleController.java,172
com.diboot:diboot-core,3.7.0,true,MethodCallExpr,com.diboot.core.entity.AbstractEntity,getId,C:\Users\tyin363\Documents\repos\dibo-software__diboot\rest-api-example\src\main\java\com\example\api\controller\iam\UserController.java,188
JDK:java.base,N/A,false,ClassOrInterfaceType,java.lang.Exception,Exception,C:\Users\tyin363\Documents\repos\dibo-software__diboot\rest-api-example\src\main\java\com\example\api\controller\iam\UserExcelController.java,104
com.diboot:diboot-core,3.7.0,true,ClassOrInterfaceType,com.diboot.core.service.DictionaryService,DictionaryService,C:\Users\tyin363\Documents\repos\dibo-software__diboot\rest-api-example\src\main\java\com\example\api\controller\CommonController.java,37
com.diboot:diboot-core,3.7.0,true,ClassOrInterfaceType,com.diboot.core.vo.JsonResult,JsonResult,C:\Users\tyin363\Documents\repos\dibo-software__diboot\rest-api-example\src\main\java\com\example\api\controller\system\DictionaryController.java,135
com.diboot:diboot-core,3.7.0,true,MethodCallExpr,com.diboot.core.service.BaseService,getValuesOfField,C:\Users\tyin363\Documents\repos\dibo-software__diboot\rest-api-example\src\main\java\com\example\api\controller\iam\AuthTokenController.java,183
com.diboot:diboot-scheduler-spring-boot-starter,3.7.0,false,MethodCallExpr,com.diboot.scheduler.service.ScheduleJobService,changeScheduleJobStatus,C:\Users\tyin363\Documents\repos\dibo-software__diboot\rest-api-example\src\main\java\com\example\api\controller\system\ScheduleJobController.java,104
com.diboot:diboot-core,3.7.0,true,MethodCallExpr,com.diboot.core.service.GeneralService,updateEntity,C:\Users\tyin363\Documents\repos\dibo-software__diboot\rest-api-example\src\main\java\com\example\api\controller\system\AiSessionController.java,114
com.diboot:diboot-ai-spring-boot-starter,3.7.0,false,ClassOrInterfaceType,com.diboot.ai.entity.AiSessionRecord,AiSessionRecord,C:\Users\tyin363\Documents\repos\dibo-software__diboot\rest-api-example\src\main\java\com\example\api\controller\system\AiSessionRecordController.java,101
JDK:java.base,N/A,false,ClassOrInterfaceType,java.time.LocalDateTime,LocalDateTime,C:\Users\tyin363\Documents\repos\dibo-software__diboot\rest-api-example\src\main\java\com\example\api\handler\AutoFillMetaObjectHandler.java,24
com.diboot:diboot-ai-spring-boot-starter,3.7.0,false,MethodCallExpr,com.diboot.ai.config.AiConfiguration,getWenxin,C:\Users\tyin363\Documents\repos\dibo-software__diboot\rest-api-example\src\main\java\com\example\api\controller\system\AiSessionRecordController.java,114
JDK:java.base,N/A,false,ObjectCreationExpr,java.lang.String,String,C:\Users\tyin363\Documents\repos\dibo-software__diboot\rest-api-example\src\main\java\com\example\api\controller\iam\AuthTokenController.java,129
JDK:java.base,N/A,false,MethodCallExpr,java.util.Collection,stream,C:\Users\tyin363\Documents\repos\dibo-software__diboot\rest-api-example\src\main\java\com\example\api\excel\listener\UserImportExcelListener.java,117
JDK:java.base,N/A,false,ObjectCreationExpr,java.util.ArrayList,ArrayList,C:\Users\tyin363\Documents\repos\dibo-software__diboot\rest-api-example\src\main\java\com\example\api\controller\system\AiSessionRecordController.java,110
com.diboot:diboot-iam-spring-boot-starter,3.7.0,false,ClassOrInterfaceType,com.diboot.iam.vo.IamUserOrgVO,IamUserOrgVO,C:\Users\tyin363\Documents\repos\dibo-software__diboot\rest-api-example\src\main\java\com\example\api\controller\iam\UserController.java,97
com.diboot:diboot-iam-spring-boot-starter,3.7.0,false,FieldAccessExpr,com.diboot.iam.annotation.OperationCons,CODE_WRITE,C:\Users\tyin363\Documents\repos\dibo-software__diboot\rest-api-example\src\main\java\com\example\api\controller\system\SystemConfigController.java,101
com.diboot:diboot-notification-spring-boot-starter,3.7.0,false,ClassOrInterfaceType,com.diboot.notification.vo.MessageTemplateDetailVO,MessageTemplateDetailVO,C:\Users\tyin363\Documents\repos\dibo-software__diboot\rest-api-example\src\main\java\com\example\api\controller\system\MessageTemplateController.java,68
com.diboot:diboot-core,3.7.0,true,MethodCallExpr,com.diboot.core.vo.JsonResult,FAIL_OPERATION,C:\Users\tyin363\Documents\repos\dibo-software__diboot\rest-api-example\src\main\java\com\example\api\controller\iam\OrgController.java,123
JDK:java.base,N/A,false,ClassOrInterfaceType,java.lang.String,String,C:\Users\tyin363\Documents\repos\dibo-software__diboot\rest-api-example\src\main\java\com\example\api\controller\system\FileController.java,128
com.diboot:diboot-core,3.7.0,true,MethodCallExpr,com.diboot.core.service.BaseService,getEntityList,C:\Users\tyin363\Documents\repos\dibo-software__diboot\rest-api-example\src\main\java\com\example\api\controller\system\I18nConfigController.java,58
com.baomidou:mybatis-plus-core,3.5.12,true,MethodCallExpr,com.baomidou.mybatisplus.core.conditions.interfaces.Compare,eq,C:\Users\tyin363\Documents\repos\dibo-software__diboot\rest-api-example\src\main\java\com\example\api\controller\iam\OperationLogController.java,51
com.diboot:diboot-core,3.7.0,true,ClassOrInterfaceType,com.diboot.core.vo.JsonResult,JsonResult,C:\Users\tyin363\Documents\repos\dibo-software__diboot\rest-api-example\src\main\java\com\example\api\controller\iam\ResourceController.java,159
org.springframework:spring-web,6.2.8,true,ClassOrInterfaceType,org.springframework.web.multipart.MultipartFile,MultipartFile,C:\Users\tyin363\Documents\repos\dibo-software__diboot\rest-api-example\src\main\java\com\example\api\controller\iam\UserExcelController.java,69
JDK:java.base,N/A,false,ClassOrInterfaceType,java.util.Map,Map,C:\Users\tyin363\Documents\repos\dibo-software__diboot\rest-api-example\src\main\java\com\example\api\controller\iam\UserExcelController.java,80
JDK:java.base,N/A,false,MethodCallExpr,java.util.Map,put,C:\Users\tyin363\Documents\repos\dibo-software__diboot\rest-api-example\src\main\java\com\example\api\controller\iam\AuthTokenController.java,169
com.diboot:diboot-core,3.7.0,true,ClassOrInterfaceType,com.diboot.core.exception.BusinessException,BusinessException,C:\Users\tyin363\Documents\repos\dibo-software__diboot\rest-api-example\src\main\java\com\example\api\controller\iam\RoleController.java,191
JDK:java.base,N/A,false,ClassOrInterfaceType,java.lang.String,String,C:\Users\tyin363\Documents\repos\dibo-software__diboot\rest-api-example\src\main\java\com\example\api\controller\system\FileRecordController.java,75
com.diboot:diboot-iam-spring-boot-starter,3.7.0,false,ClassOrInterfaceType,com.diboot.iam.entity.IamAccount,IamAccount,C:\Users\tyin363\Documents\repos\dibo-software__diboot\rest-api-example\src\main\java\com\example\api\excel\listener\UserImportExcelListener.java,117
com.diboot:diboot-iam-spring-boot-starter,3.7.0,false,FieldAccessExpr,com.diboot.iam.annotation.OperationCons,CODE_WRITE,C:\Users\tyin363\Documents\repos\dibo-software__diboot\rest-api-example\src\main\java\com\example\api\controller\system\ScheduleJobController.java,129
com.diboot:diboot-iam-spring-boot-starter,3.7.0,false,FieldAccessExpr,com.diboot.iam.annotation.OperationCons,LABEL_LIST,C:\Users\tyin363\Documents\repos\dibo-software__diboot\rest-api-example\src\main\java\com\example\api\controller\system\AiSessionController.java,61
com.diboot:diboot-iam-spring-boot-starter,3.7.0,false,FieldAccessExpr,com.diboot.iam.annotation.OperationCons,CODE_READ,C:\Users\tyin363\Documents\repos\dibo-software__diboot\rest-api-example\src\main\java\com\example\api\controller\system\AiSessionController.java,81
JDK:java.base,N/A,false,ClassOrInterfaceType,java.lang.Exception,Exception,C:\Users\tyin363\Documents\repos\dibo-software__diboot\rest-api-example\src\main\java\com\example\api\controller\system\I18nConfigController.java,125
JDK:java.base,N/A,false,ClassOrInterfaceType,java.lang.String,String,C:\Users\tyin363\Documents\repos\dibo-software__diboot\rest-api-example\src\main\java\com\example\api\excel\listener\UserImportExcelListener.java,74
com.diboot:diboot-core,3.7.0,true,ClassOrInterfaceType,com.diboot.core.vo.JsonResult,JsonResult,C:\Users\tyin363\Documents\repos\dibo-software__diboot\rest-api-example\src\main\java\com\example\api\controller\iam\AuthTokenController.java,197
com.diboot:diboot-core,3.7.0,true,MethodCallExpr,com.diboot.core.controller.BaseCrudRestController,createEntity,C:\Users\tyin363\Documents\repos\dibo-software__diboot\rest-api-example\src\main\java\com\example\api\controller\iam\ClientController.java,77
JDK:java.base,N/A,false,ClassOrInterfaceType,java.util.List,List,C:\Users\tyin363\Documents\repos\dibo-software__diboot\rest-api-example\src\main\java\com\example\api\controller\iam\LoginTraceController.java,50
com.diboot:diboot-core,3.7.0,true,MethodCallExpr,com.diboot.core.controller.BaseCrudRestController,updateEntity,C:\Users\tyin363\Documents\repos\dibo-software__diboot\rest-api-example\src\main\java\com\example\api\controller\iam\OrgController.java,103
JDK:java.base,N/A,false,ClassOrInterfaceType,java.lang.String,String,C:\Users\tyin363\Documents\repos\dibo-software__diboot\rest-api-example\src\main\java\com\example\api\excel\model\UserImportModel.java,59
com.baomidou:mybatis-plus-core,3.5.12,true,MethodCallExpr,com.baomidou.mybatisplus.core.conditions.AbstractWrapper,ne,C:\Users\tyin363\Documents\repos\dibo-software__diboot\rest-api-example\src\main\java\com\example\api\controller\system\DictionaryController.java,170
com.diboot:diboot-core,3.7.0,true,ClassOrInterfaceType,com.diboot.core.vo.JsonResult,JsonResult,C:\Users\tyin363\Documents\repos\dibo-software__diboot\rest-api-example\src\main\java\com\example\api\controller\iam\GroupController.java,59
org.springframework:spring-webmvc,6.2.8,true,MethodCallExpr,org.springframework.web.servlet.mvc.method.annotation.ResponseBodyEmitter,complete,C:\Users\tyin363\Documents\repos\dibo-software__diboot\rest-api-example\src\main\java\com\example\api\controller\system\AiSessionRecordController.java,140
jakarta.servlet:jakarta.servlet-api,6.0.0,true,ClassOrInterfaceType,jakarta.servlet.http.HttpServletResponse,HttpServletResponse,C:\Users\tyin363\Documents\repos\dibo-software__diboot\rest-api-example\src\main\java\com\example\api\controller\system\AiSessionRecordController.java,129
JDK:java.base,N/A,false,ClassOrInterfaceType,java.lang.Exception,Exception,C:\Users\tyin363\Documents\repos\dibo-software__diboot\rest-api-example\src\main\java\com\example\api\controller\system\DictionaryController.java,71
JDK:java.base,N/A,false,ClassOrInterfaceType,java.lang.String,String,C:\Users\tyin363\Documents\repos\dibo-software__diboot\rest-api-example\src\main\java\com\example\api\excel\model\UserExportModel.java,22
com.diboot:diboot-iam-spring-boot-starter,3.7.0,false,MethodCallExpr,com.diboot.iam.service.IamLoginTraceService,appendLoginStatus,C:\Users\tyin363\Documents\repos\dibo-software__diboot\rest-api-example\src\main\java\com\example\api\controller\iam\LoginTraceController.java,51
com.diboot:diboot-iam-spring-boot-starter,3.7.0,false,FieldAccessExpr,com.diboot.iam.annotation.OperationCons,CODE_WRITE,C:\Users\tyin363\Documents\repos\dibo-software__diboot\rest-api-example\src\main\java\com\example\api\controller\iam\ResourceController.java,148
com.diboot:diboot-core,3.7.0,true,ClassOrInterfaceType,com.diboot.core.vo.JsonResult,JsonResult,C:\Users\tyin363\Documents\repos\dibo-software__diboot\rest-api-example\src\main\java\com\example\api\controller\iam\ClientController.java,62
com.diboot:diboot-core,3.7.0,true,ClassOrInterfaceType,com.diboot.core.vo.JsonResult,JsonResult,C:\Users\tyin363\Documents\repos\dibo-software__diboot\rest-api-example\src\main\java\com\example\api\controller\system\MessageController.java,55
org.springframework:spring-web,6.2.8,true,MethodCallExpr,org.springframework.web.multipart.MultipartFile,getOriginalFilename,C:\Users\tyin363\Documents\repos\dibo-software__diboot\rest-api-example\src\main\java\com\example\api\controller\system\FileController.java,59
com.diboot:diboot-iam-spring-boot-starter,3.7.0,false,FieldAccessExpr,com.diboot.iam.annotation.OperationCons,LABEL_DETAIL,C:\Users\tyin363\Documents\repos\dibo-software__diboot\rest-api-example\src\main\java\com\example\api\controller\iam\OperationLogController.java,72
JDK:java.base,N/A,false,ClassOrInterfaceType,java.lang.String,String,C:\Users\tyin363\Documents\repos\dibo-software__diboot\rest-api-example\src\main\java\com\example\api\controller\system\DictionaryController.java,71
com.diboot:diboot-iam-spring-boot-starter,3.7.0,false,MethodCallExpr,com.diboot.iam.entity.IamLoginTrace,getUserType,C:\Users\tyin363\Documents\repos\dibo-software__diboot\rest-api-example\src\main\java\com\example\api\controller\iam\LoginTraceController.java,72
com.diboot:diboot-iam-spring-boot-starter,3.7.0,false,ClassOrInterfaceType,com.diboot.iam.entity.IamUser,IamUser,C:\Users\tyin363\Documents\repos\dibo-software__diboot\rest-api-example\src\main\java\com\example\api\excel\listener\UserImportExcelListener.java,97
com.diboot:diboot-core,3.7.0,true,MethodCallExpr,com.diboot.core.controller.BaseCrudRestController,createEntity,C:\Users\tyin363\Documents\repos\dibo-software__diboot\rest-api-example\src\main\java\com\example\api\controller\iam\GroupController.java,74
com.baomidou:mybatis-plus-core,3.5.12,true,MethodCallExpr,com.baomidou.mybatisplus.core.toolkit.Wrappers,lambdaQuery,C:\Users\tyin363\Documents\repos\dibo-software__diboot\rest-api-example\src\main\java\com\example\api\controller\system\I18nConfigController.java,129
com.diboot:diboot-core,3.7.0,true,MethodCallExpr,com.diboot.core.util.V,notEmpty,C:\Users\tyin363\Documents\repos\dibo-software__diboot\rest-api-example\src\main\java\com\example\api\controller\system\I18nConfigController.java,130
JDK:java.base,N/A,false,MethodCallExpr,java.util.List,size,C:\Users\tyin363\Documents\repos\dibo-software__diboot\rest-api-example\src\main\java\com\example\api\excel\listener\UserImportExcelListener.java,69
com.diboot:diboot-iam-spring-boot-starter,3.7.0,false,FieldAccessExpr,com.diboot.iam.annotation.OperationCons,LABEL_LIST,C:\Users\tyin363\Documents\repos\dibo-software__diboot\rest-api-example\src\main\java\com\example\api\controller\system\AiSessionController.java,60
JDK:java.base,N/A,false,MethodCallExpr,java.util.Base64.Decoder,decode,C:\Users\tyin363\Documents\repos\dibo-software__diboot\rest-api-example\src\main\java\com\example\api\controller\iam\AuthTokenController.java,121
org.springframework:spring-web,6.2.8,true,MethodCallExpr,org.springframework.web.multipart.MultipartFile,getOriginalFilename,C:\Users\tyin363\Documents\repos\dibo-software__diboot\rest-api-example\src\main\java\com\example\api\controller\system\FileController.java,56
JDK:java.base,N/A,false,MethodCallExpr,javax.crypto.Cipher,getInstance,C:\Users\tyin363\Documents\repos\dibo-software__diboot\rest-api-example\src\main\java\com\example\api\controller\iam\AuthTokenController.java,127
com.diboot:diboot-iam-spring-boot-starter,3.7.0,false,ClassOrInterfaceType,com.diboot.iam.entity.IamUser,IamUser,C:\Users\tyin363\Documents\repos\dibo-software__diboot\rest-api-example\src\main\java\com\example\api\controller\iam\UserController.java,188
com.diboot:diboot-core,3.7.0,true,MethodCallExpr,com.diboot.core.vo.JsonResult,OK,C:\Users\tyin363\Documents\repos\dibo-software__diboot\rest-api-example\src\main\java\com\example\api\controller\system\FileController.java,91
com.diboot:diboot-iam-spring-boot-starter,3.7.0,false,ClassOrInterfaceType,com.diboot.iam.dto.SsoAuthorizeInfo,SsoAuthorizeInfo,C:\Users\tyin363\Documents\repos\dibo-software__diboot\rest-api-example\src\main\java\com\example\api\controller\iam\SSOClientController.java,38
com.diboot:diboot-ai-spring-boot-starter,3.7.0,false,MethodCallExpr,com.diboot.ai.config.AiConfiguration,getKimi,C:\Users\tyin363\Documents\repos\dibo-software__diboot\rest-api-example\src\main\java\com\example\api\controller\system\AiSessionRecordController.java,113
com.diboot:diboot-core,3.7.0,true,ClassOrInterfaceType,com.diboot.core.vo.JsonResult,JsonResult,C:\Users\tyin363\Documents\repos\dibo-software__diboot\rest-api-example\src\main\java\com\example\api\controller\system\ScheduleJobController.java,141
JDK:java.base,N/A,false,MethodCallExpr,java.lang.Enum,name,C:\Users\tyin363\Documents\repos\dibo-software__diboot\rest-api-example\src\main\java\com\example\api\controller\system\DictionaryController.java,57
com.diboot:diboot-tenant-spring-boot-starter,3.7.0,false,ClassOrInterfaceType,com.diboot.tenant.service.IamTenantService,IamTenantService,C:\Users\tyin363\Documents\repos\dibo-software__diboot\rest-api-example\src\main\java\com\example\api\controller\iam\TenantController.java,49
com.diboot:diboot-iam-spring-boot-starter,3.7.0,false,MethodReferenceExpr,com.diboot.iam.entity.IamOrg,getSortId,C:\Users\tyin363\Documents\repos\dibo-software__diboot\rest-api-example\src\main\java\com\example\api\controller\iam\OrgController.java,59
com.diboot:diboot-core,3.7.0,true,ClassOrInterfaceType,com.diboot.core.service.I18nConfigService,I18nConfigService,C:\Users\tyin363\Documents\repos\dibo-software__diboot\rest-api-example\src\main\java\com\example\api\controller\system\I18nConfigController.java,45
com.diboot:diboot-core,3.7.0,true,MethodCallExpr,com.diboot.core.vo.JsonResult,OK,C:\Users\tyin363\Documents\repos\dibo-software__diboot\rest-api-example\src\main\java\com\example\api\controller\iam\AuthTokenController.java,110
com.diboot:diboot-iam-spring-boot-starter,3.7.0,false,ClassOrInterfaceType,com.diboot.iam.entity.IamUser,IamUser,C:\Users\tyin363\Documents\repos\dibo-software__diboot\rest-api-example\src\main\java\com\example\api\controller\iam\OperationLogController.java,51
com.diboot:diboot-core,3.7.0,true,MethodCallExpr,com.diboot.core.util.ContextHolder,getBean,C:\Users\tyin363\Documents\repos\dibo-software__diboot\rest-api-example\src\main\java\com\example\api\job\CasUserSyncJob.java,53
com.diboot:diboot-iam-spring-boot-starter,3.7.0,false,ClassOrInterfaceType,com.diboot.iam.dto.ClientCredential,ClientCredential,C:\Users\tyin363\Documents\repos\dibo-software__diboot\rest-api-example\src\main\java\com\example\api\controller\iam\AuthTokenController.java,197
JDK:java.base,N/A,false,ClassOrInterfaceType,java.lang.String,String,C:\Users\tyin363\Documents\repos\dibo-software__diboot\rest-api-example\src\main\java\com\example\api\controller\iam\SSOClientController.java,56
com.diboot:diboot-core,3.7.0,true,MethodCallExpr,com.diboot.core.util.JSON,parseArray,C:\Users\tyin363\Documents\repos\dibo-software__diboot\rest-api-example\src\main\java\com\example\api\controller\iam\UserController.java,70
JDK:java.base,N/A,false,MethodCallExpr,java.util.Map,entrySet,C:\Users\tyin363\Documents\repos\dibo-software__diboot\rest-api-example\src\main\java\com\example\api\excel\listener\UserImportExcelListener.java,117
com.baomidou:mybatis-plus-core,3.5.12,true,MethodCallExpr,com.baomidou.mybatisplus.core.conditions.interfaces.Compare,ne,C:\Users\tyin363\Documents\repos\dibo-software__diboot\rest-api-example\src\main\java\com\example\api\controller\iam\OrgController.java,171
com.diboot:diboot-core,3.7.0,true,MethodCallExpr,com.diboot.core.vo.JsonResult,FAIL_VALIDATION,C:\Users\tyin363\Documents\repos\dibo-software__diboot\rest-api-example\src\main\java\com\example\api\controller\iam\ResourceController.java,179
com.diboot:diboot-iam-spring-boot-starter,3.7.0,false,ClassOrInterfaceType,com.diboot.iam.vo.IamUserVO,IamUserVO,C:\Users\tyin363\Documents\repos\dibo-software__diboot\rest-api-example\src\main\java\com\example\api\controller\iam\UserExcelController.java,136
com.diboot:diboot-core,3.7.0,true,ClassOrInterfaceType,com.diboot.core.controller.BaseController,BaseController,C:\Users\tyin363\Documents\repos\dibo-software__diboot\rest-api-example\src\main\java\com\example\api\controller\CommonController.java,31
JDK:java.base,N/A,false,ClassOrInterfaceType,java.lang.String,String,C:\Users\tyin363\Documents\repos\dibo-software__diboot\rest-api-example\src\main\java\com\example\api\controller\system\MessageTemplateController.java,95
com.diboot:diboot-iam-spring-boot-starter,3.7.0,false,ClassOrInterfaceType,com.diboot.iam.vo.IamOrgVO,IamOrgVO,C:\Users\tyin363\Documents\repos\dibo-software__diboot\rest-api-example\src\main\java\com\example\api\controller\iam\OrgController.java,60
com.diboot:diboot-core,3.7.0,true,MethodReferenceExpr,com.diboot.core.entity.I18nConfig,getCode,C:\Users\tyin363\Documents\repos\dibo-software__diboot\rest-api-example\src\main\java\com\example\api\controller\system\I18nConfigController.java,59
JDK:java.base,N/A,false,ClassOrInterfaceType,java.lang.String,String,C:\Users\tyin363\Documents\repos\dibo-software__diboot\rest-api-example\src\main\java\com\example\api\controller\iam\ClientController.java,136
com.diboot:diboot-core,3.7.0,true,FieldAccessExpr,com.diboot.core.vo.Pagination,ORDER_BY_CREATE_TIME_DESC,C:\Users\tyin363\Documents\repos\dibo-software__diboot\rest-api-example\src\main\java\com\example\api\controller\system\FileRecordController.java,46
com.pig4cloud.plugin:captcha-core,2.2.5,false,MethodCallExpr,com.pig4cloud.captcha.ArithmeticCaptcha,out,C:\Users\tyin363\Documents\repos\dibo-software__diboot\rest-api-example\src\main\java\com\example\api\controller\iam\AuthTokenController.java,89
com.diboot:diboot-iam-spring-boot-starter,3.7.0,false,ClassOrInterfaceType,com.diboot.iam.entity.IamUser,IamUser,C:\Users\tyin363\Documents\repos\dibo-software__diboot\rest-api-example\src\main\java\com\example\api\controller\iam\AuthTokenController.java,168
com.diboot:diboot-notification-spring-boot-starter,3.7.0,false,ClassOrInterfaceType,com.diboot.notification.entity.MessageTemplate,MessageTemplate,C:\Users\tyin363\Documents\repos\dibo-software__diboot\rest-api-example\src\main\java\com\example\api\controller\system\MessageTemplateController.java,81
com.diboot:diboot-core,3.7.0,true,MethodCallExpr,com.diboot.core.controller.BaseCrudRestController,updateEntity,C:\Users\tyin363\Documents\repos\dibo-software__diboot\rest-api-example\src\main\java\com\example\api\controller\iam\GroupController.java,88
com.diboot:diboot-iam-spring-boot-starter,3.7.0,false,ClassOrInterfaceType,com.diboot.iam.entity.IamUser,IamUser,C:\Users\tyin363\Documents\repos\dibo-software__diboot\rest-api-example\src\main\java\com\example\api\excel\listener\UserImportExcelListener.java,99
com.baomidou:mybatis-plus-core,3.5.12,true,MethodCallExpr,com.baomidou.mybatisplus.core.conditions.query.QueryWrapper,lambda,C:\Users\tyin363\Documents\repos\dibo-software__diboot\rest-api-example\src\main\java\com\example\api\controller\system\SystemConfigController.java,61
com.diboot:diboot-core,3.7.0,true,ClassOrInterfaceType,com.diboot.core.vo.JsonResult,JsonResult,C:\Users\tyin363\Documents\repos\dibo-software__diboot\rest-api-example\src\main\java\com\example\api\controller\system\I18nConfigController.java,86
com.baomidou:mybatis-plus-core,3.5.12,true,MethodCallExpr,com.baomidou.mybatisplus.core.toolkit.Wrappers,lambdaQuery,C:\Users\tyin363\Documents\repos\dibo-software__diboot\rest-api-example\src\main\java\com\example\api\controller\iam\TenantController.java,195
JDK:java.base,N/A,false,ClassOrInterfaceType,java.lang.String,String,C:\Users\tyin363\Documents\repos\dibo-software__diboot\rest-api-example\src\main\java\com\example\api\excel\listener\UserImportExcelListener.java,75
JDK:java.base,N/A,false,MethodCallExpr,java.util.Base64.Decoder,decode,C:\Users\tyin363\Documents\repos\dibo-software__diboot\rest-api-example\src\main\java\com\example\api\controller\iam\AuthTokenController.java,123
com.diboot:diboot-iam-spring-boot-starter,3.7.0,false,MethodCallExpr,com.diboot.iam.entity.IamUser,getMobilePhone,C:\Users\tyin363\Documents\repos\dibo-software__diboot\rest-api-example\src\main\java\com\example\api\controller\iam\UserController.java,205
com.diboot:diboot-iam-spring-boot-starter,3.7.0,false,MethodReferenceExpr,com.diboot.iam.entity.IamOperationLog,getUserType,C:\Users\tyin363\Documents\repos\dibo-software__diboot\rest-api-example\src\main\java\com\example\api\controller\iam\OperationLogController.java,54
JDK:java.base,N/A,false,ClassOrInterfaceType,java.lang.String,String,C:\Users\tyin363\Documents\repos\dibo-software__diboot\rest-api-example\src\main\java\com\example\api\controller\iam\UserExcelController.java,104
com.diboot:diboot-iam-spring-boot-starter,3.7.0,false,ClassOrInterfaceType,com.diboot.iam.service.SystemConfigService,SystemConfigService,C:\Users\tyin363\Documents\repos\dibo-software__diboot\rest-api-example\src\main\java\com\example\api\controller\system\SystemConfigController.java,35
com.diboot:diboot-core,3.7.0,true,MethodCallExpr,com.diboot.core.controller.BaseCrudRestController,getService,C:\Users\tyin363\Documents\repos\dibo-software__diboot\rest-api-example\src\main\java\com\example\api\controller\iam\RoleController.java,197
com.diboot:diboot-scheduler-spring-boot-starter,3.7.0,false,ClassOrInterfaceType,com.diboot.scheduler.entity.ScheduleJob,ScheduleJob,C:\Users\tyin363\Documents\repos\dibo-software__diboot\rest-api-example\src\main\java\com\example\api\controller\system\ScheduleJobController.java,78
JDK:java.base,N/A,false,ClassOrInterfaceType,java.lang.String,String,C:\Users\tyin363\Documents\repos\dibo-software__diboot\rest-api-example\src\main\java\com\example\api\controller\iam\UserExcelController.java,111
com.diboot:diboot-iam-spring-boot-starter,3.7.0,false,ClassOrInterfaceType,com.diboot.iam.entity.IamUserRole,IamUserRole,C:\Users\tyin363\Documents\repos\dibo-software__diboot\rest-api-example\src\main\java\com\example\api\excel\listener\UserImportExcelListener.java,110
com.diboot:diboot-core,3.7.0,true,MethodCallExpr,com.diboot.core.controller.BaseCrudRestController,updateEntity,C:\Users\tyin363\Documents\repos\dibo-software__diboot\rest-api-example\src\main\java\com\example\api\controller\iam\PositionController.java,108
com.diboot:diboot-iam-spring-boot-starter,3.7.0,false,ClassOrInterfaceType,com.diboot.iam.entity.IamLoginTrace,IamLoginTrace,C:\Users\tyin363\Documents\repos\dibo-software__diboot\rest-api-example\src\main\java\com\example\api\controller\iam\LoginTraceController.java,68
JDK:java.base,N/A,false,ClassOrInterfaceType,java.lang.Object,Object,C:\Users\tyin363\Documents\repos\dibo-software__diboot\rest-api-example\src\main\java\com\example\api\controller\iam\UserExcelController.java,91
com.diboot:diboot-core,3.7.0,true,MethodCallExpr,com.diboot.core.dto.RelatedDataDTO,getType,C:\Users\tyin363\Documents\repos\dibo-software__diboot\rest-api-example\src\main\java\com\example\api\controller\CommonController.java,92
com.diboot:diboot-core,3.7.0,true,MethodCallExpr,com.diboot.core.vo.Pagination,getOrderBy,C:\Users\tyin363\Documents\repos\dibo-software__diboot\rest-api-example\src\main\java\com\example\api\controller\iam\OperationLogController.java,43
com.diboot:diboot-core,3.7.0,true,MethodCallExpr,com.diboot.core.util.V,isEmpty,C:\Users\tyin363\Documents\repos\dibo-software__diboot\rest-api-example\src\main\java\com\example\api\controller\system\ScheduleJobController.java,158
com.diboot:diboot-core,3.7.0,true,MethodCallExpr,com.diboot.core.vo.JsonResult,OK,C:\Users\tyin363\Documents\repos\dibo-software__diboot\rest-api-example\src\main\java\com\example\api\controller\iam\UserController.java,235
com.diboot:diboot-iam-spring-boot-starter,3.7.0,false,MethodCallExpr,com.diboot.iam.service.IamResourceService,createMenuResources,C:\Users\tyin363\Documents\repos\dibo-software__diboot\rest-api-example\src\main\java\com\example\api\controller\iam\ResourceController.java,108
com.diboot:diboot-core,3.7.0,true,MethodCallExpr,com.diboot.core.entity.AbstractEntity,getId,C:\Users\tyin363\Documents\repos\dibo-software__diboot\rest-api-example\src\main\java\com\example\api\excel\listener\UserImportExcelListener.java,117
com.diboot:diboot-iam-spring-boot-starter,3.7.0,false,MethodReferenceExpr,com.diboot.iam.entity.IamResource,getSortId,C:\Users\tyin363\Documents\repos\dibo-software__diboot\rest-api-example\src\main\java\com\example\api\controller\iam\ResourceController.java,78
com.baomidou:mybatis-plus-core,3.5.12,true,ClassOrInterfaceType,com.baomidou.mybatisplus.core.conditions.query.QueryWrapper,QueryWrapper,C:\Users\tyin363\Documents\repos\dibo-software__diboot\rest-api-example\src\main\java\com\example\api\controller\system\ScheduleJobController.java,157
com.diboot:diboot-iam-spring-boot-starter,3.7.0,false,MethodCallExpr,com.diboot.iam.service.IamUserRoleService,getUserRoleList,C:\Users\tyin363\Documents\repos\dibo-software__diboot\rest-api-example\src\main\java\com\example\api\controller\iam\AuthTokenController.java,168
com.diboot:diboot-core,3.7.0,true,MethodCallExpr,com.diboot.core.vo.JsonResult,OK,C:\Users\tyin363\Documents\repos\dibo-software__diboot\rest-api-example\src\main\java\com\example\api\controller\iam\ResourceController.java,182
com.diboot:diboot-iam-spring-boot-starter,3.7.0,false,FieldAccessExpr,com.diboot.iam.annotation.OperationCons,LABEL_UPDATE,C:\Users\tyin363\Documents\repos\dibo-software__diboot\rest-api-example\src\main\java\com\example\api\controller\system\SystemConfigController.java,100
JDK:java.base,N/A,false,ClassOrInterfaceType,java.util.List,List,C:\Users\tyin363\Documents\repos\dibo-software__diboot\rest-api-example\src\main\java\com\example\api\controller\iam\ResourceController.java,79
com.diboot:diboot-tenant-spring-boot-starter,3.7.0,false,ClassOrInterfaceType,com.diboot.tenant.vo.IamTenantListVO,IamTenantListVO,C:\Users\tyin363\Documents\repos\dibo-software__diboot\rest-api-example\src\main\java\com\example\api\controller\iam\TenantController.java,69
JDK:java.base,N/A,false,ClassOrInterfaceType,java.lang.Exception,Exception,C:\Users\tyin363\Documents\repos\dibo-software__diboot\rest-api-example\src\main\java\com\example\api\controller\iam\LoginTraceController.java,64
com.diboot:diboot-ai-spring-boot-starter,3.7.0,false,ClassOrInterfaceType,com.diboot.ai.entity.AiSession,AiSession,C:\Users\tyin363\Documents\repos\dibo-software__diboot\rest-api-example\src\main\java\com\example\api\controller\system\AiSessionController.java,63
com.diboot:diboot-iam-spring-boot-starter,3.7.0,false,MethodCallExpr,com.diboot.iam.entity.IamUser,setRealname,C:\Users\tyin363\Documents\repos\dibo-software__diboot\rest-api-example\src\main\java\com\example\api\job\CasUserSyncJob.java,48
com.diboot:diboot-iam-spring-boot-starter,3.7.0,false,ClassOrInterfaceType,com.diboot.iam.entity.IamUser,IamUser,C:\Users\tyin363\Documents\repos\dibo-software__diboot\rest-api-example\src\main\java\com\example\api\controller\iam\UserController.java,187
com.diboot:diboot-core,3.7.0,true,ClassOrInterfaceType,com.diboot.core.vo.JsonResult,JsonResult,C:\Users\tyin363\Documents\repos\dibo-software__diboot\rest-api-example\src\main\java\com\example\api\controller\system\SystemConfigController.java,103
com.diboot:diboot-core,3.7.0,true,MethodCallExpr,com.diboot.core.util.V,isEmpty,C:\Users\tyin363\Documents\repos\dibo-software__diboot\rest-api-example\src\main\java\com\example\api\controller\iam\TenantController.java,181
com.diboot:diboot-iam-spring-boot-starter,3.7.0,false,ClassOrInterfaceType,com.diboot.iam.entity.IamPosition,IamPosition,C:\Users\tyin363\Documents\repos\dibo-software__diboot\rest-api-example\src\main\java\com\example\api\controller\iam\PositionController.java,54
com.baomidou:mybatis-plus-core,3.5.12,true,MethodCallExpr,com.baomidou.mybatisplus.core.toolkit.Wrappers,lambdaQuery,C:\Users\tyin363\Documents\repos\dibo-software__diboot\rest-api-example\src\main\java\com\example\api\controller\iam\ResourceController.java,68
CLIENT:client-code,N/A,false,MethodCallExpr,com.example.api.controller.iam.AuthTokenController,decrypt,C:\Users\tyin363\Documents\repos\dibo-software__diboot\rest-api-example\src\main\java\com\example\api\controller\iam\AuthTokenController.java,109
com.diboot:diboot-file-spring-boot-starter,3.7.0,false,MethodCallExpr,com.diboot.file.util.ImageHelper,isImage,C:\Users\tyin363\Documents\repos\dibo-software__diboot\rest-api-example\src\main\java\com\example\api\controller\system\FileController.java,137
JDK:java.base,N/A,false,ClassOrInterfaceType,java.lang.String,String,C:\Users\tyin363\Documents\repos\dibo-software__diboot\rest-api-example\src\main\java\com\example\api\excel\model\UserImportModel.java,64
com.diboot:diboot-scheduler-spring-boot-starter,3.7.0,false,ClassOrInterfaceType,com.diboot.scheduler.vo.ScheduleJobLogVO,ScheduleJobLogVO,C:\Users\tyin363\Documents\repos\dibo-software__diboot\rest-api-example\src\main\java\com\example\api\controller\system\ScheduleJobController.java,176
JDK:java.base,N/A,false,MethodCallExpr,java.util.Map,put,C:\Users\tyin363\Documents\repos\dibo-software__diboot\rest-api-example\src\main\java\com\example\api\controller\iam\AuthTokenController.java,183
JDK:java.base,N/A,false,ClassOrInterfaceType,java.util.Map,Map,C:\Users\tyin363\Documents\repos\dibo-software__diboot\rest-api-example\src\main\java\com\example\api\controller\iam\UserExcelController.java,91
com.diboot:diboot-iam-spring-boot-starter,3.7.0,false,ClassOrInterfaceType,com.diboot.iam.service.IamAccountService,IamAccountService,C:\Users\tyin363\Documents\repos\dibo-software__diboot\rest-api-example\src\main\java\com\example\api\excel\listener\UserImportExcelListener.java,68
JDK:java.base,N/A,false,ClassOrInterfaceType,java.lang.Exception,Exception,C:\Users\tyin363\Documents\repos\dibo-software__diboot\rest-api-example\src\main\java\com\example\api\controller\system\AiSessionController.java,48
JDK:java.base,N/A,false,MethodCallExpr,java.util.Collection,stream,C:\Users\tyin363\Documents\repos\dibo-software__diboot\rest-api-example\src\main\java\com\example\api\controller\iam\AuthTokenController.java,179
JDK:java.base,N/A,false,ClassOrInterfaceType,java.lang.Exception,Exception,C:\Users\tyin363\Documents\repos\dibo-software__diboot\rest-api-example\src\main\java\com\example\api\controller\iam\TenantController.java,83
JDK:java.base,N/A,false,ClassOrInterfaceType,java.util.List,List,C:\Users\tyin363\Documents\repos\dibo-software__diboot\rest-api-example\src\main\java\com\example\api\controller\iam\ResourceController.java,80
JDK:java.base,N/A,false,ClassOrInterfaceType,java.lang.Exception,Exception,C:\Users\tyin363\Documents\repos\dibo-software__diboot\rest-api-example\src\main\java\com\example\api\controller\system\ScheduleJobController.java,78
com.diboot:diboot-core,3.7.0,true,MethodCallExpr,com.diboot.core.controller.BaseCrudRestController,getViewObjectList,C:\Users\tyin363\Documents\repos\dibo-software__diboot\rest-api-example\src\main\java\com\example\api\controller\iam\GroupController.java,45
JDK:java.base,N/A,false,ClassOrInterfaceType,java.util.List,List,C:\Users\tyin363\Documents\repos\dibo-software__diboot\rest-api-example\src\main\java\com\example\api\excel\listener\UserImportExcelListener.java,58
com.diboot:diboot-core,3.7.0,true,ClassOrInterfaceType,com.diboot.core.cache.BaseCacheManager,BaseCacheManager,C:\Users\tyin363\Documents\repos\dibo-software__diboot\rest-api-example\src\main\java\com\example\api\controller\iam\AuthTokenController.java,70
com.diboot:diboot-core,3.7.0,true,MethodCallExpr,com.diboot.core.cache.BaseCacheManager,getCacheString,C:\Users\tyin363\Documents\repos\dibo-software__diboot\rest-api-example\src\main\java\com\example\api\controller\iam\AuthTokenController.java,103
com.diboot:diboot-iam-spring-boot-starter,3.7.0,false,ClassOrInterfaceType,com.diboot.iam.entity.IamUserPosition,IamUserPosition,C:\Users\tyin363\Documents\repos\dibo-software__diboot\rest-api-example\src\main\java\com\example\api\controller\iam\PositionController.java,122
com.diboot:diboot-file-spring-boot-starter,3.7.0,false,ClassOrInterfaceType,com.diboot.file.entity.FileRecord,FileRecord,C:\Users\tyin363\Documents\repos\dibo-software__diboot\rest-api-example\src\main\java\com\example\api\controller\system\FileController.java,63
com.diboot:diboot-core,3.7.0,true,ClassOrInterfaceType,com.diboot.core.vo.JsonResult,JsonResult,C:\Users\tyin363\Documents\repos\dibo-software__diboot\rest-api-example\src\main\java\com\example\api\controller\iam\TenantController.java,154
com.diboot:diboot-core,3.7.0,true,MethodCallExpr,com.diboot.core.controller.BaseCrudRestController,createEntity,C:\Users\tyin363\Documents\repos\dibo-software__diboot\rest-api-example\src\main\java\com\example\api\controller\iam\OrgController.java,89
com.baomidou:mybatis-plus-core,3.5.12,true,ClassOrInterfaceType,com.baomidou.mybatisplus.core.conditions.query.QueryWrapper,QueryWrapper,C:\Users\tyin363\Documents\repos\dibo-software__diboot\rest-api-example\src\main\java\com\example\api\controller\iam\UserController.java,77
org.springframework:spring-web,6.2.8,true,MethodCallExpr,org.springframework.web.multipart.MultipartFile,getOriginalFilename,C:\Users\tyin363\Documents\repos\dibo-software__diboot\rest-api-example\src\main\java\com\example\api\controller\system\FileController.java,60
JDK:java.base,N/A,false,ClassOrInterfaceType,java.lang.String,String,C:\Users\tyin363\Documents\repos\dibo-software__diboot\rest-api-example\src\main\java\com\example\api\excel\model\UserImportModel.java,61
com.diboot:diboot-tenant-spring-boot-starter,3.7.0,false,ClassOrInterfaceType,com.diboot.tenant.entity.IamTenant,IamTenant,C:\Users\tyin363\Documents\repos\dibo-software__diboot\rest-api-example\src\main\java\com\example\api\controller\iam\TenantController.java,99
org.apache.shiro:shiro-core,2.0.2,true,MethodCallExpr,org.apache.shiro.SecurityUtils,getSubject,C:\Users\tyin363\Documents\repos\dibo-software__diboot\rest-api-example\src\main\java\com\example\api\controller\CommonController.java,92
com.diboot:diboot-iam-spring-boot-starter,3.7.0,false,MethodCallExpr,com.diboot.iam.dto.AuthCredential,getTraceId,C:\Users\tyin363\Documents\repos\dibo-software__diboot\rest-api-example\src\main\java\com\example\api\controller\iam\AuthTokenController.java,101
JDK:java.base,N/A,false,ClassOrInterfaceType,java.lang.String,String,C:\Users\tyin363\Documents\repos\dibo-software__diboot\rest-api-example\src\main\java\com\example\api\controller\iam\AuthTokenController.java,156
JDK:java.base,N/A,false,MethodCallExpr,java.security.KeyFactory,generatePrivate,C:\Users\tyin363\Documents\repos\dibo-software__diboot\rest-api-example\src\main\java\com\example\api\controller\iam\AuthTokenController.java,124
com.diboot:diboot-core,3.7.0,true,ClassOrInterfaceType,com.diboot.core.vo.JsonResult,JsonResult,C:\Users\tyin363\Documents\repos\dibo-software__diboot\rest-api-example\src\main\java\com\example\api\controller\system\I18nConfigController.java,73
JDK:java.base,N/A,false,ClassOrInterfaceType,java.lang.Exception,Exception,C:\Users\tyin363\Documents\repos\dibo-software__diboot\rest-api-example\src\main\java\com\example\api\controller\iam\ClientController.java,120
com.diboot:diboot-tenant-spring-boot-starter,3.7.0,false,ClassOrInterfaceType,com.diboot.tenant.vo.IamTenantListVO,IamTenantListVO,C:\Users\tyin363\Documents\repos\dibo-software__diboot\rest-api-example\src\main\java\com\example\api\controller\iam\TenantController.java,70
com.diboot:diboot-iam-spring-boot-starter,3.7.0,false,ClassOrInterfaceType,com.diboot.iam.entity.IamClient,IamClient,C:\Users\tyin363\Documents\repos\dibo-software__diboot\rest-api-example\src\main\java\com\example\api\controller\iam\OperationLogController.java,54
JDK:java.base,N/A,false,MethodCallExpr,java.lang.Enum,name,C:\Users\tyin363\Documents\repos\dibo-software__diboot\rest-api-example\src\main\java\com\example\api\controller\system\MessageController.java,104
JDK:java.base,N/A,false,ClassOrInterfaceType,java.lang.String,String,C:\Users\tyin363\Documents\repos\dibo-software__diboot\rest-api-example\src\main\java\com\example\api\controller\system\SystemConfigController.java,45
JDK:java.base,N/A,false,ClassOrInterfaceType,java.lang.Exception,Exception,C:\Users\tyin363\Documents\repos\dibo-software__diboot\rest-api-example\src\main\java\com\example\api\controller\iam\UserController.java,140
JDK:java.base,N/A,false,ClassOrInterfaceType,java.util.List,List,C:\Users\tyin363\Documents\repos\dibo-software__diboot\rest-api-example\src\main\java\com\example\api\controller\system\DictionaryController.java,58
com.diboot:diboot-core,3.7.0,true,ClassOrInterfaceType,com.diboot.core.vo.Pagination,Pagination,C:\Users\tyin363\Documents\repos\dibo-software__diboot\rest-api-example\src\main\java\com\example\api\controller\system\MessageController.java,55
com.diboot:diboot-scheduler-spring-boot-starter,3.7.0,false,ClassOrInterfaceType,com.diboot.scheduler.vo.ScheduleJobVO,ScheduleJobVO,C:\Users\tyin363\Documents\repos\dibo-software__diboot\rest-api-example\src\main\java\com\example\api\controller\system\ScheduleJobController.java,55
com.diboot:diboot-iam-spring-boot-starter,3.7.0,false,ClassOrInterfaceType,com.diboot.iam.util.IamSecurityUtils,IamSecurityUtils,C:\Users\tyin363\Documents\repos\dibo-software__diboot\rest-api-example\src\main\java\com\example\api\handler\AutoFillMetaObjectHandler.java,25
com.diboot:diboot-core,3.7.0,true,ClassOrInterfaceType,com.diboot.core.vo.JsonResult,JsonResult,C:\Users\tyin363\Documents\repos\dibo-software__diboot\rest-api-example\src\main\java\com\example\api\controller\iam\GroupController.java,44
com.diboot:diboot-iam-spring-boot-starter,3.7.0,false,FieldAccessExpr,com.diboot.iam.annotation.OperationCons,CODE_READ,C:\Users\tyin363\Documents\repos\dibo-software__diboot\rest-api-example\src\main\java\com\example\api\controller\iam\ResourceController.java,92
com.diboot:diboot-iam-spring-boot-starter,3.7.0,false,FieldAccessExpr,com.diboot.iam.annotation.OperationCons,CODE_WRITE,C:\Users\tyin363\Documents\repos\dibo-software__diboot\rest-api-example\src\main\java\com\example\api\controller\system\AiSessionController.java,111
com.diboot:diboot-core,3.7.0,true,MethodCallExpr,com.diboot.core.controller.BaseCrudRestController,getViewObjectList,C:\Users\tyin363\Documents\repos\dibo-software__diboot\rest-api-example\src\main\java\com\example\api\controller\system\MessageController.java,56
com.diboot:diboot-iam-spring-boot-starter,3.7.0,false,FieldAccessExpr,com.diboot.iam.annotation.OperationCons,CODE_WRITE,C:\Users\tyin363\Documents\repos\dibo-software__diboot\rest-api-example\src\main\java\com\example\api\controller\iam\RoleController.java,154
JDK:java.base,N/A,false,ClassOrInterfaceType,java.util.List,List,C:\Users\tyin363\Documents\repos\dibo-software__diboot\rest-api-example\src\main\java\com\example\api\controller\iam\RoleController.java,78
JDK:java.base,N/A,false,ClassOrInterfaceType,java.lang.String,String,C:\Users\tyin363\Documents\repos\dibo-software__diboot\rest-api-example\src\main\java\com\example\api\controller\iam\AuthTokenController.java,155
com.diboot:diboot-iam-spring-boot-starter,3.7.0,false,ClassOrInterfaceType,com.diboot.iam.vo.IamLoginTraceVO,IamLoginTraceVO,C:\Users\tyin363\Documents\repos\dibo-software__diboot\rest-api-example\src\main\java\com\example\api\controller\iam\LoginTraceController.java,48
JDK:java.base,N/A,false,MethodCallExpr,java.lang.Class,getSimpleName,C:\Users\tyin363\Documents\repos\dibo-software__diboot\rest-api-example\src\main\java\com\example\api\controller\iam\AuthTokenController.java,168
com.diboot:diboot-iam-spring-boot-starter,3.7.0,false,FieldAccessExpr,com.diboot.iam.annotation.OperationCons,CODE_READ,C:\Users\tyin363\Documents\repos\dibo-software__diboot\rest-api-example\src\main\java\com\example\api\controller\iam\OperationLogController.java,40
com.diboot:diboot-iam-spring-boot-starter,3.7.0,false,ClassOrInterfaceType,com.diboot.iam.entity.IamGroup,IamGroup,C:\Users\tyin363\Documents\repos\dibo-software__diboot\rest-api-example\src\main\java\com\example\api\controller\iam\GroupController.java,116
com.diboot:diboot-iam-spring-boot-starter,3.7.0,false,ClassOrInterfaceType,com.diboot.iam.entity.IamRole,IamRole,C:\Users\tyin363\Documents\repos\dibo-software__diboot\rest-api-example\src\main\java\com\example\api\controller\iam\RoleController.java,177
com.diboot:diboot-core,3.7.0,true,MethodCallExpr,com.diboot.core.controller.BaseCrudRestController,deleteEntity,C:\Users\tyin363\Documents\repos\dibo-software__diboot\rest-api-example\src\main\java\com\example\api\controller\system\MessageTemplateController.java,110
com.diboot:diboot-iam-spring-boot-starter,3.7.0,false,MethodCallExpr,com.diboot.iam.entity.IamAccount,setStatus,C:\Users\tyin363\Documents\repos\dibo-software__diboot\rest-api-example\src\main\java\com\example\api\job\CasUserSyncJob.java,56
com.diboot:diboot-core,3.7.0,true,ClassOrInterfaceType,com.diboot.core.vo.JsonResult,JsonResult,C:\Users\tyin363\Documents\repos\dibo-software__diboot\rest-api-example\src\main\java\com\example\api\controller\CommonController.java,73
JDK:java.base,N/A,false,MethodCallExpr,java.util.Map,put,C:\Users\tyin363\Documents\repos\dibo-software__diboot\rest-api-example\src\main\java\com\example\api\controller\iam\AuthTokenController.java,177
com.baomidou:mybatis-plus-core,3.5.12,true,MethodCallExpr,com.baomidou.mybatisplus.core.conditions.interfaces.Compare,eq,C:\Users\tyin363\Documents\repos\dibo-software__diboot\rest-api-example\src\main\java\com\example\api\controller\iam\AuthTokenController.java,175
com.diboot:diboot-core,3.7.0,true,MethodCallExpr,com.diboot.core.vo.JsonResult,FAIL_VALIDATION,C:\Users\tyin363\Documents\repos\dibo-software__diboot\rest-api-example\src\main\java\com\example\api\controller\iam\RoleController.java,181
com.diboot:diboot-file-spring-boot-starter,3.7.0,false,MethodCallExpr,com.diboot.file.controller.BaseExcelFileController,excelPreviewSave,C:\Users\tyin363\Documents\repos\dibo-software__diboot\rest-api-example\src\main\java\com\example\api\controller\iam\UserExcelController.java,81
com.diboot:diboot-iam-spring-boot-starter,3.7.0,false,ClassOrInterfaceType,com.diboot.iam.util.IamSecurityUtils,IamSecurityUtils,C:\Users\tyin363\Documents\repos\dibo-software__diboot\rest-api-example\src\main\java\com\example\api\handler\AutoFillMetaObjectHandler.java,32
com.diboot:diboot-tenant-spring-boot-starter,3.7.0,false,ClassOrInterfaceType,com.diboot.tenant.entity.IamTenant,IamTenant,C:\Users\tyin363\Documents\repos\dibo-software__diboot\rest-api-example\src\main\java\com\example\api\controller\iam\TenantController.java,237
com.baomidou:mybatis-plus-core,3.5.12,true,MethodCallExpr,com.baomidou.mybatisplus.core.conditions.AbstractWrapper,ne,C:\Users\tyin363\Documents\repos\dibo-software__diboot\rest-api-example\src\main\java\com\example\api\controller\system\MessageController.java,88
JDK:java.base,N/A,false,ClassOrInterfaceType,java.lang.String,String,C:\Users\tyin363\Documents\repos\dibo-software__diboot\rest-api-example\src\main\java\com\example\api\controller\iam\ResourceController.java,94
JDK:java.base,N/A,false,ClassOrInterfaceType,java.util.List,List,C:\Users\tyin363\Documents\repos\dibo-software__diboot\rest-api-example\src\main\java\com\example\api\controller\system\MessageController.java,102
JDK:java.base,N/A,false,MethodCallExpr,java.util.Map,entrySet,C:\Users\tyin363\Documents\repos\dibo-software__diboot\rest-api-example\src\main\java\com\example\api\excel\listener\UserImportExcelListener.java,123
JDK:java.base,N/A,false,ClassOrInterfaceType,java.lang.Exception,Exception,C:\Users\tyin363\Documents\repos\dibo-software__diboot\rest-api-example\src\main\java\com\example\api\controller\system\AiSessionRecordController.java,87
com.diboot:diboot-iam-spring-boot-starter,3.7.0,false,MethodCallExpr,com.diboot.iam.entity.IamUserRole,setUserId,C:\Users\tyin363\Documents\repos\dibo-software__diboot\rest-api-example\src\main\java\com\example\api\excel\listener\UserImportExcelListener.java,123
com.diboot:diboot-core,3.7.0,true,MethodCallExpr,com.diboot.core.vo.JsonResult,OK,C:\Users\tyin363\Documents\repos\dibo-software__diboot\rest-api-example\src\main\java\com\example\api\controller\iam\RoleController.java,184
com.baomidou:mybatis-plus-core,3.5.12,true,MethodCallExpr,com.baomidou.mybatisplus.core.conditions.interfaces.Compare,eq,C:\Users\tyin363\Documents\repos\dibo-software__diboot\rest-api-example\src\main\java\com\example\api\controller\iam\OperationLogController.java,54
com.diboot:diboot-iam-spring-boot-starter,3.7.0,false,ClassOrInterfaceType,com.diboot.iam.entity.IamRole,IamRole,C:\Users\tyin363\Documents\repos\dibo-software__diboot\rest-api-example\src\main\java\com\example\api\controller\iam\RoleController.java,46
com.diboot:diboot-iam-spring-boot-starter,3.7.0,false,ClassOrInterfaceType,com.diboot.iam.entity.IamOrg,IamOrg,C:\Users\tyin363\Documents\repos\dibo-software__diboot\rest-api-example\src\main\java\com\example\api\controller\iam\OrgController.java,169
com.diboot:diboot-iam-spring-boot-starter,3.7.0,false,ClassOrInterfaceType,com.diboot.iam.entity.IamGroup,IamGroup,C:\Users\tyin363\Documents\repos\dibo-software__diboot\rest-api-example\src\main\java\com\example\api\controller\iam\GroupController.java,115
com.diboot:diboot-core,3.7.0,true,MethodCallExpr,com.diboot.core.entity.AbstractEntity,getId,C:\Users\tyin363\Documents\repos\dibo-software__diboot\rest-api-example\src\main\java\com\example\api\excel\listener\UserImportExcelListener.java,123
com.diboot:diboot-core,3.7.0,true,ClassOrInterfaceType,com.diboot.core.vo.JsonResult,JsonResult,C:\Users\tyin363\Documents\repos\dibo-software__diboot\rest-api-example\src\main\java\com\example\api\controller\iam\RoleController.java,156
com.baomidou:mybatis-plus-core,3.5.12,true,MethodCallExpr,com.baomidou.mybatisplus.core.conditions.interfaces.Compare,eq,C:\Users\tyin363\Documents\repos\dibo-software__diboot\rest-api-example\src\main\java\com\example\api\controller\iam\AuthTokenController.java,174
com.diboot:diboot-core,3.7.0,true,ClassOrInterfaceType,com.diboot.core.vo.JsonResult,JsonResult,C:\Users\tyin363\Documents\repos\dibo-software__diboot\rest-api-example\src\main\java\com\example\api\controller\system\FileController.java,55
JDK:java.base,N/A,false,ClassOrInterfaceType,java.lang.String,String,C:\Users\tyin363\Documents\repos\dibo-software__diboot\rest-api-example\src\main\java\com\example\api\controller\system\ScheduleJobController.java,90
JDK:java.base,N/A,false,ClassOrInterfaceType,java.lang.Exception,Exception,C:\Users\tyin363\Documents\repos\dibo-software__diboot\rest-api-example\src\main\java\com\example\api\controller\iam\GroupController.java,101
JDK:java.base,N/A,false,ClassOrInterfaceType,java.lang.String,String,C:\Users\tyin363\Documents\repos\dibo-software__diboot\rest-api-example\src\main\java\com\example\api\excel\model\UserImportModel.java,68
JDK:java.base,N/A,false,ClassOrInterfaceType,java.lang.Exception,Exception,C:\Users\tyin363\Documents\repos\dibo-software__diboot\rest-api-example\src\main\java\com\example\api\controller\iam\RoleController.java,215
JDK:java.base,N/A,false,ClassOrInterfaceType,java.lang.String,String,C:\Users\tyin363\Documents\repos\dibo-software__diboot\rest-api-example\src\main\java\com\example\api\controller\iam\OrgController.java,151
com.diboot:diboot-iam-spring-boot-starter,3.7.0,false,ClassOrInterfaceType,com.diboot.iam.vo.IamLoginTraceVO,IamLoginTraceVO,C:\Users\tyin363\Documents\repos\dibo-software__diboot\rest-api-example\src\main\java\com\example\api\controller\iam\LoginTraceController.java,50
com.diboot:diboot-iam-spring-boot-starter,3.7.0,false,ClassOrInterfaceType,com.diboot.iam.entity.IamGroup,IamGroup,C:\Users\tyin363\Documents\repos\dibo-software__diboot\rest-api-example\src\main\java\com\example\api\controller\iam\GroupController.java,118
com.diboot:diboot-iam-spring-boot-starter,3.7.0,false,MethodReferenceExpr,com.diboot.iam.entity.IamUser,getOrgId,C:\Users\tyin363\Documents\repos\dibo-software__diboot\rest-api-example\src\main\java\com\example\api\controller\iam\OrgController.java,121
com.diboot:diboot-iam-spring-boot-starter,3.7.0,false,MethodCallExpr,com.diboot.iam.entity.IamAccount,setUserId,C:\Users\tyin363\Documents\repos\dibo-software__diboot\rest-api-example\src\main\java\com\example\api\job\CasUserSyncJob.java,56
com.diboot:diboot-core,3.7.0,true,MethodCallExpr,com.diboot.core.cache.BaseCacheManager,removeCacheObj,C:\Users\tyin363\Documents\repos\dibo-software__diboot\rest-api-example\src\main\java\com\example\api\controller\iam\AuthTokenController.java,104
com.baomidou:mybatis-plus-core,3.5.12,true,ClassOrInterfaceType,com.baomidou.mybatisplus.core.handlers.MetaObjectHandler,MetaObjectHandler,C:\Users\tyin363\Documents\repos\dibo-software__diboot\rest-api-example\src\main\java\com\example\api\handler\AutoFillMetaObjectHandler.java,20
com.diboot:diboot-core,3.7.0,true,ClassOrInterfaceType,com.diboot.core.vo.JsonResult,JsonResult,C:\Users\tyin363\Documents\repos\dibo-software__diboot\rest-api-example\src\main\java\com\example\api\controller\iam\AuthTokenController.java,207
com.diboot:diboot-core,3.7.0,true,MethodCallExpr,com.diboot.core.util.BeanUtils,buildTree,C:\Users\tyin363\Documents\repos\dibo-software__diboot\rest-api-example\src\main\java\com\example\api\controller\iam\TenantController.java,198
org.apache.shiro:shiro-core,2.0.2,true,MethodCallExpr,org.apache.shiro.SecurityUtils,getSubject,C:\Users\tyin363\Documents\repos\dibo-software__diboot\rest-api-example\src\main\java\com\example\api\controller\CommonController.java,88
com.diboot:diboot-core,3.7.0,true,MethodCallExpr,com.diboot.core.dto.RelatedDataDTO,getType,C:\Users\tyin363\Documents\repos\dibo-software__diboot\rest-api-example\src\main\java\com\example\api\controller\CommonController.java,94
JDK:java.base,N/A,false,ClassOrInterfaceType,java.lang.String,String,C:\Users\tyin363\Documents\repos\dibo-software__diboot\rest-api-example\src\main\java\com\example\api\controller\iam\TenantController.java,235
com.diboot:diboot-core,3.7.0,true,MethodCallExpr,com.diboot.core.util.V,notEmpty,C:\Users\tyin363\Documents\repos\dibo-software__diboot\rest-api-example\src\main\java\com\example\api\controller\system\MessageController.java,89
com.diboot:diboot-core,3.7.0,true,MethodCallExpr,com.diboot.core.service.BaseService,exists,C:\Users\tyin363\Documents\repos\dibo-software__diboot\rest-api-example\src\main\java\com\example\api\controller\system\I18nConfigController.java,131
JDK:java.base,N/A,false,ObjectCreationExpr,java.util.HashMap,HashMap,C:\Users\tyin363\Documents\repos\dibo-software__diboot\rest-api-example\src\main\java\com\example\api\controller\CommonController.java,46
com.diboot:diboot-core,3.7.0,true,ClassOrInterfaceType,com.diboot.core.vo.JsonResult,JsonResult,C:\Users\tyin363\Documents\repos\dibo-software__diboot\rest-api-example\src\main\java\com\example\api\controller\iam\ResourceController.java,149
JDK:java.base,N/A,false,ClassOrInterfaceType,java.lang.Exception,Exception,C:\Users\tyin363\Documents\repos\dibo-software__diboot\rest-api-example\src\main\java\com\example\api\controller\iam\UserExcelController.java,91
com.diboot:diboot-core,3.7.0,true,MethodCallExpr,com.diboot.core.util.ContextHolder,getBean,C:\Users\tyin363\Documents\repos\dibo-software__diboot\rest-api-example\src\main\java\com\example\api\job\CasUserSyncJob.java,61
com.diboot:diboot-iam-spring-boot-starter,3.7.0,false,MethodReferenceExpr,com.diboot.iam.entity.IamUserRole,getRoleId,C:\Users\tyin363\Documents\repos\dibo-software__diboot\rest-api-example\src\main\java\com\example\api\controller\iam\RoleController.java,157
com.diboot:diboot-core,3.7.0,true,ClassOrInterfaceType,com.diboot.core.dto.RelatedDataDTO,RelatedDataDTO,C:\Users\tyin363\Documents\repos\dibo-software__diboot\rest-api-example\src\main\java\com\example\api\controller\CommonController.java,59
com.diboot:diboot-iam-spring-boot-starter,3.7.0,false,ClassOrInterfaceType,com.diboot.iam.entity.IamOrg,IamOrg,C:\Users\tyin363\Documents\repos\dibo-software__diboot\rest-api-example\src\main\java\com\example\api\controller\iam\OrgController.java,39
com.diboot:diboot-core,3.7.0,true,MethodCallExpr,com.diboot.core.vo.JsonResult,msg,C:\Users\tyin363\Documents\repos\dibo-software__diboot\rest-api-example\src\main\java\com\example\api\controller\iam\UserController.java,235
com.diboot:diboot-core,3.7.0,true,MethodCallExpr,com.diboot.core.vo.JsonResult,bindPagination,C:\Users\tyin363\Documents\repos\dibo-software__diboot\rest-api-example\src\main\java\com\example\api\controller\system\ScheduleJobController.java,162
com.baomidou:mybatis-plus-core,3.5.12,true,MethodCallExpr,com.baomidou.mybatisplus.core.conditions.query.Query,select,C:\Users\tyin363\Documents\repos\dibo-software__diboot\rest-api-example\src\main\java\com\example\api\controller\iam\GroupController.java,115
com.diboot:diboot-tenant-spring-boot-starter,3.7.0,false,MethodReferenceExpr,com.diboot.tenant.entity.IamTenant,getCode,C:\Users\tyin363\Documents\repos\dibo-software__diboot\rest-api-example\src\main\java\com\example\api\controller\iam\TenantController.java,236
com.diboot:diboot-iam-spring-boot-starter,3.7.0,false,ClassOrInterfaceType,com.diboot.iam.entity.IamOrg,IamOrg,C:\Users\tyin363\Documents\repos\dibo-software__diboot\rest-api-example\src\main\java\com\example\api\controller\iam\OrgController.java,171
com.diboot:diboot-core,3.7.0,true,MethodCallExpr,com.diboot.core.vo.JsonResult,OK,C:\Users\tyin363\Documents\repos\dibo-software__diboot\rest-api-example\src\main\java\com\example\api\controller\iam\TenantController.java,184
com.diboot:diboot-core,3.7.0,true,MethodCallExpr,com.diboot.core.controller.BaseCrudRestController,createEntity,C:\Users\tyin363\Documents\repos\dibo-software__diboot\rest-api-example\src\main\java\com\example\api\controller\iam\PositionController.java,94
com.diboot:diboot-file-spring-boot-starter,3.7.0,false,ClassOrInterfaceType,com.diboot.file.vo.FileRecordVO,FileRecordVO,C:\Users\tyin363\Documents\repos\dibo-software__diboot\rest-api-example\src\main\java\com\example\api\controller\system\FileRecordController.java,62
JDK:java.base,N/A,false,MethodCallExpr,java.lang.Class,getSimpleName,C:\Users\tyin363\Documents\repos\dibo-software__diboot\rest-api-example\src\main\java\com\example\api\controller\iam\OperationLogController.java,51
JDK:java.base,N/A,false,ClassOrInterfaceType,java.util.List,List,C:\Users\tyin363\Documents\repos\dibo-software__diboot\rest-api-example\src\main\java\com\example\api\controller\system\AiSessionController.java,48
JDK:java.base,N/A,false,ClassOrInterfaceType,java.lang.Exception,Exception,C:\Users\tyin363\Documents\repos\dibo-software__diboot\rest-api-example\src\main\java\com\example\api\controller\iam\AuthTokenController.java,130
JDK:java.base,N/A,false,ClassOrInterfaceType,java.util.List,List,C:\Users\tyin363\Documents\repos\dibo-software__diboot\rest-api-example\src\main\java\com\example\api\excel\listener\UserImportExcelListener.java,64
com.diboot:diboot-core,3.7.0,true,ClassOrInterfaceType,com.diboot.core.vo.JsonResult,JsonResult,C:\Users\tyin363\Documents\repos\dibo-software__diboot\rest-api-example\src\main\java\com\example\api\controller\iam\ResourceController.java,150
com.diboot:diboot-core,3.7.0,true,ClassOrInterfaceType,com.diboot.core.vo.JsonResult,JsonResult,C:\Users\tyin363\Documents\repos\dibo-software__diboot\rest-api-example\src\main\java\com\example\api\controller\iam\PositionController.java,79
com.diboot:diboot-iam-spring-boot-starter,3.7.0,false,FieldAccessExpr,com.diboot.iam.annotation.OperationCons,CODE_READ,C:\Users\tyin363\Documents\repos\dibo-software__diboot\rest-api-example\src\main\java\com\example\api\controller\system\SystemConfigController.java,43
com.diboot:diboot-iam-spring-boot-starter,3.7.0,false,FieldAccessExpr,com.diboot.iam.annotation.OperationCons,LABEL_UPDATE,C:\Users\tyin363\Documents\repos\dibo-software__diboot\rest-api-example\src\main\java\com\example\api\controller\system\SystemConfigController.java,101
com.diboot:diboot-tenant-spring-boot-starter,3.7.0,false,ClassOrInterfaceType,com.diboot.tenant.entity.IamTenant,IamTenant,C:\Users\tyin363\Documents\repos\dibo-software__diboot\rest-api-example\src\main\java\com\example\api\controller\iam\TenantController.java,236
org.apache.commons:commons-lang3,3.17.0,true,MethodCallExpr,org.apache.commons.lang3.StringUtils,contains,C:\Users\tyin363\Documents\repos\dibo-software__diboot\rest-api-example\src\main\java\com\example\api\controller\system\FileController.java,107
com.diboot:diboot-core,3.7.0,true,MethodCallExpr,com.diboot.core.vo.JsonResult,FAIL_OPERATION,C:\Users\tyin363\Documents\repos\dibo-software__diboot\rest-api-example\src\main\java\com\example\api\controller\iam\OrgController.java,119
JDK:java.base,N/A,false,ClassOrInterfaceType,java.lang.Exception,Exception,C:\Users\tyin363\Documents\repos\dibo-software__diboot\rest-api-example\src\main\java\com\example\api\controller\system\MessageTemplateController.java,67
