Library_Name,Version,Is_Transitive,Symbol_Type,Class_Name,Symbol_Name,Usage_Location,Line_Number
JDK:java.base,N/A,false,ClassOrInterfaceType,java.lang.String,String,C:\Users\tyin363\Documents\repos\turkraft__springfilter\mongo\src\main\java\com\turkraft\springfilter\converter\StringCustomObjectIdConverter.java,13
com.fasterxml.jackson.core:jackson-databind,2.18.3,false,ClassOrInterfaceType,com.fasterxml.jackson.databind.node.ObjectNode,ObjectNode,C:\Users\tyin363\Documents\repos\turkraft__springfilter\mongo\src\main\java\com\turkraft\springfilter\transformer\processor\LikeOperationJsonNodeProcessor.java,81
org.springframework:spring-core,6.2.6,true,MethodCallExpr,org.springframework.core.MethodParameter,getParameterType,C:\Users\tyin363\Documents\repos\turkraft__springfilter\mongo\src\main\java\com\turkraft\springfilter\boot\FilterJsonNodeArgumentResolver.java,74
CLIENT:client-code,N/A,false,ClassOrInterfaceType,com.turkraft.springfilter.converter.StringCustomUUIDConverter.CustomUUID,CustomUUID,C:\Users\tyin363\Documents\repos\turkraft__springfilter\mongo\src\main\java\com\turkraft\springfilter\converter\StringCustomUUIDConverter.java,10
CLIENT:client-code,N/A,false,ClassOrInterfaceType,com.turkraft.springfilter.converter.StringCustomObjectIdConverter.CustomObjectId,CustomObjectId,C:\Users\tyin363\Documents\repos\turkraft__springfilter\mongo\src\main\java\com\turkraft\springfilter\converter\StringCustomObjectIdConverter.java,14
CLIENT:client-code,N/A,false,ClassOrInterfaceType,com.turkraft.springfilter.transformer.FilterJsonNodeTransformer,FilterJsonNodeTransformer,C:\Users\tyin363\Documents\repos\turkraft__springfilter\mongo\src\main\java\com\turkraft\springfilter\transformer\processor\LikeOperationJsonNodeProcessor.java,17
CLIENT:client-code,N/A,false,MethodCallExpr,com.turkraft.springfilter.transformer.FilterJsonNodeTransformer,getObjectMapper,C:\Users\tyin363\Documents\repos\turkraft__springfilter\mongo\src\main\java\com\turkraft\springfilter\transformer\processor\LikeOperationJsonNodeProcessor.java,70
CLIENT:client-code,N/A,false,FieldAccessExpr,com.turkraft.springfilter.converter.StringCustomUUIDConverter.CustomUUID,value,C:\Users\tyin363\Documents\repos\turkraft__springfilter\mongo\src\main\java\com\turkraft\springfilter\converter\StringCustomUUIDConverter.java,31
org.mongodb:bson,5.2.1,true,MethodCallExpr,org.bson.Document,parse,C:\Users\tyin363\Documents\repos\turkraft__springfilter\mongo\src\main\java\com\turkraft\springfilter\boot\FilterJsonNodeArgumentResolver.java,117
JDK:java.base,N/A,false,ClassOrInterfaceType,java.lang.String,String,C:\Users\tyin363\Documents\repos\turkraft__springfilter\mongo\src\main\java\com\turkraft\springfilter\transformer\processor\LessThanOrEqualOperationJsonNodeProcessor.java,28
CLIENT:client-code,N/A,false,MethodCallExpr,com.turkraft.springfilter.transformer.FilterJsonNodeTransformer,getObjectMapper,C:\Users\tyin363\Documents\repos\turkraft__springfilter\mongo\src\main\java\com\turkraft\springfilter\transformer\processor\IsNotNullOperationJsonNodeProcessor.java,30
com.fasterxml.jackson.core:jackson-databind,2.18.3,false,ClassOrInterfaceType,com.fasterxml.jackson.databind.node.ObjectNode,ObjectNode,C:\Users\tyin363\Documents\repos\turkraft__springfilter\mongo\src\main\java\com\turkraft\springfilter\boot\FilterJsonNodeArgumentResolver.java,92
com.fasterxml.jackson.core:jackson-databind,2.18.3,false,ClassOrInterfaceType,com.fasterxml.jackson.databind.ObjectMapper,ObjectMapper,C:\Users\tyin363\Documents\repos\turkraft__springfilter\mongo\src\main\java\com\turkraft\springfilter\transformer\FilterJsonNodeTransformer.java,29
CLIENT:client-code,N/A,false,MethodCallExpr,com.turkraft.springfilter.helper.FieldTypeResolverImpl,getFirstTypeParameterOf,C:\Users\tyin363\Documents\repos\turkraft__springfilter\mongo\src\main\java\com\turkraft\springfilter\helper\FieldTypeResolverImpl.java,55
JDK:java.base,N/A,false,ClassOrInterfaceType,java.lang.reflect.Field,Field,C:\Users\tyin363\Documents\repos\turkraft__springfilter\mongo\src\main\java\com\turkraft\springfilter\helper\FieldTypeResolverImpl.java,26
CLIENT:client-code,N/A,false,FieldAccessExpr,com.turkraft.springfilter.transformer.FilterJsonNodeTransformer,objectMapper,C:\Users\tyin363\Documents\repos\turkraft__springfilter\mongo\src\main\java\com\turkraft\springfilter\transformer\FilterJsonNodeTransformer.java,45
JDK:java.base,N/A,false,ClassOrInterfaceType,java.io.Serializable,Serializable,C:\Users\tyin363\Documents\repos\turkraft__springfilter\mongo\src\main\java\com\turkraft\springfilter\converter\StringCustomObjectIdConverter.java,17
CLIENT:client-code,N/A,false,ClassOrInterfaceType,com.turkraft.springfilter.transformer.FilterJsonNodeTransformer,FilterJsonNodeTransformer,C:\Users\tyin363\Documents\repos\turkraft__springfilter\mongo\src\main\java\com\turkraft\springfilter\transformer\processor\SizeFunctionJsonNodeProcessor.java,15
CLIENT:client-code,N/A,false,ClassOrInterfaceType,com.turkraft.springfilter.converter.StringCustomObjectIdConverter.CustomObjectId,CustomObjectId,C:\Users\tyin363\Documents\repos\turkraft__springfilter\mongo\src\main\java\com\turkraft\springfilter\converter\StringCustomObjectIdConverter.java,13
CLIENT:client-code,N/A,false,MethodCallExpr,com.turkraft.springfilter.boot.FilterJsonNodeArgumentResolver,isOptionalParameter,C:\Users\tyin363\Documents\repos\turkraft__springfilter\mongo\src\main\java\com\turkraft\springfilter\boot\FilterJsonNodeArgumentResolver.java,56
org.springframework:spring-core,6.2.6,true,ClassOrInterfaceType,org.springframework.core.convert.ConversionService,ConversionService,C:\Users\tyin363\Documents\repos\turkraft__springfilter\mongo\src\main\java\com\turkraft\springfilter\boot\FilterJsonNodeArgumentResolver.java,24
CLIENT:client-code,N/A,false,FieldAccessExpr,com.turkraft.springfilter.boot.FilterJsonNodeArgumentResolverConfigurer,fieldTypeResolver,C:\Users\tyin363\Documents\repos\turkraft__springfilter\mongo\src\main\java\com\turkraft\springfilter\boot\FilterJsonNodeArgumentResolverConfigurer.java,44
CLIENT:client-code,N/A,false,ClassOrInterfaceType,com.turkraft.springfilter.transformer.FilterJsonNodeTransformer,FilterJsonNodeTransformer,C:\Users\tyin363\Documents\repos\turkraft__springfilter\mongo\src\main\java\com\turkraft\springfilter\transformer\processor\EqualOperationJsonNodeProcessor.java,33
CLIENT:client-code,N/A,false,MethodCallExpr,com.turkraft.springfilter.transformer.processor.InfixOperationJsonNodeProcessor,getMongoOperator,C:\Users\tyin363\Documents\repos\turkraft__springfilter\mongo\src\main\java\com\turkraft\springfilter\transformer\processor\InfixOperationJsonNodeProcessor.java,28
CLIENT:client-code,N/A,false,ClassOrInterfaceType,com.turkraft.springfilter.transformer.processor.LikeOperationJsonNodeProcessor,LikeOperationJsonNodeProcessor,C:\Users\tyin363\Documents\repos\turkraft__springfilter\mongo\src\main\java\com\turkraft\springfilter\transformer\processor\InsensitiveLikeOperationJsonNodeProcessor.java,13
com.fasterxml.jackson.core:jackson-databind,2.18.3,false,ClassOrInterfaceType,com.fasterxml.jackson.databind.JsonNode,JsonNode,C:\Users\tyin363\Documents\repos\turkraft__springfilter\mongo\src\main\java\com\turkraft\springfilter\transformer\processor\InsensitiveLikeOperationJsonNodeProcessor.java,11
CLIENT:client-code,N/A,false,ClassOrInterfaceType,com.turkraft.springfilter.transformer.FilterJsonNodeTransformer,FilterJsonNodeTransformer,C:\Users\tyin363\Documents\repos\turkraft__springfilter\mongo\src\main\java\com\turkraft\springfilter\transformer\processor\SizeFunctionJsonNodeProcessor.java,14
com.fasterxml.jackson.core:jackson-databind,2.18.3,false,MethodCallExpr,com.fasterxml.jackson.databind.ObjectMapper,createObjectNode,C:\Users\tyin363\Documents\repos\turkraft__springfilter\mongo\src\main\java\com\turkraft\springfilter\transformer\processor\InOperationJsonNodeProcessor.java,47
CLIENT:client-code,N/A,false,MethodCallExpr,com.turkraft.springfilter.transformer.FilterJsonNodeTransformer,getEntityType,C:\Users\tyin363\Documents\repos\turkraft__springfilter\mongo\src\main\java\com\turkraft\springfilter\transformer\processor\NotInOperationJsonNodeProcessor.java,43
CLIENT:client-code,N/A,false,ClassOrInterfaceType,com.turkraft.springfilter.transformer.FilterJsonNodeTransformer,FilterJsonNodeTransformer,C:\Users\tyin363\Documents\repos\turkraft__springfilter\mongo\src\main\java\com\turkraft\springfilter\transformer\processor\IsNotEmptyOperationJsonNodeProcessor.java,24
JDK:java.base,N/A,false,MethodCallExpr,java.lang.reflect.Field,getType,C:\Users\tyin363\Documents\repos\turkraft__springfilter\mongo\src\main\java\com\turkraft\springfilter\helper\FieldTypeResolverImpl.java,50
com.fasterxml.jackson.core:jackson-databind,2.18.3,false,MethodCallExpr,com.fasterxml.jackson.databind.ObjectMapper,createObjectNode,C:\Users\tyin363\Documents\repos\turkraft__springfilter\mongo\src\main\java\com\turkraft\springfilter\transformer\processor\LikeOperationJsonNodeProcessor.java,70
CLIENT:client-code,N/A,false,ClassOrInterfaceType,com.turkraft.springfilter.transformer.FilterJsonNodeTransformer,FilterJsonNodeTransformer,C:\Users\tyin363\Documents\repos\turkraft__springfilter\mongo\src\main\java\com\turkraft\springfilter\transformer\processor\GreaterThanOrEqualOperationJsonNodeProcessor.java,19
CLIENT:client-code,N/A,false,MethodCallExpr,com.turkraft.springfilter.transformer.FilterJsonNodeTransformer,getObjectMapper,C:\Users\tyin363\Documents\repos\turkraft__springfilter\mongo\src\main\java\com\turkraft\springfilter\transformer\processor\HelloWorldPlaceholderJsonNodeProcessor.java,26
org.mongodb:bson,5.2.1,true,MethodCallExpr,org.bson.Document,parse,C:\Users\tyin363\Documents\repos\turkraft__springfilter\mongo\src\main\java\com\turkraft\springfilter\boot\FilterJsonNodeArgumentResolver.java,119
JDK:java.base,N/A,false,MethodCallExpr,java.lang.reflect.AccessibleObject,isAnnotationPresent,C:\Users\tyin363\Documents\repos\turkraft__springfilter\mongo\src\main\java\com\turkraft\springfilter\helper\FieldTypeResolverImpl.java,46
CLIENT:client-code,N/A,false,ClassOrInterfaceType,com.turkraft.springfilter.transformer.FilterJsonNodeTransformer,FilterJsonNodeTransformer,C:\Users\tyin363\Documents\repos\turkraft__springfilter\mongo\src\main\java\com\turkraft\springfilter\transformer\processor\NotInOperationJsonNodeProcessor.java,13
org.springframework:spring-core,6.2.6,true,ClassOrInterfaceType,org.springframework.core.convert.ConversionService,ConversionService,C:\Users\tyin363\Documents\repos\turkraft__springfilter\mongo\src\main\java\com\turkraft\springfilter\boot\FilterJsonNodeArgumentResolverConfigurer.java,20
CLIENT:client-code,N/A,false,ClassOrInterfaceType,com.turkraft.springfilter.transformer.FilterJsonNodeTransformer,FilterJsonNodeTransformer,C:\Users\tyin363\Documents\repos\turkraft__springfilter\mongo\src\main\java\com\turkraft\springfilter\transformer\processor\IsEmptyOperationJsonNodeProcessor.java,24
CLIENT:client-code,N/A,false,ClassOrInterfaceType,com.turkraft.springfilter.helper.FieldTypeResolver,FieldTypeResolver,C:\Users\tyin363\Documents\repos\turkraft__springfilter\mongo\src\main\java\com\turkraft\springfilter\helper\JsonNodeHelperImpl.java,19
JDK:java.base,N/A,false,ClassOrInterfaceType,java.lang.Class,Class,C:\Users\tyin363\Documents\repos\turkraft__springfilter\mongo\src\main\java\com\turkraft\springfilter\transformer\processor\IsNotEmptyOperationJsonNodeProcessor.java,14
JDK:java.base,N/A,false,ClassOrInterfaceType,java.lang.String,String,C:\Users\tyin363\Documents\repos\turkraft__springfilter\mongo\src\main\java\com\turkraft\springfilter\transformer\processor\LessThanOperationJsonNodeProcessor.java,28
com.fasterxml.jackson.core:jackson-databind,2.18.3,false,ClassOrInterfaceType,com.fasterxml.jackson.databind.JsonNode,JsonNode,C:\Users\tyin363\Documents\repos\turkraft__springfilter\mongo\src\main\java\com\turkraft\springfilter\transformer\FilterJsonNodeTransformer.java,100
CLIENT:client-code,N/A,false,MethodCallExpr,com.turkraft.springfilter.transformer.FilterJsonNodeTransformer,getEntityType,C:\Users\tyin363\Documents\repos\turkraft__springfilter\mongo\src\main\java\com\turkraft\springfilter\transformer\processor\NotInOperationJsonNodeProcessor.java,40
com.fasterxml.jackson.core:jackson-databind,2.18.3,false,ClassOrInterfaceType,com.fasterxml.jackson.databind.JsonNode,JsonNode,C:\Users\tyin363\Documents\repos\turkraft__springfilter\mongo\src\main\java\com\turkraft\springfilter\transformer\processor\InfixOperationJsonNodeProcessor.java,11
com.fasterxml.jackson.core:jackson-databind,2.18.3,false,MethodCallExpr,com.fasterxml.jackson.databind.node.ContainerNode,textNode,C:\Users\tyin363\Documents\repos\turkraft__springfilter\mongo\src\main\java\com\turkraft\springfilter\transformer\FilterJsonNodeTransformer.java,60
CLIENT:client-code,N/A,false,ClassOrInterfaceType,com.turkraft.springfilter.transformer.FilterJsonNodeTransformer,FilterJsonNodeTransformer,C:\Users\tyin363\Documents\repos\turkraft__springfilter\mongo\src\main\java\com\turkraft\springfilter\transformer\processor\InOperationJsonNodeProcessor.java,23
CLIENT:client-code,N/A,false,ClassOrInterfaceType,com.turkraft.springfilter.helper.FieldTypeResolver,FieldTypeResolver,C:\Users\tyin363\Documents\repos\turkraft__springfilter\mongo\src\main\java\com\turkraft\springfilter\boot\FilterJsonNodeArgumentResolverConfigurer.java,30
com.fasterxml.jackson.core:jackson-databind,2.18.3,false,ClassOrInterfaceType,com.fasterxml.jackson.databind.JsonNode,JsonNode,C:\Users\tyin363\Documents\repos\turkraft__springfilter\mongo\src\main\java\com\turkraft\springfilter\transformer\processor\TodayFunctionJsonNodeProcessor.java,13
JDK:java.base,N/A,false,ClassOrInterfaceType,java.lang.Boolean,Boolean,C:\Users\tyin363\Documents\repos\turkraft__springfilter\mongo\src\main\java\com\turkraft\springfilter\transformer\processor\AndOperationJsonNodeProcessor.java,34
com.fasterxml.jackson.core:jackson-databind,2.18.3,false,MethodCallExpr,com.fasterxml.jackson.databind.ObjectMapper,createObjectNode,C:\Users\tyin363\Documents\repos\turkraft__springfilter\mongo\src\main\java\com\turkraft\springfilter\transformer\processor\LikeOperationJsonNodeProcessor.java,69
CLIENT:client-code,N/A,false,ClassOrInterfaceType,com.turkraft.springfilter.helper.FieldTypeResolver,FieldTypeResolver,C:\Users\tyin363\Documents\repos\turkraft__springfilter\mongo\src\main\java\com\turkraft\springfilter\boot\FilterJsonNodeArgumentResolver.java,34
JDK:java.base,N/A,false,ClassOrInterfaceType,java.lang.Class,Class,C:\Users\tyin363\Documents\repos\turkraft__springfilter\mongo\src\main\java\com\turkraft\springfilter\transformer\processor\IsEmptyOperationJsonNodeProcessor.java,14
JDK:java.base,N/A,false,ClassOrInterfaceType,java.lang.Boolean,Boolean,C:\Users\tyin363\Documents\repos\turkraft__springfilter\mongo\src\main\java\com\turkraft\springfilter\transformer\processor\InOperationJsonNodeProcessor.java,35
CLIENT:client-code,N/A,false,ClassOrInterfaceType,com.turkraft.springfilter.transformer.FilterJsonNodeTransformer,FilterJsonNodeTransformer,C:\Users\tyin363\Documents\repos\turkraft__springfilter\mongo\src\main\java\com\turkraft\springfilter\transformer\processor\GreaterThanOrEqualOperationJsonNodeProcessor.java,18
JDK:java.base,N/A,false,ClassOrInterfaceType,java.lang.Class,Class,C:\Users\tyin363\Documents\repos\turkraft__springfilter\mongo\src\main\java\com\turkraft\springfilter\transformer\FilterJsonNodeTransformer.java,115
CLIENT:client-code,N/A,false,ClassOrInterfaceType,com.turkraft.springfilter.transformer.FilterJsonNodeTransformer,FilterJsonNodeTransformer,C:\Users\tyin363\Documents\repos\turkraft__springfilter\mongo\src\main\java\com\turkraft\springfilter\transformer\processor\IsNotNullOperationJsonNodeProcessor.java,11
com.fasterxml.jackson.core:jackson-databind,2.18.3,false,ClassOrInterfaceType,com.fasterxml.jackson.databind.JsonNode,JsonNode,C:\Users\tyin363\Documents\repos\turkraft__springfilter\mongo\src\main\java\com\turkraft\springfilter\transformer\processor\IsNotEmptyOperationJsonNodeProcessor.java,24
com.fasterxml.jackson.core:jackson-databind,2.18.3,false,MethodCallExpr,com.fasterxml.jackson.databind.ObjectMapper,createObjectNode,C:\Users\tyin363\Documents\repos\turkraft__springfilter\mongo\src\main\java\com\turkraft\springfilter\transformer\processor\TodayFunctionJsonNodeProcessor.java,28
com.fasterxml.jackson.core:jackson-databind,2.18.3,false,ClassOrInterfaceType,com.fasterxml.jackson.databind.JsonNode,JsonNode,C:\Users\tyin363\Documents\repos\turkraft__springfilter\mongo\src\main\java\com\turkraft\springfilter\transformer\processor\SizeFunctionJsonNodeProcessor.java,24
CLIENT:client-code,N/A,false,ClassOrInterfaceType,com.turkraft.springfilter.helper.JsonNodeHelper,JsonNodeHelper,C:\Users\tyin363\Documents\repos\turkraft__springfilter\mongo\src\main\java\com\turkraft\springfilter\transformer\processor\LessThanOrEqualOperationJsonNodeProcessor.java,13
com.fasterxml.jackson.core:jackson-databind,2.18.3,false,ClassOrInterfaceType,com.fasterxml.jackson.databind.ObjectMapper,ObjectMapper,C:\Users\tyin363\Documents\repos\turkraft__springfilter\mongo\src\main\java\com\turkraft\springfilter\helper\JsonNodeHelperImpl.java,14
CLIENT:client-code,N/A,false,ClassOrInterfaceType,com.turkraft.springfilter.helper.FieldTypeResolver,FieldTypeResolver,C:\Users\tyin363\Documents\repos\turkraft__springfilter\mongo\src\main\java\com\turkraft\springfilter\transformer\processor\NotInOperationJsonNodeProcessor.java,18
com.fasterxml.jackson.core:jackson-databind,2.18.3,false,MethodCallExpr,com.fasterxml.jackson.databind.ObjectMapper,createObjectNode,C:\Users\tyin363\Documents\repos\turkraft__springfilter\mongo\src\main\java\com\turkraft\springfilter\transformer\processor\InOperationJsonNodeProcessor.java,45
com.fasterxml.jackson.core:jackson-databind,2.18.3,false,ClassOrInterfaceType,com.fasterxml.jackson.databind.JsonNode,JsonNode,C:\Users\tyin363\Documents\repos\turkraft__springfilter\mongo\src\main\java\com\turkraft\springfilter\transformer\FilterJsonNodeTransformer.java,66
CLIENT:client-code,N/A,false,ClassOrInterfaceType,com.turkraft.springfilter.transformer.FilterJsonNodeTransformer,FilterJsonNodeTransformer,C:\Users\tyin363\Documents\repos\turkraft__springfilter\mongo\src\main\java\com\turkraft\springfilter\transformer\processor\InOperationJsonNodeProcessor.java,22
CLIENT:client-code,N/A,false,ClassOrInterfaceType,com.turkraft.springfilter.transformer.FilterJsonNodeTransformer,FilterJsonNodeTransformer,C:\Users\tyin363\Documents\repos\turkraft__springfilter\mongo\src\main\java\com\turkraft\springfilter\transformer\processor\LessThanOrEqualOperationJsonNodeProcessor.java,19
JDK:java.base,N/A,false,ClassOrInterfaceType,java.lang.Boolean,Boolean,C:\Users\tyin363\Documents\repos\turkraft__springfilter\mongo\src\main\java\com\turkraft\springfilter\transformer\processor\AndOperationJsonNodeProcessor.java,35
com.fasterxml.jackson.core:jackson-databind,2.18.3,false,ClassOrInterfaceType,com.fasterxml.jackson.databind.JsonNode,JsonNode,C:\Users\tyin363\Documents\repos\turkraft__springfilter\mongo\src\main\java\com\turkraft\springfilter\transformer\processor\IsNotNullOperationJsonNodeProcessor.java,11
CLIENT:client-code,N/A,false,ClassOrInterfaceType,com.turkraft.springfilter.converter.StringCustomObjectIdConverter.CustomObjectId,CustomObjectId,C:\Users\tyin363\Documents\repos\turkraft__springfilter\mongo\src\main\java\com\turkraft\springfilter\converter\StringCustomObjectIdConverter.java,10
org.mongodb:bson,5.2.1,true,ClassOrInterfaceType,org.bson.Document,Document,C:\Users\tyin363\Documents\repos\turkraft__springfilter\mongo\src\main\java\com\turkraft\springfilter\boot\FilterJsonNodeArgumentResolver.java,57
CLIENT:client-code,N/A,false,FieldAccessExpr,com.turkraft.springfilter.converter.StringCustomObjectIdConverter.CustomObjectId,value,C:\Users\tyin363\Documents\repos\turkraft__springfilter\mongo\src\main\java\com\turkraft\springfilter\converter\StringCustomObjectIdConverter.java,31
JDK:java.base,N/A,false,MethodCallExpr,java.lang.reflect.Field,getType,C:\Users\tyin363\Documents\repos\turkraft__springfilter\mongo\src\main\java\com\turkraft\springfilter\helper\FieldTypeResolverImpl.java,56
com.fasterxml.jackson.core:jackson-databind,2.18.3,false,MethodCallExpr,com.fasterxml.jackson.databind.ObjectMapper,createObjectNode,C:\Users\tyin363\Documents\repos\turkraft__springfilter\mongo\src\main\java\com\turkraft\springfilter\transformer\processor\HelloWorldPlaceholderJsonNodeProcessor.java,26
JDK:java.base,N/A,false,ClassOrInterfaceType,java.lang.String,String,C:\Users\tyin363\Documents\repos\turkraft__springfilter\mongo\src\main\java\com\turkraft\springfilter\transformer\processor\HelloWorldPlaceholderJsonNodeProcessor.java,25
JDK:java.base,N/A,false,MethodCallExpr,java.lang.String,lastIndexOf,C:\Users\tyin363\Documents\repos\turkraft__springfilter\mongo\src\main\java\com\turkraft\springfilter\boot\FilterJsonNodeArgumentResolver.java,70
CLIENT:client-code,N/A,false,ClassOrInterfaceType,com.turkraft.springfilter.transformer.FilterJsonNodeTransformer,FilterJsonNodeTransformer,C:\Users\tyin363\Documents\repos\turkraft__springfilter\mongo\src\main\java\com\turkraft\springfilter\transformer\processor\InfixOperationJsonNodeProcessor.java,11
com.fasterxml.jackson.core:jackson-databind,2.18.3,false,MethodCallExpr,com.fasterxml.jackson.databind.node.ObjectNode,set,C:\Users\tyin363\Documents\repos\turkraft__springfilter\mongo\src\main\java\com\turkraft\springfilter\transformer\processor\LikeOperationJsonNodeProcessor.java,88
CLIENT:client-code,N/A,false,ClassOrInterfaceType,com.turkraft.springfilter.helper.JsonNodeHelper,JsonNodeHelper,C:\Users\tyin363\Documents\repos\turkraft__springfilter\mongo\src\main\java\com\turkraft\springfilter\boot\FilterJsonNodeArgumentResolverConfigurer.java,26
com.fasterxml.jackson.core:jackson-databind,2.18.3,false,MethodCallExpr,com.fasterxml.jackson.databind.ObjectMapper,createObjectNode,C:\Users\tyin363\Documents\repos\turkraft__springfilter\mongo\src\main\java\com\turkraft\springfilter\transformer\processor\InOperationJsonNodeProcessor.java,50
JDK:java.base,N/A,false,ClassOrInterfaceType,java.lang.String,String,C:\Users\tyin363\Documents\repos\turkraft__springfilter\mongo\src\main\java\com\turkraft\springfilter\helper\JsonNodeHelper.java,13
com.fasterxml.jackson.core:jackson-databind,2.18.3,false,MethodCallExpr,com.fasterxml.jackson.databind.ObjectMapper,createArrayNode,C:\Users\tyin363\Documents\repos\turkraft__springfilter\mongo\src\main\java\com\turkraft\springfilter\transformer\processor\LikeOperationJsonNodeProcessor.java,68
CLIENT:client-code,N/A,false,MethodCallExpr,com.turkraft.springfilter.helper.FieldTypeResolverImpl,normalize,C:\Users\tyin363\Documents\repos\turkraft__springfilter\mongo\src\main\java\com\turkraft\springfilter\helper\FieldTypeResolverImpl.java,18
CLIENT:client-code,N/A,false,ClassOrInterfaceType,com.turkraft.springfilter.transformer.FilterJsonNodeTransformer,FilterJsonNodeTransformer,C:\Users\tyin363\Documents\repos\turkraft__springfilter\mongo\src\main\java\com\turkraft\springfilter\transformer\processor\SizeFunctionJsonNodeProcessor.java,11
CLIENT:client-code,N/A,false,FieldAccessExpr,com.turkraft.springfilter.boot.FilterJsonNodeArgumentResolverConfigurer,filterNodeProcessorFactories,C:\Users\tyin363\Documents\repos\turkraft__springfilter\mongo\src\main\java\com\turkraft\springfilter\boot\FilterJsonNodeArgumentResolverConfigurer.java,43
JDK:java.base,N/A,false,ClassOrInterfaceType,java.lang.Boolean,Boolean,C:\Users\tyin363\Documents\repos\turkraft__springfilter\mongo\src\main\java\com\turkraft\springfilter\transformer\processor\AndOperationJsonNodeProcessor.java,36
com.fasterxml.jackson.core:jackson-databind,2.18.3,false,MethodCallExpr,com.fasterxml.jackson.databind.ObjectMapper,createObjectNode,C:\Users\tyin363\Documents\repos\turkraft__springfilter\mongo\src\main\java\com\turkraft\springfilter\transformer\processor\LikeOperationJsonNodeProcessor.java,67
JDK:java.base,N/A,false,ClassOrInterfaceType,java.lang.reflect.Field,Field,C:\Users\tyin363\Documents\repos\turkraft__springfilter\mongo\src\main\java\com\turkraft\springfilter\helper\FieldTypeResolverImpl.java,64
CLIENT:client-code,N/A,false,ClassOrInterfaceType,com.turkraft.springfilter.transformer.FilterJsonNodeTransformer,FilterJsonNodeTransformer,C:\Users\tyin363\Documents\repos\turkraft__springfilter\mongo\src\main\java\com\turkraft\springfilter\transformer\processor\LessThanOrEqualOperationJsonNodeProcessor.java,18
JDK:java.base,N/A,false,MethodCallExpr,java.text.DateFormat,format,C:\Users\tyin363\Documents\repos\turkraft__springfilter\mongo\src\main\java\com\turkraft\springfilter\transformer\processor\TodayFunctionJsonNodeProcessor.java,29
com.fasterxml.jackson.core:jackson-databind,2.18.3,false,MethodCallExpr,com.fasterxml.jackson.databind.ObjectMapper,createArrayNode,C:\Users\tyin363\Documents\repos\turkraft__springfilter\mongo\src\main\java\com\turkraft\springfilter\transformer\processor\IsNotEmptyOperationJsonNodeProcessor.java,32
JDK:java.base,N/A,false,ClassOrInterfaceType,java.lang.Number,Number,C:\Users\tyin363\Documents\repos\turkraft__springfilter\mongo\src\main\java\com\turkraft\springfilter\transformer\processor\SizeFunctionJsonNodeProcessor.java,26
JDK:java.base,N/A,false,ClassOrInterfaceType,java.lang.Class,Class,C:\Users\tyin363\Documents\repos\turkraft__springfilter\mongo\src\main\java\com\turkraft\springfilter\helper\FieldTypeResolverImpl.java,17
CLIENT:client-code,N/A,false,MethodCallExpr,com.turkraft.springfilter.boot.FilterJsonNodeArgumentResolver,isOptionalParameter,C:\Users\tyin363\Documents\repos\turkraft__springfilter\mongo\src\main\java\com\turkraft\springfilter\boot\FilterJsonNodeArgumentResolver.java,118
JDK:java.base,N/A,false,MethodCallExpr,java.lang.reflect.Field,getType,C:\Users\tyin363\Documents\repos\turkraft__springfilter\mongo\src\main\java\com\turkraft\springfilter\helper\FieldTypeResolverImpl.java,57
CLIENT:client-code,N/A,false,ClassOrInterfaceType,com.turkraft.springfilter.helper.JsonNodeHelper,JsonNodeHelper,C:\Users\tyin363\Documents\repos\turkraft__springfilter\mongo\src\main\java\com\turkraft\springfilter\transformer\processor\NotEqualOperationJsonNodeProcessor.java,13
CLIENT:client-code,N/A,false,FieldAccessExpr,com.turkraft.springfilter.transformer.processor.InsensitiveLikeOperationJsonNodeProcessor,likeOperationJsonNodeProcessor,C:\Users\tyin363\Documents\repos\turkraft__springfilter\mongo\src\main\java\com\turkraft\springfilter\transformer\processor\InsensitiveLikeOperationJsonNodeProcessor.java,17
JDK:java.base,N/A,false,ClassOrInterfaceType,java.lang.Boolean,Boolean,C:\Users\tyin363\Documents\repos\turkraft__springfilter\mongo\src\main\java\com\turkraft\springfilter\transformer\processor\IsNotEmptyOperationJsonNodeProcessor.java,26
com.fasterxml.jackson.core:jackson-databind,2.18.3,false,ClassOrInterfaceType,com.fasterxml.jackson.databind.JsonNode,JsonNode,C:\Users\tyin363\Documents\repos\turkraft__springfilter\mongo\src\main\java\com\turkraft\springfilter\transformer\processor\NotOperationJsonNodeProcessor.java,11
org.springframework:spring-web,6.2.6,true,ClassOrInterfaceType,org.springframework.web.bind.support.WebDataBinderFactory,WebDataBinderFactory,C:\Users\tyin363\Documents\repos\turkraft__springfilter\mongo\src\main\java\com\turkraft\springfilter\boot\FilterJsonNodeArgumentResolver.java,82
JDK:java.base,N/A,false,MethodCallExpr,java.lang.Object,equals,C:\Users\tyin363\Documents\repos\turkraft__springfilter\mongo\src\main\java\com\turkraft\springfilter\helper\FieldTypeResolverImpl.java,46
CLIENT:client-code,N/A,false,FieldAccessExpr,com.turkraft.springfilter.transformer.FilterJsonNodeTransformer,conversionService,C:\Users\tyin363\Documents\repos\turkraft__springfilter\mongo\src\main\java\com\turkraft\springfilter\transformer\FilterJsonNodeTransformer.java,44
JDK:java.base,N/A,false,ClassOrInterfaceType,java.lang.Class,Class,C:\Users\tyin363\Documents\repos\turkraft__springfilter\mongo\src\main\java\com\turkraft\springfilter\transformer\FilterJsonNodeTransformer.java,121
CLIENT:client-code,N/A,false,ClassOrInterfaceType,com.turkraft.springfilter.transformer.FilterJsonNodeTransformer,FilterJsonNodeTransformer,C:\Users\tyin363\Documents\repos\turkraft__springfilter\mongo\src\main\java\com\turkraft\springfilter\transformer\processor\InsensitiveLikeOperationJsonNodeProcessor.java,11
CLIENT:client-code,N/A,false,MethodCallExpr,com.turkraft.springfilter.transformer.FilterJsonNodeTransformer,getObjectMapper,C:\Users\tyin363\Documents\repos\turkraft__springfilter\mongo\src\main\java\com\turkraft\springfilter\transformer\processor\LikeOperationJsonNodeProcessor.java,66
JDK:java.base,N/A,false,ClassOrInterfaceType,java.lang.String,String,C:\Users\tyin363\Documents\repos\turkraft__springfilter\mongo\src\main\java\com\turkraft\springfilter\transformer\processor\OrOperationJsonNodeProcessor.java,28
JDK:java.base,N/A,false,ObjectCreationExpr,java.util.Date,Date,C:\Users\tyin363\Documents\repos\turkraft__springfilter\mongo\src\main\java\com\turkraft\springfilter\transformer\processor\TodayFunctionJsonNodeProcessor.java,29
org.springframework.data:spring-data-mongodb,4.4.5,false,ClassOrInterfaceType,org.springframework.data.mongodb.core.query.Query,Query,C:\Users\tyin363\Documents\repos\turkraft__springfilter\mongo\src\main\java\com\turkraft\springfilter\boot\FilterJsonNodeArgumentResolver.java,116
com.fasterxml.jackson.core:jackson-databind,2.18.3,false,ClassOrInterfaceType,com.fasterxml.jackson.databind.JsonNode,JsonNode,C:\Users\tyin363\Documents\repos\turkraft__springfilter\mongo\src\main\java\com\turkraft\springfilter\transformer\processor\EqualOperationJsonNodeProcessor.java,33
JDK:java.base,N/A,false,ClassOrInterfaceType,java.lang.Boolean,Boolean,C:\Users\tyin363\Documents\repos\turkraft__springfilter\mongo\src\main\java\com\turkraft\springfilter\transformer\processor\IsNotNullOperationJsonNodeProcessor.java,26
JDK:java.base,N/A,false,ClassOrInterfaceType,java.lang.String,String,C:\Users\tyin363\Documents\repos\turkraft__springfilter\mongo\src\main\java\com\turkraft\springfilter\transformer\processor\NotEqualOperationJsonNodeProcessor.java,28
com.fasterxml.jackson.core:jackson-databind,2.18.3,false,MethodCallExpr,com.fasterxml.jackson.databind.ObjectMapper,createObjectNode,C:\Users\tyin363\Documents\repos\turkraft__springfilter\mongo\src\main\java\com\turkraft\springfilter\transformer\processor\LikeOperationJsonNodeProcessor.java,66
JDK:java.base,N/A,false,MethodCallExpr,java.lang.Class,isAssignableFrom,C:\Users\tyin363\Documents\repos\turkraft__springfilter\mongo\src\main\java\com\turkraft\springfilter\boot\FilterJsonNodeArgumentResolver.java,71
CLIENT:client-code,N/A,false,ClassOrInterfaceType,com.turkraft.springfilter.transformer.FilterJsonNodeTransformer,FilterJsonNodeTransformer,C:\Users\tyin363\Documents\repos\turkraft__springfilter\mongo\src\main\java\com\turkraft\springfilter\transformer\processor\AndOperationJsonNodeProcessor.java,19
JDK:java.base,N/A,false,MethodCallExpr,java.lang.reflect.Field,getType,C:\Users\tyin363\Documents\repos\turkraft__springfilter\mongo\src\main\java\com\turkraft\springfilter\helper\FieldTypeResolverImpl.java,54
JDK:java.base,N/A,false,ClassOrInterfaceType,java.lang.Class,Class,C:\Users\tyin363\Documents\repos\turkraft__springfilter\mongo\src\main\java\com\turkraft\springfilter\transformer\FilterJsonNodeTransformer.java,52
CLIENT:client-code,N/A,false,ClassOrInterfaceType,com.turkraft.springfilter.helper.JsonNodeHelper,JsonNodeHelper,C:\Users\tyin363\Documents\repos\turkraft__springfilter\mongo\src\main\java\com\turkraft\springfilter\helper\JsonNodeHelperImpl.java,12
CLIENT:client-code,N/A,false,ClassOrInterfaceType,com.turkraft.springfilter.transformer.FilterJsonNodeTransformer,FilterJsonNodeTransformer,C:\Users\tyin363\Documents\repos\turkraft__springfilter\mongo\src\main\java\com\turkraft\springfilter\transformer\processor\LessThanOperationJsonNodeProcessor.java,19
CLIENT:client-code,N/A,false,ClassOrInterfaceType,com.turkraft.springfilter.converter.StringCustomUUIDConverter.CustomUUID,CustomUUID,C:\Users\tyin363\Documents\repos\turkraft__springfilter\mongo\src\main\java\com\turkraft\springfilter\helper\FieldTypeResolverImpl.java,51
JDK:java.base,N/A,false,ClassOrInterfaceType,java.lang.ClassNotFoundException,ClassNotFoundException,C:\Users\tyin363\Documents\repos\turkraft__springfilter\mongo\src\main\java\com\turkraft\springfilter\boot\FilterJsonNodeArgumentResolver.java,72
JDK:java.base,N/A,false,MethodCallExpr,java.lang.Class,isAssignableFrom,C:\Users\tyin363\Documents\repos\turkraft__springfilter\mongo\src\main\java\com\turkraft\springfilter\transformer\FilterJsonNodeTransformer.java,127
CLIENT:client-code,N/A,false,ClassOrInterfaceType,com.turkraft.springfilter.helper.FieldTypeResolver,FieldTypeResolver,C:\Users\tyin363\Documents\repos\turkraft__springfilter\mongo\src\main\java\com\turkraft\springfilter\transformer\processor\NotInOperationJsonNodeProcessor.java,15
CLIENT:client-code,N/A,false,MethodCallExpr,com.turkraft.springfilter.transformer.FilterJsonNodeTransformer,getObjectMapper,C:\Users\tyin363\Documents\repos\turkraft__springfilter\mongo\src\main\java\com\turkraft\springfilter\transformer\processor\LikeOperationJsonNodeProcessor.java,67
JDK:java.base,N/A,false,ClassOrInterfaceType,java.lang.String,String,C:\Users\tyin363\Documents\repos\turkraft__springfilter\mongo\src\main\java\com\turkraft\springfilter\transformer\processor\GreaterThanOrEqualOperationJsonNodeProcessor.java,28
org.springframework:spring-core,6.2.6,true,MethodCallExpr,org.springframework.core.MethodParameter,getParameterType,C:\Users\tyin363\Documents\repos\turkraft__springfilter\mongo\src\main\java\com\turkraft\springfilter\boot\FilterJsonNodeArgumentResolver.java,108
com.fasterxml.jackson.core:jackson-databind,2.18.3,false,MethodCallExpr,com.fasterxml.jackson.databind.ObjectMapper,createArrayNode,C:\Users\tyin363\Documents\repos\turkraft__springfilter\mongo\src\main\java\com\turkraft\springfilter\helper\JsonNodeHelperImpl.java,54
CLIENT:client-code,N/A,false,ClassOrInterfaceType,com.turkraft.springfilter.transformer.FilterJsonNodeTransformer,FilterJsonNodeTransformer,C:\Users\tyin363\Documents\repos\turkraft__springfilter\mongo\src\main\java\com\turkraft\springfilter\transformer\processor\AndOperationJsonNodeProcessor.java,18
JDK:java.base,N/A,false,ClassOrInterfaceType,java.lang.String,String,C:\Users\tyin363\Documents\repos\turkraft__springfilter\mongo\src\main\java\com\turkraft\springfilter\converter\StringCustomObjectIdConverter.java,10
CLIENT:client-code,N/A,false,MethodCallExpr,com.turkraft.springfilter.transformer.FilterJsonNodeTransformer,getObjectMapper,C:\Users\tyin363\Documents\repos\turkraft__springfilter\mongo\src\main\java\com\turkraft\springfilter\transformer\processor\LikeOperationJsonNodeProcessor.java,69
CLIENT:client-code,N/A,false,ClassOrInterfaceType,com.turkraft.springfilter.transformer.processor.InfixOperationJsonNodeProcessor,InfixOperationJsonNodeProcessor,C:\Users\tyin363\Documents\repos\turkraft__springfilter\mongo\src\main\java\com\turkraft\springfilter\transformer\processor\AndOperationJsonNodeProcessor.java,11
CLIENT:client-code,N/A,false,ClassOrInterfaceType,com.turkraft.springfilter.helper.FieldTypeResolver,FieldTypeResolver,C:\Users\tyin363\Documents\repos\turkraft__springfilter\mongo\src\main\java\com\turkraft\springfilter\transformer\FilterJsonNodeTransformer.java,33
CLIENT:client-code,N/A,false,ClassOrInterfaceType,com.turkraft.springfilter.transformer.FilterJsonNodeTransformer,FilterJsonNodeTransformer,C:\Users\tyin363\Documents\repos\turkraft__springfilter\mongo\src\main\java\com\turkraft\springfilter\transformer\processor\LessThanOperationJsonNodeProcessor.java,18
org.mongodb:bson,5.2.1,true,ClassOrInterfaceType,org.bson.Document,Document,C:\Users\tyin363\Documents\repos\turkraft__springfilter\mongo\src\main\java\com\turkraft\springfilter\boot\FilterJsonNodeArgumentResolver.java,54
JDK:java.base,N/A,false,ClassOrInterfaceType,java.lang.String,String,C:\Users\tyin363\Documents\repos\turkraft__springfilter\mongo\src\main\java\com\turkraft\springfilter\helper\FieldTypeResolverImpl.java,46
CLIENT:client-code,N/A,false,ClassOrInterfaceType,com.turkraft.springfilter.helper.FieldTypeResolver,FieldTypeResolver,C:\Users\tyin363\Documents\repos\turkraft__springfilter\mongo\src\main\java\com\turkraft\springfilter\helper\JsonNodeHelperImpl.java,16
CLIENT:client-code,N/A,false,ClassOrInterfaceType,com.turkraft.springfilter.converter.StringCustomObjectIdConverter.CustomObjectId,CustomObjectId,C:\Users\tyin363\Documents\repos\turkraft__springfilter\mongo\src\main\java\com\turkraft\springfilter\helper\FieldTypeResolverImpl.java,47
JDK:java.base,N/A,false,MethodCallExpr,java.lang.String,indexOf,C:\Users\tyin363\Documents\repos\turkraft__springfilter\mongo\src\main\java\com\turkraft\springfilter\boot\FilterJsonNodeArgumentResolver.java,69
CLIENT:client-code,N/A,false,MethodCallExpr,com.turkraft.springfilter.transformer.FilterJsonNodeTransformer,getObjectMapper,C:\Users\tyin363\Documents\repos\turkraft__springfilter\mongo\src\main\java\com\turkraft\springfilter\transformer\processor\LikeOperationJsonNodeProcessor.java,68
org.springframework.data:spring-data-mongodb,4.4.5,false,ClassOrInterfaceType,org.springframework.data.mongodb.core.query.Query,Query,C:\Users\tyin363\Documents\repos\turkraft__springfilter\mongo\src\main\java\com\turkraft\springfilter\boot\FilterJsonNodeArgumentResolver.java,118
JDK:java.base,N/A,false,ClassOrInterfaceType,java.lang.String,String,C:\Users\tyin363\Documents\repos\turkraft__springfilter\mongo\src\main\java\com\turkraft\springfilter\transformer\processor\LikeOperationJsonNodeProcessor.java,95
org.springframework:spring-core,6.2.6,true,MethodCallExpr,org.springframework.core.MethodParameter,getGenericParameterType,C:\Users\tyin363\Documents\repos\turkraft__springfilter\mongo\src\main\java\com\turkraft\springfilter\boot\FilterJsonNodeArgumentResolver.java,68
com.fasterxml.jackson.core:jackson-databind,2.18.3,false,ClassOrInterfaceType,com.fasterxml.jackson.databind.ObjectMapper,ObjectMapper,C:\Users\tyin363\Documents\repos\turkraft__springfilter\mongo\src\main\java\com\turkraft\springfilter\helper\JsonNodeHelperImpl.java,18
JDK:java.base,N/A,false,MethodCallExpr,java.lang.String,substring,C:\Users\tyin363\Documents\repos\turkraft__springfilter\mongo\src\main\java\com\turkraft\springfilter\boot\FilterJsonNodeArgumentResolver.java,68
CLIENT:client-code,N/A,false,ClassOrInterfaceType,com.turkraft.springfilter.transformer.FilterJsonNodeTransformer,FilterJsonNodeTransformer,C:\Users\tyin363\Documents\repos\turkraft__springfilter\mongo\src\main\java\com\turkraft\springfilter\transformer\processor\InsensitiveLikeOperationJsonNodeProcessor.java,31
com.fasterxml.jackson.core:jackson-databind,2.18.3,false,MethodCallExpr,com.fasterxml.jackson.databind.node.ObjectNode,set,C:\Users\tyin363\Documents\repos\turkraft__springfilter\mongo\src\main\java\com\turkraft\springfilter\transformer\processor\LikeOperationJsonNodeProcessor.java,75
org.mongodb:bson,5.2.1,true,ClassOrInterfaceType,org.bson.Document,Document,C:\Users\tyin363\Documents\repos\turkraft__springfilter\mongo\src\main\java\com\turkraft\springfilter\boot\FilterJsonNodeArgumentResolver.java,94
org.springframework.data:spring-data-mongodb,4.4.5,false,ObjectCreationExpr,org.springframework.data.mongodb.core.query.BasicQuery,BasicQuery,C:\Users\tyin363\Documents\repos\turkraft__springfilter\mongo\src\main\java\com\turkraft\springfilter\boot\FilterJsonNodeArgumentResolver.java,117
JDK:java.base,N/A,false,ClassOrInterfaceType,java.lang.reflect.Field,Field,C:\Users\tyin363\Documents\repos\turkraft__springfilter\mongo\src\main\java\com\turkraft\springfilter\transformer\processor\LikeOperationJsonNodeProcessor.java,54
JDK:java.base,N/A,false,ClassOrInterfaceType,java.lang.String,String,C:\Users\tyin363\Documents\repos\turkraft__springfilter\mongo\src\main\java\com\turkraft\springfilter\transformer\processor\TodayFunctionJsonNodeProcessor.java,27
JDK:java.base,N/A,false,ClassOrInterfaceType,java.util.Collection,Collection,C:\Users\tyin363\Documents\repos\turkraft__springfilter\mongo\src\main\java\com\turkraft\springfilter\helper\FieldTypeResolverImpl.java,54
com.fasterxml.jackson.core:jackson-databind,2.18.3,false,ClassOrInterfaceType,com.fasterxml.jackson.databind.JsonNode,JsonNode,C:\Users\tyin363\Documents\repos\turkraft__springfilter\mongo\src\main\java\com\turkraft\springfilter\transformer\FilterJsonNodeTransformer.java,90
CLIENT:client-code,N/A,false,ClassOrInterfaceType,com.turkraft.springfilter.transformer.FilterJsonNodeTransformer,FilterJsonNodeTransformer,C:\Users\tyin363\Documents\repos\turkraft__springfilter\mongo\src\main\java\com\turkraft\springfilter\transformer\processor\NotInOperationJsonNodeProcessor.java,23
JDK:java.base,N/A,false,ClassOrInterfaceType,java.lang.Class,Class,C:\Users\tyin363\Documents\repos\turkraft__springfilter\mongo\src\main\java\com\turkraft\springfilter\transformer\processor\SizeFunctionJsonNodeProcessor.java,14
com.fasterxml.jackson.core:jackson-databind,2.18.3,false,ClassOrInterfaceType,com.fasterxml.jackson.databind.JsonNode,JsonNode,C:\Users\tyin363\Documents\repos\turkraft__springfilter\mongo\src\main\java\com\turkraft\springfilter\transformer\FilterJsonNodeTransformer.java,57
CLIENT:client-code,N/A,false,FieldAccessExpr,com.turkraft.springfilter.boot.FilterJsonNodeArgumentResolver,filterNodeProcessorFactories,C:\Users\tyin363\Documents\repos\turkraft__springfilter\mongo\src\main\java\com\turkraft\springfilter\boot\FilterJsonNodeArgumentResolver.java,46
com.fasterxml.jackson.core:jackson-databind,2.18.3,false,ClassOrInterfaceType,com.fasterxml.jackson.databind.JsonNode,JsonNode,C:\Users\tyin363\Documents\repos\turkraft__springfilter\mongo\src\main\java\com\turkraft\springfilter\helper\JsonNodeHelperImpl.java,41
JDK:java.base,N/A,false,ClassOrInterfaceType,java.lang.Class,Class,C:\Users\tyin363\Documents\repos\turkraft__springfilter\mongo\src\main\java\com\turkraft\springfilter\helper\FieldTypeResolver.java,7
com.fasterxml.jackson.core:jackson-databind,2.18.3,false,ClassOrInterfaceType,com.fasterxml.jackson.databind.JsonNode,JsonNode,C:\Users\tyin363\Documents\repos\turkraft__springfilter\mongo\src\main\java\com\turkraft\springfilter\transformer\processor\IsEmptyOperationJsonNodeProcessor.java,24
JDK:java.base,N/A,false,ClassOrInterfaceType,java.lang.String,String,C:\Users\tyin363\Documents\repos\turkraft__springfilter\mongo\src\main\java\com\turkraft\springfilter\transformer\processor\GreaterThanOperationJsonNodeProcessor.java,28
com.fasterxml.jackson.core:jackson-databind,2.18.3,false,ClassOrInterfaceType,com.fasterxml.jackson.databind.JsonNode,JsonNode,C:\Users\tyin363\Documents\repos\turkraft__springfilter\mongo\src\main\java\com\turkraft\springfilter\transformer\processor\AndOperationJsonNodeProcessor.java,33
com.fasterxml.jackson.core:jackson-databind,2.18.3,false,MethodCallExpr,com.fasterxml.jackson.databind.ObjectMapper,createArrayNode,C:\Users\tyin363\Documents\repos\turkraft__springfilter\mongo\src\main\java\com\turkraft\springfilter\transformer\processor\IsNotEmptyOperationJsonNodeProcessor.java,28
CLIENT:client-code,N/A,false,MethodCallExpr,com.turkraft.springfilter.boot.FilterJsonNodeArgumentResolver,isOptionalParameter,C:\Users\tyin363\Documents\repos\turkraft__springfilter\mongo\src\main\java\com\turkraft\springfilter\boot\FilterJsonNodeArgumentResolver.java,114
JDK:java.base,N/A,false,ClassOrInterfaceType,java.lang.Class,Class,C:\Users\tyin363\Documents\repos\turkraft__springfilter\mongo\src\main\java\com\turkraft\springfilter\transformer\FilterJsonNodeTransformer.java,43
JDK:java.base,N/A,false,ClassOrInterfaceType,java.lang.Class,Class,C:\Users\tyin363\Documents\repos\turkraft__springfilter\mongo\src\main\java\com\turkraft\springfilter\transformer\processor\InOperationJsonNodeProcessor.java,22
com.fasterxml.jackson.core:jackson-databind,2.18.3,false,MethodCallExpr,com.fasterxml.jackson.databind.node.ContainerNode,textNode,C:\Users\tyin363\Documents\repos\turkraft__springfilter\mongo\src\main\java\com\turkraft\springfilter\transformer\processor\LikeOperationJsonNodeProcessor.java,89
CLIENT:client-code,N/A,false,ClassOrInterfaceType,com.turkraft.springfilter.transformer.FilterJsonNodeTransformer,FilterJsonNodeTransformer,C:\Users\tyin363\Documents\repos\turkraft__springfilter\mongo\src\main\java\com\turkraft\springfilter\transformer\processor\NotOperationJsonNodeProcessor.java,24
JDK:java.base,N/A,false,ClassOrInterfaceType,java.lang.String,String,C:\Users\tyin363\Documents\repos\turkraft__springfilter\mongo\src\main\java\com\turkraft\springfilter\converter\StringCustomObjectIdConverter.java,20
CLIENT:client-code,N/A,false,ClassOrInterfaceType,com.turkraft.springfilter.transformer.FilterJsonNodeTransformer,FilterJsonNodeTransformer,C:\Users\tyin363\Documents\repos\turkraft__springfilter\mongo\src\main\java\com\turkraft\springfilter\transformer\processor\NotEqualOperationJsonNodeProcessor.java,19
CLIENT:client-code,N/A,false,ClassOrInterfaceType,com.turkraft.springfilter.transformer.FilterJsonNodeTransformer,FilterJsonNodeTransformer,C:\Users\tyin363\Documents\repos\turkraft__springfilter\mongo\src\main\java\com\turkraft\springfilter\transformer\processor\NotInOperationJsonNodeProcessor.java,24
JDK:java.base,N/A,false,ClassOrInterfaceType,java.lang.IllegalArgumentException,IllegalArgumentException,C:\Users\tyin363\Documents\repos\turkraft__springfilter\mongo\src\main\java\com\turkraft\springfilter\boot\FilterJsonNodeArgumentResolver.java,73
JDK:java.base,N/A,false,MethodCallExpr,java.lang.Object,equals,C:\Users\tyin363\Documents\repos\turkraft__springfilter\mongo\src\main\java\com\turkraft\springfilter\helper\FieldTypeResolverImpl.java,50
com.fasterxml.jackson.core:jackson-databind,2.18.3,false,MethodCallExpr,com.fasterxml.jackson.databind.node.ObjectNode,set,C:\Users\tyin363\Documents\repos\turkraft__springfilter\mongo\src\main\java\com\turkraft\springfilter\helper\JsonNodeHelperImpl.java,53
CLIENT:client-code,N/A,false,ClassOrInterfaceType,com.turkraft.springfilter.transformer.FilterJsonNodeTransformer,FilterJsonNodeTransformer,C:\Users\tyin363\Documents\repos\turkraft__springfilter\mongo\src\main\java\com\turkraft\springfilter\transformer\processor\OrOperationJsonNodeProcessor.java,19
org.springframework:spring-core,6.2.6,true,ClassOrInterfaceType,org.springframework.core.convert.converter.Converter,Converter,C:\Users\tyin363\Documents\repos\turkraft__springfilter\mongo\src\main\java\com\turkraft\springfilter\converter\StringCustomUUIDConverter.java,10
JDK:java.base,N/A,false,MethodCallExpr,java.lang.String,split,C:\Users\tyin363\Documents\repos\turkraft__springfilter\mongo\src\main\java\com\turkraft\springfilter\helper\FieldTypeResolverImpl.java,24
com.fasterxml.jackson.core:jackson-databind,2.18.3,false,MethodCallExpr,com.fasterxml.jackson.databind.node.ContainerNode,textNode,C:\Users\tyin363\Documents\repos\turkraft__springfilter\mongo\src\main\java\com\turkraft\springfilter\transformer\processor\TodayFunctionJsonNodeProcessor.java,28
CLIENT:client-code,N/A,false,ClassOrInterfaceType,com.turkraft.springfilter.transformer.FilterJsonNodeTransformer,FilterJsonNodeTransformer,C:\Users\tyin363\Documents\repos\turkraft__springfilter\mongo\src\main\java\com\turkraft\springfilter\transformer\processor\IsNotEmptyOperationJsonNodeProcessor.java,14
CLIENT:client-code,N/A,false,ClassOrInterfaceType,com.turkraft.springfilter.transformer.FilterJsonNodeTransformer,FilterJsonNodeTransformer,C:\Users\tyin363\Documents\repos\turkraft__springfilter\mongo\src\main\java\com\turkraft\springfilter\transformer\processor\LikeOperationJsonNodeProcessor.java,43
CLIENT:client-code,N/A,false,MethodCallExpr,com.turkraft.springfilter.transformer.FilterJsonNodeTransformer,getEntityType,C:\Users\tyin363\Documents\repos\turkraft__springfilter\mongo\src\main\java\com\turkraft\springfilter\transformer\processor\LikeOperationJsonNodeProcessor.java,54
org.springframework:spring-webmvc,6.2.6,false,ClassOrInterfaceType,org.springframework.web.servlet.config.annotation.WebMvcConfigurer,WebMvcConfigurer,C:\Users\tyin363\Documents\repos\turkraft__springfilter\mongo\src\main\java\com\turkraft\springfilter\boot\FilterJsonNodeArgumentResolverConfigurer.java,18
CLIENT:client-code,N/A,false,ClassOrInterfaceType,com.turkraft.springfilter.helper.JsonNodeHelper,JsonNodeHelper,C:\Users\tyin363\Documents\repos\turkraft__springfilter\mongo\src\main\java\com\turkraft\springfilter\boot\FilterJsonNodeArgumentResolver.java,30
JDK:java.base,N/A,false,ClassOrInterfaceType,java.util.Optional,Optional,C:\Users\tyin363\Documents\repos\turkraft__springfilter\mongo\src\main\java\com\turkraft\springfilter\boot\FilterJsonNodeArgumentResolver.java,64
JDK:java.base,N/A,false,MethodCallExpr,java.lang.Class,isAssignableFrom,C:\Users\tyin363\Documents\repos\turkraft__springfilter\mongo\src\main\java\com\turkraft\springfilter\boot\FilterJsonNodeArgumentResolver.java,92
org.springframework.data:spring-data-mongodb,4.4.5,false,ObjectCreationExpr,org.springframework.data.mongodb.core.query.BasicQuery,BasicQuery,C:\Users\tyin363\Documents\repos\turkraft__springfilter\mongo\src\main\java\com\turkraft\springfilter\boot\FilterJsonNodeArgumentResolver.java,119
JDK:java.base,N/A,false,ClassOrInterfaceType,java.lang.String,String,C:\Users\tyin363\Documents\repos\turkraft__springfilter\mongo\src\main\java\com\turkraft\springfilter\transformer\processor\AndOperationJsonNodeProcessor.java,28
com.fasterxml.jackson.core:jackson-databind,2.18.3,false,MethodCallExpr,com.fasterxml.jackson.databind.ObjectMapper,createObjectNode,C:\Users\tyin363\Documents\repos\turkraft__springfilter\mongo\src\main\java\com\turkraft\springfilter\transformer\processor\IsNotNullOperationJsonNodeProcessor.java,27
com.fasterxml.jackson.core:jackson-databind,2.18.3,false,ClassOrInterfaceType,com.fasterxml.jackson.databind.ObjectMapper,ObjectMapper,C:\Users\tyin363\Documents\repos\turkraft__springfilter\mongo\src\main\java\com\turkraft\springfilter\boot\FilterJsonNodeArgumentResolverConfigurer.java,34
CLIENT:client-code,N/A,false,ClassOrInterfaceType,com.turkraft.springfilter.transformer.FilterJsonNodeTransformer,FilterJsonNodeTransformer,C:\Users\tyin363\Documents\repos\turkraft__springfilter\mongo\src\main\java\com\turkraft\springfilter\transformer\processor\OrOperationJsonNodeProcessor.java,18
CLIENT:client-code,N/A,false,ClassOrInterfaceType,com.turkraft.springfilter.transformer.FilterJsonNodeTransformer,FilterJsonNodeTransformer,C:\Users\tyin363\Documents\repos\turkraft__springfilter\mongo\src\main\java\com\turkraft\springfilter\transformer\processor\IsNotEmptyOperationJsonNodeProcessor.java,15
JDK:java.base,N/A,false,ClassOrInterfaceType,java.lang.String,String,C:\Users\tyin363\Documents\repos\turkraft__springfilter\mongo\src\main\java\com\turkraft\springfilter\converter\StringCustomUUIDConverter.java,13
CLIENT:client-code,N/A,false,ClassOrInterfaceType,com.turkraft.springfilter.transformer.FilterJsonNodeTransformer,FilterJsonNodeTransformer,C:\Users\tyin363\Documents\repos\turkraft__springfilter\mongo\src\main\java\com\turkraft\springfilter\transformer\processor\InOperationJsonNodeProcessor.java,13
com.fasterxml.jackson.core:jackson-databind,2.18.3,false,ClassOrInterfaceType,com.fasterxml.jackson.databind.JsonNode,JsonNode,C:\Users\tyin363\Documents\repos\turkraft__springfilter\mongo\src\main\java\com\turkraft\springfilter\helper\JsonNodeHelper.java,10
CLIENT:client-code,N/A,false,FieldAccessExpr,com.turkraft.springfilter.boot.FilterJsonNodeArgumentResolverConfigurer,conversionService,C:\Users\tyin363\Documents\repos\turkraft__springfilter\mongo\src\main\java\com\turkraft\springfilter\boot\FilterJsonNodeArgumentResolverConfigurer.java,39
JDK:java.base,N/A,false,ObjectCreationExpr,java.lang.IllegalArgumentException,IllegalArgumentException,C:\Users\tyin363\Documents\repos\turkraft__springfilter\mongo\src\main\java\com\turkraft\springfilter\boot\FilterJsonNodeArgumentResolver.java,73
CLIENT:client-code,N/A,false,ClassOrInterfaceType,com.turkraft.springfilter.helper.FieldTypeResolver,FieldTypeResolver,C:\Users\tyin363\Documents\repos\turkraft__springfilter\mongo\src\main\java\com\turkraft\springfilter\boot\FilterJsonNodeArgumentResolverConfigurer.java,38
JDK:java.base,N/A,false,ClassOrInterfaceType,java.lang.String,String,C:\Users\tyin363\Documents\repos\turkraft__springfilter\mongo\src\main\java\com\turkraft\springfilter\converter\StringCustomObjectIdConverter.java,22
JDK:java.base,N/A,false,ClassOrInterfaceType,java.lang.Class,Class,C:\Users\tyin363\Documents\repos\turkraft__springfilter\mongo\src\main\java\com\turkraft\springfilter\transformer\processor\EqualOperationJsonNodeProcessor.java,18
CLIENT:client-code,N/A,false,ClassOrInterfaceType,com.turkraft.springfilter.transformer.FilterJsonNodeTransformer,FilterJsonNodeTransformer,C:\Users\tyin363\Documents\repos\turkraft__springfilter\mongo\src\main\java\com\turkraft\springfilter\transformer\processor\GreaterThanOperationJsonNodeProcessor.java,18
org.springframework:spring-core,6.2.6,true,MethodCallExpr,org.springframework.core.MethodParameter,getParameterType,C:\Users\tyin363\Documents\repos\turkraft__springfilter\mongo\src\main\java\com\turkraft\springfilter\boot\FilterJsonNodeArgumentResolver.java,112
JDK:java.base,N/A,false,ClassOrInterfaceType,java.lang.reflect.Field,Field,C:\Users\tyin363\Documents\repos\turkraft__springfilter\mongo\src\main\java\com\turkraft\springfilter\helper\FieldTypeResolver.java,9
JDK:java.base,N/A,false,MethodCallExpr,java.lang.reflect.AccessibleObject,isAnnotationPresent,C:\Users\tyin363\Documents\repos\turkraft__springfilter\mongo\src\main\java\com\turkraft\springfilter\transformer\processor\LikeOperationJsonNodeProcessor.java,56
JDK:java.base,N/A,false,ClassOrInterfaceType,java.lang.Class,Class,C:\Users\tyin363\Documents\repos\turkraft__springfilter\mongo\src\main\java\com\turkraft\springfilter\helper\FieldTypeResolverImpl.java,44
com.fasterxml.jackson.core:jackson-databind,2.18.3,false,ClassOrInterfaceType,com.fasterxml.jackson.databind.JsonNode,JsonNode,C:\Users\tyin363\Documents\repos\turkraft__springfilter\mongo\src\main\java\com\turkraft\springfilter\transformer\FilterJsonNodeTransformer.java,25
JDK:java.base,N/A,false,MethodCallExpr,java.lang.String,replaceAll,C:\Users\tyin363\Documents\repos\turkraft__springfilter\mongo\src\main\java\com\turkraft\springfilter\transformer\processor\LikeOperationJsonNodeProcessor.java,103
JDK:java.base,N/A,false,MethodCallExpr,java.lang.Object,getClass,C:\Users\tyin363\Documents\repos\turkraft__springfilter\mongo\src\main\java\com\turkraft\springfilter\transformer\FilterJsonNodeTransformer.java,127
JDK:java.base,N/A,false,ClassOrInterfaceType,java.lang.String,String,C:\Users\tyin363\Documents\repos\turkraft__springfilter\mongo\src\main\java\com\turkraft\springfilter\helper\FieldTypeResolverImpl.java,17
CLIENT:client-code,N/A,false,MethodCallExpr,com.turkraft.springfilter.transformer.FilterJsonNodeTransformer,getObjectMapper,C:\Users\tyin363\Documents\repos\turkraft__springfilter\mongo\src\main\java\com\turkraft\springfilter\transformer\processor\NotOperationJsonNodeProcessor.java,28
CLIENT:client-code,N/A,false,ClassOrInterfaceType,com.turkraft.springfilter.transformer.FilterJsonNodeTransformer,FilterJsonNodeTransformer,C:\Users\tyin363\Documents\repos\turkraft__springfilter\mongo\src\main\java\com\turkraft\springfilter\transformer\processor\IsEmptyOperationJsonNodeProcessor.java,15
com.fasterxml.jackson.core:jackson-databind,2.18.3,false,MethodCallExpr,com.fasterxml.jackson.databind.node.BaseJsonNode,toString,C:\Users\tyin363\Documents\repos\turkraft__springfilter\mongo\src\main\java\com\turkraft\springfilter\boot\FilterJsonNodeArgumentResolver.java,119
org.springframework:spring-core,6.2.6,true,MethodCallExpr,org.springframework.core.convert.ConversionService,convert,C:\Users\tyin363\Documents\repos\turkraft__springfilter\mongo\src\main\java\com\turkraft\springfilter\transformer\FilterJsonNodeTransformer.java,128
JDK:java.base,N/A,false,MethodCallExpr,java.lang.Class,isAssignableFrom,C:\Users\tyin363\Documents\repos\turkraft__springfilter\mongo\src\main\java\com\turkraft\springfilter\boot\FilterJsonNodeArgumentResolver.java,94
JDK:java.base,N/A,false,ClassOrInterfaceType,java.util.List,List,C:\Users\tyin363\Documents\repos\turkraft__springfilter\mongo\src\main\java\com\turkraft\springfilter\boot\FilterJsonNodeArgumentResolverConfigurer.java,49
com.fasterxml.jackson.core:jackson-databind,2.18.3,false,ClassOrInterfaceType,com.fasterxml.jackson.databind.JsonNode,JsonNode,C:\Users\tyin363\Documents\repos\turkraft__springfilter\mongo\src\main\java\com\turkraft\springfilter\transformer\FilterJsonNodeTransformer.java,85
JDK:java.base,N/A,false,ClassOrInterfaceType,java.lang.Class,Class,C:\Users\tyin363\Documents\repos\turkraft__springfilter\mongo\src\main\java\com\turkraft\springfilter\transformer\processor\LessThanOrEqualOperationJsonNodeProcessor.java,18
com.fasterxml.jackson.core:jackson-databind,2.18.3,false,ClassOrInterfaceType,com.fasterxml.jackson.databind.JsonNode,JsonNode,C:\Users\tyin363\Documents\repos\turkraft__springfilter\mongo\src\main\java\com\turkraft\springfilter\transformer\FilterJsonNodeTransformer.java,52
JDK:java.base,N/A,false,ClassOrInterfaceType,java.lang.Class,Class,C:\Users\tyin363\Documents\repos\turkraft__springfilter\mongo\src\main\java\com\turkraft\springfilter\transformer\processor\GreaterThanOperationJsonNodeProcessor.java,18
CLIENT:client-code,N/A,false,ClassOrInterfaceType,com.turkraft.springfilter.transformer.FilterJsonNodeTransformer,FilterJsonNodeTransformer,C:\Users\tyin363\Documents\repos\turkraft__springfilter\mongo\src\main\java\com\turkraft\springfilter\transformer\processor\IsNotNullOperationJsonNodeProcessor.java,15
CLIENT:client-code,N/A,false,FieldAccessExpr,com.turkraft.springfilter.boot.FilterJsonNodeArgumentResolver,fieldTypeResolver,C:\Users\tyin363\Documents\repos\turkraft__springfilter\mongo\src\main\java\com\turkraft\springfilter\boot\FilterJsonNodeArgumentResolver.java,47
org.springframework.data:spring-data-commons,3.4.5,true,ClassOrInterfaceType,org.springframework.data.annotation.Id,Id,C:\Users\tyin363\Documents\repos\turkraft__springfilter\mongo\src\main\java\com\turkraft\springfilter\transformer\FilterJsonNodeTransformer.java,59
org.springframework:spring-core,6.2.6,true,MethodCallExpr,org.springframework.core.MethodParameter,getParameterType,C:\Users\tyin363\Documents\repos\turkraft__springfilter\mongo\src\main\java\com\turkraft\springfilter\boot\FilterJsonNodeArgumentResolver.java,54
JDK:java.base,N/A,false,ClassOrInterfaceType,java.lang.String,String,C:\Users\tyin363\Documents\repos\turkraft__springfilter\mongo\src\main\java\com\turkraft\springfilter\helper\FieldTypeResolverImpl.java,22
JDK:java.base,N/A,false,ClassOrInterfaceType,java.util.UUID,UUID,C:\Users\tyin363\Documents\repos\turkraft__springfilter\mongo\src\main\java\com\turkraft\springfilter\helper\FieldTypeResolverImpl.java,50
com.fasterxml.jackson.core:jackson-databind,2.18.3,false,MethodCallExpr,com.fasterxml.jackson.databind.ObjectMapper,createArrayNode,C:\Users\tyin363\Documents\repos\turkraft__springfilter\mongo\src\main\java\com\turkraft\springfilter\transformer\processor\IsNotNullOperationJsonNodeProcessor.java,28
JDK:java.base,N/A,false,ClassOrInterfaceType,java.lang.Boolean,Boolean,C:\Users\tyin363\Documents\repos\turkraft__springfilter\mongo\src\main\java\com\turkraft\springfilter\transformer\processor\GreaterThanOrEqualOperationJsonNodeProcessor.java,34
com.fasterxml.jackson.core:jackson-databind,2.18.3,false,ClassOrInterfaceType,com.fasterxml.jackson.databind.JsonNode,JsonNode,C:\Users\tyin363\Documents\repos\turkraft__springfilter\mongo\src\main\java\com\turkraft\springfilter\transformer\processor\NotInOperationJsonNodeProcessor.java,33
JDK:java.base,N/A,false,ClassOrInterfaceType,java.lang.String,String,C:\Users\tyin363\Documents\repos\turkraft__springfilter\mongo\src\main\java\com\turkraft\springfilter\transformer\processor\InfixOperationJsonNodeProcessor.java,24
CLIENT:client-code,N/A,false,ClassOrInterfaceType,com.turkraft.springfilter.transformer.FilterJsonNodeTransformer,FilterJsonNodeTransformer,C:\Users\tyin363\Documents\repos\turkraft__springfilter\mongo\src\main\java\com\turkraft\springfilter\transformer\processor\IsEmptyOperationJsonNodeProcessor.java,14
org.springframework.data:spring-data-mongodb,4.4.5,false,ClassOrInterfaceType,org.springframework.data.mongodb.core.query.BasicQuery,BasicQuery,C:\Users\tyin363\Documents\repos\turkraft__springfilter\mongo\src\main\java\com\turkraft\springfilter\boot\FilterJsonNodeArgumentResolver.java,117
CLIENT:client-code,N/A,false,MethodCallExpr,com.turkraft.springfilter.boot.FilterJsonNodeArgumentResolver,isOptionalParameter,C:\Users\tyin363\Documents\repos\turkraft__springfilter\mongo\src\main\java\com\turkraft\springfilter\boot\FilterJsonNodeArgumentResolver.java,110
com.fasterxml.jackson.core:jackson-databind,2.18.3,false,MethodCallExpr,com.fasterxml.jackson.databind.node.ContainerNode,textNode,C:\Users\tyin363\Documents\repos\turkraft__springfilter\mongo\src\main\java\com\turkraft\springfilter\transformer\processor\HelloWorldPlaceholderJsonNodeProcessor.java,26
JDK:java.base,N/A,false,ClassOrInterfaceType,java.lang.Class,Class,C:\Users\tyin363\Documents\repos\turkraft__springfilter\mongo\src\main\java\com\turkraft\springfilter\transformer\processor\IsNullOperationJsonNodeProcessor.java,14
com.fasterxml.jackson.core:jackson-databind,2.18.3,false,ClassOrInterfaceType,com.fasterxml.jackson.databind.JsonNode,JsonNode,C:\Users\tyin363\Documents\repos\turkraft__springfilter\mongo\src\main\java\com\turkraft\springfilter\helper\JsonNodeHelper.java,12
CLIENT:client-code,N/A,false,ClassOrInterfaceType,com.turkraft.springfilter.helper.JsonNodeHelper,JsonNodeHelper,C:\Users\tyin363\Documents\repos\turkraft__springfilter\mongo\src\main\java\com\turkraft\springfilter\transformer\processor\GreaterThanOperationJsonNodeProcessor.java,13
org.mongodb:bson,5.2.1,true,MethodCallExpr,org.bson.Document,parse,C:\Users\tyin363\Documents\repos\turkraft__springfilter\mongo\src\main\java\com\turkraft\springfilter\boot\FilterJsonNodeArgumentResolver.java,95
CLIENT:client-code,N/A,false,ClassOrInterfaceType,com.turkraft.springfilter.helper.JsonNodeHelper,JsonNodeHelper,C:\Users\tyin363\Documents\repos\turkraft__springfilter\mongo\src\main\java\com\turkraft\springfilter\transformer\processor\OrOperationJsonNodeProcessor.java,13
com.fasterxml.jackson.core:jackson-databind,2.18.3,false,ClassOrInterfaceType,com.fasterxml.jackson.databind.JsonNode,JsonNode,C:\Users\tyin363\Documents\repos\turkraft__springfilter\mongo\src\main\java\com\turkraft\springfilter\transformer\processor\GreaterThanOperationJsonNodeProcessor.java,33
CLIENT:client-code,N/A,false,ClassOrInterfaceType,com.turkraft.springfilter.helper.JsonNodeHelper,JsonNodeHelper,C:\Users\tyin363\Documents\repos\turkraft__springfilter\mongo\src\main\java\com\turkraft\springfilter\transformer\processor\LessThanOperationJsonNodeProcessor.java,13
CLIENT:client-code,N/A,false,MethodCallExpr,com.turkraft.springfilter.transformer.FilterJsonNodeTransformer,getObjectMapper,C:\Users\tyin363\Documents\repos\turkraft__springfilter\mongo\src\main\java\com\turkraft\springfilter\transformer\processor\LikeOperationJsonNodeProcessor.java,91
CLIENT:client-code,N/A,false,ClassOrInterfaceType,com.turkraft.springfilter.transformer.FilterJsonNodeTransformer,FilterJsonNodeTransformer,C:\Users\tyin363\Documents\repos\turkraft__springfilter\mongo\src\main\java\com\turkraft\springfilter\transformer\processor\IsNotNullOperationJsonNodeProcessor.java,14
org.springframework:spring-core,6.2.6,true,MethodCallExpr,org.springframework.core.MethodParameter,getParameterType,C:\Users\tyin363\Documents\repos\turkraft__springfilter\mongo\src\main\java\com\turkraft\springfilter\boot\FilterJsonNodeArgumentResolver.java,53
com.fasterxml.jackson.core:jackson-databind,2.18.3,false,MethodCallExpr,com.fasterxml.jackson.databind.ObjectMapper,createObjectNode,C:\Users\tyin363\Documents\repos\turkraft__springfilter\mongo\src\main\java\com\turkraft\springfilter\transformer\processor\LikeOperationJsonNodeProcessor.java,91
org.springframework:spring-core,6.2.6,true,ClassOrInterfaceType,org.springframework.core.convert.ConversionService,ConversionService,C:\Users\tyin363\Documents\repos\turkraft__springfilter\mongo\src\main\java\com\turkraft\springfilter\boot\FilterJsonNodeArgumentResolver.java,37
CLIENT:client-code,N/A,false,ClassOrInterfaceType,com.turkraft.springfilter.transformer.FilterJsonNodeTransformer,FilterJsonNodeTransformer,C:\Users\tyin363\Documents\repos\turkraft__springfilter\mongo\src\main\java\com\turkraft\springfilter\transformer\processor\GreaterThanOrEqualOperationJsonNodeProcessor.java,33
com.fasterxml.jackson.core:jackson-databind,2.18.3,false,ClassOrInterfaceType,com.fasterxml.jackson.databind.node.ObjectNode,ObjectNode,C:\Users\tyin363\Documents\repos\turkraft__springfilter\mongo\src\main\java\com\turkraft\springfilter\boot\FilterJsonNodeArgumentResolver.java,105
CLIENT:client-code,N/A,false,ClassOrInterfaceType,com.turkraft.springfilter.helper.JsonNodeHelper,JsonNodeHelper,C:\Users\tyin363\Documents\repos\turkraft__springfilter\mongo\src\main\java\com\turkraft\springfilter\transformer\processor\AndOperationJsonNodeProcessor.java,13
com.fasterxml.jackson.core:jackson-databind,2.18.3,false,ClassOrInterfaceType,com.fasterxml.jackson.databind.ObjectMapper,ObjectMapper,C:\Users\tyin363\Documents\repos\turkraft__springfilter\mongo\src\main\java\com\turkraft\springfilter\boot\FilterJsonNodeArgumentResolver.java,26
JDK:java.base,N/A,false,ClassOrInterfaceType,java.lang.IllegalArgumentException,IllegalArgumentException,C:\Users\tyin363\Documents\repos\turkraft__springfilter\mongo\src\main\java\com\turkraft\springfilter\helper\FieldTypeResolverImpl.java,35
com.fasterxml.jackson.core:jackson-databind,2.18.3,false,ClassOrInterfaceType,com.fasterxml.jackson.databind.JsonNode,JsonNode,C:\Users\tyin363\Documents\repos\turkraft__springfilter\mongo\src\main\java\com\turkraft\springfilter\transformer\processor\InOperationJsonNodeProcessor.java,32
CLIENT:client-code,N/A,false,FieldAccessExpr,com.turkraft.springfilter.boot.FilterJsonNodeArgumentResolverConfigurer,jsonNodeHelper,C:\Users\tyin363\Documents\repos\turkraft__springfilter\mongo\src\main\java\com\turkraft\springfilter\boot\FilterJsonNodeArgumentResolverConfigurer.java,42
JDK:java.base,N/A,false,MethodCallExpr,java.lang.reflect.Field,getType,C:\Users\tyin363\Documents\repos\turkraft__springfilter\mongo\src\main\java\com\turkraft\springfilter\helper\FieldTypeResolverImpl.java,46
com.fasterxml.jackson.core:jackson-databind,2.18.3,false,MethodCallExpr,com.fasterxml.jackson.databind.ObjectMapper,nullNode,C:\Users\tyin363\Documents\repos\turkraft__springfilter\mongo\src\main\java\com\turkraft\springfilter\transformer\processor\IsNullOperationJsonNodeProcessor.java,30
JDK:java.base,N/A,false,ClassOrInterfaceType,java.lang.String,String,C:\Users\tyin363\Documents\repos\turkraft__springfilter\mongo\src\main\java\com\turkraft\springfilter\transformer\processor\LikeOperationJsonNodeProcessor.java,102
JDK:java.base,N/A,false,ClassOrInterfaceType,java.lang.Class,Class,C:\Users\tyin363\Documents\repos\turkraft__springfilter\mongo\src\main\java\com\turkraft\springfilter\transformer\processor\AndOperationJsonNodeProcessor.java,18
CLIENT:client-code,N/A,false,MethodCallExpr,com.turkraft.springfilter.transformer.FilterJsonNodeTransformer,getObjectMapper,C:\Users\tyin363\Documents\repos\turkraft__springfilter\mongo\src\main\java\com\turkraft\springfilter\transformer\processor\IsNotNullOperationJsonNodeProcessor.java,28
JDK:java.base,N/A,false,MethodCallExpr,java.lang.Class,isAssignableFrom,C:\Users\tyin363\Documents\repos\turkraft__springfilter\mongo\src\main\java\com\turkraft\springfilter\boot\FilterJsonNodeArgumentResolver.java,96
com.fasterxml.jackson.core:jackson-databind,2.18.3,false,MethodCallExpr,com.fasterxml.jackson.databind.node.BaseJsonNode,toString,C:\Users\tyin363\Documents\repos\turkraft__springfilter\mongo\src\main\java\com\turkraft\springfilter\boot\FilterJsonNodeArgumentResolver.java,117
org.springframework:spring-core,6.2.6,true,MethodCallExpr,org.springframework.util.ReflectionUtils,findField,C:\Users\tyin363\Documents\repos\turkraft__springfilter\mongo\src\main\java\com\turkraft\springfilter\helper\FieldTypeResolverImpl.java,30
CLIENT:client-code,N/A,false,ClassOrInterfaceType,com.turkraft.springfilter.transformer.FilterJsonNodeTransformer,FilterJsonNodeTransformer,C:\Users\tyin363\Documents\repos\turkraft__springfilter\mongo\src\main\java\com\turkraft\springfilter\transformer\processor\NotEqualOperationJsonNodeProcessor.java,18
JDK:java.base,N/A,false,ClassOrInterfaceType,java.lang.Class,Class,C:\Users\tyin363\Documents\repos\turkraft__springfilter\mongo\src\main\java\com\turkraft\springfilter\transformer\processor\LessThanOperationJsonNodeProcessor.java,18
JDK:java.base,N/A,false,ClassOrInterfaceType,java.lang.Class,Class,C:\Users\tyin363\Documents\repos\turkraft__springfilter\mongo\src\main\java\com\turkraft\springfilter\helper\FieldTypeResolver.java,9
CLIENT:client-code,N/A,false,ClassOrInterfaceType,com.turkraft.springfilter.transformer.FilterJsonNodeTransformer,FilterJsonNodeTransformer,C:\Users\tyin363\Documents\repos\turkraft__springfilter\mongo\src\main\java\com\turkraft\springfilter\boot\FilterJsonNodeArgumentResolver.java,101
CLIENT:client-code,N/A,false,ClassOrInterfaceType,com.turkraft.springfilter.transformer.processor.InfixOperationJsonNodeProcessor,InfixOperationJsonNodeProcessor,C:\Users\tyin363\Documents\repos\turkraft__springfilter\mongo\src\main\java\com\turkraft\springfilter\transformer\processor\NotEqualOperationJsonNodeProcessor.java,11
JDK:java.base,N/A,false,MethodCallExpr,java.lang.reflect.ParameterizedType,getActualTypeArguments,C:\Users\tyin363\Documents\repos\turkraft__springfilter\mongo\src\main\java\com\turkraft\springfilter\helper\FieldTypeResolverImpl.java,65
CLIENT:client-code,N/A,false,ClassOrInterfaceType,com.turkraft.springfilter.transformer.FilterJsonNodeTransformer,FilterJsonNodeTransformer,C:\Users\tyin363\Documents\repos\turkraft__springfilter\mongo\src\main\java\com\turkraft\springfilter\transformer\processor\IsNotEmptyOperationJsonNodeProcessor.java,11
com.fasterxml.jackson.core:jackson-databind,2.18.3,false,ClassOrInterfaceType,com.fasterxml.jackson.databind.JsonNode,JsonNode,C:\Users\tyin363\Documents\repos\turkraft__springfilter\mongo\src\main\java\com\turkraft\springfilter\transformer\processor\IsNullOperationJsonNodeProcessor.java,24
JDK:java.base,N/A,false,ClassOrInterfaceType,java.lang.Boolean,Boolean,C:\Users\tyin363\Documents\repos\turkraft__springfilter\mongo\src\main\java\com\turkraft\springfilter\transformer\processor\NotOperationJsonNodeProcessor.java,26
com.fasterxml.jackson.core:jackson-databind,2.18.3,false,ClassOrInterfaceType,com.fasterxml.jackson.databind.node.ObjectNode,ObjectNode,C:\Users\tyin363\Documents\repos\turkraft__springfilter\mongo\src\main\java\com\turkraft\springfilter\boot\FilterJsonNodeArgumentResolver.java,108
org.springframework:spring-core,6.2.6,true,MethodCallExpr,org.springframework.core.MethodParameter,getParameterType,C:\Users\tyin363\Documents\repos\turkraft__springfilter\mongo\src\main\java\com\turkraft\springfilter\boot\FilterJsonNodeArgumentResolver.java,116
com.fasterxml.jackson.core:jackson-databind,2.18.3,false,ClassOrInterfaceType,com.fasterxml.jackson.databind.JsonNode,JsonNode,C:\Users\tyin363\Documents\repos\turkraft__springfilter\mongo\src\main\java\com\turkraft\springfilter\transformer\FilterJsonNodeTransformer.java,53
JDK:java.base,N/A,false,ClassOrInterfaceType,java.lang.String,String,C:\Users\tyin363\Documents\repos\turkraft__springfilter\mongo\src\main\java\com\turkraft\springfilter\transformer\processor\EqualOperationJsonNodeProcessor.java,28
CLIENT:client-code,N/A,false,MethodCallExpr,com.turkraft.springfilter.transformer.FilterJsonNodeTransformer,getObjectMapper,C:\Users\tyin363\Documents\repos\turkraft__springfilter\mongo\src\main\java\com\turkraft\springfilter\transformer\processor\IsNotNullOperationJsonNodeProcessor.java,27
CLIENT:client-code,N/A,false,FieldAccessExpr,com.turkraft.springfilter.transformer.processor.NotInOperationJsonNodeProcessor,fieldTypeResolver,C:\Users\tyin363\Documents\repos\turkraft__springfilter\mongo\src\main\java\com\turkraft\springfilter\transformer\processor\NotInOperationJsonNodeProcessor.java,19
JDK:java.base,N/A,false,ObjectCreationExpr,java.lang.IllegalArgumentException,IllegalArgumentException,C:\Users\tyin363\Documents\repos\turkraft__springfilter\mongo\src\main\java\com\turkraft\springfilter\helper\FieldTypeResolverImpl.java,35
com.fasterxml.jackson.core:jackson-databind,2.18.3,false,ClassOrInterfaceType,com.fasterxml.jackson.databind.JsonNode,JsonNode,C:\Users\tyin363\Documents\repos\turkraft__springfilter\mongo\src\main\java\com\turkraft\springfilter\transformer\processor\HelloWorldPlaceholderJsonNodeProcessor.java,11
org.springframework:spring-core,6.2.6,true,ClassOrInterfaceType,org.springframework.core.convert.ConversionService,ConversionService,C:\Users\tyin363\Documents\repos\turkraft__springfilter\mongo\src\main\java\com\turkraft\springfilter\transformer\FilterJsonNodeTransformer.java,39
com.fasterxml.jackson.core:jackson-databind,2.18.3,false,MethodCallExpr,com.fasterxml.jackson.databind.ObjectMapper,createObjectNode,C:\Users\tyin363\Documents\repos\turkraft__springfilter\mongo\src\main\java\com\turkraft\springfilter\transformer\processor\LikeOperationJsonNodeProcessor.java,89
CLIENT:client-code,N/A,false,ClassOrInterfaceType,com.turkraft.springfilter.transformer.FilterJsonNodeTransformer,FilterJsonNodeTransformer,C:\Users\tyin363\Documents\repos\turkraft__springfilter\mongo\src\main\java\com\turkraft\springfilter\transformer\processor\IsEmptyOperationJsonNodeProcessor.java,11
JDK:java.base,N/A,false,ClassOrInterfaceType,java.lang.String,String,C:\Users\tyin363\Documents\repos\turkraft__springfilter\mongo\src\main\java\com\turkraft\springfilter\converter\StringCustomUUIDConverter.java,10
com.fasterxml.jackson.core:jackson-databind,2.18.3,false,MethodCallExpr,com.fasterxml.jackson.databind.ObjectMapper,createObjectNode,C:\Users\tyin363\Documents\repos\turkraft__springfilter\mongo\src\main\java\com\turkraft\springfilter\helper\JsonNodeHelperImpl.java,26
com.fasterxml.jackson.core:jackson-databind,2.18.3,false,MethodCallExpr,com.fasterxml.jackson.databind.ObjectMapper,createObjectNode,C:\Users\tyin363\Documents\repos\turkraft__springfilter\mongo\src\main\java\com\turkraft\springfilter\transformer\processor\NotOperationJsonNodeProcessor.java,28
JDK:java.base,N/A,false,MethodCallExpr,java.lang.reflect.Type,getTypeName,C:\Users\tyin363\Documents\repos\turkraft__springfilter\mongo\src\main\java\com\turkraft\springfilter\boot\FilterJsonNodeArgumentResolver.java,70
CLIENT:client-code,N/A,false,FieldAccessExpr,com.turkraft.springfilter.boot.FilterJsonNodeArgumentResolverConfigurer,filterNodeArgumentResolverHelper,C:\Users\tyin363\Documents\repos\turkraft__springfilter\mongo\src\main\java\com\turkraft\springfilter\boot\FilterJsonNodeArgumentResolverConfigurer.java,41
JDK:java.base,N/A,false,ClassOrInterfaceType,java.lang.Boolean,Boolean,C:\Users\tyin363\Documents\repos\turkraft__springfilter\mongo\src\main\java\com\turkraft\springfilter\transformer\processor\NotOperationJsonNodeProcessor.java,27
JDK:java.base,N/A,false,ClassOrInterfaceType,java.lang.Class,Class,C:\Users\tyin363\Documents\repos\turkraft__springfilter\mongo\src\main\java\com\turkraft\springfilter\transformer\FilterJsonNodeTransformer.java,133
JDK:java.base,N/A,false,MethodCallExpr,java.lang.Class,getTypeName,C:\Users\tyin363\Documents\repos\turkraft__springfilter\mongo\src\main\java\com\turkraft\springfilter\boot\FilterJsonNodeArgumentResolver.java,74
CLIENT:client-code,N/A,false,FieldAccessExpr,com.turkraft.springfilter.boot.FilterJsonNodeArgumentResolverConfigurer,objectMapper,C:\Users\tyin363\Documents\repos\turkraft__springfilter\mongo\src\main\java\com\turkraft\springfilter\boot\FilterJsonNodeArgumentResolverConfigurer.java,40
JDK:java.base,N/A,false,ClassOrInterfaceType,java.lang.Class,Class,C:\Users\tyin363\Documents\repos\turkraft__springfilter\mongo\src\main\java\com\turkraft\springfilter\boot\FilterJsonNodeArgumentResolver.java,68
JDK:java.base,N/A,false,MethodCallExpr,java.util.Optional,of,C:\Users\tyin363\Documents\repos\turkraft__springfilter\mongo\src\main\java\com\turkraft\springfilter\boot\FilterJsonNodeArgumentResolver.java,119
CLIENT:client-code,N/A,false,FieldAccessExpr,com.turkraft.springfilter.transformer.processor.InOperationJsonNodeProcessor,fieldTypeResolver,C:\Users\tyin363\Documents\repos\turkraft__springfilter\mongo\src\main\java\com\turkraft\springfilter\transformer\processor\InOperationJsonNodeProcessor.java,18
com.fasterxml.jackson.core:jackson-databind,2.18.3,false,MethodCallExpr,com.fasterxml.jackson.databind.ObjectMapper,nullNode,C:\Users\tyin363\Documents\repos\turkraft__springfilter\mongo\src\main\java\com\turkraft\springfilter\transformer\processor\IsNotNullOperationJsonNodeProcessor.java,30
com.fasterxml.jackson.core:jackson-databind,2.18.3,false,MethodCallExpr,com.fasterxml.jackson.databind.node.ObjectNode,set,C:\Users\tyin363\Documents\repos\turkraft__springfilter\mongo\src\main\java\com\turkraft\springfilter\transformer\processor\LikeOperationJsonNodeProcessor.java,67
JDK:java.base,N/A,false,MethodCallExpr,java.lang.Object,equals,C:\Users\tyin363\Documents\repos\turkraft__springfilter\mongo\src\main\java\com\turkraft\springfilter\boot\FilterJsonNodeArgumentResolver.java,89
com.fasterxml.jackson.core:jackson-databind,2.18.3,false,MethodCallExpr,com.fasterxml.jackson.databind.node.BaseJsonNode,toString,C:\Users\tyin363\Documents\repos\turkraft__springfilter\mongo\src\main\java\com\turkraft\springfilter\boot\FilterJsonNodeArgumentResolver.java,115
com.fasterxml.jackson.core:jackson-databind,2.18.3,false,ClassOrInterfaceType,com.fasterxml.jackson.databind.JsonNode,JsonNode,C:\Users\tyin363\Documents\repos\turkraft__springfilter\mongo\src\main\java\com\turkraft\springfilter\transformer\processor\InOperationJsonNodeProcessor.java,13
com.fasterxml.jackson.core:jackson-databind,2.18.3,false,ClassOrInterfaceType,com.fasterxml.jackson.databind.JsonNode,JsonNode,C:\Users\tyin363\Documents\repos\turkraft__springfilter\mongo\src\main\java\com\turkraft\springfilter\transformer\processor\NotEqualOperationJsonNodeProcessor.java,33
JDK:java.base,N/A,false,ClassOrInterfaceType,java.lang.String,String,C:\Users\tyin363\Documents\repos\turkraft__springfilter\mongo\src\main\java\com\turkraft\springfilter\converter\StringCustomObjectIdConverter.java,30
com.fasterxml.jackson.core:jackson-databind,2.18.3,false,MethodCallExpr,com.fasterxml.jackson.databind.ObjectMapper,createObjectNode,C:\Users\tyin363\Documents\repos\turkraft__springfilter\mongo\src\main\java\com\turkraft\springfilter\transformer\processor\IsEmptyOperationJsonNodeProcessor.java,33
com.fasterxml.jackson.core:jackson-databind,2.18.3,false,ClassOrInterfaceType,com.fasterxml.jackson.databind.node.ObjectNode,ObjectNode,C:\Users\tyin363\Documents\repos\turkraft__springfilter\mongo\src\main\java\com\turkraft\springfilter\helper\JsonNodeHelper.java,10
CLIENT:client-code,N/A,false,FieldAccessExpr,com.turkraft.springfilter.transformer.processor.InfixOperationJsonNodeProcessor,jsonNodeHelper,C:\Users\tyin363\Documents\repos\turkraft__springfilter\mongo\src\main\java\com\turkraft\springfilter\transformer\processor\InfixOperationJsonNodeProcessor.java,16
org.springframework:spring-core,6.2.6,true,ClassOrInterfaceType,org.springframework.core.MethodParameter,MethodParameter,C:\Users\tyin363\Documents\repos\turkraft__springfilter\mongo\src\main\java\com\turkraft\springfilter\boot\FilterJsonNodeArgumentResolver.java,51
CLIENT:client-code,N/A,false,ClassOrInterfaceType,com.turkraft.springfilter.transformer.FilterJsonNodeTransformer,FilterJsonNodeTransformer,C:\Users\tyin363\Documents\repos\turkraft__springfilter\mongo\src\main\java\com\turkraft\springfilter\transformer\processor\HelloWorldPlaceholderJsonNodeProcessor.java,24
CLIENT:client-code,N/A,false,MethodCallExpr,com.turkraft.springfilter.transformer.FilterJsonNodeTransformer,getObjectMapper,C:\Users\tyin363\Documents\repos\turkraft__springfilter\mongo\src\main\java\com\turkraft\springfilter\transformer\processor\IsEmptyOperationJsonNodeProcessor.java,31
JDK:java.base,N/A,false,MethodCallExpr,java.lang.reflect.AccessibleObject,isAnnotationPresent,C:\Users\tyin363\Documents\repos\turkraft__springfilter\mongo\src\main\java\com\turkraft\springfilter\transformer\FilterJsonNodeTransformer.java,59
JDK:java.base,N/A,false,MethodCallExpr,java.lang.reflect.Field,getType,C:\Users\tyin363\Documents\repos\turkraft__springfilter\mongo\src\main\java\com\turkraft\springfilter\transformer\processor\LikeOperationJsonNodeProcessor.java,56
CLIENT:client-code,N/A,false,MethodCallExpr,com.turkraft.springfilter.transformer.FilterJsonNodeTransformer,getObjectMapper,C:\Users\tyin363\Documents\repos\turkraft__springfilter\mongo\src\main\java\com\turkraft\springfilter\transformer\processor\NotInOperationJsonNodeProcessor.java,52
JDK:java.base,N/A,false,MethodCallExpr,java.lang.reflect.Type,getTypeName,C:\Users\tyin363\Documents\repos\turkraft__springfilter\mongo\src\main\java\com\turkraft\springfilter\boot\FilterJsonNodeArgumentResolver.java,69
com.fasterxml.jackson.core:jackson-databind,2.18.3,false,ClassOrInterfaceType,com.fasterxml.jackson.databind.JsonNode,JsonNode,C:\Users\tyin363\Documents\repos\turkraft__springfilter\mongo\src\main\java\com\turkraft\springfilter\transformer\processor\TodayFunctionJsonNodeProcessor.java,26
CLIENT:client-code,N/A,false,ClassOrInterfaceType,com.turkraft.springfilter.helper.FieldTypeResolver,FieldTypeResolver,C:\Users\tyin363\Documents\repos\turkraft__springfilter\mongo\src\main\java\com\turkraft\springfilter\transformer\processor\InOperationJsonNodeProcessor.java,15
CLIENT:client-code,N/A,false,ClassOrInterfaceType,com.turkraft.springfilter.transformer.FilterJsonNodeTransformer,FilterJsonNodeTransformer,C:\Users\tyin363\Documents\repos\turkraft__springfilter\mongo\src\main\java\com\turkraft\springfilter\transformer\processor\IsNullOperationJsonNodeProcessor.java,11
org.springframework:spring-core,6.2.6,true,ClassOrInterfaceType,org.springframework.core.convert.converter.Converter,Converter,C:\Users\tyin363\Documents\repos\turkraft__springfilter\mongo\src\main\java\com\turkraft\springfilter\converter\StringCustomObjectIdConverter.java,10
com.fasterxml.jackson.core:jackson-databind,2.18.3,false,ClassOrInterfaceType,com.fasterxml.jackson.databind.node.ObjectNode,ObjectNode,C:\Users\tyin363\Documents\repos\turkraft__springfilter\mongo\src\main\java\com\turkraft\springfilter\boot\FilterJsonNodeArgumentResolver.java,110
com.fasterxml.jackson.core:jackson-databind,2.18.3,false,ClassOrInterfaceType,com.fasterxml.jackson.databind.JsonNode,JsonNode,C:\Users\tyin363\Documents\repos\turkraft__springfilter\mongo\src\main\java\com\turkraft\springfilter\transformer\processor\LessThanOperationJsonNodeProcessor.java,33
com.fasterxml.jackson.core:jackson-databind,2.18.3,false,ClassOrInterfaceType,com.fasterxml.jackson.databind.JsonNode,JsonNode,C:\Users\tyin363\Documents\repos\turkraft__springfilter\mongo\src\main\java\com\turkraft\springfilter\transformer\FilterJsonNodeTransformer.java,80
JDK:java.base,N/A,false,ClassOrInterfaceType,java.lang.Class,Class,C:\Users\tyin363\Documents\repos\turkraft__springfilter\mongo\src\main\java\com\turkraft\springfilter\transformer\processor\NotInOperationJsonNodeProcessor.java,23
JDK:java.base,N/A,false,MethodCallExpr,java.util.Optional,empty,C:\Users\tyin363\Documents\repos\turkraft__springfilter\mongo\src\main\java\com\turkraft\springfilter\boot\FilterJsonNodeArgumentResolver.java,90
org.springframework:spring-core,6.2.6,true,MethodCallExpr,org.springframework.core.MethodParameter,getParameterType,C:\Users\tyin363\Documents\repos\turkraft__springfilter\mongo\src\main\java\com\turkraft\springfilter\boot\FilterJsonNodeArgumentResolver.java,123
com.fasterxml.jackson.core:jackson-databind,2.18.3,false,ClassOrInterfaceType,com.fasterxml.jackson.databind.node.ObjectNode,ObjectNode,C:\Users\tyin363\Documents\repos\turkraft__springfilter\mongo\src\main\java\com\turkraft\springfilter\helper\JsonNodeHelperImpl.java,25
CLIENT:client-code,N/A,false,ClassOrInterfaceType,com.turkraft.springfilter.transformer.FilterJsonNodeTransformer,FilterJsonNodeTransformer,C:\Users\tyin363\Documents\repos\turkraft__springfilter\mongo\src\main\java\com\turkraft\springfilter\helper\JsonNodeHelper.java,12
JDK:java.base,N/A,false,ClassOrInterfaceType,java.lang.String,String,C:\Users\tyin363\Documents\repos\turkraft__springfilter\mongo\src\main\java\com\turkraft\springfilter\transformer\processor\LikeOperationJsonNodeProcessor.java,48
JDK:java.base,N/A,false,ClassOrInterfaceType,java.lang.Class,Class,C:\Users\tyin363\Documents\repos\turkraft__springfilter\mongo\src\main\java\com\turkraft\springfilter\transformer\processor\OrOperationJsonNodeProcessor.java,18
JDK:java.base,N/A,false,MethodCallExpr,java.lang.Class,isAssignableFrom,C:\Users\tyin363\Documents\repos\turkraft__springfilter\mongo\src\main\java\com\turkraft\springfilter\boot\FilterJsonNodeArgumentResolver.java,116
CLIENT:client-code,N/A,false,ClassOrInterfaceType,com.turkraft.springfilter.boot.FilterJsonNodeArgumentResolver,FilterJsonNodeArgumentResolver,C:\Users\tyin363\Documents\repos\turkraft__springfilter\mongo\src\main\java\com\turkraft\springfilter\boot\FilterJsonNodeArgumentResolverConfigurer.java,50
CLIENT:client-code,N/A,false,ObjectCreationExpr,com.turkraft.springfilter.converter.StringCustomUUIDConverter.CustomUUID,CustomUUID,C:\Users\tyin363\Documents\repos\turkraft__springfilter\mongo\src\main\java\com\turkraft\springfilter\converter\StringCustomUUIDConverter.java,14
com.fasterxml.jackson.core:jackson-databind,2.18.3,false,MethodCallExpr,com.fasterxml.jackson.databind.ObjectMapper,createObjectNode,C:\Users\tyin363\Documents\repos\turkraft__springfilter\mongo\src\main\java\com\turkraft\springfilter\transformer\processor\IsNotEmptyOperationJsonNodeProcessor.java,29
CLIENT:client-code,N/A,false,MethodCallExpr,com.turkraft.springfilter.transformer.FilterJsonNodeTransformer,getObjectMapper,C:\Users\tyin363\Documents\repos\turkraft__springfilter\mongo\src\main\java\com\turkraft\springfilter\transformer\processor\IsEmptyOperationJsonNodeProcessor.java,32
CLIENT:client-code,N/A,false,FieldAccessExpr,com.turkraft.springfilter.transformer.processor.LikeOperationJsonNodeProcessor,fieldTypeResolver,C:\Users\tyin363\Documents\repos\turkraft__springfilter\mongo\src\main\java\com\turkraft\springfilter\transformer\processor\LikeOperationJsonNodeProcessor.java,22
CLIENT:client-code,N/A,false,MethodCallExpr,com.turkraft.springfilter.transformer.FilterJsonNodeTransformer,getObjectMapper,C:\Users\tyin363\Documents\repos\turkraft__springfilter\mongo\src\main\java\com\turkraft\springfilter\transformer\processor\NotInOperationJsonNodeProcessor.java,51
JDK:java.base,N/A,false,ClassOrInterfaceType,java.lang.Class,Class,C:\Users\tyin363\Documents\repos\turkraft__springfilter\mongo\src\main\java\com\turkraft\springfilter\transformer\processor\NotEqualOperationJsonNodeProcessor.java,18
com.fasterxml.jackson.core:jackson-databind,2.18.3,false,MethodCallExpr,com.fasterxml.jackson.databind.ObjectMapper,createArrayNode,C:\Users\tyin363\Documents\repos\turkraft__springfilter\mongo\src\main\java\com\turkraft\springfilter\transformer\processor\NotInOperationJsonNodeProcessor.java,47
org.springframework.data:spring-data-mongodb,4.4.5,false,ClassOrInterfaceType,org.springframework.data.mongodb.core.query.Query,Query,C:\Users\tyin363\Documents\repos\turkraft__springfilter\mongo\src\main\java\com\turkraft\springfilter\boot\FilterJsonNodeArgumentResolver.java,96
com.fasterxml.jackson.core:jackson-databind,2.18.3,false,ClassOrInterfaceType,com.fasterxml.jackson.databind.JsonNode,JsonNode,C:\Users\tyin363\Documents\repos\turkraft__springfilter\mongo\src\main\java\com\turkraft\springfilter\helper\JsonNodeHelperImpl.java,30
CLIENT:client-code,N/A,false,FieldAccessExpr,com.turkraft.springfilter.transformer.FilterJsonNodeTransformer,entityType,C:\Users\tyin363\Documents\repos\turkraft__springfilter\mongo\src\main\java\com\turkraft\springfilter\transformer\FilterJsonNodeTransformer.java,47
com.fasterxml.jackson.core:jackson-databind,2.18.3,false,ClassOrInterfaceType,com.fasterxml.jackson.databind.JsonNode,JsonNode,C:\Users\tyin363\Documents\repos\turkraft__springfilter\mongo\src\main\java\com\turkraft\springfilter\transformer\processor\LikeOperationJsonNodeProcessor.java,36
CLIENT:client-code,N/A,false,ClassOrInterfaceType,com.turkraft.springfilter.transformer.FilterJsonNodeTransformer,FilterJsonNodeTransformer,C:\Users\tyin363\Documents\repos\turkraft__springfilter\mongo\src\main\java\com\turkraft\springfilter\transformer\processor\EqualOperationJsonNodeProcessor.java,18
com.fasterxml.jackson.core:jackson-databind,2.18.3,false,ClassOrInterfaceType,com.fasterxml.jackson.databind.JsonNode,JsonNode,C:\Users\tyin363\Documents\repos\turkraft__springfilter\mongo\src\main\java\com\turkraft\springfilter\transformer\processor\NotOperationJsonNodeProcessor.java,24
CLIENT:client-code,N/A,false,ClassOrInterfaceType,com.turkraft.springfilter.helper.JsonNodeHelper,JsonNodeHelper,C:\Users\tyin363\Documents\repos\turkraft__springfilter\mongo\src\main\java\com\turkraft\springfilter\transformer\processor\EqualOperationJsonNodeProcessor.java,13
CLIENT:client-code,N/A,false,MethodCallExpr,com.turkraft.springfilter.transformer.FilterJsonNodeTransformer,getObjectMapper,C:\Users\tyin363\Documents\repos\turkraft__springfilter\mongo\src\main\java\com\turkraft\springfilter\transformer\processor\IsNullOperationJsonNodeProcessor.java,30
JDK:java.base,N/A,false,ClassOrInterfaceType,java.lang.Class,Class,C:\Users\tyin363\Documents\repos\turkraft__springfilter\mongo\src\main\java\com\turkraft\springfilter\transformer\processor\LikeOperationJsonNodeProcessor.java,26
com.fasterxml.jackson.core:jackson-databind,2.18.3,false,MethodCallExpr,com.fasterxml.jackson.databind.node.BaseJsonNode,toString,C:\Users\tyin363\Documents\repos\turkraft__springfilter\mongo\src\main\java\com\turkraft\springfilter\boot\FilterJsonNodeArgumentResolver.java,113
CLIENT:client-code,N/A,false,ClassOrInterfaceType,com.turkraft.springfilter.transformer.FilterJsonNodeTransformer,FilterJsonNodeTransformer,C:\Users\tyin363\Documents\repos\turkraft__springfilter\mongo\src\main\java\com\turkraft\springfilter\transformer\processor\IsNullOperationJsonNodeProcessor.java,14
com.fasterxml.jackson.core:jackson-databind,2.18.3,false,ClassOrInterfaceType,com.fasterxml.jackson.databind.JsonNode,JsonNode,C:\Users\tyin363\Documents\repos\turkraft__springfilter\mongo\src\main\java\com\turkraft\springfilter\transformer\processor\InfixOperationJsonNodeProcessor.java,27
CLIENT:client-code,N/A,false,ClassOrInterfaceType,com.turkraft.springfilter.helper.JsonNodeHelper,JsonNodeHelper,C:\Users\tyin363\Documents\repos\turkraft__springfilter\mongo\src\main\java\com\turkraft\springfilter\boot\FilterJsonNodeArgumentResolverConfigurer.java,36
org.springframework:spring-web,6.2.6,true,ClassOrInterfaceType,org.springframework.web.method.support.ModelAndViewContainer,ModelAndViewContainer,C:\Users\tyin363\Documents\repos\turkraft__springfilter\mongo\src\main\java\com\turkraft\springfilter\boot\FilterJsonNodeArgumentResolver.java,81
JDK:java.base,N/A,false,ClassOrInterfaceType,java.lang.String,String,C:\Users\tyin363\Documents\repos\turkraft__springfilter\mongo\src\main\java\com\turkraft\springfilter\transformer\processor\LikeOperationJsonNodeProcessor.java,49
org.springframework:spring-core,6.2.6,true,MethodCallExpr,org.springframework.core.MethodParameter,getParameterType,C:\Users\tyin363\Documents\repos\turkraft__springfilter\mongo\src\main\java\com\turkraft\springfilter\boot\FilterJsonNodeArgumentResolver.java,89
CLIENT:client-code,N/A,false,MethodCallExpr,com.turkraft.springfilter.transformer.FilterJsonNodeTransformer,getObjectMapper,C:\Users\tyin363\Documents\repos\turkraft__springfilter\mongo\src\main\java\com\turkraft\springfilter\transformer\processor\IsNotEmptyOperationJsonNodeProcessor.java,28
CLIENT:client-code,N/A,false,ClassOrInterfaceType,com.turkraft.springfilter.transformer.FilterJsonNodeTransformer,FilterJsonNodeTransformer,C:\Users\tyin363\Documents\repos\turkraft__springfilter\mongo\src\main\java\com\turkraft\springfilter\transformer\processor\LikeOperationJsonNodeProcessor.java,36
com.fasterxml.jackson.core:jackson-databind,2.18.3,false,MethodCallExpr,com.fasterxml.jackson.databind.ObjectMapper,createObjectNode,C:\Users\tyin363\Documents\repos\turkraft__springfilter\mongo\src\main\java\com\turkraft\springfilter\transformer\processor\IsEmptyOperationJsonNodeProcessor.java,31
CLIENT:client-code,N/A,false,ClassOrInterfaceType,com.turkraft.springfilter.transformer.processor.InfixOperationJsonNodeProcessor,InfixOperationJsonNodeProcessor,C:\Users\tyin363\Documents\repos\turkraft__springfilter\mongo\src\main\java\com\turkraft\springfilter\transformer\processor\OrOperationJsonNodeProcessor.java,11
CLIENT:client-code,N/A,false,FieldAccessExpr,com.turkraft.springfilter.helper.JsonNodeHelperImpl,objectMapper,C:\Users\tyin363\Documents\repos\turkraft__springfilter\mongo\src\main\java\com\turkraft\springfilter\helper\JsonNodeHelperImpl.java,20
CLIENT:client-code,N/A,false,MethodCallExpr,com.turkraft.springfilter.transformer.FilterJsonNodeTransformer,getObjectMapper,C:\Users\tyin363\Documents\repos\turkraft__springfilter\mongo\src\main\java\com\turkraft\springfilter\transformer\processor\IsEmptyOperationJsonNodeProcessor.java,33
CLIENT:client-code,N/A,false,ClassOrInterfaceType,com.turkraft.springfilter.helper.FieldTypeResolver,FieldTypeResolver,C:\Users\tyin363\Documents\repos\turkraft__springfilter\mongo\src\main\java\com\turkraft\springfilter\transformer\processor\InOperationJsonNodeProcessor.java,17
JDK:java.base,N/A,false,ClassOrInterfaceType,java.lang.String,String,C:\Users\tyin363\Documents\repos\turkraft__springfilter\mongo\src\main\java\com\turkraft\springfilter\helper\FieldTypeResolverImpl.java,24
org.springframework.data:spring-data-mongodb,4.4.5,false,ClassOrInterfaceType,org.springframework.data.mongodb.core.query.BasicQuery,BasicQuery,C:\Users\tyin363\Documents\repos\turkraft__springfilter\mongo\src\main\java\com\turkraft\springfilter\boot\FilterJsonNodeArgumentResolver.java,119
CLIENT:client-code,N/A,false,MethodCallExpr,com.turkraft.springfilter.transformer.FilterJsonNodeTransformer,getObjectMapper,C:\Users\tyin363\Documents\repos\turkraft__springfilter\mongo\src\main\java\com\turkraft\springfilter\transformer\processor\NotInOperationJsonNodeProcessor.java,50
com.fasterxml.jackson.core:jackson-databind,2.18.3,false,MethodCallExpr,com.fasterxml.jackson.databind.node.ObjectNode,set,C:\Users\tyin363\Documents\repos\turkraft__springfilter\mongo\src\main\java\com\turkraft\springfilter\transformer\processor\LikeOperationJsonNodeProcessor.java,68
CLIENT:client-code,N/A,false,ClassOrInterfaceType,com.turkraft.springfilter.transformer.FilterJsonNodeTransformer,FilterJsonNodeTransformer,C:\Users\tyin363\Documents\repos\turkraft__springfilter\mongo\src\main\java\com\turkraft\springfilter\transformer\processor\InfixOperationJsonNodeProcessor.java,21
CLIENT:client-code,N/A,false,ObjectCreationExpr,com.turkraft.springfilter.converter.StringCustomObjectIdConverter.CustomObjectId,CustomObjectId,C:\Users\tyin363\Documents\repos\turkraft__springfilter\mongo\src\main\java\com\turkraft\springfilter\converter\StringCustomObjectIdConverter.java,14
CLIENT:client-code,N/A,false,ClassOrInterfaceType,com.turkraft.springfilter.transformer.FilterJsonNodeTransformer,FilterJsonNodeTransformer,C:\Users\tyin363\Documents\repos\turkraft__springfilter\mongo\src\main\java\com\turkraft\springfilter\transformer\processor\EqualOperationJsonNodeProcessor.java,19
com.fasterxml.jackson.core:jackson-databind,2.18.3,false,ClassOrInterfaceType,com.fasterxml.jackson.databind.JsonNode,JsonNode,C:\Users\tyin363\Documents\repos\turkraft__springfilter\mongo\src\main\java\com\turkraft\springfilter\transformer\processor\OrOperationJsonNodeProcessor.java,33
JDK:java.base,N/A,false,ClassOrInterfaceType,java.lang.Class,Class,C:\Users\tyin363\Documents\repos\turkraft__springfilter\mongo\src\main\java\com\turkraft\springfilter\transformer\processor\HelloWorldPlaceholderJsonNodeProcessor.java,14
JDK:java.base,N/A,false,ClassOrInterfaceType,java.lang.String,String,C:\Users\tyin363\Documents\repos\turkraft__springfilter\mongo\src\main\java\com\turkraft\springfilter\converter\StringCustomUUIDConverter.java,22
CLIENT:client-code,N/A,false,ClassOrInterfaceType,com.turkraft.springfilter.transformer.processor.InfixOperationJsonNodeProcessor,InfixOperationJsonNodeProcessor,C:\Users\tyin363\Documents\repos\turkraft__springfilter\mongo\src\main\java\com\turkraft\springfilter\transformer\processor\GreaterThanOperationJsonNodeProcessor.java,11
CLIENT:client-code,N/A,false,MethodCallExpr,com.turkraft.springfilter.transformer.FilterJsonNodeTransformer,getObjectMapper,C:\Users\tyin363\Documents\repos\turkraft__springfilter\mongo\src\main\java\com\turkraft\springfilter\transformer\processor\LikeOperationJsonNodeProcessor.java,89
CLIENT:client-code,N/A,false,MethodCallExpr,com.turkraft.springfilter.transformer.FilterJsonNodeTransformer,getObjectMapper,C:\Users\tyin363\Documents\repos\turkraft__springfilter\mongo\src\main\java\com\turkraft\springfilter\transformer\processor\IsNotEmptyOperationJsonNodeProcessor.java,27
org.springframework:spring-core,6.2.6,true,MethodCallExpr,org.springframework.core.MethodParameter,getParameterType,C:\Users\tyin363\Documents\repos\turkraft__springfilter\mongo\src\main\java\com\turkraft\springfilter\boot\FilterJsonNodeArgumentResolver.java,55
com.fasterxml.jackson.core:jackson-databind,2.18.3,false,MethodCallExpr,com.fasterxml.jackson.databind.ObjectMapper,createObjectNode,C:\Users\tyin363\Documents\repos\turkraft__springfilter\mongo\src\main\java\com\turkraft\springfilter\transformer\processor\IsNotEmptyOperationJsonNodeProcessor.java,31
CLIENT:client-code,N/A,false,ClassOrInterfaceType,com.turkraft.springfilter.helper.JsonNodeHelper,JsonNodeHelper,C:\Users\tyin363\Documents\repos\turkraft__springfilter\mongo\src\main\java\com\turkraft\springfilter\boot\FilterJsonNodeArgumentResolver.java,39
JDK:java.base,N/A,false,MethodCallExpr,java.lang.reflect.Type,getTypeName,C:\Users\tyin363\Documents\repos\turkraft__springfilter\mongo\src\main\java\com\turkraft\springfilter\boot\FilterJsonNodeArgumentResolver.java,68
com.fasterxml.jackson.core:jackson-databind,2.18.3,false,ClassOrInterfaceType,com.fasterxml.jackson.databind.JsonNode,JsonNode,C:\Users\tyin363\Documents\repos\turkraft__springfilter\mongo\src\main\java\com\turkraft\springfilter\transformer\FilterJsonNodeTransformer.java,110
CLIENT:client-code,N/A,false,ClassOrInterfaceType,com.turkraft.springfilter.transformer.FilterJsonNodeTransformer,FilterJsonNodeTransformer,C:\Users\tyin363\Documents\repos\turkraft__springfilter\mongo\src\main\java\com\turkraft\springfilter\transformer\processor\TodayFunctionJsonNodeProcessor.java,26
CLIENT:client-code,N/A,false,MethodCallExpr,com.turkraft.springfilter.transformer.FilterJsonNodeTransformer,getObjectMapper,C:\Users\tyin363\Documents\repos\turkraft__springfilter\mongo\src\main\java\com\turkraft\springfilter\transformer\processor\IsNullOperationJsonNodeProcessor.java,28
CLIENT:client-code,N/A,false,FieldAccessExpr,com.turkraft.springfilter.boot.FilterJsonNodeArgumentResolver,objectMapper,C:\Users\tyin363\Documents\repos\turkraft__springfilter\mongo\src\main\java\com\turkraft\springfilter\boot\FilterJsonNodeArgumentResolver.java,43
JDK:java.base,N/A,false,MethodCallExpr,java.lang.String,replace,C:\Users\tyin363\Documents\repos\turkraft__springfilter\mongo\src\main\java\com\turkraft\springfilter\transformer\processor\LikeOperationJsonNodeProcessor.java,99
JDK:java.base,N/A,false,MethodCallExpr,java.util.Optional,of,C:\Users\tyin363\Documents\repos\turkraft__springfilter\mongo\src\main\java\com\turkraft\springfilter\boot\FilterJsonNodeArgumentResolver.java,115
CLIENT:client-code,N/A,false,FieldAccessExpr,com.turkraft.springfilter.boot.FilterJsonNodeArgumentResolver,filterNodeArgumentResolverHelper,C:\Users\tyin363\Documents\repos\turkraft__springfilter\mongo\src\main\java\com\turkraft\springfilter\boot\FilterJsonNodeArgumentResolver.java,44
CLIENT:client-code,N/A,false,ClassOrInterfaceType,com.turkraft.springfilter.transformer.FilterJsonNodeTransformer,FilterJsonNodeTransformer,C:\Users\tyin363\Documents\repos\turkraft__springfilter\mongo\src\main\java\com\turkraft\springfilter\transformer\processor\GreaterThanOperationJsonNodeProcessor.java,19
JDK:java.base,N/A,false,ClassOrInterfaceType,java.lang.Class,Class,C:\Users\tyin363\Documents\repos\turkraft__springfilter\mongo\src\main\java\com\turkraft\springfilter\transformer\processor\TodayFunctionJsonNodeProcessor.java,16
com.fasterxml.jackson.core:jackson-databind,2.18.3,false,ClassOrInterfaceType,com.fasterxml.jackson.databind.JsonNode,JsonNode,C:\Users\tyin363\Documents\repos\turkraft__springfilter\mongo\src\main\java\com\turkraft\springfilter\transformer\processor\InsensitiveLikeOperationJsonNodeProcessor.java,31
com.fasterxml.jackson.core:jackson-databind,2.18.3,false,MethodCallExpr,com.fasterxml.jackson.databind.ObjectMapper,createArrayNode,C:\Users\tyin363\Documents\repos\turkraft__springfilter\mongo\src\main\java\com\turkraft\springfilter\transformer\processor\IsEmptyOperationJsonNodeProcessor.java,28
org.springframework:spring-core,6.2.6,true,ClassOrInterfaceType,org.springframework.core.MethodParameter,MethodParameter,C:\Users\tyin363\Documents\repos\turkraft__springfilter\mongo\src\main\java\com\turkraft\springfilter\boot\FilterJsonNodeArgumentResolver.java,80
JDK:java.base,N/A,false,MethodCallExpr,java.lang.Class,isAssignableFrom,C:\Users\tyin363\Documents\repos\turkraft__springfilter\mongo\src\main\java\com\turkraft\springfilter\boot\FilterJsonNodeArgumentResolver.java,53
com.fasterxml.jackson.core:jackson-databind,2.18.3,false,MethodCallExpr,com.fasterxml.jackson.databind.ObjectMapper,createObjectNode,C:\Users\tyin363\Documents\repos\turkraft__springfilter\mongo\src\main\java\com\turkraft\springfilter\transformer\processor\LikeOperationJsonNodeProcessor.java,84
JDK:java.base,N/A,false,ClassOrInterfaceType,java.lang.String,String,C:\Users\tyin363\Documents\repos\turkraft__springfilter\mongo\src\main\java\com\turkraft\springfilter\converter\StringCustomObjectIdConverter.java,26
CLIENT:client-code,N/A,false,ClassOrInterfaceType,com.turkraft.springfilter.transformer.FilterJsonNodeTransformer,FilterJsonNodeTransformer,C:\Users\tyin363\Documents\repos\turkraft__springfilter\mongo\src\main\java\com\turkraft\springfilter\transformer\processor\AndOperationJsonNodeProcessor.java,33
com.fasterxml.jackson.core:jackson-databind,2.18.3,false,MethodCallExpr,com.fasterxml.jackson.databind.ObjectMapper,createObjectNode,C:\Users\tyin363\Documents\repos\turkraft__springfilter\mongo\src\main\java\com\turkraft\springfilter\transformer\processor\IsEmptyOperationJsonNodeProcessor.java,29
JDK:java.base,N/A,false,MethodCallExpr,java.lang.reflect.Field,getGenericType,C:\Users\tyin363\Documents\repos\turkraft__springfilter\mongo\src\main\java\com\turkraft\springfilter\helper\FieldTypeResolverImpl.java,65
com.fasterxml.jackson.core:jackson-databind,2.18.3,false,MethodCallExpr,com.fasterxml.jackson.databind.ObjectMapper,createObjectNode,C:\Users\tyin363\Documents\repos\turkraft__springfilter\mongo\src\main\java\com\turkraft\springfilter\transformer\processor\NotInOperationJsonNodeProcessor.java,50
com.fasterxml.jackson.core:jackson-databind,2.18.3,false,MethodCallExpr,com.fasterxml.jackson.databind.ObjectMapper,createArrayNode,C:\Users\tyin363\Documents\repos\turkraft__springfilter\mongo\src\main\java\com\turkraft\springfilter\transformer\processor\InOperationJsonNodeProcessor.java,51
CLIENT:client-code,N/A,false,ClassOrInterfaceType,com.turkraft.springfilter.transformer.FilterJsonNodeTransformer,FilterJsonNodeTransformer,C:\Users\tyin363\Documents\repos\turkraft__springfilter\mongo\src\main\java\com\turkraft\springfilter\transformer\processor\InfixOperationJsonNodeProcessor.java,27
CLIENT:client-code,N/A,false,MethodCallExpr,com.turkraft.springfilter.transformer.FilterJsonNodeTransformer,getObjectMapper,C:\Users\tyin363\Documents\repos\turkraft__springfilter\mongo\src\main\java\com\turkraft\springfilter\transformer\processor\IsEmptyOperationJsonNodeProcessor.java,27
com.fasterxml.jackson.core:jackson-databind,2.18.3,false,MethodCallExpr,com.fasterxml.jackson.databind.ObjectMapper,createObjectNode,C:\Users\tyin363\Documents\repos\turkraft__springfilter\mongo\src\main\java\com\turkraft\springfilter\transformer\FilterJsonNodeTransformer.java,71
com.fasterxml.jackson.core:jackson-databind,2.18.3,false,MethodCallExpr,com.fasterxml.jackson.databind.ObjectMapper,createObjectNode,C:\Users\tyin363\Documents\repos\turkraft__springfilter\mongo\src\main\java\com\turkraft\springfilter\transformer\processor\IsEmptyOperationJsonNodeProcessor.java,27
org.springframework:spring-web,6.2.6,true,ClassOrInterfaceType,org.springframework.web.method.support.HandlerMethodArgumentResolver,HandlerMethodArgumentResolver,C:\Users\tyin363\Documents\repos\turkraft__springfilter\mongo\src\main\java\com\turkraft\springfilter\boot\FilterJsonNodeArgumentResolverConfigurer.java,49
CLIENT:client-code,N/A,false,ClassOrInterfaceType,com.turkraft.springfilter.transformer.FilterJsonNodeTransformer,FilterJsonNodeTransformer,C:\Users\tyin363\Documents\repos\turkraft__springfilter\mongo\src\main\java\com\turkraft\springfilter\transformer\processor\IsNullOperationJsonNodeProcessor.java,15
CLIENT:client-code,N/A,false,ClassOrInterfaceType,com.turkraft.springfilter.transformer.processor.InfixOperationJsonNodeProcessor,InfixOperationJsonNodeProcessor,C:\Users\tyin363\Documents\repos\turkraft__springfilter\mongo\src\main\java\com\turkraft\springfilter\transformer\processor\LessThanOrEqualOperationJsonNodeProcessor.java,11
JDK:java.base,N/A,false,MethodCallExpr,java.lang.Class,isAssignableFrom,C:\Users\tyin363\Documents\repos\turkraft__springfilter\mongo\src\main\java\com\turkraft\springfilter\boot\FilterJsonNodeArgumentResolver.java,54
CLIENT:client-code,N/A,false,ClassOrInterfaceType,com.turkraft.springfilter.transformer.FilterJsonNodeTransformer,FilterJsonNodeTransformer,C:\Users\tyin363\Documents\repos\turkraft__springfilter\mongo\src\main\java\com\turkraft\springfilter\transformer\FilterJsonNodeTransformer.java,114
com.fasterxml.jackson.core:jackson-databind,2.18.3,false,MethodCallExpr,com.fasterxml.jackson.databind.ObjectMapper,createArrayNode,C:\Users\tyin363\Documents\repos\turkraft__springfilter\mongo\src\main\java\com\turkraft\springfilter\transformer\processor\IsNullOperationJsonNodeProcessor.java,28
CLIENT:client-code,N/A,false,MethodCallExpr,com.turkraft.springfilter.transformer.FilterJsonNodeTransformer,getObjectMapper,C:\Users\tyin363\Documents\repos\turkraft__springfilter\mongo\src\main\java\com\turkraft\springfilter\transformer\processor\IsNotEmptyOperationJsonNodeProcessor.java,29
CLIENT:client-code,N/A,false,MethodCallExpr,com.turkraft.springfilter.transformer.FilterJsonNodeTransformer,getObjectMapper,C:\Users\tyin363\Documents\repos\turkraft__springfilter\mongo\src\main\java\com\turkraft\springfilter\helper\JsonNodeHelperImpl.java,53
JDK:java.base,N/A,false,ClassOrInterfaceType,java.util.Optional,Optional,C:\Users\tyin363\Documents\repos\turkraft__springfilter\mongo\src\main\java\com\turkraft\springfilter\boot\FilterJsonNodeArgumentResolver.java,89
JDK:java.base,N/A,false,MethodCallExpr,java.lang.Class,isAssignableFrom,C:\Users\tyin363\Documents\repos\turkraft__springfilter\mongo\src\main\java\com\turkraft\springfilter\helper\FieldTypeResolverImpl.java,54
CLIENT:client-code,N/A,false,ClassOrInterfaceType,com.turkraft.springfilter.transformer.FilterJsonNodeTransformer,FilterJsonNodeTransformer,C:\Users\tyin363\Documents\repos\turkraft__springfilter\mongo\src\main\java\com\turkraft\springfilter\helper\JsonNodeHelperImpl.java,30
CLIENT:client-code,N/A,false,FieldAccessExpr,com.turkraft.springfilter.boot.FilterJsonNodeArgumentResolver,jsonNodeHelper,C:\Users\tyin363\Documents\repos\turkraft__springfilter\mongo\src\main\java\com\turkraft\springfilter\boot\FilterJsonNodeArgumentResolver.java,45
JDK:java.base,N/A,false,ClassOrInterfaceType,java.lang.String,String,C:\Users\tyin363\Documents\repos\turkraft__springfilter\mongo\src\main\java\com\turkraft\springfilter\converter\StringCustomUUIDConverter.java,20
com.fasterxml.jackson.core:jackson-databind,2.18.3,false,MethodCallExpr,com.fasterxml.jackson.databind.ObjectMapper,createObjectNode,C:\Users\tyin363\Documents\repos\turkraft__springfilter\mongo\src\main\java\com\turkraft\springfilter\helper\JsonNodeHelperImpl.java,53
com.fasterxml.jackson.core:jackson-databind,2.18.3,false,MethodCallExpr,com.fasterxml.jackson.databind.ObjectMapper,createObjectNode,C:\Users\tyin363\Documents\repos\turkraft__springfilter\mongo\src\main\java\com\turkraft\springfilter\transformer\processor\NotInOperationJsonNodeProcessor.java,51
org.springframework:spring-core,6.2.6,true,MethodCallExpr,org.springframework.core.MethodParameter,getParameterType,C:\Users\tyin363\Documents\repos\turkraft__springfilter\mongo\src\main\java\com\turkraft\springfilter\boot\FilterJsonNodeArgumentResolver.java,94
CLIENT:client-code,N/A,false,ClassOrInterfaceType,com.turkraft.springfilter.transformer.FilterJsonNodeTransformer,FilterJsonNodeTransformer,C:\Users\tyin363\Documents\repos\turkraft__springfilter\mongo\src\main\java\com\turkraft\springfilter\transformer\processor\LessThanOperationJsonNodeProcessor.java,33
JDK:java.base,N/A,false,ClassOrInterfaceType,java.lang.String,String,C:\Users\tyin363\Documents\repos\turkraft__springfilter\mongo\src\main\java\com\turkraft\springfilter\boot\FilterJsonNodeArgumentResolver.java,97
CLIENT:client-code,N/A,false,MethodCallExpr,com.turkraft.springfilter.helper.FieldTypeResolverImpl,getField,C:\Users\tyin363\Documents\repos\turkraft__springfilter\mongo\src\main\java\com\turkraft\springfilter\helper\FieldTypeResolverImpl.java,18
JDK:java.base,N/A,false,ClassOrInterfaceType,java.util.Date,Date,C:\Users\tyin363\Documents\repos\turkraft__springfilter\mongo\src\main\java\com\turkraft\springfilter\transformer\processor\TodayFunctionJsonNodeProcessor.java,29
JDK:java.base,N/A,false,ClassOrInterfaceType,java.lang.String,String,C:\Users\tyin363\Documents\repos\turkraft__springfilter\mongo\src\main\java\com\turkraft\springfilter\helper\FieldTypeResolverImpl.java,28
CLIENT:client-code,N/A,false,ClassOrInterfaceType,com.turkraft.springfilter.transformer.FilterJsonNodeTransformer,FilterJsonNodeTransformer,C:\Users\tyin363\Documents\repos\turkraft__springfilter\mongo\src\main\java\com\turkraft\springfilter\transformer\processor\NotOperationJsonNodeProcessor.java,15
CLIENT:client-code,N/A,false,MethodCallExpr,com.turkraft.springfilter.transformer.FilterJsonNodeTransformer,getObjectMapper,C:\Users\tyin363\Documents\repos\turkraft__springfilter\mongo\src\main\java\com\turkraft\springfilter\transformer\processor\IsEmptyOperationJsonNodeProcessor.java,28
CLIENT:client-code,N/A,false,MethodCallExpr,com.turkraft.springfilter.transformer.FilterJsonNodeTransformer,getObjectMapper,C:\Users\tyin363\Documents\repos\turkraft__springfilter\mongo\src\main\java\com\turkraft\springfilter\transformer\processor\LikeOperationJsonNodeProcessor.java,84
JDK:java.base,N/A,false,MethodCallExpr,java.lang.Class,forName,C:\Users\tyin363\Documents\repos\turkraft__springfilter\mongo\src\main\java\com\turkraft\springfilter\boot\FilterJsonNodeArgumentResolver.java,68
com.fasterxml.jackson.core:jackson-databind,2.18.3,false,MethodCallExpr,com.fasterxml.jackson.databind.node.ArrayNode,add,C:\Users\tyin363\Documents\repos\turkraft__springfilter\mongo\src\main\java\com\turkraft\springfilter\helper\JsonNodeHelperImpl.java,54
com.fasterxml.jackson.core:jackson-databind,2.18.3,false,MethodCallExpr,com.fasterxml.jackson.databind.node.ObjectNode,set,C:\Users\tyin363\Documents\repos\turkraft__springfilter\mongo\src\main\java\com\turkraft\springfilter\helper\JsonNodeHelperImpl.java,26
com.fasterxml.jackson.core:jackson-databind,2.18.3,false,MethodCallExpr,com.fasterxml.jackson.databind.ObjectMapper,createObjectNode,C:\Users\tyin363\Documents\repos\turkraft__springfilter\mongo\src\main\java\com\turkraft\springfilter\transformer\FilterJsonNodeTransformer.java,68
JDK:java.base,N/A,false,ClassOrInterfaceType,java.lang.reflect.Field,Field,C:\Users\tyin363\Documents\repos\turkraft__springfilter\mongo\src\main\java\com\turkraft\springfilter\helper\FieldTypeResolverImpl.java,44
CLIENT:client-code,N/A,false,MethodCallExpr,com.turkraft.springfilter.helper.FieldTypeResolverImpl,normalize,C:\Users\tyin363\Documents\repos\turkraft__springfilter\mongo\src\main\java\com\turkraft\springfilter\helper\FieldTypeResolverImpl.java,33
JDK:java.base,N/A,false,ClassOrInterfaceType,java.lang.String,String,C:\Users\tyin363\Documents\repos\turkraft__springfilter\mongo\src\main\java\com\turkraft\springfilter\transformer\processor\LikeOperationJsonNodeProcessor.java,44
CLIENT:client-code,N/A,false,MethodCallExpr,com.turkraft.springfilter.transformer.FilterJsonNodeTransformer,getObjectMapper,C:\Users\tyin363\Documents\repos\turkraft__springfilter\mongo\src\main\java\com\turkraft\springfilter\helper\JsonNodeHelperImpl.java,54
com.fasterxml.jackson.core:jackson-databind,2.18.3,false,ClassOrInterfaceType,com.fasterxml.jackson.databind.node.ObjectNode,ObjectNode,C:\Users\tyin363\Documents\repos\turkraft__springfilter\mongo\src\main\java\com\turkraft\springfilter\transformer\processor\LikeOperationJsonNodeProcessor.java,66
JDK:java.base,N/A,false,MethodCallExpr,java.lang.Class,isAssignableFrom,C:\Users\tyin363\Documents\repos\turkraft__springfilter\mongo\src\main\java\com\turkraft\springfilter\boot\FilterJsonNodeArgumentResolver.java,55
CLIENT:client-code,N/A,false,ClassOrInterfaceType,com.turkraft.springfilter.transformer.FilterJsonNodeTransformer,FilterJsonNodeTransformer,C:\Users\tyin363\Documents\repos\turkraft__springfilter\mongo\src\main\java\com\turkraft\springfilter\transformer\processor\LessThanOrEqualOperationJsonNodeProcessor.java,33
CLIENT:client-code,N/A,false,ClassOrInterfaceType,com.turkraft.springfilter.helper.FieldTypeResolver,FieldTypeResolver,C:\Users\tyin363\Documents\repos\turkraft__springfilter\mongo\src\main\java\com\turkraft\springfilter\helper\FieldTypeResolverImpl.java,14
com.fasterxml.jackson.core:jackson-databind,2.18.3,false,ClassOrInterfaceType,com.fasterxml.jackson.databind.JsonNode,JsonNode,C:\Users\tyin363\Documents\repos\turkraft__springfilter\mongo\src\main\java\com\turkraft\springfilter\transformer\processor\SizeFunctionJsonNodeProcessor.java,11
com.fasterxml.jackson.core:jackson-databind,2.18.3,false,MethodCallExpr,com.fasterxml.jackson.databind.ObjectMapper,createObjectNode,C:\Users\tyin363\Documents\repos\turkraft__springfilter\mongo\src\main\java\com\turkraft\springfilter\transformer\processor\NotInOperationJsonNodeProcessor.java,48
JDK:java.base,N/A,false,ClassOrInterfaceType,java.lang.Boolean,Boolean,C:\Users\tyin363\Documents\repos\turkraft__springfilter\mongo\src\main\java\com\turkraft\springfilter\transformer\processor\LikeOperationJsonNodeProcessor.java,46
JDK:java.base,N/A,false,ClassOrInterfaceType,java.lang.Class,Class,C:\Users\tyin363\Documents\repos\turkraft__springfilter\mongo\src\main\java\com\turkraft\springfilter\transformer\FilterJsonNodeTransformer.java,35
com.fasterxml.jackson.core:jackson-databind,2.18.3,false,MethodCallExpr,com.fasterxml.jackson.databind.node.ArrayNode,add,C:\Users\tyin363\Documents\repos\turkraft__springfilter\mongo\src\main\java\com\turkraft\springfilter\transformer\processor\LikeOperationJsonNodeProcessor.java,68
CLIENT:client-code,N/A,false,MethodCallExpr,com.turkraft.springfilter.transformer.FilterJsonNodeTransformer,getObjectMapper,C:\Users\tyin363\Documents\repos\turkraft__springfilter\mongo\src\main\java\com\turkraft\springfilter\transformer\processor\IsNotEmptyOperationJsonNodeProcessor.java,32
JDK:java.base,N/A,false,MethodCallExpr,java.util.stream.Collectors,toList,C:\Users\tyin363\Documents\repos\turkraft__springfilter\mongo\src\main\java\com\turkraft\springfilter\transformer\FilterJsonNodeTransformer.java,96
com.fasterxml.jackson.core:jackson-databind,2.18.3,false,ClassOrInterfaceType,com.fasterxml.jackson.databind.JsonNode,JsonNode,C:\Users\tyin363\Documents\repos\turkraft__springfilter\mongo\src\main\java\com\turkraft\springfilter\transformer\processor\LessThanOrEqualOperationJsonNodeProcessor.java,33
JDK:java.base,N/A,false,ClassOrInterfaceType,java.lang.Class,Class,C:\Users\tyin363\Documents\repos\turkraft__springfilter\mongo\src\main\java\com\turkraft\springfilter\transformer\FilterJsonNodeTransformer.java,37
org.springframework:spring-web,6.2.6,true,ClassOrInterfaceType,org.springframework.web.method.support.HandlerMethodArgumentResolver,HandlerMethodArgumentResolver,C:\Users\tyin363\Documents\repos\turkraft__springfilter\mongo\src\main\java\com\turkraft\springfilter\boot\FilterJsonNodeArgumentResolver.java,22
CLIENT:client-code,N/A,false,MethodCallExpr,com.turkraft.springfilter.transformer.FilterJsonNodeTransformer,getObjectMapper,C:\Users\tyin363\Documents\repos\turkraft__springfilter\mongo\src\main\java\com\turkraft\springfilter\transformer\processor\IsEmptyOperationJsonNodeProcessor.java,29
CLIENT:client-code,N/A,false,MethodCallExpr,com.turkraft.springfilter.transformer.FilterJsonNodeTransformer,getObjectMapper,C:\Users\tyin363\Documents\repos\turkraft__springfilter\mongo\src\main\java\com\turkraft\springfilter\transformer\processor\IsNullOperationJsonNodeProcessor.java,27
com.fasterxml.jackson.core:jackson-databind,2.18.3,false,MethodCallExpr,com.fasterxml.jackson.databind.ObjectMapper,createArrayNode,C:\Users\tyin363\Documents\repos\turkraft__springfilter\mongo\src\main\java\com\turkraft\springfilter\transformer\processor\NotInOperationJsonNodeProcessor.java,52
JDK:java.base,N/A,false,ClassOrInterfaceType,java.lang.Class,Class,C:\Users\tyin363\Documents\repos\turkraft__springfilter\mongo\src\main\java\com\turkraft\springfilter\helper\FieldTypeResolverImpl.java,64
CLIENT:client-code,N/A,false,ClassOrInterfaceType,com.turkraft.springfilter.transformer.FilterJsonNodeTransformer,FilterJsonNodeTransformer,C:\Users\tyin363\Documents\repos\turkraft__springfilter\mongo\src\main\java\com\turkraft\springfilter\transformer\processor\NotOperationJsonNodeProcessor.java,14
JDK:java.base,N/A,false,ClassOrInterfaceType,java.lang.Class,Class,C:\Users\tyin363\Documents\repos\turkraft__springfilter\mongo\src\main\java\com\turkraft\springfilter\transformer\processor\IsNotNullOperationJsonNodeProcessor.java,14
com.fasterxml.jackson.core:jackson-databind,2.18.3,false,MethodCallExpr,com.fasterxml.jackson.databind.ObjectMapper,createObjectNode,C:\Users\tyin363\Documents\repos\turkraft__springfilter\mongo\src\main\java\com\turkraft\springfilter\transformer\processor\LikeOperationJsonNodeProcessor.java,81
org.springframework.data:spring-data-commons,3.4.5,true,ClassOrInterfaceType,org.springframework.data.annotation.Id,Id,C:\Users\tyin363\Documents\repos\turkraft__springfilter\mongo\src\main\java\com\turkraft\springfilter\helper\FieldTypeResolverImpl.java,46
org.springframework:spring-core,6.2.6,true,MethodCallExpr,org.springframework.core.MethodParameter,getParameterType,C:\Users\tyin363\Documents\repos\turkraft__springfilter\mongo\src\main\java\com\turkraft\springfilter\boot\FilterJsonNodeArgumentResolver.java,92
CLIENT:client-code,N/A,false,MethodCallExpr,com.turkraft.springfilter.transformer.FilterJsonNodeTransformer,getObjectMapper,C:\Users\tyin363\Documents\repos\turkraft__springfilter\mongo\src\main\java\com\turkraft\springfilter\transformer\processor\IsNotEmptyOperationJsonNodeProcessor.java,31
CLIENT:client-code,N/A,false,ClassOrInterfaceType,com.turkraft.springfilter.transformer.processor.InfixOperationJsonNodeProcessor,InfixOperationJsonNodeProcessor,C:\Users\tyin363\Documents\repos\turkraft__springfilter\mongo\src\main\java\com\turkraft\springfilter\transformer\processor\LessThanOperationJsonNodeProcessor.java,11
com.fasterxml.jackson.core:jackson-databind,2.18.3,false,ClassOrInterfaceType,com.fasterxml.jackson.databind.JsonNode,JsonNode,C:\Users\tyin363\Documents\repos\turkraft__springfilter\mongo\src\main\java\com\turkraft\springfilter\transformer\processor\IsNotNullOperationJsonNodeProcessor.java,24
com.fasterxml.jackson.core:jackson-databind,2.18.3,false,MethodCallExpr,com.fasterxml.jackson.databind.ObjectMapper,createObjectNode,C:\Users\tyin363\Documents\repos\turkraft__springfilter\mongo\src\main\java\com\turkraft\springfilter\transformer\processor\IsNotEmptyOperationJsonNodeProcessor.java,27
JDK:java.base,N/A,false,ClassOrInterfaceType,java.lang.Class,Class,C:\Users\tyin363\Documents\repos\turkraft__springfilter\mongo\src\main\java\com\turkraft\springfilter\helper\FieldTypeResolverImpl.java,65
CLIENT:client-code,N/A,false,ClassOrInterfaceType,com.turkraft.springfilter.transformer.FilterJsonNodeTransformer,FilterJsonNodeTransformer,C:\Users\tyin363\Documents\repos\turkraft__springfilter\mongo\src\main\java\com\turkraft\springfilter\transformer\processor\IsNotNullOperationJsonNodeProcessor.java,24
CLIENT:client-code,N/A,false,FieldAccessExpr,com.turkraft.springfilter.converter.StringCustomUUIDConverter.CustomUUID,value,C:\Users\tyin363\Documents\repos\turkraft__springfilter\mongo\src\main\java\com\turkraft\springfilter\converter\StringCustomUUIDConverter.java,23
com.fasterxml.jackson.core:jackson-databind,2.18.3,false,MethodCallExpr,com.fasterxml.jackson.databind.ObjectMapper,createArrayNode,C:\Users\tyin363\Documents\repos\turkraft__springfilter\mongo\src\main\java\com\turkraft\springfilter\transformer\processor\InOperationJsonNodeProcessor.java,46
JDK:java.base,N/A,false,MethodCallExpr,java.util.Optional,of,C:\Users\tyin363\Documents\repos\turkraft__springfilter\mongo\src\main\java\com\turkraft\springfilter\boot\FilterJsonNodeArgumentResolver.java,111
JDK:java.base,N/A,false,ClassOrInterfaceType,java.lang.Boolean,Boolean,C:\Users\tyin363\Documents\repos\turkraft__springfilter\mongo\src\main\java\com\turkraft\springfilter\transformer\processor\EqualOperationJsonNodeProcessor.java,34
CLIENT:client-code,N/A,false,ClassOrInterfaceType,com.turkraft.springfilter.helper.FieldTypeResolver,FieldTypeResolver,C:\Users\tyin363\Documents\repos\turkraft__springfilter\mongo\src\main\java\com\turkraft\springfilter\transformer\FilterJsonNodeTransformer.java,42
JDK:java.base,N/A,false,MethodCallExpr,java.lang.String,contains,C:\Users\tyin363\Documents\repos\turkraft__springfilter\mongo\src\main\java\com\turkraft\springfilter\transformer\processor\LikeOperationJsonNodeProcessor.java,96
CLIENT:client-code,N/A,false,ClassOrInterfaceType,com.turkraft.springfilter.transformer.FilterJsonNodeTransformer,FilterJsonNodeTransformer,C:\Users\tyin363\Documents\repos\turkraft__springfilter\mongo\src\main\java\com\turkraft\springfilter\transformer\processor\SizeFunctionJsonNodeProcessor.java,24
org.springframework.data:spring-data-mongodb,4.4.5,false,ClassOrInterfaceType,org.springframework.data.mongodb.core.query.BasicQuery,BasicQuery,C:\Users\tyin363\Documents\repos\turkraft__springfilter\mongo\src\main\java\com\turkraft\springfilter\boot\FilterJsonNodeArgumentResolver.java,97
com.fasterxml.jackson.core:jackson-databind,2.18.3,false,MethodCallExpr,com.fasterxml.jackson.databind.ObjectMapper,createArrayNode,C:\Users\tyin363\Documents\repos\turkraft__springfilter\mongo\src\main\java\com\turkraft\springfilter\transformer\processor\IsEmptyOperationJsonNodeProcessor.java,32
JDK:java.base,N/A,false,ClassOrInterfaceType,java.lang.Class,Class,C:\Users\tyin363\Documents\repos\turkraft__springfilter\mongo\src\main\java\com\turkraft\springfilter\transformer\processor\InsensitiveLikeOperationJsonNodeProcessor.java,21
com.fasterxml.jackson.core:jackson-databind,2.18.3,false,MethodCallExpr,com.fasterxml.jackson.databind.ObjectMapper,createObjectNode,C:\Users\tyin363\Documents\repos\turkraft__springfilter\mongo\src\main\java\com\turkraft\springfilter\transformer\processor\NotInOperationJsonNodeProcessor.java,46
JDK:java.base,N/A,false,ObjectCreationExpr,java.text.SimpleDateFormat,SimpleDateFormat,C:\Users\tyin363\Documents\repos\turkraft__springfilter\mongo\src\main\java\com\turkraft\springfilter\transformer\processor\TodayFunctionJsonNodeProcessor.java,29
org.springframework:spring-core,6.2.6,true,MethodCallExpr,org.springframework.core.MethodParameter,getGenericParameterType,C:\Users\tyin363\Documents\repos\turkraft__springfilter\mongo\src\main\java\com\turkraft\springfilter\boot\FilterJsonNodeArgumentResolver.java,69
com.fasterxml.jackson.core:jackson-databind,2.18.3,false,ClassOrInterfaceType,com.fasterxml.jackson.databind.ObjectMapper,ObjectMapper,C:\Users\tyin363\Documents\repos\turkraft__springfilter\mongo\src\main\java\com\turkraft\springfilter\transformer\FilterJsonNodeTransformer.java,137
JDK:java.base,N/A,false,MethodCallExpr,java.lang.Object,equals,C:\Users\tyin363\Documents\repos\turkraft__springfilter\mongo\src\main\java\com\turkraft\springfilter\boot\FilterJsonNodeArgumentResolver.java,63
JDK:java.base,N/A,false,ClassOrInterfaceType,java.lang.String,String,C:\Users\tyin363\Documents\repos\turkraft__springfilter\mongo\src\main\java\com\turkraft\springfilter\helper\JsonNodeHelperImpl.java,31
com.fasterxml.jackson.core:jackson-databind,2.18.3,false,ClassOrInterfaceType,com.fasterxml.jackson.databind.JsonNode,JsonNode,C:\Users\tyin363\Documents\repos\turkraft__springfilter\mongo\src\main\java\com\turkraft\springfilter\transformer\FilterJsonNodeTransformer.java,105
CLIENT:client-code,N/A,false,FieldAccessExpr,com.turkraft.springfilter.boot.FilterJsonNodeArgumentResolver,conversionService,C:\Users\tyin363\Documents\repos\turkraft__springfilter\mongo\src\main\java\com\turkraft\springfilter\boot\FilterJsonNodeArgumentResolver.java,42
JDK:java.base,N/A,false,ClassOrInterfaceType,java.lang.Object,Object,C:\Users\tyin363\Documents\repos\turkraft__springfilter\mongo\src\main\java\com\turkraft\springfilter\boot\FilterJsonNodeArgumentResolver.java,80
com.fasterxml.jackson.core:jackson-databind,2.18.3,false,ClassOrInterfaceType,com.fasterxml.jackson.databind.JsonNode,JsonNode,C:\Users\tyin363\Documents\repos\turkraft__springfilter\mongo\src\main\java\com\turkraft\springfilter\transformer\processor\GreaterThanOrEqualOperationJsonNodeProcessor.java,33
JDK:java.base,N/A,false,MethodCallExpr,java.lang.Class,getComponentType,C:\Users\tyin363\Documents\repos\turkraft__springfilter\mongo\src\main\java\com\turkraft\springfilter\helper\FieldTypeResolverImpl.java,57
com.fasterxml.jackson.core:jackson-databind,2.18.3,false,ClassOrInterfaceType,com.fasterxml.jackson.databind.JsonNode,JsonNode,C:\Users\tyin363\Documents\repos\turkraft__springfilter\mongo\src\main\java\com\turkraft\springfilter\helper\JsonNodeHelperImpl.java,25
JDK:java.base,N/A,false,ClassOrInterfaceType,java.lang.Boolean,Boolean,C:\Users\tyin363\Documents\repos\turkraft__springfilter\mongo\src\main\java\com\turkraft\springfilter\transformer\processor\LessThanOrEqualOperationJsonNodeProcessor.java,34
org.springframework:spring-core,6.2.6,true,ClassOrInterfaceType,org.springframework.core.MethodParameter,MethodParameter,C:\Users\tyin363\Documents\repos\turkraft__springfilter\mongo\src\main\java\com\turkraft\springfilter\boot\FilterJsonNodeArgumentResolver.java,61
CLIENT:client-code,N/A,false,ClassOrInterfaceType,com.turkraft.springfilter.transformer.FilterJsonNodeTransformer,FilterJsonNodeTransformer,C:\Users\tyin363\Documents\repos\turkraft__springfilter\mongo\src\main\java\com\turkraft\springfilter\transformer\processor\LikeOperationJsonNodeProcessor.java,26
CLIENT:client-code,N/A,false,ClassOrInterfaceType,com.turkraft.springfilter.transformer.FilterJsonNodeTransformer,FilterJsonNodeTransformer,C:\Users\tyin363\Documents\repos\turkraft__springfilter\mongo\src\main\java\com\turkraft\springfilter\transformer\processor\InOperationJsonNodeProcessor.java,32
com.fasterxml.jackson.core:jackson-databind,2.18.3,false,MethodCallExpr,com.fasterxml.jackson.databind.node.ObjectNode,set,C:\Users\tyin363\Documents\repos\turkraft__springfilter\mongo\src\main\java\com\turkraft\springfilter\transformer\processor\LikeOperationJsonNodeProcessor.java,91
JDK:java.base,N/A,false,ClassOrInterfaceType,java.lang.Object,Object,C:\Users\tyin363\Documents\repos\turkraft__springfilter\mongo\src\main\java\com\turkraft\springfilter\transformer\FilterJsonNodeTransformer.java,126
CLIENT:client-code,N/A,false,MethodCallExpr,com.turkraft.springfilter.transformer.FilterJsonNodeTransformer,getObjectMapper,C:\Users\tyin363\Documents\repos\turkraft__springfilter\mongo\src\main\java\com\turkraft\springfilter\transformer\processor\InOperationJsonNodeProcessor.java,51
JDK:java.base,N/A,false,ClassOrInterfaceType,java.lang.String,String,C:\Users\tyin363\Documents\repos\turkraft__springfilter\mongo\src\main\java\com\turkraft\springfilter\transformer\processor\LikeOperationJsonNodeProcessor.java,56
org.springframework:spring-core,6.2.6,true,MethodCallExpr,org.springframework.core.MethodParameter,getGenericParameterType,C:\Users\tyin363\Documents\repos\turkraft__springfilter\mongo\src\main\java\com\turkraft\springfilter\boot\FilterJsonNodeArgumentResolver.java,70
com.fasterxml.jackson.core:jackson-databind,2.18.3,false,MethodCallExpr,com.fasterxml.jackson.databind.node.ContainerNode,numberNode,C:\Users\tyin363\Documents\repos\turkraft__springfilter\mongo\src\main\java\com\turkraft\springfilter\transformer\processor\IsEmptyOperationJsonNodeProcessor.java,35
JDK:java.base,N/A,false,ClassOrInterfaceType,java.lang.Class,Class,C:\Users\tyin363\Documents\repos\turkraft__springfilter\mongo\src\main\java\com\turkraft\springfilter\transformer\processor\NotOperationJsonNodeProcessor.java,14
JDK:java.base,N/A,false,MethodCallExpr,java.lang.Class,isAssignableFrom,C:\Users\tyin363\Documents\repos\turkraft__springfilter\mongo\src\main\java\com\turkraft\springfilter\boot\FilterJsonNodeArgumentResolver.java,108
CLIENT:client-code,N/A,false,MethodCallExpr,com.turkraft.springfilter.transformer.FilterJsonNodeTransformer,getObjectMapper,C:\Users\tyin363\Documents\repos\turkraft__springfilter\mongo\src\main\java\com\turkraft\springfilter\transformer\processor\IsNotEmptyOperationJsonNodeProcessor.java,33
com.fasterxml.jackson.core:jackson-databind,2.18.3,false,MethodCallExpr,com.fasterxml.jackson.databind.ObjectMapper,createArrayNode,C:\Users\tyin363\Documents\repos\turkraft__springfilter\mongo\src\main\java\com\turkraft\springfilter\transformer\processor\InOperationJsonNodeProcessor.java,48
CLIENT:client-code,N/A,false,ClassOrInterfaceType,com.turkraft.springfilter.transformer.FilterJsonNodeTransformer,FilterJsonNodeTransformer,C:\Users\tyin363\Documents\repos\turkraft__springfilter\mongo\src\main\java\com\turkraft\springfilter\transformer\processor\NotOperationJsonNodeProcessor.java,11
com.fasterxml.jackson.core:jackson-databind,2.18.3,false,ClassOrInterfaceType,com.fasterxml.jackson.databind.JsonNode,JsonNode,C:\Users\tyin363\Documents\repos\turkraft__springfilter\mongo\src\main\java\com\turkraft\springfilter\transformer\FilterJsonNodeTransformer.java,75
CLIENT:client-code,N/A,false,ClassOrInterfaceType,com.turkraft.springfilter.transformer.FilterJsonNodeTransformer,FilterJsonNodeTransformer,C:\Users\tyin363\Documents\repos\turkraft__springfilter\mongo\src\main\java\com\turkraft\springfilter\transformer\processor\HelloWorldPlaceholderJsonNodeProcessor.java,14
CLIENT:client-code,N/A,false,MethodCallExpr,com.turkraft.springfilter.transformer.FilterJsonNodeTransformer,getEntityType,C:\Users\tyin363\Documents\repos\turkraft__springfilter\mongo\src\main\java\com\turkraft\springfilter\transformer\processor\InOperationJsonNodeProcessor.java,42
CLIENT:client-code,N/A,false,ClassOrInterfaceType,com.turkraft.springfilter.transformer.FilterJsonNodeTransformer,FilterJsonNodeTransformer,C:\Users\tyin363\Documents\repos\turkraft__springfilter\mongo\src\main\java\com\turkraft\springfilter\transformer\processor\GreaterThanOperationJsonNodeProcessor.java,33
JDK:java.base,N/A,false,ClassOrInterfaceType,java.lang.Class,Class,C:\Users\tyin363\Documents\repos\turkraft__springfilter\mongo\src\main\java\com\turkraft\springfilter\boot\FilterJsonNodeArgumentResolver.java,62
JDK:java.base,N/A,false,ClassOrInterfaceType,java.io.Serializable,Serializable,C:\Users\tyin363\Documents\repos\turkraft__springfilter\mongo\src\main\java\com\turkraft\springfilter\converter\StringCustomUUIDConverter.java,17
JDK:java.base,N/A,false,ClassOrInterfaceType,java.lang.String,String,C:\Users\tyin363\Documents\repos\turkraft__springfilter\mongo\src\main\java\com\turkraft\springfilter\converter\StringCustomUUIDConverter.java,30
JDK:java.base,N/A,false,ClassOrInterfaceType,java.lang.Boolean,Boolean,C:\Users\tyin363\Documents\repos\turkraft__springfilter\mongo\src\main\java\com\turkraft\springfilter\transformer\processor\IsEmptyOperationJsonNodeProcessor.java,26
CLIENT:client-code,N/A,false,ClassOrInterfaceType,com.turkraft.springfilter.transformer.FilterJsonNodeTransformer,FilterJsonNodeTransformer,C:\Users\tyin363\Documents\repos\turkraft__springfilter\mongo\src\main\java\com\turkraft\springfilter\transformer\processor\LikeOperationJsonNodeProcessor.java,27
org.springframework.data:spring-data-commons,3.4.5,true,ClassOrInterfaceType,org.springframework.data.annotation.Id,Id,C:\Users\tyin363\Documents\repos\turkraft__springfilter\mongo\src\main\java\com\turkraft\springfilter\transformer\processor\LikeOperationJsonNodeProcessor.java,56
CLIENT:client-code,N/A,false,ClassOrInterfaceType,com.turkraft.springfilter.helper.JsonNodeHelper,JsonNodeHelper,C:\Users\tyin363\Documents\repos\turkraft__springfilter\mongo\src\main\java\com\turkraft\springfilter\transformer\processor\InfixOperationJsonNodeProcessor.java,13
com.fasterxml.jackson.core:jackson-databind,2.18.3,false,ClassOrInterfaceType,com.fasterxml.jackson.databind.node.ObjectNode,ObjectNode,C:\Users\tyin363\Documents\repos\turkraft__springfilter\mongo\src\main\java\com\turkraft\springfilter\boot\FilterJsonNodeArgumentResolver.java,53
CLIENT:client-code,N/A,false,MethodCallExpr,com.turkraft.springfilter.transformer.FilterJsonNodeTransformer,getObjectMapper,C:\Users\tyin363\Documents\repos\turkraft__springfilter\mongo\src\main\java\com\turkraft\springfilter\transformer\processor\InOperationJsonNodeProcessor.java,50
JDK:java.base,N/A,false,ClassOrInterfaceType,java.lang.Class,Class,C:\Users\tyin363\Documents\repos\turkraft__springfilter\mongo\src\main\java\com\turkraft\springfilter\transformer\processor\GreaterThanOrEqualOperationJsonNodeProcessor.java,18
JDK:java.base,N/A,false,ClassOrInterfaceType,java.lang.Class,Class,C:\Users\tyin363\Documents\repos\turkraft__springfilter\mongo\src\main\java\com\turkraft\springfilter\transformer\processor\InfixOperationJsonNodeProcessor.java,20
JDK:java.base,N/A,false,ClassOrInterfaceType,java.text.SimpleDateFormat,SimpleDateFormat,C:\Users\tyin363\Documents\repos\turkraft__springfilter\mongo\src\main\java\com\turkraft\springfilter\transformer\processor\TodayFunctionJsonNodeProcessor.java,29
org.springframework.data:spring-data-mongodb,4.4.5,false,ClassOrInterfaceType,org.springframework.data.mongodb.core.query.Query,Query,C:\Users\tyin363\Documents\repos\turkraft__springfilter\mongo\src\main\java\com\turkraft\springfilter\boot\FilterJsonNodeArgumentResolver.java,55
CLIENT:client-code,N/A,false,ClassOrInterfaceType,com.turkraft.springfilter.helper.FieldTypeResolver,FieldTypeResolver,C:\Users\tyin363\Documents\repos\turkraft__springfilter\mongo\src\main\java\com\turkraft\springfilter\boot\FilterJsonNodeArgumentResolver.java,41
com.fasterxml.jackson.core:jackson-databind,2.18.3,false,ClassOrInterfaceType,com.fasterxml.jackson.databind.JsonNode,JsonNode,C:\Users\tyin363\Documents\repos\turkraft__springfilter\mongo\src\main\java\com\turkraft\springfilter\transformer\processor\IsNullOperationJsonNodeProcessor.java,11
CLIENT:client-code,N/A,false,FieldAccessExpr,com.turkraft.springfilter.transformer.FilterJsonNodeTransformer,filterNodeProcessorFactories,C:\Users\tyin363\Documents\repos\turkraft__springfilter\mongo\src\main\java\com\turkraft\springfilter\transformer\FilterJsonNodeTransformer.java,46
com.fasterxml.jackson.core:jackson-databind,2.18.3,false,ClassOrInterfaceType,com.fasterxml.jackson.databind.ObjectMapper,ObjectMapper,C:\Users\tyin363\Documents\repos\turkraft__springfilter\mongo\src\main\java\com\turkraft\springfilter\transformer\FilterJsonNodeTransformer.java,40
CLIENT:client-code,N/A,false,ClassOrInterfaceType,com.turkraft.springfilter.transformer.FilterJsonNodeTransformer,FilterJsonNodeTransformer,C:\Users\tyin363\Documents\repos\turkraft__springfilter\mongo\src\main\java\com\turkraft\springfilter\transformer\processor\HelloWorldPlaceholderJsonNodeProcessor.java,15
org.springframework:spring-core,6.2.6,true,ClassOrInterfaceType,org.springframework.core.convert.ConversionService,ConversionService,C:\Users\tyin363\Documents\repos\turkraft__springfilter\mongo\src\main\java\com\turkraft\springfilter\transformer\FilterJsonNodeTransformer.java,27
com.fasterxml.jackson.core:jackson-databind,2.18.3,false,MethodCallExpr,com.fasterxml.jackson.databind.ObjectMapper,createObjectNode,C:\Users\tyin363\Documents\repos\turkraft__springfilter\mongo\src\main\java\com\turkraft\springfilter\boot\FilterJsonNodeArgumentResolver.java,93
com.fasterxml.jackson.core:jackson-databind,2.18.3,false,ClassOrInterfaceType,com.fasterxml.jackson.databind.ObjectMapper,ObjectMapper,C:\Users\tyin363\Documents\repos\turkraft__springfilter\mongo\src\main\java\com\turkraft\springfilter\boot\FilterJsonNodeArgumentResolver.java,37
CLIENT:client-code,N/A,false,MethodCallExpr,com.turkraft.springfilter.transformer.FilterJsonNodeTransformer,getObjectMapper,C:\Users\tyin363\Documents\repos\turkraft__springfilter\mongo\src\main\java\com\turkraft\springfilter\transformer\processor\LikeOperationJsonNodeProcessor.java,81
JDK:java.base,N/A,false,MethodCallExpr,java.lang.reflect.Field,getType,C:\Users\tyin363\Documents\repos\turkraft__springfilter\mongo\src\main\java\com\turkraft\springfilter\helper\FieldTypeResolverImpl.java,59
JDK:java.base,N/A,false,ClassOrInterfaceType,java.lang.reflect.ParameterizedType,ParameterizedType,C:\Users\tyin363\Documents\repos\turkraft__springfilter\mongo\src\main\java\com\turkraft\springfilter\helper\FieldTypeResolverImpl.java,65
org.springframework:spring-web,6.2.6,true,ClassOrInterfaceType,org.springframework.web.context.request.NativeWebRequest,NativeWebRequest,C:\Users\tyin363\Documents\repos\turkraft__springfilter\mongo\src\main\java\com\turkraft\springfilter\boot\FilterJsonNodeArgumentResolver.java,82
CLIENT:client-code,N/A,false,ClassOrInterfaceType,com.turkraft.springfilter.transformer.processor.InfixOperationJsonNodeProcessor,InfixOperationJsonNodeProcessor,C:\Users\tyin363\Documents\repos\turkraft__springfilter\mongo\src\main\java\com\turkraft\springfilter\transformer\processor\GreaterThanOrEqualOperationJsonNodeProcessor.java,11
JDK:java.base,N/A,false,ClassOrInterfaceType,java.lang.Boolean,Boolean,C:\Users\tyin363\Documents\repos\turkraft__springfilter\mongo\src\main\java\com\turkraft\springfilter\transformer\processor\NotEqualOperationJsonNodeProcessor.java,34
CLIENT:client-code,N/A,false,ClassOrInterfaceType,com.turkraft.springfilter.transformer.FilterJsonNodeTransformer,FilterJsonNodeTransformer,C:\Users\tyin363\Documents\repos\turkraft__springfilter\mongo\src\main\java\com\turkraft\springfilter\transformer\processor\TodayFunctionJsonNodeProcessor.java,13
CLIENT:client-code,N/A,false,ClassOrInterfaceType,com.turkraft.springfilter.transformer.processor.InfixOperationJsonNodeProcessor,InfixOperationJsonNodeProcessor,C:\Users\tyin363\Documents\repos\turkraft__springfilter\mongo\src\main\java\com\turkraft\springfilter\transformer\processor\EqualOperationJsonNodeProcessor.java,11
CLIENT:client-code,N/A,false,MethodCallExpr,com.turkraft.springfilter.transformer.FilterJsonNodeTransformer,getObjectMapper,C:\Users\tyin363\Documents\repos\turkraft__springfilter\mongo\src\main\java\com\turkraft\springfilter\transformer\processor\SizeFunctionJsonNodeProcessor.java,27
JDK:java.base,N/A,false,MethodCallExpr,java.util.List,add,C:\Users\tyin363\Documents\repos\turkraft__springfilter\mongo\src\main\java\com\turkraft\springfilter\boot\FilterJsonNodeArgumentResolverConfigurer.java,50
JDK:java.base,N/A,false,MethodCallExpr,java.lang.Object,equals,C:\Users\tyin363\Documents\repos\turkraft__springfilter\mongo\src\main\java\com\turkraft\springfilter\transformer\processor\LikeOperationJsonNodeProcessor.java,56
com.fasterxml.jackson.core:jackson-databind,2.18.3,false,ClassOrInterfaceType,com.fasterxml.jackson.databind.JsonNode,JsonNode,C:\Users\tyin363\Documents\repos\turkraft__springfilter\mongo\src\main\java\com\turkraft\springfilter\transformer\processor\NotInOperationJsonNodeProcessor.java,13
org.springframework:spring-core,6.2.6,true,MethodCallExpr,org.springframework.core.MethodParameter,getParameterType,C:\Users\tyin363\Documents\repos\turkraft__springfilter\mongo\src\main\java\com\turkraft\springfilter\boot\FilterJsonNodeArgumentResolver.java,96
CLIENT:client-code,N/A,false,MethodCallExpr,com.turkraft.springfilter.transformer.FilterJsonNodeTransformer,getObjectMapper,C:\Users\tyin363\Documents\repos\turkraft__springfilter\mongo\src\main\java\com\turkraft\springfilter\transformer\processor\IsNotEmptyOperationJsonNodeProcessor.java,35
org.springframework:spring-core,6.2.6,true,MethodCallExpr,org.springframework.core.MethodParameter,getParameterType,C:\Users\tyin363\Documents\repos\turkraft__springfilter\mongo\src\main\java\com\turkraft\springfilter\boot\FilterJsonNodeArgumentResolver.java,63
com.fasterxml.jackson.core:jackson-databind,2.18.3,false,MethodCallExpr,com.fasterxml.jackson.databind.ObjectMapper,createObjectNode,C:\Users\tyin363\Documents\repos\turkraft__springfilter\mongo\src\main\java\com\turkraft\springfilter\transformer\processor\IsNullOperationJsonNodeProcessor.java,27
JDK:java.base,N/A,false,ClassOrInterfaceType,java.lang.Boolean,Boolean,C:\Users\tyin363\Documents\repos\turkraft__springfilter\mongo\src\main\java\com\turkraft\springfilter\transformer\processor\IsNullOperationJsonNodeProcessor.java,26
CLIENT:client-code,N/A,false,FieldAccessExpr,com.turkraft.springfilter.converter.StringCustomObjectIdConverter.CustomObjectId,value,C:\Users\tyin363\Documents\repos\turkraft__springfilter\mongo\src\main\java\com\turkraft\springfilter\converter\StringCustomObjectIdConverter.java,23
CLIENT:client-code,N/A,false,MethodCallExpr,com.turkraft.springfilter.transformer.processor.LikeOperationJsonNodeProcessor,sanitizeRegexInput,C:\Users\tyin363\Documents\repos\turkraft__springfilter\mongo\src\main\java\com\turkraft\springfilter\transformer\processor\LikeOperationJsonNodeProcessor.java,99
CLIENT:client-code,N/A,false,ClassOrInterfaceType,com.turkraft.springfilter.transformer.FilterJsonNodeTransformer,FilterJsonNodeTransformer,C:\Users\tyin363\Documents\repos\turkraft__springfilter\mongo\src\main\java\com\turkraft\springfilter\transformer\processor\NotEqualOperationJsonNodeProcessor.java,33
com.fasterxml.jackson.core:jackson-databind,2.18.3,false,MethodCallExpr,com.fasterxml.jackson.databind.node.ContainerNode,textNode,C:\Users\tyin363\Documents\repos\turkraft__springfilter\mongo\src\main\java\com\turkraft\springfilter\transformer\processor\LikeOperationJsonNodeProcessor.java,69
org.mongodb:bson,5.2.1,true,MethodCallExpr,org.bson.Document,parse,C:\Users\tyin363\Documents\repos\turkraft__springfilter\mongo\src\main\java\com\turkraft\springfilter\boot\FilterJsonNodeArgumentResolver.java,113
com.fasterxml.jackson.core:jackson-databind,2.18.3,false,MethodCallExpr,com.fasterxml.jackson.databind.ObjectMapper,createArrayNode,C:\Users\tyin363\Documents\repos\turkraft__springfilter\mongo\src\main\java\com\turkraft\springfilter\transformer\FilterJsonNodeTransformer.java,94
CLIENT:client-code,N/A,false,ClassOrInterfaceType,com.turkraft.springfilter.transformer.FilterJsonNodeTransformer,FilterJsonNodeTransformer,C:\Users\tyin363\Documents\repos\turkraft__springfilter\mongo\src\main\java\com\turkraft\springfilter\transformer\processor\OrOperationJsonNodeProcessor.java,33
CLIENT:client-code,N/A,false,ClassOrInterfaceType,com.turkraft.springfilter.helper.JsonNodeHelper,JsonNodeHelper,C:\Users\tyin363\Documents\repos\turkraft__springfilter\mongo\src\main\java\com\turkraft\springfilter\transformer\processor\InfixOperationJsonNodeProcessor.java,15
com.fasterxml.jackson.core:jackson-databind,2.18.3,false,ClassOrInterfaceType,com.fasterxml.jackson.databind.JsonNode,JsonNode,C:\Users\tyin363\Documents\repos\turkraft__springfilter\mongo\src\main\java\com\turkraft\springfilter\transformer\processor\IsEmptyOperationJsonNodeProcessor.java,11
CLIENT:client-code,N/A,false,ClassOrInterfaceType,com.turkraft.springfilter.transformer.FilterJsonNodeTransformer,FilterJsonNodeTransformer,C:\Users\tyin363\Documents\repos\turkraft__springfilter\mongo\src\main\java\com\turkraft\springfilter\transformer\processor\InfixOperationJsonNodeProcessor.java,20
CLIENT:client-code,N/A,false,ClassOrInterfaceType,com.turkraft.springfilter.converter.StringCustomUUIDConverter.CustomUUID,CustomUUID,C:\Users\tyin363\Documents\repos\turkraft__springfilter\mongo\src\main\java\com\turkraft\springfilter\converter\StringCustomUUIDConverter.java,14
CLIENT:client-code,N/A,false,MethodCallExpr,com.turkraft.springfilter.transformer.FilterJsonNodeTransformer,getEntityType,C:\Users\tyin363\Documents\repos\turkraft__springfilter\mongo\src\main\java\com\turkraft\springfilter\helper\JsonNodeHelperImpl.java,35
CLIENT:client-code,N/A,false,MethodCallExpr,com.turkraft.springfilter.transformer.FilterJsonNodeTransformer,getObjectMapper,C:\Users\tyin363\Documents\repos\turkraft__springfilter\mongo\src\main\java\com\turkraft\springfilter\transformer\processor\NotInOperationJsonNodeProcessor.java,48
CLIENT:client-code,N/A,false,MethodCallExpr,com.turkraft.springfilter.transformer.FilterJsonNodeTransformer,getObjectMapper,C:\Users\tyin363\Documents\repos\turkraft__springfilter\mongo\src\main\java\com\turkraft\springfilter\transformer\processor\InOperationJsonNodeProcessor.java,48
org.mongodb:bson,5.2.1,true,ClassOrInterfaceType,org.bson.Document,Document,C:\Users\tyin363\Documents\repos\turkraft__springfilter\mongo\src\main\java\com\turkraft\springfilter\boot\FilterJsonNodeArgumentResolver.java,114
CLIENT:client-code,N/A,false,FieldAccessExpr,com.turkraft.springfilter.helper.JsonNodeHelperImpl,fieldTypeResolver,C:\Users\tyin363\Documents\repos\turkraft__springfilter\mongo\src\main\java\com\turkraft\springfilter\helper\JsonNodeHelperImpl.java,21
CLIENT:client-code,N/A,false,ClassOrInterfaceType,com.turkraft.springfilter.transformer.FilterJsonNodeTransformer,FilterJsonNodeTransformer,C:\Users\tyin363\Documents\repos\turkraft__springfilter\mongo\src\main\java\com\turkraft\springfilter\transformer\processor\IsNullOperationJsonNodeProcessor.java,24
JDK:java.base,N/A,false,ClassOrInterfaceType,java.lang.reflect.Field,Field,C:\Users\tyin363\Documents\repos\turkraft__springfilter\mongo\src\main\java\com\turkraft\springfilter\helper\FieldTypeResolverImpl.java,22
JDK:java.base,N/A,false,ClassOrInterfaceType,java.lang.Boolean,Boolean,C:\Users\tyin363\Documents\repos\turkraft__springfilter\mongo\src\main\java\com\turkraft\springfilter\transformer\processor\OrOperationJsonNodeProcessor.java,35
com.fasterxml.jackson.core:jackson-databind,2.18.3,false,ClassOrInterfaceType,com.fasterxml.jackson.databind.JsonNode,JsonNode,C:\Users\tyin363\Documents\repos\turkraft__springfilter\mongo\src\main\java\com\turkraft\springfilter\transformer\processor\HelloWorldPlaceholderJsonNodeProcessor.java,24
JDK:java.base,N/A,false,ClassOrInterfaceType,java.lang.String,String,C:\Users\tyin363\Documents\repos\turkraft__springfilter\mongo\src\main\java\com\turkraft\springfilter\helper\FieldTypeResolver.java,9
com.fasterxml.jackson.core:jackson-databind,2.18.3,false,MethodCallExpr,com.fasterxml.jackson.databind.node.ContainerNode,numberNode,C:\Users\tyin363\Documents\repos\turkraft__springfilter\mongo\src\main\java\com\turkraft\springfilter\transformer\processor\IsNotEmptyOperationJsonNodeProcessor.java,35
com.fasterxml.jackson.core:jackson-databind,2.18.3,false,ClassOrInterfaceType,com.fasterxml.jackson.databind.JsonNode,JsonNode,C:\Users\tyin363\Documents\repos\turkraft__springfilter\mongo\src\main\java\com\turkraft\springfilter\transformer\processor\LikeOperationJsonNodeProcessor.java,17
CLIENT:client-code,N/A,false,MethodCallExpr,com.turkraft.springfilter.transformer.FilterJsonNodeTransformer,getObjectMapper,C:\Users\tyin363\Documents\repos\turkraft__springfilter\mongo\src\main\java\com\turkraft\springfilter\transformer\processor\IsEmptyOperationJsonNodeProcessor.java,35
JDK:java.base,N/A,false,ClassOrInterfaceType,java.lang.Boolean,Boolean,C:\Users\tyin363\Documents\repos\turkraft__springfilter\mongo\src\main\java\com\turkraft\springfilter\transformer\processor\LessThanOperationJsonNodeProcessor.java,34
CLIENT:client-code,N/A,false,MethodCallExpr,com.turkraft.springfilter.transformer.FilterJsonNodeTransformer,getObjectMapper,C:\Users\tyin363\Documents\repos\turkraft__springfilter\mongo\src\main\java\com\turkraft\springfilter\transformer\processor\LikeOperationJsonNodeProcessor.java,75
JDK:java.base,N/A,false,ClassOrInterfaceType,java.lang.IllegalStateException,IllegalStateException,C:\Users\tyin363\Documents\repos\turkraft__springfilter\mongo\src\main\java\com\turkraft\springfilter\boot\FilterJsonNodeArgumentResolver.java,122
CLIENT:client-code,N/A,false,ClassOrInterfaceType,com.turkraft.springfilter.helper.JsonNodeHelper,JsonNodeHelper,C:\Users\tyin363\Documents\repos\turkraft__springfilter\mongo\src\main\java\com\turkraft\springfilter\transformer\processor\GreaterThanOrEqualOperationJsonNodeProcessor.java,13
JDK:java.base,N/A,false,ClassOrInterfaceType,java.lang.String,String,C:\Users\tyin363\Documents\repos\turkraft__springfilter\mongo\src\main\java\com\turkraft\springfilter\helper\FieldTypeResolver.java,7
org.springframework:spring-core,6.2.6,true,ClassOrInterfaceType,org.springframework.core.convert.ConversionService,ConversionService,C:\Users\tyin363\Documents\repos\turkraft__springfilter\mongo\src\main\java\com\turkraft\springfilter\boot\FilterJsonNodeArgumentResolverConfigurer.java,33
JDK:java.base,N/A,false,ClassOrInterfaceType,java.util.HashMap,HashMap,C:\Users\tyin363\Documents\repos\turkraft__springfilter\mongo\src\main\java\com\turkraft\springfilter\transformer\FilterJsonNodeTransformer.java,37
org.springframework.data:spring-data-mongodb,4.4.5,false,ClassOrInterfaceType,org.springframework.data.mongodb.core.query.Query,Query,C:\Users\tyin363\Documents\repos\turkraft__springfilter\mongo\src\main\java\com\turkraft\springfilter\boot\FilterJsonNodeArgumentResolver.java,58
com.fasterxml.jackson.core:jackson-databind,2.18.3,false,MethodCallExpr,com.fasterxml.jackson.databind.ObjectMapper,createObjectNode,C:\Users\tyin363\Documents\repos\turkraft__springfilter\mongo\src\main\java\com\turkraft\springfilter\transformer\processor\LikeOperationJsonNodeProcessor.java,75
com.fasterxml.jackson.core:jackson-databind,2.18.3,false,ClassOrInterfaceType,com.fasterxml.jackson.databind.node.ObjectNode,ObjectNode,C:\Users\tyin363\Documents\repos\turkraft__springfilter\mongo\src\main\java\com\turkraft\springfilter\transformer\processor\LikeOperationJsonNodeProcessor.java,43
CLIENT:client-code,N/A,false,MethodCallExpr,com.turkraft.springfilter.transformer.FilterJsonNodeTransformer,getEntityType,C:\Users\tyin363\Documents\repos\turkraft__springfilter\mongo\src\main\java\com\turkraft\springfilter\transformer\FilterJsonNodeTransformer.java,58
com.fasterxml.jackson.core:jackson-databind,2.18.3,false,MethodCallExpr,com.fasterxml.jackson.databind.ObjectMapper,createObjectNode,C:\Users\tyin363\Documents\repos\turkraft__springfilter\mongo\src\main\java\com\turkraft\springfilter\transformer\FilterJsonNodeTransformer.java,62
CLIENT:client-code,N/A,false,ClassOrInterfaceType,com.turkraft.springfilter.helper.FieldTypeResolver,FieldTypeResolver,C:\Users\tyin363\Documents\repos\turkraft__springfilter\mongo\src\main\java\com\turkraft\springfilter\transformer\processor\LikeOperationJsonNodeProcessor.java,19
CLIENT:client-code,N/A,false,MethodCallExpr,com.turkraft.springfilter.transformer.FilterJsonNodeTransformer,getObjectMapper,C:\Users\tyin363\Documents\repos\turkraft__springfilter\mongo\src\main\java\com\turkraft\springfilter\transformer\processor\NotInOperationJsonNodeProcessor.java,47
CLIENT:client-code,N/A,false,MethodCallExpr,com.turkraft.springfilter.transformer.FilterJsonNodeTransformer,getObjectMapper,C:\Users\tyin363\Documents\repos\turkraft__springfilter\mongo\src\main\java\com\turkraft\springfilter\transformer\processor\InOperationJsonNodeProcessor.java,47
JDK:java.base,N/A,false,ClassOrInterfaceType,java.lang.Boolean,Boolean,C:\Users\tyin363\Documents\repos\turkraft__springfilter\mongo\src\main\java\com\turkraft\springfilter\transformer\processor\NotInOperationJsonNodeProcessor.java,36
JDK:java.base,N/A,false,ClassOrInterfaceType,java.lang.Boolean,Boolean,C:\Users\tyin363\Documents\repos\turkraft__springfilter\mongo\src\main\java\com\turkraft\springfilter\transformer\processor\OrOperationJsonNodeProcessor.java,36
CLIENT:client-code,N/A,false,MethodCallExpr,com.turkraft.springfilter.transformer.FilterJsonNodeTransformer,getEntityType,C:\Users\tyin363\Documents\repos\turkraft__springfilter\mongo\src\main\java\com\turkraft\springfilter\transformer\processor\InOperationJsonNodeProcessor.java,39
JDK:java.base,N/A,false,MethodCallExpr,java.lang.Class,isAssignableFrom,C:\Users\tyin363\Documents\repos\turkraft__springfilter\mongo\src\main\java\com\turkraft\springfilter\boot\FilterJsonNodeArgumentResolver.java,112
com.fasterxml.jackson.core:jackson-databind,2.18.3,false,MethodCallExpr,com.fasterxml.jackson.databind.ObjectMapper,createObjectNode,C:\Users\tyin363\Documents\repos\turkraft__springfilter\mongo\src\main\java\com\turkraft\springfilter\transformer\processor\IsNotEmptyOperationJsonNodeProcessor.java,33
CLIENT:client-code,N/A,false,MethodCallExpr,com.turkraft.springfilter.transformer.processor.LikeOperationJsonNodeProcessor,sanitizeRegexInput,C:\Users\tyin363\Documents\repos\turkraft__springfilter\mongo\src\main\java\com\turkraft\springfilter\transformer\processor\LikeOperationJsonNodeProcessor.java,97
com.fasterxml.jackson.core:jackson-databind,2.18.3,false,ClassOrInterfaceType,com.fasterxml.jackson.databind.ObjectMapper,ObjectMapper,C:\Users\tyin363\Documents\repos\turkraft__springfilter\mongo\src\main\java\com\turkraft\springfilter\boot\FilterJsonNodeArgumentResolverConfigurer.java,22
com.fasterxml.jackson.core:jackson-databind,2.18.3,false,MethodCallExpr,com.fasterxml.jackson.databind.node.ContainerNode,textNode,C:\Users\tyin363\Documents\repos\turkraft__springfilter\mongo\src\main\java\com\turkraft\springfilter\transformer\processor\LikeOperationJsonNodeProcessor.java,67
org.mongodb:bson,5.2.1,true,MethodCallExpr,org.bson.Document,parse,C:\Users\tyin363\Documents\repos\turkraft__springfilter\mongo\src\main\java\com\turkraft\springfilter\boot\FilterJsonNodeArgumentResolver.java,115
com.fasterxml.jackson.core:jackson-databind,2.18.3,false,ClassOrInterfaceType,com.fasterxml.jackson.databind.node.ObjectNode,ObjectNode,C:\Users\tyin363\Documents\repos\turkraft__springfilter\mongo\src\main\java\com\turkraft\springfilter\boot\FilterJsonNodeArgumentResolver.java,57
CLIENT:client-code,N/A,false,MethodCallExpr,com.turkraft.springfilter.boot.FilterJsonNodeArgumentResolver,isOptionalParameter,C:\Users\tyin363\Documents\repos\turkraft__springfilter\mongo\src\main\java\com\turkraft\springfilter\boot\FilterJsonNodeArgumentResolver.java,57
JDK:java.base,N/A,false,ClassOrInterfaceType,java.lang.String,String,C:\Users\tyin363\Documents\repos\turkraft__springfilter\mongo\src\main\java\com\turkraft\springfilter\converter\StringCustomUUIDConverter.java,26
JDK:java.base,N/A,false,ClassOrInterfaceType,java.lang.Class,Class,C:\Users\tyin363\Documents\repos\turkraft__springfilter\mongo\src\main\java\com\turkraft\springfilter\helper\FieldTypeResolverImpl.java,22
JDK:java.base,N/A,false,ObjectCreationExpr,java.lang.IllegalStateException,IllegalStateException,C:\Users\tyin363\Documents\repos\turkraft__springfilter\mongo\src\main\java\com\turkraft\springfilter\boot\FilterJsonNodeArgumentResolver.java,122
CLIENT:client-code,N/A,false,ClassOrInterfaceType,com.turkraft.springfilter.transformer.FilterJsonNodeTransformer,FilterJsonNodeTransformer,C:\Users\tyin363\Documents\repos\turkraft__springfilter\mongo\src\main\java\com\turkraft\springfilter\transformer\processor\InsensitiveLikeOperationJsonNodeProcessor.java,21
CLIENT:client-code,N/A,false,ClassOrInterfaceType,com.turkraft.springfilter.transformer.FilterJsonNodeTransformer,FilterJsonNodeTransformer,C:\Users\tyin363\Documents\repos\turkraft__springfilter\mongo\src\main\java\com\turkraft\springfilter\transformer\processor\TodayFunctionJsonNodeProcessor.java,16
com.fasterxml.jackson.core:jackson-databind,2.18.3,false,MethodCallExpr,com.fasterxml.jackson.databind.ObjectMapper,createObjectNode,C:\Users\tyin363\Documents\repos\turkraft__springfilter\mongo\src\main\java\com\turkraft\springfilter\transformer\processor\IsEmptyOperationJsonNodeProcessor.java,35
CLIENT:client-code,N/A,false,MethodCallExpr,com.turkraft.springfilter.transformer.FilterJsonNodeTransformer,getObjectMapper,C:\Users\tyin363\Documents\repos\turkraft__springfilter\mongo\src\main\java\com\turkraft\springfilter\transformer\processor\NotInOperationJsonNodeProcessor.java,46
com.fasterxml.jackson.core:jackson-databind,2.18.3,false,ClassOrInterfaceType,com.fasterxml.jackson.databind.JsonNode,JsonNode,C:\Users\tyin363\Documents\repos\turkraft__springfilter\mongo\src\main\java\com\turkraft\springfilter\helper\JsonNodeHelperImpl.java,51
org.mongodb:bson,5.2.1,true,ClassOrInterfaceType,org.bson.Document,Document,C:\Users\tyin363\Documents\repos\turkraft__springfilter\mongo\src\main\java\com\turkraft\springfilter\boot\FilterJsonNodeArgumentResolver.java,112
CLIENT:client-code,N/A,false,ClassOrInterfaceType,com.turkraft.springfilter.transformer.processor.LikeOperationJsonNodeProcessor,LikeOperationJsonNodeProcessor,C:\Users\tyin363\Documents\repos\turkraft__springfilter\mongo\src\main\java\com\turkraft\springfilter\transformer\processor\InsensitiveLikeOperationJsonNodeProcessor.java,16
JDK:java.base,N/A,false,ClassOrInterfaceType,java.lang.Class,Class,C:\Users\tyin363\Documents\repos\turkraft__springfilter\mongo\src\main\java\com\turkraft\springfilter\transformer\FilterJsonNodeTransformer.java,126
JDK:java.base,N/A,false,ClassOrInterfaceType,java.lang.Boolean,Boolean,C:\Users\tyin363\Documents\repos\turkraft__springfilter\mongo\src\main\java\com\turkraft\springfilter\transformer\processor\GreaterThanOperationJsonNodeProcessor.java,34
CLIENT:client-code,N/A,false,ClassOrInterfaceType,com.turkraft.springfilter.transformer.FilterJsonNodeTransformer,FilterJsonNodeTransformer,C:\Users\tyin363\Documents\repos\turkraft__springfilter\mongo\src\main\java\com\turkraft\springfilter\transformer\processor\NotInOperationJsonNodeProcessor.java,33
CLIENT:client-code,N/A,false,MethodCallExpr,com.turkraft.springfilter.transformer.FilterJsonNodeTransformer,getObjectMapper,C:\Users\tyin363\Documents\repos\turkraft__springfilter\mongo\src\main\java\com\turkraft\springfilter\transformer\processor\InOperationJsonNodeProcessor.java,46
CLIENT:client-code,N/A,false,ClassOrInterfaceType,com.turkraft.springfilter.converter.StringCustomUUIDConverter.CustomUUID,CustomUUID,C:\Users\tyin363\Documents\repos\turkraft__springfilter\mongo\src\main\java\com\turkraft\springfilter\converter\StringCustomUUIDConverter.java,13
JDK:java.base,N/A,false,MethodCallExpr,java.lang.Class,isArray,C:\Users\tyin363\Documents\repos\turkraft__springfilter\mongo\src\main\java\com\turkraft\springfilter\helper\FieldTypeResolverImpl.java,56
org.springframework.data:spring-data-mongodb,4.4.5,false,ObjectCreationExpr,org.springframework.data.mongodb.core.query.BasicQuery,BasicQuery,C:\Users\tyin363\Documents\repos\turkraft__springfilter\mongo\src\main\java\com\turkraft\springfilter\boot\FilterJsonNodeArgumentResolver.java,97
com.fasterxml.jackson.core:jackson-databind,2.18.3,false,MethodCallExpr,com.fasterxml.jackson.databind.ObjectMapper,createObjectNode,C:\Users\tyin363\Documents\repos\turkraft__springfilter\mongo\src\main\java\com\turkraft\springfilter\transformer\processor\SizeFunctionJsonNodeProcessor.java,27
CLIENT:client-code,N/A,false,ClassOrInterfaceType,com.turkraft.springfilter.transformer.FilterJsonNodeTransformer,FilterJsonNodeTransformer,C:\Users\tyin363\Documents\repos\turkraft__springfilter\mongo\src\main\java\com\turkraft\springfilter\transformer\processor\HelloWorldPlaceholderJsonNodeProcessor.java,11
com.fasterxml.jackson.core:jackson-databind,2.18.3,false,ClassOrInterfaceType,com.fasterxml.jackson.databind.JsonNode,JsonNode,C:\Users\tyin363\Documents\repos\turkraft__springfilter\mongo\src\main\java\com\turkraft\springfilter\transformer\processor\IsNotEmptyOperationJsonNodeProcessor.java,11
CLIENT:client-code,N/A,false,MethodCallExpr,com.turkraft.springfilter.transformer.FilterJsonNodeTransformer,getObjectMapper,C:\Users\tyin363\Documents\repos\turkraft__springfilter\mongo\src\main\java\com\turkraft\springfilter\transformer\processor\TodayFunctionJsonNodeProcessor.java,28
CLIENT:client-code,N/A,false,MethodCallExpr,com.turkraft.springfilter.transformer.FilterJsonNodeTransformer,getEntityType,C:\Users\tyin363\Documents\repos\turkraft__springfilter\mongo\src\main\java\com\turkraft\springfilter\helper\JsonNodeHelperImpl.java,38
CLIENT:client-code,N/A,false,MethodCallExpr,com.turkraft.springfilter.boot.FilterJsonNodeArgumentResolver,isOptionalParameter,C:\Users\tyin363\Documents\repos\turkraft__springfilter\mongo\src\main\java\com\turkraft\springfilter\boot\FilterJsonNodeArgumentResolver.java,58
CLIENT:client-code,N/A,false,FieldAccessExpr,com.turkraft.springfilter.transformer.FilterJsonNodeTransformer,fieldTypeResolver,C:\Users\tyin363\Documents\repos\turkraft__springfilter\mongo\src\main\java\com\turkraft\springfilter\transformer\FilterJsonNodeTransformer.java,48
CLIENT:client-code,N/A,false,ClassOrInterfaceType,com.turkraft.springfilter.transformer.FilterJsonNodeTransformer,FilterJsonNodeTransformer,C:\Users\tyin363\Documents\repos\turkraft__springfilter\mongo\src\main\java\com\turkraft\springfilter\transformer\processor\InsensitiveLikeOperationJsonNodeProcessor.java,22
com.fasterxml.jackson.core:jackson-databind,2.18.3,false,MethodCallExpr,com.fasterxml.jackson.databind.ObjectMapper,createObjectNode,C:\Users\tyin363\Documents\repos\turkraft__springfilter\mongo\src\main\java\com\turkraft\springfilter\transformer\FilterJsonNodeTransformer.java,60
CLIENT:client-code,N/A,false,ClassOrInterfaceType,com.turkraft.springfilter.helper.FieldTypeResolver,FieldTypeResolver,C:\Users\tyin363\Documents\repos\turkraft__springfilter\mongo\src\main\java\com\turkraft\springfilter\transformer\processor\LikeOperationJsonNodeProcessor.java,21
JDK:java.base,N/A,false,ClassOrInterfaceType,java.lang.Boolean,Boolean,C:\Users\tyin363\Documents\repos\turkraft__springfilter\mongo\src\main\java\com\turkraft\springfilter\transformer\processor\OrOperationJsonNodeProcessor.java,34
JDK:java.base,N/A,false,ObjectCreationExpr,java.util.HashMap,HashMap,C:\Users\tyin363\Documents\repos\turkraft__springfilter\mongo\src\main\java\com\turkraft\springfilter\transformer\FilterJsonNodeTransformer.java,37
JDK:java.base,N/A,false,ClassOrInterfaceType,java.lang.reflect.Field,Field,C:\Users\tyin363\Documents\repos\turkraft__springfilter\mongo\src\main\java\com\turkraft\springfilter\transformer\FilterJsonNodeTransformer.java,58
CLIENT:client-code,N/A,false,MethodCallExpr,com.turkraft.springfilter.transformer.FilterJsonNodeTransformer,getObjectMapper,C:\Users\tyin363\Documents\repos\turkraft__springfilter\mongo\src\main\java\com\turkraft\springfilter\transformer\processor\InOperationJsonNodeProcessor.java,45
CLIENT:client-code,N/A,false,ClassOrInterfaceType,com.turkraft.springfilter.transformer.FilterJsonNodeTransformer,FilterJsonNodeTransformer,C:\Users\tyin363\Documents\repos\turkraft__springfilter\mongo\src\main\java\com\turkraft\springfilter\transformer\processor\TodayFunctionJsonNodeProcessor.java,17
com.fasterxml.jackson.core:jackson-databind,2.18.3,false,MethodCallExpr,com.fasterxml.jackson.databind.ObjectMapper,createObjectNode,C:\Users\tyin363\Documents\repos\turkraft__springfilter\mongo\src\main\java\com\turkraft\springfilter\transformer\processor\IsNotEmptyOperationJsonNodeProcessor.java,35
