Library_Name,Symbol_Type,Class_Name,Symbol_Name,Usage_Location,Line_Number
JDK:java.base:N/A:N/A,ClassOrInterfaceType,java.lang.String,String,C:\Users\tyin363\Documents\repos\apolloconfig__apollo\apollo-adminservice\src\main\java\com\ctrip\framework\apollo\adminservice\controller\NamespaceController.java,106
CLIENT:client-code:N/A:N/A,FieldAccessExpr,com.ctrip.framework.apollo.adminservice.controller.ReleaseController,releaseService,C:\Users\tyin363\Documents\repos\apolloconfig__apollo\apollo-adminservice\src\main\java\com\ctrip\framework\apollo\adminservice\controller\ReleaseController.java,64
JDK:java.base:N/A:N/A,ClassOrInterfaceType,java.lang.String,String,C:\Users\tyin363\Documents\repos\apolloconfig__apollo\apollo-adminservice\src\main\java\com\ctrip\framework\apollo\adminservice\controller\ClusterController.java,90
CLIENT:client-code:N/A:N/A,NameExpr,com.ctrip.framework.apollo.adminservice.controller.ReleaseController,releaseService,C:\Users\tyin363\Documents\repos\apolloconfig__apollo\apollo-adminservice\src\main\java\com\ctrip\framework\apollo\adminservice\controller\ReleaseController.java,192
JDK:java.base:N/A:N/A,ClassOrInterfaceType,java.lang.String,String,C:\Users\tyin363\Documents\repos\apolloconfig__apollo\apollo-adminservice\src\main\java\com\ctrip\framework\apollo\adminservice\controller\NamespaceBranchController.java,76
com.google.guava:guava:jar:16.0,MethodCallExpr,com.google.common.collect.HashMultimap,create,C:\Users\tyin363\Documents\repos\apolloconfig__apollo\apollo-adminservice\src\main\java\com\ctrip\framework\apollo\adminservice\controller\InstanceConfigController.java,81
JDK:java.base:N/A:N/A,MethodCallExpr,java.util.Collection,stream,C:\Users\tyin363\Documents\repos\apolloconfig__apollo\apollo-adminservice\src\main\java\com\ctrip\framework\apollo\adminservice\controller\InstanceConfigController.java,120
JDK:java.base:N/A:N/A,ClassOrInterfaceType,java.lang.String,String,C:\Users\tyin363\Documents\repos\apolloconfig__apollo\apollo-adminservice\src\main\java\com\ctrip\framework\apollo\adminservice\controller\AccessKeyController.java,56
CLIENT:client-code:N/A:N/A,NameExpr,com.ctrip.framework.apollo.adminservice.controller.AccessKeyController,accessKeyService,C:\Users\tyin363\Documents\repos\apolloconfig__apollo\apollo-adminservice\src\main\java\com\ctrip\framework\apollo\adminservice\controller\AccessKeyController.java,75
JDK:java.base:N/A:N/A,ClassOrInterfaceType,java.lang.String,String,C:\Users\tyin363\Documents\repos\apolloconfig__apollo\apollo-adminservice\src\main\java\com\ctrip\framework\apollo\adminservice\controller\ReleaseController.java,81
JDK:java.base:N/A:N/A,ClassOrInterfaceType,java.lang.String,String,C:\Users\tyin363\Documents\repos\apolloconfig__apollo\apollo-adminservice\src\main\java\com\ctrip\framework\apollo\adminservice\filter\AdminServiceAuthenticationFilter.java,75
JDK:java.base:N/A:N/A,ClassOrInterfaceType,java.lang.String,String,C:\Users\tyin363\Documents\repos\apolloconfig__apollo\apollo-adminservice\src\main\java\com\ctrip\framework\apollo\adminservice\controller\AppController.java,96
CLIENT:client-code:N/A:N/A,NameExpr,com.ctrip.framework.apollo.adminservice.controller.NamespaceController,namespaceService,C:\Users\tyin363\Documents\repos\apolloconfig__apollo\apollo-adminservice\src\main\java\com\ctrip\framework\apollo\adminservice\controller\NamespaceController.java,55
CLIENT:client-code:N/A:N/A,NameExpr,com.ctrip.framework.apollo.adminservice.controller.ItemController,itemService,C:\Users\tyin363\Documents\repos\apolloconfig__apollo\apollo-adminservice\src\main\java\com\ctrip\framework\apollo\adminservice\controller\ItemController.java,256
CLIENT:client-code:N/A:N/A,NameExpr,com.ctrip.framework.apollo.adminservice.controller.ItemController,itemService,C:\Users\tyin363\Documents\repos\apolloconfig__apollo\apollo-adminservice\src\main\java\com\ctrip\framework\apollo\adminservice\controller\ItemController.java,157
CLIENT:client-code:N/A:N/A,NameExpr,com.ctrip.framework.apollo.adminservice.controller.ItemController,itemService,C:\Users\tyin363\Documents\repos\apolloconfig__apollo\apollo-adminservice\src\main\java\com\ctrip\framework\apollo\adminservice\controller\ItemController.java,91
CLIENT:client-code:N/A:N/A,NameExpr,com.ctrip.framework.apollo.adminservice.controller.ClusterController,clusterService,C:\Users\tyin363\Documents\repos\apolloconfig__apollo\apollo-adminservice\src\main\java\com\ctrip\framework\apollo\adminservice\controller\ClusterController.java,59
JDK:java.base:N/A:N/A,ClassOrInterfaceType,java.lang.String,String,C:\Users\tyin363\Documents\repos\apolloconfig__apollo\apollo-adminservice\src\main\java\com\ctrip\framework\apollo\adminservice\controller\ItemController.java,245
javax.servlet:servlet-api:jar:2.5,MethodCallExpr,javax.servlet.http.HttpServletRequest,getRequestURI,C:\Users\tyin363\Documents\repos\apolloconfig__apollo\apollo-adminservice\src\main\java\com\ctrip\framework\apollo\adminservice\filter\AdminServiceAuthenticationFilter.java,66
com.google.guava:guava:jar:16.0,MethodCallExpr,com.google.common.base.Splitter,trimResults,C:\Users\tyin363\Documents\repos\apolloconfig__apollo\apollo-adminservice\src\main\java\com\ctrip\framework\apollo\adminservice\controller\ReleaseController.java,51
CLIENT:client-code:N/A:N/A,NameExpr,com.ctrip.framework.apollo.adminservice.filter.AdminServiceAuthenticationFilter,logger,C:\Users\tyin363\Documents\repos\apolloconfig__apollo\apollo-adminservice\src\main\java\com\ctrip\framework\apollo\adminservice\filter\AdminServiceAuthenticationFilter.java,66
CLIENT:client-code:N/A:N/A,NameExpr,com.ctrip.framework.apollo.adminservice.controller.ClusterController,clusterService,C:\Users\tyin363\Documents\repos\apolloconfig__apollo\apollo-adminservice\src\main\java\com\ctrip\framework\apollo\adminservice\controller\ClusterController.java,57
JDK:java.base:N/A:N/A,ClassOrInterfaceType,java.lang.String,String,C:\Users\tyin363\Documents\repos\apolloconfig__apollo\apollo-adminservice\src\main\java\com\ctrip\framework\apollo\adminservice\controller\NamespaceBranchController.java,143
CLIENT:client-code:N/A:N/A,NameExpr,com.ctrip.framework.apollo.adminservice.controller.ReleaseController,RELEASES_SPLITTER,C:\Users\tyin363\Documents\repos\apolloconfig__apollo\apollo-adminservice\src\main\java\com\ctrip\framework\apollo\adminservice\controller\ReleaseController.java,82
com.google.guava:guava:jar:16.0,MethodCallExpr,com.google.common.base.Splitter,splitToList,C:\Users\tyin363\Documents\repos\apolloconfig__apollo\apollo-adminservice\src\main\java\com\ctrip\framework\apollo\adminservice\controller\InstanceConfigController.java,120
CLIENT:client-code:N/A:N/A,NameExpr,com.ctrip.framework.apollo.adminservice.controller.ItemController,bizConfig,C:\Users\tyin363\Documents\repos\apolloconfig__apollo\apollo-adminservice\src\main\java\com\ctrip\framework\apollo\adminservice\controller\ItemController.java,84
JDK:java.base:N/A:N/A,ClassOrInterfaceType,java.lang.String,String,C:\Users\tyin363\Documents\repos\apolloconfig__apollo\apollo-adminservice\src\main\java\com\ctrip\framework\apollo\adminservice\aop\NamespaceAcquireLockAspect.java,67
CLIENT:client-code:N/A:N/A,NameExpr,com.ctrip.framework.apollo.adminservice.controller.ReleaseHistoryController,configurationTypeReference,C:\Users\tyin363\Documents\repos\apolloconfig__apollo\apollo-adminservice\src\main\java\com\ctrip\framework\apollo\adminservice\controller\ReleaseHistoryController.java,108
CLIENT:client-code:N/A:N/A,MethodCallExpr,com.ctrip.framework.apollo.adminservice.controller.NamespaceBranchController,checkBranch,C:\Users\tyin363\Documents\repos\apolloconfig__apollo\apollo-adminservice\src\main\java\com\ctrip\framework\apollo\adminservice\controller\NamespaceBranchController.java,101
CLIENT:client-code:N/A:N/A,MethodCallExpr,com.ctrip.framework.apollo.adminservice.controller.NamespaceBranchController,checkNamespace,C:\Users\tyin363\Documents\repos\apolloconfig__apollo\apollo-adminservice\src\main\java\com\ctrip\framework\apollo\adminservice\controller\NamespaceBranchController.java,65
JDK:java.base:N/A:N/A,ClassOrInterfaceType,java.lang.String,String,C:\Users\tyin363\Documents\repos\apolloconfig__apollo\apollo-adminservice\src\main\java\com\ctrip\framework\apollo\adminservice\controller\ItemController.java,246
CLIENT:client-code:N/A:N/A,NameExpr,com.ctrip.framework.apollo.adminservice.controller.ClusterController,clusterService,C:\Users\tyin363\Documents\repos\apolloconfig__apollo\apollo-adminservice\src\main\java\com\ctrip\framework\apollo\adminservice\controller\ClusterController.java,91
JDK:java.base:N/A:N/A,ClassOrInterfaceType,java.lang.String,String,C:\Users\tyin363\Documents\repos\apolloconfig__apollo\apollo-adminservice\src\main\java\com\ctrip\framework\apollo\adminservice\controller\InstanceConfigController.java,180
CLIENT:client-code:N/A:N/A,NameExpr,com.ctrip.framework.apollo.adminservice.controller.ReleaseController,releaseService,C:\Users\tyin363\Documents\repos\apolloconfig__apollo\apollo-adminservice\src\main\java\com\ctrip\framework\apollo\adminservice\controller\ReleaseController.java,95
CLIENT:client-code:N/A:N/A,NameExpr,com.ctrip.framework.apollo.adminservice.controller.AppController,appService,C:\Users\tyin363\Documents\repos\apolloconfig__apollo\apollo-adminservice\src\main\java\com\ctrip\framework\apollo\adminservice\controller\AppController.java,55
CLIENT:client-code:N/A:N/A,NameExpr,com.ctrip.framework.apollo.adminservice.controller.AppController,appService,C:\Users\tyin363\Documents\repos\apolloconfig__apollo\apollo-adminservice\src\main\java\com\ctrip\framework\apollo\adminservice\controller\AppController.java,88
CLIENT:client-code:N/A:N/A,FieldAccessExpr,com.ctrip.framework.apollo.adminservice.controller.ServerConfigController,serverConfigService,C:\Users\tyin363\Documents\repos\apolloconfig__apollo\apollo-adminservice\src\main\java\com\ctrip\framework\apollo\adminservice\controller\ServerConfigController.java,36
JDK:java.base:N/A:N/A,ClassOrInterfaceType,java.lang.String,String,C:\Users\tyin363\Documents\repos\apolloconfig__apollo\apollo-adminservice\src\main\java\com\ctrip\framework\apollo\adminservice\controller\NamespaceBranchController.java,74
JDK:java.base:N/A:N/A,ClassOrInterfaceType,java.lang.String,String,C:\Users\tyin363\Documents\repos\apolloconfig__apollo\apollo-adminservice\src\main\java\com\ctrip\framework\apollo\adminservice\filter\AdminServiceAuthenticationFilter.java,44
JDK:java.base:N/A:N/A,MethodReferenceExpr,java.lang.Long,parseLong,C:\Users\tyin363\Documents\repos\apolloconfig__apollo\apollo-adminservice\src\main\java\com\ctrip\framework\apollo\adminservice\controller\ReleaseController.java,82
CLIENT:client-code:N/A:N/A,FieldAccessExpr,com.ctrip.framework.apollo.adminservice.controller.ReleaseController,messageSender,C:\Users\tyin363\Documents\repos\apolloconfig__apollo\apollo-adminservice\src\main\java\com\ctrip\framework\apollo\adminservice\controller\ReleaseController.java,66
CLIENT:client-code:N/A:N/A,NameExpr,com.ctrip.framework.apollo.adminservice.aop.NamespaceUnlockAspect,namespaceService,C:\Users\tyin363\Documents\repos\apolloconfig__apollo\apollo-adminservice\src\main\java\com\ctrip\framework\apollo\adminservice\aop\NamespaceUnlockAspect.java,89
CLIENT:client-code:N/A:N/A,NameExpr,com.ctrip.framework.apollo.adminservice.controller.ItemController,bizConfig,C:\Users\tyin363\Documents\repos\apolloconfig__apollo\apollo-adminservice\src\main\java\com\ctrip\framework\apollo\adminservice\controller\ItemController.java,87
org.slf4j:slf4j-api:jar:1.7.33,ClassOrInterfaceType,org.slf4j.Logger,Logger,C:\Users\tyin363\Documents\repos\apolloconfig__apollo\apollo-adminservice\src\main\java\com\ctrip\framework\apollo\adminservice\filter\AdminServiceAuthenticationFilter.java,38
JDK:java.base:N/A:N/A,ClassOrInterfaceType,java.lang.String,String,C:\Users\tyin363\Documents\repos\apolloconfig__apollo\apollo-adminservice\src\main\java\com\ctrip\framework\apollo\adminservice\controller\ItemController.java,248
CLIENT:client-code:N/A:N/A,FieldAccessExpr,com.ctrip.framework.apollo.adminservice.aop.NamespaceAcquireLockAspect,namespaceLockService,C:\Users\tyin363\Documents\repos\apolloconfig__apollo\apollo-adminservice\src\main\java\com\ctrip\framework\apollo\adminservice\aop\NamespaceAcquireLockAspect.java,58
JDK:java.base:N/A:N/A,ClassOrInterfaceType,java.lang.String,String,C:\Users\tyin363\Documents\repos\apolloconfig__apollo\apollo-adminservice\src\main\java\com\ctrip\framework\apollo\adminservice\controller\InstanceConfigController.java,181
javax.servlet:servlet-api:jar:2.5,ClassOrInterfaceType,javax.servlet.ServletException,ServletException,C:\Users\tyin363\Documents\repos\apolloconfig__apollo\apollo-adminservice\src\main\java\com\ctrip\framework\apollo\adminservice\filter\AdminServiceAuthenticationFilter.java,52
JDK:java.base:N/A:N/A,ClassOrInterfaceType,java.lang.String,String,C:\Users\tyin363\Documents\repos\apolloconfig__apollo\apollo-adminservice\src\main\java\com\ctrip\framework\apollo\adminservice\controller\NamespaceBranchController.java,75
JDK:java.base:N/A:N/A,ClassOrInterfaceType,java.lang.String,String,C:\Users\tyin363\Documents\repos\apolloconfig__apollo\apollo-adminservice\src\main\java\com\ctrip\framework\apollo\adminservice\filter\AdminServiceAuthenticationFilter.java,76
JDK:java.base:N/A:N/A,ClassOrInterfaceType,java.lang.String,String,C:\Users\tyin363\Documents\repos\apolloconfig__apollo\apollo-adminservice\src\main\java\com\ctrip\framework\apollo\adminservice\controller\AppController.java,66
CLIENT:client-code:N/A:N/A,NameExpr,com.ctrip.framework.apollo.adminservice.controller.ItemController,bizConfig,C:\Users\tyin363\Documents\repos\apolloconfig__apollo\apollo-adminservice\src\main\java\com\ctrip\framework\apollo\adminservice\controller\ItemController.java,86
com.google.guava:guava:jar:16.0,MethodCallExpr,com.google.common.collect.Maps,newHashMap,C:\Users\tyin363\Documents\repos\apolloconfig__apollo\apollo-adminservice\src\main\java\com\ctrip\framework\apollo\adminservice\controller\InstanceConfigController.java,153
com.google.guava:guava:jar:16.0,MethodCallExpr,com.google.common.base.Splitter,on,C:\Users\tyin363\Documents\repos\apolloconfig__apollo\apollo-adminservice\src\main\java\com\ctrip\framework\apollo\adminservice\controller\InstanceConfigController.java,58
JDK:java.base:N/A:N/A,ClassOrInterfaceType,java.lang.Void,Void,C:\Users\tyin363\Documents\repos\apolloconfig__apollo\apollo-adminservice\src\main\java\com\ctrip\framework\apollo\adminservice\controller\ItemSetController.java,40
CLIENT:client-code:N/A:N/A,NameExpr,com.ctrip.framework.apollo.adminservice.controller.ItemController,itemService,C:\Users\tyin363\Documents\repos\apolloconfig__apollo\apollo-adminservice\src\main\java\com\ctrip\framework\apollo\adminservice\controller\ItemController.java,189
JDK:java.base:N/A:N/A,ClassOrInterfaceType,java.lang.Long,Long,C:\Users\tyin363\Documents\repos\apolloconfig__apollo\apollo-adminservice\src\main\java\com\ctrip\framework\apollo\adminservice\controller\InstanceConfigController.java,136
JDK:java.base:N/A:N/A,ClassOrInterfaceType,java.lang.String,String,C:\Users\tyin363\Documents\repos\apolloconfig__apollo\apollo-adminservice\src\main\java\com\ctrip\framework\apollo\adminservice\controller\InstanceConfigController.java,82
JDK:java.base:N/A:N/A,ClassOrInterfaceType,java.lang.String,String,C:\Users\tyin363\Documents\repos\apolloconfig__apollo\apollo-adminservice\src\main\java\com\ctrip\framework\apollo\adminservice\controller\ItemController.java,216
CLIENT:client-code:N/A:N/A,NameExpr,com.ctrip.framework.apollo.adminservice.controller.NamespaceController,namespaceService,C:\Users\tyin363\Documents\repos\apolloconfig__apollo\apollo-adminservice\src\main\java\com\ctrip\framework\apollo\adminservice\controller\NamespaceController.java,60
CLIENT:client-code:N/A:N/A,NameExpr,com.ctrip.framework.apollo.adminservice.controller.ItemController,namespaceService,C:\Users\tyin363\Documents\repos\apolloconfig__apollo\apollo-adminservice\src\main\java\com\ctrip\framework\apollo\adminservice\controller\ItemController.java,139
CLIENT:client-code:N/A:N/A,NameExpr,com.ctrip.framework.apollo.adminservice.controller.InstanceConfigController,instanceService,C:\Users\tyin363\Documents\repos\apolloconfig__apollo\apollo-adminservice\src\main\java\com\ctrip\framework\apollo\adminservice\controller\InstanceConfigController.java,201
CLIENT:client-code:N/A:N/A,FieldAccessExpr,com.ctrip.framework.apollo.adminservice.controller.NamespaceBranchController,namespaceBranchService,C:\Users\tyin363\Documents\repos\apolloconfig__apollo\apollo-adminservice\src\main\java\com\ctrip\framework\apollo\adminservice\controller\NamespaceBranchController.java,54
com.google.code.gson:gson:jar:2.8.9,MethodCallExpr,com.google.gson.reflect.TypeToken,getType,C:\Users\tyin363\Documents\repos\apolloconfig__apollo\apollo-adminservice\src\main\java\com\ctrip\framework\apollo\adminservice\controller\ReleaseHistoryController.java,46
CLIENT:client-code:N/A:N/A,ClassOrInterfaceType,com.ctrip.framework.apollo.adminservice.filter.AdminServiceAuthenticationFilter,AdminServiceAuthenticationFilter,C:\Users\tyin363\Documents\repos\apolloconfig__apollo\apollo-adminservice\src\main\java\com\ctrip\framework\apollo\adminservice\AdminServiceAutoConfiguration.java,35
CLIENT:client-code:N/A:N/A,NameExpr,com.ctrip.framework.apollo.adminservice.controller.ReleaseHistoryController,releaseHistoryService,C:\Users\tyin363\Documents\repos\apolloconfig__apollo\apollo-adminservice\src\main\java\com\ctrip\framework\apollo\adminservice\controller\ReleaseHistoryController.java,61
JDK:java.base:N/A:N/A,ClassOrInterfaceType,java.lang.String,String,C:\Users\tyin363\Documents\repos\apolloconfig__apollo\apollo-adminservice\src\main\java\com\ctrip\framework\apollo\adminservice\AdminServiceApplication.java,41
JDK:java.base:N/A:N/A,ClassOrInterfaceType,java.lang.String,String,C:\Users\tyin363\Documents\repos\apolloconfig__apollo\apollo-adminservice\src\main\java\com\ctrip\framework\apollo\adminservice\controller\AppNamespaceController.java,102
CLIENT:client-code:N/A:N/A,FieldAccessExpr,com.ctrip.framework.apollo.adminservice.controller.ItemController,itemService,C:\Users\tyin363\Documents\repos\apolloconfig__apollo\apollo-adminservice\src\main\java\com\ctrip\framework\apollo\adminservice\controller\ItemController.java,65
com.google.guava:guava:jar:16.0,MethodCallExpr,com.google.common.base.Splitter,omitEmptyStrings,C:\Users\tyin363\Documents\repos\apolloconfig__apollo\apollo-adminservice\src\main\java\com\ctrip\framework\apollo\adminservice\controller\InstanceConfigController.java,58
JDK:java.base:N/A:N/A,ClassOrInterfaceType,java.lang.String,String,C:\Users\tyin363\Documents\repos\apolloconfig__apollo\apollo-adminservice\src\main\java\com\ctrip\framework\apollo\adminservice\controller\NamespaceController.java,68
CLIENT:client-code:N/A:N/A,NameExpr,com.ctrip.framework.apollo.adminservice.controller.ItemController,itemService,C:\Users\tyin363\Documents\repos\apolloconfig__apollo\apollo-adminservice\src\main\java\com\ctrip\framework\apollo\adminservice\controller\ItemController.java,219
CLIENT:client-code:N/A:N/A,FieldAccessExpr,com.ctrip.framework.apollo.adminservice.aop.NamespaceAcquireLockAspect,bizConfig,C:\Users\tyin363\Documents\repos\apolloconfig__apollo\apollo-adminservice\src\main\java\com\ctrip\framework\apollo\adminservice\aop\NamespaceAcquireLockAspect.java,61
CLIENT:client-code:N/A:N/A,NameExpr,com.ctrip.framework.apollo.adminservice.controller.AppNamespaceController,appNamespaceService,C:\Users\tyin363\Documents\repos\apolloconfig__apollo\apollo-adminservice\src\main\java\com\ctrip\framework\apollo\adminservice\controller\AppNamespaceController.java,65
com.google.guava:guava:jar:16.0,MethodCallExpr,com.google.common.base.Splitter,trimResults,C:\Users\tyin363\Documents\repos\apolloconfig__apollo\apollo-adminservice\src\main\java\com\ctrip\framework\apollo\adminservice\filter\AdminServiceAuthenticationFilter.java,40
JDK:java.base:N/A:N/A,ClassOrInterfaceType,java.lang.String,String,C:\Users\tyin363\Documents\repos\apolloconfig__apollo\apollo-adminservice\src\main\java\com\ctrip\framework\apollo\adminservice\controller\ItemController.java,217
JDK:java.base:N/A:N/A,ClassOrInterfaceType,java.lang.Exception,Exception,C:\Users\tyin363\Documents\repos\apolloconfig__apollo\apollo-adminservice\src\main\java\com\ctrip\framework\apollo\adminservice\aop\NamespaceAcquireLockAspect.java,134
javax.servlet:servlet-api:jar:2.5,ClassOrInterfaceType,javax.servlet.Filter,Filter,C:\Users\tyin363\Documents\repos\apolloconfig__apollo\apollo-adminservice\src\main\java\com\ctrip\framework\apollo\adminservice\filter\AdminServiceAuthenticationFilter.java,36
JDK:java.base:N/A:N/A,ClassOrInterfaceType,java.util.Set,Set,C:\Users\tyin363\Documents\repos\apolloconfig__apollo\apollo-adminservice\src\main\java\com\ctrip\framework\apollo\adminservice\controller\InstanceConfigController.java,129
CLIENT:client-code:N/A:N/A,NameExpr,com.ctrip.framework.apollo.adminservice.filter.AdminServiceAuthenticationFilter,bizConfig,C:\Users\tyin363\Documents\repos\apolloconfig__apollo\apollo-adminservice\src\main\java\com\ctrip\framework\apollo\adminservice\filter\AdminServiceAuthenticationFilter.java,59
CLIENT:client-code:N/A:N/A,NameExpr,com.ctrip.framework.apollo.adminservice.aop.NamespaceAcquireLockAspect,namespaceLockService,C:\Users\tyin363\Documents\repos\apolloconfig__apollo\apollo-adminservice\src\main\java\com\ctrip\framework\apollo\adminservice\aop\NamespaceAcquireLockAspect.java,149
CLIENT:client-code:N/A:N/A,FieldAccessExpr,com.ctrip.framework.apollo.adminservice.controller.CommitController,commitService,C:\Users\tyin363\Documents\repos\apolloconfig__apollo\apollo-adminservice\src\main\java\com\ctrip\framework\apollo\adminservice\controller\CommitController.java,39
com.google.guava:guava:jar:16.0,ClassOrInterfaceType,com.google.common.base.Splitter,Splitter,C:\Users\tyin363\Documents\repos\apolloconfig__apollo\apollo-adminservice\src\main\java\com\ctrip\framework\apollo\adminservice\controller\InstanceConfigController.java,58
JDK:java.base:N/A:N/A,ClassOrInterfaceType,java.lang.Boolean,Boolean,C:\Users\tyin363\Documents\repos\apolloconfig__apollo\apollo-adminservice\src\main\java\com\ctrip\framework\apollo\adminservice\controller\NamespaceController.java,133
CLIENT:client-code:N/A:N/A,NameExpr,com.ctrip.framework.apollo.adminservice.controller.ReleaseController,messageSender,C:\Users\tyin363\Documents\repos\apolloconfig__apollo\apollo-adminservice\src\main\java\com\ctrip\framework\apollo\adminservice\controller\ReleaseController.java,229
JDK:java.base:N/A:N/A,ClassOrInterfaceType,java.lang.String,String,C:\Users\tyin363\Documents\repos\apolloconfig__apollo\apollo-adminservice\src\main\java\com\ctrip\framework\apollo\adminservice\controller\NamespaceController.java,67
CLIENT:client-code:N/A:N/A,NameExpr,com.ctrip.framework.apollo.adminservice.controller.ItemController,itemService,C:\Users\tyin363\Documents\repos\apolloconfig__apollo\apollo-adminservice\src\main\java\com\ctrip\framework\apollo\adminservice\controller\ItemController.java,121
CLIENT:client-code:N/A:N/A,NameExpr,com.ctrip.framework.apollo.adminservice.controller.ItemSetController,itemSetService,C:\Users\tyin363\Documents\repos\apolloconfig__apollo\apollo-adminservice\src\main\java\com\ctrip\framework\apollo\adminservice\controller\ItemSetController.java,43
JDK:java.base:N/A:N/A,ClassOrInterfaceType,java.lang.String,String,C:\Users\tyin363\Documents\repos\apolloconfig__apollo\apollo-adminservice\src\main\java\com\ctrip\framework\apollo\adminservice\controller\NamespaceController.java,133
JDK:java.base:N/A:N/A,ClassOrInterfaceType,java.lang.String,String,C:\Users\tyin363\Documents\repos\apolloconfig__apollo\apollo-adminservice\src\main\java\com\ctrip\framework\apollo\adminservice\controller\ReleaseController.java,119
CLIENT:client-code:N/A:N/A,NameExpr,com.ctrip.framework.apollo.adminservice.controller.AppNamespaceController,namespaceService,C:\Users\tyin363\Documents\repos\apolloconfig__apollo\apollo-adminservice\src\main\java\com\ctrip\framework\apollo\adminservice\controller\AppNamespaceController.java,91
JDK:java.base:N/A:N/A,MethodCallExpr,java.util.stream.Collectors,toList,C:\Users\tyin363\Documents\repos\apolloconfig__apollo\apollo-adminservice\src\main\java\com\ctrip\framework\apollo\adminservice\controller\InstanceConfigController.java,107
CLIENT:client-code:N/A:N/A,NameExpr,com.ctrip.framework.apollo.adminservice.filter.AdminServiceAuthenticationFilter,accessTokenList,C:\Users\tyin363\Documents\repos\apolloconfig__apollo\apollo-adminservice\src\main\java\com\ctrip\framework\apollo\adminservice\filter\AdminServiceAuthenticationFilter.java,96
JDK:java.base:N/A:N/A,ClassOrInterfaceType,java.lang.String,String,C:\Users\tyin363\Documents\repos\apolloconfig__apollo\apollo-adminservice\src\main\java\com\ctrip\framework\apollo\adminservice\aop\NamespaceUnlockAspect.java,168
CLIENT:client-code:N/A:N/A,NameExpr,com.ctrip.framework.apollo.adminservice.controller.ReleaseController,releaseService,C:\Users\tyin363\Documents\repos\apolloconfig__apollo\apollo-adminservice\src\main\java\com\ctrip\framework\apollo\adminservice\controller\ReleaseController.java,190
javax.servlet:servlet-api:jar:2.5,ClassOrInterfaceType,javax.servlet.ServletException,ServletException,C:\Users\tyin363\Documents\repos\apolloconfig__apollo\apollo-adminservice\src\main\java\com\ctrip\framework\apollo\adminservice\filter\AdminServiceAuthenticationFilter.java,58
JDK:java.base:N/A:N/A,ClassOrInterfaceType,java.lang.String,String,C:\Users\tyin363\Documents\repos\apolloconfig__apollo\apollo-adminservice\src\main\java\com\ctrip\framework\apollo\adminservice\controller\ReleaseController.java,186
JDK:java.base:N/A:N/A,ClassOrInterfaceType,java.lang.String,String,C:\Users\tyin363\Documents\repos\apolloconfig__apollo\apollo-adminservice\src\main\java\com\ctrip\framework\apollo\adminservice\controller\ReleaseController.java,153
JDK:java.base:N/A:N/A,ClassOrInterfaceType,java.lang.String,String,C:\Users\tyin363\Documents\repos\apolloconfig__apollo\apollo-adminservice\src\main\java\com\ctrip\framework\apollo\adminservice\controller\NamespaceController.java,66
CLIENT:client-code:N/A:N/A,NameExpr,com.ctrip.framework.apollo.adminservice.controller.AppController,adminService,C:\Users\tyin363\Documents\repos\apolloconfig__apollo\apollo-adminservice\src\main\java\com\ctrip\framework\apollo\adminservice\controller\AppController.java,60
JDK:java.base:N/A:N/A,ClassOrInterfaceType,java.util.ArrayList,ArrayList,C:\Users\tyin363\Documents\repos\apolloconfig__apollo\apollo-adminservice\src\main\java\com\ctrip\framework\apollo\adminservice\controller\ReleaseHistoryController.java,96
CLIENT:client-code:N/A:N/A,NameExpr,com.ctrip.framework.apollo.adminservice.aop.NamespaceAcquireLockAspect,namespaceService,C:\Users\tyin363\Documents\repos\apolloconfig__apollo\apollo-adminservice\src\main\java\com\ctrip\framework\apollo\adminservice\aop\NamespaceAcquireLockAspect.java,112
CLIENT:client-code:N/A:N/A,NameExpr,com.ctrip.framework.apollo.adminservice.controller.ReleaseController,namespaceBranchService,C:\Users\tyin363\Documents\repos\apolloconfig__apollo\apollo-adminservice\src\main\java\com\ctrip\framework\apollo\adminservice\controller\ReleaseController.java,171
JDK:java.base:N/A:N/A,ClassOrInterfaceType,java.lang.String,String,C:\Users\tyin363\Documents\repos\apolloconfig__apollo\apollo-adminservice\src\main\java\com\ctrip\framework\apollo\adminservice\controller\ReleaseController.java,120
CLIENT:client-code:N/A:N/A,NameExpr,com.ctrip.framework.apollo.adminservice.controller.ItemController,itemService,C:\Users\tyin363\Documents\repos\apolloconfig__apollo\apollo-adminservice\src\main\java\com\ctrip\framework\apollo\adminservice\controller\ItemController.java,85
JDK:java.base:N/A:N/A,ClassOrInterfaceType,java.lang.String,String,C:\Users\tyin363\Documents\repos\apolloconfig__apollo\apollo-adminservice\src\main\java\com\ctrip\framework\apollo\adminservice\controller\ItemController.java,252
com.google.code.gson:gson:jar:2.8.9,ClassOrInterfaceType,com.google.gson.reflect.TypeToken,TypeToken,C:\Users\tyin363\Documents\repos\apolloconfig__apollo\apollo-adminservice\src\main\java\com\ctrip\framework\apollo\adminservice\controller\ReleaseHistoryController.java,46
CLIENT:client-code:N/A:N/A,NameExpr,com.ctrip.framework.apollo.adminservice.controller.AppNamespaceController,appNamespaceService,C:\Users\tyin363\Documents\repos\apolloconfig__apollo\apollo-adminservice\src\main\java\com\ctrip\framework\apollo\adminservice\controller\AppNamespaceController.java,67
CLIENT:client-code:N/A:N/A,NameExpr,com.ctrip.framework.apollo.adminservice.controller.NamespaceBranchController,namespaceBranchService,C:\Users\tyin363\Documents\repos\apolloconfig__apollo\apollo-adminservice\src\main\java\com\ctrip\framework\apollo\adminservice\controller\NamespaceBranchController.java,80
CLIENT:client-code:N/A:N/A,NameExpr,com.ctrip.framework.apollo.adminservice.controller.InstanceConfigController,RELEASES_SPLITTER,C:\Users\tyin363\Documents\repos\apolloconfig__apollo\apollo-adminservice\src\main\java\com\ctrip\framework\apollo\adminservice\controller\InstanceConfigController.java,120
JDK:java.base:N/A:N/A,ClassOrInterfaceType,java.lang.String,String,C:\Users\tyin363\Documents\repos\apolloconfig__apollo\apollo-adminservice\src\main\java\com\ctrip\framework\apollo\adminservice\controller\ItemController.java,186
JDK:java.base:N/A:N/A,ClassOrInterfaceType,java.lang.String,String,C:\Users\tyin363\Documents\repos\apolloconfig__apollo\apollo-adminservice\src\main\java\com\ctrip\framework\apollo\adminservice\aop\NamespaceUnlockAspect.java,101
JDK:java.base:N/A:N/A,ClassOrInterfaceType,java.lang.String,String,C:\Users\tyin363\Documents\repos\apolloconfig__apollo\apollo-adminservice\src\main\java\com\ctrip\framework\apollo\adminservice\aop\NamespaceAcquireLockAspect.java,107
CLIENT:client-code:N/A:N/A,FieldAccessExpr,com.ctrip.framework.apollo.adminservice.aop.NamespaceUnlockAspect,bizConfig,C:\Users\tyin363\Documents\repos\apolloconfig__apollo\apollo-adminservice\src\main\java\com\ctrip\framework\apollo\adminservice\aop\NamespaceUnlockAspect.java,74
JDK:java.base:N/A:N/A,ClassOrInterfaceType,java.lang.String,String,C:\Users\tyin363\Documents\repos\apolloconfig__apollo\apollo-adminservice\src\main\java\com\ctrip\framework\apollo\adminservice\aop\NamespaceAcquireLockAspect.java,74
CLIENT:client-code:N/A:N/A,NameExpr,com.ctrip.framework.apollo.adminservice.aop.NamespaceAcquireLockAspect,bizConfig,C:\Users\tyin363\Documents\repos\apolloconfig__apollo\apollo-adminservice\src\main\java\com\ctrip\framework\apollo\adminservice\aop\NamespaceAcquireLockAspect.java,98
CLIENT:client-code:N/A:N/A,NameExpr,com.ctrip.framework.apollo.adminservice.controller.InstanceConfigController,instanceService,C:\Users\tyin363\Documents\repos\apolloconfig__apollo\apollo-adminservice\src\main\java\com\ctrip\framework\apollo\adminservice\controller\InstanceConfigController.java,132
JDK:java.base:N/A:N/A,ClassOrInterfaceType,java.lang.String,String,C:\Users\tyin363\Documents\repos\apolloconfig__apollo\apollo-adminservice\src\main\java\com\ctrip\framework\apollo\adminservice\controller\AccessKeyController.java,49
JDK:java.base:N/A:N/A,ClassOrInterfaceType,java.lang.String,String,C:\Users\tyin363\Documents\repos\apolloconfig__apollo\apollo-adminservice\src\main\java\com\ctrip\framework\apollo\adminservice\controller\IndexController.java,28
JDK:java.base:N/A:N/A,ClassOrInterfaceType,java.lang.String,String,C:\Users\tyin363\Documents\repos\apolloconfig__apollo\apollo-adminservice\src\main\java\com\ctrip\framework\apollo\adminservice\controller\ReleaseController.java,154
JDK:java.base:N/A:N/A,ClassOrInterfaceType,java.lang.String,String,C:\Users\tyin363\Documents\repos\apolloconfig__apollo\apollo-adminservice\src\main\java\com\ctrip\framework\apollo\adminservice\controller\ClusterController.java,89
JDK:java.base:N/A:N/A,ClassOrInterfaceType,java.lang.String,String,C:\Users\tyin363\Documents\repos\apolloconfig__apollo\apollo-adminservice\src\main\java\com\ctrip\framework\apollo\adminservice\controller\ReleaseController.java,121
JDK:java.base:N/A:N/A,MethodCallExpr,java.util.stream.Collectors,toList,C:\Users\tyin363\Documents\repos\apolloconfig__apollo\apollo-adminservice\src\main\java\com\ctrip\framework\apollo\adminservice\controller\InstanceConfigController.java,171
JDK:java.base:N/A:N/A,ClassOrInterfaceType,java.lang.String,String,C:\Users\tyin363\Documents\repos\apolloconfig__apollo\apollo-adminservice\src\main\java\com\ctrip\framework\apollo\adminservice\controller\InstanceConfigController.java,153
JDK:java.base:N/A:N/A,ClassOrInterfaceType,java.lang.String,String,C:\Users\tyin363\Documents\repos\apolloconfig__apollo\apollo-adminservice\src\main\java\com\ctrip\framework\apollo\adminservice\controller\NamespaceBranchController.java,117
CLIENT:client-code:N/A:N/A,NameExpr,com.ctrip.framework.apollo.adminservice.controller.ItemController,commitService,C:\Users\tyin363\Documents\repos\apolloconfig__apollo\apollo-adminservice\src\main\java\com\ctrip\framework\apollo\adminservice\controller\ItemController.java,93
org.slf4j:slf4j-api:jar:1.7.33,MethodCallExpr,org.slf4j.LoggerFactory,getLogger,C:\Users\tyin363\Documents\repos\apolloconfig__apollo\apollo-adminservice\src\main\java\com\ctrip\framework\apollo\adminservice\filter\AdminServiceAuthenticationFilter.java,38
CLIENT:client-code:N/A:N/A,NameExpr,com.ctrip.framework.apollo.adminservice.aop.NamespaceUnlockAspect,namespaceService,C:\Users\tyin363\Documents\repos\apolloconfig__apollo\apollo-adminservice\src\main\java\com\ctrip\framework\apollo\adminservice\aop\NamespaceUnlockAspect.java,96
CLIENT:client-code:N/A:N/A,NameExpr,com.ctrip.framework.apollo.adminservice.controller.ReleaseController,releaseService,C:\Users\tyin363\Documents\repos\apolloconfig__apollo\apollo-adminservice\src\main\java\com\ctrip\framework\apollo\adminservice\controller\ReleaseController.java,85
JDK:java.base:N/A:N/A,ClassOrInterfaceType,java.lang.String,String,C:\Users\tyin363\Documents\repos\apolloconfig__apollo\apollo-adminservice\src\main\java\com\ctrip\framework\apollo\adminservice\controller\ReleaseController.java,122
JDK:java.base:N/A:N/A,ClassOrInterfaceType,java.lang.String,String,C:\Users\tyin363\Documents\repos\apolloconfig__apollo\apollo-adminservice\src\main\java\com\ctrip\framework\apollo\adminservice\aop\NamespaceUnlockAspect.java,149
com.google.guava:guava:jar:16.0,MethodCallExpr,com.google.common.base.Strings,isNullOrEmpty,C:\Users\tyin363\Documents\repos\apolloconfig__apollo\apollo-adminservice\src\main\java\com\ctrip\framework\apollo\adminservice\controller\InstanceConfigController.java,185
CLIENT:client-code:N/A:N/A,FieldAccessExpr,com.ctrip.framework.apollo.adminservice.controller.NamespaceBranchController,namespaceService,C:\Users\tyin363\Documents\repos\apolloconfig__apollo\apollo-adminservice\src\main\java\com\ctrip\framework\apollo\adminservice\controller\NamespaceBranchController.java,55
JDK:java.base:N/A:N/A,ClassOrInterfaceType,java.lang.String,String,C:\Users\tyin363\Documents\repos\apolloconfig__apollo\apollo-adminservice\src\main\java\com\ctrip\framework\apollo\adminservice\controller\ReleaseController.java,155
CLIENT:client-code:N/A:N/A,NameExpr,com.ctrip.framework.apollo.adminservice.controller.NamespaceController,namespaceService,C:\Users\tyin363\Documents\repos\apolloconfig__apollo\apollo-adminservice\src\main\java\com\ctrip\framework\apollo\adminservice\controller\NamespaceController.java,80
JDK:java.base:N/A:N/A,MethodCallExpr,java.util.Collection,stream,C:\Users\tyin363\Documents\repos\apolloconfig__apollo\apollo-adminservice\src\main\java\com\ctrip\framework\apollo\adminservice\controller\ReleaseController.java,82
CLIENT:client-code:N/A:N/A,NameExpr,com.ctrip.framework.apollo.adminservice.controller.ReleaseController,namespaceService,C:\Users\tyin363\Documents\repos\apolloconfig__apollo\apollo-adminservice\src\main\java\com\ctrip\framework\apollo\adminservice\controller\ReleaseController.java,162
JDK:java.base:N/A:N/A,ClassOrInterfaceType,java.lang.String,String,C:\Users\tyin363\Documents\repos\apolloconfig__apollo\apollo-adminservice\src\main\java\com\ctrip\framework\apollo\adminservice\controller\AppNamespaceController.java,80
CLIENT:client-code:N/A:N/A,FieldAccessExpr,com.ctrip.framework.apollo.adminservice.controller.AppController,appService,C:\Users\tyin363\Documents\repos\apolloconfig__apollo\apollo-adminservice\src\main\java\com\ctrip\framework\apollo\adminservice\controller\AppController.java,48
JDK:java.base:N/A:N/A,ClassOrInterfaceType,java.lang.Long,Long,C:\Users\tyin363\Documents\repos\apolloconfig__apollo\apollo-adminservice\src\main\java\com\ctrip\framework\apollo\adminservice\controller\ReleaseController.java,82
JDK:java.base:N/A:N/A,ClassOrInterfaceType,java.lang.String,String,C:\Users\tyin363\Documents\repos\apolloconfig__apollo\apollo-adminservice\src\main\java\com\ctrip\framework\apollo\adminservice\controller\ReleaseController.java,157
JDK:java.base:N/A:N/A,ClassOrInterfaceType,java.lang.String,String,C:\Users\tyin363\Documents\repos\apolloconfig__apollo\apollo-adminservice\src\main\java\com\ctrip\framework\apollo\adminservice\controller\ReleaseController.java,223
JDK:java.base:N/A:N/A,ClassOrInterfaceType,java.util.Map,Map,C:\Users\tyin363\Documents\repos\apolloconfig__apollo\apollo-adminservice\src\main\java\com\ctrip\framework\apollo\adminservice\aop\NamespaceUnlockAspect.java,149
CLIENT:client-code:N/A:N/A,NameExpr,com.ctrip.framework.apollo.adminservice.controller.ReleaseController,releaseService,C:\Users\tyin363\Documents\repos\apolloconfig__apollo\apollo-adminservice\src\main\java\com\ctrip\framework\apollo\adminservice\controller\ReleaseController.java,218
JDK:java.base:N/A:N/A,MethodCallExpr,java.lang.String,equals,C:\Users\tyin363\Documents\repos\apolloconfig__apollo\apollo-adminservice\src\main\java\com\ctrip\framework\apollo\adminservice\filter\AdminServiceAuthenticationFilter.java,89
CLIENT:client-code:N/A:N/A,NameExpr,com.ctrip.framework.apollo.adminservice.controller.NamespaceBranchController,namespaceService,C:\Users\tyin363\Documents\repos\apolloconfig__apollo\apollo-adminservice\src\main\java\com\ctrip\framework\apollo\adminservice\controller\NamespaceBranchController.java,148
JDK:java.base:N/A:N/A,ClassOrInterfaceType,java.lang.String,String,C:\Users\tyin363\Documents\repos\apolloconfig__apollo\apollo-adminservice\src\main\java\com\ctrip\framework\apollo\adminservice\controller\ReleaseController.java,156
JDK:java.base:N/A:N/A,ClassOrInterfaceType,java.lang.String,String,C:\Users\tyin363\Documents\repos\apolloconfig__apollo\apollo-adminservice\src\main\java\com\ctrip\framework\apollo\adminservice\controller\ReleaseController.java,123
com.google.code.gson:gson:jar:2.8.9,ClassOrInterfaceType,com.google.gson.Gson,Gson,C:\Users\tyin363\Documents\repos\apolloconfig__apollo\apollo-adminservice\src\main\java\com\ctrip\framework\apollo\adminservice\controller\ReleaseHistoryController.java,44
JDK:java.base:N/A:N/A,ClassOrInterfaceType,java.lang.String,String,C:\Users\tyin363\Documents\repos\apolloconfig__apollo\apollo-adminservice\src\main\java\com\ctrip\framework\apollo\adminservice\controller\ClusterController.java,83
JDK:java.base:N/A:N/A,ClassOrInterfaceType,java.lang.String,String,C:\Users\tyin363\Documents\repos\apolloconfig__apollo\apollo-adminservice\src\main\java\com\ctrip\framework\apollo\adminservice\controller\NamespaceBranchController.java,115
CLIENT:client-code:N/A:N/A,NameExpr,com.ctrip.framework.apollo.adminservice.controller.NamespaceLockController,namespaceService,C:\Users\tyin363\Documents\repos\apolloconfig__apollo\apollo-adminservice\src\main\java\com\ctrip\framework\apollo\adminservice\controller\NamespaceLockController.java,50
JDK:java.base:N/A:N/A,MethodReferenceExpr,java.lang.Long,parseLong,C:\Users\tyin363\Documents\repos\apolloconfig__apollo\apollo-adminservice\src\main\java\com\ctrip\framework\apollo\adminservice\controller\InstanceConfigController.java,120
JDK:java.base:N/A:N/A,ClassOrInterfaceType,java.lang.String,String,C:\Users\tyin363\Documents\repos\apolloconfig__apollo\apollo-adminservice\src\main\java\com\ctrip\framework\apollo\adminservice\controller\NamespaceController.java,79
CLIENT:client-code:N/A:N/A,NameExpr,com.ctrip.framework.apollo.adminservice.aop.NamespaceUnlockAspect,bizConfig,C:\Users\tyin363\Documents\repos\apolloconfig__apollo\apollo-adminservice\src\main\java\com\ctrip\framework\apollo\adminservice\aop\NamespaceUnlockAspect.java,110
JDK:java.base:N/A:N/A,ClassOrInterfaceType,java.util.Collection,Collection,C:\Users\tyin363\Documents\repos\apolloconfig__apollo\apollo-adminservice\src\main\java\com\ctrip\framework\apollo\adminservice\controller\ItemController.java,208
org.slf4j:slf4j-api:jar:1.7.33,MethodCallExpr,org.slf4j.Logger,error,C:\Users\tyin363\Documents\repos\apolloconfig__apollo\apollo-adminservice\src\main\java\com\ctrip\framework\apollo\adminservice\aop\NamespaceAcquireLockAspect.java,135
CLIENT:client-code:N/A:N/A,NameExpr,com.ctrip.framework.apollo.adminservice.controller.ClusterController,clusterService,C:\Users\tyin363\Documents\repos\apolloconfig__apollo\apollo-adminservice\src\main\java\com\ctrip\framework\apollo\adminservice\controller\ClusterController.java,69
CLIENT:client-code:N/A:N/A,NameExpr,com.ctrip.framework.apollo.adminservice.controller.AppController,appService,C:\Users\tyin363\Documents\repos\apolloconfig__apollo\apollo-adminservice\src\main\java\com\ctrip\framework\apollo\adminservice\controller\AppController.java,80
CLIENT:client-code:N/A:N/A,NameExpr,com.ctrip.framework.apollo.adminservice.controller.ReleaseController,messageSender,C:\Users\tyin363\Documents\repos\apolloconfig__apollo\apollo-adminservice\src\main\java\com\ctrip\framework\apollo\adminservice\controller\ReleaseController.java,199
JDK:java.base:N/A:N/A,ClassOrInterfaceType,java.lang.String,String,C:\Users\tyin363\Documents\repos\apolloconfig__apollo\apollo-adminservice\src\main\java\com\ctrip\framework\apollo\adminservice\controller\ItemController.java,74
com.google.guava:guava:jar:16.0,MethodCallExpr,com.google.common.base.Strings,isNullOrEmpty,C:\Users\tyin363\Documents\repos\apolloconfig__apollo\apollo-adminservice\src\main\java\com\ctrip\framework\apollo\adminservice\filter\AdminServiceAuthenticationFilter.java,84
CLIENT:client-code:N/A:N/A,MethodCallExpr,com.ctrip.framework.apollo.adminservice.aop.NamespaceAcquireLockAspect,tryLock,C:\Users\tyin363\Documents\repos\apolloconfig__apollo\apollo-adminservice\src\main\java\com\ctrip\framework\apollo\adminservice\aop\NamespaceAcquireLockAspect.java,128
com.google.guava:guava:jar:16.0,MethodCallExpr,com.google.common.collect.HashMultimap,create,C:\Users\tyin363\Documents\repos\apolloconfig__apollo\apollo-adminservice\src\main\java\com\ctrip\framework\apollo\adminservice\controller\InstanceConfigController.java,136
CLIENT:client-code:N/A:N/A,FieldAccessExpr,com.ctrip.framework.apollo.adminservice.aop.NamespaceAcquireLockAspect,namespaceService,C:\Users\tyin363\Documents\repos\apolloconfig__apollo\apollo-adminservice\src\main\java\com\ctrip\framework\apollo\adminservice\aop\NamespaceAcquireLockAspect.java,59
JDK:java.base:N/A:N/A,ClassOrInterfaceType,java.lang.String,String,C:\Users\tyin363\Documents\repos\apolloconfig__apollo\apollo-adminservice\src\main\java\com\ctrip\framework\apollo\adminservice\aop\NamespaceAcquireLockAspect.java,159
JDK:java.base:N/A:N/A,ClassOrInterfaceType,java.lang.String,String,C:\Users\tyin363\Documents\repos\apolloconfig__apollo\apollo-adminservice\src\main\java\com\ctrip\framework\apollo\adminservice\controller\AccessKeyController.java,79
JDK:java.base:N/A:N/A,ClassOrInterfaceType,java.lang.String,String,C:\Users\tyin363\Documents\repos\apolloconfig__apollo\apollo-adminservice\src\main\java\com\ctrip\framework\apollo\adminservice\controller\ReleaseController.java,124
JDK:java.base:N/A:N/A,ClassOrInterfaceType,java.lang.String,String,C:\Users\tyin363\Documents\repos\apolloconfig__apollo\apollo-adminservice\src\main\java\com\ctrip\framework\apollo\adminservice\controller\ReleaseController.java,91
JDK:java.base:N/A:N/A,ClassOrInterfaceType,java.lang.String,String,C:\Users\tyin363\Documents\repos\apolloconfig__apollo\apollo-adminservice\src\main\java\com\ctrip\framework\apollo\adminservice\controller\ReleaseHistoryController.java,46
CLIENT:client-code:N/A:N/A,NameExpr,com.ctrip.framework.apollo.adminservice.controller.ReleaseHistoryController,releaseHistoryService,C:\Users\tyin363\Documents\repos\apolloconfig__apollo\apollo-adminservice\src\main\java\com\ctrip\framework\apollo\adminservice\controller\ReleaseHistoryController.java,84
JDK:java.base:N/A:N/A,ClassOrInterfaceType,java.lang.String,String,C:\Users\tyin363\Documents\repos\apolloconfig__apollo\apollo-adminservice\src\main\java\com\ctrip\framework\apollo\adminservice\aop\NamespaceUnlockAspect.java,147
JDK:java.base:N/A:N/A,ClassOrInterfaceType,java.lang.String,String,C:\Users\tyin363\Documents\repos\apolloconfig__apollo\apollo-adminservice\src\main\java\com\ctrip\framework\apollo\adminservice\controller\AppNamespaceController.java,79
org.springframework.boot:spring-boot:jar:2.7.11,MethodCallExpr,org.springframework.boot.SpringApplication,run,C:\Users\tyin363\Documents\repos\apolloconfig__apollo\apollo-adminservice\src\main\java\com\ctrip\framework\apollo\adminservice\AdminServiceApplication.java,42
JDK:java.base:N/A:N/A,ClassOrInterfaceType,java.lang.String,String,C:\Users\tyin363\Documents\repos\apolloconfig__apollo\apollo-adminservice\src\main\java\com\ctrip\framework\apollo\adminservice\controller\NamespaceBranchController.java,116
CLIENT:client-code:N/A:N/A,NameExpr,com.ctrip.framework.apollo.adminservice.controller.InstanceConfigController,instanceService,C:\Users\tyin363\Documents\repos\apolloconfig__apollo\apollo-adminservice\src\main\java\com\ctrip\framework\apollo\adminservice\controller\InstanceConfigController.java,144
CLIENT:client-code:N/A:N/A,NameExpr,com.ctrip.framework.apollo.adminservice.controller.NamespaceLockController,bizConfig,C:\Users\tyin363\Documents\repos\apolloconfig__apollo\apollo-adminservice\src\main\java\com\ctrip\framework\apollo\adminservice\controller\NamespaceLockController.java,55
JDK:java.base:N/A:N/A,ClassOrInterfaceType,java.lang.String,String,C:\Users\tyin363\Documents\repos\apolloconfig__apollo\apollo-adminservice\src\main\java\com\ctrip\framework\apollo\adminservice\controller\ReleaseController.java,93
JDK:java.base:N/A:N/A,ClassOrInterfaceType,java.lang.String,String,C:\Users\tyin363\Documents\repos\apolloconfig__apollo\apollo-adminservice\src\main\java\com\ctrip\framework\apollo\adminservice\controller\NamespaceController.java,78
CLIENT:client-code:N/A:N/A,NameExpr,com.ctrip.framework.apollo.adminservice.AdminServiceAutoConfiguration,bizConfig,C:\Users\tyin363\Documents\repos\apolloconfig__apollo\apollo-adminservice\src\main\java\com\ctrip\framework\apollo\adminservice\AdminServiceAutoConfiguration.java,38
JDK:java.base:N/A:N/A,ClassOrInterfaceType,java.lang.String,String,C:\Users\tyin363\Documents\repos\apolloconfig__apollo\apollo-adminservice\src\main\java\com\ctrip\framework\apollo\adminservice\controller\ReleaseController.java,159
CLIENT:client-code:N/A:N/A,NameExpr,com.ctrip.framework.apollo.adminservice.controller.InstanceConfigController,releaseService,C:\Users\tyin363\Documents\repos\apolloconfig__apollo\apollo-adminservice\src\main\java\com\ctrip\framework\apollo\adminservice\controller\InstanceConfigController.java,71
,MethodCallExpr,org.springframework.http.ResponseEntity.HeadersBuilder,build,C:\Users\tyin363\Documents\repos\apolloconfig__apollo\apollo-adminservice\src\main\java\com\ctrip\framework\apollo\adminservice\controller\ItemSetController.java,45
CLIENT:client-code:N/A:N/A,NameExpr,com.ctrip.framework.apollo.adminservice.filter.AdminServiceAuthenticationFilter,accessTokenList,C:\Users\tyin363\Documents\repos\apolloconfig__apollo\apollo-adminservice\src\main\java\com\ctrip\framework\apollo\adminservice\filter\AdminServiceAuthenticationFilter.java,91
CLIENT:client-code:N/A:N/A,NameExpr,com.ctrip.framework.apollo.adminservice.controller.AppNamespaceController,appNamespaceService,C:\Users\tyin363\Documents\repos\apolloconfig__apollo\apollo-adminservice\src\main\java\com\ctrip\framework\apollo\adminservice\controller\AppNamespaceController.java,104
JDK:java.base:N/A:N/A,ClassOrInterfaceType,java.lang.String,String,C:\Users\tyin363\Documents\repos\apolloconfig__apollo\apollo-adminservice\src\main\java\com\ctrip\framework\apollo\adminservice\aop\NamespaceUnlockAspect.java,80
CLIENT:client-code:N/A:N/A,NameExpr,com.ctrip.framework.apollo.adminservice.controller.ClusterController,clusterService,C:\Users\tyin363\Documents\repos\apolloconfig__apollo\apollo-adminservice\src\main\java\com\ctrip\framework\apollo\adminservice\controller\ClusterController.java,101
JDK:java.base:N/A:N/A,ClassOrInterfaceType,java.lang.String,String,C:\Users\tyin363\Documents\repos\apolloconfig__apollo\apollo-adminservice\src\main\java\com\ctrip\framework\apollo\adminservice\controller\ItemController.java,75
CLIENT:client-code:N/A:N/A,FieldAccessExpr,com.ctrip.framework.apollo.adminservice.controller.ItemController,namespaceService,C:\Users\tyin363\Documents\repos\apolloconfig__apollo\apollo-adminservice\src\main\java\com\ctrip\framework\apollo\adminservice\controller\ItemController.java,66
JDK:java.base:N/A:N/A,ClassOrInterfaceType,java.lang.String,String,C:\Users\tyin363\Documents\repos\apolloconfig__apollo\apollo-adminservice\src\main\java\com\ctrip\framework\apollo\adminservice\controller\ReleaseController.java,92
com.google.guava:guava:jar:16.0,MethodCallExpr,com.google.common.collect.Maps,newHashMap,C:\Users\tyin363\Documents\repos\apolloconfig__apollo\apollo-adminservice\src\main\java\com\ctrip\framework\apollo\adminservice\aop\NamespaceUnlockAspect.java,149
JDK:java.base:N/A:N/A,ClassOrInterfaceType,java.lang.String,String,C:\Users\tyin363\Documents\repos\apolloconfig__apollo\apollo-adminservice\src\main\java\com\ctrip\framework\apollo\adminservice\controller\InstanceConfigController.java,116
JDK:java.base:N/A:N/A,ClassOrInterfaceType,java.lang.String,String,C:\Users\tyin363\Documents\repos\apolloconfig__apollo\apollo-adminservice\src\main\java\com\ctrip\framework\apollo\adminservice\controller\InstanceConfigController.java,182
JDK:java.base:N/A:N/A,ClassOrInterfaceType,java.lang.String,String,C:\Users\tyin363\Documents\repos\apolloconfig__apollo\apollo-adminservice\src\main\java\com\ctrip\framework\apollo\adminservice\controller\ItemController.java,76
javax.servlet:servlet-api:jar:2.5,ClassOrInterfaceType,javax.servlet.ServletRequest,ServletRequest,C:\Users\tyin363\Documents\repos\apolloconfig__apollo\apollo-adminservice\src\main\java\com\ctrip\framework\apollo\adminservice\filter\AdminServiceAuthenticationFilter.java,57
CLIENT:client-code:N/A:N/A,NameExpr,com.ctrip.framework.apollo.adminservice.aop.NamespaceAcquireLockAspect,logger,C:\Users\tyin363\Documents\repos\apolloconfig__apollo\apollo-adminservice\src\main\java\com\ctrip\framework\apollo\adminservice\aop\NamespaceAcquireLockAspect.java,135
CLIENT:client-code:N/A:N/A,FieldAccessExpr,com.ctrip.framework.apollo.adminservice.controller.AppController,adminService,C:\Users\tyin363\Documents\repos\apolloconfig__apollo\apollo-adminservice\src\main\java\com\ctrip\framework\apollo\adminservice\controller\AppController.java,49
JDK:java.base:N/A:N/A,MethodCallExpr,java.util.List,contains,C:\Users\tyin363\Documents\repos\apolloconfig__apollo\apollo-adminservice\src\main\java\com\ctrip\framework\apollo\adminservice\filter\AdminServiceAuthenticationFilter.java,96
com.google.guava:guava:jar:16.0,MethodCallExpr,com.google.common.collect.Maps,difference,C:\Users\tyin363\Documents\repos\apolloconfig__apollo\apollo-adminservice\src\main\java\com\ctrip\framework\apollo\adminservice\aop\NamespaceUnlockAspect.java,131
JDK:java.base:N/A:N/A,MethodCallExpr,java.util.stream.Stream,map,C:\Users\tyin363\Documents\repos\apolloconfig__apollo\apollo-adminservice\src\main\java\com\ctrip\framework\apollo\adminservice\controller\InstanceConfigController.java,120
JDK:java.base:N/A:N/A,ClassOrInterfaceType,java.lang.String,String,C:\Users\tyin363\Documents\repos\apolloconfig__apollo\apollo-adminservice\src\main\java\com\ctrip\framework\apollo\adminservice\controller\AppController.java,84
JDK:java.base:N/A:N/A,ClassOrInterfaceType,java.lang.String,String,C:\Users\tyin363\Documents\repos\apolloconfig__apollo\apollo-adminservice\src\main\java\com\ctrip\framework\apollo\adminservice\controller\ItemSetController.java,41
CLIENT:client-code:N/A:N/A,NameExpr,com.ctrip.framework.apollo.adminservice.controller.AppController,adminService,C:\Users\tyin363\Documents\repos\apolloconfig__apollo\apollo-adminservice\src\main\java\com\ctrip\framework\apollo\adminservice\controller\AppController.java,71
CLIENT:client-code:N/A:N/A,NameExpr,com.ctrip.framework.apollo.adminservice.controller.ItemController,commitService,C:\Users\tyin363\Documents\repos\apolloconfig__apollo\apollo-adminservice\src\main\java\com\ctrip\framework\apollo\adminservice\controller\ItemController.java,162
org.springframework.boot:spring-boot:jar:2.7.11,MethodCallExpr,org.springframework.boot.web.servlet.FilterRegistrationBean,setFilter,C:\Users\tyin363\Documents\repos\apolloconfig__apollo\apollo-adminservice\src\main\java\com\ctrip\framework\apollo\adminservice\AdminServiceAutoConfiguration.java,38
CLIENT:client-code:N/A:N/A,NameExpr,com.ctrip.framework.apollo.adminservice.controller.AccessKeyController,accessKeyService,C:\Users\tyin363\Documents\repos\apolloconfig__apollo\apollo-adminservice\src\main\java\com\ctrip\framework\apollo\adminservice\controller\AccessKeyController.java,86
JDK:java.base:N/A:N/A,ClassOrInterfaceType,java.util.Set,Set,C:\Users\tyin363\Documents\repos\apolloconfig__apollo\apollo-adminservice\src\main\java\com\ctrip\framework\apollo\adminservice\controller\InstanceConfigController.java,137
CLIENT:client-code:N/A:N/A,NameExpr,com.ctrip.framework.apollo.adminservice.controller.ItemController,itemService,C:\Users\tyin363\Documents\repos\apolloconfig__apollo\apollo-adminservice\src\main\java\com\ctrip\framework\apollo\adminservice\controller\ItemController.java,112
CLIENT:client-code:N/A:N/A,FieldAccessExpr,com.ctrip.framework.apollo.adminservice.controller.ClusterController,clusterService,C:\Users\tyin363\Documents\repos\apolloconfig__apollo\apollo-adminservice\src\main\java\com\ctrip\framework\apollo\adminservice\controller\ClusterController.java,43
JDK:java.base:N/A:N/A,ClassOrInterfaceType,java.lang.String,String,C:\Users\tyin363\Documents\repos\apolloconfig__apollo\apollo-adminservice\src\main\java\com\ctrip\framework\apollo\adminservice\controller\InstanceConfigController.java,117
CLIENT:client-code:N/A:N/A,NameExpr,com.ctrip.framework.apollo.adminservice.controller.ItemController,itemService,C:\Users\tyin363\Documents\repos\apolloconfig__apollo\apollo-adminservice\src\main\java\com\ctrip\framework\apollo\adminservice\controller\ItemController.java,79
javax.servlet:servlet-api:jar:2.5,ClassOrInterfaceType,javax.servlet.FilterConfig,FilterConfig,C:\Users\tyin363\Documents\repos\apolloconfig__apollo\apollo-adminservice\src\main\java\com\ctrip\framework\apollo\adminservice\filter\AdminServiceAuthenticationFilter.java,52
CLIENT:client-code:N/A:N/A,NameExpr,com.ctrip.framework.apollo.adminservice.aop.NamespaceUnlockAspect,itemService,C:\Users\tyin363\Documents\repos\apolloconfig__apollo\apollo-adminservice\src\main\java\com\ctrip\framework\apollo\adminservice\aop\NamespaceUnlockAspect.java,122
JDK:java.base:N/A:N/A,MethodCallExpr,java.util.stream.Collectors,toSet,C:\Users\tyin363\Documents\repos\apolloconfig__apollo\apollo-adminservice\src\main\java\com\ctrip\framework\apollo\adminservice\controller\InstanceConfigController.java,129
CLIENT:client-code:N/A:N/A,NameExpr,com.ctrip.framework.apollo.adminservice.controller.ReleaseController,namespaceService,C:\Users\tyin363\Documents\repos\apolloconfig__apollo\apollo-adminservice\src\main\java\com\ctrip\framework\apollo\adminservice\controller\ReleaseController.java,133
JDK:java.base:N/A:N/A,ClassOrInterfaceType,java.lang.String,String,C:\Users\tyin363\Documents\repos\apolloconfig__apollo\apollo-adminservice\src\main\java\com\ctrip\framework\apollo\adminservice\filter\AdminServiceAuthenticationFilter.java,45
CLIENT:client-code:N/A:N/A,NameExpr,com.ctrip.framework.apollo.adminservice.aop.NamespaceUnlockAspect,releaseService,C:\Users\tyin363\Documents\repos\apolloconfig__apollo\apollo-adminservice\src\main\java\com\ctrip\framework\apollo\adminservice\aop\NamespaceUnlockAspect.java,121
com.google.guava:guava:jar:16.0,MethodCallExpr,com.google.common.base.Strings,isNullOrEmpty,C:\Users\tyin363\Documents\repos\apolloconfig__apollo\apollo-adminservice\src\main\java\com\ctrip\framework\apollo\adminservice\filter\AdminServiceAuthenticationFilter.java,79
JDK:java.base:N/A:N/A,ClassOrInterfaceType,java.lang.String,String,C:\Users\tyin363\Documents\repos\apolloconfig__apollo\apollo-adminservice\src\main\java\com\ctrip\framework\apollo\adminservice\aop\NamespaceAcquireLockAspect.java,96
CLIENT:client-code:N/A:N/A,NameExpr,com.ctrip.framework.apollo.adminservice.controller.NamespaceBranchController,messageSender,C:\Users\tyin363\Documents\repos\apolloconfig__apollo\apollo-adminservice\src\main\java\com\ctrip\framework\apollo\adminservice\controller\NamespaceBranchController.java,109
JDK:java.base:N/A:N/A,ClassOrInterfaceType,java.lang.String,String,C:\Users\tyin363\Documents\repos\apolloconfig__apollo\apollo-adminservice\src\main\java\com\ctrip\framework\apollo\adminservice\controller\ItemSetController.java,40
JDK:java.base:N/A:N/A,ClassOrInterfaceType,java.util.Set,Set,C:\Users\tyin363\Documents\repos\apolloconfig__apollo\apollo-adminservice\src\main\java\com\ctrip\framework\apollo\adminservice\controller\ReleaseController.java,82
JDK:java.base:N/A:N/A,ClassOrInterfaceType,java.lang.String,String,C:\Users\tyin363\Documents\repos\apolloconfig__apollo\apollo-adminservice\src\main\java\com\ctrip\framework\apollo\adminservice\controller\NamespaceController.java,108
com.google.guava:guava:jar:16.0,MethodCallExpr,com.google.common.base.Splitter,splitToList,C:\Users\tyin363\Documents\repos\apolloconfig__apollo\apollo-adminservice\src\main\java\com\ctrip\framework\apollo\adminservice\controller\ReleaseController.java,82
JDK:java.base:N/A:N/A,ClassOrInterfaceType,java.lang.Long,Long,C:\Users\tyin363\Documents\repos\apolloconfig__apollo\apollo-adminservice\src\main\java\com\ctrip\framework\apollo\adminservice\controller\NamespaceController.java,85
JDK:java.base:N/A:N/A,ClassOrInterfaceType,java.lang.String,String,C:\Users\tyin363\Documents\repos\apolloconfig__apollo\apollo-adminservice\src\main\java\com\ctrip\framework\apollo\adminservice\controller\ReleaseController.java,195
CLIENT:client-code:N/A:N/A,NameExpr,com.ctrip.framework.apollo.adminservice.controller.ItemController,itemService,C:\Users\tyin363\Documents\repos\apolloconfig__apollo\apollo-adminservice\src\main\java\com\ctrip\framework\apollo\adminservice\controller\ItemController.java,175
JDK:java.base:N/A:N/A,ClassOrInterfaceType,java.lang.String,String,C:\Users\tyin363\Documents\repos\apolloconfig__apollo\apollo-adminservice\src\main\java\com\ctrip\framework\apollo\adminservice\controller\NamespaceLockController.java,49
JDK:java.base:N/A:N/A,ClassOrInterfaceType,java.lang.String,String,C:\Users\tyin363\Documents\repos\apolloconfig__apollo\apollo-adminservice\src\main\java\com\ctrip\framework\apollo\adminservice\controller\InstanceConfigController.java,118
com.google.guava:guava:jar:16.0,MethodCallExpr,com.google.common.base.Splitter,omitEmptyStrings,C:\Users\tyin363\Documents\repos\apolloconfig__apollo\apollo-adminservice\src\main\java\com\ctrip\framework\apollo\adminservice\filter\AdminServiceAuthenticationFilter.java,40
CLIENT:client-code:N/A:N/A,NameExpr,com.ctrip.framework.apollo.adminservice.controller.InstanceConfigController,instanceService,C:\Users\tyin363\Documents\repos\apolloconfig__apollo\apollo-adminservice\src\main\java\com\ctrip\framework\apollo\adminservice\controller\InstanceConfigController.java,75
JDK:java.base:N/A:N/A,MethodCallExpr,java.util.stream.Stream,collect,C:\Users\tyin363\Documents\repos\apolloconfig__apollo\apollo-adminservice\src\main\java\com\ctrip\framework\apollo\adminservice\controller\ReleaseController.java,82
CLIENT:client-code:N/A:N/A,NameExpr,com.ctrip.framework.apollo.adminservice.controller.NamespaceController,namespaceService,C:\Users\tyin363\Documents\repos\apolloconfig__apollo\apollo-adminservice\src\main\java\com\ctrip\framework\apollo\adminservice\controller\NamespaceController.java,86
JDK:java.base:N/A:N/A,ClassOrInterfaceType,java.lang.String,String,C:\Users\tyin363\Documents\repos\apolloconfig__apollo\apollo-adminservice\src\main\java\com\ctrip\framework\apollo\adminservice\controller\ClusterController.java,47
JDK:java.base:N/A:N/A,ClassOrInterfaceType,java.lang.String,String,C:\Users\tyin363\Documents\repos\apolloconfig__apollo\apollo-adminservice\src\main\java\com\ctrip\framework\apollo\adminservice\aop\NamespaceAcquireLockAspect.java,97
JDK:java.base:N/A:N/A,ClassOrInterfaceType,java.lang.String,String,C:\Users\tyin363\Documents\repos\apolloconfig__apollo\apollo-adminservice\src\main\java\com\ctrip\framework\apollo\adminservice\controller\InstanceConfigController.java,119
JDK:java.base:N/A:N/A,ClassOrInterfaceType,java.lang.String,String,C:\Users\tyin363\Documents\repos\apolloconfig__apollo\apollo-adminservice\src\main\java\com\ctrip\framework\apollo\adminservice\controller\NamespaceController.java,107
JDK:java.base:N/A:N/A,ClassOrInterfaceType,java.lang.String,String,C:\Users\tyin363\Documents\repos\apolloconfig__apollo\apollo-adminservice\src\main\java\com\ctrip\framework\apollo\adminservice\controller\ReleaseController.java,196
CLIENT:client-code:N/A:N/A,MethodCallExpr,com.ctrip.framework.apollo.adminservice.controller.NamespaceBranchController,checkBranch,C:\Users\tyin363\Documents\repos\apolloconfig__apollo\apollo-adminservice\src\main\java\com\ctrip\framework\apollo\adminservice\controller\NamespaceBranchController.java,78
org.slf4j:slf4j-api:jar:1.7.33,MethodCallExpr,org.slf4j.Logger,warn,C:\Users\tyin363\Documents\repos\apolloconfig__apollo\apollo-adminservice\src\main\java\com\ctrip\framework\apollo\adminservice\filter\AdminServiceAuthenticationFilter.java,66
JDK:java.base:N/A:N/A,ClassOrInterfaceType,java.lang.String,String,C:\Users\tyin363\Documents\repos\apolloconfig__apollo\apollo-adminservice\src\main\java\com\ctrip\framework\apollo\adminservice\controller\NamespaceLockController.java,48
javax.servlet:servlet-api:jar:2.5,MethodCallExpr,javax.servlet.http.HttpServletRequest,getHeader,C:\Users\tyin363\Documents\repos\apolloconfig__apollo\apollo-adminservice\src\main\java\com\ctrip\framework\apollo\adminservice\filter\AdminServiceAuthenticationFilter.java,63
CLIENT:client-code:N/A:N/A,NameExpr,com.ctrip.framework.apollo.adminservice.controller.AccessKeyController,accessKeyService,C:\Users\tyin363\Documents\repos\apolloconfig__apollo\apollo-adminservice\src\main\java\com\ctrip\framework\apollo\adminservice\controller\AccessKeyController.java,51
CLIENT:client-code:N/A:N/A,NameExpr,com.ctrip.framework.apollo.adminservice.controller.NamespaceBranchController,namespaceBranchService,C:\Users\tyin363\Documents\repos\apolloconfig__apollo\apollo-adminservice\src\main\java\com\ctrip\framework\apollo\adminservice\controller\NamespaceBranchController.java,121
javax.servlet:servlet-api:jar:2.5,FieldAccessExpr,javax.servlet.http.HttpServletResponse,SC_UNAUTHORIZED,C:\Users\tyin363\Documents\repos\apolloconfig__apollo\apollo-adminservice\src\main\java\com\ctrip\framework\apollo\adminservice\filter\AdminServiceAuthenticationFilter.java,67
JDK:java.base:N/A:N/A,ClassOrInterfaceType,java.util.Map,Map,C:\Users\tyin363\Documents\repos\apolloconfig__apollo\apollo-adminservice\src\main\java\com\ctrip\framework\apollo\adminservice\aop\NamespaceUnlockAspect.java,147
CLIENT:client-code:N/A:N/A,NameExpr,com.ctrip.framework.apollo.adminservice.controller.NamespaceController,namespaceService,C:\Users\tyin363\Documents\repos\apolloconfig__apollo\apollo-adminservice\src\main\java\com\ctrip\framework\apollo\adminservice\controller\NamespaceController.java,120
CLIENT:client-code:N/A:N/A,FieldAccessExpr,com.ctrip.framework.apollo.adminservice.aop.NamespaceUnlockAspect,namespaceLockService,C:\Users\tyin363\Documents\repos\apolloconfig__apollo\apollo-adminservice\src\main\java\com\ctrip\framework\apollo\adminservice\aop\NamespaceUnlockAspect.java,70
JDK:java.base:N/A:N/A,ClassOrInterfaceType,java.lang.String,String,C:\Users\tyin363\Documents\repos\apolloconfig__apollo\apollo-adminservice\src\main\java\com\ctrip\framework\apollo\adminservice\controller\ItemController.java,244
JDK:java.base:N/A:N/A,ClassOrInterfaceType,java.util.Map,Map,C:\Users\tyin363\Documents\repos\apolloconfig__apollo\apollo-adminservice\src\main\java\com\ctrip\framework\apollo\adminservice\controller\ReleaseHistoryController.java,46
CLIENT:client-code:N/A:N/A,MethodCallExpr,com.ctrip.framework.apollo.adminservice.controller.NamespaceBranchController,checkNamespace,C:\Users\tyin363\Documents\repos\apolloconfig__apollo\apollo-adminservice\src\main\java\com\ctrip\framework\apollo\adminservice\controller\NamespaceBranchController.java,133
CLIENT:client-code:N/A:N/A,FieldAccessExpr,com.ctrip.framework.apollo.adminservice.controller.NamespaceBranchController,messageSender,C:\Users\tyin363\Documents\repos\apolloconfig__apollo\apollo-adminservice\src\main\java\com\ctrip\framework\apollo\adminservice\controller\NamespaceBranchController.java,53
CLIENT:client-code:N/A:N/A,NameExpr,com.ctrip.framework.apollo.adminservice.controller.ItemController,commitService,C:\Users\tyin363\Documents\repos\apolloconfig__apollo\apollo-adminservice\src\main\java\com\ctrip\framework\apollo\adminservice\controller\ItemController.java,200
JDK:java.base:N/A:N/A,ObjectCreationExpr,java.lang.String,String,C:\Users\tyin363\Documents\repos\apolloconfig__apollo\apollo-adminservice\src\main\java\com\ctrip\framework\apollo\adminservice\controller\ItemController.java,248
CLIENT:client-code:N/A:N/A,NameExpr,com.ctrip.framework.apollo.adminservice.controller.ReleaseHistoryController,releaseHistoryService,C:\Users\tyin363\Documents\repos\apolloconfig__apollo\apollo-adminservice\src\main\java\com\ctrip\framework\apollo\adminservice\controller\ReleaseHistoryController.java,73
JDK:java.base:N/A:N/A,ClassOrInterfaceType,java.lang.String,String,C:\Users\tyin363\Documents\repos\apolloconfig__apollo\apollo-adminservice\src\main\java\com\ctrip\framework\apollo\adminservice\controller\AppNamespaceController.java,89
JDK:java.base:N/A:N/A,ClassOrInterfaceType,java.lang.Long,Long,C:\Users\tyin363\Documents\repos\apolloconfig__apollo\apollo-adminservice\src\main\java\com\ctrip\framework\apollo\adminservice\controller\InstanceConfigController.java,89
JDK:java.base:N/A:N/A,ClassOrInterfaceType,java.lang.String,String,C:\Users\tyin363\Documents\repos\apolloconfig__apollo\apollo-adminservice\src\main\java\com\ctrip\framework\apollo\adminservice\controller\ItemController.java,195
CLIENT:client-code:N/A:N/A,NameExpr,com.ctrip.framework.apollo.adminservice.controller.NamespaceBranchController,namespaceService,C:\Users\tyin363\Documents\repos\apolloconfig__apollo\apollo-adminservice\src\main\java\com\ctrip\framework\apollo\adminservice\controller\NamespaceBranchController.java,158
JDK:java.base:N/A:N/A,ClassOrInterfaceType,java.lang.String,String,C:\Users\tyin363\Documents\repos\apolloconfig__apollo\apollo-adminservice\src\main\java\com\ctrip\framework\apollo\adminservice\controller\ReleaseController.java,197
JDK:java.base:N/A:N/A,ClassOrInterfaceType,java.lang.String,String,C:\Users\tyin363\Documents\repos\apolloconfig__apollo\apollo-adminservice\src\main\java\com\ctrip\framework\apollo\adminservice\controller\ItemController.java,129
org.springframework.boot:spring-boot:jar:2.7.11,MethodCallExpr,org.springframework.boot.web.servlet.AbstractFilterRegistrationBean,addUrlPatterns,C:\Users\tyin363\Documents\repos\apolloconfig__apollo\apollo-adminservice\src\main\java\com\ctrip\framework\apollo\adminservice\AdminServiceAutoConfiguration.java,40
CLIENT:client-code:N/A:N/A,NameExpr,com.ctrip.framework.apollo.adminservice.controller.InstanceConfigController,instanceService,C:\Users\tyin363\Documents\repos\apolloconfig__apollo\apollo-adminservice\src\main\java\com\ctrip\framework\apollo\adminservice\controller\InstanceConfigController.java,189
org.springframework.boot:spring-boot:jar:2.7.11,ClassOrInterfaceType,org.springframework.boot.web.servlet.support.SpringBootServletInitializer,SpringBootServletInitializer,C:\Users\tyin363\Documents\repos\apolloconfig__apollo\apollo-adminservice\src\main\java\com\ctrip\framework\apollo\adminservice\ServletInitializer.java,27
CLIENT:client-code:N/A:N/A,NameExpr,com.ctrip.framework.apollo.adminservice.controller.AccessKeyController,accessKeyService,C:\Users\tyin363\Documents\repos\apolloconfig__apollo\apollo-adminservice\src\main\java\com\ctrip\framework\apollo\adminservice\controller\AccessKeyController.java,57
org.springframework.boot:spring-boot-actuator:jar:2.6.11,ClassOrInterfaceType,org.springframework.boot.actuate.health.HealthIndicator,HealthIndicator,C:\Users\tyin363\Documents\repos\apolloconfig__apollo\apollo-adminservice\src\main\java\com\ctrip\framework\apollo\adminservice\AdminServiceHealthIndicator.java,26
org.springframework.boot:spring-boot:jar:2.7.11,MethodCallExpr,org.springframework.boot.web.servlet.AbstractFilterRegistrationBean,addUrlPatterns,C:\Users\tyin363\Documents\repos\apolloconfig__apollo\apollo-adminservice\src\main\java\com\ctrip\framework\apollo\adminservice\AdminServiceAutoConfiguration.java,41
CLIENT:client-code:N/A:N/A,FieldAccessExpr,com.ctrip.framework.apollo.adminservice.controller.AppNamespaceController,appNamespaceService,C:\Users\tyin363\Documents\repos\apolloconfig__apollo\apollo-adminservice\src\main\java\com\ctrip\framework\apollo\adminservice\controller\AppNamespaceController.java,49
JDK:java.base:N/A:N/A,ClassOrInterfaceType,java.lang.String,String,C:\Users\tyin363\Documents\repos\apolloconfig__apollo\apollo-adminservice\src\main\java\com\ctrip\framework\apollo\adminservice\controller\CommitController.java,44
JDK:java.base:N/A:N/A,ClassOrInterfaceType,java.lang.String,String,C:\Users\tyin363\Documents\repos\apolloconfig__apollo\apollo-adminservice\src\main\java\com\ctrip\framework\apollo\adminservice\controller\InstanceConfigController.java,129
CLIENT:client-code:N/A:N/A,NameExpr,com.ctrip.framework.apollo.adminservice.controller.ReleaseController,messageSender,C:\Users\tyin363\Documents\repos\apolloconfig__apollo\apollo-adminservice\src\main\java\com\ctrip\framework\apollo\adminservice\controller\ReleaseController.java,175
JDK:java.base:N/A:N/A,ClassOrInterfaceType,java.lang.String,String,C:\Users\tyin363\Documents\repos\apolloconfig__apollo\apollo-adminservice\src\main\java\com\ctrip\framework\apollo\adminservice\controller\ItemController.java,130
JDK:java.base:N/A:N/A,ClassOrInterfaceType,java.lang.reflect.Type,Type,C:\Users\tyin363\Documents\repos\apolloconfig__apollo\apollo-adminservice\src\main\java\com\ctrip\framework\apollo\adminservice\controller\ReleaseHistoryController.java,46
JDK:java.base:N/A:N/A,ClassOrInterfaceType,java.lang.String,String,C:\Users\tyin363\Documents\repos\apolloconfig__apollo\apollo-adminservice\src\main\java\com\ctrip\framework\apollo\adminservice\controller\NamespaceBranchController.java,60
javax.servlet:servlet-api:jar:2.5,ClassOrInterfaceType,javax.servlet.FilterChain,FilterChain,C:\Users\tyin363\Documents\repos\apolloconfig__apollo\apollo-adminservice\src\main\java\com\ctrip\framework\apollo\adminservice\filter\AdminServiceAuthenticationFilter.java,57
org.slf4j:slf4j-api:jar:1.7.33,ClassOrInterfaceType,org.slf4j.Logger,Logger,C:\Users\tyin363\Documents\repos\apolloconfig__apollo\apollo-adminservice\src\main\java\com\ctrip\framework\apollo\adminservice\aop\NamespaceAcquireLockAspect.java,46
com.google.guava:guava:jar:16.0,ClassOrInterfaceType,com.google.common.base.Splitter,Splitter,C:\Users\tyin363\Documents\repos\apolloconfig__apollo\apollo-adminservice\src\main\java\com\ctrip\framework\apollo\adminservice\filter\AdminServiceAuthenticationFilter.java,40
JDK:java.base:N/A:N/A,ClassOrInterfaceType,java.lang.Object,Object,C:\Users\tyin363\Documents\repos\apolloconfig__apollo\apollo-adminservice\src\main\java\com\ctrip\framework\apollo\adminservice\controller\ReleaseHistoryController.java,46
CLIENT:client-code:N/A:N/A,FieldAccessExpr,com.ctrip.framework.apollo.adminservice.filter.AdminServiceAuthenticationFilter,bizConfig,C:\Users\tyin363\Documents\repos\apolloconfig__apollo\apollo-adminservice\src\main\java\com\ctrip\framework\apollo\adminservice\filter\AdminServiceAuthenticationFilter.java,48
JDK:java.base:N/A:N/A,ClassOrInterfaceType,java.lang.String,String,C:\Users\tyin363\Documents\repos\apolloconfig__apollo\apollo-adminservice\src\main\java\com\ctrip\framework\apollo\adminservice\aop\NamespaceAcquireLockAspect.java,118
com.google.guava:guava:jar:16.0,MethodCallExpr,com.google.common.base.Splitter,omitEmptyStrings,C:\Users\tyin363\Documents\repos\apolloconfig__apollo\apollo-adminservice\src\main\java\com\ctrip\framework\apollo\adminservice\controller\ReleaseController.java,51
JDK:java.base:N/A:N/A,ClassOrInterfaceType,java.lang.Exception,Exception,C:\Users\tyin363\Documents\repos\apolloconfig__apollo\apollo-adminservice\src\main\java\com\ctrip\framework\apollo\adminservice\AdminServiceAssemblyConfiguration.java,34
CLIENT:client-code:N/A:N/A,NameExpr,com.ctrip.framework.apollo.adminservice.controller.NamespaceController,namespaceService,C:\Users\tyin363\Documents\repos\apolloconfig__apollo\apollo-adminservice\src\main\java\com\ctrip\framework\apollo\adminservice\controller\NamespaceController.java,74
com.google.code.gson:gson:jar:2.8.9,ObjectCreationExpr,com.google.gson.reflect.TypeToken,TypeToken,C:\Users\tyin363\Documents\repos\apolloconfig__apollo\apollo-adminservice\src\main\java\com\ctrip\framework\apollo\adminservice\controller\ReleaseHistoryController.java,46
org.springframework.boot:spring-boot:jar:2.7.11,MethodCallExpr,org.springframework.boot.web.servlet.AbstractFilterRegistrationBean,addUrlPatterns,C:\Users\tyin363\Documents\repos\apolloconfig__apollo\apollo-adminservice\src\main\java\com\ctrip\framework\apollo\adminservice\AdminServiceAutoConfiguration.java,42
JDK:java.base:N/A:N/A,ClassOrInterfaceType,java.lang.String,String,C:\Users\tyin363\Documents\repos\apolloconfig__apollo\apollo-adminservice\src\main\java\com\ctrip\framework\apollo\adminservice\controller\ItemController.java,131
CLIENT:client-code:N/A:N/A,MethodCallExpr,com.ctrip.framework.apollo.adminservice.controller.NamespaceBranchController,checkNamespace,C:\Users\tyin363\Documents\repos\apolloconfig__apollo\apollo-adminservice\src\main\java\com\ctrip\framework\apollo\adminservice\controller\NamespaceBranchController.java,145
JDK:java.base:N/A:N/A,ClassOrInterfaceType,java.lang.Long,Long,C:\Users\tyin363\Documents\repos\apolloconfig__apollo\apollo-adminservice\src\main\java\com\ctrip\framework\apollo\adminservice\controller\InstanceConfigController.java,120
CLIENT:client-code:N/A:N/A,NameExpr,com.ctrip.framework.apollo.adminservice.controller.ItemController,itemService,C:\Users\tyin363\Documents\repos\apolloconfig__apollo\apollo-adminservice\src\main\java\com\ctrip\framework\apollo\adminservice\controller\ItemController.java,171
JDK:java.base:N/A:N/A,ClassOrInterfaceType,java.lang.String,String,C:\Users\tyin363\Documents\repos\apolloconfig__apollo\apollo-adminservice\src\main\java\com\ctrip\framework\apollo\adminservice\controller\CommitController.java,43
com.google.guava:guava:jar:16.0,ClassOrInterfaceType,com.google.common.base.Splitter,Splitter,C:\Users\tyin363\Documents\repos\apolloconfig__apollo\apollo-adminservice\src\main\java\com\ctrip\framework\apollo\adminservice\controller\ReleaseController.java,51
CLIENT:client-code:N/A:N/A,MethodCallExpr,com.ctrip.framework.apollo.adminservice.AdminServiceHealthIndicator,check,C:\Users\tyin363\Documents\repos\apolloconfig__apollo\apollo-adminservice\src\main\java\com\ctrip\framework\apollo\adminservice\AdminServiceHealthIndicator.java,36
CLIENT:client-code:N/A:N/A,NameExpr,com.ctrip.framework.apollo.adminservice.aop.NamespaceUnlockAspect,namespaceService,C:\Users\tyin363\Documents\repos\apolloconfig__apollo\apollo-adminservice\src\main\java\com\ctrip\framework\apollo\adminservice\aop\NamespaceUnlockAspect.java,106
CLIENT:client-code:N/A:N/A,NameExpr,com.ctrip.framework.apollo.adminservice.aop.NamespaceUnlockAspect,namespaceLockService,C:\Users\tyin363\Documents\repos\apolloconfig__apollo\apollo-adminservice\src\main\java\com\ctrip\framework\apollo\adminservice\aop\NamespaceUnlockAspect.java,115
CLIENT:client-code:N/A:N/A,NameExpr,com.ctrip.framework.apollo.adminservice.controller.ItemController,commitService,C:\Users\tyin363\Documents\repos\apolloconfig__apollo\apollo-adminservice\src\main\java\com\ctrip\framework\apollo\adminservice\controller\ItemController.java,202
CLIENT:client-code:N/A:N/A,FieldAccessExpr,com.ctrip.framework.apollo.adminservice.controller.NamespaceLockController,namespaceLockService,C:\Users\tyin363\Documents\repos\apolloconfig__apollo\apollo-adminservice\src\main\java\com\ctrip\framework\apollo\adminservice\controller\NamespaceLockController.java,42
org.springframework.boot:spring-boot:jar:2.7.11,MethodCallExpr,org.springframework.boot.web.servlet.AbstractFilterRegistrationBean,addUrlPatterns,C:\Users\tyin363\Documents\repos\apolloconfig__apollo\apollo-adminservice\src\main\java\com\ctrip\framework\apollo\adminservice\AdminServiceAutoConfiguration.java,43
CLIENT:client-code:N/A:N/A,NameExpr,com.ctrip.framework.apollo.adminservice.controller.ReleaseController,namespaceService,C:\Users\tyin363\Documents\repos\apolloconfig__apollo\apollo-adminservice\src\main\java\com\ctrip\framework\apollo\adminservice\controller\ReleaseController.java,222
org.springframework:spring-web:jar:5.3.22,FieldAccessExpr,org.springframework.http.HttpHeaders,AUTHORIZATION,C:\Users\tyin363\Documents\repos\apolloconfig__apollo\apollo-adminservice\src\main\java\com\ctrip\framework\apollo\adminservice\filter\AdminServiceAuthenticationFilter.java,63
com.google.guava:guava:jar:16.0,MethodCallExpr,com.google.common.base.Splitter,on,C:\Users\tyin363\Documents\repos\apolloconfig__apollo\apollo-adminservice\src\main\java\com\ctrip\framework\apollo\adminservice\controller\ReleaseController.java,51
JDK:java.base:N/A:N/A,ClassOrInterfaceType,java.lang.String,String,C:\Users\tyin363\Documents\repos\apolloconfig__apollo\apollo-adminservice\src\main\java\com\ctrip\framework\apollo\adminservice\controller\ReleaseController.java,134
CLIENT:client-code:N/A:N/A,NameExpr,com.ctrip.framework.apollo.adminservice.controller.ReleaseController,messageSender,C:\Users\tyin363\Documents\repos\apolloconfig__apollo\apollo-adminservice\src\main\java\com\ctrip\framework\apollo\adminservice\controller\ReleaseController.java,140
JDK:java.base:N/A:N/A,ClassOrInterfaceType,java.lang.String,String,C:\Users\tyin363\Documents\repos\apolloconfig__apollo\apollo-adminservice\src\main\java\com\ctrip\framework\apollo\adminservice\controller\NamespaceController.java,119
JDK:java.base:N/A:N/A,ClassOrInterfaceType,java.lang.String,String,C:\Users\tyin363\Documents\repos\apolloconfig__apollo\apollo-adminservice\src\main\java\com\ctrip\framework\apollo\adminservice\controller\ReleaseController.java,101
JDK:java.base:N/A:N/A,MethodCallExpr,java.util.Collections,emptyList,C:\Users\tyin363\Documents\repos\apolloconfig__apollo\apollo-adminservice\src\main\java\com\ctrip\framework\apollo\adminservice\controller\InstanceConfigController.java,147
CLIENT:client-code:N/A:N/A,MethodCallExpr,com.ctrip.framework.apollo.adminservice.filter.AdminServiceAuthenticationFilter,checkAccessToken,C:\Users\tyin363\Documents\repos\apolloconfig__apollo\apollo-adminservice\src\main\java\com\ctrip\framework\apollo\adminservice\filter\AdminServiceAuthenticationFilter.java,65
CLIENT:client-code:N/A:N/A,NameExpr,com.ctrip.framework.apollo.adminservice.aop.NamespaceUnlockAspect,releaseService,C:\Users\tyin363\Documents\repos\apolloconfig__apollo\apollo-adminservice\src\main\java\com\ctrip\framework\apollo\adminservice\aop\NamespaceUnlockAspect.java,156
CLIENT:client-code:N/A:N/A,NameExpr,com.ctrip.framework.apollo.adminservice.controller.AppController,appService,C:\Users\tyin363\Documents\repos\apolloconfig__apollo\apollo-adminservice\src\main\java\com\ctrip\framework\apollo\adminservice\controller\AppController.java,106
CLIENT:client-code:N/A:N/A,NameExpr,com.ctrip.framework.apollo.adminservice.controller.ReleaseController,releaseService,C:\Users\tyin363\Documents\repos\apolloconfig__apollo\apollo-adminservice\src\main\java\com\ctrip\framework\apollo\adminservice\controller\ReleaseController.java,113
JDK:java.base:N/A:N/A,ClassOrInterfaceType,java.lang.String,String,C:\Users\tyin363\Documents\repos\apolloconfig__apollo\apollo-adminservice\src\main\java\com\ctrip\framework\apollo\adminservice\controller\InstanceConfigController.java,198
CLIENT:client-code:N/A:N/A,NameExpr,com.ctrip.framework.apollo.adminservice.controller.InstanceConfigController,instanceService,C:\Users\tyin363\Documents\repos\apolloconfig__apollo\apollo-adminservice\src\main\java\com\ctrip\framework\apollo\adminservice\controller\InstanceConfigController.java,186
JDK:java.base:N/A:N/A,MethodCallExpr,java.util.stream.Collectors,toSet,C:\Users\tyin363\Documents\repos\apolloconfig__apollo\apollo-adminservice\src\main\java\com\ctrip\framework\apollo\adminservice\controller\ReleaseController.java,83
JDK:java.base:N/A:N/A,ClassOrInterfaceType,java.lang.String,String,C:\Users\tyin363\Documents\repos\apolloconfig__apollo\apollo-adminservice\src\main\java\com\ctrip\framework\apollo\adminservice\controller\NamespaceBranchController.java,157
JDK:java.base:N/A:N/A,ClassOrInterfaceType,java.util.Set,Set,C:\Users\tyin363\Documents\repos\apolloconfig__apollo\apollo-adminservice\src\main\java\com\ctrip\framework\apollo\adminservice\controller\ReleaseController.java,212
CLIENT:client-code:N/A:N/A,FieldAccessExpr,com.ctrip.framework.apollo.adminservice.AdminServiceAutoConfiguration,bizConfig,C:\Users\tyin363\Documents\repos\apolloconfig__apollo\apollo-adminservice\src\main\java\com\ctrip\framework\apollo\adminservice\AdminServiceAutoConfiguration.java,31
CLIENT:client-code:N/A:N/A,FieldAccessExpr,com.ctrip.framework.apollo.adminservice.controller.NamespaceLockController,bizConfig,C:\Users\tyin363\Documents\repos\apolloconfig__apollo\apollo-adminservice\src\main\java\com\ctrip\framework\apollo\adminservice\controller\NamespaceLockController.java,44
org.springframework.boot:spring-boot-actuator:jar:2.6.11,MethodCallExpr,org.springframework.boot.actuate.health.Health,up,C:\Users\tyin363\Documents\repos\apolloconfig__apollo\apollo-adminservice\src\main\java\com\ctrip\framework\apollo\adminservice\AdminServiceHealthIndicator.java,37
JDK:java.base:N/A:N/A,ClassOrInterfaceType,java.lang.String,String,C:\Users\tyin363\Documents\repos\apolloconfig__apollo\apollo-adminservice\src\main\java\com\ctrip\framework\apollo\adminservice\controller\AccessKeyController.java,68
org.springframework.boot:spring-boot:jar:2.7.11,MethodCallExpr,org.springframework.boot.web.servlet.AbstractFilterRegistrationBean,addUrlPatterns,C:\Users\tyin363\Documents\repos\apolloconfig__apollo\apollo-adminservice\src\main\java\com\ctrip\framework\apollo\adminservice\AdminServiceAutoConfiguration.java,44
JDK:java.base:N/A:N/A,ClassOrInterfaceType,java.util.Map,Map,C:\Users\tyin363\Documents\repos\apolloconfig__apollo\apollo-adminservice\src\main\java\com\ctrip\framework\apollo\adminservice\controller\NamespaceController.java,133
JDK:java.base:N/A:N/A,ClassOrInterfaceType,java.lang.String,String,C:\Users\tyin363\Documents\repos\apolloconfig__apollo\apollo-adminservice\src\main\java\com\ctrip\framework\apollo\adminservice\controller\NamespaceController.java,52
JDK:java.base:N/A:N/A,ClassOrInterfaceType,java.lang.String,String,C:\Users\tyin363\Documents\repos\apolloconfig__apollo\apollo-adminservice\src\main\java\com\ctrip\framework\apollo\adminservice\controller\ReleaseController.java,102
CLIENT:client-code:N/A:N/A,NameExpr,com.ctrip.framework.apollo.adminservice.aop.NamespaceUnlockAspect,GSON,C:\Users\tyin363\Documents\repos\apolloconfig__apollo\apollo-adminservice\src\main\java\com\ctrip\framework\apollo\adminservice\aop\NamespaceUnlockAspect.java,158
JDK:java.base:N/A:N/A,ClassOrInterfaceType,java.lang.String,String,C:\Users\tyin363\Documents\repos\apolloconfig__apollo\apollo-adminservice\src\main\java\com\ctrip\framework\apollo\adminservice\controller\NamespaceController.java,118
CLIENT:client-code:N/A:N/A,NameExpr,com.ctrip.framework.apollo.adminservice.controller.NamespaceBranchController,namespaceBranchService,C:\Users\tyin363\Documents\repos\apolloconfig__apollo\apollo-adminservice\src\main\java\com\ctrip\framework\apollo\adminservice\controller\NamespaceBranchController.java,67
CLIENT:client-code:N/A:N/A,FieldAccessExpr,com.ctrip.framework.apollo.adminservice.AdminServiceHealthIndicator,appService,C:\Users\tyin363\Documents\repos\apolloconfig__apollo\apollo-adminservice\src\main\java\com\ctrip\framework\apollo\adminservice\AdminServiceHealthIndicator.java,31
JDK:java.base:N/A:N/A,ClassOrInterfaceType,java.lang.String,String,C:\Users\tyin363\Documents\repos\apolloconfig__apollo\apollo-adminservice\src\main\java\com\ctrip\framework\apollo\adminservice\controller\NamespaceBranchController.java,63
JDK:java.base:N/A:N/A,MethodCallExpr,java.util.stream.Collectors,toSet,C:\Users\tyin363\Documents\repos\apolloconfig__apollo\apollo-adminservice\src\main\java\com\ctrip\framework\apollo\adminservice\controller\InstanceConfigController.java,121
JDK:java.base:N/A:N/A,ClassOrInterfaceType,java.lang.String,String,C:\Users\tyin363\Documents\repos\apolloconfig__apollo\apollo-adminservice\src\main\java\com\ctrip\framework\apollo\adminservice\controller\ItemController.java,233
CLIENT:client-code:N/A:N/A,NameExpr,com.ctrip.framework.apollo.adminservice.filter.AdminServiceAuthenticationFilter,lastAccessTokens,C:\Users\tyin363\Documents\repos\apolloconfig__apollo\apollo-adminservice\src\main\java\com\ctrip\framework\apollo\adminservice\filter\AdminServiceAuthenticationFilter.java,92
JDK:java.base:N/A:N/A,ClassOrInterfaceType,java.lang.String,String,C:\Users\tyin363\Documents\repos\apolloconfig__apollo\apollo-adminservice\src\main\java\com\ctrip\framework\apollo\adminservice\aop\NamespaceUnlockAspect.java,87
CLIENT:client-code:N/A:N/A,FieldAccessExpr,com.ctrip.framework.apollo.adminservice.controller.ItemController,bizConfig,C:\Users\tyin363\Documents\repos\apolloconfig__apollo\apollo-adminservice\src\main\java\com\ctrip\framework\apollo\adminservice\controller\ItemController.java,69
CLIENT:client-code:N/A:N/A,NameExpr,com.ctrip.framework.apollo.adminservice.controller.NamespaceController,namespaceService,C:\Users\tyin363\Documents\repos\apolloconfig__apollo\apollo-adminservice\src\main\java\com\ctrip\framework\apollo\adminservice\controller\NamespaceController.java,109
JDK:java.base:N/A:N/A,FieldAccessExpr,java.nio.charset.StandardCharsets,UTF_8,C:\Users\tyin363\Documents\repos\apolloconfig__apollo\apollo-adminservice\src\main\java\com\ctrip\framework\apollo\adminservice\controller\ItemController.java,248
CLIENT:client-code:N/A:N/A,NameExpr,com.ctrip.framework.apollo.adminservice.controller.AccessKeyController,accessKeyService,C:\Users\tyin363\Documents\repos\apolloconfig__apollo\apollo-adminservice\src\main\java\com\ctrip\framework\apollo\adminservice\controller\AccessKeyController.java,63
JDK:java.base:N/A:N/A,ClassOrInterfaceType,java.io.IOException,IOException,C:\Users\tyin363\Documents\repos\apolloconfig__apollo\apollo-adminservice\src\main\java\com\ctrip\framework\apollo\adminservice\filter\AdminServiceAuthenticationFilter.java,58
JDK:java.base:N/A:N/A,ClassOrInterfaceType,java.lang.String,String,C:\Users\tyin363\Documents\repos\apolloconfig__apollo\apollo-adminservice\src\main\java\com\ctrip\framework\apollo\adminservice\aop\NamespaceAcquireLockAspect.java,153
CLIENT:client-code:N/A:N/A,NameExpr,com.ctrip.framework.apollo.adminservice.controller.ReleaseController,releaseService,C:\Users\tyin363\Documents\repos\apolloconfig__apollo\apollo-adminservice\src\main\java\com\ctrip\framework\apollo\adminservice\controller\ReleaseController.java,73
org.springframework.boot:spring-boot:jar:2.7.11,MethodCallExpr,org.springframework.boot.web.servlet.AbstractFilterRegistrationBean,addUrlPatterns,C:\Users\tyin363\Documents\repos\apolloconfig__apollo\apollo-adminservice\src\main\java\com\ctrip\framework\apollo\adminservice\AdminServiceAutoConfiguration.java,45
CLIENT:client-code:N/A:N/A,FieldAccessExpr,com.ctrip.framework.apollo.adminservice.controller.ReleaseController,namespaceBranchService,C:\Users\tyin363\Documents\repos\apolloconfig__apollo\apollo-adminservice\src\main\java\com\ctrip\framework\apollo\adminservice\controller\ReleaseController.java,67
CLIENT:client-code:N/A:N/A,NameExpr,com.ctrip.framework.apollo.adminservice.aop.NamespaceAcquireLockAspect,namespaceLockService,C:\Users\tyin363\Documents\repos\apolloconfig__apollo\apollo-adminservice\src\main\java\com\ctrip\framework\apollo\adminservice\aop\NamespaceAcquireLockAspect.java,132
org.springframework.boot:spring-boot-actuator:jar:2.6.11,ClassOrInterfaceType,org.springframework.boot.actuate.health.Health,Health,C:\Users\tyin363\Documents\repos\apolloconfig__apollo\apollo-adminservice\src\main\java\com\ctrip\framework\apollo\adminservice\AdminServiceHealthIndicator.java,35
JDK:java.base:N/A:N/A,ClassOrInterfaceType,java.lang.String,String,C:\Users\tyin363\Documents\repos\apolloconfig__apollo\apollo-adminservice\src\main\java\com\ctrip\framework\apollo\adminservice\controller\AccessKeyController.java,67
CLIENT:client-code:N/A:N/A,ClassOrInterfaceType,com.ctrip.framework.apollo.adminservice.AdminServiceApplication,AdminServiceApplication,C:\Users\tyin363\Documents\repos\apolloconfig__apollo\apollo-adminservice\src\main\java\com\ctrip\framework\apollo\adminservice\AdminServiceApplication.java,42
CLIENT:client-code:N/A:N/A,NameExpr,com.ctrip.framework.apollo.adminservice.controller.ItemController,itemService,C:\Users\tyin363\Documents\repos\apolloconfig__apollo\apollo-adminservice\src\main\java\com\ctrip\framework\apollo\adminservice\controller\ItemController.java,236
JDK:java.base:N/A:N/A,ClassOrInterfaceType,java.lang.String,String,C:\Users\tyin363\Documents\repos\apolloconfig__apollo\apollo-adminservice\src\main\java\com\ctrip\framework\apollo\adminservice\controller\NamespaceController.java,51
JDK:java.base:N/A:N/A,MethodCallExpr,java.util.Collections,emptyList,C:\Users\tyin363\Documents\repos\apolloconfig__apollo\apollo-adminservice\src\main\java\com\ctrip\framework\apollo\adminservice\controller\ItemController.java,212
com.google.guava:guava:jar:16.0,MethodCallExpr,com.google.common.collect.MapDifference,areEqual,C:\Users\tyin363\Documents\repos\apolloconfig__apollo\apollo-adminservice\src\main\java\com\ctrip\framework\apollo\adminservice\aop\NamespaceUnlockAspect.java,133
JDK:java.base:N/A:N/A,ClassOrInterfaceType,java.lang.String,String,C:\Users\tyin363\Documents\repos\apolloconfig__apollo\apollo-adminservice\src\main\java\com\ctrip\framework\apollo\adminservice\controller\ItemController.java,101
CLIENT:client-code:N/A:N/A,FieldAccessExpr,com.ctrip.framework.apollo.adminservice.controller.ItemController,commitService,C:\Users\tyin363\Documents\repos\apolloconfig__apollo\apollo-adminservice\src\main\java\com\ctrip\framework\apollo\adminservice\controller\ItemController.java,67
JDK:java.base:N/A:N/A,ClassOrInterfaceType,java.lang.String,String,C:\Users\tyin363\Documents\repos\apolloconfig__apollo\apollo-adminservice\src\main\java\com\ctrip\framework\apollo\adminservice\controller\NamespaceController.java,117
JDK:java.base:N/A:N/A,ClassOrInterfaceType,java.lang.String,String,C:\Users\tyin363\Documents\repos\apolloconfig__apollo\apollo-adminservice\src\main\java\com\ctrip\framework\apollo\adminservice\controller\ReleaseController.java,103
CLIENT:client-code:N/A:N/A,NameExpr,com.ctrip.framework.apollo.adminservice.controller.AppNamespaceController,appNamespaceService,C:\Users\tyin363\Documents\repos\apolloconfig__apollo\apollo-adminservice\src\main\java\com\ctrip\framework\apollo\adminservice\controller\AppNamespaceController.java,81
JDK:java.base:N/A:N/A,ClassOrInterfaceType,java.lang.String,String,C:\Users\tyin363\Documents\repos\apolloconfig__apollo\apollo-adminservice\src\main\java\com\ctrip\framework\apollo\adminservice\controller\ItemController.java,234
JDK:java.base:N/A:N/A,ClassOrInterfaceType,java.lang.String,String,C:\Users\tyin363\Documents\repos\apolloconfig__apollo\apollo-adminservice\src\main\java\com\ctrip\framework\apollo\adminservice\controller\NamespaceBranchController.java,130
JDK:java.base:N/A:N/A,ClassOrInterfaceType,java.lang.String,String,C:\Users\tyin363\Documents\repos\apolloconfig__apollo\apollo-adminservice\src\main\java\com\ctrip\framework\apollo\adminservice\controller\NamespaceBranchController.java,97
JDK:java.base:N/A:N/A,MethodCallExpr,java.util.Base64,getUrlDecoder,C:\Users\tyin363\Documents\repos\apolloconfig__apollo\apollo-adminservice\src\main\java\com\ctrip\framework\apollo\adminservice\controller\ItemController.java,248
CLIENT:client-code:N/A:N/A,NameExpr,com.ctrip.framework.apollo.adminservice.controller.AppController,appService,C:\Users\tyin363\Documents\repos\apolloconfig__apollo\apollo-adminservice\src\main\java\com\ctrip\framework\apollo\adminservice\controller\AppController.java,67
CLIENT:client-code:N/A:N/A,NameExpr,com.ctrip.framework.apollo.adminservice.filter.AdminServiceAuthenticationFilter,bizConfig,C:\Users\tyin363\Documents\repos\apolloconfig__apollo\apollo-adminservice\src\main\java\com\ctrip\framework\apollo\adminservice\filter\AdminServiceAuthenticationFilter.java,76
JDK:java.base:N/A:N/A,ClassOrInterfaceType,java.lang.String,String,C:\Users\tyin363\Documents\repos\apolloconfig__apollo\apollo-adminservice\src\main\java\com\ctrip\framework\apollo\adminservice\aop\NamespaceAcquireLockAspect.java,88
CLIENT:client-code:N/A:N/A,NameExpr,com.ctrip.framework.apollo.adminservice.controller.CommitController,commitService,C:\Users\tyin363\Documents\repos\apolloconfig__apollo\apollo-adminservice\src\main\java\com\ctrip\framework\apollo\adminservice\controller\CommitController.java,50
org.springframework.boot:spring-boot:jar:2.7.11,MethodCallExpr,org.springframework.boot.web.servlet.AbstractFilterRegistrationBean,addUrlPatterns,C:\Users\tyin363\Documents\repos\apolloconfig__apollo\apollo-adminservice\src\main\java\com\ctrip\framework\apollo\adminservice\AdminServiceAutoConfiguration.java,46
CLIENT:client-code:N/A:N/A,NameExpr,com.ctrip.framework.apollo.adminservice.controller.ReleaseController,namespaceService,C:\Users\tyin363\Documents\repos\apolloconfig__apollo\apollo-adminservice\src\main\java\com\ctrip\framework\apollo\adminservice\controller\ReleaseController.java,126
CLIENT:client-code:N/A:N/A,FieldAccessExpr,com.ctrip.framework.apollo.adminservice.controller.ItemSetController,itemSetService,C:\Users\tyin363\Documents\repos\apolloconfig__apollo\apollo-adminservice\src\main\java\com\ctrip\framework\apollo\adminservice\controller\ItemSetController.java,35
JDK:java.base:N/A:N/A,ClassOrInterfaceType,java.lang.String,String,C:\Users\tyin363\Documents\repos\apolloconfig__apollo\apollo-adminservice\src\main\java\com\ctrip\framework\apollo\adminservice\controller\ItemController.java,102
CLIENT:client-code:N/A:N/A,ClassOrInterfaceType,com.ctrip.framework.apollo.adminservice.AdminServiceApplication,AdminServiceApplication,C:\Users\tyin363\Documents\repos\apolloconfig__apollo\apollo-adminservice\src\main\java\com\ctrip\framework\apollo\adminservice\AdminServiceApplication.java,39
CLIENT:client-code:N/A:N/A,NameExpr,com.ctrip.framework.apollo.adminservice.controller.ItemController,itemService,C:\Users\tyin363\Documents\repos\apolloconfig__apollo\apollo-adminservice\src\main\java\com\ctrip\framework\apollo\adminservice\controller\ItemController.java,134
JDK:java.base:N/A:N/A,ClassOrInterfaceType,java.lang.String,String,C:\Users\tyin363\Documents\repos\apolloconfig__apollo\apollo-adminservice\src\main\java\com\ctrip\framework\apollo\adminservice\controller\ItemController.java,235
JDK:java.base:N/A:N/A,ClassOrInterfaceType,java.lang.String,String,C:\Users\tyin363\Documents\repos\apolloconfig__apollo\apollo-adminservice\src\main\java\com\ctrip\framework\apollo\adminservice\controller\ItemController.java,103
com.google.guava:guava:jar:16.0,MethodCallExpr,com.google.common.base.Splitter,splitToList,C:\Users\tyin363\Documents\repos\apolloconfig__apollo\apollo-adminservice\src\main\java\com\ctrip\framework\apollo\adminservice\filter\AdminServiceAuthenticationFilter.java,91
JDK:java.base:N/A:N/A,ClassOrInterfaceType,java.lang.String,String,C:\Users\tyin363\Documents\repos\apolloconfig__apollo\apollo-adminservice\src\main\java\com\ctrip\framework\apollo\adminservice\controller\NamespaceBranchController.java,61
JDK:java.base:N/A:N/A,MethodCallExpr,java.util.Base64.Decoder,decode,C:\Users\tyin363\Documents\repos\apolloconfig__apollo\apollo-adminservice\src\main\java\com\ctrip\framework\apollo\adminservice\controller\ItemController.java,248
org.springframework.boot:spring-boot:jar:2.7.11,MethodCallExpr,org.springframework.boot.builder.SpringApplicationBuilder,sources,C:\Users\tyin363\Documents\repos\apolloconfig__apollo\apollo-adminservice\src\main\java\com\ctrip\framework\apollo\adminservice\ServletInitializer.java,31
org.springframework.boot:spring-boot:jar:2.7.11,MethodCallExpr,org.springframework.boot.web.servlet.AbstractFilterRegistrationBean,addUrlPatterns,C:\Users\tyin363\Documents\repos\apolloconfig__apollo\apollo-adminservice\src\main\java\com\ctrip\framework\apollo\adminservice\AdminServiceAutoConfiguration.java,47
com.google.code.gson:gson:jar:2.8.9,ObjectCreationExpr,com.google.gson.Gson,Gson,C:\Users\tyin363\Documents\repos\apolloconfig__apollo\apollo-adminservice\src\main\java\com\ctrip\framework\apollo\adminservice\controller\ReleaseHistoryController.java,44
CLIENT:client-code:N/A:N/A,MethodCallExpr,com.ctrip.framework.apollo.adminservice.controller.NamespaceBranchController,checkBranch,C:\Users\tyin363\Documents\repos\apolloconfig__apollo\apollo-adminservice\src\main\java\com\ctrip\framework\apollo\adminservice\controller\NamespaceBranchController.java,119
CLIENT:client-code:N/A:N/A,NameExpr,com.ctrip.framework.apollo.adminservice.aop.NamespaceUnlockAspect,GSON,C:\Users\tyin363\Documents\repos\apolloconfig__apollo\apollo-adminservice\src\main\java\com\ctrip\framework\apollo\adminservice\aop\NamespaceUnlockAspect.java,128
CLIENT:client-code:N/A:N/A,NameExpr,com.ctrip.framework.apollo.adminservice.controller.CommitController,commitService,C:\Users\tyin363\Documents\repos\apolloconfig__apollo\apollo-adminservice\src\main\java\com\ctrip\framework\apollo\adminservice\controller\CommitController.java,48
CLIENT:client-code:N/A:N/A,FieldAccessExpr,com.ctrip.framework.apollo.adminservice.aop.NamespaceUnlockAspect,namespaceService,C:\Users\tyin363\Documents\repos\apolloconfig__apollo\apollo-adminservice\src\main\java\com\ctrip\framework\apollo\adminservice\aop\NamespaceUnlockAspect.java,71
CLIENT:client-code:N/A:N/A,MethodCallExpr,com.ctrip.framework.apollo.adminservice.controller.ItemController,get,C:\Users\tyin363\Documents\repos\apolloconfig__apollo\apollo-adminservice\src\main\java\com\ctrip\framework\apollo\adminservice\controller\ItemController.java,247
JDK:java.base:N/A:N/A,ClassOrInterfaceType,java.lang.String,String,C:\Users\tyin363\Documents\repos\apolloconfig__apollo\apollo-adminservice\src\main\java\com\ctrip\framework\apollo\adminservice\controller\ItemController.java,170
CLIENT:client-code:N/A:N/A,NameExpr,com.ctrip.framework.apollo.adminservice.filter.AdminServiceAuthenticationFilter,ACCESS_TOKEN_SPLITTER,C:\Users\tyin363\Documents\repos\apolloconfig__apollo\apollo-adminservice\src\main\java\com\ctrip\framework\apollo\adminservice\filter\AdminServiceAuthenticationFilter.java,91
JDK:java.base:N/A:N/A,ClassOrInterfaceType,java.lang.String,String,C:\Users\tyin363\Documents\repos\apolloconfig__apollo\apollo-adminservice\src\main\java\com\ctrip\framework\apollo\adminservice\controller\NamespaceBranchController.java,62
CLIENT:client-code:N/A:N/A,NameExpr,com.ctrip.framework.apollo.adminservice.filter.AdminServiceAuthenticationFilter,lastAccessTokens,C:\Users\tyin363\Documents\repos\apolloconfig__apollo\apollo-adminservice\src\main\java\com\ctrip\framework\apollo\adminservice\filter\AdminServiceAuthenticationFilter.java,89
com.google.guava:guava:jar:16.0,MethodCallExpr,com.google.common.collect.Sets,newHashSet,C:\Users\tyin363\Documents\repos\apolloconfig__apollo\apollo-adminservice\src\main\java\com\ctrip\framework\apollo\adminservice\controller\InstanceConfigController.java,82
JDK:java.base:N/A:N/A,ClassOrInterfaceType,java.util.Set,Set,C:\Users\tyin363\Documents\repos\apolloconfig__apollo\apollo-adminservice\src\main\java\com\ctrip\framework\apollo\adminservice\controller\InstanceConfigController.java,82
org.springframework.boot:spring-boot:jar:2.7.11,ClassOrInterfaceType,org.springframework.boot.builder.SpringApplicationBuilder,SpringApplicationBuilder,C:\Users\tyin363\Documents\repos\apolloconfig__apollo\apollo-adminservice\src\main\java\com\ctrip\framework\apollo\adminservice\ServletInitializer.java,30
CLIENT:client-code:N/A:N/A,NameExpr,com.ctrip.framework.apollo.adminservice.controller.ReleaseController,releaseService,C:\Users\tyin363\Documents\repos\apolloconfig__apollo\apollo-adminservice\src\main\java\com\ctrip\framework\apollo\adminservice\controller\ReleaseController.java,167
JDK:java.base:N/A:N/A,ClassOrInterfaceType,java.lang.String,String,C:\Users\tyin363\Documents\repos\apolloconfig__apollo\apollo-adminservice\src\main\java\com\ctrip\framework\apollo\adminservice\controller\ItemController.java,187
javax.servlet:servlet-api:jar:2.5,ClassOrInterfaceType,javax.servlet.ServletResponse,ServletResponse,C:\Users\tyin363\Documents\repos\apolloconfig__apollo\apollo-adminservice\src\main\java\com\ctrip\framework\apollo\adminservice\filter\AdminServiceAuthenticationFilter.java,57
JDK:java.base:N/A:N/A,ClassOrInterfaceType,java.lang.String,String,C:\Users\tyin363\Documents\repos\apolloconfig__apollo\apollo-adminservice\src\main\java\com\ctrip\framework\apollo\adminservice\controller\ItemController.java,253
CLIENT:client-code:N/A:N/A,FieldAccessExpr,com.ctrip.framework.apollo.adminservice.aop.NamespaceUnlockAspect,itemService,C:\Users\tyin363\Documents\repos\apolloconfig__apollo\apollo-adminservice\src\main\java\com\ctrip\framework\apollo\adminservice\aop\NamespaceUnlockAspect.java,72
org.springframework:spring-web:jar:5.3.22,MethodCallExpr,org.springframework.http.ResponseEntity,status,C:\Users\tyin363\Documents\repos\apolloconfig__apollo\apollo-adminservice\src\main\java\com\ctrip\framework\apollo\adminservice\controller\ItemSetController.java,45
JDK:java.base:N/A:N/A,ClassOrInterfaceType,java.lang.String,String,C:\Users\tyin363\Documents\repos\apolloconfig__apollo\apollo-adminservice\src\main\java\com\ctrip\framework\apollo\adminservice\controller\AppController.java,105
CLIENT:client-code:N/A:N/A,NameExpr,com.ctrip.framework.apollo.adminservice.aop.NamespaceAcquireLockAspect,namespaceService,C:\Users\tyin363\Documents\repos\apolloconfig__apollo\apollo-adminservice\src\main\java\com\ctrip\framework\apollo\adminservice\aop\NamespaceAcquireLockAspect.java,102
JDK:java.base:N/A:N/A,ClassOrInterfaceType,java.lang.String,String,C:\Users\tyin363\Documents\repos\apolloconfig__apollo\apollo-adminservice\src\main\java\com\ctrip\framework\apollo\adminservice\aop\NamespaceUnlockAspect.java,166
JDK:java.base:N/A:N/A,ClassOrInterfaceType,java.lang.Long,Long,C:\Users\tyin363\Documents\repos\apolloconfig__apollo\apollo-adminservice\src\main\java\com\ctrip\framework\apollo\adminservice\controller\InstanceConfigController.java,81
JDK:java.base:N/A:N/A,ClassOrInterfaceType,java.lang.String,String,C:\Users\tyin363\Documents\repos\apolloconfig__apollo\apollo-adminservice\src\main\java\com\ctrip\framework\apollo\adminservice\controller\InstanceConfigController.java,137
JDK:java.base:N/A:N/A,ClassOrInterfaceType,java.lang.String,String,C:\Users\tyin363\Documents\repos\apolloconfig__apollo\apollo-adminservice\src\main\java\com\ctrip\framework\apollo\adminservice\controller\ReleaseController.java,205
JDK:java.base:N/A:N/A,ClassOrInterfaceType,java.lang.String,String,C:\Users\tyin363\Documents\repos\apolloconfig__apollo\apollo-adminservice\src\main\java\com\ctrip\framework\apollo\adminservice\controller\NamespaceController.java,97
CLIENT:client-code:N/A:N/A,FieldAccessExpr,com.ctrip.framework.apollo.adminservice.aop.NamespaceUnlockAspect,releaseService,C:\Users\tyin363\Documents\repos\apolloconfig__apollo\apollo-adminservice\src\main\java\com\ctrip\framework\apollo\adminservice\aop\NamespaceUnlockAspect.java,73
CLIENT:client-code:N/A:N/A,FieldAccessExpr,com.ctrip.framework.apollo.adminservice.controller.ReleaseHistoryController,releaseHistoryService,C:\Users\tyin363\Documents\repos\apolloconfig__apollo\apollo-adminservice\src\main\java\com\ctrip\framework\apollo\adminservice\controller\ReleaseHistoryController.java,52
JDK:java.base:N/A:N/A,ClassOrInterfaceType,java.lang.String,String,C:\Users\tyin363\Documents\repos\apolloconfig__apollo\apollo-adminservice\src\main\java\com\ctrip\framework\apollo\adminservice\controller\ItemController.java,188
JDK:java.base:N/A:N/A,ClassOrInterfaceType,java.lang.String,String,C:\Users\tyin363\Documents\repos\apolloconfig__apollo\apollo-adminservice\src\main\java\com\ctrip\framework\apollo\adminservice\controller\ItemController.java,254
CLIENT:client-code:N/A:N/A,NameExpr,com.ctrip.framework.apollo.adminservice.controller.InstanceConfigController,releaseService,C:\Users\tyin363\Documents\repos\apolloconfig__apollo\apollo-adminservice\src\main\java\com\ctrip\framework\apollo\adminservice\controller\InstanceConfigController.java,123
CLIENT:client-code:N/A:N/A,FieldAccessExpr,com.ctrip.framework.apollo.adminservice.aop.NamespaceAcquireLockAspect,itemService,C:\Users\tyin363\Documents\repos\apolloconfig__apollo\apollo-adminservice\src\main\java\com\ctrip\framework\apollo\adminservice\aop\NamespaceAcquireLockAspect.java,60
CLIENT:client-code:N/A:N/A,NameExpr,com.ctrip.framework.apollo.adminservice.aop.NamespaceAcquireLockAspect,itemService,C:\Users\tyin363\Documents\repos\apolloconfig__apollo\apollo-adminservice\src\main\java\com\ctrip\framework\apollo\adminservice\aop\NamespaceAcquireLockAspect.java,89
com.google.code.gson:gson:jar:2.8.9,ObjectCreationExpr,com.google.gson.Gson,Gson,C:\Users\tyin363\Documents\repos\apolloconfig__apollo\apollo-adminservice\src\main\java\com\ctrip\framework\apollo\adminservice\aop\NamespaceUnlockAspect.java,56
JDK:java.base:N/A:N/A,ClassOrInterfaceType,java.lang.String,String,C:\Users\tyin363\Documents\repos\apolloconfig__apollo\apollo-adminservice\src\main\java\com\ctrip\framework\apollo\adminservice\controller\ClusterController.java,66
CLIENT:client-code:N/A:N/A,NameExpr,com.ctrip.framework.apollo.adminservice.controller.NamespaceController,namespaceService,C:\Users\tyin363\Documents\repos\apolloconfig__apollo\apollo-adminservice\src\main\java\com\ctrip\framework\apollo\adminservice\controller\NamespaceController.java,98
JDK:java.base:N/A:N/A,ClassOrInterfaceType,java.lang.String,String,C:\Users\tyin363\Documents\repos\apolloconfig__apollo\apollo-adminservice\src\main\java\com\ctrip\framework\apollo\adminservice\controller\ClusterController.java,99
JDK:java.base:N/A:N/A,ClassOrInterfaceType,java.lang.String,String,C:\Users\tyin363\Documents\repos\apolloconfig__apollo\apollo-adminservice\src\main\java\com\ctrip\framework\apollo\adminservice\controller\AppNamespaceController.java,97
JDK:java.base:N/A:N/A,MethodCallExpr,java.lang.String,getBytes,C:\Users\tyin363\Documents\repos\apolloconfig__apollo\apollo-adminservice\src\main\java\com\ctrip\framework\apollo\adminservice\controller\ItemController.java,248
CLIENT:client-code:N/A:N/A,ClassOrInterfaceType,com.ctrip.framework.apollo.adminservice.filter.AdminServiceAuthenticationFilter,AdminServiceAuthenticationFilter,C:\Users\tyin363\Documents\repos\apolloconfig__apollo\apollo-adminservice\src\main\java\com\ctrip\framework\apollo\adminservice\AdminServiceAutoConfiguration.java,38
JDK:java.base:N/A:N/A,ClassOrInterfaceType,java.lang.String,String,C:\Users\tyin363\Documents\repos\apolloconfig__apollo\apollo-adminservice\src\main\java\com\ctrip\framework\apollo\adminservice\controller\ReleaseController.java,206
com.google.guava:guava:jar:16.0,ClassOrInterfaceType,com.google.common.collect.MapDifference,MapDifference,C:\Users\tyin363\Documents\repos\apolloconfig__apollo\apollo-adminservice\src\main\java\com\ctrip\framework\apollo\adminservice\aop\NamespaceUnlockAspect.java,131
JDK:java.base:N/A:N/A,ClassOrInterfaceType,java.util.Map,Map,C:\Users\tyin363\Documents\repos\apolloconfig__apollo\apollo-adminservice\src\main\java\com\ctrip\framework\apollo\adminservice\aop\NamespaceUnlockAspect.java,166
CLIENT:client-code:N/A:N/A,NameExpr,com.ctrip.framework.apollo.adminservice.controller.ServerConfigController,serverConfigService,C:\Users\tyin363\Documents\repos\apolloconfig__apollo\apollo-adminservice\src\main\java\com\ctrip\framework\apollo\adminservice\controller\ServerConfigController.java,40
CLIENT:client-code:N/A:N/A,NameExpr,com.ctrip.framework.apollo.adminservice.controller.AppNamespaceController,appNamespaceService,C:\Users\tyin363\Documents\repos\apolloconfig__apollo\apollo-adminservice\src\main\java\com\ctrip\framework\apollo\adminservice\controller\AppNamespaceController.java,85
CLIENT:client-code:N/A:N/A,FieldAccessExpr,com.ctrip.framework.apollo.adminservice.controller.AppNamespaceController,namespaceService,C:\Users\tyin363\Documents\repos\apolloconfig__apollo\apollo-adminservice\src\main\java\com\ctrip\framework\apollo\adminservice\controller\AppNamespaceController.java,50
CLIENT:client-code:N/A:N/A,NameExpr,com.ctrip.framework.apollo.adminservice.controller.ItemController,releaseService,C:\Users\tyin363\Documents\repos\apolloconfig__apollo\apollo-adminservice\src\main\java\com\ctrip\framework\apollo\adminservice\controller\ItemController.java,197
JDK:java.base:N/A:N/A,ClassOrInterfaceType,java.lang.String,String,C:\Users\tyin363\Documents\repos\apolloconfig__apollo\apollo-adminservice\src\main\java\com\ctrip\framework\apollo\adminservice\controller\AccessKeyController.java,62
JDK:java.base:N/A:N/A,ClassOrInterfaceType,java.lang.String,String,C:\Users\tyin363\Documents\repos\apolloconfig__apollo\apollo-adminservice\src\main\java\com\ctrip\framework\apollo\adminservice\aop\NamespaceUnlockAspect.java,131
JDK:java.base:N/A:N/A,ClassOrInterfaceType,java.lang.String,String,C:\Users\tyin363\Documents\repos\apolloconfig__apollo\apollo-adminservice\src\main\java\com\ctrip\framework\apollo\adminservice\controller\ClusterController.java,100
JDK:java.base:N/A:N/A,ClassOrInterfaceType,java.lang.String,String,C:\Users\tyin363\Documents\repos\apolloconfig__apollo\apollo-adminservice\src\main\java\com\ctrip\framework\apollo\adminservice\controller\ClusterController.java,67
JDK:java.base:N/A:N/A,ClassOrInterfaceType,java.lang.String,String,C:\Users\tyin363\Documents\repos\apolloconfig__apollo\apollo-adminservice\src\main\java\com\ctrip\framework\apollo\adminservice\controller\NamespaceBranchController.java,131
com.google.guava:guava:jar:16.0,MethodCallExpr,com.google.common.base.Splitter,trimResults,C:\Users\tyin363\Documents\repos\apolloconfig__apollo\apollo-adminservice\src\main\java\com\ctrip\framework\apollo\adminservice\controller\InstanceConfigController.java,58
CLIENT:client-code:N/A:N/A,ClassOrInterfaceType,com.ctrip.framework.apollo.adminservice.filter.AdminServiceAuthenticationFilter,AdminServiceAuthenticationFilter,C:\Users\tyin363\Documents\repos\apolloconfig__apollo\apollo-adminservice\src\main\java\com\ctrip\framework\apollo\adminservice\filter\AdminServiceAuthenticationFilter.java,39
JDK:java.base:N/A:N/A,ClassOrInterfaceType,java.lang.String,String,C:\Users\tyin363\Documents\repos\apolloconfig__apollo\apollo-adminservice\src\main\java\com\ctrip\framework\apollo\adminservice\controller\NamespaceBranchController.java,98
JDK:java.base:N/A:N/A,ClassOrInterfaceType,java.lang.String,String,C:\Users\tyin363\Documents\repos\apolloconfig__apollo\apollo-adminservice\src\main\java\com\ctrip\framework\apollo\adminservice\controller\ReleaseController.java,207
javax.servlet:servlet-api:jar:2.5,MethodCallExpr,javax.servlet.http.HttpServletResponse,sendError,C:\Users\tyin363\Documents\repos\apolloconfig__apollo\apollo-adminservice\src\main\java\com\ctrip\framework\apollo\adminservice\filter\AdminServiceAuthenticationFilter.java,67
CLIENT:client-code:N/A:N/A,FieldAccessExpr,com.ctrip.framework.apollo.adminservice.controller.NamespaceLockController,namespaceService,C:\Users\tyin363\Documents\repos\apolloconfig__apollo\apollo-adminservice\src\main\java\com\ctrip\framework\apollo\adminservice\controller\NamespaceLockController.java,43
CLIENT:client-code:N/A:N/A,NameExpr,com.ctrip.framework.apollo.adminservice.controller.NamespaceBranchController,namespaceBranchService,C:\Users\tyin363\Documents\repos\apolloconfig__apollo\apollo-adminservice\src\main\java\com\ctrip\framework\apollo\adminservice\controller\NamespaceBranchController.java,135
CLIENT:client-code:N/A:N/A,NameExpr,com.ctrip.framework.apollo.adminservice.controller.ClusterController,clusterService,C:\Users\tyin363\Documents\repos\apolloconfig__apollo\apollo-adminservice\src\main\java\com\ctrip\framework\apollo\adminservice\controller\ClusterController.java,84
CLIENT:client-code:N/A:N/A,NameExpr,com.ctrip.framework.apollo.adminservice.controller.AppController,appService,C:\Users\tyin363\Documents\repos\apolloconfig__apollo\apollo-adminservice\src\main\java\com\ctrip\framework\apollo\adminservice\controller\AppController.java,97
CLIENT:client-code:N/A:N/A,NameExpr,com.ctrip.framework.apollo.adminservice.controller.ClusterController,clusterService,C:\Users\tyin363\Documents\repos\apolloconfig__apollo\apollo-adminservice\src\main\java\com\ctrip\framework\apollo\adminservice\controller\ClusterController.java,51
CLIENT:client-code:N/A:N/A,NameExpr,com.ctrip.framework.apollo.adminservice.controller.NamespaceBranchController,messageSender,C:\Users\tyin363\Documents\repos\apolloconfig__apollo\apollo-adminservice\src\main\java\com\ctrip\framework\apollo\adminservice\controller\NamespaceBranchController.java,124
JDK:java.base:N/A:N/A,ClassOrInterfaceType,java.lang.String,String,C:\Users\tyin363\Documents\repos\apolloconfig__apollo\apollo-adminservice\src\main\java\com\ctrip\framework\apollo\adminservice\aop\NamespaceAcquireLockAspect.java,144
JDK:java.base:N/A:N/A,ClassOrInterfaceType,java.lang.String,String,C:\Users\tyin363\Documents\repos\apolloconfig__apollo\apollo-adminservice\src\main\java\com\ctrip\framework\apollo\adminservice\controller\AppController.java,75
javax.servlet:servlet-api:jar:2.5,ClassOrInterfaceType,javax.servlet.http.HttpServletResponse,HttpServletResponse,C:\Users\tyin363\Documents\repos\apolloconfig__apollo\apollo-adminservice\src\main\java\com\ctrip\framework\apollo\adminservice\filter\AdminServiceAuthenticationFilter.java,61
CLIENT:client-code:N/A:N/A,ClassOrInterfaceType,com.ctrip.framework.apollo.adminservice.filter.AdminServiceAuthenticationFilter,AdminServiceAuthenticationFilter,C:\Users\tyin363\Documents\repos\apolloconfig__apollo\apollo-adminservice\src\main\java\com\ctrip\framework\apollo\adminservice\AdminServiceAutoConfiguration.java,36
CLIENT:client-code:N/A:N/A,NameExpr,com.ctrip.framework.apollo.adminservice.aop.NamespaceUnlockAspect,namespaceService,C:\Users\tyin363\Documents\repos\apolloconfig__apollo\apollo-adminservice\src\main\java\com\ctrip\framework\apollo\adminservice\aop\NamespaceUnlockAspect.java,82
CLIENT:client-code:N/A:N/A,FieldAccessExpr,com.ctrip.framework.apollo.adminservice.controller.InstanceConfigController,releaseService,C:\Users\tyin363\Documents\repos\apolloconfig__apollo\apollo-adminservice\src\main\java\com\ctrip\framework\apollo\adminservice\controller\InstanceConfigController.java,64
JDK:java.base:N/A:N/A,ClassOrInterfaceType,java.lang.String,String,C:\Users\tyin363\Documents\repos\apolloconfig__apollo\apollo-adminservice\src\main\java\com\ctrip\framework\apollo\adminservice\controller\ReleaseController.java,208
CLIENT:client-code:N/A:N/A,NameExpr,com.ctrip.framework.apollo.adminservice.controller.NamespaceLockController,namespaceLockService,C:\Users\tyin363\Documents\repos\apolloconfig__apollo\apollo-adminservice\src\main\java\com\ctrip\framework\apollo\adminservice\controller\NamespaceLockController.java,59
CLIENT:client-code:N/A:N/A,FieldAccessExpr,com.ctrip.framework.apollo.adminservice.controller.ReleaseController,namespaceService,C:\Users\tyin363\Documents\repos\apolloconfig__apollo\apollo-adminservice\src\main\java\com\ctrip\framework\apollo\adminservice\controller\ReleaseController.java,65
CLIENT:client-code:N/A:N/A,NameExpr,com.ctrip.framework.apollo.adminservice.controller.ReleaseController,releaseService,C:\Users\tyin363\Documents\repos\apolloconfig__apollo\apollo-adminservice\src\main\java\com\ctrip\framework\apollo\adminservice\controller\ReleaseController.java,105
CLIENT:client-code:N/A:N/A,NameExpr,com.ctrip.framework.apollo.adminservice.controller.ReleaseController,namespaceService,C:\Users\tyin363\Documents\repos\apolloconfig__apollo\apollo-adminservice\src\main\java\com\ctrip\framework\apollo\adminservice\controller\ReleaseController.java,213
JDK:java.base:N/A:N/A,MethodCallExpr,java.util.stream.Collectors,toList,C:\Users\tyin363\Documents\repos\apolloconfig__apollo\apollo-adminservice\src\main\java\com\ctrip\framework\apollo\adminservice\controller\ItemController.java,209
CLIENT:client-code:N/A:N/A,NameExpr,com.ctrip.framework.apollo.adminservice.controller.NamespaceController,namespaceService,C:\Users\tyin363\Documents\repos\apolloconfig__apollo\apollo-adminservice\src\main\java\com\ctrip\framework\apollo\adminservice\controller\NamespaceController.java,134
org.springframework:spring-web:jar:5.3.22,ClassOrInterfaceType,org.springframework.http.ResponseEntity,ResponseEntity,C:\Users\tyin363\Documents\repos\apolloconfig__apollo\apollo-adminservice\src\main\java\com\ctrip\framework\apollo\adminservice\controller\ItemSetController.java,40
CLIENT:client-code:N/A:N/A,NameExpr,com.ctrip.framework.apollo.adminservice.controller.AppController,appService,C:\Users\tyin363\Documents\repos\apolloconfig__apollo\apollo-adminservice\src\main\java\com\ctrip\framework\apollo\adminservice\controller\AppController.java,90
CLIENT:client-code:N/A:N/A,NameExpr,com.ctrip.framework.apollo.adminservice.controller.ReleaseController,releaseService,C:\Users\tyin363\Documents\repos\apolloconfig__apollo\apollo-adminservice\src\main\java\com\ctrip\framework\apollo\adminservice\controller\ReleaseController.java,130
JDK:java.base:N/A:N/A,MethodCallExpr,java.util.stream.Stream,map,C:\Users\tyin363\Documents\repos\apolloconfig__apollo\apollo-adminservice\src\main\java\com\ctrip\framework\apollo\adminservice\controller\ReleaseController.java,82
JDK:java.base:N/A:N/A,ClassOrInterfaceType,java.lang.String,String,C:\Users\tyin363\Documents\repos\apolloconfig__apollo\apollo-adminservice\src\main\java\com\ctrip\framework\apollo\adminservice\aop\NamespaceUnlockAspect.java,129
CLIENT:client-code:N/A:N/A,NameExpr,com.ctrip.framework.apollo.adminservice.controller.ClusterController,clusterService,C:\Users\tyin363\Documents\repos\apolloconfig__apollo\apollo-adminservice\src\main\java\com\ctrip\framework\apollo\adminservice\controller\ClusterController.java,79
JDK:java.base:N/A:N/A,ClassOrInterfaceType,java.lang.String,String,C:\Users\tyin363\Documents\repos\apolloconfig__apollo\apollo-adminservice\src\main\java\com\ctrip\framework\apollo\adminservice\controller\InstanceConfigController.java,199
CLIENT:client-code:N/A:N/A,NameExpr,com.ctrip.framework.apollo.adminservice.AdminServiceHealthIndicator,appService,C:\Users\tyin363\Documents\repos\apolloconfig__apollo\apollo-adminservice\src\main\java\com\ctrip\framework\apollo\adminservice\AdminServiceHealthIndicator.java,42
JDK:java.base:N/A:N/A,ClassOrInterfaceType,java.lang.String,String,C:\Users\tyin363\Documents\repos\apolloconfig__apollo\apollo-adminservice\src\main\java\com\ctrip\framework\apollo\adminservice\controller\ReleaseController.java,209
CLIENT:client-code:N/A:N/A,NameExpr,com.ctrip.framework.apollo.adminservice.controller.ItemController,commitService,C:\Users\tyin363\Documents\repos\apolloconfig__apollo\apollo-adminservice\src\main\java\com\ctrip\framework\apollo\adminservice\controller\ItemController.java,179
JDK:java.base:N/A:N/A,ClassOrInterfaceType,java.lang.String,String,C:\Users\tyin363\Documents\repos\apolloconfig__apollo\apollo-adminservice\src\main\java\com\ctrip\framework\apollo\adminservice\controller\ReleaseController.java,110
com.google.guava:guava:jar:16.0,MethodCallExpr,com.google.common.collect.Sets,newHashSet,C:\Users\tyin363\Documents\repos\apolloconfig__apollo\apollo-adminservice\src\main\java\com\ctrip\framework\apollo\adminservice\controller\InstanceConfigController.java,137
JDK:java.base:N/A:N/A,ClassOrInterfaceType,java.util.Set,Set,C:\Users\tyin363\Documents\repos\apolloconfig__apollo\apollo-adminservice\src\main\java\com\ctrip\framework\apollo\adminservice\controller\InstanceConfigController.java,120
CLIENT:client-code:N/A:N/A,NameExpr,com.ctrip.framework.apollo.adminservice.controller.AppNamespaceController,namespaceService,C:\Users\tyin363\Documents\repos\apolloconfig__apollo\apollo-adminservice\src\main\java\com\ctrip\framework\apollo\adminservice\controller\AppNamespaceController.java,98
JDK:java.base:N/A:N/A,ClassOrInterfaceType,java.lang.String,String,C:\Users\tyin363\Documents\repos\apolloconfig__apollo\apollo-adminservice\src\main\java\com\ctrip\framework\apollo\adminservice\filter\AdminServiceAuthenticationFilter.java,63
org.springframework.boot:spring-boot:jar:2.7.11,ClassOrInterfaceType,org.springframework.boot.web.servlet.FilterRegistrationBean,FilterRegistrationBean,C:\Users\tyin363\Documents\repos\apolloconfig__apollo\apollo-adminservice\src\main\java\com\ctrip\framework\apollo\adminservice\AdminServiceAutoConfiguration.java,36
JDK:java.base:N/A:N/A,ClassOrInterfaceType,java.lang.String,String,C:\Users\tyin363\Documents\repos\apolloconfig__apollo\apollo-adminservice\src\main\java\com\ctrip\framework\apollo\adminservice\aop\NamespaceUnlockAspect.java,128
JDK:java.base:N/A:N/A,ClassOrInterfaceType,java.util.Map,Map,C:\Users\tyin363\Documents\repos\apolloconfig__apollo\apollo-adminservice\src\main\java\com\ctrip\framework\apollo\adminservice\aop\NamespaceUnlockAspect.java,128
CLIENT:client-code:N/A:N/A,NameExpr,com.ctrip.framework.apollo.adminservice.controller.NamespaceController,namespaceService,C:\Users\tyin363\Documents\repos\apolloconfig__apollo\apollo-adminservice\src\main\java\com\ctrip\framework\apollo\adminservice\controller\NamespaceController.java,69
CLIENT:client-code:N/A:N/A,FieldAccessExpr,com.ctrip.framework.apollo.adminservice.controller.ItemController,releaseService,C:\Users\tyin363\Documents\repos\apolloconfig__apollo\apollo-adminservice\src\main\java\com\ctrip\framework\apollo\adminservice\controller\ItemController.java,68
JDK:java.base:N/A:N/A,ClassOrInterfaceType,java.lang.String,String,C:\Users\tyin363\Documents\repos\apolloconfig__apollo\apollo-adminservice\src\main\java\com\ctrip\framework\apollo\adminservice\controller\NamespaceBranchController.java,73
JDK:java.base:N/A:N/A,ClassOrInterfaceType,java.lang.String,String,C:\Users\tyin363\Documents\repos\apolloconfig__apollo\apollo-adminservice\src\main\java\com\ctrip\framework\apollo\adminservice\controller\ReleaseController.java,210
JDK:java.base:N/A:N/A,ClassOrInterfaceType,java.lang.String,String,C:\Users\tyin363\Documents\repos\apolloconfig__apollo\apollo-adminservice\src\main\java\com\ctrip\framework\apollo\adminservice\controller\InstanceConfigController.java,200
CLIENT:client-code:N/A:N/A,ClassOrInterfaceType,com.ctrip.framework.apollo.adminservice.AdminServiceApplication,AdminServiceApplication,C:\Users\tyin363\Documents\repos\apolloconfig__apollo\apollo-adminservice\src\main\java\com\ctrip\framework\apollo\adminservice\ServletInitializer.java,31
org.springframework.boot:spring-boot-autoconfigure:jar:2.7.11,ClassOrInterfaceType,org.springframework.boot.autoconfigure.security.servlet.UserDetailsServiceAutoConfiguration,UserDetailsServiceAutoConfiguration,C:\Users\tyin363\Documents\repos\apolloconfig__apollo\apollo-adminservice\src\main\java\com\ctrip\framework\apollo\adminservice\AdminServiceApplication.java,34
JDK:java.base:N/A:N/A,ClassOrInterfaceType,java.lang.String,String,C:\Users\tyin363\Documents\repos\apolloconfig__apollo\apollo-adminservice\src\main\java\com\ctrip\framework\apollo\adminservice\controller\ReleaseController.java,111
CLIENT:client-code:N/A:N/A,NameExpr,com.ctrip.framework.apollo.adminservice.controller.InstanceConfigController,releaseService,C:\Users\tyin363\Documents\repos\apolloconfig__apollo\apollo-adminservice\src\main\java\com\ctrip\framework\apollo\adminservice\controller\InstanceConfigController.java,152
CLIENT:client-code:N/A:N/A,NameExpr,com.ctrip.framework.apollo.adminservice.controller.NamespaceBranchController,namespaceBranchService,C:\Users\tyin363\Documents\repos\apolloconfig__apollo\apollo-adminservice\src\main\java\com\ctrip\framework\apollo\adminservice\controller\NamespaceBranchController.java,107
org.springframework.boot:spring-boot:jar:2.7.11,ClassOrInterfaceType,org.springframework.boot.web.servlet.FilterRegistrationBean,FilterRegistrationBean,C:\Users\tyin363\Documents\repos\apolloconfig__apollo\apollo-adminservice\src\main\java\com\ctrip\framework\apollo\adminservice\AdminServiceAutoConfiguration.java,35
CLIENT:client-code:N/A:N/A,FieldAccessExpr,com.ctrip.framework.apollo.adminservice.controller.InstanceConfigController,instanceService,C:\Users\tyin363\Documents\repos\apolloconfig__apollo\apollo-adminservice\src\main\java\com\ctrip\framework\apollo\adminservice\controller\InstanceConfigController.java,65
JDK:java.base:N/A:N/A,ClassOrInterfaceType,java.lang.String,String,C:\Users\tyin363\Documents\repos\apolloconfig__apollo\apollo-adminservice\src\main\java\com\ctrip\framework\apollo\adminservice\aop\NamespaceUnlockAspect.java,94
,MethodCallExpr,org.springframework.boot.actuate.health.Health.Builder,build,C:\Users\tyin363\Documents\repos\apolloconfig__apollo\apollo-adminservice\src\main\java\com\ctrip\framework\apollo\adminservice\AdminServiceHealthIndicator.java,37
JDK:java.base:N/A:N/A,MethodCallExpr,java.lang.String,equals,C:\Users\tyin363\Documents\repos\apolloconfig__apollo\apollo-adminservice\src\main\java\com\ctrip\framework\apollo\adminservice\aop\NamespaceAcquireLockAspect.java,160
JDK:java.base:N/A:N/A,ClassOrInterfaceType,java.lang.String,String,C:\Users\tyin363\Documents\repos\apolloconfig__apollo\apollo-adminservice\src\main\java\com\ctrip\framework\apollo\adminservice\aop\NamespaceAcquireLockAspect.java,81
JDK:java.base:N/A:N/A,ClassOrInterfaceType,java.util.Map,Map,C:\Users\tyin363\Documents\repos\apolloconfig__apollo\apollo-adminservice\src\main\java\com\ctrip\framework\apollo\adminservice\aop\NamespaceUnlockAspect.java,129
CLIENT:client-code:N/A:N/A,NameExpr,com.ctrip.framework.apollo.adminservice.aop.NamespaceAcquireLockAspect,namespaceLockService,C:\Users\tyin363\Documents\repos\apolloconfig__apollo\apollo-adminservice\src\main\java\com\ctrip\framework\apollo\adminservice\aop\NamespaceAcquireLockAspect.java,125
JDK:java.base:N/A:N/A,MethodCallExpr,java.util.Collections,emptyList,C:\Users\tyin363\Documents\repos\apolloconfig__apollo\apollo-adminservice\src\main\java\com\ctrip\framework\apollo\adminservice\controller\InstanceConfigController.java,78
CLIENT:client-code:N/A:N/A,NameExpr,com.ctrip.framework.apollo.adminservice.aop.NamespaceAcquireLockAspect,bizConfig,C:\Users\tyin363\Documents\repos\apolloconfig__apollo\apollo-adminservice\src\main\java\com\ctrip\framework\apollo\adminservice\aop\NamespaceAcquireLockAspect.java,108
org.springframework.boot:spring-boot:jar:2.7.11,ObjectCreationExpr,org.springframework.boot.web.servlet.FilterRegistrationBean,FilterRegistrationBean,C:\Users\tyin363\Documents\repos\apolloconfig__apollo\apollo-adminservice\src\main\java\com\ctrip\framework\apollo\adminservice\AdminServiceAutoConfiguration.java,36
JDK:java.base:N/A:N/A,ClassOrInterfaceType,java.lang.String,String,C:\Users\tyin363\Documents\repos\apolloconfig__apollo\apollo-adminservice\src\main\java\com\ctrip\framework\apollo\adminservice\controller\ItemController.java,193
CLIENT:client-code:N/A:N/A,NameExpr,com.ctrip.framework.apollo.adminservice.aop.NamespaceUnlockAspect,itemService,C:\Users\tyin363\Documents\repos\apolloconfig__apollo\apollo-adminservice\src\main\java\com\ctrip\framework\apollo\adminservice\aop\NamespaceUnlockAspect.java,102
javax.servlet:servlet-api:jar:2.5,ClassOrInterfaceType,javax.servlet.http.HttpServletRequest,HttpServletRequest,C:\Users\tyin363\Documents\repos\apolloconfig__apollo\apollo-adminservice\src\main\java\com\ctrip\framework\apollo\adminservice\filter\AdminServiceAuthenticationFilter.java,60
CLIENT:client-code:N/A:N/A,NameExpr,com.ctrip.framework.apollo.adminservice.aop.NamespaceUnlockAspect,namespaceService,C:\Users\tyin363\Documents\repos\apolloconfig__apollo\apollo-adminservice\src\main\java\com\ctrip\framework\apollo\adminservice\aop\NamespaceUnlockAspect.java,151
CLIENT:client-code:N/A:N/A,NameExpr,com.ctrip.framework.apollo.adminservice.controller.ItemController,itemService,C:\Users\tyin363\Documents\repos\apolloconfig__apollo\apollo-adminservice\src\main\java\com\ctrip\framework\apollo\adminservice\controller\ItemController.java,225
JDK:java.base:N/A:N/A,ClassOrInterfaceType,java.util.Set,Set,C:\Users\tyin363\Documents\repos\apolloconfig__apollo\apollo-adminservice\src\main\java\com\ctrip\framework\apollo\adminservice\controller\InstanceConfigController.java,89
JDK:java.base:N/A:N/A,ClassOrInterfaceType,java.lang.String,String,C:\Users\tyin363\Documents\repos\apolloconfig__apollo\apollo-adminservice\src\main\java\com\ctrip\framework\apollo\adminservice\controller\ReleaseController.java,112
JDK:java.base:N/A:N/A,ClassOrInterfaceType,java.lang.String,String,C:\Users\tyin363\Documents\repos\apolloconfig__apollo\apollo-adminservice\src\main\java\com\ctrip\framework\apollo\adminservice\controller\ReleaseHistoryController.java,58
javax.servlet:servlet-api:jar:2.5,MethodCallExpr,javax.servlet.FilterChain,doFilter,C:\Users\tyin363\Documents\repos\apolloconfig__apollo\apollo-adminservice\src\main\java\com\ctrip\framework\apollo\adminservice\filter\AdminServiceAuthenticationFilter.java,72
CLIENT:client-code:N/A:N/A,NameExpr,com.ctrip.framework.apollo.adminservice.controller.ServerConfigController,serverConfigService,C:\Users\tyin363\Documents\repos\apolloconfig__apollo\apollo-adminservice\src\main\java\com\ctrip\framework\apollo\adminservice\controller\ServerConfigController.java,45
CLIENT:client-code:N/A:N/A,ClassOrInterfaceType,com.ctrip.framework.apollo.adminservice.aop.NamespaceAcquireLockAspect,NamespaceAcquireLockAspect,C:\Users\tyin363\Documents\repos\apolloconfig__apollo\apollo-adminservice\src\main\java\com\ctrip\framework\apollo\adminservice\aop\NamespaceAcquireLockAspect.java,46
CLIENT:client-code:N/A:N/A,FieldAccessExpr,com.ctrip.framework.apollo.adminservice.controller.AccessKeyController,accessKeyService,C:\Users\tyin363\Documents\repos\apolloconfig__apollo\apollo-adminservice\src\main\java\com\ctrip\framework\apollo\adminservice\controller\AccessKeyController.java,45
JDK:java.base:N/A:N/A,ClassOrInterfaceType,java.lang.String,String,C:\Users\tyin363\Documents\repos\apolloconfig__apollo\apollo-adminservice\src\main\java\com\ctrip\framework\apollo\adminservice\controller\ItemController.java,194
JDK:java.base:N/A:N/A,ClassOrInterfaceType,java.lang.String,String,C:\Users\tyin363\Documents\repos\apolloconfig__apollo\apollo-adminservice\src\main\java\com\ctrip\framework\apollo\adminservice\controller\ReleaseController.java,212
JDK:java.base:N/A:N/A,ClassOrInterfaceType,java.lang.String,String,C:\Users\tyin363\Documents\repos\apolloconfig__apollo\apollo-adminservice\src\main\java\com\ctrip\framework\apollo\adminservice\controller\ReleaseHistoryController.java,57
CLIENT:client-code:N/A:N/A,NameExpr,com.ctrip.framework.apollo.adminservice.controller.ReleaseHistoryController,GSON,C:\Users\tyin363\Documents\repos\apolloconfig__apollo\apollo-adminservice\src\main\java\com\ctrip\framework\apollo\adminservice\controller\ReleaseHistoryController.java,107
com.google.code.gson:gson:jar:2.8.9,ClassOrInterfaceType,com.google.gson.Gson,Gson,C:\Users\tyin363\Documents\repos\apolloconfig__apollo\apollo-adminservice\src\main\java\com\ctrip\framework\apollo\adminservice\aop\NamespaceUnlockAspect.java,56
CLIENT:client-code:N/A:N/A,NameExpr,com.ctrip.framework.apollo.adminservice.controller.ItemController,namespaceService,C:\Users\tyin363\Documents\repos\apolloconfig__apollo\apollo-adminservice\src\main\java\com\ctrip\framework\apollo\adminservice\controller\ItemController.java,177
CLIENT:client-code:N/A:N/A,FieldAccessExpr,com.ctrip.framework.apollo.adminservice.controller.NamespaceController,namespaceService,C:\Users\tyin363\Documents\repos\apolloconfig__apollo\apollo-adminservice\src\main\java\com\ctrip\framework\apollo\adminservice\controller\NamespaceController.java,47
org.springframework.boot:spring-boot:jar:2.7.11,MethodCallExpr,org.springframework.boot.web.servlet.AbstractFilterRegistrationBean,addUrlPatterns,C:\Users\tyin363\Documents\repos\apolloconfig__apollo\apollo-adminservice\src\main\java\com\ctrip\framework\apollo\adminservice\AdminServiceAutoConfiguration.java,39
com.google.guava:guava:jar:16.0,MethodCallExpr,com.google.common.base.Splitter,on,C:\Users\tyin363\Documents\repos\apolloconfig__apollo\apollo-adminservice\src\main\java\com\ctrip\framework\apollo\adminservice\filter\AdminServiceAuthenticationFilter.java,40
JDK:java.base:N/A:N/A,ClassOrInterfaceType,java.util.List,List,C:\Users\tyin363\Documents\repos\apolloconfig__apollo\apollo-adminservice\src\main\java\com\ctrip\framework\apollo\adminservice\filter\AdminServiceAuthenticationFilter.java,45
CLIENT:client-code:N/A:N/A,NameExpr,com.ctrip.framework.apollo.adminservice.controller.AppNamespaceController,appNamespaceService,C:\Users\tyin363\Documents\repos\apolloconfig__apollo\apollo-adminservice\src\main\java\com\ctrip\framework\apollo\adminservice\controller\AppNamespaceController.java,58
CLIENT:client-code:N/A:N/A,NameExpr,com.ctrip.framework.apollo.adminservice.controller.InstanceConfigController,instanceService,C:\Users\tyin363\Documents\repos\apolloconfig__apollo\apollo-adminservice\src\main\java\com\ctrip\framework\apollo\adminservice\controller\InstanceConfigController.java,91
org.slf4j:slf4j-api:jar:1.7.33,MethodCallExpr,org.slf4j.LoggerFactory,getLogger,C:\Users\tyin363\Documents\repos\apolloconfig__apollo\apollo-adminservice\src\main\java\com\ctrip\framework\apollo\adminservice\aop\NamespaceAcquireLockAspect.java,46
JDK:java.base:N/A:N/A,MethodCallExpr,java.util.stream.Stream,collect,C:\Users\tyin363\Documents\repos\apolloconfig__apollo\apollo-adminservice\src\main\java\com\ctrip\framework\apollo\adminservice\controller\InstanceConfigController.java,120
