Library_Name,Symbol_Type,Class_Name,Symbol_Name,Usage_Location,Line_Number
JDK:java.base:N/A:N/A,ClassOrInterfaceType,java.lang.Integer,Integer,C:\Users\tyin363\Documents\repos\lyrric__seckill\src\main\java\com\github\lyrric\service\SecKillRunnable.java,28
CLIENT:client-code:N/A:N/A,MethodCallExpr,com.github.lyrric.service.SecKillService,startSecKill,C:\Users\tyin363\Documents\repos\lyrric__seckill\src\main\java\com\github\lyrric\ui\MainFrame.java,208
org.apache.logging.log4j:log4j-api:jar:2.13.3,ClassOrInterfaceType,org.apache.logging.log4j.Logger,Logger,C:\Users\tyin363\Documents\repos\lyrric__seckill\src\main\java\com\github\lyrric\service\HttpService.java,38
JDK:java.base:N/A:N/A,ClassOrInterfaceType,java.io.IOException,IOException,C:\Users\tyin363\Documents\repos\lyrric__seckill\src\main\java\com\github\lyrric\service\HttpService.java,121
CLIENT:client-code:N/A:N/A,NameExpr,com.github.lyrric.ui.MainFrame,vaccinesTable,C:\Users\tyin363\Documents\repos\lyrric__seckill\src\main\java\com\github\lyrric\ui\MainFrame.java,174
CLIENT:client-code:N/A:N/A,FieldAccessExpr,com.github.lyrric.model.VaccineDetail,time,C:\Users\tyin363\Documents\repos\lyrric__seckill\src\main\java\com\github\lyrric\model\VaccineDetail.java,72
JDK:java.base:N/A:N/A,ClassOrInterfaceType,javax.swing.JButton,JButton,C:\Users\tyin363\Documents\repos\lyrric__seckill\src\main\java\com\github\lyrric\ui\MainFrame.java,34
JDK:java.base:N/A:N/A,MethodCallExpr,java.lang.Integer,parseInt,C:\Users\tyin363\Documents\repos\lyrric__seckill\src\main\java\com\github\lyrric\ui\ConsoleMode.java,63
JDK:java.base:N/A:N/A,ClassOrInterfaceType,java.lang.String,String,C:\Users\tyin363\Documents\repos\lyrric__seckill\src\main\java\com\github\lyrric\model\SubDateTime.java,9
CLIENT:client-code:N/A:N/A,NameExpr,com.github.lyrric.model.SubDateTime,startTime,C:\Users\tyin363\Documents\repos\lyrric__seckill\src\main\java\com\github\lyrric\model\SubDateTime.java,21
CLIENT:client-code:N/A:N/A,NameExpr,com.github.lyrric.model.VaccineList,startTime,C:\Users\tyin363\Documents\repos\lyrric__seckill\src\main\java\com\github\lyrric\model\VaccineList.java,69
JDK:java.base:N/A:N/A,ClassOrInterfaceType,java.util.HashMap,HashMap,C:\Users\tyin363\Documents\repos\lyrric__seckill\src\main\java\com\github\lyrric\service\HttpService.java,53
JDK:java.base:N/A:N/A,ClassOrInterfaceType,java.lang.String,String,C:\Users\tyin363\Documents\repos\lyrric__seckill\src\main\java\com\github\lyrric\model\Member.java,21
JDK:java.base:N/A:N/A,ClassOrInterfaceType,java.lang.String,String,C:\Users\tyin363\Documents\repos\lyrric__seckill\src\main\java\com\github\lyrric\model\VaccineList.java,68
CLIENT:client-code:N/A:N/A,NameExpr,com.github.lyrric.model.SubDateTime,maxSub,C:\Users\tyin363\Documents\repos\lyrric__seckill\src\main\java\com\github\lyrric\model\SubDateTime.java,45
JDK:java.base:N/A:N/A,MethodCallExpr,java.util.Map,put,C:\Users\tyin363\Documents\repos\lyrric__seckill\src\main\java\com\github\lyrric\service\HttpService.java,55
org.apache.httpcomponents:httpclient:jar:4.5.13,ClassOrInterfaceType,org.apache.http.client.methods.HttpGet,HttpGet,C:\Users\tyin363\Documents\repos\lyrric__seckill\src\main\java\com\github\lyrric\service\HttpService.java,133
JDK:java.base:N/A:N/A,MethodCallExpr,java.lang.String,trim,C:\Users\tyin363\Documents\repos\lyrric__seckill\src\main\java\com\github\lyrric\service\HttpService.java,162
CLIENT:client-code:N/A:N/A,FieldAccessExpr,com.github.lyrric.conf.Config,idCard,C:\Users\tyin363\Documents\repos\lyrric__seckill\src\main\java\com\github\lyrric\ui\ConsoleMode.java,54
CLIENT:client-code:N/A:N/A,FieldAccessExpr,com.github.lyrric.model.BusinessException,code,C:\Users\tyin363\Documents\repos\lyrric__seckill\src\main\java\com\github\lyrric\model\BusinessException.java,16
CLIENT:client-code:N/A:N/A,ClassOrInterfaceType,com.github.lyrric.model.Area,Area,C:\Users\tyin363\Documents\repos\lyrric__seckill\src\main\java\com\github\lyrric\ui\MainFrame.java,115
com.alibaba:fastjson:jar:1.2.72,MethodCallExpr,com.alibaba.fastjson.JSON,parseObject,C:\Users\tyin363\Documents\repos\lyrric__seckill\src\main\java\com\github\lyrric\service\HttpService.java,100
JDK:java.base:N/A:N/A,ObjectCreationExpr,javax.swing.JTable,JTable,C:\Users\tyin363\Documents\repos\lyrric__seckill\src\main\java\com\github\lyrric\ui\MemberDialog.java,39
org.apache.httpcomponents:httpcore:jar:4.4.13,ClassOrInterfaceType,org.apache.http.Header,Header,C:\Users\tyin363\Documents\repos\lyrric__seckill\src\main\java\com\github\lyrric\service\HttpService.java,144
com.alibaba:fastjson:jar:1.2.72,MethodCallExpr,com.alibaba.fastjson.JSONObject,getString,C:\Users\tyin363\Documents\repos\lyrric__seckill\src\main\java\com\github\lyrric\service\HttpService.java,154
CLIENT:client-code:N/A:N/A,NameExpr,com.github.lyrric.ui.MainFrame,provinceBox,C:\Users\tyin363\Documents\repos\lyrric__seckill\src\main\java\com\github\lyrric\ui\MainFrame.java,161
,MethodCallExpr,org.apache.http.client.config.RequestConfig.Builder,build,C:\Users\tyin363\Documents\repos\lyrric__seckill\src\main\java\com\github\lyrric\service\HttpService.java,138
JDK:java.base:N/A:N/A,ClassOrInterfaceType,java.lang.InterruptedException,InterruptedException,C:\Users\tyin363\Documents\repos\lyrric__seckill\src\main\java\com\github\lyrric\ui\ConsoleMode.java,40
JDK:java.base:N/A:N/A,ClassOrInterfaceType,java.lang.String,String,C:\Users\tyin363\Documents\repos\lyrric__seckill\src\main\java\com\github\lyrric\model\BusinessException.java,14
CLIENT:client-code:N/A:N/A,NameExpr,com.github.lyrric.ui.MainFrame,startBtn,C:\Users\tyin363\Documents\repos\lyrric__seckill\src\main\java\com\github\lyrric\ui\MainFrame.java,77
CLIENT:client-code:N/A:N/A,NameExpr,com.github.lyrric.ui.MainFrame,vaccinesTable,C:\Users\tyin363\Documents\repos\lyrric__seckill\src\main\java\com\github\lyrric\ui\MainFrame.java,175
CLIENT:client-code:N/A:N/A,NameExpr,com.github.lyrric.ui.ConsoleMode,secKillService,C:\Users\tyin363\Documents\repos\lyrric__seckill\src\main\java\com\github\lyrric\ui\ConsoleMode.java,68
JDK:java.base:N/A:N/A,ClassOrInterfaceType,java.lang.String,String,C:\Users\tyin363\Documents\repos\lyrric__seckill\src\main\java\com\github\lyrric\util\ParseUtil.java,83
JDK:java.base:N/A:N/A,ClassOrInterfaceType,java.lang.String,String,C:\Users\tyin363\Documents\repos\lyrric__seckill\src\main\java\com\github\lyrric\model\Area.java,28
JDK:java.base:N/A:N/A,FieldAccessExpr,javax.swing.JOptionPane,PLAIN_MESSAGE,C:\Users\tyin363\Documents\repos\lyrric__seckill\src\main\java\com\github\lyrric\ui\ConfigDialog.java,59
JDK:java.base:N/A:N/A,MethodCallExpr,java.util.concurrent.Executors,newFixedThreadPool,C:\Users\tyin363\Documents\repos\lyrric__seckill\src\main\java\com\github\lyrric\service\SecKillService.java,33
CLIENT:client-code:N/A:N/A,ClassOrInterfaceType,com.github.lyrric.model.VaccineDetail.Day,Day,C:\Users\tyin363\Documents\repos\lyrric__seckill\src\main\java\com\github\lyrric\model\VaccineDetail.java,63
JDK:java.base:N/A:N/A,MethodCallExpr,java.util.Map,put,C:\Users\tyin363\Documents\repos\lyrric__seckill\src\main\java\com\github\lyrric\service\HttpService.java,54
JDK:java.base:N/A:N/A,FieldAccessExpr,java.nio.charset.StandardCharsets,UTF_8,C:\Users\tyin363\Documents\repos\lyrric__seckill\src\main\java\com\github\lyrric\service\HttpService.java,149
CLIENT:client-code:N/A:N/A,NameExpr,com.github.lyrric.service.SecKillService,httpService,C:\Users\tyin363\Documents\repos\lyrric__seckill\src\main\java\com\github\lyrric\service\SecKillService.java,55
JDK:java.base:N/A:N/A,ClassOrInterfaceType,java.lang.String,String,C:\Users\tyin363\Documents\repos\lyrric__seckill\src\main\java\com\github\lyrric\model\SubDateTime.java,11
CLIENT:client-code:N/A:N/A,ClassOrInterfaceType,com.github.lyrric.model.Area,Area,C:\Users\tyin363\Documents\repos\lyrric__seckill\src\main\java\com\github\lyrric\ui\MainFrame.java,50
JDK:java.base:N/A:N/A,ClassOrInterfaceType,java.lang.Long,Long,C:\Users\tyin363\Documents\repos\lyrric__seckill\src\main\java\com\github\lyrric\model\VaccineDetail.java,87
JDK:java.base:N/A:N/A,ClassOrInterfaceType,java.util.ArrayList,ArrayList,C:\Users\tyin363\Documents\repos\lyrric__seckill\src\main\java\com\github\lyrric\service\HttpService.java,170
CLIENT:client-code:N/A:N/A,MethodCallExpr,com.github.lyrric.model.Member,getIdCardNo,C:\Users\tyin363\Documents\repos\lyrric__seckill\src\main\java\com\github\lyrric\ui\MemberDialog.java,71
JDK:java.base:N/A:N/A,MethodCallExpr,java.lang.System,currentTimeMillis,C:\Users\tyin363\Documents\repos\lyrric__seckill\src\main\java\com\github\lyrric\service\SecKillService.java,66
CLIENT:client-code:N/A:N/A,MethodCallExpr,com.github.lyrric.ui.MemberDialog,success,C:\Users\tyin363\Documents\repos\lyrric__seckill\src\main\java\com\github\lyrric\ui\MainFrame.java,90
CLIENT:client-code:N/A:N/A,MethodCallExpr,com.github.lyrric.model.VaccineList,getStartTime,C:\Users\tyin363\Documents\repos\lyrric__seckill\src\main\java\com\github\lyrric\ui\MainFrame.java,202
JDK:java.base:N/A:N/A,MethodCallExpr,java.lang.Thread,sleep,C:\Users\tyin363\Documents\repos\lyrric__seckill\src\main\java\com\github\lyrric\service\SecKillService.java,69
CLIENT:client-code:N/A:N/A,ClassOrInterfaceType,com.github.lyrric.ui.ConsoleMode,ConsoleMode,C:\Users\tyin363\Documents\repos\lyrric__seckill\src\main\java\com\github\lyrric\ui\ConsoleMode.java,32
JDK:java.base:N/A:N/A,ClassOrInterfaceType,javax.swing.JButton,JButton,C:\Users\tyin363\Documents\repos\lyrric__seckill\src\main\java\com\github\lyrric\ui\MainFrame.java,36
CLIENT:client-code:N/A:N/A,FieldAccessExpr,com.github.lyrric.model.VaccineList,vaccineCode,C:\Users\tyin363\Documents\repos\lyrric__seckill\src\main\java\com\github\lyrric\model\VaccineList.java,45
JDK:java.base:N/A:N/A,ObjectCreationExpr,java.util.HashMap,HashMap,C:\Users\tyin363\Documents\repos\lyrric__seckill\src\main\java\com\github\lyrric\service\HttpService.java,71
CLIENT:client-code:N/A:N/A,MethodCallExpr,com.github.lyrric.service.SecKillService,startSecKill,C:\Users\tyin363\Documents\repos\lyrric__seckill\src\main\java\com\github\lyrric\ui\ConsoleMode.java,68
JDK:java.base:N/A:N/A,MethodCallExpr,java.util.Map,put,C:\Users\tyin363\Documents\repos\lyrric__seckill\src\main\java\com\github\lyrric\service\HttpService.java,57
CLIENT:client-code:N/A:N/A,MethodCallExpr,com.github.lyrric.model.BusinessException,getErrMsg,C:\Users\tyin363\Documents\repos\lyrric__seckill\src\main\java\com\github\lyrric\service\SecKillRunnable.java,60
CLIENT:client-code:N/A:N/A,NameExpr,com.github.lyrric.service.SecKillRunnable,resetSt,C:\Users\tyin363\Documents\repos\lyrric__seckill\src\main\java\com\github\lyrric\service\SecKillRunnable.java,47
JDK:java.base:N/A:N/A,FieldAccessExpr,javax.swing.ScrollPaneConstants,VERTICAL_SCROLLBAR_ALWAYS,C:\Users\tyin363\Documents\repos\lyrric__seckill\src\main\java\com\github\lyrric\ui\MainFrame.java,107
CLIENT:client-code:N/A:N/A,NameExpr,com.github.lyrric.ui.MainFrame,vaccines,C:\Users\tyin363\Documents\repos\lyrric__seckill\src\main\java\com\github\lyrric\ui\MainFrame.java,201
JDK:java.base:N/A:N/A,ClassOrInterfaceType,java.lang.String,String,C:\Users\tyin363\Documents\repos\lyrric__seckill\src\main\java\com\github\lyrric\conf\Config.java,39
CLIENT:client-code:N/A:N/A,NameExpr,com.github.lyrric.ui.MainFrame,setCookieBtn,C:\Users\tyin363\Documents\repos\lyrric__seckill\src\main\java\com\github\lyrric\ui\MainFrame.java,213
JDK:java.base:N/A:N/A,MethodCallExpr,java.awt.Container,add,C:\Users\tyin363\Documents\repos\lyrric__seckill\src\main\java\com\github\lyrric\ui\MemberDialog.java,42
com.alibaba:fastjson:jar:1.2.72,MethodCallExpr,com.alibaba.fastjson.JSONObject,getString,C:\Users\tyin363\Documents\repos\lyrric__seckill\src\main\java\com\github\lyrric\service\HttpService.java,152
org.apache.logging.log4j:log4j-api:jar:2.13.3,ClassOrInterfaceType,org.apache.logging.log4j.Logger,Logger,C:\Users\tyin363\Documents\repos\lyrric__seckill\src\main\java\com\github\lyrric\service\SecKillService.java,31
CLIENT:client-code:N/A:N/A,ObjectCreationExpr,com.github.lyrric.model.BusinessException,BusinessException,C:\Users\tyin363\Documents\repos\lyrric__seckill\src\main\java\com\github\lyrric\service\HttpService.java,117
JDK:java.base:N/A:N/A,MethodCallExpr,java.util.List,toArray,C:\Users\tyin363\Documents\repos\lyrric__seckill\src\main\java\com\github\lyrric\ui\MainFrame.java,132
CLIENT:client-code:N/A:N/A,ClassOrInterfaceType,com.github.lyrric.model.Area,Area,C:\Users\tyin363\Documents\repos\lyrric__seckill\src\main\java\com\github\lyrric\model\Area.java,15
JDK:java.base:N/A:N/A,ClassOrInterfaceType,java.lang.String,String,C:\Users\tyin363\Documents\repos\lyrric__seckill\src\main\java\com\github\lyrric\model\BusinessException.java,12
CLIENT:client-code:N/A:N/A,NameExpr,com.github.lyrric.ui.MainFrame,vaccinesTable,C:\Users\tyin363\Documents\repos\lyrric__seckill\src\main\java\com\github\lyrric\ui\MainFrame.java,173
CLIENT:client-code:N/A:N/A,NameExpr,com.github.lyrric.ui.MainFrame,cityBox,C:\Users\tyin363\Documents\repos\lyrric__seckill\src\main\java\com\github\lyrric\ui\MainFrame.java,125
CLIENT:client-code:N/A:N/A,NameExpr,com.github.lyrric.model.BusinessException,errMsg,C:\Users\tyin363\Documents\repos\lyrric__seckill\src\main\java\com\github\lyrric\model\BusinessException.java,29
JDK:java.base:N/A:N/A,MethodCallExpr,javax.swing.AbstractButton,addActionListener,C:\Users\tyin363\Documents\repos\lyrric__seckill\src\main\java\com\github\lyrric\ui\ConfigDialog.java,57
JDK:java.base:N/A:N/A,ClassOrInterfaceType,java.util.Scanner,Scanner,C:\Users\tyin363\Documents\repos\lyrric__seckill\src\main\java\com\github\lyrric\ui\ConsoleMode.java,41
CLIENT:client-code:N/A:N/A,ObjectCreationExpr,com.github.lyrric.service.HttpService,HttpService,C:\Users\tyin363\Documents\repos\lyrric__seckill\src\main\java\com\github\lyrric\service\SecKillService.java,36
CLIENT:client-code:N/A:N/A,NameExpr,com.github.lyrric.ui.MainFrame,vaccines,C:\Users\tyin363\Documents\repos\lyrric__seckill\src\main\java\com\github\lyrric\ui\MainFrame.java,202
JDK:java.base:N/A:N/A,FieldAccessExpr,javax.swing.JOptionPane,PLAIN_MESSAGE,C:\Users\tyin363\Documents\repos\lyrric__seckill\src\main\java\com\github\lyrric\ui\MemberDialog.java,76
JDK:java.base:N/A:N/A,MethodCallExpr,java.util.Map,put,C:\Users\tyin363\Documents\repos\lyrric__seckill\src\main\java\com\github\lyrric\service\HttpService.java,56
CLIENT:client-code:N/A:N/A,NameExpr,com.github.lyrric.service.SecKillRunnable,logger,C:\Users\tyin363\Documents\repos\lyrric__seckill\src\main\java\com\github\lyrric\service\SecKillRunnable.java,48
CLIENT:client-code:N/A:N/A,NameExpr,com.github.lyrric.service.SecKillRunnable,vaccineId,C:\Users\tyin363\Documents\repos\lyrric__seckill\src\main\java\com\github\lyrric\service\SecKillRunnable.java,53
JDK:java.base:N/A:N/A,MethodCallExpr,javax.swing.JTable,getSelectedRow,C:\Users\tyin363\Documents\repos\lyrric__seckill\src\main\java\com\github\lyrric\ui\MainFrame.java,195
CLIENT:client-code:N/A:N/A,FieldAccessExpr,com.github.lyrric.ui.ConfigDialog,owner,C:\Users\tyin363\Documents\repos\lyrric__seckill\src\main\java\com\github\lyrric\ui\ConfigDialog.java,29
CLIENT:client-code:N/A:N/A,ObjectCreationExpr,com.github.lyrric.service.SecKillRunnable,SecKillRunnable,C:\Users\tyin363\Documents\repos\lyrric__seckill\src\main\java\com\github\lyrric\service\SecKillService.java,78
JDK:java.base:N/A:N/A,ClassOrInterfaceType,java.util.Map,Map,C:\Users\tyin363\Documents\repos\lyrric__seckill\src\main\java\com\github\lyrric\conf\Config.java,47
JDK:java.base:N/A:N/A,ClassOrInterfaceType,java.lang.Integer,Integer,C:\Users\tyin363\Documents\repos\lyrric__seckill\src\main\java\com\github\lyrric\model\VaccineDetail.java,40
CLIENT:client-code:N/A:N/A,NameExpr,com.github.lyrric.ui.MainFrame,note,C:\Users\tyin363\Documents\repos\lyrric__seckill\src\main\java\com\github\lyrric\ui\MainFrame.java,103
CLIENT:client-code:N/A:N/A,NameExpr,com.github.lyrric.ui.MainFrame,startBtn,C:\Users\tyin363\Documents\repos\lyrric__seckill\src\main\java\com\github\lyrric\ui\MainFrame.java,214
org.apache.logging.log4j:log4j-api:jar:2.13.3,MethodCallExpr,org.apache.logging.log4j.Logger,warn,C:\Users\tyin363\Documents\repos\lyrric__seckill\src\main\java\com\github\lyrric\service\SecKillRunnable.java,67
JDK:java.base:N/A:N/A,ClassOrInterfaceType,javax.swing.JTextField,JTextField,C:\Users\tyin363\Documents\repos\lyrric__seckill\src\main\java\com\github\lyrric\ui\ConfigDialog.java,22
JDK:java.base:N/A:N/A,MethodCallExpr,java.util.concurrent.ExecutorService,shutdown,C:\Users\tyin363\Documents\repos\lyrric__seckill\src\main\java\com\github\lyrric\service\SecKillService.java,79
CLIENT:client-code:N/A:N/A,MethodCallExpr,com.github.lyrric.ui.MainFrame,appendMsg,C:\Users\tyin363\Documents\repos\lyrric__seckill\src\main\java\com\github\lyrric\ui\MainFrame.java,91
JDK:java.base:N/A:N/A,ClassOrInterfaceType,java.lang.String,String,C:\Users\tyin363\Documents\repos\lyrric__seckill\src\main\java\com\github\lyrric\model\VaccineList.java,64
JDK:java.base:N/A:N/A,ClassOrInterfaceType,java.lang.String,String,C:\Users\tyin363\Documents\repos\lyrric__seckill\src\main\java\com\github\lyrric\service\HttpService.java,162
JDK:java.base:N/A:N/A,ClassOrInterfaceType,java.lang.String,String,C:\Users\tyin363\Documents\repos\lyrric__seckill\src\main\java\com\github\lyrric\service\HttpService.java,96
CLIENT:client-code:N/A:N/A,FieldAccessExpr,com.github.lyrric.model.SubDate,total,C:\Users\tyin363\Documents\repos\lyrric__seckill\src\main\java\com\github\lyrric\model\SubDate.java,30
JDK:java.base:N/A:N/A,MethodCallExpr,java.lang.String,indexOf,C:\Users\tyin363\Documents\repos\lyrric__seckill\src\main\java\com\github\lyrric\util\ParseUtil.java,36
JDK:java.base:N/A:N/A,MethodCallExpr,java.util.List,add,C:\Users\tyin363\Documents\repos\lyrric__seckill\src\main\java\com\github\lyrric\service\HttpService.java,136
JDK:java.base:N/A:N/A,MethodCallExpr,java.lang.Thread,getId,C:\Users\tyin363\Documents\repos\lyrric__seckill\src\main\java\com\github\lyrric\service\SecKillRunnable.java,67
JDK:java.base:N/A:N/A,MethodCallExpr,javax.swing.text.JTextComponent,setEditable,C:\Users\tyin363\Documents\repos\lyrric__seckill\src\main\java\com\github\lyrric\ui\MainFrame.java,103
org.apache.logging.log4j:log4j-api:jar:2.13.3,MethodCallExpr,org.apache.logging.log4j.Logger,info,C:\Users\tyin363\Documents\repos\lyrric__seckill\src\main\java\com\github\lyrric\service\SecKillService.java,68
JDK:java.base:N/A:N/A,ClassOrInterfaceType,java.lang.String,String,C:\Users\tyin363\Documents\repos\lyrric__seckill\src\main\java\com\github\lyrric\model\BusinessException.java,10
JDK:java.base:N/A:N/A,ClassOrInterfaceType,java.util.List,List,C:\Users\tyin363\Documents\repos\lyrric__seckill\src\main\java\com\github\lyrric\model\VaccineDetail.java,15
CLIENT:client-code:N/A:N/A,MethodCallExpr,com.github.lyrric.ui.MemberDialog,initData,C:\Users\tyin363\Documents\repos\lyrric__seckill\src\main\java\com\github\lyrric\ui\MemberDialog.java,56
CLIENT:client-code:N/A:N/A,NameExpr,com.github.lyrric.ui.MainFrame,startBtn,C:\Users\tyin363\Documents\repos\lyrric__seckill\src\main\java\com\github\lyrric\ui\MainFrame.java,147
JDK:java.base:N/A:N/A,ClassOrInterfaceType,java.io.IOException,IOException,C:\Users\tyin363\Documents\repos\lyrric__seckill\src\main\java\com\github\lyrric\ui\MemberDialog.java,74
CLIENT:client-code:N/A:N/A,ObjectCreationExpr,com.github.lyrric.service.SecKillRunnable,SecKillRunnable,C:\Users\tyin363\Documents\repos\lyrric__seckill\src\main\java\com\github\lyrric\service\SecKillService.java,76
JDK:java.base:N/A:N/A,ClassOrInterfaceType,java.lang.String,String,C:\Users\tyin363\Documents\repos\lyrric__seckill\src\main\java\com\github\lyrric\model\Area.java,24
JDK:java.base:N/A:N/A,MethodCallExpr,java.util.Date,getTime,C:\Users\tyin363\Documents\repos\lyrric__seckill\src\main\java\com\github\lyrric\service\SecKillService.java,114
JDK:java.base:N/A:N/A,ClassOrInterfaceType,java.lang.String,String,C:\Users\tyin363\Documents\repos\lyrric__seckill\src\main\java\com\github\lyrric\model\Member.java,16
CLIENT:client-code:N/A:N/A,NameExpr,com.github.lyrric.service.HttpService,logger,C:\Users\tyin363\Documents\repos\lyrric__seckill\src\main\java\com\github\lyrric\service\HttpService.java,178
org.apache.logging.log4j:log4j-api:jar:2.13.3,MethodCallExpr,org.apache.logging.log4j.Logger,info,C:\Users\tyin363\Documents\repos\lyrric__seckill\src\main\java\com\github\lyrric\ui\ConsoleMode.java,42
JDK:java.base:N/A:N/A,MethodCallExpr,java.lang.String,indexOf,C:\Users\tyin363\Documents\repos\lyrric__seckill\src\main\java\com\github\lyrric\util\ParseUtil.java,35
JDK:java.base:N/A:N/A,ClassOrInterfaceType,javax.swing.JTextField,JTextField,C:\Users\tyin363\Documents\repos\lyrric__seckill\src\main\java\com\github\lyrric\ui\ConfigDialog.java,21
JDK:java.base:N/A:N/A,ClassOrInterfaceType,javax.swing.JButton,JButton,C:\Users\tyin363\Documents\repos\lyrric__seckill\src\main\java\com\github\lyrric\ui\MainFrame.java,95
JDK:java.base:N/A:N/A,ClassOrInterfaceType,java.net.SocketTimeoutException,SocketTimeoutException,C:\Users\tyin363\Documents\repos\lyrric__seckill\src\main\java\com\github\lyrric\service\SecKillRunnable.java,64
CLIENT:client-code:N/A:N/A,NameExpr,com.github.lyrric.ui.MainFrame,note,C:\Users\tyin363\Documents\repos\lyrric__seckill\src\main\java\com\github\lyrric\ui\MainFrame.java,104
CLIENT:client-code:N/A:N/A,NameExpr,com.github.lyrric.model.VaccineList,address,C:\Users\tyin363\Documents\repos\lyrric__seckill\src\main\java\com\github\lyrric\model\VaccineList.java,57
JDK:java.base:N/A:N/A,FieldAccessExpr,javax.swing.JOptionPane,PLAIN_MESSAGE,C:\Users\tyin363\Documents\repos\lyrric__seckill\src\main\java\com\github\lyrric\ui\MemberDialog.java,78
CLIENT:client-code:N/A:N/A,MethodCallExpr,com.github.lyrric.service.HttpService,getSt,C:\Users\tyin363\Documents\repos\lyrric__seckill\src\main\java\com\github\lyrric\service\SecKillService.java,55
CLIENT:client-code:N/A:N/A,MethodCallExpr,com.github.lyrric.model.BusinessException,getErrMsg,C:\Users\tyin363\Documents\repos\lyrric__seckill\src\main\java\com\github\lyrric\service\SecKillRunnable.java,59
JDK:java.base:N/A:N/A,ClassOrInterfaceType,java.lang.String,String,C:\Users\tyin363\Documents\repos\lyrric__seckill\src\main\java\com\github\lyrric\service\HttpService.java,95
JDK:java.base:N/A:N/A,MethodCallExpr,java.awt.Container,removeAll,C:\Users\tyin363\Documents\repos\lyrric__seckill\src\main\java\com\github\lyrric\ui\MemberDialog.java,65
JDK:java.base:N/A:N/A,ClassOrInterfaceType,java.lang.Long,Long,C:\Users\tyin363\Documents\repos\lyrric__seckill\src\main\java\com\github\lyrric\model\VaccineDetail.java,25
JDK:java.base:N/A:N/A,MethodCallExpr,java.lang.Throwable,printStackTrace,C:\Users\tyin363\Documents\repos\lyrric__seckill\src\main\java\com\github\lyrric\ui\MemberDialog.java,75
CLIENT:client-code:N/A:N/A,NameExpr,com.github.lyrric.service.SecKillRunnable,logger,C:\Users\tyin363\Documents\repos\lyrric__seckill\src\main\java\com\github\lyrric\service\SecKillRunnable.java,50
JDK:java.base:N/A:N/A,MethodCallExpr,java.lang.String,split,C:\Users\tyin363\Documents\repos\lyrric__seckill\src\main\java\com\github\lyrric\ui\ConfigDialog.java,95
org.apache.httpcomponents:httpcore:jar:4.4.13,MethodCallExpr,org.apache.http.message.BufferedHeader,getBuffer,C:\Users\tyin363\Documents\repos\lyrric__seckill\src\main\java\com\github\lyrric\service\HttpService.java,162
JDK:java.base:N/A:N/A,ObjectCreationExpr,javax.swing.JTextArea,JTextArea,C:\Users\tyin363\Documents\repos\lyrric__seckill\src\main\java\com\github\lyrric\ui\MainFrame.java,101
JDK:java.base:N/A:N/A,MethodCallExpr,java.lang.Thread,sleep,C:\Users\tyin363\Documents\repos\lyrric__seckill\src\main\java\com\github\lyrric\service\SecKillService.java,73
JDK:java.base:N/A:N/A,ClassOrInterfaceType,java.lang.String,String,C:\Users\tyin363\Documents\repos\lyrric__seckill\src\main\java\com\github\lyrric\conf\Config.java,43
CLIENT:client-code:N/A:N/A,NameExpr,com.github.lyrric.ui.MainFrame,cityBox,C:\Users\tyin363\Documents\repos\lyrric__seckill\src\main\java\com\github\lyrric\ui\MainFrame.java,122
JDK:java.base:N/A:N/A,ClassOrInterfaceType,java.lang.Integer,Integer,C:\Users\tyin363\Documents\repos\lyrric__seckill\src\main\java\com\github\lyrric\service\SecKillRunnable.java,34
CLIENT:client-code:N/A:N/A,ClassOrInterfaceType,com.github.lyrric.model.Area,Area,C:\Users\tyin363\Documents\repos\lyrric__seckill\src\main\java\com\github\lyrric\ui\MainFrame.java,121
CLIENT:client-code:N/A:N/A,NameExpr,com.github.lyrric.ui.MainFrame,note,C:\Users\tyin363\Documents\repos\lyrric__seckill\src\main\java\com\github\lyrric\ui\MainFrame.java,105
CLIENT:client-code:N/A:N/A,MethodCallExpr,com.github.lyrric.ui.MainFrame,init,C:\Users\tyin363\Documents\repos\lyrric__seckill\src\main\java\com\github\lyrric\ui\MainFrame.java,57
JDK:java.base:N/A:N/A,MethodCallExpr,java.lang.StringBuilder,toString,C:\Users\tyin363\Documents\repos\lyrric__seckill\src\main\java\com\github\lyrric\service\HttpService.java,127
JDK:java.base:N/A:N/A,ClassOrInterfaceType,java.util.ArrayList,ArrayList,C:\Users\tyin363\Documents\repos\lyrric__seckill\src\main\java\com\github\lyrric\service\HttpService.java,177
CLIENT:client-code:N/A:N/A,NameExpr,com.github.lyrric.service.SecKillService,logger,C:\Users\tyin363\Documents\repos\lyrric__seckill\src\main\java\com\github\lyrric\service\SecKillService.java,87
CLIENT:client-code:N/A:N/A,MethodCallExpr,com.github.lyrric.ui.ConfigDialog,calCookie,C:\Users\tyin363\Documents\repos\lyrric__seckill\src\main\java\com\github\lyrric\ui\ConfigDialog.java,63
JDK:java.base:N/A:N/A,ClassOrInterfaceType,java.lang.Thread,Thread,C:\Users\tyin363\Documents\repos\lyrric__seckill\src\main\java\com\github\lyrric\ui\MainFrame.java,203
JDK:java.base:N/A:N/A,MethodCallExpr,java.lang.Thread,getId,C:\Users\tyin363\Documents\repos\lyrric__seckill\src\main\java\com\github\lyrric\service\SecKillRunnable.java,65
CLIENT:client-code:N/A:N/A,MethodCallExpr,com.github.lyrric.model.VaccineList,getStartTime,C:\Users\tyin363\Documents\repos\lyrric__seckill\src\main\java\com\github\lyrric\ui\ConsoleMode.java,60
JDK:java.base:N/A:N/A,ClassOrInterfaceType,java.util.List,List,C:\Users\tyin363\Documents\repos\lyrric__seckill\src\main\java\com\github\lyrric\util\ParseUtil.java,46
JDK:java.base:N/A:N/A,ClassOrInterfaceType,java.util.concurrent.ExecutorService,ExecutorService,C:\Users\tyin363\Documents\repos\lyrric__seckill\src\main\java\com\github\lyrric\ui\ConsoleMode.java,34
CLIENT:client-code:N/A:N/A,MethodCallExpr,com.github.lyrric.model.BusinessException,getCode,C:\Users\tyin363\Documents\repos\lyrric__seckill\src\main\java\com\github\lyrric\ui\MainFrame.java,187
CLIENT:client-code:N/A:N/A,ObjectCreationExpr,com.github.lyrric.service.SecKillRunnable,SecKillRunnable,C:\Users\tyin363\Documents\repos\lyrric__seckill\src\main\java\com\github\lyrric\service\SecKillService.java,74
CLIENT:client-code:N/A:N/A,NameExpr,com.github.lyrric.service.SecKillRunnable,logger,C:\Users\tyin363\Documents\repos\lyrric__seckill\src\main\java\com\github\lyrric\service\SecKillRunnable.java,52
org.apache.logging.log4j:log4j-api:jar:2.13.3,MethodCallExpr,org.apache.logging.log4j.Logger,info,C:\Users\tyin363\Documents\repos\lyrric__seckill\src\main\java\com\github\lyrric\ui\ConsoleMode.java,44
CLIENT:client-code:N/A:N/A,NameExpr,com.github.lyrric.service.SecKillRunnable,vaccineId,C:\Users\tyin363\Documents\repos\lyrric__seckill\src\main\java\com\github\lyrric\service\SecKillRunnable.java,49
JDK:java.base:N/A:N/A,MethodCallExpr,java.awt.Window,dispose,C:\Users\tyin363\Documents\repos\lyrric__seckill\src\main\java\com\github\lyrric\ui\ConfigDialog.java,65
CLIENT:client-code:N/A:N/A,ObjectCreationExpr,com.github.lyrric.ui.MainFrame.Anonymous-7e1ce756-b11d-41cc-9937-e008a6f51ad2,Anonymous-7e1ce756-b11d-41cc-9937-e008a6f51ad2,C:\Users\tyin363\Documents\repos\lyrric__seckill\src\main\java\com\github\lyrric\ui\MainFrame.java,117
CLIENT:client-code:N/A:N/A,NameExpr,com.github.lyrric.ui.MainFrame,note,C:\Users\tyin363\Documents\repos\lyrric__seckill\src\main\java\com\github\lyrric\ui\MainFrame.java,106
JDK:java.base:N/A:N/A,MethodCallExpr,java.lang.String,replaceAll,C:\Users\tyin363\Documents\repos\lyrric__seckill\src\main\java\com\github\lyrric\ui\ConsoleMode.java,71
JDK:java.base:N/A:N/A,ClassOrInterfaceType,java.lang.String,String,C:\Users\tyin363\Documents\repos\lyrric__seckill\src\main\java\com\github\lyrric\service\HttpService.java,163
JDK:java.base:N/A:N/A,MethodCallExpr,java.lang.String,split,C:\Users\tyin363\Documents\repos\lyrric__seckill\src\main\java\com\github\lyrric\ui\ConfigDialog.java,97
JDK:java.base:N/A:N/A,ClassOrInterfaceType,java.lang.String,String,C:\Users\tyin363\Documents\repos\lyrric__seckill\src\main\java\com\github\lyrric\service\HttpService.java,97
CLIENT:client-code:N/A:N/A,NameExpr,com.github.lyrric.service.HttpService,baseUrl,C:\Users\tyin363\Documents\repos\lyrric__seckill\src\main\java\com\github\lyrric\service\HttpService.java,70
org.apache.httpcomponents:httpcore:jar:4.4.13,ClassOrInterfaceType,org.apache.http.message.BasicHeader,BasicHeader,C:\Users\tyin363\Documents\repos\lyrric__seckill\src\main\java\com\github\lyrric\service\HttpService.java,171
CLIENT:client-code:N/A:N/A,FieldAccessExpr,com.github.lyrric.conf.Config,regionCode,C:\Users\tyin363\Documents\repos\lyrric__seckill\src\main\java\com\github\lyrric\service\HttpService.java,76
JDK:java.base:N/A:N/A,ClassOrInterfaceType,java.awt.event.ItemEvent,ItemEvent,C:\Users\tyin363\Documents\repos\lyrric__seckill\src\main\java\com\github\lyrric\ui\MainFrame.java,119
CLIENT:client-code:N/A:N/A,NameExpr,com.github.lyrric.model.Area,value,C:\Users\tyin363\Documents\repos\lyrric__seckill\src\main\java\com\github\lyrric\model\Area.java,25
JDK:java.base:N/A:N/A,ClassOrInterfaceType,javax.swing.JTable,JTable,C:\Users\tyin363\Documents\repos\lyrric__seckill\src\main\java\com\github\lyrric\ui\MainFrame.java,40
CLIENT:client-code:N/A:N/A,FieldAccessExpr,com.github.lyrric.conf.Config,success,C:\Users\tyin363\Documents\repos\lyrric__seckill\src\main\java\com\github\lyrric\service\SecKillService.java,83
JDK:java.base:N/A:N/A,ClassOrInterfaceType,java.lang.String,String,C:\Users\tyin363\Documents\repos\lyrric__seckill\src\main\java\com\github\lyrric\model\VaccineList.java,76
CLIENT:client-code:N/A:N/A,MethodCallExpr,com.github.lyrric.ui.MainFrame,appendMsg,C:\Users\tyin363\Documents\repos\lyrric__seckill\src\main\java\com\github\lyrric\ui\MainFrame.java,210
JDK:java.base:N/A:N/A,MethodCallExpr,java.awt.event.ItemEvent,getStateChange,C:\Users\tyin363\Documents\repos\lyrric__seckill\src\main\java\com\github\lyrric\ui\MainFrame.java,120
JDK:java.base:N/A:N/A,MethodCallExpr,java.lang.String,replaceAll,C:\Users\tyin363\Documents\repos\lyrric__seckill\src\main\java\com\github\lyrric\util\ParseUtil.java,26
CLIENT:client-code:N/A:N/A,MethodCallExpr,com.github.lyrric.ui.MainFrame,start,C:\Users\tyin363\Documents\repos\lyrric__seckill\src\main\java\com\github\lyrric\ui\MainFrame.java,67
CLIENT:client-code:N/A:N/A,ClassOrInterfaceType,com.github.lyrric.model.Area,Area,C:\Users\tyin363\Documents\repos\lyrric__seckill\src\main\java\com\github\lyrric\ui\MainFrame.java,123
CLIENT:client-code:N/A:N/A,FieldAccessExpr,com.github.lyrric.model.BusinessException,code,C:\Users\tyin363\Documents\repos\lyrric__seckill\src\main\java\com\github\lyrric\model\BusinessException.java,25
JDK:java.base:N/A:N/A,MethodCallExpr,javax.swing.text.JTextComponent,setText,C:\Users\tyin363\Documents\repos\lyrric__seckill\src\main\java\com\github\lyrric\ui\ConfigDialog.java,76
org.apache.httpcomponents:httpcore:jar:4.4.13,ClassOrInterfaceType,org.apache.http.message.BasicHeader,BasicHeader,C:\Users\tyin363\Documents\repos\lyrric__seckill\src\main\java\com\github\lyrric\service\HttpService.java,172
CLIENT:client-code:N/A:N/A,NameExpr,com.github.lyrric.ui.ConsoleMode,log,C:\Users\tyin363\Documents\repos\lyrric__seckill\src\main\java\com\github\lyrric\ui\ConsoleMode.java,62
CLIENT:client-code:N/A:N/A,ClassOrInterfaceType,com.github.lyrric.ui.MemberDialog,MemberDialog,C:\Users\tyin363\Documents\repos\lyrric__seckill\src\main\java\com\github\lyrric\ui\MainFrame.java,86
JDK:java.base:N/A:N/A,MethodCallExpr,java.awt.event.ItemEvent,getItem,C:\Users\tyin363\Documents\repos\lyrric__seckill\src\main\java\com\github\lyrric\ui\MainFrame.java,121
CLIENT:client-code:N/A:N/A,MethodCallExpr,com.github.lyrric.model.VaccineList,getId,C:\Users\tyin363\Documents\repos\lyrric__seckill\src\main\java\com\github\lyrric\ui\MainFrame.java,178
CLIENT:client-code:N/A:N/A,MethodCallExpr,com.github.lyrric.service.HttpService,get,C:\Users\tyin363\Documents\repos\lyrric__seckill\src\main\java\com\github\lyrric\service\HttpService.java,112
CLIENT:client-code:N/A:N/A,ClassOrInterfaceType,com.github.lyrric.model.Member,Member,C:\Users\tyin363\Documents\repos\lyrric__seckill\src\main\java\com\github\lyrric\ui\ConsoleMode.java,47
JDK:java.base:N/A:N/A,ClassOrInterfaceType,java.lang.Integer,Integer,C:\Users\tyin363\Documents\repos\lyrric__seckill\src\main\java\com\github\lyrric\model\Member.java,11
org.apache.httpcomponents:httpcore:jar:4.4.13,ObjectCreationExpr,org.apache.http.message.BasicHeader,BasicHeader,C:\Users\tyin363\Documents\repos\lyrric__seckill\src\main\java\com\github\lyrric\service\HttpService.java,175
CLIENT:client-code:N/A:N/A,NameExpr,com.github.lyrric.ui.ConfigDialog,tk,C:\Users\tyin363\Documents\repos\lyrric__seckill\src\main\java\com\github\lyrric\ui\ConfigDialog.java,44
JDK:java.base:N/A:N/A,ClassOrInterfaceType,java.lang.String,String,C:\Users\tyin363\Documents\repos\lyrric__seckill\src\main\java\com\github\lyrric\ui\MainFrame.java,202
CLIENT:client-code:N/A:N/A,ObjectCreationExpr,com.github.lyrric.service.SecKillRunnable,SecKillRunnable,C:\Users\tyin363\Documents\repos\lyrric__seckill\src\main\java\com\github\lyrric\service\SecKillService.java,72
JDK:java.base:N/A:N/A,ObjectCreationExpr,javax.swing.JComboBox,JComboBox,C:\Users\tyin363\Documents\repos\lyrric__seckill\src\main\java\com\github\lyrric\ui\MainFrame.java,132
CLIENT:client-code:N/A:N/A,MethodCallExpr,com.github.lyrric.ui.MainFrame,appendMsg,C:\Users\tyin363\Documents\repos\lyrric__seckill\src\main\java\com\github\lyrric\ui\MainFrame.java,79
CLIENT:client-code:N/A:N/A,ClassOrInterfaceType,com.github.lyrric.model.Member,Member,C:\Users\tyin363\Documents\repos\lyrric__seckill\src\main\java\com\github\lyrric\service\HttpService.java,86
CLIENT:client-code:N/A:N/A,ClassOrInterfaceType,com.github.lyrric.model.BusinessException,BusinessException,C:\Users\tyin363\Documents\repos\lyrric__seckill\src\main\java\com\github\lyrric\service\SecKillService.java,103
CLIENT:client-code:N/A:N/A,ClassOrInterfaceType,com.github.lyrric.model.Area,Area,C:\Users\tyin363\Documents\repos\lyrric__seckill\src\main\java\com\github\lyrric\ui\MainFrame.java,124
JDK:java.base:N/A:N/A,ClassOrInterfaceType,java.lang.String,String,C:\Users\tyin363\Documents\repos\lyrric__seckill\src\main\java\com\github\lyrric\service\HttpService.java,99
JDK:java.base:N/A:N/A,ClassOrInterfaceType,java.lang.String,String,C:\Users\tyin363\Documents\repos\lyrric__seckill\src\main\java\com\github\lyrric\util\ParseUtil.java,25
org.apache.httpcomponents:httpcore:jar:4.4.13,ClassOrInterfaceType,org.apache.http.message.BasicHeader,BasicHeader,C:\Users\tyin363\Documents\repos\lyrric__seckill\src\main\java\com\github\lyrric\service\HttpService.java,173
org.apache.httpcomponents:httpclient:jar:4.5.13,ClassOrInterfaceType,org.apache.http.conn.ConnectTimeoutException,ConnectTimeoutException,C:\Users\tyin363\Documents\repos\lyrric__seckill\src\main\java\com\github\lyrric\service\SecKillRunnable.java,64
CLIENT:client-code:N/A:N/A,NameExpr,com.github.lyrric.ui.ConfigDialog,tk,C:\Users\tyin363\Documents\repos\lyrric__seckill\src\main\java\com\github\lyrric\ui\ConfigDialog.java,45
CLIENT:client-code:N/A:N/A,NameExpr,com.github.lyrric.ui.MainFrame,cityBox,C:\Users\tyin363\Documents\repos\lyrric__seckill\src\main\java\com\github\lyrric\ui\MainFrame.java,135
JDK:java.base:N/A:N/A,MethodCallExpr,java.lang.String,trim,C:\Users\tyin363\Documents\repos\lyrric__seckill\src\main\java\com\github\lyrric\ui\ConsoleMode.java,45
JDK:java.base:N/A:N/A,ClassOrInterfaceType,java.lang.String,String,C:\Users\tyin363\Documents\repos\lyrric__seckill\src\main\java\com\github\lyrric\ui\MemberDialog.java,38
CLIENT:client-code:N/A:N/A,ClassOrInterfaceType,com.github.lyrric.model.Member,Member,C:\Users\tyin363\Documents\repos\lyrric__seckill\src\main\java\com\github\lyrric\service\HttpService.java,89
JDK:java.base:N/A:N/A,MethodCallExpr,java.awt.Dialog,setVisible,C:\Users\tyin363\Documents\repos\lyrric__seckill\src\main\java\com\github\lyrric\ui\ConfigDialog.java,84
CLIENT:client-code:N/A:N/A,NameExpr,com.github.lyrric.ui.MainFrame,note,C:\Users\tyin363\Documents\repos\lyrric__seckill\src\main\java\com\github\lyrric\ui\MainFrame.java,101
JDK:java.base:N/A:N/A,ClassOrInterfaceType,java.lang.String,String,C:\Users\tyin363\Documents\repos\lyrric__seckill\src\main\java\com\github\lyrric\conf\Config.java,47
JDK:java.base:N/A:N/A,ClassOrInterfaceType,java.awt.Frame,Frame,C:\Users\tyin363\Documents\repos\lyrric__seckill\src\main\java\com\github\lyrric\ui\ConfigDialog.java,27
JDK:java.base:N/A:N/A,MethodCallExpr,java.util.Map,isEmpty,C:\Users\tyin363\Documents\repos\lyrric__seckill\src\main\java\com\github\lyrric\service\HttpService.java,116
JDK:java.base:N/A:N/A,ClassOrInterfaceType,javax.swing.JButton,JButton,C:\Users\tyin363\Documents\repos\lyrric__seckill\src\main\java\com\github\lyrric\ui\MemberDialog.java,26
org.apache.httpcomponents:httpcore:jar:4.4.13,ClassOrInterfaceType,org.apache.http.message.BasicHeader,BasicHeader,C:\Users\tyin363\Documents\repos\lyrric__seckill\src\main\java\com\github\lyrric\service\HttpService.java,174
JDK:java.base:N/A:N/A,ClassOrInterfaceType,java.lang.String,String,C:\Users\tyin363\Documents\repos\lyrric__seckill\src\main\java\com\github\lyrric\service\HttpService.java,36
JDK:java.base:N/A:N/A,MethodCallExpr,javax.swing.JOptionPane,showMessageDialog,C:\Users\tyin363\Documents\repos\lyrric__seckill\src\main\java\com\github\lyrric\ui\ConfigDialog.java,59
JDK:java.base:N/A:N/A,MethodCallExpr,javax.swing.AbstractButton,addActionListener,C:\Users\tyin363\Documents\repos\lyrric__seckill\src\main\java\com\github\lyrric\ui\MainFrame.java,85
CLIENT:client-code:N/A:N/A,NameExpr,com.github.lyrric.util.ParseUtil,areas,C:\Users\tyin363\Documents\repos\lyrric__seckill\src\main\java\com\github\lyrric\util\ParseUtil.java,84
org.apache.httpcomponents:httpcore:jar:4.4.13,ObjectCreationExpr,org.apache.http.message.BasicHeader,BasicHeader,C:\Users\tyin363\Documents\repos\lyrric__seckill\src\main\java\com\github\lyrric\service\HttpService.java,173
JDK:java.base:N/A:N/A,ClassOrInterfaceType,java.lang.String,String,C:\Users\tyin363\Documents\repos\lyrric__seckill\src\main\java\com\github\lyrric\model\SubDateTime.java,20
CLIENT:client-code:N/A:N/A,NameExpr,com.github.lyrric.Main,logger,C:\Users\tyin363\Documents\repos\lyrric__seckill\src\main\java\com\github\lyrric\Main.java,21
JDK:java.base:N/A:N/A,MethodCallExpr,javax.swing.JTable,getValueAt,C:\Users\tyin363\Documents\repos\lyrric__seckill\src\main\java\com\github\lyrric\ui\MemberDialog.java,91
CLIENT:client-code:N/A:N/A,NameExpr,com.github.lyrric.ui.ConfigDialog,cookie,C:\Users\tyin363\Documents\repos\lyrric__seckill\src\main\java\com\github\lyrric\ui\ConfigDialog.java,77
CLIENT:client-code:N/A:N/A,NameExpr,com.github.lyrric.ui.MainFrame,note,C:\Users\tyin363\Documents\repos\lyrric__seckill\src\main\java\com\github\lyrric\ui\MainFrame.java,102
CLIENT:client-code:N/A:N/A,ClassOrInterfaceType,com.github.lyrric.model.VaccineList,VaccineList,C:\Users\tyin363\Documents\repos\lyrric__seckill\src\main\java\com\github\lyrric\ui\ConsoleMode.java,59
CLIENT:client-code:N/A:N/A,FieldAccessExpr,com.github.lyrric.conf.Config,success,C:\Users\tyin363\Documents\repos\lyrric__seckill\src\main\java\com\github\lyrric\service\SecKillRunnable.java,61
org.apache.httpcomponents:httpcore:jar:4.4.13,ClassOrInterfaceType,org.apache.http.message.BasicHeader,BasicHeader,C:\Users\tyin363\Documents\repos\lyrric__seckill\src\main\java\com\github\lyrric\service\HttpService.java,175
CLIENT:client-code:N/A:N/A,MethodCallExpr,com.github.lyrric.model.VaccineList,getStartTime,C:\Users\tyin363\Documents\repos\lyrric__seckill\src\main\java\com\github\lyrric\ui\ConsoleMode.java,65
JDK:java.base:N/A:N/A,MethodCallExpr,javax.swing.text.JTextComponent,getText,C:\Users\tyin363\Documents\repos\lyrric__seckill\src\main\java\com\github\lyrric\ui\ConfigDialog.java,72
org.apache.httpcomponents:httpcore:jar:4.4.13,ObjectCreationExpr,org.apache.http.message.BasicHeader,BasicHeader,C:\Users\tyin363\Documents\repos\lyrric__seckill\src\main\java\com\github\lyrric\service\HttpService.java,174
CLIENT:client-code:N/A:N/A,NameExpr,com.github.lyrric.ui.ConfigDialog,tk,C:\Users\tyin363\Documents\repos\lyrric__seckill\src\main\java\com\github\lyrric\ui\ConfigDialog.java,43
JDK:java.base:N/A:N/A,ClassOrInterfaceType,java.text.ParseException,ParseException,C:\Users\tyin363\Documents\repos\lyrric__seckill\src\main\java\com\github\lyrric\ui\ConsoleMode.java,40
JDK:java.base:N/A:N/A,ClassOrInterfaceType,java.lang.Integer,Integer,C:\Users\tyin363\Documents\repos\lyrric__seckill\src\main\java\com\github\lyrric\conf\Config.java,31
CLIENT:client-code:N/A:N/A,NameExpr,com.github.lyrric.ui.MainFrame,cityBox,C:\Users\tyin363\Documents\repos\lyrric__seckill\src\main\java\com\github\lyrric\ui\MainFrame.java,132
JDK:java.base:N/A:N/A,ClassOrInterfaceType,java.util.Date,Date,C:\Users\tyin363\Documents\repos\lyrric__seckill\src\main\java\com\github\lyrric\service\SecKillService.java,113
CLIENT:client-code:N/A:N/A,NameExpr,com.github.lyrric.ui.MemberDialog,model,C:\Users\tyin363\Documents\repos\lyrric__seckill\src\main\java\com\github\lyrric\ui\MemberDialog.java,38
CLIENT:client-code:N/A:N/A,ObjectCreationExpr,com.github.lyrric.service.HttpService,HttpService,C:\Users\tyin363\Documents\repos\lyrric__seckill\src\main\java\com\github\lyrric\ui\MemberDialog.java,63
CLIENT:client-code:N/A:N/A,NameExpr,com.github.lyrric.model.SubDate,day,C:\Users\tyin363\Documents\repos\lyrric__seckill\src\main\java\com\github\lyrric\model\SubDate.java,18
JDK:java.base:N/A:N/A,MethodCallExpr,java.util.Map,isEmpty,C:\Users\tyin363\Documents\repos\lyrric__seckill\src\main\java\com\github\lyrric\service\HttpService.java,176
CLIENT:client-code:N/A:N/A,NameExpr,com.github.lyrric.ui.ConsoleMode,log,C:\Users\tyin363\Documents\repos\lyrric__seckill\src\main\java\com\github\lyrric\ui\ConsoleMode.java,66
JDK:java.base:N/A:N/A,MethodCallExpr,java.lang.String,equals,C:\Users\tyin363\Documents\repos\lyrric__seckill\src\main\java\com\github\lyrric\service\HttpService.java,151
JDK:java.base:N/A:N/A,ClassOrInterfaceType,java.lang.String,String,C:\Users\tyin363\Documents\repos\lyrric__seckill\src\main\java\com\github\lyrric\model\VaccineList.java,72
JDK:java.base:N/A:N/A,ClassOrInterfaceType,java.io.IOException,IOException,C:\Users\tyin363\Documents\repos\lyrric__seckill\src\main\java\com\github\lyrric\service\HttpService.java,51
JDK:java.base:N/A:N/A,MethodCallExpr,java.lang.String,trim,C:\Users\tyin363\Documents\repos\lyrric__seckill\src\main\java\com\github\lyrric\ui\ConsoleMode.java,43
CLIENT:client-code:N/A:N/A,ClassOrInterfaceType,com.github.lyrric.service.SecKillService,SecKillService,C:\Users\tyin363\Documents\repos\lyrric__seckill\src\main\java\com\github\lyrric\ui\ConsoleMode.java,38
CLIENT:client-code:N/A:N/A,FieldAccessExpr,com.github.lyrric.conf.Config,memberName,C:\Users\tyin363\Documents\repos\lyrric__seckill\src\main\java\com\github\lyrric\ui\MainFrame.java,91
CLIENT:client-code:N/A:N/A,NameExpr,com.github.lyrric.ui.MainFrame,startBtn,C:\Users\tyin363\Documents\repos\lyrric__seckill\src\main\java\com\github\lyrric\ui\MainFrame.java,157
CLIENT:client-code:N/A:N/A,NameExpr,com.github.lyrric.ui.MainFrame,setCookieBtn,C:\Users\tyin363\Documents\repos\lyrric__seckill\src\main\java\com\github\lyrric\ui\MainFrame.java,149
CLIENT:client-code:N/A:N/A,NameExpr,com.github.lyrric.ui.ConfigDialog,reqHeader,C:\Users\tyin363\Documents\repos\lyrric__seckill\src\main\java\com\github\lyrric\ui\ConfigDialog.java,37
CLIENT:client-code:N/A:N/A,FieldAccessExpr,com.github.lyrric.model.Member,idCardNo,C:\Users\tyin363\Documents\repos\lyrric__seckill\src\main\java\com\github\lyrric\model\Member.java,44
JDK:java.base:N/A:N/A,ClassOrInterfaceType,java.lang.Runnable,Runnable,C:\Users\tyin363\Documents\repos\lyrric__seckill\src\main\java\com\github\lyrric\service\SecKillRunnable.java,14
JDK:java.base:N/A:N/A,ClassOrInterfaceType,java.io.IOException,IOException,C:\Users\tyin363\Documents\repos\lyrric__seckill\src\main\java\com\github\lyrric\Main.java,20
JDK:java.base:N/A:N/A,ClassOrInterfaceType,javax.swing.JTable,JTable,C:\Users\tyin363\Documents\repos\lyrric__seckill\src\main\java\com\github\lyrric\ui\MainFrame.java,111
CLIENT:client-code:N/A:N/A,NameExpr,com.github.lyrric.ui.MemberDialog,table,C:\Users\tyin363\Documents\repos\lyrric__seckill\src\main\java\com\github\lyrric\ui\MemberDialog.java,65
org.apache.httpcomponents:httpcore:jar:4.4.13,ObjectCreationExpr,org.apache.http.message.BasicHeader,BasicHeader,C:\Users\tyin363\Documents\repos\lyrric__seckill\src\main\java\com\github\lyrric\service\HttpService.java,179
JDK:java.base:N/A:N/A,ClassOrInterfaceType,java.lang.String,String,C:\Users\tyin363\Documents\repos\lyrric__seckill\src\main\java\com\github\lyrric\ui\MemberDialog.java,37
JDK:java.base:N/A:N/A,MethodCallExpr,java.awt.Container,add,C:\Users\tyin363\Documents\repos\lyrric__seckill\src\main\java\com\github\lyrric\ui\ConfigDialog.java,45
CLIENT:client-code:N/A:N/A,ClassOrInterfaceType,com.github.lyrric.model.VaccineList,VaccineList,C:\Users\tyin363\Documents\repos\lyrric__seckill\src\main\java\com\github\lyrric\ui\ConsoleMode.java,57
CLIENT:client-code:N/A:N/A,ClassOrInterfaceType,com.github.lyrric.service.HttpService,HttpService,C:\Users\tyin363\Documents\repos\lyrric__seckill\src\main\java\com\github\lyrric\service\SecKillRunnable.java,34
CLIENT:client-code:N/A:N/A,ClassOrInterfaceType,com.github.lyrric.model.VaccineDetail.Day,Day,C:\Users\tyin363\Documents\repos\lyrric__seckill\src\main\java\com\github\lyrric\model\VaccineDetail.java,59
JDK:java.base:N/A:N/A,ClassOrInterfaceType,java.lang.String,String,C:\Users\tyin363\Documents\repos\lyrric__seckill\src\main\java\com\github\lyrric\util\ParseUtil.java,21
JDK:java.base:N/A:N/A,ObjectCreationExpr,javax.swing.JTextField,JTextField,C:\Users\tyin363\Documents\repos\lyrric__seckill\src\main\java\com\github\lyrric\ui\ConfigDialog.java,43
JDK:java.base:N/A:N/A,ClassOrInterfaceType,javax.swing.JTable,JTable,C:\Users\tyin363\Documents\repos\lyrric__seckill\src\main\java\com\github\lyrric\ui\MemberDialog.java,23
JDK:java.base:N/A:N/A,MethodCallExpr,java.awt.Dialog,setTitle,C:\Users\tyin363\Documents\repos\lyrric__seckill\src\main\java\com\github\lyrric\ui\MemberDialog.java,44
CLIENT:client-code:N/A:N/A,FieldAccessExpr,com.github.lyrric.conf.Config,success,C:\Users\tyin363\Documents\repos\lyrric__seckill\src\main\java\com\github\lyrric\service\SecKillRunnable.java,55
JDK:java.base:N/A:N/A,MethodCallExpr,javax.swing.table.DefaultTableModel,addRow,C:\Users\tyin363\Documents\repos\lyrric__seckill\src\main\java\com\github\lyrric\ui\MemberDialog.java,72
CLIENT:client-code:N/A:N/A,NameExpr,com.github.lyrric.ui.ConfigDialog,reqHeader,C:\Users\tyin363\Documents\repos\lyrric__seckill\src\main\java\com\github\lyrric\ui\ConfigDialog.java,36
JDK:java.base:N/A:N/A,FieldAccessExpr,javax.swing.JOptionPane,PLAIN_MESSAGE,C:\Users\tyin363\Documents\repos\lyrric__seckill\src\main\java\com\github\lyrric\ui\MemberDialog.java,86
JDK:java.base:N/A:N/A,MethodCallExpr,java.util.concurrent.ExecutorService,submit,C:\Users\tyin363\Documents\repos\lyrric__seckill\src\main\java\com\github\lyrric\service\SecKillService.java,78
JDK:java.base:N/A:N/A,MethodCallExpr,java.io.PrintStream,println,C:\Users\tyin363\Documents\repos\lyrric__seckill\src\main\java\com\github\lyrric\service\HttpService.java,195
JDK:java.base:N/A:N/A,MethodCallExpr,java.util.Map,size,C:\Users\tyin363\Documents\repos\lyrric__seckill\src\main\java\com\github\lyrric\service\HttpService.java,122
JDK:java.base:N/A:N/A,MethodCallExpr,java.lang.String,toLowerCase,C:\Users\tyin363\Documents\repos\lyrric__seckill\src\main\java\com\github\lyrric\Main.java,22
org.apache.httpcomponents:httpcore:jar:4.4.13,MethodCallExpr,org.apache.http.util.EntityUtils,toString,C:\Users\tyin363\Documents\repos\lyrric__seckill\src\main\java\com\github\lyrric\service\HttpService.java,149
JDK:java.base:N/A:N/A,MethodCallExpr,java.awt.Container,add,C:\Users\tyin363\Documents\repos\lyrric__seckill\src\main\java\com\github\lyrric\ui\ConfigDialog.java,42
JDK:java.base:N/A:N/A,MethodCallExpr,java.lang.Thread,currentThread,C:\Users\tyin363\Documents\repos\lyrric__seckill\src\main\java\com\github\lyrric\service\SecKillRunnable.java,67
org.apache.httpcomponents:httpcore:jar:4.4.13,ClassOrInterfaceType,org.apache.http.message.BasicHeader,BasicHeader,C:\Users\tyin363\Documents\repos\lyrric__seckill\src\main\java\com\github\lyrric\service\HttpService.java,179
JDK:java.base:N/A:N/A,ClassOrInterfaceType,java.lang.String,String,C:\Users\tyin363\Documents\repos\lyrric__seckill\src\main\java\com\github\lyrric\model\SubDateTime.java,16
CLIENT:client-code:N/A:N/A,FieldAccessExpr,com.github.lyrric.conf.Config,idCard,C:\Users\tyin363\Documents\repos\lyrric__seckill\src\main\java\com\github\lyrric\service\SecKillRunnable.java,54
JDK:java.base:N/A:N/A,ObjectCreationExpr,javax.swing.JTable,JTable,C:\Users\tyin363\Documents\repos\lyrric__seckill\src\main\java\com\github\lyrric\ui\MainFrame.java,111
CLIENT:client-code:N/A:N/A,ClassOrInterfaceType,com.github.lyrric.service.SecKillService,SecKillService,C:\Users\tyin363\Documents\repos\lyrric__seckill\src\main\java\com\github\lyrric\service\SecKillRunnable.java,16
CLIENT:client-code:N/A:N/A,MethodCallExpr,com.github.lyrric.service.SecKillService,convertDateToInt,C:\Users\tyin363\Documents\repos\lyrric__seckill\src\main\java\com\github\lyrric\service\SecKillService.java,44
JDK:java.base:N/A:N/A,ClassOrInterfaceType,javax.swing.JButton,JButton,C:\Users\tyin363\Documents\repos\lyrric__seckill\src\main\java\com\github\lyrric\ui\ConfigDialog.java,69
CLIENT:client-code:N/A:N/A,NameExpr,com.github.lyrric.Main,logger,C:\Users\tyin363\Documents\repos\lyrric__seckill\src\main\java\com\github\lyrric\Main.java,27
CLIENT:client-code:N/A:N/A,FieldAccessExpr,com.github.lyrric.conf.Config,reqHeader,C:\Users\tyin363\Documents\repos\lyrric__seckill\src\main\java\com\github\lyrric\ui\ConfigDialog.java,61
CLIENT:client-code:N/A:N/A,FieldAccessExpr,com.github.lyrric.model.Member,id,C:\Users\tyin363\Documents\repos\lyrric__seckill\src\main\java\com\github\lyrric\model\Member.java,28
CLIENT:client-code:N/A:N/A,NameExpr,com.github.lyrric.ui.MemberDialog,model,C:\Users\tyin363\Documents\repos\lyrric__seckill\src\main\java\com\github\lyrric\ui\MemberDialog.java,39
JDK:java.base:N/A:N/A,ClassOrInterfaceType,java.util.Map,Map,C:\Users\tyin363\Documents\repos\lyrric__seckill\src\main\java\com\github\lyrric\service\HttpService.java,110
CLIENT:client-code:N/A:N/A,MethodCallExpr,com.github.lyrric.service.SecKillService,getVaccines,C:\Users\tyin363\Documents\repos\lyrric__seckill\src\main\java\com\github\lyrric\ui\MainFrame.java,170
CLIENT:client-code:N/A:N/A,NameExpr,com.github.lyrric.ui.ConfigDialog,reqHeader,C:\Users\tyin363\Documents\repos\lyrric__seckill\src\main\java\com\github\lyrric\ui\ConfigDialog.java,38
JDK:java.base:N/A:N/A,MethodCallExpr,java.util.concurrent.ExecutorService,submit,C:\Users\tyin363\Documents\repos\lyrric__seckill\src\main\java\com\github\lyrric\service\SecKillService.java,76
CLIENT:client-code:N/A:N/A,ObjectCreationExpr,com.github.lyrric.service.SecKillService,SecKillService,C:\Users\tyin363\Documents\repos\lyrric__seckill\src\main\java\com\github\lyrric\ui\ConsoleMode.java,38
JDK:java.base:N/A:N/A,MethodCallExpr,javax.swing.JComboBox,removeAllItems,C:\Users\tyin363\Documents\repos\lyrric__seckill\src\main\java\com\github\lyrric\ui\MainFrame.java,122
CLIENT:client-code:N/A:N/A,MethodCallExpr,com.github.lyrric.model.Member,getName,C:\Users\tyin363\Documents\repos\lyrric__seckill\src\main\java\com\github\lyrric\ui\MemberDialog.java,71
JDK:java.base:N/A:N/A,MethodCallExpr,javax.swing.JTextArea,setLineWrap,C:\Users\tyin363\Documents\repos\lyrric__seckill\src\main\java\com\github\lyrric\ui\MainFrame.java,105
JDK:java.base:N/A:N/A,ClassOrInterfaceType,java.lang.String,String,C:\Users\tyin363\Documents\repos\lyrric__seckill\src\main\java\com\github\lyrric\model\VaccineList.java,18
CLIENT:client-code:N/A:N/A,ClassOrInterfaceType,com.github.lyrric.service.SecKillRunnable,SecKillRunnable,C:\Users\tyin363\Documents\repos\lyrric__seckill\src\main\java\com\github\lyrric\service\SecKillService.java,76
JDK:java.base:N/A:N/A,MethodCallExpr,javax.swing.JTextArea,append,C:\Users\tyin363\Documents\repos\lyrric__seckill\src\main\java\com\github\lyrric\ui\MainFrame.java,102
org.apache.httpcomponents:httpclient:jar:4.5.13,ClassOrInterfaceType,org.apache.http.impl.client.CloseableHttpClient,CloseableHttpClient,C:\Users\tyin363\Documents\repos\lyrric__seckill\src\main\java\com\github\lyrric\service\HttpService.java,145
JDK:java.base:N/A:N/A,MethodCallExpr,java.lang.Thread,currentThread,C:\Users\tyin363\Documents\repos\lyrric__seckill\src\main\java\com\github\lyrric\service\SecKillRunnable.java,65
org.apache.httpcomponents:httpcore:jar:4.4.13,ClassOrInterfaceType,org.apache.http.Header,Header,C:\Users\tyin363\Documents\repos\lyrric__seckill\src\main\java\com\github\lyrric\service\HttpService.java,161
JDK:java.base:N/A:N/A,MethodCallExpr,java.awt.Dialog,setModalityType,C:\Users\tyin363\Documents\repos\lyrric__seckill\src\main\java\com\github\lyrric\ui\MainFrame.java,88
JDK:java.base:N/A:N/A,ObjectCreationExpr,javax.swing.JScrollPane,JScrollPane,C:\Users\tyin363\Documents\repos\lyrric__seckill\src\main\java\com\github\lyrric\ui\MainFrame.java,106
org.apache.logging.log4j:log4j-api:jar:2.13.3,MethodCallExpr,org.apache.logging.log4j.Logger,info,C:\Users\tyin363\Documents\repos\lyrric__seckill\src\main\java\com\github\lyrric\service\SecKillService.java,56
JDK:java.base:N/A:N/A,MethodCallExpr,javax.swing.AbstractButton,setEnabled,C:\Users\tyin363\Documents\repos\lyrric__seckill\src\main\java\com\github\lyrric\ui\MainFrame.java,230
JDK:java.base:N/A:N/A,MethodCallExpr,java.lang.String,join,C:\Users\tyin363\Documents\repos\lyrric__seckill\src\main\java\com\github\lyrric\service\HttpService.java,177
JDK:java.base:N/A:N/A,MethodCallExpr,java.text.DateFormat,parse,C:\Users\tyin363\Documents\repos\lyrric__seckill\src\main\java\com\github\lyrric\service\SecKillService.java,113
JDK:java.base:N/A:N/A,ObjectCreationExpr,javax.swing.JLabel,JLabel,C:\Users\tyin363\Documents\repos\lyrric__seckill\src\main\java\com\github\lyrric\ui\ConfigDialog.java,40
JDK:java.base:N/A:N/A,MethodCallExpr,javax.swing.AbstractButton,addActionListener,C:\Users\tyin363\Documents\repos\lyrric__seckill\src\main\java\com\github\lyrric\ui\ConfigDialog.java,71
CLIENT:client-code:N/A:N/A,MethodCallExpr,com.github.lyrric.ui.ConsoleMode,calCookie,C:\Users\tyin363\Documents\repos\lyrric__seckill\src\main\java\com\github\lyrric\ui\ConsoleMode.java,45
JDK:java.base:N/A:N/A,ClassOrInterfaceType,javax.swing.JDialog,JDialog,C:\Users\tyin363\Documents\repos\lyrric__seckill\src\main\java\com\github\lyrric\ui\MemberDialog.java,21
,MethodCallExpr,org.apache.http.client.config.RequestConfig.Builder,setConnectTimeout,C:\Users\tyin363\Documents\repos\lyrric__seckill\src\main\java\com\github\lyrric\service\HttpService.java,138
CLIENT:client-code:N/A:N/A,NameExpr,com.github.lyrric.model.VaccineDetail,hospitalName,C:\Users\tyin363\Documents\repos\lyrric__seckill\src\main\java\com\github\lyrric\model\VaccineDetail.java,76
CLIENT:client-code:N/A:N/A,NameExpr,com.github.lyrric.ui.ConfigDialog,parse,C:\Users\tyin363\Documents\repos\lyrric__seckill\src\main\java\com\github\lyrric\ui\ConfigDialog.java,69
CLIENT:client-code:N/A:N/A,MethodCallExpr,com.github.lyrric.service.HttpService,eccHs,C:\Users\tyin363\Documents\repos\lyrric__seckill\src\main\java\com\github\lyrric\service\HttpService.java,59
CLIENT:client-code:N/A:N/A,NameExpr,com.github.lyrric.service.SecKillService,httpService,C:\Users\tyin363\Documents\repos\lyrric__seckill\src\main\java\com\github\lyrric\service\SecKillService.java,104
JDK:java.base:N/A:N/A,ObjectCreationExpr,javax.swing.JButton,JButton,C:\Users\tyin363\Documents\repos\lyrric__seckill\src\main\java\com\github\lyrric\ui\MainFrame.java,69
JDK:java.base:N/A:N/A,ClassOrInterfaceType,java.lang.Integer,Integer,C:\Users\tyin363\Documents\repos\lyrric__seckill\src\main\java\com\github\lyrric\model\VaccineList.java,32
CLIENT:client-code:N/A:N/A,ClassOrInterfaceType,com.github.lyrric.model.Area,Area,C:\Users\tyin363\Documents\repos\lyrric__seckill\src\main\java\com\github\lyrric\ui\MainFrame.java,132
JDK:java.base:N/A:N/A,ClassOrInterfaceType,java.lang.Long,Long,C:\Users\tyin363\Documents\repos\lyrric__seckill\src\main\java\com\github\lyrric\model\VaccineDetail.java,71
JDK:java.base:N/A:N/A,ClassOrInterfaceType,java.lang.String,String,C:\Users\tyin363\Documents\repos\lyrric__seckill\src\main\java\com\github\lyrric\model\VaccineDetail.java,46
JDK:java.base:N/A:N/A,MethodCallExpr,java.lang.Throwable,getMessage,C:\Users\tyin363\Documents\repos\lyrric__seckill\src\main\java\com\github\lyrric\service\SecKillService.java,63
JDK:java.base:N/A:N/A,MethodCallExpr,java.awt.Container,add,C:\Users\tyin363\Documents\repos\lyrric__seckill\src\main\java\com\github\lyrric\ui\ConfigDialog.java,49
CLIENT:client-code:N/A:N/A,MethodCallExpr,com.github.lyrric.model.Area,getValue,C:\Users\tyin363\Documents\repos\lyrric__seckill\src\main\java\com\github\lyrric\ui\MainFrame.java,140
CLIENT:client-code:N/A:N/A,NameExpr,com.github.lyrric.model.VaccineDetail.Day,total,C:\Users\tyin363\Documents\repos\lyrric__seckill\src\main\java\com\github\lyrric\model\VaccineDetail.java,51
CLIENT:client-code:N/A:N/A,NameExpr,com.github.lyrric.ui.MainFrame,note,C:\Users\tyin363\Documents\repos\lyrric__seckill\src\main\java\com\github\lyrric\ui\MainFrame.java,223
JDK:java.base:N/A:N/A,ClassOrInterfaceType,java.lang.String,String,C:\Users\tyin363\Documents\repos\lyrric__seckill\src\main\java\com\github\lyrric\ui\MainFrame.java,110
JDK:java.base:N/A:N/A,ClassOrInterfaceType,java.util.HashMap,HashMap,C:\Users\tyin363\Documents\repos\lyrric__seckill\src\main\java\com\github\lyrric\service\HttpService.java,71
CLIENT:client-code:N/A:N/A,NameExpr,com.github.lyrric.ui.ConfigDialog,parse,C:\Users\tyin363\Documents\repos\lyrric__seckill\src\main\java\com\github\lyrric\ui\ConfigDialog.java,70
JDK:java.base:N/A:N/A,MethodCallExpr,java.util.List,add,C:\Users\tyin363\Documents\repos\lyrric__seckill\src\main\java\com\github\lyrric\service\HttpService.java,179
CLIENT:client-code:N/A:N/A,ClassOrInterfaceType,com.github.lyrric.service.SecKillRunnable,SecKillRunnable,C:\Users\tyin363\Documents\repos\lyrric__seckill\src\main\java\com\github\lyrric\service\SecKillService.java,78
org.apache.httpcomponents:httpclient:jar:4.5.13,MethodCallExpr,org.apache.http.impl.client.CloseableHttpClient,execute,C:\Users\tyin363\Documents\repos\lyrric__seckill\src\main\java\com\github\lyrric\service\HttpService.java,146
CLIENT:client-code:N/A:N/A,NameExpr,com.github.lyrric.model.SubDateTime,wid,C:\Users\tyin363\Documents\repos\lyrric__seckill\src\main\java\com\github\lyrric\model\SubDateTime.java,37
JDK:java.base:N/A:N/A,ClassOrInterfaceType,java.lang.String,String,C:\Users\tyin363\Documents\repos\lyrric__seckill\src\main\java\com\github\lyrric\model\SubDateTime.java,28
CLIENT:client-code:N/A:N/A,NameExpr,com.github.lyrric.service.SecKillRunnable,logger,C:\Users\tyin363\Documents\repos\lyrric__seckill\src\main\java\com\github\lyrric\service\SecKillRunnable.java,65
CLIENT:client-code:N/A:N/A,FieldAccessExpr,com.github.lyrric.model.VaccineDetail,startMilliscond,C:\Users\tyin363\Documents\repos\lyrric__seckill\src\main\java\com\github\lyrric\model\VaccineDetail.java,88
org.apache.httpcomponents:httpcore:jar:4.4.13,ClassOrInterfaceType,org.apache.http.Header,Header,C:\Users\tyin363\Documents\repos\lyrric__seckill\src\main\java\com\github\lyrric\service\HttpService.java,159
CLIENT:client-code:N/A:N/A,MethodCallExpr,com.github.lyrric.util.ParseUtil,parseHeader,C:\Users\tyin363\Documents\repos\lyrric__seckill\src\main\java\com\github\lyrric\ui\ConfigDialog.java,72
JDK:java.base:N/A:N/A,ClassOrInterfaceType,java.util.List,List,C:\Users\tyin363\Documents\repos\lyrric__seckill\src\main\java\com\github\lyrric\ui\MainFrame.java,32
JDK:java.base:N/A:N/A,ClassOrInterfaceType,java.io.IOException,IOException,C:\Users\tyin363\Documents\repos\lyrric__seckill\src\main\java\com\github\lyrric\service\SecKillService.java,103
JDK:java.base:N/A:N/A,MethodCallExpr,java.util.List,get,C:\Users\tyin363\Documents\repos\lyrric__seckill\src\main\java\com\github\lyrric\ui\ConsoleMode.java,54
CLIENT:client-code:N/A:N/A,NameExpr,com.github.lyrric.ui.MainFrame,note,C:\Users\tyin363\Documents\repos\lyrric__seckill\src\main\java\com\github\lyrric\ui\MainFrame.java,224
JDK:java.base:N/A:N/A,ClassOrInterfaceType,java.lang.Object,Object,C:\Users\tyin363\Documents\repos\lyrric__seckill\src\main\java\com\github\lyrric\model\TableModel.java,13
CLIENT:client-code:N/A:N/A,ClassOrInterfaceType,com.github.lyrric.ui.MainFrame,MainFrame,C:\Users\tyin363\Documents\repos\lyrric__seckill\src\main\java\com\github\lyrric\Main.java,25
JDK:java.base:N/A:N/A,ObjectCreationExpr,java.lang.Thread,Thread,C:\Users\tyin363\Documents\repos\lyrric__seckill\src\main\java\com\github\lyrric\ui\MainFrame.java,203
JDK:java.base:N/A:N/A,ClassOrInterfaceType,java.lang.String,String,C:\Users\tyin363\Documents\repos\lyrric__seckill\src\main\java\com\github\lyrric\ui\MainFrame.java,109
CLIENT:client-code:N/A:N/A,NameExpr,com.github.lyrric.ui.ConfigDialog,parse,C:\Users\tyin363\Documents\repos\lyrric__seckill\src\main\java\com\github\lyrric\ui\ConfigDialog.java,71
JDK:java.base:N/A:N/A,MethodCallExpr,java.awt.Component,setBounds,C:\Users\tyin363\Documents\repos\lyrric__seckill\src\main\java\com\github\lyrric\ui\ConfigDialog.java,37
org.apache.httpcomponents:httpclient:jar:4.5.13,ClassOrInterfaceType,org.apache.http.client.methods.CloseableHttpResponse,CloseableHttpResponse,C:\Users\tyin363\Documents\repos\lyrric__seckill\src\main\java\com\github\lyrric\service\HttpService.java,146
CLIENT:client-code:N/A:N/A,FieldAccessExpr,com.github.lyrric.service.SecKillRunnable,vaccineId,C:\Users\tyin363\Documents\repos\lyrric__seckill\src\main\java\com\github\lyrric\service\SecKillRunnable.java,37
JDK:java.base:N/A:N/A,ClassOrInterfaceType,java.lang.String,String,C:\Users\tyin363\Documents\repos\lyrric__seckill\src\main\java\com\github\lyrric\service\HttpService.java,77
CLIENT:client-code:N/A:N/A,NameExpr,com.github.lyrric.service.SecKillService,httpService,C:\Users\tyin363\Documents\repos\lyrric__seckill\src\main\java\com\github\lyrric\service\SecKillService.java,36
JDK:java.base:N/A:N/A,ClassOrInterfaceType,javax.swing.JButton,JButton,C:\Users\tyin363\Documents\repos\lyrric__seckill\src\main\java\com\github\lyrric\ui\ConfigDialog.java,55
CLIENT:client-code:N/A:N/A,ClassOrInterfaceType,com.github.lyrric.service.HttpService,HttpService,C:\Users\tyin363\Documents\repos\lyrric__seckill\src\main\java\com\github\lyrric\service\SecKillService.java,29
JDK:java.base:N/A:N/A,MethodCallExpr,java.util.List,get,C:\Users\tyin363\Documents\repos\lyrric__seckill\src\main\java\com\github\lyrric\ui\ConsoleMode.java,53
CLIENT:client-code:N/A:N/A,ClassOrInterfaceType,com.github.lyrric.model.Area,Area,C:\Users\tyin363\Documents\repos\lyrric__seckill\src\main\java\com\github\lyrric\model\Area.java,32
org.apache.httpcomponents:httpcore:jar:4.4.13,MethodCallExpr,org.apache.http.message.AbstractHttpMessage,setHeaders,C:\Users\tyin363\Documents\repos\lyrric__seckill\src\main\java\com\github\lyrric\service\HttpService.java,144
org.apache.logging.log4j:log4j-api:jar:2.13.3,MethodCallExpr,org.apache.logging.log4j.Logger,info,C:\Users\tyin363\Documents\repos\lyrric__seckill\src\main\java\com\github\lyrric\service\SecKillRunnable.java,48
org.apache.logging.log4j:log4j-api:jar:2.13.3,MethodCallExpr,org.apache.logging.log4j.Logger,info,C:\Users\tyin363\Documents\repos\lyrric__seckill\src\main\java\com\github\lyrric\ui\ConsoleMode.java,56
CLIENT:client-code:N/A:N/A,FieldAccessExpr,com.github.lyrric.model.VaccineDetail,hospitalName,C:\Users\tyin363\Documents\repos\lyrric__seckill\src\main\java\com\github\lyrric\model\VaccineDetail.java,80
JDK:java.base:N/A:N/A,ClassOrInterfaceType,java.util.List,List,C:\Users\tyin363\Documents\repos\lyrric__seckill\src\main\java\com\github\lyrric\model\Area.java,36
JDK:java.base:N/A:N/A,FieldAccessExpr,javax.swing.JOptionPane,PLAIN_MESSAGE,C:\Users\tyin363\Documents\repos\lyrric__seckill\src\main\java\com\github\lyrric\ui\ConfigDialog.java,74
JDK:java.base:N/A:N/A,ClassOrInterfaceType,java.lang.String,String,C:\Users\tyin363\Documents\repos\lyrric__seckill\src\main\java\com\github\lyrric\model\VaccineList.java,14
JDK:java.base:N/A:N/A,ClassOrInterfaceType,java.util.Map,Map,C:\Users\tyin363\Documents\repos\lyrric__seckill\src\main\java\com\github\lyrric\service\HttpService.java,53
CLIENT:client-code:N/A:N/A,NameExpr,com.github.lyrric.service.SecKillRunnable,logger,C:\Users\tyin363\Documents\repos\lyrric__seckill\src\main\java\com\github\lyrric\service\SecKillRunnable.java,67
JDK:java.base:N/A:N/A,ObjectCreationExpr,javax.swing.JTextField,JTextField,C:\Users\tyin363\Documents\repos\lyrric__seckill\src\main\java\com\github\lyrric\ui\ConfigDialog.java,50
CLIENT:client-code:N/A:N/A,MethodCallExpr,com.github.lyrric.service.HttpService,get,C:\Users\tyin363\Documents\repos\lyrric__seckill\src\main\java\com\github\lyrric\service\HttpService.java,99
CLIENT:client-code:N/A:N/A,NameExpr,com.github.lyrric.service.SecKillService,logger,C:\Users\tyin363\Documents\repos\lyrric__seckill\src\main\java\com\github\lyrric\service\SecKillService.java,68
CLIENT:client-code:N/A:N/A,ClassOrInterfaceType,com.github.lyrric.service.SecKillRunnable,SecKillRunnable,C:\Users\tyin363\Documents\repos\lyrric__seckill\src\main\java\com\github\lyrric\service\SecKillService.java,72
CLIENT:client-code:N/A:N/A,ClassOrInterfaceType,com.github.lyrric.model.BusinessException,BusinessException,C:\Users\tyin363\Documents\repos\lyrric__seckill\src\main\java\com\github\lyrric\service\HttpService.java,86
JDK:java.base:N/A:N/A,ClassOrInterfaceType,java.lang.String,String,C:\Users\tyin363\Documents\repos\lyrric__seckill\src\main\java\com\github\lyrric\service\SecKillService.java,43
JDK:java.base:N/A:N/A,MethodCallExpr,java.lang.System,currentTimeMillis,C:\Users\tyin363\Documents\repos\lyrric__seckill\src\main\java\com\github\lyrric\service\SecKillService.java,46
JDK:java.base:N/A:N/A,ClassOrInterfaceType,java.text.ParseException,ParseException,C:\Users\tyin363\Documents\repos\lyrric__seckill\src\main\java\com\github\lyrric\service\SecKillService.java,43
JDK:java.base:N/A:N/A,MethodCallExpr,javax.swing.JFrame,setLayout,C:\Users\tyin363\Documents\repos\lyrric__seckill\src\main\java\com\github\lyrric\ui\MainFrame.java,54
JDK:java.base:N/A:N/A,MethodCallExpr,java.awt.Container,add,C:\Users\tyin363\Documents\repos\lyrric__seckill\src\main\java\com\github\lyrric\ui\ConfigDialog.java,52
CLIENT:client-code:N/A:N/A,MethodCallExpr,com.github.lyrric.ui.MainFrame,refreshVaccines,C:\Users\tyin363\Documents\repos\lyrric__seckill\src\main\java\com\github\lyrric\ui\MainFrame.java,98
org.apache.logging.log4j:log4j-api:jar:2.13.3,MethodCallExpr,org.apache.logging.log4j.Logger,info,C:\Users\tyin363\Documents\repos\lyrric__seckill\src\main\java\com\github\lyrric\Main.java,27
CLIENT:client-code:N/A:N/A,NameExpr,com.github.lyrric.model.Member,id,C:\Users\tyin363\Documents\repos\lyrric__seckill\src\main\java\com\github\lyrric\model\Member.java,24
JDK:java.base:N/A:N/A,ClassOrInterfaceType,java.lang.String,String,C:\Users\tyin363\Documents\repos\lyrric__seckill\src\main\java\com\github\lyrric\conf\Config.java,58
CLIENT:client-code:N/A:N/A,MethodCallExpr,com.github.lyrric.model.VaccineList,getVaccineName,C:\Users\tyin363\Documents\repos\lyrric__seckill\src\main\java\com\github\lyrric\ui\MainFrame.java,178
CLIENT:client-code:N/A:N/A,ClassOrInterfaceType,com.github.lyrric.model.VaccineList,VaccineList,C:\Users\tyin363\Documents\repos\lyrric__seckill\src\main\java\com\github\lyrric\service\SecKillService.java,103
JDK:java.base:N/A:N/A,ObjectCreationExpr,javax.swing.JButton,JButton,C:\Users\tyin363\Documents\repos\lyrric__seckill\src\main\java\com\github\lyrric\ui\MainFrame.java,65
JDK:java.base:N/A:N/A,MethodCallExpr,javax.swing.JFrame,setDefaultCloseOperation,C:\Users\tyin363\Documents\repos\lyrric__seckill\src\main\java\com\github\lyrric\ui\MainFrame.java,61
CLIENT:client-code:N/A:N/A,NameExpr,com.github.lyrric.model.VaccineDetail,startMilliscond,C:\Users\tyin363\Documents\repos\lyrric__seckill\src\main\java\com\github\lyrric\model\VaccineDetail.java,84
org.apache.logging.log4j:log4j-api:jar:2.13.3,MethodCallExpr,org.apache.logging.log4j.Logger,info,C:\Users\tyin363\Documents\repos\lyrric__seckill\src\main\java\com\github\lyrric\service\SecKillRunnable.java,50
JDK:java.base:N/A:N/A,MethodCallExpr,javax.swing.JScrollPane,setVerticalScrollBarPolicy,C:\Users\tyin363\Documents\repos\lyrric__seckill\src\main\java\com\github\lyrric\ui\MainFrame.java,107
JDK:java.base:N/A:N/A,ClassOrInterfaceType,java.lang.String,String,C:\Users\tyin363\Documents\repos\lyrric__seckill\src\main\java\com\github\lyrric\model\Area.java,41
JDK:java.base:N/A:N/A,ClassOrInterfaceType,java.util.Map,Map,C:\Users\tyin363\Documents\repos\lyrric__seckill\src\main\java\com\github\lyrric\service\HttpService.java,121
CLIENT:client-code:N/A:N/A,NameExpr,com.github.lyrric.ui.MainFrame,startBtn,C:\Users\tyin363\Documents\repos\lyrric__seckill\src\main\java\com\github\lyrric\ui\MainFrame.java,230
JDK:java.base:N/A:N/A,MethodCallExpr,java.awt.Window,dispose,C:\Users\tyin363\Documents\repos\lyrric__seckill\src\main\java\com\github\lyrric\ui\MemberDialog.java,93
JDK:java.base:N/A:N/A,MethodCallExpr,java.awt.Component,setBounds,C:\Users\tyin363\Documents\repos\lyrric__seckill\src\main\java\com\github\lyrric\ui\MemberDialog.java,46
CLIENT:client-code:N/A:N/A,ClassOrInterfaceType,com.github.lyrric.service.SecKillRunnable,SecKillRunnable,C:\Users\tyin363\Documents\repos\lyrric__seckill\src\main\java\com\github\lyrric\service\SecKillService.java,74
JDK:java.base:N/A:N/A,FieldAccessExpr,java.lang.System,out,C:\Users\tyin363\Documents\repos\lyrric__seckill\src\main\java\com\github\lyrric\service\HttpService.java,195
CLIENT:client-code:N/A:N/A,MethodCallExpr,com.github.lyrric.model.Member,getId,C:\Users\tyin363\Documents\repos\lyrric__seckill\src\main\java\com\github\lyrric\ui\ConsoleMode.java,53
CLIENT:client-code:N/A:N/A,ClassOrInterfaceType,com.github.lyrric.model.BusinessException,BusinessException,C:\Users\tyin363\Documents\repos\lyrric__seckill\src\main\java\com\github\lyrric\service\HttpService.java,154
CLIENT:client-code:N/A:N/A,FieldAccessExpr,com.github.lyrric.model.SubDateTime,wid,C:\Users\tyin363\Documents\repos\lyrric__seckill\src\main\java\com\github\lyrric\model\SubDateTime.java,41
org.apache.logging.log4j:log4j-api:jar:2.13.3,MethodCallExpr,org.apache.logging.log4j.Logger,info,C:\Users\tyin363\Documents\repos\lyrric__seckill\src\main\java\com\github\lyrric\service\SecKillService.java,54
JDK:java.base:N/A:N/A,ClassOrInterfaceType,java.lang.String,String,C:\Users\tyin363\Documents\repos\lyrric__seckill\src\main\java\com\github\lyrric\model\SubDate.java,11
JDK:java.base:N/A:N/A,ClassOrInterfaceType,java.lang.String,String,C:\Users\tyin363\Documents\repos\lyrric__seckill\src\main\java\com\github\lyrric\model\SubDateTime.java,24
JDK:java.base:N/A:N/A,MethodCallExpr,java.util.Map,put,C:\Users\tyin363\Documents\repos\lyrric__seckill\src\main\java\com\github\lyrric\service\HttpService.java,111
CLIENT:client-code:N/A:N/A,FieldAccessExpr,com.github.lyrric.conf.Config,cookie,C:\Users\tyin363\Documents\repos\lyrric__seckill\src\main\java\com\github\lyrric\service\HttpService.java,177
JDK:java.base:N/A:N/A,MethodCallExpr,javax.swing.JTable,updateUI,C:\Users\tyin363\Documents\repos\lyrric__seckill\src\main\java\com\github\lyrric\ui\MainFrame.java,175
JDK:java.base:N/A:N/A,ClassOrInterfaceType,java.awt.Frame,Frame,C:\Users\tyin363\Documents\repos\lyrric__seckill\src\main\java\com\github\lyrric\ui\ConfigDialog.java,24
CLIENT:client-code:N/A:N/A,NameExpr,com.github.lyrric.service.HttpService,baseUrl,C:\Users\tyin363\Documents\repos\lyrric__seckill\src\main\java\com\github\lyrric\service\HttpService.java,87
JDK:java.base:N/A:N/A,MethodCallExpr,java.lang.Throwable,getMessage,C:\Users\tyin363\Documents\repos\lyrric__seckill\src\main\java\com\github\lyrric\service\SecKillService.java,61
CLIENT:client-code:N/A:N/A,ClassOrInterfaceType,com.github.lyrric.model.VaccineList,VaccineList,C:\Users\tyin363\Documents\repos\lyrric__seckill\src\main\java\com\github\lyrric\service\HttpService.java,78
JDK:java.base:N/A:N/A,MethodCallExpr,java.lang.Thread,start,C:\Users\tyin363\Documents\repos\lyrric__seckill\src\main\java\com\github\lyrric\ui\MemberDialog.java,61
CLIENT:client-code:N/A:N/A,NameExpr,com.github.lyrric.util.ParseUtil,areas,C:\Users\tyin363\Documents\repos\lyrric__seckill\src\main\java\com\github\lyrric\util\ParseUtil.java,47
CLIENT:client-code:N/A:N/A,ClassOrInterfaceType,com.github.lyrric.service.HttpService,HttpService,C:\Users\tyin363\Documents\repos\lyrric__seckill\src\main\java\com\github\lyrric\service\SecKillRunnable.java,24
CLIENT:client-code:N/A:N/A,FieldAccessExpr,com.github.lyrric.service.SecKillRunnable,resetSt,C:\Users\tyin363\Documents\repos\lyrric__seckill\src\main\java\com\github\lyrric\service\SecKillRunnable.java,35
org.apache.logging.log4j:log4j-api:jar:2.13.3,MethodCallExpr,org.apache.logging.log4j.Logger,info,C:\Users\tyin363\Documents\repos\lyrric__seckill\src\main\java\com\github\lyrric\service\SecKillRunnable.java,52
JDK:java.base:N/A:N/A,ClassOrInterfaceType,javax.swing.JTextArea,JTextArea,C:\Users\tyin363\Documents\repos\lyrric__seckill\src\main\java\com\github\lyrric\ui\MainFrame.java,101
org.apache.logging.log4j:log4j-api:jar:2.13.3,MethodCallExpr,org.apache.logging.log4j.Logger,info,C:\Users\tyin363\Documents\repos\lyrric__seckill\src\main\java\com\github\lyrric\ui\ConsoleMode.java,60
CLIENT:client-code:N/A:N/A,NameExpr,com.github.lyrric.ui.MainFrame,startBtn,C:\Users\tyin363\Documents\repos\lyrric__seckill\src\main\java\com\github\lyrric\ui\MainFrame.java,228
com.alibaba:fastjson:jar:1.2.72,MethodCallExpr,com.alibaba.fastjson.JSONArray,toJavaList,C:\Users\tyin363\Documents\repos\lyrric__seckill\src\main\java\com\github\lyrric\service\HttpService.java,78
CLIENT:client-code:N/A:N/A,MethodCallExpr,com.github.lyrric.model.Member,getIdCardNo,C:\Users\tyin363\Documents\repos\lyrric__seckill\src\main\java\com\github\lyrric\ui\ConsoleMode.java,54
CLIENT:client-code:N/A:N/A,ClassOrInterfaceType,com.github.lyrric.model.Area,Area,C:\Users\tyin363\Documents\repos\lyrric__seckill\src\main\java\com\github\lyrric\ui\MainFrame.java,139
CLIENT:client-code:N/A:N/A,FieldAccessExpr,com.github.lyrric.conf.Config,cookie,C:\Users\tyin363\Documents\repos\lyrric__seckill\src\main\java\com\github\lyrric\service\HttpService.java,176
JDK:java.base:N/A:N/A,ClassOrInterfaceType,javax.swing.JButton,JButton,C:\Users\tyin363\Documents\repos\lyrric__seckill\src\main\java\com\github\lyrric\ui\MainFrame.java,42
JDK:java.base:N/A:N/A,ClassOrInterfaceType,javax.swing.JButton,JButton,C:\Users\tyin363\Documents\repos\lyrric__seckill\src\main\java\com\github\lyrric\ui\MemberDialog.java,45
JDK:java.base:N/A:N/A,MethodCallExpr,java.lang.Thread,sleep,C:\Users\tyin363\Documents\repos\lyrric__seckill\src\main\java\com\github\lyrric\service\SecKillService.java,75
CLIENT:client-code:N/A:N/A,ClassOrInterfaceType,com.github.lyrric.model.Area,Area,C:\Users\tyin363\Documents\repos\lyrric__seckill\src\main\java\com\github\lyrric\util\ParseUtil.java,46
CLIENT:client-code:N/A:N/A,FieldAccessExpr,com.github.lyrric.conf.Config,memberId,C:\Users\tyin363\Documents\repos\lyrric__seckill\src\main\java\com\github\lyrric\ui\MemberDialog.java,89
org.apache.httpcomponents:httpcore:jar:4.4.13,ClassOrInterfaceType,org.apache.http.Header,Header,C:\Users\tyin363\Documents\repos\lyrric__seckill\src\main\java\com\github\lyrric\service\HttpService.java,169
CLIENT:client-code:N/A:N/A,NameExpr,com.github.lyrric.service.SecKillService,logger,C:\Users\tyin363\Documents\repos\lyrric__seckill\src\main\java\com\github\lyrric\service\SecKillService.java,56
CLIENT:client-code:N/A:N/A,NameExpr,com.github.lyrric.ui.ConfigDialog,submit,C:\Users\tyin363\Documents\repos\lyrric__seckill\src\main\java\com\github\lyrric\ui\ConfigDialog.java,55
org.apache.httpcomponents:httpclient:jar:4.5.13,MethodCallExpr,org.apache.http.client.config.RequestConfig,custom,C:\Users\tyin363\Documents\repos\lyrric__seckill\src\main\java\com\github\lyrric\service\HttpService.java,138
JDK:java.base:N/A:N/A,ClassOrInterfaceType,java.text.SimpleDateFormat,SimpleDateFormat,C:\Users\tyin363\Documents\repos\lyrric__seckill\src\main\java\com\github\lyrric\service\SecKillService.java,112
JDK:java.base:N/A:N/A,ClassOrInterfaceType,java.util.List,List,C:\Users\tyin363\Documents\repos\lyrric__seckill\src\main\java\com\github\lyrric\service\SecKillService.java,103
org.apache.logging.log4j:log4j-api:jar:2.13.3,ClassOrInterfaceType,org.apache.logging.log4j.Logger,Logger,C:\Users\tyin363\Documents\repos\lyrric__seckill\src\main\java\com\github\lyrric\service\SecKillRunnable.java,16
JDK:java.base:N/A:N/A,MethodCallExpr,javax.swing.text.JTextComponent,getText,C:\Users\tyin363\Documents\repos\lyrric__seckill\src\main\java\com\github\lyrric\ui\ConfigDialog.java,58
JDK:java.base:N/A:N/A,MethodCallExpr,java.awt.Component,setBounds,C:\Users\tyin363\Documents\repos\lyrric__seckill\src\main\java\com\github\lyrric\ui\ConfigDialog.java,48
JDK:java.base:N/A:N/A,ClassOrInterfaceType,javax.swing.table.DefaultTableModel,DefaultTableModel,C:\Users\tyin363\Documents\repos\lyrric__seckill\src\main\java\com\github\lyrric\ui\MainFrame.java,174
JDK:java.base:N/A:N/A,MethodCallExpr,java.awt.Dialog,setResizable,C:\Users\tyin363\Documents\repos\lyrric__seckill\src\main\java\com\github\lyrric\ui\MemberDialog.java,55
CLIENT:client-code:N/A:N/A,FieldAccessExpr,com.github.lyrric.model.Area,children,C:\Users\tyin363\Documents\repos\lyrric__seckill\src\main\java\com\github\lyrric\model\Area.java,37
CLIENT:client-code:N/A:N/A,NameExpr,com.github.lyrric.ui.ConfigDialog,reqHeader,C:\Users\tyin363\Documents\repos\lyrric__seckill\src\main\java\com\github\lyrric\ui\ConfigDialog.java,82
CLIENT:client-code:N/A:N/A,FieldAccessExpr,com.github.lyrric.conf.Config,cookie,C:\Users\tyin363\Documents\repos\lyrric__seckill\src\main\java\com\github\lyrric\ui\ConsoleMode.java,73
org.apache.logging.log4j:log4j-api:jar:2.13.3,MethodCallExpr,org.apache.logging.log4j.Logger,info,C:\Users\tyin363\Documents\repos\lyrric__seckill\src\main\java\com\github\lyrric\ui\ConsoleMode.java,46
CLIENT:client-code:N/A:N/A,NameExpr,com.github.lyrric.model.Area,children,C:\Users\tyin363\Documents\repos\lyrric__seckill\src\main\java\com\github\lyrric\model\Area.java,33
JDK:java.base:N/A:N/A,ClassOrInterfaceType,java.lang.String,String,C:\Users\tyin363\Documents\repos\lyrric__seckill\src\main\java\com\github\lyrric\service\HttpService.java,149
JDK:java.base:N/A:N/A,ClassOrInterfaceType,java.lang.Exception,Exception,C:\Users\tyin363\Documents\repos\lyrric__seckill\src\main\java\com\github\lyrric\service\SecKillService.java,94
JDK:java.base:N/A:N/A,MethodCallExpr,java.util.Map,put,C:\Users\tyin363\Documents\repos\lyrric__seckill\src\main\java\com\github\lyrric\ui\ConsoleMode.java,73
JDK:java.base:N/A:N/A,ObjectCreationExpr,javax.swing.JComboBox,JComboBox,C:\Users\tyin363\Documents\repos\lyrric__seckill\src\main\java\com\github\lyrric\ui\MainFrame.java,115
JDK:java.base:N/A:N/A,ClassOrInterfaceType,java.lang.String,String,C:\Users\tyin363\Documents\repos\lyrric__seckill\src\main\java\com\github\lyrric\model\VaccineList.java,26
JDK:java.base:N/A:N/A,MethodCallExpr,javax.swing.AbstractButton,addActionListener,C:\Users\tyin363\Documents\repos\lyrric__seckill\src\main\java\com\github\lyrric\ui\MainFrame.java,138
CLIENT:client-code:N/A:N/A,ObjectCreationExpr,com.github.lyrric.service.SecKillService,SecKillService,C:\Users\tyin363\Documents\repos\lyrric__seckill\src\main\java\com\github\lyrric\ui\MainFrame.java,28
JDK:java.base:N/A:N/A,MethodCallExpr,javax.swing.JComboBox,addItem,C:\Users\tyin363\Documents\repos\lyrric__seckill\src\main\java\com\github\lyrric\ui\MainFrame.java,125
com.alibaba:fastjson:jar:1.2.72,MethodCallExpr,com.alibaba.fastjson.JSON,parseArray,C:\Users\tyin363\Documents\repos\lyrric__seckill\src\main\java\com\github\lyrric\service\HttpService.java,78
JDK:java.base:N/A:N/A,MethodCallExpr,java.awt.Container,add,C:\Users\tyin363\Documents\repos\lyrric__seckill\src\main\java\com\github\lyrric\ui\MemberDialog.java,50
JDK:java.base:N/A:N/A,ClassOrInterfaceType,java.lang.Integer,Integer,C:\Users\tyin363\Documents\repos\lyrric__seckill\src\main\java\com\github\lyrric\model\VaccineDetail.java,54
JDK:java.base:N/A:N/A,ClassOrInterfaceType,java.lang.String,String,C:\Users\tyin363\Documents\repos\lyrric__seckill\src\main\java\com\github\lyrric\service\SecKillService.java,111
org.apache.httpcomponents:httpcore:jar:4.4.13,MethodCallExpr,org.apache.http.HttpMessage,getHeaders,C:\Users\tyin363\Documents\repos\lyrric__seckill\src\main\java\com\github\lyrric\service\HttpService.java,159
JDK:java.base:N/A:N/A,MethodCallExpr,java.awt.Dialog,setTitle,C:\Users\tyin363\Documents\repos\lyrric__seckill\src\main\java\com\github\lyrric\ui\ConfigDialog.java,35
CLIENT:client-code:N/A:N/A,ObjectCreationExpr,com.github.lyrric.service.HttpService,HttpService,C:\Users\tyin363\Documents\repos\lyrric__seckill\src\main\java\com\github\lyrric\ui\ConsoleMode.java,36
JDK:java.base:N/A:N/A,ObjectCreationExpr,java.lang.Thread,Thread,C:\Users\tyin363\Documents\repos\lyrric__seckill\src\main\java\com\github\lyrric\ui\MemberDialog.java,61
JDK:java.base:N/A:N/A,ClassOrInterfaceType,java.lang.String,String,C:\Users\tyin363\Documents\repos\lyrric__seckill\src\main\java\com\github\lyrric\model\SubDateTime.java,36
CLIENT:client-code:N/A:N/A,NameExpr,com.github.lyrric.ui.MainFrame,setCookieBtn,C:\Users\tyin363\Documents\repos\lyrric__seckill\src\main\java\com\github\lyrric\ui\MainFrame.java,205
JDK:java.base:N/A:N/A,MethodCallExpr,java.awt.Component,setBounds,C:\Users\tyin363\Documents\repos\lyrric__seckill\src\main\java\com\github\lyrric\ui\MemberDialog.java,41
JDK:java.base:N/A:N/A,ClassOrInterfaceType,java.lang.String,String,C:\Users\tyin363\Documents\repos\lyrric__seckill\src\main\java\com\github\lyrric\model\SubDate.java,15
CLIENT:client-code:N/A:N/A,FieldAccessExpr,com.github.lyrric.service.SecKillRunnable,httpService,C:\Users\tyin363\Documents\repos\lyrric__seckill\src\main\java\com\github\lyrric\service\SecKillRunnable.java,36
JDK:java.base:N/A:N/A,ObjectCreationExpr,javax.swing.JScrollPane,JScrollPane,C:\Users\tyin363\Documents\repos\lyrric__seckill\src\main\java\com\github\lyrric\ui\MainFrame.java,112
CLIENT:client-code:N/A:N/A,MethodCallExpr,com.github.lyrric.model.Member,getIdCardNo,C:\Users\tyin363\Documents\repos\lyrric__seckill\src\main\java\com\github\lyrric\ui\ConsoleMode.java,49
JDK:java.base:N/A:N/A,ClassOrInterfaceType,java.lang.String,String,C:\Users\tyin363\Documents\repos\lyrric__seckill\src\main\java\com\github\lyrric\model\VaccineDetail.java,36
JDK:java.base:N/A:N/A,MethodCallExpr,javax.swing.AbstractButton,addActionListener,C:\Users\tyin363\Documents\repos\lyrric__seckill\src\main\java\com\github\lyrric\ui\MainFrame.java,70
CLIENT:client-code:N/A:N/A,ObjectCreationExpr,com.github.lyrric.model.TableModel,TableModel,C:\Users\tyin363\Documents\repos\lyrric__seckill\src\main\java\com\github\lyrric\ui\MemberDialog.java,38
CLIENT:client-code:N/A:N/A,NameExpr,com.github.lyrric.model.Area,name,C:\Users\tyin363\Documents\repos\lyrric__seckill\src\main\java\com\github\lyrric\model\Area.java,42
JDK:java.base:N/A:N/A,ClassOrInterfaceType,java.lang.String,String,C:\Users\tyin363\Documents\repos\lyrric__seckill\src\main\java\com\github\lyrric\Main.java,20
JDK:java.base:N/A:N/A,ClassOrInterfaceType,java.lang.Integer,Integer,C:\Users\tyin363\Documents\repos\lyrric__seckill\src\main\java\com\github\lyrric\model\SubDateTime.java,48
JDK:java.base:N/A:N/A,ClassOrInterfaceType,javax.swing.table.DefaultTableModel,DefaultTableModel,C:\Users\tyin363\Documents\repos\lyrric__seckill\src\main\java\com\github\lyrric\ui\MainFrame.java,44
org.apache.httpcomponents:httpcore:jar:4.4.13,ObjectCreationExpr,org.apache.http.message.BasicHeader,BasicHeader,C:\Users\tyin363\Documents\repos\lyrric__seckill\src\main\java\com\github\lyrric\service\HttpService.java,59
CLIENT:client-code:N/A:N/A,MethodCallExpr,com.github.lyrric.service.HttpService,getVaccineList,C:\Users\tyin363\Documents\repos\lyrric__seckill\src\main\java\com\github\lyrric\service\SecKillService.java,104
CLIENT:client-code:N/A:N/A,FieldAccessExpr,com.github.lyrric.conf.Config,memberId,C:\Users\tyin363\Documents\repos\lyrric__seckill\src\main\java\com\github\lyrric\service\HttpService.java,186
JDK:java.base:N/A:N/A,FieldAccessExpr,javax.swing.JOptionPane,PLAIN_MESSAGE,C:\Users\tyin363\Documents\repos\lyrric__seckill\src\main\java\com\github\lyrric\ui\MemberDialog.java,67
CLIENT:client-code:N/A:N/A,NameExpr,com.github.lyrric.service.SecKillService,logger,C:\Users\tyin363\Documents\repos\lyrric__seckill\src\main\java\com\github\lyrric\service\SecKillService.java,59
CLIENT:client-code:N/A:N/A,NameExpr,com.github.lyrric.service.SecKillRunnable,logger,C:\Users\tyin363\Documents\repos\lyrric__seckill\src\main\java\com\github\lyrric\service\SecKillRunnable.java,56
CLIENT:client-code:N/A:N/A,NameExpr,com.github.lyrric.ui.ConfigDialog,parse,C:\Users\tyin363\Documents\repos\lyrric__seckill\src\main\java\com\github\lyrric\ui\ConfigDialog.java,80
org.apache.logging.log4j:log4j-api:jar:2.13.3,MethodCallExpr,org.apache.logging.log4j.LogManager,getLogger,C:\Users\tyin363\Documents\repos\lyrric__seckill\src\main\java\com\github\lyrric\service\HttpService.java,38
JDK:java.base:N/A:N/A,MethodCallExpr,java.lang.Thread,sleep,C:\Users\tyin363\Documents\repos\lyrric__seckill\src\main\java\com\github\lyrric\service\SecKillService.java,77
org.apache.logging.log4j:log4j-api:jar:2.13.3,MethodCallExpr,org.apache.logging.log4j.Logger,info,C:\Users\tyin363\Documents\repos\lyrric__seckill\src\main\java\com\github\lyrric\service\SecKillRunnable.java,56
JDK:java.base:N/A:N/A,MethodCallExpr,java.lang.Integer,parseInt,C:\Users\tyin363\Documents\repos\lyrric__seckill\src\main\java\com\github\lyrric\ui\ConsoleMode.java,52
JDK:java.base:N/A:N/A,ClassOrInterfaceType,javax.swing.JTable,JTable,C:\Users\tyin363\Documents\repos\lyrric__seckill\src\main\java\com\github\lyrric\ui\MemberDialog.java,39
JDK:java.base:N/A:N/A,ClassOrInterfaceType,javax.swing.JButton,JButton,C:\Users\tyin363\Documents\repos\lyrric__seckill\src\main\java\com\github\lyrric\ui\MainFrame.java,38
JDK:java.base:N/A:N/A,MethodCallExpr,javax.swing.AbstractButton,addActionListener,C:\Users\tyin363\Documents\repos\lyrric__seckill\src\main\java\com\github\lyrric\ui\MainFrame.java,67
CLIENT:client-code:N/A:N/A,NameExpr,com.github.lyrric.ui.MainFrame,provinceBox,C:\Users\tyin363\Documents\repos\lyrric__seckill\src\main\java\com\github\lyrric\ui\MainFrame.java,115
JDK:java.base:N/A:N/A,MethodCallExpr,java.lang.String,equals,C:\Users\tyin363\Documents\repos\lyrric__seckill\src\main\java\com\github\lyrric\util\ParseUtil.java,85
JDK:java.base:N/A:N/A,ClassOrInterfaceType,java.lang.String,String,C:\Users\tyin363\Documents\repos\lyrric__seckill\src\main\java\com\github\lyrric\service\HttpService.java,88
CLIENT:client-code:N/A:N/A,NameExpr,com.github.lyrric.service.SecKillRunnable,logger,C:\Users\tyin363\Documents\repos\lyrric__seckill\src\main\java\com\github\lyrric\service\SecKillRunnable.java,59
CLIENT:client-code:N/A:N/A,MethodCallExpr,com.github.lyrric.model.Member,getId,C:\Users\tyin363\Documents\repos\lyrric__seckill\src\main\java\com\github\lyrric\ui\MemberDialog.java,71
org.apache.logging.log4j:log4j-api:jar:2.13.3,MethodCallExpr,org.apache.logging.log4j.Logger,info,C:\Users\tyin363\Documents\repos\lyrric__seckill\src\main\java\com\github\lyrric\ui\ConsoleMode.java,49
JDK:java.base:N/A:N/A,MethodCallExpr,java.util.Vector,clear,C:\Users\tyin363\Documents\repos\lyrric__seckill\src\main\java\com\github\lyrric\ui\MainFrame.java,173
CLIENT:client-code:N/A:N/A,MethodCallExpr,com.github.lyrric.ui.MemberDialog,submit,C:\Users\tyin363\Documents\repos\lyrric__seckill\src\main\java\com\github\lyrric\ui\MemberDialog.java,48
CLIENT:client-code:N/A:N/A,FieldAccessExpr,com.github.lyrric.conf.Config,success,C:\Users\tyin363\Documents\repos\lyrric__seckill\src\main\java\com\github\lyrric\service\SecKillRunnable.java,70
org.apache.logging.log4j:log4j-api:jar:2.13.3,MethodCallExpr,org.apache.logging.log4j.Logger,info,C:\Users\tyin363\Documents\repos\lyrric__seckill\src\main\java\com\github\lyrric\service\SecKillRunnable.java,59
JDK:java.base:N/A:N/A,ClassOrInterfaceType,java.lang.String,String,C:\Users\tyin363\Documents\repos\lyrric__seckill\src\main\java\com\github\lyrric\model\SubDate.java,17
JDK:java.base:N/A:N/A,ClassOrInterfaceType,java.io.IOException,IOException,C:\Users\tyin363\Documents\repos\lyrric__seckill\src\main\java\com\github\lyrric\service\HttpService.java,68
JDK:java.base:N/A:N/A,MethodCallExpr,javax.swing.text.JTextComponent,getText,C:\Users\tyin363\Documents\repos\lyrric__seckill\src\main\java\com\github\lyrric\ui\ConfigDialog.java,63
CLIENT:client-code:N/A:N/A,NameExpr,com.github.lyrric.ui.ConsoleMode,httpService,C:\Users\tyin363\Documents\repos\lyrric__seckill\src\main\java\com\github\lyrric\ui\ConsoleMode.java,47
JDK:java.base:N/A:N/A,ClassOrInterfaceType,java.lang.Boolean,Boolean,C:\Users\tyin363\Documents\repos\lyrric__seckill\src\main\java\com\github\lyrric\conf\Config.java,53
JDK:java.base:N/A:N/A,MethodCallExpr,java.awt.Dialog,setVisible,C:\Users\tyin363\Documents\repos\lyrric__seckill\src\main\java\com\github\lyrric\ui\MemberDialog.java,54
JDK:java.base:N/A:N/A,FieldAccessExpr,javax.swing.WindowConstants,EXIT_ON_CLOSE,C:\Users\tyin363\Documents\repos\lyrric__seckill\src\main\java\com\github\lyrric\ui\MainFrame.java,61
JDK:java.base:N/A:N/A,MethodCallExpr,java.awt.Component,setBounds,C:\Users\tyin363\Documents\repos\lyrric__seckill\src\main\java\com\github\lyrric\ui\ConfigDialog.java,44
JDK:java.base:N/A:N/A,MethodCallExpr,java.lang.String,contains,C:\Users\tyin363\Documents\repos\lyrric__seckill\src\main\java\com\github\lyrric\service\SecKillRunnable.java,60
JDK:java.base:N/A:N/A,ClassOrInterfaceType,java.util.List,List,C:\Users\tyin363\Documents\repos\lyrric__seckill\src\main\java\com\github\lyrric\service\HttpService.java,134
JDK:java.base:N/A:N/A,ClassOrInterfaceType,java.lang.Integer,Integer,C:\Users\tyin363\Documents\repos\lyrric__seckill\src\main\java\com\github\lyrric\model\VaccineList.java,36
JDK:java.base:N/A:N/A,ClassOrInterfaceType,java.lang.String,String,C:\Users\tyin363\Documents\repos\lyrric__seckill\src\main\java\com\github\lyrric\service\HttpService.java,87
JDK:java.base:N/A:N/A,ClassOrInterfaceType,java.lang.String,String,C:\Users\tyin363\Documents\repos\lyrric__seckill\src\main\java\com\github\lyrric\model\VaccineDetail.java,42
JDK:java.base:N/A:N/A,ClassOrInterfaceType,java.util.List,List,C:\Users\tyin363\Documents\repos\lyrric__seckill\src\main\java\com\github\lyrric\service\HttpService.java,68
CLIENT:client-code:N/A:N/A,NameExpr,com.github.lyrric.service.SecKillService,logger,C:\Users\tyin363\Documents\repos\lyrric__seckill\src\main\java\com\github\lyrric\service\SecKillService.java,61
CLIENT:client-code:N/A:N/A,ClassOrInterfaceType,com.github.lyrric.model.BusinessException,BusinessException,C:\Users\tyin363\Documents\repos\lyrric__seckill\src\main\java\com\github\lyrric\ui\MainFrame.java,186
CLIENT:client-code:N/A:N/A,MethodCallExpr,com.github.lyrric.service.HttpService,secKill,C:\Users\tyin363\Documents\repos\lyrric__seckill\src\main\java\com\github\lyrric\service\SecKillRunnable.java,53
JDK:java.base:N/A:N/A,ObjectCreationExpr,java.util.HashMap,HashMap,C:\Users\tyin363\Documents\repos\lyrric__seckill\src\main\java\com\github\lyrric\service\HttpService.java,53
CLIENT:client-code:N/A:N/A,FieldAccessExpr,com.github.lyrric.conf.Config,cookie,C:\Users\tyin363\Documents\repos\lyrric__seckill\src\main\java\com\github\lyrric\service\HttpService.java,116
JDK:java.base:N/A:N/A,ClassOrInterfaceType,java.lang.Long,Long,C:\Users\tyin363\Documents\repos\lyrric__seckill\src\main\java\com\github\lyrric\model\VaccineDetail.java,83
JDK:java.base:N/A:N/A,MethodCallExpr,javax.swing.text.JTextComponent,getText,C:\Users\tyin363\Documents\repos\lyrric__seckill\src\main\java\com\github\lyrric\ui\ConfigDialog.java,62
JDK:java.base:N/A:N/A,ClassOrInterfaceType,java.lang.String,String,C:\Users\tyin363\Documents\repos\lyrric__seckill\src\main\java\com\github\lyrric\model\VaccineList.java,22
JDK:java.base:N/A:N/A,ClassOrInterfaceType,java.lang.String,String,C:\Users\tyin363\Documents\repos\lyrric__seckill\src\main\java\com\github\lyrric\model\SubDateTime.java,32
JDK:java.base:N/A:N/A,ClassOrInterfaceType,java.lang.Integer,Integer,C:\Users\tyin363\Documents\repos\lyrric__seckill\src\main\java\com\github\lyrric\model\VaccineDetail.java,50
CLIENT:client-code:N/A:N/A,FieldAccessExpr,com.github.lyrric.model.VaccineDetail.Day,total,C:\Users\tyin363\Documents\repos\lyrric__seckill\src\main\java\com\github\lyrric\model\VaccineDetail.java,55
CLIENT:client-code:N/A:N/A,NameExpr,com.github.lyrric.ui.MainFrame,setCookieBtn,C:\Users\tyin363\Documents\repos\lyrric__seckill\src\main\java\com\github\lyrric\ui\MainFrame.java,69
JDK:java.base:N/A:N/A,ClassOrInterfaceType,javax.swing.table.DefaultTableModel,DefaultTableModel,C:\Users\tyin363\Documents\repos\lyrric__seckill\src\main\java\com\github\lyrric\ui\MainFrame.java,173
JDK:java.base:N/A:N/A,MethodCallExpr,java.lang.String,indexOf,C:\Users\tyin363\Documents\repos\lyrric__seckill\src\main\java\com\github\lyrric\util\ParseUtil.java,30
CLIENT:client-code:N/A:N/A,ClassOrInterfaceType,com.github.lyrric.model.VaccineList,VaccineList,C:\Users\tyin363\Documents\repos\lyrric__seckill\src\main\java\com\github\lyrric\ui\MainFrame.java,177
CLIENT:client-code:N/A:N/A,NameExpr,com.github.lyrric.service.HttpService,baseUrl,C:\Users\tyin363\Documents\repos\lyrric__seckill\src\main\java\com\github\lyrric\service\HttpService.java,96
CLIENT:client-code:N/A:N/A,ClassOrInterfaceType,com.github.lyrric.model.BusinessException,BusinessException,C:\Users\tyin363\Documents\repos\lyrric__seckill\src\main\java\com\github\lyrric\service\SecKillRunnable.java,58
org.apache.logging.log4j:log4j-api:jar:2.13.3,MethodCallExpr,org.apache.logging.log4j.Logger,info,C:\Users\tyin363\Documents\repos\lyrric__seckill\src\main\java\com\github\lyrric\ui\ConsoleMode.java,51
JDK:java.base:N/A:N/A,MethodCallExpr,java.awt.Frame,setTitle,C:\Users\tyin363\Documents\repos\lyrric__seckill\src\main\java\com\github\lyrric\ui\MainFrame.java,55
JDK:java.base:N/A:N/A,MethodCallExpr,java.awt.Component,setBounds,C:\Users\tyin363\Documents\repos\lyrric__seckill\src\main\java\com\github\lyrric\ui\ConfigDialog.java,41
CLIENT:client-code:N/A:N/A,NameExpr,com.github.lyrric.ui.ConfigDialog,submit,C:\Users\tyin363\Documents\repos\lyrric__seckill\src\main\java\com\github\lyrric\ui\ConfigDialog.java,57
JDK:java.base:N/A:N/A,ClassOrInterfaceType,java.lang.Long,Long,C:\Users\tyin363\Documents\repos\lyrric__seckill\src\main\java\com\github\lyrric\model\VaccineDetail.java,20
JDK:java.base:N/A:N/A,MethodCallExpr,javax.swing.text.JTextComponent,getText,C:\Users\tyin363\Documents\repos\lyrric__seckill\src\main\java\com\github\lyrric\ui\ConfigDialog.java,61
JDK:java.base:N/A:N/A,ClassOrInterfaceType,java.lang.Integer,Integer,C:\Users\tyin363\Documents\repos\lyrric__seckill\src\main\java\com\github\lyrric\model\SubDateTime.java,44
CLIENT:client-code:N/A:N/A,MethodCallExpr,com.github.lyrric.model.VaccineList,getName,C:\Users\tyin363\Documents\repos\lyrric__seckill\src\main\java\com\github\lyrric\ui\MainFrame.java,178
CLIENT:client-code:N/A:N/A,ClassOrInterfaceType,com.github.lyrric.model.BusinessException,BusinessException,C:\Users\tyin363\Documents\repos\lyrric__seckill\src\main\java\com\github\lyrric\service\SecKillService.java,60
CLIENT:client-code:N/A:N/A,NameExpr,com.github.lyrric.ui.MainFrame,setCookieBtn,C:\Users\tyin363\Documents\repos\lyrric__seckill\src\main\java\com\github\lyrric\ui\MainFrame.java,70
CLIENT:client-code:N/A:N/A,NameExpr,com.github.lyrric.service.SecKillService,logger,C:\Users\tyin363\Documents\repos\lyrric__seckill\src\main\java\com\github\lyrric\service\SecKillService.java,63
JDK:java.base:N/A:N/A,ObjectCreationExpr,javax.swing.JButton,JButton,C:\Users\tyin363\Documents\repos\lyrric__seckill\src\main\java\com\github\lyrric\ui\MainFrame.java,137
CLIENT:client-code:N/A:N/A,FieldAccessExpr,com.github.lyrric.model.BusinessException,errMsg,C:\Users\tyin363\Documents\repos\lyrric__seckill\src\main\java\com\github\lyrric\model\BusinessException.java,33
JDK:java.base:N/A:N/A,MethodCallExpr,java.lang.String,split,C:\Users\tyin363\Documents\repos\lyrric__seckill\src\main\java\com\github\lyrric\ui\ConsoleMode.java,71
CLIENT:client-code:N/A:N/A,NameExpr,com.github.lyrric.ui.MainFrame,service,C:\Users\tyin363\Documents\repos\lyrric__seckill\src\main\java\com\github\lyrric\ui\MainFrame.java,208
JDK:java.base:N/A:N/A,MethodCallExpr,java.lang.String,indexOf,C:\Users\tyin363\Documents\repos\lyrric__seckill\src\main\java\com\github\lyrric\util\ParseUtil.java,29
JDK:java.base:N/A:N/A,MethodCallExpr,java.util.List,get,C:\Users\tyin363\Documents\repos\lyrric__seckill\src\main\java\com\github\lyrric\ui\ConsoleMode.java,49
JDK:java.base:N/A:N/A,ClassOrInterfaceType,java.lang.String,String,C:\Users\tyin363\Documents\repos\lyrric__seckill\src\main\java\com\github\lyrric\ui\MainFrame.java,178
JDK:java.base:N/A:N/A,ClassOrInterfaceType,java.util.concurrent.ConcurrentHashMap,ConcurrentHashMap,C:\Users\tyin363\Documents\repos\lyrric__seckill\src\main\java\com\github\lyrric\conf\Config.java,47
JDK:java.base:N/A:N/A,ClassOrInterfaceType,javax.swing.JDialog,JDialog,C:\Users\tyin363\Documents\repos\lyrric__seckill\src\main\java\com\github\lyrric\ui\ConfigDialog.java,14
JDK:java.base:N/A:N/A,ClassOrInterfaceType,java.lang.RuntimeException,RuntimeException,C:\Users\tyin363\Documents\repos\lyrric__seckill\src\main\java\com\github\lyrric\model\BusinessException.java,8
CLIENT:client-code:N/A:N/A,NameExpr,com.github.lyrric.ui.ConfigDialog,submit,C:\Users\tyin363\Documents\repos\lyrric__seckill\src\main\java\com\github\lyrric\ui\ConfigDialog.java,56
JDK:java.base:N/A:N/A,ClassOrInterfaceType,java.util.List,List,C:\Users\tyin363\Documents\repos\lyrric__seckill\src\main\java\com\github\lyrric\model\Area.java,32
org.apache.httpcomponents:httpcore:jar:4.4.13,ClassOrInterfaceType,org.apache.http.message.BufferedHeader,BufferedHeader,C:\Users\tyin363\Documents\repos\lyrric__seckill\src\main\java\com\github\lyrric\service\HttpService.java,162
CLIENT:client-code:N/A:N/A,NameExpr,com.github.lyrric.ui.ConfigDialog,success,C:\Users\tyin363\Documents\repos\lyrric__seckill\src\main\java\com\github\lyrric\ui\ConfigDialog.java,91
JDK:java.base:N/A:N/A,ClassOrInterfaceType,javax.swing.JTextArea,JTextArea,C:\Users\tyin363\Documents\repos\lyrric__seckill\src\main\java\com\github\lyrric\ui\MainFrame.java,46
CLIENT:client-code:N/A:N/A,FieldAccessExpr,com.github.lyrric.model.SubDateTime,startTime,C:\Users\tyin363\Documents\repos\lyrric__seckill\src\main\java\com\github\lyrric\model\SubDateTime.java,25
CLIENT:client-code:N/A:N/A,FieldAccessExpr,com.github.lyrric.model.VaccineList,startTime,C:\Users\tyin363\Documents\repos\lyrric__seckill\src\main\java\com\github\lyrric\model\VaccineList.java,73
JDK:java.base:N/A:N/A,MethodCallExpr,javax.swing.AbstractButton,setEnabled,C:\Users\tyin363\Documents\repos\lyrric__seckill\src\main\java\com\github\lyrric\ui\MainFrame.java,213
JDK:java.base:N/A:N/A,MethodCallExpr,java.awt.Component,setBounds,C:\Users\tyin363\Documents\repos\lyrric__seckill\src\main\java\com\github\lyrric\ui\MainFrame.java,147
CLIENT:client-code:N/A:N/A,FieldAccessExpr,com.github.lyrric.conf.Config,cookie,C:\Users\tyin363\Documents\repos\lyrric__seckill\src\main\java\com\github\lyrric\ui\MainFrame.java,191
CLIENT:client-code:N/A:N/A,NameExpr,com.github.lyrric.ui.ConfigDialog,cookie,C:\Users\tyin363\Documents\repos\lyrric__seckill\src\main\java\com\github\lyrric\ui\ConfigDialog.java,51
CLIENT:client-code:N/A:N/A,MethodCallExpr,com.github.lyrric.ui.MainFrame,appendMsg,C:\Users\tyin363\Documents\repos\lyrric__seckill\src\main\java\com\github\lyrric\ui\MainFrame.java,185
CLIENT:client-code:N/A:N/A,NameExpr,com.github.lyrric.ui.MainFrame,vaccines,C:\Users\tyin363\Documents\repos\lyrric__seckill\src\main\java\com\github\lyrric\ui\MainFrame.java,170
CLIENT:client-code:N/A:N/A,NameExpr,com.github.lyrric.ui.ConfigDialog,cookie,C:\Users\tyin363\Documents\repos\lyrric__seckill\src\main\java\com\github\lyrric\ui\ConfigDialog.java,52
org.apache.logging.log4j:log4j-api:jar:2.13.3,MethodCallExpr,org.apache.logging.log4j.Logger,error,C:\Users\tyin363\Documents\repos\lyrric__seckill\src\main\java\com\github\lyrric\service\SecKillService.java,63
JDK:java.base:N/A:N/A,ClassOrInterfaceType,java.lang.String,String,C:\Users\tyin363\Documents\repos\lyrric__seckill\src\main\java\com\github\lyrric\service\HttpService.java,191
JDK:java.base:N/A:N/A,MethodCallExpr,java.awt.Container,add,C:\Users\tyin363\Documents\repos\lyrric__seckill\src\main\java\com\github\lyrric\ui\MainFrame.java,156
JDK:java.base:N/A:N/A,ClassOrInterfaceType,javax.swing.JTextField,JTextField,C:\Users\tyin363\Documents\repos\lyrric__seckill\src\main\java\com\github\lyrric\ui\ConfigDialog.java,50
JDK:java.base:N/A:N/A,ClassOrInterfaceType,java.lang.InterruptedException,InterruptedException,C:\Users\tyin363\Documents\repos\lyrric__seckill\src\main\java\com\github\lyrric\service\SecKillService.java,43
CLIENT:client-code:N/A:N/A,NameExpr,com.github.lyrric.service.SecKillService,logger,C:\Users\tyin363\Documents\repos\lyrric__seckill\src\main\java\com\github\lyrric\service\SecKillService.java,48
JDK:java.base:N/A:N/A,ClassOrInterfaceType,java.lang.String,String,C:\Users\tyin363\Documents\repos\lyrric__seckill\src\main\java\com\github\lyrric\model\SubDate.java,21
JDK:java.base:N/A:N/A,MethodCallExpr,javax.swing.JComboBox,addItemListener,C:\Users\tyin363\Documents\repos\lyrric__seckill\src\main\java\com\github\lyrric\ui\MainFrame.java,131
CLIENT:client-code:N/A:N/A,FieldAccessExpr,com.github.lyrric.conf.Config,tk,C:\Users\tyin363\Documents\repos\lyrric__seckill\src\main\java\com\github\lyrric\service\HttpService.java,173
JDK:java.base:N/A:N/A,MethodCallExpr,javax.swing.AbstractButton,setEnabled,C:\Users\tyin363\Documents\repos\lyrric__seckill\src\main\java\com\github\lyrric\ui\MainFrame.java,214
CLIENT:client-code:N/A:N/A,FieldAccessExpr,com.github.lyrric.model.SubDateTime,maxSub,C:\Users\tyin363\Documents\repos\lyrric__seckill\src\main\java\com\github\lyrric\model\SubDateTime.java,49
JDK:java.base:N/A:N/A,MethodCallExpr,java.awt.Component,setBounds,C:\Users\tyin363\Documents\repos\lyrric__seckill\src\main\java\com\github\lyrric\ui\ConfigDialog.java,56
JDK:java.base:N/A:N/A,MethodCallExpr,java.lang.String,split,C:\Users\tyin363\Documents\repos\lyrric__seckill\src\main\java\com\github\lyrric\ui\ConsoleMode.java,73
JDK:java.base:N/A:N/A,MethodCallExpr,javax.swing.JComponent,setAutoscrolls,C:\Users\tyin363\Documents\repos\lyrric__seckill\src\main\java\com\github\lyrric\ui\MainFrame.java,104
JDK:java.base:N/A:N/A,MethodCallExpr,java.lang.StringBuilder,append,C:\Users\tyin363\Documents\repos\lyrric__seckill\src\main\java\com\github\lyrric\service\HttpService.java,125
CLIENT:client-code:N/A:N/A,NameExpr,com.github.lyrric.model.VaccineDetail,time,C:\Users\tyin363\Documents\repos\lyrric__seckill\src\main\java\com\github\lyrric\model\VaccineDetail.java,68
CLIENT:client-code:N/A:N/A,NameExpr,com.github.lyrric.ui.ConfigDialog,cookie,C:\Users\tyin363\Documents\repos\lyrric__seckill\src\main\java\com\github\lyrric\ui\ConfigDialog.java,50
CLIENT:client-code:N/A:N/A,MethodCallExpr,com.github.lyrric.service.HttpService,get,C:\Users\tyin363\Documents\repos\lyrric__seckill\src\main\java\com\github\lyrric\service\HttpService.java,88
CLIENT:client-code:N/A:N/A,MethodCallExpr,com.github.lyrric.ui.MainFrame,appendMsg,C:\Users\tyin363\Documents\repos\lyrric__seckill\src\main\java\com\github\lyrric\ui\MainFrame.java,187
JDK:java.base:N/A:N/A,ClassOrInterfaceType,java.awt.event.ItemListener,ItemListener,C:\Users\tyin363\Documents\repos\lyrric__seckill\src\main\java\com\github\lyrric\ui\MainFrame.java,117
JDK:java.base:N/A:N/A,ObjectCreationExpr,java.util.concurrent.ConcurrentHashMap,ConcurrentHashMap,C:\Users\tyin363\Documents\repos\lyrric__seckill\src\main\java\com\github\lyrric\conf\Config.java,47
CLIENT:client-code:N/A:N/A,NameExpr,com.github.lyrric.service.SecKillService,service,C:\Users\tyin363\Documents\repos\lyrric__seckill\src\main\java\com\github\lyrric\service\SecKillService.java,72
JDK:java.base:N/A:N/A,MethodCallExpr,java.awt.Container,add,C:\Users\tyin363\Documents\repos\lyrric__seckill\src\main\java\com\github\lyrric\ui\MainFrame.java,157
JDK:java.base:N/A:N/A,MethodCallExpr,java.lang.Integer,toString,C:\Users\tyin363\Documents\repos\lyrric__seckill\src\main\java\com\github\lyrric\ui\MemberDialog.java,71
CLIENT:client-code:N/A:N/A,NameExpr,com.github.lyrric.ui.MainFrame,setMemberBtn,C:\Users\tyin363\Documents\repos\lyrric__seckill\src\main\java\com\github\lyrric\ui\MainFrame.java,159
JDK:java.base:N/A:N/A,MethodCallExpr,javax.swing.AbstractButton,setEnabled,C:\Users\tyin363\Documents\repos\lyrric__seckill\src\main\java\com\github\lyrric\ui\MainFrame.java,215
JDK:java.base:N/A:N/A,MethodCallExpr,java.awt.Component,setBounds,C:\Users\tyin363\Documents\repos\lyrric__seckill\src\main\java\com\github\lyrric\ui\MainFrame.java,149
CLIENT:client-code:N/A:N/A,NameExpr,com.github.lyrric.ui.MemberDialog,success,C:\Users\tyin363\Documents\repos\lyrric__seckill\src\main\java\com\github\lyrric\ui\MemberDialog.java,92
JDK:java.base:N/A:N/A,ClassOrInterfaceType,javax.swing.JButton,JButton,C:\Users\tyin363\Documents\repos\lyrric__seckill\src\main\java\com\github\lyrric\ui\MainFrame.java,69
org.apache.httpcomponents:httpcore:jar:4.4.13,MethodCallExpr,org.apache.http.HttpResponse,getEntity,C:\Users\tyin363\Documents\repos\lyrric__seckill\src\main\java\com\github\lyrric\service\HttpService.java,148
CLIENT:client-code:N/A:N/A,NameExpr,com.github.lyrric.ui.MainFrame,service,C:\Users\tyin363\Documents\repos\lyrric__seckill\src\main\java\com\github\lyrric\ui\MainFrame.java,170
CLIENT:client-code:N/A:N/A,FieldAccessExpr,com.github.lyrric.model.VaccineList,vaccineName,C:\Users\tyin363\Documents\repos\lyrric__seckill\src\main\java\com\github\lyrric\model\VaccineList.java,77
JDK:java.base:N/A:N/A,MethodCallExpr,javax.swing.JTable,getModel,C:\Users\tyin363\Documents\repos\lyrric__seckill\src\main\java\com\github\lyrric\ui\MainFrame.java,174
org.apache.logging.log4j:log4j-api:jar:2.13.3,MethodCallExpr,org.apache.logging.log4j.Logger,error,C:\Users\tyin363\Documents\repos\lyrric__seckill\src\main\java\com\github\lyrric\service\SecKillService.java,61
CLIENT:client-code:N/A:N/A,ClassOrInterfaceType,com.github.lyrric.model.Member,Member,C:\Users\tyin363\Documents\repos\lyrric__seckill\src\main\java\com\github\lyrric\ui\MemberDialog.java,70
JDK:java.base:N/A:N/A,ClassOrInterfaceType,java.lang.String,String,C:\Users\tyin363\Documents\repos\lyrric__seckill\src\main\java\com\github\lyrric\service\HttpService.java,127
commons-codec:commons-codec:jar:1.15,MethodCallExpr,org.apache.commons.codec.digest.DigestUtils,md5Hex,C:\Users\tyin363\Documents\repos\lyrric__seckill\src\main\java\com\github\lyrric\service\HttpService.java,188
org.apache.httpcomponents:httpcore:jar:4.4.13,ClassOrInterfaceType,org.apache.http.HttpEntity,HttpEntity,C:\Users\tyin363\Documents\repos\lyrric__seckill\src\main\java\com\github\lyrric\service\HttpService.java,148
JDK:java.base:N/A:N/A,MethodCallExpr,java.awt.Container,add,C:\Users\tyin363\Documents\repos\lyrric__seckill\src\main\java\com\github\lyrric\ui\MainFrame.java,158
CLIENT:client-code:N/A:N/A,ClassOrInterfaceType,com.github.lyrric.model.BusinessException,BusinessException,C:\Users\tyin363\Documents\repos\lyrric__seckill\src\main\java\com\github\lyrric\service\HttpService.java,68
CLIENT:client-code:N/A:N/A,ClassOrInterfaceType,com.github.lyrric.model.VaccineList,VaccineList,C:\Users\tyin363\Documents\repos\lyrric__seckill\src\main\java\com\github\lyrric\ui\MainFrame.java,32
JDK:java.base:N/A:N/A,ClassOrInterfaceType,java.lang.String,String,C:\Users\tyin363\Documents\repos\lyrric__seckill\src\main\java\com\github\lyrric\ui\ConfigDialog.java,72
CLIENT:client-code:N/A:N/A,MethodCallExpr,com.github.lyrric.model.VaccineList,getVaccineName,C:\Users\tyin363\Documents\repos\lyrric__seckill\src\main\java\com\github\lyrric\ui\ConsoleMode.java,60
JDK:java.base:N/A:N/A,MethodCallExpr,java.awt.Dialog,setModalityType,C:\Users\tyin363\Documents\repos\lyrric__seckill\src\main\java\com\github\lyrric\ui\MainFrame.java,73
org.apache.logging.log4j:log4j-api:jar:2.13.3,MethodCallExpr,org.apache.logging.log4j.Logger,info,C:\Users\tyin363\Documents\repos\lyrric__seckill\src\main\java\com\github\lyrric\service\HttpService.java,178
JDK:java.base:N/A:N/A,ClassOrInterfaceType,java.lang.String,String,C:\Users\tyin363\Documents\repos\lyrric__seckill\src\main\java\com\github\lyrric\model\SubDate.java,25
JDK:java.base:N/A:N/A,ClassOrInterfaceType,java.util.List,List,C:\Users\tyin363\Documents\repos\lyrric__seckill\src\main\java\com\github\lyrric\ui\MainFrame.java,114
JDK:java.base:N/A:N/A,MethodCallExpr,javax.swing.AbstractButton,setEnabled,C:\Users\tyin363\Documents\repos\lyrric__seckill\src\main\java\com\github\lyrric\ui\MainFrame.java,84
JDK:java.base:N/A:N/A,MethodCallExpr,java.awt.Component,setBounds,C:\Users\tyin363\Documents\repos\lyrric__seckill\src\main\java\com\github\lyrric\ui\MainFrame.java,150
org.apache.logging.log4j:log4j-api:jar:2.13.3,ClassOrInterfaceType,org.apache.logging.log4j.Logger,Logger,C:\Users\tyin363\Documents\repos\lyrric__seckill\src\main\java\com\github\lyrric\ui\ConsoleMode.java,32
JDK:java.base:N/A:N/A,MethodCallExpr,javax.swing.JTable,getSelectedRow,C:\Users\tyin363\Documents\repos\lyrric__seckill\src\main\java\com\github\lyrric\ui\MemberDialog.java,85
org.apache.logging.log4j:log4j-api:jar:2.13.3,MethodCallExpr,org.apache.logging.log4j.LogManager,getLogger,C:\Users\tyin363\Documents\repos\lyrric__seckill\src\main\java\com\github\lyrric\service\SecKillRunnable.java,16
JDK:java.base:N/A:N/A,MethodCallExpr,javax.swing.JTable,getModel,C:\Users\tyin363\Documents\repos\lyrric__seckill\src\main\java\com\github\lyrric\ui\MainFrame.java,173
JDK:java.base:N/A:N/A,ClassOrInterfaceType,javax.swing.JTextArea,JTextArea,C:\Users\tyin363\Documents\repos\lyrric__seckill\src\main\java\com\github\lyrric\ui\ConfigDialog.java,19
CLIENT:client-code:N/A:N/A,NameExpr,com.github.lyrric.service.SecKillService,service,C:\Users\tyin363\Documents\repos\lyrric__seckill\src\main\java\com\github\lyrric\service\SecKillService.java,74
JDK:java.base:N/A:N/A,ObjectCreationExpr,javax.swing.JButton,JButton,C:\Users\tyin363\Documents\repos\lyrric__seckill\src\main\java\com\github\lyrric\ui\MainFrame.java,83
JDK:java.base:N/A:N/A,MethodCallExpr,java.awt.Container,add,C:\Users\tyin363\Documents\repos\lyrric__seckill\src\main\java\com\github\lyrric\ui\MainFrame.java,159
JDK:java.base:N/A:N/A,ClassOrInterfaceType,java.lang.String,String,C:\Users\tyin363\Documents\repos\lyrric__seckill\src\main\java\com\github\lyrric\service\HttpService.java,192
JDK:java.base:N/A:N/A,MethodCallExpr,java.awt.Window,setLocationRelativeTo,C:\Users\tyin363\Documents\repos\lyrric__seckill\src\main\java\com\github\lyrric\ui\MemberDialog.java,53
JDK:java.base:N/A:N/A,MethodCallExpr,java.util.concurrent.Executors,newFixedThreadPool,C:\Users\tyin363\Documents\repos\lyrric__seckill\src\main\java\com\github\lyrric\ui\ConsoleMode.java,34
JDK:java.base:N/A:N/A,MethodCallExpr,java.awt.Component,setBounds,C:\Users\tyin363\Documents\repos\lyrric__seckill\src\main\java\com\github\lyrric\ui\MainFrame.java,151
CLIENT:client-code:N/A:N/A,FieldAccessExpr,com.github.lyrric.model.VaccineList,address,C:\Users\tyin363\Documents\repos\lyrric__seckill\src\main\java\com\github\lyrric\model\VaccineList.java,61
CLIENT:client-code:N/A:N/A,MethodCallExpr,com.github.lyrric.model.Member,getName,C:\Users\tyin363\Documents\repos\lyrric__seckill\src\main\java\com\github\lyrric\ui\ConsoleMode.java,49
JDK:java.base:N/A:N/A,MethodCallExpr,java.lang.Throwable,getMessage,C:\Users\tyin363\Documents\repos\lyrric__seckill\src\main\java\com\github\lyrric\ui\MemberDialog.java,78
JDK:java.base:N/A:N/A,MethodCallExpr,java.awt.Component,setBounds,C:\Users\tyin363\Documents\repos\lyrric__seckill\src\main\java\com\github\lyrric\ui\ConfigDialog.java,51
org.apache.logging.log4j:log4j-api:jar:2.13.3,MethodCallExpr,org.apache.logging.log4j.Logger,error,C:\Users\tyin363\Documents\repos\lyrric__seckill\src\main\java\com\github\lyrric\service\SecKillService.java,59
JDK:java.base:N/A:N/A,MethodCallExpr,java.awt.Window,setBounds,C:\Users\tyin363\Documents\repos\lyrric__seckill\src\main\java\com\github\lyrric\ui\ConfigDialog.java,85
JDK:java.base:N/A:N/A,MethodCallExpr,java.lang.Thread,currentThread,C:\Users\tyin363\Documents\repos\lyrric__seckill\src\main\java\com\github\lyrric\service\SecKillRunnable.java,44
JDK:java.base:N/A:N/A,ObjectCreationExpr,java.util.HashMap,HashMap,C:\Users\tyin363\Documents\repos\lyrric__seckill\src\main\java\com\github\lyrric\service\HttpService.java,110
CLIENT:client-code:N/A:N/A,NameExpr,com.github.lyrric.ui.MemberDialog,table,C:\Users\tyin363\Documents\repos\lyrric__seckill\src\main\java\com\github\lyrric\ui\MemberDialog.java,40
commons-codec:commons-codec:jar:1.15,MethodCallExpr,org.apache.commons.codec.digest.DigestUtils,md5Hex,C:\Users\tyin363\Documents\repos\lyrric__seckill\src\main\java\com\github\lyrric\service\HttpService.java,194
CLIENT:client-code:N/A:N/A,FieldAccessExpr,com.github.lyrric.service.SecKillRunnable,startDate,C:\Users\tyin363\Documents\repos\lyrric__seckill\src\main\java\com\github\lyrric\service\SecKillRunnable.java,38
CLIENT:client-code:N/A:N/A,NameExpr,com.github.lyrric.ui.ConsoleMode,log,C:\Users\tyin363\Documents\repos\lyrric__seckill\src\main\java\com\github\lyrric\ui\ConsoleMode.java,42
JDK:java.base:N/A:N/A,ObjectCreationExpr,javax.swing.JScrollPane,JScrollPane,C:\Users\tyin363\Documents\repos\lyrric__seckill\src\main\java\com\github\lyrric\ui\MemberDialog.java,40
CLIENT:client-code:N/A:N/A,NameExpr,com.github.lyrric.model.SubDate,total,C:\Users\tyin363\Documents\repos\lyrric__seckill\src\main\java\com\github\lyrric\model\SubDate.java,26
JDK:java.base:N/A:N/A,MethodCallExpr,java.awt.Dialog,setResizable,C:\Users\tyin363\Documents\repos\lyrric__seckill\src\main\java\com\github\lyrric\ui\ConfigDialog.java,86
JDK:java.base:N/A:N/A,MethodCallExpr,javax.swing.JTextArea,append,C:\Users\tyin363\Documents\repos\lyrric__seckill\src\main\java\com\github\lyrric\ui\MainFrame.java,223
CLIENT:client-code:N/A:N/A,FieldAccessExpr,com.github.lyrric.model.SubDate,day,C:\Users\tyin363\Documents\repos\lyrric__seckill\src\main\java\com\github\lyrric\model\SubDate.java,22
JDK:java.base:N/A:N/A,ClassOrInterfaceType,java.lang.String,String,C:\Users\tyin363\Documents\repos\lyrric__seckill\src\main\java\com\github\lyrric\ui\MainFrame.java,222
com.alibaba:fastjson:jar:1.2.72,MethodCallExpr,com.alibaba.fastjson.JSONObject,get,C:\Users\tyin363\Documents\repos\lyrric__seckill\src\main\java\com\github\lyrric\service\HttpService.java,151
JDK:java.base:N/A:N/A,ClassOrInterfaceType,javax.swing.table.DefaultTableModel,DefaultTableModel,C:\Users\tyin363\Documents\repos\lyrric__seckill\src\main\java\com\github\lyrric\ui\MemberDialog.java,24
JDK:java.base:N/A:N/A,ClassOrInterfaceType,java.lang.String,String,C:\Users\tyin363\Documents\repos\lyrric__seckill\src\main\java\com\github\lyrric\service\HttpService.java,194
CLIENT:client-code:N/A:N/A,NameExpr,com.github.lyrric.ui.MemberDialog,table,C:\Users\tyin363\Documents\repos\lyrric__seckill\src\main\java\com\github\lyrric\ui\MemberDialog.java,39
JDK:java.base:N/A:N/A,ClassOrInterfaceType,java.lang.String,String,C:\Users\tyin363\Documents\repos\lyrric__seckill\src\main\java\com\github\lyrric\model\VaccineList.java,30
JDK:java.base:N/A:N/A,ClassOrInterfaceType,java.util.Map,Map,C:\Users\tyin363\Documents\repos\lyrric__seckill\src\main\java\com\github\lyrric\service\HttpService.java,71
commons-codec:commons-codec:jar:1.15,MethodCallExpr,org.apache.commons.codec.digest.DigestUtils,md5Hex,C:\Users\tyin363\Documents\repos\lyrric__seckill\src\main\java\com\github\lyrric\service\HttpService.java,195
CLIENT:client-code:N/A:N/A,ObjectCreationExpr,com.github.lyrric.ui.ConfigDialog,ConfigDialog,C:\Users\tyin363\Documents\repos\lyrric__seckill\src\main\java\com\github\lyrric\ui\MainFrame.java,71
CLIENT:client-code:N/A:N/A,ClassOrInterfaceType,com.github.lyrric.model.Member,Member,C:\Users\tyin363\Documents\repos\lyrric__seckill\src\main\java\com\github\lyrric\ui\MemberDialog.java,63
org.apache.httpcomponents:httpclient:jar:4.5.13,MethodCallExpr,org.apache.http.impl.client.HttpClients,createDefault,C:\Users\tyin363\Documents\repos\lyrric__seckill\src\main\java\com\github\lyrric\service\HttpService.java,145
CLIENT:client-code:N/A:N/A,NameExpr,com.github.lyrric.ui.ConfigDialog,reqHeader,C:\Users\tyin363\Documents\repos\lyrric__seckill\src\main\java\com\github\lyrric\ui\ConfigDialog.java,61
CLIENT:client-code:N/A:N/A,FieldAccessExpr,com.github.lyrric.conf.Config,cookie,C:\Users\tyin363\Documents\repos\lyrric__seckill\src\main\java\com\github\lyrric\ui\ConfigDialog.java,97
JDK:java.base:N/A:N/A,MethodCallExpr,java.util.Map,values,C:\Users\tyin363\Documents\repos\lyrric__seckill\src\main\java\com\github\lyrric\service\HttpService.java,177
JDK:java.base:N/A:N/A,MethodCallExpr,java.awt.Dialog,setVisible,C:\Users\tyin363\Documents\repos\lyrric__seckill\src\main\java\com\github\lyrric\ui\MainFrame.java,89
JDK:java.base:N/A:N/A,ClassOrInterfaceType,java.lang.Integer,Integer,C:\Users\tyin363\Documents\repos\lyrric__seckill\src\main\java\com\github\lyrric\model\SubDateTime.java,18
JDK:java.base:N/A:N/A,ClassOrInterfaceType,java.lang.String,String,C:\Users\tyin363\Documents\repos\lyrric__seckill\src\main\java\com\github\lyrric\model\SubDateTime.java,40
JDK:java.base:N/A:N/A,ClassOrInterfaceType,javax.swing.JButton,JButton,C:\Users\tyin363\Documents\repos\lyrric__seckill\src\main\java\com\github\lyrric\ui\MainFrame.java,65
CLIENT:client-code:N/A:N/A,MethodCallExpr,com.github.lyrric.model.VaccineList,getId,C:\Users\tyin363\Documents\repos\lyrric__seckill\src\main\java\com\github\lyrric\ui\ConsoleMode.java,64
CLIENT:client-code:N/A:N/A,ObjectCreationExpr,com.github.lyrric.ui.MainFrame,MainFrame,C:\Users\tyin363\Documents\repos\lyrric__seckill\src\main\java\com\github\lyrric\Main.java,25
JDK:java.base:N/A:N/A,ClassOrInterfaceType,java.lang.Integer,Integer,C:\Users\tyin363\Documents\repos\lyrric__seckill\src\main\java\com\github\lyrric\model\VaccineList.java,10
CLIENT:client-code:N/A:N/A,FieldAccessExpr,com.github.lyrric.conf.Config,st,C:\Users\tyin363\Documents\repos\lyrric__seckill\src\main\java\com\github\lyrric\service\SecKillRunnable.java,54
CLIENT:client-code:N/A:N/A,MethodCallExpr,com.github.lyrric.util.ParseUtil,getChildren,C:\Users\tyin363\Documents\repos\lyrric__seckill\src\main\java\com\github\lyrric\ui\MainFrame.java,132
JDK:java.base:N/A:N/A,MethodCallExpr,java.awt.Component,setBounds,C:\Users\tyin363\Documents\repos\lyrric__seckill\src\main\java\com\github\lyrric\ui\MainFrame.java,153
CLIENT:client-code:N/A:N/A,NameExpr,com.github.lyrric.ui.MainFrame,setMemberBtn,C:\Users\tyin363\Documents\repos\lyrric__seckill\src\main\java\com\github\lyrric\ui\MainFrame.java,85
CLIENT:client-code:N/A:N/A,NameExpr,com.github.lyrric.ui.MemberDialog,success,C:\Users\tyin363\Documents\repos\lyrric__seckill\src\main\java\com\github\lyrric\ui\MemberDialog.java,96
CLIENT:client-code:N/A:N/A,NameExpr,com.github.lyrric.service.SecKillService,logger,C:\Users\tyin363\Documents\repos\lyrric__seckill\src\main\java\com\github\lyrric\service\SecKillService.java,54
CLIENT:client-code:N/A:N/A,NameExpr,com.github.lyrric.model.VaccineDetail,days,C:\Users\tyin363\Documents\repos\lyrric__seckill\src\main\java\com\github\lyrric\model\VaccineDetail.java,60
CLIENT:client-code:N/A:N/A,NameExpr,com.github.lyrric.service.SecKillRunnable,httpService,C:\Users\tyin363\Documents\repos\lyrric__seckill\src\main\java\com\github\lyrric\service\SecKillRunnable.java,53
JDK:java.base:N/A:N/A,MethodCallExpr,java.util.concurrent.ExecutorService,awaitTermination,C:\Users\tyin363\Documents\repos\lyrric__seckill\src\main\java\com\github\lyrric\service\SecKillService.java,82
CLIENT:client-code:N/A:N/A,MethodCallExpr,com.github.lyrric.ui.MainFrame,appendMsg,C:\Users\tyin363\Documents\repos\lyrric__seckill\src\main\java\com\github\lyrric\ui\MainFrame.java,192
JDK:java.base:N/A:N/A,ClassOrInterfaceType,java.lang.InterruptedException,InterruptedException,C:\Users\tyin363\Documents\repos\lyrric__seckill\src\main\java\com\github\lyrric\Main.java,20
CLIENT:client-code:N/A:N/A,NameExpr,com.github.lyrric.ui.ConfigDialog,cookie,C:\Users\tyin363\Documents\repos\lyrric__seckill\src\main\java\com\github\lyrric\ui\ConfigDialog.java,58
JDK:java.base:N/A:N/A,ClassOrInterfaceType,java.io.IOException,IOException,C:\Users\tyin363\Documents\repos\lyrric__seckill\src\main\java\com\github\lyrric\service\HttpService.java,95
JDK:java.base:N/A:N/A,ClassOrInterfaceType,javax.swing.JComboBox,JComboBox,C:\Users\tyin363\Documents\repos\lyrric__seckill\src\main\java\com\github\lyrric\ui\MainFrame.java,132
JDK:java.base:N/A:N/A,ClassOrInterfaceType,java.lang.String,String,C:\Users\tyin363\Documents\repos\lyrric__seckill\src\main\java\com\github\lyrric\model\VaccineDetail.java,30
CLIENT:client-code:N/A:N/A,FieldAccessExpr,com.github.lyrric.conf.Config,reqHeader,C:\Users\tyin363\Documents\repos\lyrric__seckill\src\main\java\com\github\lyrric\ui\ConfigDialog.java,38
CLIENT:client-code:N/A:N/A,MethodCallExpr,com.github.lyrric.model.VaccineList,getId,C:\Users\tyin363\Documents\repos\lyrric__seckill\src\main\java\com\github\lyrric\ui\MainFrame.java,201
CLIENT:client-code:N/A:N/A,NameExpr,com.github.lyrric.ui.ConsoleMode,log,C:\Users\tyin363\Documents\repos\lyrric__seckill\src\main\java\com\github\lyrric\ui\ConsoleMode.java,44
JDK:java.base:N/A:N/A,MethodCallExpr,java.lang.String,substring,C:\Users\tyin363\Documents\repos\lyrric__seckill\src\main\java\com\github\lyrric\util\ParseUtil.java,40
JDK:java.base:N/A:N/A,ClassOrInterfaceType,java.lang.String,String,C:\Users\tyin363\Documents\repos\lyrric__seckill\src\main\java\com\github\lyrric\model\SubDate.java,29
JDK:java.base:N/A:N/A,ClassOrInterfaceType,java.lang.String,String,C:\Users\tyin363\Documents\repos\lyrric__seckill\src\main\java\com\github\lyrric\util\ParseUtil.java,48
JDK:java.base:N/A:N/A,ClassOrInterfaceType,java.util.List,List,C:\Users\tyin363\Documents\repos\lyrric__seckill\src\main\java\com\github\lyrric\ui\ConsoleMode.java,47
org.apache.httpcomponents:httpcore:jar:4.4.13,ClassOrInterfaceType,org.apache.http.Header,Header,C:\Users\tyin363\Documents\repos\lyrric__seckill\src\main\java\com\github\lyrric\service\HttpService.java,170
JDK:java.base:N/A:N/A,MethodCallExpr,java.util.Map,put,C:\Users\tyin363\Documents\repos\lyrric__seckill\src\main\java\com\github\lyrric\ui\ConfigDialog.java,97
JDK:java.base:N/A:N/A,ClassOrInterfaceType,java.lang.StringBuilder,StringBuilder,C:\Users\tyin363\Documents\repos\lyrric__seckill\src\main\java\com\github\lyrric\service\HttpService.java,123
CLIENT:client-code:N/A:N/A,MethodCallExpr,com.github.lyrric.model.Area,getName,C:\Users\tyin363\Documents\repos\lyrric__seckill\src\main\java\com\github\lyrric\ui\MainFrame.java,141
JDK:java.base:N/A:N/A,MethodCallExpr,java.awt.Container,add,C:\Users\tyin363\Documents\repos\lyrric__seckill\src\main\java\com\github\lyrric\ui\MainFrame.java,155
org.apache.httpcomponents:httpclient:jar:4.5.13,ClassOrInterfaceType,org.apache.http.client.methods.CloseableHttpResponse,CloseableHttpResponse,C:\Users\tyin363\Documents\repos\lyrric__seckill\src\main\java\com\github\lyrric\service\HttpService.java,158
CLIENT:client-code:N/A:N/A,FieldAccessExpr,com.github.lyrric.conf.Config,memberId,C:\Users\tyin363\Documents\repos\lyrric__seckill\src\main\java\com\github\lyrric\ui\ConsoleMode.java,53
JDK:java.base:N/A:N/A,MethodCallExpr,java.util.Scanner,nextLine,C:\Users\tyin363\Documents\repos\lyrric__seckill\src\main\java\com\github\lyrric\ui\ConsoleMode.java,63
CLIENT:client-code:N/A:N/A,ObjectCreationExpr,com.github.lyrric.model.BusinessException,BusinessException,C:\Users\tyin363\Documents\repos\lyrric__seckill\src\main\java\com\github\lyrric\service\HttpService.java,154
JDK:java.base:N/A:N/A,MethodCallExpr,javax.swing.JOptionPane,showMessageDialog,C:\Users\tyin363\Documents\repos\lyrric__seckill\src\main\java\com\github\lyrric\ui\MemberDialog.java,86
org.apache.logging.log4j:log4j-api:jar:2.13.3,MethodCallExpr,org.apache.logging.log4j.Logger,info,C:\Users\tyin363\Documents\repos\lyrric__seckill\src\main\java\com\github\lyrric\service\SecKillService.java,48
JDK:java.base:N/A:N/A,MethodCallExpr,java.util.List,add,C:\Users\tyin363\Documents\repos\lyrric__seckill\src\main\java\com\github\lyrric\service\HttpService.java,173
JDK:java.base:N/A:N/A,ObjectCreationExpr,javax.swing.JButton,JButton,C:\Users\tyin363\Documents\repos\lyrric__seckill\src\main\java\com\github\lyrric\ui\ConfigDialog.java,69
JDK:java.base:N/A:N/A,MethodCallExpr,java.awt.Window,setBounds,C:\Users\tyin363\Documents\repos\lyrric__seckill\src\main\java\com\github\lyrric\ui\MainFrame.java,56
CLIENT:client-code:N/A:N/A,NameExpr,com.github.lyrric.ui.MainFrame,setMemberBtn,C:\Users\tyin363\Documents\repos\lyrric__seckill\src\main\java\com\github\lyrric\ui\MainFrame.java,83
JDK:java.base:N/A:N/A,MethodCallExpr,java.lang.Throwable,printStackTrace,C:\Users\tyin363\Documents\repos\lyrric__seckill\src\main\java\com\github\lyrric\service\SecKillService.java,95
CLIENT:client-code:N/A:N/A,NameExpr,com.github.lyrric.ui.MainFrame,setMemberBtn,C:\Users\tyin363\Documents\repos\lyrric__seckill\src\main\java\com\github\lyrric\ui\MainFrame.java,150
JDK:java.base:N/A:N/A,MethodCallExpr,java.util.List,get,C:\Users\tyin363\Documents\repos\lyrric__seckill\src\main\java\com\github\lyrric\ui\MainFrame.java,201
JDK:java.base:N/A:N/A,ClassOrInterfaceType,java.io.IOException,IOException,C:\Users\tyin363\Documents\repos\lyrric__seckill\src\main\java\com\github\lyrric\ui\ConsoleMode.java,40
CLIENT:client-code:N/A:N/A,NameExpr,com.github.lyrric.service.SecKillService,service,C:\Users\tyin363\Documents\repos\lyrric__seckill\src\main\java\com\github\lyrric\service\SecKillService.java,79
CLIENT:client-code:N/A:N/A,ClassOrInterfaceType,com.github.lyrric.model.VaccineList,VaccineList,C:\Users\tyin363\Documents\repos\lyrric__seckill\src\main\java\com\github\lyrric\service\HttpService.java,68
JDK:java.base:N/A:N/A,MethodCallExpr,javax.swing.JTable,getSelectedRow,C:\Users\tyin363\Documents\repos\lyrric__seckill\src\main\java\com\github\lyrric\ui\MemberDialog.java,91
JDK:java.base:N/A:N/A,ObjectCreationExpr,javax.swing.JLabel,JLabel,C:\Users\tyin363\Documents\repos\lyrric__seckill\src\main\java\com\github\lyrric\ui\ConfigDialog.java,47
JDK:java.base:N/A:N/A,MethodCallExpr,java.lang.String,length,C:\Users\tyin363\Documents\repos\lyrric__seckill\src\main\java\com\github\lyrric\util\ParseUtil.java,34
JDK:java.base:N/A:N/A,MethodCallExpr,java.util.List,add,C:\Users\tyin363\Documents\repos\lyrric__seckill\src\main\java\com\github\lyrric\service\HttpService.java,172
JDK:java.base:N/A:N/A,MethodCallExpr,java.util.List,get,C:\Users\tyin363\Documents\repos\lyrric__seckill\src\main\java\com\github\lyrric\ui\ConsoleMode.java,59
CLIENT:client-code:N/A:N/A,NameExpr,com.github.lyrric.ui.MainFrame,vaccinesTable,C:\Users\tyin363\Documents\repos\lyrric__seckill\src\main\java\com\github\lyrric\ui\MainFrame.java,200
JDK:java.base:N/A:N/A,ClassOrInterfaceType,javax.swing.JFrame,JFrame,C:\Users\tyin363\Documents\repos\lyrric__seckill\src\main\java\com\github\lyrric\ui\MainFrame.java,26
CLIENT:client-code:N/A:N/A,NameExpr,com.github.lyrric.ui.MainFrame,setMemberBtn,C:\Users\tyin363\Documents\repos\lyrric__seckill\src\main\java\com\github\lyrric\ui\MainFrame.java,84
CLIENT:client-code:N/A:N/A,NameExpr,com.github.lyrric.ui.MainFrame,refreshBtn,C:\Users\tyin363\Documents\repos\lyrric__seckill\src\main\java\com\github\lyrric\ui\MainFrame.java,151
CLIENT:client-code:N/A:N/A,NameExpr,com.github.lyrric.model.BusinessException,code,C:\Users\tyin363\Documents\repos\lyrric__seckill\src\main\java\com\github\lyrric\model\BusinessException.java,21
JDK:java.base:N/A:N/A,MethodCallExpr,java.awt.Window,setLocationRelativeTo,C:\Users\tyin363\Documents\repos\lyrric__seckill\src\main\java\com\github\lyrric\ui\MainFrame.java,58
JDK:java.base:N/A:N/A,MethodCallExpr,java.lang.Throwable,printStackTrace,C:\Users\tyin363\Documents\repos\lyrric__seckill\src\main\java\com\github\lyrric\ui\MainFrame.java,184
org.apache.logging.log4j:log4j-api:jar:2.13.3,MethodCallExpr,org.apache.logging.log4j.Logger,info,C:\Users\tyin363\Documents\repos\lyrric__seckill\src\main\java\com\github\lyrric\ui\ConsoleMode.java,62
CLIENT:client-code:N/A:N/A,ClassOrInterfaceType,com.github.lyrric.Main,Main,C:\Users\tyin363\Documents\repos\lyrric__seckill\src\main\java\com\github\lyrric\Main.java,18
JDK:java.base:N/A:N/A,ClassOrInterfaceType,java.text.ParseException,ParseException,C:\Users\tyin363\Documents\repos\lyrric__seckill\src\main\java\com\github\lyrric\service\SecKillService.java,111
JDK:java.base:N/A:N/A,ClassOrInterfaceType,java.lang.String,String,C:\Users\tyin363\Documents\repos\lyrric__seckill\src\main\java\com\github\lyrric\ui\MemberDialog.java,71
JDK:java.base:N/A:N/A,ClassOrInterfaceType,java.lang.InterruptedException,InterruptedException,C:\Users\tyin363\Documents\repos\lyrric__seckill\src\main\java\com\github\lyrric\ui\MainFrame.java,209
JDK:java.base:N/A:N/A,MethodCallExpr,java.util.Map,put,C:\Users\tyin363\Documents\repos\lyrric__seckill\src\main\java\com\github\lyrric\service\HttpService.java,98
JDK:java.base:N/A:N/A,MethodCallExpr,java.util.Map,put,C:\Users\tyin363\Documents\repos\lyrric__seckill\src\main\java\com\github\lyrric\service\HttpService.java,164
JDK:java.base:N/A:N/A,MethodCallExpr,java.util.List,add,C:\Users\tyin363\Documents\repos\lyrric__seckill\src\main\java\com\github\lyrric\service\HttpService.java,171
JDK:java.base:N/A:N/A,MethodCallExpr,javax.swing.JTextArea,append,C:\Users\tyin363\Documents\repos\lyrric__seckill\src\main\java\com\github\lyrric\ui\MainFrame.java,224
CLIENT:client-code:N/A:N/A,NameExpr,com.github.lyrric.service.SecKillRunnable,httpService,C:\Users\tyin363\Documents\repos\lyrric__seckill\src\main\java\com\github\lyrric\service\SecKillRunnable.java,49
JDK:java.base:N/A:N/A,ClassOrInterfaceType,java.io.IOException,IOException,C:\Users\tyin363\Documents\repos\lyrric__seckill\src\main\java\com\github\lyrric\ui\MainFrame.java,183
CLIENT:client-code:N/A:N/A,FieldAccessExpr,com.github.lyrric.model.Area,value,C:\Users\tyin363\Documents\repos\lyrric__seckill\src\main\java\com\github\lyrric\model\Area.java,29
JDK:java.base:N/A:N/A,ClassOrInterfaceType,java.util.concurrent.ExecutorService,ExecutorService,C:\Users\tyin363\Documents\repos\lyrric__seckill\src\main\java\com\github\lyrric\service\SecKillService.java,33
CLIENT:client-code:N/A:N/A,NameExpr,com.github.lyrric.ui.MainFrame,provinceBox,C:\Users\tyin363\Documents\repos\lyrric__seckill\src\main\java\com\github\lyrric\ui\MainFrame.java,134
JDK:java.base:N/A:N/A,ClassOrInterfaceType,java.util.HashMap,HashMap,C:\Users\tyin363\Documents\repos\lyrric__seckill\src\main\java\com\github\lyrric\service\HttpService.java,97
CLIENT:client-code:N/A:N/A,ClassOrInterfaceType,com.github.lyrric.service.HttpService,HttpService,C:\Users\tyin363\Documents\repos\lyrric__seckill\src\main\java\com\github\lyrric\service\SecKillService.java,36
CLIENT:client-code:N/A:N/A,MethodCallExpr,com.github.lyrric.model.VaccineList,getStartTime,C:\Users\tyin363\Documents\repos\lyrric__seckill\src\main\java\com\github\lyrric\ui\MainFrame.java,178
CLIENT:client-code:N/A:N/A,MethodCallExpr,com.github.lyrric.ui.MainFrame,appendMsg,C:\Users\tyin363\Documents\repos\lyrric__seckill\src\main\java\com\github\lyrric\service\SecKillService.java,85
CLIENT:client-code:N/A:N/A,NameExpr,com.github.lyrric.ui.MainFrame,vaccines,C:\Users\tyin363\Documents\repos\lyrric__seckill\src\main\java\com\github\lyrric\ui\MainFrame.java,176
CLIENT:client-code:N/A:N/A,MethodCallExpr,com.github.lyrric.ui.MainFrame,setStartBtnEnable,C:\Users\tyin363\Documents\repos\lyrric__seckill\src\main\java\com\github\lyrric\service\SecKillService.java,98
CLIENT:client-code:N/A:N/A,ClassOrInterfaceType,com.github.lyrric.service.HttpService,HttpService,C:\Users\tyin363\Documents\repos\lyrric__seckill\src\main\java\com\github\lyrric\ui\MemberDialog.java,63
JDK:java.base:N/A:N/A,ClassOrInterfaceType,java.text.ParseException,ParseException,C:\Users\tyin363\Documents\repos\lyrric__seckill\src\main\java\com\github\lyrric\Main.java,20
CLIENT:client-code:N/A:N/A,FieldAccessExpr,com.github.lyrric.model.VaccineList,name,C:\Users\tyin363\Documents\repos\lyrric__seckill\src\main\java\com\github\lyrric\model\VaccineList.java,53
JDK:java.base:N/A:N/A,ClassOrInterfaceType,java.lang.String,String,C:\Users\tyin363\Documents\repos\lyrric__seckill\src\main\java\com\github\lyrric\model\Member.java,43
JDK:java.base:N/A:N/A,ClassOrInterfaceType,java.lang.String,String,C:\Users\tyin363\Documents\repos\lyrric__seckill\src\main\java\com\github\lyrric\model\VaccineList.java,44
JDK:java.base:N/A:N/A,ObjectCreationExpr,java.util.HashMap,HashMap,C:\Users\tyin363\Documents\repos\lyrric__seckill\src\main\java\com\github\lyrric\service\HttpService.java,97
CLIENT:client-code:N/A:N/A,FieldAccessExpr,com.github.lyrric.conf.Config,cookie,C:\Users\tyin363\Documents\repos\lyrric__seckill\src\main\java\com\github\lyrric\service\HttpService.java,164
JDK:java.base:N/A:N/A,ClassOrInterfaceType,java.lang.String,String,C:\Users\tyin363\Documents\repos\lyrric__seckill\src\main\java\com\github\lyrric\conf\Config.java,13
org.apache.logging.log4j:log4j-api:jar:2.13.3,MethodCallExpr,org.apache.logging.log4j.Logger,info,C:\Users\tyin363\Documents\repos\lyrric__seckill\src\main\java\com\github\lyrric\Main.java,21
JDK:java.base:N/A:N/A,MethodCallExpr,java.lang.String,equals,C:\Users\tyin363\Documents\repos\lyrric__seckill\src\main\java\com\github\lyrric\Main.java,22
CLIENT:client-code:N/A:N/A,NameExpr,com.github.lyrric.ui.MainFrame,tableModel,C:\Users\tyin363\Documents\repos\lyrric__seckill\src\main\java\com\github\lyrric\ui\MainFrame.java,179
CLIENT:client-code:N/A:N/A,NameExpr,com.github.lyrric.ui.MainFrame,setMemberBtn,C:\Users\tyin363\Documents\repos\lyrric__seckill\src\main\java\com\github\lyrric\ui\MainFrame.java,215
CLIENT:client-code:N/A:N/A,ClassOrInterfaceType,com.github.lyrric.ui.MainFrame,MainFrame,C:\Users\tyin363\Documents\repos\lyrric__seckill\src\main\java\com\github\lyrric\service\SecKillService.java,43
CLIENT:client-code:N/A:N/A,ObjectCreationExpr,com.github.lyrric.ui.MemberDialog,MemberDialog,C:\Users\tyin363\Documents\repos\lyrric__seckill\src\main\java\com\github\lyrric\ui\MainFrame.java,86
JDK:java.base:N/A:N/A,MethodCallExpr,java.util.List,isEmpty,C:\Users\tyin363\Documents\repos\lyrric__seckill\src\main\java\com\github\lyrric\ui\MemberDialog.java,66
JDK:java.base:N/A:N/A,ObjectCreationExpr,java.util.ArrayList,ArrayList,C:\Users\tyin363\Documents\repos\lyrric__seckill\src\main\java\com\github\lyrric\service\HttpService.java,170
CLIENT:client-code:N/A:N/A,NameExpr,com.github.lyrric.ui.ConsoleMode,httpService,C:\Users\tyin363\Documents\repos\lyrric__seckill\src\main\java\com\github\lyrric\ui\ConsoleMode.java,57
JDK:java.base:N/A:N/A,MethodCallExpr,java.util.Scanner,nextLine,C:\Users\tyin363\Documents\repos\lyrric__seckill\src\main\java\com\github\lyrric\ui\ConsoleMode.java,67
CLIENT:client-code:N/A:N/A,NameExpr,com.github.lyrric.service.SecKillService,service,C:\Users\tyin363\Documents\repos\lyrric__seckill\src\main\java\com\github\lyrric\service\SecKillService.java,82
JDK:java.base:N/A:N/A,ClassOrInterfaceType,javax.swing.JLabel,JLabel,C:\Users\tyin363\Documents\repos\lyrric__seckill\src\main\java\com\github\lyrric\ui\ConfigDialog.java,47
CLIENT:client-code:N/A:N/A,NameExpr,com.github.lyrric.model.Member,idCardNo,C:\Users\tyin363\Documents\repos\lyrric__seckill\src\main\java\com\github\lyrric\model\Member.java,40
JDK:java.base:N/A:N/A,ClassOrInterfaceType,java.net.SocketTimeoutException,SocketTimeoutException,C:\Users\tyin363\Documents\repos\lyrric__seckill\src\main\java\com\github\lyrric\service\SecKillService.java,58
CLIENT:client-code:N/A:N/A,NameExpr,com.github.lyrric.ui.MainFrame,vaccines,C:\Users\tyin363\Documents\repos\lyrric__seckill\src\main\java\com\github\lyrric\ui\MainFrame.java,177
JDK:java.base:N/A:N/A,ClassOrInterfaceType,java.lang.Integer,Integer,C:\Users\tyin363\Documents\repos\lyrric__seckill\src\main\java\com\github\lyrric\ui\MainFrame.java,201
JDK:java.base:N/A:N/A,ClassOrInterfaceType,javax.swing.JTextField,JTextField,C:\Users\tyin363\Documents\repos\lyrric__seckill\src\main\java\com\github\lyrric\ui\ConfigDialog.java,43
CLIENT:client-code:N/A:N/A,NameExpr,com.github.lyrric.ui.ConfigDialog,tk,C:\Users\tyin363\Documents\repos\lyrric__seckill\src\main\java\com\github\lyrric\ui\ConfigDialog.java,76
CLIENT:client-code:N/A:N/A,NameExpr,com.github.lyrric.service.SecKillService,httpService,C:\Users\tyin363\Documents\repos\lyrric__seckill\src\main\java\com\github\lyrric\service\SecKillService.java,78
org.apache.logging.log4j:log4j-api:jar:2.13.3,MethodCallExpr,org.apache.logging.log4j.Logger,info,C:\Users\tyin363\Documents\repos\lyrric__seckill\src\main\java\com\github\lyrric\ui\ConsoleMode.java,66
com.alibaba:fastjson:jar:1.2.72,ClassOrInterfaceType,com.alibaba.fastjson.JSONObject,JSONObject,C:\Users\tyin363\Documents\repos\lyrric__seckill\src\main\java\com\github\lyrric\service\HttpService.java,150
JDK:java.base:N/A:N/A,ObjectCreationExpr,javax.swing.JTextArea,JTextArea,C:\Users\tyin363\Documents\repos\lyrric__seckill\src\main\java\com\github\lyrric\ui\ConfigDialog.java,36
JDK:java.base:N/A:N/A,MethodCallExpr,java.util.List,get,C:\Users\tyin363\Documents\repos\lyrric__seckill\src\main\java\com\github\lyrric\ui\ConsoleMode.java,64
CLIENT:client-code:N/A:N/A,ObjectCreationExpr,com.github.lyrric.ui.ConsoleMode,ConsoleMode,C:\Users\tyin363\Documents\repos\lyrric__seckill\src\main\java\com\github\lyrric\Main.java,23
CLIENT:client-code:N/A:N/A,ClassOrInterfaceType,com.github.lyrric.service.HttpService,HttpService,C:\Users\tyin363\Documents\repos\lyrric__seckill\src\main\java\com\github\lyrric\service\HttpService.java,38
CLIENT:client-code:N/A:N/A,MethodCallExpr,com.github.lyrric.service.HttpService,getCommonHeader,C:\Users\tyin363\Documents\repos\lyrric__seckill\src\main\java\com\github\lyrric\service\HttpService.java,134
JDK:java.base:N/A:N/A,ClassOrInterfaceType,javax.swing.JLabel,JLabel,C:\Users\tyin363\Documents\repos\lyrric__seckill\src\main\java\com\github\lyrric\ui\ConfigDialog.java,40
JDK:java.base:N/A:N/A,MethodCallExpr,java.awt.Container,add,C:\Users\tyin363\Documents\repos\lyrric__seckill\src\main\java\com\github\lyrric\ui\MainFrame.java,160
CLIENT:client-code:N/A:N/A,NameExpr,com.github.lyrric.ui.MainFrame,tableModel,C:\Users\tyin363\Documents\repos\lyrric__seckill\src\main\java\com\github\lyrric\ui\MainFrame.java,110
JDK:java.base:N/A:N/A,MethodCallExpr,javax.swing.table.AbstractTableModel,fireTableDataChanged,C:\Users\tyin363\Documents\repos\lyrric__seckill\src\main\java\com\github\lyrric\ui\MainFrame.java,174
JDK:java.base:N/A:N/A,ClassOrInterfaceType,java.lang.String,String,C:\Users\tyin363\Documents\repos\lyrric__seckill\src\main\java\com\github\lyrric\service\HttpService.java,71
CLIENT:client-code:N/A:N/A,MethodCallExpr,com.github.lyrric.model.VaccineList,getAddress,C:\Users\tyin363\Documents\repos\lyrric__seckill\src\main\java\com\github\lyrric\ui\ConsoleMode.java,60
CLIENT:client-code:N/A:N/A,ClassOrInterfaceType,com.github.lyrric.model.TableModel,TableModel,C:\Users\tyin363\Documents\repos\lyrric__seckill\src\main\java\com\github\lyrric\ui\MainFrame.java,110
JDK:java.base:N/A:N/A,MethodCallExpr,java.lang.String,substring,C:\Users\tyin363\Documents\repos\lyrric__seckill\src\main\java\com\github\lyrric\util\ParseUtil.java,34
JDK:java.base:N/A:N/A,ClassOrInterfaceType,java.lang.String,String,C:\Users\tyin363\Documents\repos\lyrric__seckill\src\main\java\com\github\lyrric\conf\Config.java,15
JDK:java.base:N/A:N/A,ClassOrInterfaceType,java.lang.Long,Long,C:\Users\tyin363\Documents\repos\lyrric__seckill\src\main\java\com\github\lyrric\model\VaccineDetail.java,67
com.alibaba:fastjson:jar:1.2.72,MethodCallExpr,com.alibaba.fastjson.JSON,parseArray,C:\Users\tyin363\Documents\repos\lyrric__seckill\src\main\java\com\github\lyrric\service\HttpService.java,89
CLIENT:client-code:N/A:N/A,NameExpr,com.github.lyrric.service.SecKillService,service,C:\Users\tyin363\Documents\repos\lyrric__seckill\src\main\java\com\github\lyrric\service\SecKillService.java,76
JDK:java.base:N/A:N/A,MethodCallExpr,java.awt.Container,add,C:\Users\tyin363\Documents\repos\lyrric__seckill\src\main\java\com\github\lyrric\ui\MainFrame.java,161
CLIENT:client-code:N/A:N/A,NameExpr,com.github.lyrric.ui.MainFrame,vaccinesTable,C:\Users\tyin363\Documents\repos\lyrric__seckill\src\main\java\com\github\lyrric\ui\MainFrame.java,195
CLIENT:client-code:N/A:N/A,NameExpr,com.github.lyrric.service.HttpService,baseUrl,C:\Users\tyin363\Documents\repos\lyrric__seckill\src\main\java\com\github\lyrric\service\HttpService.java,109
commons-codec:commons-codec:jar:1.15,MethodCallExpr,org.apache.commons.codec.digest.DigestUtils,md5Hex,C:\Users\tyin363\Documents\repos\lyrric__seckill\src\main\java\com\github\lyrric\service\HttpService.java,187
CLIENT:client-code:N/A:N/A,NameExpr,com.github.lyrric.ui.MainFrame,provinceBox,C:\Users\tyin363\Documents\repos\lyrric__seckill\src\main\java\com\github\lyrric\ui\MainFrame.java,131
JDK:java.base:N/A:N/A,MethodCallExpr,java.awt.Component,setBounds,C:\Users\tyin363\Documents\repos\lyrric__seckill\src\main\java\com\github\lyrric\ui\MainFrame.java,143
CLIENT:client-code:N/A:N/A,NameExpr,com.github.lyrric.ui.MainFrame,tableModel,C:\Users\tyin363\Documents\repos\lyrric__seckill\src\main\java\com\github\lyrric\ui\MainFrame.java,111
JDK:java.base:N/A:N/A,MethodCallExpr,javax.swing.text.JTextComponent,setText,C:\Users\tyin363\Documents\repos\lyrric__seckill\src\main\java\com\github\lyrric\ui\ConfigDialog.java,38
JDK:java.base:N/A:N/A,ClassOrInterfaceType,java.lang.String,String,C:\Users\tyin363\Documents\repos\lyrric__seckill\src\main\java\com\github\lyrric\service\HttpService.java,70
CLIENT:client-code:N/A:N/A,FieldAccessExpr,com.github.lyrric.conf.Config,regionCode,C:\Users\tyin363\Documents\repos\lyrric__seckill\src\main\java\com\github\lyrric\ui\MainFrame.java,140
CLIENT:client-code:N/A:N/A,MethodCallExpr,com.github.lyrric.ui.MainFrame,appendMsg,C:\Users\tyin363\Documents\repos\lyrric__seckill\src\main\java\com\github\lyrric\service\SecKillService.java,90
JDK:java.base:N/A:N/A,MethodCallExpr,javax.swing.JTable,getSelectedRow,C:\Users\tyin363\Documents\repos\lyrric__seckill\src\main\java\com\github\lyrric\ui\MemberDialog.java,90
JDK:java.base:N/A:N/A,ClassOrInterfaceType,java.io.IOException,IOException,C:\Users\tyin363\Documents\repos\lyrric__seckill\src\main\java\com\github\lyrric\service\HttpService.java,86
JDK:java.base:N/A:N/A,MethodCallExpr,java.awt.Component,setBounds,C:\Users\tyin363\Documents\repos\lyrric__seckill\src\main\java\com\github\lyrric\ui\MainFrame.java,145
JDK:java.base:N/A:N/A,MethodCallExpr,java.util.List,add,C:\Users\tyin363\Documents\repos\lyrric__seckill\src\main\java\com\github\lyrric\service\HttpService.java,175
JDK:java.base:N/A:N/A,ClassOrInterfaceType,java.util.List,List,C:\Users\tyin363\Documents\repos\lyrric__seckill\src\main\java\com\github\lyrric\model\Area.java,15
JDK:java.base:N/A:N/A,ClassOrInterfaceType,java.lang.Integer,Integer,C:\Users\tyin363\Documents\repos\lyrric__seckill\src\main\java\com\github\lyrric\service\SecKillService.java,43
JDK:java.base:N/A:N/A,MethodCallExpr,java.awt.Container,add,C:\Users\tyin363\Documents\repos\lyrric__seckill\src\main\java\com\github\lyrric\ui\MainFrame.java,162
JDK:java.base:N/A:N/A,MethodCallExpr,javax.swing.AbstractButton,setEnabled,C:\Users\tyin363\Documents\repos\lyrric__seckill\src\main\java\com\github\lyrric\ui\MainFrame.java,228
CLIENT:client-code:N/A:N/A,NameExpr,com.github.lyrric.ui.ConfigDialog,reqHeader,C:\Users\tyin363\Documents\repos\lyrric__seckill\src\main\java\com\github\lyrric\ui\ConfigDialog.java,72
JDK:java.base:N/A:N/A,ClassOrInterfaceType,java.lang.String,String,C:\Users\tyin363\Documents\repos\lyrric__seckill\src\main\java\com\github\lyrric\model\BusinessException.java,32
CLIENT:client-code:N/A:N/A,MethodCallExpr,com.github.lyrric.service.HttpService,get,C:\Users\tyin363\Documents\repos\lyrric__seckill\src\main\java\com\github\lyrric\service\HttpService.java,77
CLIENT:client-code:N/A:N/A,MethodCallExpr,com.github.lyrric.service.HttpService,getSt,C:\Users\tyin363\Documents\repos\lyrric__seckill\src\main\java\com\github\lyrric\service\SecKillRunnable.java,49
CLIENT:client-code:N/A:N/A,ClassOrInterfaceType,com.github.lyrric.model.BusinessException,BusinessException,C:\Users\tyin363\Documents\repos\lyrric__seckill\src\main\java\com\github\lyrric\ui\MemberDialog.java,77
JDK:java.base:N/A:N/A,MethodCallExpr,java.awt.Dialog,setModal,C:\Users\tyin363\Documents\repos\lyrric__seckill\src\main\java\com\github\lyrric\ui\MainFrame.java,87
CLIENT:client-code:N/A:N/A,NameExpr,com.github.lyrric.ui.MainFrame,cityBox,C:\Users\tyin363\Documents\repos\lyrric__seckill\src\main\java\com\github\lyrric\ui\MainFrame.java,162
,MethodCallExpr,org.apache.http.client.config.RequestConfig.Builder,setConnectionRequestTimeout,C:\Users\tyin363\Documents\repos\lyrric__seckill\src\main\java\com\github\lyrric\service\HttpService.java,138
JDK:java.base:N/A:N/A,MethodCallExpr,javax.swing.JTable,getSelectedRow,C:\Users\tyin363\Documents\repos\lyrric__seckill\src\main\java\com\github\lyrric\ui\MemberDialog.java,89
JDK:java.base:N/A:N/A,ClassOrInterfaceType,java.lang.String,String,C:\Users\tyin363\Documents\repos\lyrric__seckill\src\main\java\com\github\lyrric\model\Member.java,39
CLIENT:client-code:N/A:N/A,FieldAccessExpr,com.github.lyrric.conf.Config,idCard,C:\Users\tyin363\Documents\repos\lyrric__seckill\src\main\java\com\github\lyrric\ui\MemberDialog.java,90
JDK:java.base:N/A:N/A,MethodCallExpr,java.util.List,get,C:\Users\tyin363\Documents\repos\lyrric__seckill\src\main\java\com\github\lyrric\ui\ConsoleMode.java,65
CLIENT:client-code:N/A:N/A,NameExpr,com.github.lyrric.ui.MemberDialog,model,C:\Users\tyin363\Documents\repos\lyrric__seckill\src\main\java\com\github\lyrric\ui\MemberDialog.java,72
JDK:java.base:N/A:N/A,ClassOrInterfaceType,java.lang.String,String,C:\Users\tyin363\Documents\repos\lyrric__seckill\src\main\java\com\github\lyrric\model\VaccineList.java,40
JDK:java.base:N/A:N/A,MethodCallExpr,java.util.List,add,C:\Users\tyin363\Documents\repos\lyrric__seckill\src\main\java\com\github\lyrric\service\HttpService.java,174
JDK:java.base:N/A:N/A,MethodCallExpr,javax.swing.AbstractButton,setEnabled,C:\Users\tyin363\Documents\repos\lyrric__seckill\src\main\java\com\github\lyrric\ui\MainFrame.java,96
CLIENT:client-code:N/A:N/A,ClassOrInterfaceType,com.github.lyrric.model.Area,Area,C:\Users\tyin363\Documents\repos\lyrric__seckill\src\main\java\com\github\lyrric\model\Area.java,36
JDK:java.base:N/A:N/A,MethodCallExpr,javax.swing.AbstractButton,setEnabled,C:\Users\tyin363\Documents\repos\lyrric__seckill\src\main\java\com\github\lyrric\ui\MainFrame.java,229
JDK:java.base:N/A:N/A,MethodCallExpr,java.util.List,get,C:\Users\tyin363\Documents\repos\lyrric__seckill\src\main\java\com\github\lyrric\ui\MainFrame.java,202
CLIENT:client-code:N/A:N/A,NameExpr,com.github.lyrric.ui.MainFrame,refreshBtn,C:\Users\tyin363\Documents\repos\lyrric__seckill\src\main\java\com\github\lyrric\ui\MainFrame.java,78
CLIENT:client-code:N/A:N/A,ObjectCreationExpr,com.github.lyrric.model.TableModel,TableModel,C:\Users\tyin363\Documents\repos\lyrric__seckill\src\main\java\com\github\lyrric\ui\MainFrame.java,110
JDK:java.base:N/A:N/A,ClassOrInterfaceType,java.util.List,List,C:\Users\tyin363\Documents\repos\lyrric__seckill\src\main\java\com\github\lyrric\service\HttpService.java,86
CLIENT:client-code:N/A:N/A,MethodCallExpr,com.github.lyrric.ui.ConfigDialog,success,C:\Users\tyin363\Documents\repos\lyrric__seckill\src\main\java\com\github\lyrric\ui\MainFrame.java,75
CLIENT:client-code:N/A:N/A,FieldAccessExpr,com.github.lyrric.model.BusinessException,errMsg,C:\Users\tyin363\Documents\repos\lyrric__seckill\src\main\java\com\github\lyrric\model\BusinessException.java,17
CLIENT:client-code:N/A:N/A,NameExpr,com.github.lyrric.service.SecKillService,service,C:\Users\tyin363\Documents\repos\lyrric__seckill\src\main\java\com\github\lyrric\service\SecKillService.java,78
JDK:java.base:N/A:N/A,MethodCallExpr,java.awt.Container,add,C:\Users\tyin363\Documents\repos\lyrric__seckill\src\main\java\com\github\lyrric\ui\MainFrame.java,163
JDK:java.base:N/A:N/A,MethodCallExpr,java.lang.String,length,C:\Users\tyin363\Documents\repos\lyrric__seckill\src\main\java\com\github\lyrric\util\ParseUtil.java,40
CLIENT:client-code:N/A:N/A,MethodCallExpr,com.github.lyrric.service.HttpService,getVaccineList,C:\Users\tyin363\Documents\repos\lyrric__seckill\src\main\java\com\github\lyrric\ui\ConsoleMode.java,57
CLIENT:client-code:N/A:N/A,ClassOrInterfaceType,com.github.lyrric.model.VaccineDetail.Day,Day,C:\Users\tyin363\Documents\repos\lyrric__seckill\src\main\java\com\github\lyrric\model\VaccineDetail.java,15
CLIENT:client-code:N/A:N/A,MethodCallExpr,com.github.lyrric.model.VaccineList,getName,C:\Users\tyin363\Documents\repos\lyrric__seckill\src\main\java\com\github\lyrric\ui\ConsoleMode.java,60
JDK:java.base:N/A:N/A,MethodCallExpr,java.util.Map,isEmpty,C:\Users\tyin363\Documents\repos\lyrric__seckill\src\main\java\com\github\lyrric\ui\MainFrame.java,191
CLIENT:client-code:N/A:N/A,NameExpr,com.github.lyrric.service.SecKillService,httpService,C:\Users\tyin363\Documents\repos\lyrric__seckill\src\main\java\com\github\lyrric\service\SecKillService.java,72
JDK:java.base:N/A:N/A,ClassOrInterfaceType,java.lang.String,String,C:\Users\tyin363\Documents\repos\lyrric__seckill\src\main\java\com\github\lyrric\service\HttpService.java,109
JDK:java.base:N/A:N/A,MethodCallExpr,java.util.Scanner,nextLine,C:\Users\tyin363\Documents\repos\lyrric__seckill\src\main\java\com\github\lyrric\ui\ConsoleMode.java,45
CLIENT:client-code:N/A:N/A,NameExpr,com.github.lyrric.ui.MainFrame,setMemberBtn,C:\Users\tyin363\Documents\repos\lyrric__seckill\src\main\java\com\github\lyrric\ui\MainFrame.java,207
CLIENT:client-code:N/A:N/A,ClassOrInterfaceType,com.github.lyrric.model.BusinessException,BusinessException,C:\Users\tyin363\Documents\repos\lyrric__seckill\src\main\java\com\github\lyrric\service\HttpService.java,115
CLIENT:client-code:N/A:N/A,ClassOrInterfaceType,com.github.lyrric.ui.ConsoleMode,ConsoleMode,C:\Users\tyin363\Documents\repos\lyrric__seckill\src\main\java\com\github\lyrric\Main.java,23
JDK:java.base:N/A:N/A,MethodCallExpr,java.lang.Integer,toString,C:\Users\tyin363\Documents\repos\lyrric__seckill\src\main\java\com\github\lyrric\service\SecKillRunnable.java,53
CLIENT:client-code:N/A:N/A,FieldAccessExpr,com.github.lyrric.conf.Config,memberName,C:\Users\tyin363\Documents\repos\lyrric__seckill\src\main\java\com\github\lyrric\ui\MemberDialog.java,91
JDK:java.base:N/A:N/A,MethodCallExpr,java.util.List,toArray,C:\Users\tyin363\Documents\repos\lyrric__seckill\src\main\java\com\github\lyrric\ui\MainFrame.java,115
JDK:java.base:N/A:N/A,ClassOrInterfaceType,javax.swing.JButton,JButton,C:\Users\tyin363\Documents\repos\lyrric__seckill\src\main\java\com\github\lyrric\ui\MainFrame.java,83
JDK:java.base:N/A:N/A,ClassOrInterfaceType,java.lang.String,String,C:\Users\tyin363\Documents\repos\lyrric__seckill\src\main\java\com\github\lyrric\service\HttpService.java,108
JDK:java.base:N/A:N/A,MethodCallExpr,javax.swing.JOptionPane,showMessageDialog,C:\Users\tyin363\Documents\repos\lyrric__seckill\src\main\java\com\github\lyrric\ui\MemberDialog.java,78
JDK:java.base:N/A:N/A,ClassOrInterfaceType,java.lang.String,String,C:\Users\tyin363\Documents\repos\lyrric__seckill\src\main\java\com\github\lyrric\model\VaccineList.java,52
JDK:java.base:N/A:N/A,ClassOrInterfaceType,javax.swing.JTextArea,JTextArea,C:\Users\tyin363\Documents\repos\lyrric__seckill\src\main\java\com\github\lyrric\ui\ConfigDialog.java,36
JDK:java.base:N/A:N/A,ClassOrInterfaceType,java.util.List,List,C:\Users\tyin363\Documents\repos\lyrric__seckill\src\main\java\com\github\lyrric\ui\ConsoleMode.java,57
JDK:java.base:N/A:N/A,MethodCallExpr,java.util.List,toArray,C:\Users\tyin363\Documents\repos\lyrric__seckill\src\main\java\com\github\lyrric\service\HttpService.java,144
CLIENT:client-code:N/A:N/A,NameExpr,com.github.lyrric.ui.MainFrame,setMemberBtn,C:\Users\tyin363\Documents\repos\lyrric__seckill\src\main\java\com\github\lyrric\ui\MainFrame.java,76
CLIENT:client-code:N/A:N/A,NameExpr,com.github.lyrric.ui.MainFrame,setCookieBtn,C:\Users\tyin363\Documents\repos\lyrric__seckill\src\main\java\com\github\lyrric\ui\MainFrame.java,229
JDK:java.base:N/A:N/A,MethodCallExpr,java.awt.Window,setBounds,C:\Users\tyin363\Documents\repos\lyrric__seckill\src\main\java\com\github\lyrric\ui\MemberDialog.java,52
JDK:java.base:N/A:N/A,MethodCallExpr,javax.swing.AbstractButton,addActionListener,C:\Users\tyin363\Documents\repos\lyrric__seckill\src\main\java\com\github\lyrric\ui\MainFrame.java,97
JDK:java.base:N/A:N/A,ClassOrInterfaceType,java.lang.String,String,C:\Users\tyin363\Documents\repos\lyrric__seckill\src\main\java\com\github\lyrric\model\VaccineDetail.java,79
CLIENT:client-code:N/A:N/A,NameExpr,com.github.lyrric.ui.MemberDialog,submitBtn,C:\Users\tyin363\Documents\repos\lyrric__seckill\src\main\java\com\github\lyrric\ui\MemberDialog.java,45
JDK:java.base:N/A:N/A,FieldAccessExpr,java.lang.System,in,C:\Users\tyin363\Documents\repos\lyrric__seckill\src\main\java\com\github\lyrric\ui\ConsoleMode.java,41
com.alibaba:fastjson:jar:1.2.72,MethodCallExpr,com.alibaba.fastjson.JSON,parseObject,C:\Users\tyin363\Documents\repos\lyrric__seckill\src\main\java\com\github\lyrric\service\HttpService.java,150
JDK:java.base:N/A:N/A,MethodCallExpr,java.awt.Container,add,C:\Users\tyin363\Documents\repos\lyrric__seckill\src\main\java\com\github\lyrric\ui\ConfigDialog.java,82
JDK:java.base:N/A:N/A,ClassOrInterfaceType,java.text.DateFormat,DateFormat,C:\Users\tyin363\Documents\repos\lyrric__seckill\src\main\java\com\github\lyrric\service\SecKillService.java,112
JDK:java.base:N/A:N/A,ClassOrInterfaceType,java.lang.String,String,C:\Users\tyin363\Documents\repos\lyrric__seckill\src\main\java\com\github\lyrric\model\Area.java,12
CLIENT:client-code:N/A:N/A,FieldAccessExpr,com.github.lyrric.model.Area,name,C:\Users\tyin363\Documents\repos\lyrric__seckill\src\main\java\com\github\lyrric\model\Area.java,21
JDK:java.base:N/A:N/A,MethodCallExpr,java.util.concurrent.ExecutorService,submit,C:\Users\tyin363\Documents\repos\lyrric__seckill\src\main\java\com\github\lyrric\service\SecKillService.java,74
JDK:java.base:N/A:N/A,MethodCallExpr,java.lang.Object,toString,C:\Users\tyin363\Documents\repos\lyrric__seckill\src\main\java\com\github\lyrric\ui\MemberDialog.java,89
JDK:java.base:N/A:N/A,ClassOrInterfaceType,java.text.ParseException,ParseException,C:\Users\tyin363\Documents\repos\lyrric__seckill\src\main\java\com\github\lyrric\ui\MainFrame.java,209
JDK:java.base:N/A:N/A,MethodCallExpr,java.util.Map,put,C:\Users\tyin363\Documents\repos\lyrric__seckill\src\main\java\com\github\lyrric\service\HttpService.java,73
JDK:java.base:N/A:N/A,ClassOrInterfaceType,java.lang.String,String,C:\Users\tyin363\Documents\repos\lyrric__seckill\src\main\java\com\github\lyrric\service\HttpService.java,177
JDK:java.base:N/A:N/A,MethodCallExpr,javax.swing.JDialog,setLayout,C:\Users\tyin363\Documents\repos\lyrric__seckill\src\main\java\com\github\lyrric\ui\MemberDialog.java,36
JDK:java.base:N/A:N/A,MethodCallExpr,java.lang.String,split,C:\Users\tyin363\Documents\repos\lyrric__seckill\src\main\java\com\github\lyrric\service\HttpService.java,162
JDK:java.base:N/A:N/A,ObjectCreationExpr,java.util.ArrayList,ArrayList,C:\Users\tyin363\Documents\repos\lyrric__seckill\src\main\java\com\github\lyrric\service\HttpService.java,177
CLIENT:client-code:N/A:N/A,NameExpr,com.github.lyrric.ui.MemberDialog,submitBtn,C:\Users\tyin363\Documents\repos\lyrric__seckill\src\main\java\com\github\lyrric\ui\MemberDialog.java,46
CLIENT:client-code:N/A:N/A,ClassOrInterfaceType,com.github.lyrric.model.BusinessException,BusinessException,C:\Users\tyin363\Documents\repos\lyrric__seckill\src\main\java\com\github\lyrric\service\HttpService.java,117
CLIENT:client-code:N/A:N/A,ClassOrInterfaceType,com.github.lyrric.model.BusinessException,BusinessException,C:\Users\tyin363\Documents\repos\lyrric__seckill\src\main\java\com\github\lyrric\service\HttpService.java,51
JDK:java.base:N/A:N/A,ClassOrInterfaceType,java.lang.String,String,C:\Users\tyin363\Documents\repos\lyrric__seckill\src\main\java\com\github\lyrric\ui\ConsoleMode.java,71
CLIENT:client-code:N/A:N/A,ClassOrInterfaceType,com.github.lyrric.model.Area,Area,C:\Users\tyin363\Documents\repos\lyrric__seckill\src\main\java\com\github\lyrric\util\ParseUtil.java,19
JDK:java.base:N/A:N/A,MethodCallExpr,javax.swing.AbstractButton,setEnabled,C:\Users\tyin363\Documents\repos\lyrric__seckill\src\main\java\com\github\lyrric\ui\MainFrame.java,66
JDK:java.base:N/A:N/A,MethodCallExpr,java.util.Scanner,nextLine,C:\Users\tyin363\Documents\repos\lyrric__seckill\src\main\java\com\github\lyrric\ui\ConsoleMode.java,43
JDK:java.base:N/A:N/A,MethodCallExpr,java.lang.String,substring,C:\Users\tyin363\Documents\repos\lyrric__seckill\src\main\java\com\github\lyrric\service\HttpService.java,129
JDK:java.base:N/A:N/A,MethodCallExpr,java.awt.Window,setVisible,C:\Users\tyin363\Documents\repos\lyrric__seckill\src\main\java\com\github\lyrric\ui\MainFrame.java,59
CLIENT:client-code:N/A:N/A,MethodCallExpr,com.github.lyrric.ui.MemberDialog,init,C:\Users\tyin363\Documents\repos\lyrric__seckill\src\main\java\com\github\lyrric\ui\MemberDialog.java,32
JDK:java.base:N/A:N/A,ClassOrInterfaceType,java.lang.String,String,C:\Users\tyin363\Documents\repos\lyrric__seckill\src\main\java\com\github\lyrric\model\BusinessException.java,28
JDK:java.base:N/A:N/A,MethodCallExpr,javax.swing.JOptionPane,showMessageDialog,C:\Users\tyin363\Documents\repos\lyrric__seckill\src\main\java\com\github\lyrric\ui\MemberDialog.java,76
CLIENT:client-code:N/A:N/A,NameExpr,com.github.lyrric.model.Area,name,C:\Users\tyin363\Documents\repos\lyrric__seckill\src\main\java\com\github\lyrric\model\Area.java,17
com.alibaba:fastjson:jar:1.2.72,MethodCallExpr,com.alibaba.fastjson.JSON,parseArray,C:\Users\tyin363\Documents\repos\lyrric__seckill\src\main\java\com\github\lyrric\util\ParseUtil.java,79
JDK:java.base:N/A:N/A,ClassOrInterfaceType,java.lang.String,String,C:\Users\tyin363\Documents\repos\lyrric__seckill\src\main\java\com\github\lyrric\model\Area.java,13
JDK:java.base:N/A:N/A,MethodCallExpr,java.util.Map,put,C:\Users\tyin363\Documents\repos\lyrric__seckill\src\main\java\com\github\lyrric\service\HttpService.java,74
JDK:java.base:N/A:N/A,MethodCallExpr,java.lang.Object,toString,C:\Users\tyin363\Documents\repos\lyrric__seckill\src\main\java\com\github\lyrric\ui\MemberDialog.java,90
JDK:java.base:N/A:N/A,MethodCallExpr,java.awt.Component,setBounds,C:\Users\tyin363\Documents\repos\lyrric__seckill\src\main\java\com\github\lyrric\ui\ConfigDialog.java,70
CLIENT:client-code:N/A:N/A,NameExpr,com.github.lyrric.ui.ConsoleMode,log,C:\Users\tyin363\Documents\repos\lyrric__seckill\src\main\java\com\github\lyrric\ui\ConsoleMode.java,56
org.apache.httpcomponents:httpcore:jar:4.4.13,MethodCallExpr,org.apache.http.util.CharArrayBuffer,toString,C:\Users\tyin363\Documents\repos\lyrric__seckill\src\main\java\com\github\lyrric\service\HttpService.java,162
JDK:java.base:N/A:N/A,MethodCallExpr,java.lang.String,split,C:\Users\tyin363\Documents\repos\lyrric__seckill\src\main\java\com\github\lyrric\service\HttpService.java,163
JDK:java.base:N/A:N/A,MethodCallExpr,java.util.concurrent.ExecutorService,submit,C:\Users\tyin363\Documents\repos\lyrric__seckill\src\main\java\com\github\lyrric\service\SecKillService.java,72
JDK:java.base:N/A:N/A,ClassOrInterfaceType,java.lang.Integer,Integer,C:\Users\tyin363\Documents\repos\lyrric__seckill\src\main\java\com\github\lyrric\service\HttpService.java,193
org.apache.httpcomponents:httpcore:jar:4.4.13,ClassOrInterfaceType,org.apache.http.Header,Header,C:\Users\tyin363\Documents\repos\lyrric__seckill\src\main\java\com\github\lyrric\service\HttpService.java,59
JDK:java.base:N/A:N/A,ClassOrInterfaceType,java.lang.String,String,C:\Users\tyin363\Documents\repos\lyrric__seckill\src\main\java\com\github\lyrric\service\HttpService.java,110
JDK:java.base:N/A:N/A,ClassOrInterfaceType,java.lang.String,String,C:\Users\tyin363\Documents\repos\lyrric__seckill\src\main\java\com\github\lyrric\ui\ConsoleMode.java,70
JDK:java.base:N/A:N/A,MethodCallExpr,java.awt.Container,add,C:\Users\tyin363\Documents\repos\lyrric__seckill\src\main\java\com\github\lyrric\ui\ConfigDialog.java,80
CLIENT:client-code:N/A:N/A,NameExpr,com.github.lyrric.ui.MemberDialog,submitBtn,C:\Users\tyin363\Documents\repos\lyrric__seckill\src\main\java\com\github\lyrric\ui\MemberDialog.java,47
org.apache.httpcomponents:httpclient:jar:4.5.13,MethodCallExpr,org.apache.http.client.methods.HttpRequestBase,setConfig,C:\Users\tyin363\Documents\repos\lyrric__seckill\src\main\java\com\github\lyrric\service\HttpService.java,143
JDK:java.base:N/A:N/A,ClassOrInterfaceType,java.awt.Frame,Frame,C:\Users\tyin363\Documents\repos\lyrric__seckill\src\main\java\com\github\lyrric\ui\MemberDialog.java,30
com.alibaba:fastjson:jar:1.2.72,MethodCallExpr,com.alibaba.fastjson.JSONObject,getString,C:\Users\tyin363\Documents\repos\lyrric__seckill\src\main\java\com\github\lyrric\service\HttpService.java,101
JDK:java.base:N/A:N/A,ClassOrInterfaceType,java.io.IOException,IOException,C:\Users\tyin363\Documents\repos\lyrric__seckill\src\main\java\com\github\lyrric\service\HttpService.java,108
JDK:java.base:N/A:N/A,MethodCallExpr,javax.swing.JComboBox,getSelectedItem,C:\Users\tyin363\Documents\repos\lyrric__seckill\src\main\java\com\github\lyrric\ui\MainFrame.java,139
JDK:java.base:N/A:N/A,MethodCallExpr,java.util.List,size,C:\Users\tyin363\Documents\repos\lyrric__seckill\src\main\java\com\github\lyrric\ui\ConsoleMode.java,58
JDK:java.base:N/A:N/A,MethodCallExpr,java.lang.Throwable,printStackTrace,C:\Users\tyin363\Documents\repos\lyrric__seckill\src\main\java\com\github\lyrric\ui\MainFrame.java,211
JDK:java.base:N/A:N/A,ClassOrInterfaceType,java.lang.String,String,C:\Users\tyin363\Documents\repos\lyrric__seckill\src\main\java\com\github\lyrric\model\Member.java,35
JDK:java.base:N/A:N/A,MethodCallExpr,java.lang.Object,toString,C:\Users\tyin363\Documents\repos\lyrric__seckill\src\main\java\com\github\lyrric\ui\MemberDialog.java,91
CLIENT:client-code:N/A:N/A,NameExpr,com.github.lyrric.service.SecKillService,httpService,C:\Users\tyin363\Documents\repos\lyrric__seckill\src\main\java\com\github\lyrric\service\SecKillService.java,76
JDK:java.base:N/A:N/A,MethodCallExpr,javax.swing.JTable,getValueAt,C:\Users\tyin363\Documents\repos\lyrric__seckill\src\main\java\com\github\lyrric\ui\MemberDialog.java,90
JDK:java.base:N/A:N/A,MethodCallExpr,javax.swing.table.DefaultTableModel,getDataVector,C:\Users\tyin363\Documents\repos\lyrric__seckill\src\main\java\com\github\lyrric\ui\MainFrame.java,173
CLIENT:client-code:N/A:N/A,FieldAccessExpr,com.github.lyrric.conf.Config,tk,C:\Users\tyin363\Documents\repos\lyrric__seckill\src\main\java\com\github\lyrric\ui\ConfigDialog.java,62
JDK:java.base:N/A:N/A,FieldAccessExpr,java.lang.Long,MAX_VALUE,C:\Users\tyin363\Documents\repos\lyrric__seckill\src\main\java\com\github\lyrric\service\SecKillService.java,82
CLIENT:client-code:N/A:N/A,MethodCallExpr,com.github.lyrric.ui.ConfigDialog,init,C:\Users\tyin363\Documents\repos\lyrric__seckill\src\main\java\com\github\lyrric\ui\ConfigDialog.java,30
CLIENT:client-code:N/A:N/A,ClassOrInterfaceType,com.github.lyrric.model.Area,Area,C:\Users\tyin363\Documents\repos\lyrric__seckill\src\main\java\com\github\lyrric\util\ParseUtil.java,83
JDK:java.base:N/A:N/A,ClassOrInterfaceType,java.lang.Integer,Integer,C:\Users\tyin363\Documents\repos\lyrric__seckill\src\main\java\com\github\lyrric\service\HttpService.java,186
JDK:java.base:N/A:N/A,ClassOrInterfaceType,java.lang.String,String,C:\Users\tyin363\Documents\repos\lyrric__seckill\src\main\java\com\github\lyrric\ui\ConsoleMode.java,65
JDK:java.base:N/A:N/A,ClassOrInterfaceType,java.util.List,List,C:\Users\tyin363\Documents\repos\lyrric__seckill\src\main\java\com\github\lyrric\model\VaccineDetail.java,63
org.apache.logging.log4j:log4j-api:jar:2.13.3,MethodCallExpr,org.apache.logging.log4j.LogManager,getLogger,C:\Users\tyin363\Documents\repos\lyrric__seckill\src\main\java\com\github\lyrric\Main.java,18
CLIENT:client-code:N/A:N/A,NameExpr,com.github.lyrric.ui.MainFrame,startBtn,C:\Users\tyin363\Documents\repos\lyrric__seckill\src\main\java\com\github\lyrric\ui\MainFrame.java,66
JDK:java.base:N/A:N/A,MethodCallExpr,java.awt.Component,setBounds,C:\Users\tyin363\Documents\repos\lyrric__seckill\src\main\java\com\github\lyrric\ui\MainFrame.java,134
org.apache.httpcomponents:httpcore:jar:4.4.13,ObjectCreationExpr,org.apache.http.message.BasicHeader,BasicHeader,C:\Users\tyin363\Documents\repos\lyrric__seckill\src\main\java\com\github\lyrric\service\HttpService.java,171
CLIENT:client-code:N/A:N/A,NameExpr,com.github.lyrric.ui.MemberDialog,table,C:\Users\tyin363\Documents\repos\lyrric__seckill\src\main\java\com\github\lyrric\ui\MemberDialog.java,90
CLIENT:client-code:N/A:N/A,NameExpr,com.github.lyrric.service.HttpService,baseUrl,C:\Users\tyin363\Documents\repos\lyrric__seckill\src\main\java\com\github\lyrric\service\HttpService.java,52
JDK:java.base:N/A:N/A,MethodCallExpr,java.util.Map,put,C:\Users\tyin363\Documents\repos\lyrric__seckill\src\main\java\com\github\lyrric\service\HttpService.java,76
CLIENT:client-code:N/A:N/A,MethodCallExpr,com.github.lyrric.model.Area,getName,C:\Users\tyin363\Documents\repos\lyrric__seckill\src\main\java\com\github\lyrric\ui\MainFrame.java,123
CLIENT:client-code:N/A:N/A,MethodCallExpr,com.github.lyrric.ui.MainFrame,appendMsg,C:\Users\tyin363\Documents\repos\lyrric__seckill\src\main\java\com\github\lyrric\ui\MainFrame.java,141
JDK:java.base:N/A:N/A,MethodCallExpr,javax.swing.JTable,getValueAt,C:\Users\tyin363\Documents\repos\lyrric__seckill\src\main\java\com\github\lyrric\ui\MemberDialog.java,89
JDK:java.base:N/A:N/A,ClassOrInterfaceType,javax.swing.JComboBox,JComboBox,C:\Users\tyin363\Documents\repos\lyrric__seckill\src\main\java\com\github\lyrric\ui\MainFrame.java,50
CLIENT:client-code:N/A:N/A,NameExpr,com.github.lyrric.ui.MemberDialog,table,C:\Users\tyin363\Documents\repos\lyrric__seckill\src\main\java\com\github\lyrric\ui\MemberDialog.java,89
CLIENT:client-code:N/A:N/A,ClassOrInterfaceType,com.github.lyrric.model.Area,Area,C:\Users\tyin363\Documents\repos\lyrric__seckill\src\main\java\com\github\lyrric\util\ParseUtil.java,84
JDK:java.base:N/A:N/A,ObjectCreationExpr,java.lang.StringBuilder,StringBuilder,C:\Users\tyin363\Documents\repos\lyrric__seckill\src\main\java\com\github\lyrric\service\HttpService.java,123
JDK:java.base:N/A:N/A,MethodCallExpr,java.lang.String,length,C:\Users\tyin363\Documents\repos\lyrric__seckill\src\main\java\com\github\lyrric\service\HttpService.java,129
CLIENT:client-code:N/A:N/A,NameExpr,com.github.lyrric.model.VaccineDetail.Day,day,C:\Users\tyin363\Documents\repos\lyrric__seckill\src\main\java\com\github\lyrric\model\VaccineDetail.java,43
CLIENT:client-code:N/A:N/A,FieldAccessExpr,com.github.lyrric.model.VaccineDetail.Day,day,C:\Users\tyin363\Documents\repos\lyrric__seckill\src\main\java\com\github\lyrric\model\VaccineDetail.java,47
JDK:java.base:N/A:N/A,ClassOrInterfaceType,java.lang.Integer,Integer,C:\Users\tyin363\Documents\repos\lyrric__seckill\src\main\java\com\github\lyrric\model\Member.java,23
CLIENT:client-code:N/A:N/A,NameExpr,com.github.lyrric.ui.ConfigDialog,submit,C:\Users\tyin363\Documents\repos\lyrric__seckill\src\main\java\com\github\lyrric\ui\ConfigDialog.java,83
JDK:java.base:N/A:N/A,MethodCallExpr,java.awt.Component,setBounds,C:\Users\tyin363\Documents\repos\lyrric__seckill\src\main\java\com\github\lyrric\ui\MainFrame.java,135
CLIENT:client-code:N/A:N/A,NameExpr,com.github.lyrric.model.Member,name,C:\Users\tyin363\Documents\repos\lyrric__seckill\src\main\java\com\github\lyrric\model\Member.java,32
CLIENT:client-code:N/A:N/A,NameExpr,com.github.lyrric.ui.MainFrame,startBtn,C:\Users\tyin363\Documents\repos\lyrric__seckill\src\main\java\com\github\lyrric\ui\MainFrame.java,65
org.apache.httpcomponents:httpcore:jar:4.4.13,ObjectCreationExpr,org.apache.http.message.BasicHeader,BasicHeader,C:\Users\tyin363\Documents\repos\lyrric__seckill\src\main\java\com\github\lyrric\service\HttpService.java,172
CLIENT:client-code:N/A:N/A,NameExpr,com.github.lyrric.ui.MainFrame,cityBox,C:\Users\tyin363\Documents\repos\lyrric__seckill\src\main\java\com\github\lyrric\ui\MainFrame.java,139
CLIENT:client-code:N/A:N/A,NameExpr,com.github.lyrric.ui.MainFrame,setCookieBtn,C:\Users\tyin363\Documents\repos\lyrric__seckill\src\main\java\com\github\lyrric\ui\MainFrame.java,158
CLIENT:client-code:N/A:N/A,MethodCallExpr,com.github.lyrric.ui.ConsoleMode,start,C:\Users\tyin363\Documents\repos\lyrric__seckill\src\main\java\com\github\lyrric\Main.java,23
CLIENT:client-code:N/A:N/A,NameExpr,com.github.lyrric.service.SecKillService,httpService,C:\Users\tyin363\Documents\repos\lyrric__seckill\src\main\java\com\github\lyrric\service\SecKillService.java,74
JDK:java.base:N/A:N/A,ClassOrInterfaceType,javax.swing.JComboBox,JComboBox,C:\Users\tyin363\Documents\repos\lyrric__seckill\src\main\java\com\github\lyrric\ui\MainFrame.java,115
JDK:java.base:N/A:N/A,MethodCallExpr,java.awt.Container,add,C:\Users\tyin363\Documents\repos\lyrric__seckill\src\main\java\com\github\lyrric\ui\ConfigDialog.java,83
CLIENT:client-code:N/A:N/A,ClassOrInterfaceType,com.github.lyrric.ui.ConfigDialog,ConfigDialog,C:\Users\tyin363\Documents\repos\lyrric__seckill\src\main\java\com\github\lyrric\ui\MainFrame.java,71
CLIENT:client-code:N/A:N/A,ClassOrInterfaceType,com.github.lyrric.model.BusinessException,BusinessException,C:\Users\tyin363\Documents\repos\lyrric__seckill\src\main\java\com\github\lyrric\service\HttpService.java,121
CLIENT:client-code:N/A:N/A,NameExpr,com.github.lyrric.util.ParseUtil,areas,C:\Users\tyin363\Documents\repos\lyrric__seckill\src\main\java\com\github\lyrric\util\ParseUtil.java,79
JDK:java.base:N/A:N/A,ClassOrInterfaceType,java.lang.String,String,C:\Users\tyin363\Documents\repos\lyrric__seckill\src\main\java\com\github\lyrric\model\BusinessException.java,24
org.apache.logging.log4j:log4j-api:jar:2.13.3,MethodCallExpr,org.apache.logging.log4j.Logger,info,C:\Users\tyin363\Documents\repos\lyrric__seckill\src\main\java\com\github\lyrric\service\SecKillService.java,87
CLIENT:client-code:N/A:N/A,NameExpr,com.github.lyrric.ui.ConsoleMode,log,C:\Users\tyin363\Documents\repos\lyrric__seckill\src\main\java\com\github\lyrric\ui\ConsoleMode.java,60
CLIENT:client-code:N/A:N/A,FieldAccessExpr,com.github.lyrric.conf.Config,st,C:\Users\tyin363\Documents\repos\lyrric__seckill\src\main\java\com\github\lyrric\service\SecKillService.java,55
org.apache.httpcomponents:httpcore:jar:4.4.13,ClassOrInterfaceType,org.apache.http.Header,Header,C:\Users\tyin363\Documents\repos\lyrric__seckill\src\main\java\com\github\lyrric\service\HttpService.java,121
JDK:java.base:N/A:N/A,ClassOrInterfaceType,java.lang.String,String,C:\Users\tyin363\Documents\repos\lyrric__seckill\src\main\java\com\github\lyrric\model\VaccineList.java,48
JDK:java.base:N/A:N/A,ClassOrInterfaceType,javax.swing.JComboBox,JComboBox,C:\Users\tyin363\Documents\repos\lyrric__seckill\src\main\java\com\github\lyrric\ui\MainFrame.java,48
JDK:java.base:N/A:N/A,ClassOrInterfaceType,java.util.HashMap,HashMap,C:\Users\tyin363\Documents\repos\lyrric__seckill\src\main\java\com\github\lyrric\service\HttpService.java,110
CLIENT:client-code:N/A:N/A,NameExpr,com.github.lyrric.util.ParseUtil,areas,C:\Users\tyin363\Documents\repos\lyrric__seckill\src\main\java\com\github\lyrric\util\ParseUtil.java,81
JDK:java.base:N/A:N/A,MethodCallExpr,java.lang.Integer,toString,C:\Users\tyin363\Documents\repos\lyrric__seckill\src\main\java\com\github\lyrric\service\SecKillService.java,55
JDK:java.base:N/A:N/A,MethodCallExpr,java.awt.Dialog,setVisible,C:\Users\tyin363\Documents\repos\lyrric__seckill\src\main\java\com\github\lyrric\ui\MainFrame.java,74
JDK:java.base:N/A:N/A,MethodCallExpr,javax.swing.text.JTextComponent,setText,C:\Users\tyin363\Documents\repos\lyrric__seckill\src\main\java\com\github\lyrric\ui\ConfigDialog.java,77
CLIENT:client-code:N/A:N/A,NameExpr,com.github.lyrric.ui.MemberDialog,table,C:\Users\tyin363\Documents\repos\lyrric__seckill\src\main\java\com\github\lyrric\ui\MemberDialog.java,91
CLIENT:client-code:N/A:N/A,FieldAccessExpr,com.github.lyrric.conf.Config,st,C:\Users\tyin363\Documents\repos\lyrric__seckill\src\main\java\com\github\lyrric\service\SecKillService.java,56
JDK:java.base:N/A:N/A,MethodCallExpr,java.awt.Frame,setResizable,C:\Users\tyin363\Documents\repos\lyrric__seckill\src\main\java\com\github\lyrric\ui\MainFrame.java,60
JDK:java.base:N/A:N/A,MethodCallExpr,java.lang.Thread,start,C:\Users\tyin363\Documents\repos\lyrric__seckill\src\main\java\com\github\lyrric\ui\MainFrame.java,203
JDK:java.base:N/A:N/A,ClassOrInterfaceType,javax.swing.JScrollPane,JScrollPane,C:\Users\tyin363\Documents\repos\lyrric__seckill\src\main\java\com\github\lyrric\ui\MemberDialog.java,40
JDK:java.base:N/A:N/A,ClassOrInterfaceType,java.lang.String,String,C:\Users\tyin363\Documents\repos\lyrric__seckill\src\main\java\com\github\lyrric\model\Member.java,31
JDK:java.base:N/A:N/A,MethodCallExpr,javax.swing.AbstractButton,addActionListener,C:\Users\tyin363\Documents\repos\lyrric__seckill\src\main\java\com\github\lyrric\ui\MemberDialog.java,47
JDK:java.base:N/A:N/A,ClassOrInterfaceType,javax.swing.table.DefaultTableModel,DefaultTableModel,C:\Users\tyin363\Documents\repos\lyrric__seckill\src\main\java\com\github\lyrric\model\TableModel.java,11
JDK:java.base:N/A:N/A,ObjectCreationExpr,javax.swing.JButton,JButton,C:\Users\tyin363\Documents\repos\lyrric__seckill\src\main\java\com\github\lyrric\ui\MainFrame.java,95
CLIENT:client-code:N/A:N/A,NameExpr,com.github.lyrric.model.VaccineList,name,C:\Users\tyin363\Documents\repos\lyrric__seckill\src\main\java\com\github\lyrric\model\VaccineList.java,49
JDK:java.base:N/A:N/A,ClassOrInterfaceType,java.lang.String,String,C:\Users\tyin363\Documents\repos\lyrric__seckill\src\main\java\com\github\lyrric\service\HttpService.java,51
JDK:java.base:N/A:N/A,MethodCallExpr,javax.swing.JOptionPane,showMessageDialog,C:\Users\tyin363\Documents\repos\lyrric__seckill\src\main\java\com\github\lyrric\ui\ConfigDialog.java,74
JDK:java.base:N/A:N/A,ClassOrInterfaceType,java.lang.String,String,C:\Users\tyin363\Documents\repos\lyrric__seckill\src\main\java\com\github\lyrric\ui\ConfigDialog.java,94
CLIENT:client-code:N/A:N/A,MethodCallExpr,com.github.lyrric.service.HttpService,getMembers,C:\Users\tyin363\Documents\repos\lyrric__seckill\src\main\java\com\github\lyrric\ui\MemberDialog.java,63
CLIENT:client-code:N/A:N/A,ClassOrInterfaceType,com.github.lyrric.model.Area,Area,C:\Users\tyin363\Documents\repos\lyrric__seckill\src\main\java\com\github\lyrric\util\ParseUtil.java,79
JDK:java.base:N/A:N/A,MethodCallExpr,java.lang.String,isEmpty,C:\Users\tyin363\Documents\repos\lyrric__seckill\src\main\java\com\github\lyrric\ui\ConfigDialog.java,58
org.apache.httpcomponents:httpclient:jar:4.5.13,ClassOrInterfaceType,org.apache.http.conn.ConnectTimeoutException,ConnectTimeoutException,C:\Users\tyin363\Documents\repos\lyrric__seckill\src\main\java\com\github\lyrric\service\SecKillService.java,58
JDK:java.base:N/A:N/A,ClassOrInterfaceType,java.util.List,List,C:\Users\tyin363\Documents\repos\lyrric__seckill\src\main\java\com\github\lyrric\model\VaccineDetail.java,59
JDK:java.base:N/A:N/A,ClassOrInterfaceType,java.lang.Exception,Exception,C:\Users\tyin363\Documents\repos\lyrric__seckill\src\main\java\com\github\lyrric\service\SecKillService.java,62
JDK:java.base:N/A:N/A,ClassOrInterfaceType,java.lang.String,String,C:\Users\tyin363\Documents\repos\lyrric__seckill\src\main\java\com\github\lyrric\model\VaccineList.java,60
JDK:java.base:N/A:N/A,ClassOrInterfaceType,java.util.List,List,C:\Users\tyin363\Documents\repos\lyrric__seckill\src\main\java\com\github\lyrric\ui\MemberDialog.java,63
JDK:java.base:N/A:N/A,MethodCallExpr,javax.swing.AbstractButton,setEnabled,C:\Users\tyin363\Documents\repos\lyrric__seckill\src\main\java\com\github\lyrric\ui\MainFrame.java,205
CLIENT:client-code:N/A:N/A,MethodCallExpr,com.github.lyrric.model.Area,getName,C:\Users\tyin363\Documents\repos\lyrric__seckill\src\main\java\com\github\lyrric\util\ParseUtil.java,85
JDK:java.base:N/A:N/A,MethodCallExpr,java.util.Scanner,nextLine,C:\Users\tyin363\Documents\repos\lyrric__seckill\src\main\java\com\github\lyrric\ui\ConsoleMode.java,52
JDK:java.base:N/A:N/A,ClassOrInterfaceType,java.lang.String,String,C:\Users\tyin363\Documents\repos\lyrric__seckill\src\main\java\com\github\lyrric\model\Area.java,20
CLIENT:client-code:N/A:N/A,NameExpr,com.github.lyrric.service.SecKillRunnable,startDate,C:\Users\tyin363\Documents\repos\lyrric__seckill\src\main\java\com\github\lyrric\service\SecKillRunnable.java,70
CLIENT:client-code:N/A:N/A,NameExpr,com.github.lyrric.ui.MemberDialog,table,C:\Users\tyin363\Documents\repos\lyrric__seckill\src\main\java\com\github\lyrric\ui\MemberDialog.java,85
CLIENT:client-code:N/A:N/A,NameExpr,com.github.lyrric.ui.ConsoleMode,log,C:\Users\tyin363\Documents\repos\lyrric__seckill\src\main\java\com\github\lyrric\ui\ConsoleMode.java,46
JDK:java.base:N/A:N/A,ClassOrInterfaceType,java.lang.Thread,Thread,C:\Users\tyin363\Documents\repos\lyrric__seckill\src\main\java\com\github\lyrric\ui\MemberDialog.java,61
JDK:java.base:N/A:N/A,MethodCallExpr,java.awt.Dialog,setTitle,C:\Users\tyin363\Documents\repos\lyrric__seckill\src\main\java\com\github\lyrric\ui\MemberDialog.java,64
CLIENT:client-code:N/A:N/A,NameExpr,com.github.lyrric.model.VaccineList,id,C:\Users\tyin363\Documents\repos\lyrric__seckill\src\main\java\com\github\lyrric\model\VaccineList.java,33
JDK:java.base:N/A:N/A,ClassOrInterfaceType,java.lang.Integer,Integer,C:\Users\tyin363\Documents\repos\lyrric__seckill\src\main\java\com\github\lyrric\model\Member.java,27
org.apache.logging.log4j:log4j-api:jar:2.13.3,MethodCallExpr,org.apache.logging.log4j.LogManager,getLogger,C:\Users\tyin363\Documents\repos\lyrric__seckill\src\main\java\com\github\lyrric\service\SecKillService.java,31
JDK:java.base:N/A:N/A,MethodCallExpr,java.util.List,size,C:\Users\tyin363\Documents\repos\lyrric__seckill\src\main\java\com\github\lyrric\ui\ConsoleMode.java,48
CLIENT:client-code:N/A:N/A,FieldAccessExpr,com.github.lyrric.model.VaccineList,id,C:\Users\tyin363\Documents\repos\lyrric__seckill\src\main\java\com\github\lyrric\model\VaccineList.java,37
JDK:java.base:N/A:N/A,ClassOrInterfaceType,javax.swing.JButton,JButton,C:\Users\tyin363\Documents\repos\lyrric__seckill\src\main\java\com\github\lyrric\ui\ConfigDialog.java,16
JDK:java.base:N/A:N/A,MethodCallExpr,javax.swing.AbstractButton,setEnabled,C:\Users\tyin363\Documents\repos\lyrric__seckill\src\main\java\com\github\lyrric\ui\MainFrame.java,206
CLIENT:client-code:N/A:N/A,MethodCallExpr,com.github.lyrric.model.BusinessException,getErrMsg,C:\Users\tyin363\Documents\repos\lyrric__seckill\src\main\java\com\github\lyrric\ui\MainFrame.java,187
CLIENT:client-code:N/A:N/A,MethodCallExpr,com.github.lyrric.model.Area,getChildren,C:\Users\tyin363\Documents\repos\lyrric__seckill\src\main\java\com\github\lyrric\util\ParseUtil.java,86
JDK:java.base:N/A:N/A,ClassOrInterfaceType,java.lang.String,String,C:\Users\tyin363\Documents\repos\lyrric__seckill\src\main\java\com\github\lyrric\ui\ConfigDialog.java,96
CLIENT:client-code:N/A:N/A,FieldAccessExpr,com.github.lyrric.conf.Config,tk,C:\Users\tyin363\Documents\repos\lyrric__seckill\src\main\java\com\github\lyrric\ui\ConsoleMode.java,43
org.apache.httpcomponents:httpcore:jar:4.4.13,ClassOrInterfaceType,org.apache.http.message.BasicHeader,BasicHeader,C:\Users\tyin363\Documents\repos\lyrric__seckill\src\main\java\com\github\lyrric\service\HttpService.java,59
JDK:java.base:N/A:N/A,ClassOrInterfaceType,java.lang.String,String,C:\Users\tyin363\Documents\repos\lyrric__seckill\src\main\java\com\github\lyrric\service\HttpService.java,185
org.apache.httpcomponents:httpcore:jar:4.4.13,ClassOrInterfaceType,org.apache.http.Header,Header,C:\Users\tyin363\Documents\repos\lyrric__seckill\src\main\java\com\github\lyrric\service\HttpService.java,134
JDK:java.base:N/A:N/A,MethodCallExpr,javax.swing.JOptionPane,showMessageDialog,C:\Users\tyin363\Documents\repos\lyrric__seckill\src\main\java\com\github\lyrric\ui\MemberDialog.java,67
CLIENT:client-code:N/A:N/A,NameExpr,com.github.lyrric.ui.ConfigDialog,success,C:\Users\tyin363\Documents\repos\lyrric__seckill\src\main\java\com\github\lyrric\ui\ConfigDialog.java,64
org.apache.commons:commons-lang3:jar:3.11,MethodCallExpr,org.apache.commons.lang3.StringUtils,isEmpty,C:\Users\tyin363\Documents\repos\lyrric__seckill\src\main\java\com\github\lyrric\util\ParseUtil.java,22
JDK:java.base:N/A:N/A,ClassOrInterfaceType,java.lang.String,String,C:\Users\tyin363\Documents\repos\lyrric__seckill\src\main\java\com\github\lyrric\service\HttpService.java,53
CLIENT:client-code:N/A:N/A,NameExpr,com.github.lyrric.ui.ConfigDialog,tk,C:\Users\tyin363\Documents\repos\lyrric__seckill\src\main\java\com\github\lyrric\ui\ConfigDialog.java,58
JDK:java.base:N/A:N/A,ClassOrInterfaceType,java.util.Map,Map,C:\Users\tyin363\Documents\repos\lyrric__seckill\src\main\java\com\github\lyrric\service\HttpService.java,97
JDK:java.base:N/A:N/A,ClassOrInterfaceType,java.util.List,List,C:\Users\tyin363\Documents\repos\lyrric__seckill\src\main\java\com\github\lyrric\ui\MainFrame.java,123
JDK:java.base:N/A:N/A,MethodCallExpr,javax.swing.AbstractButton,setEnabled,C:\Users\tyin363\Documents\repos\lyrric__seckill\src\main\java\com\github\lyrric\ui\MainFrame.java,207
CLIENT:client-code:N/A:N/A,MethodCallExpr,com.github.lyrric.ui.MainFrame,appendMsg,C:\Users\tyin363\Documents\repos\lyrric__seckill\src\main\java\com\github\lyrric\ui\MainFrame.java,196
JDK:java.base:N/A:N/A,ObjectCreationExpr,javax.swing.JButton,JButton,C:\Users\tyin363\Documents\repos\lyrric__seckill\src\main\java\com\github\lyrric\ui\ConfigDialog.java,55
JDK:java.base:N/A:N/A,ClassOrInterfaceType,java.util.List,List,C:\Users\tyin363\Documents\repos\lyrric__seckill\src\main\java\com\github\lyrric\util\ParseUtil.java,83
JDK:java.base:N/A:N/A,ClassOrInterfaceType,java.lang.Exception,Exception,C:\Users\tyin363\Documents\repos\lyrric__seckill\src\main\java\com\github\lyrric\service\SecKillRunnable.java,66
CLIENT:client-code:N/A:N/A,FieldAccessExpr,com.github.lyrric.model.VaccineDetail,days,C:\Users\tyin363\Documents\repos\lyrric__seckill\src\main\java\com\github\lyrric\model\VaccineDetail.java,64
JDK:java.base:N/A:N/A,ClassOrInterfaceType,java.lang.String,String,C:\Users\tyin363\Documents\repos\lyrric__seckill\src\main\java\com\github\lyrric\service\HttpService.java,52
CLIENT:client-code:N/A:N/A,ClassOrInterfaceType,com.github.lyrric.service.HttpService,HttpService,C:\Users\tyin363\Documents\repos\lyrric__seckill\src\main\java\com\github\lyrric\ui\ConsoleMode.java,36
JDK:java.base:N/A:N/A,MethodCallExpr,java.lang.String,endsWith,C:\Users\tyin363\Documents\repos\lyrric__seckill\src\main\java\com\github\lyrric\service\HttpService.java,128
JDK:java.base:N/A:N/A,ClassOrInterfaceType,javax.swing.JScrollPane,JScrollPane,C:\Users\tyin363\Documents\repos\lyrric__seckill\src\main\java\com\github\lyrric\ui\MainFrame.java,112
JDK:java.base:N/A:N/A,ClassOrInterfaceType,java.lang.String,String,C:\Users\tyin363\Documents\repos\lyrric__seckill\src\main\java\com\github\lyrric\ui\ConfigDialog.java,95
JDK:java.base:N/A:N/A,MethodCallExpr,java.util.List,isEmpty,C:\Users\tyin363\Documents\repos\lyrric__seckill\src\main\java\com\github\lyrric\ui\MainFrame.java,176
JDK:java.base:N/A:N/A,ClassOrInterfaceType,java.lang.String,String,C:\Users\tyin363\Documents\repos\lyrric__seckill\src\main\java\com\github\lyrric\service\HttpService.java,184
org.apache.logging.log4j:log4j-api:jar:2.13.3,MethodCallExpr,org.apache.logging.log4j.LogManager,getLogger,C:\Users\tyin363\Documents\repos\lyrric__seckill\src\main\java\com\github\lyrric\ui\ConsoleMode.java,32
JDK:java.base:N/A:N/A,ClassOrInterfaceType,java.lang.String,String,C:\Users\tyin363\Documents\repos\lyrric__seckill\src\main\java\com\github\lyrric\model\BusinessException.java,20
CLIENT:client-code:N/A:N/A,NameExpr,com.github.lyrric.service.SecKillService,logger,C:\Users\tyin363\Documents\repos\lyrric__seckill\src\main\java\com\github\lyrric\service\SecKillService.java,92
CLIENT:client-code:N/A:N/A,NameExpr,com.github.lyrric.ui.MainFrame,startBtn,C:\Users\tyin363\Documents\repos\lyrric__seckill\src\main\java\com\github\lyrric\ui\MainFrame.java,67
CLIENT:client-code:N/A:N/A,NameExpr,com.github.lyrric.model.SubDateTime,endTime,C:\Users\tyin363\Documents\repos\lyrric__seckill\src\main\java\com\github\lyrric\model\SubDateTime.java,29
JDK:java.base:N/A:N/A,MethodCallExpr,javax.swing.AbstractButton,setEnabled,C:\Users\tyin363\Documents\repos\lyrric__seckill\src\main\java\com\github\lyrric\ui\MainFrame.java,76
JDK:java.base:N/A:N/A,MethodCallExpr,java.lang.Integer,toString,C:\Users\tyin363\Documents\repos\lyrric__seckill\src\main\java\com\github\lyrric\ui\MainFrame.java,178
JDK:java.base:N/A:N/A,MethodCallExpr,java.awt.Window,setLocationRelativeTo,C:\Users\tyin363\Documents\repos\lyrric__seckill\src\main\java\com\github\lyrric\ui\ConfigDialog.java,87
JDK:java.base:N/A:N/A,ClassOrInterfaceType,javax.swing.JButton,JButton,C:\Users\tyin363\Documents\repos\lyrric__seckill\src\main\java\com\github\lyrric\ui\MainFrame.java,137
JDK:java.base:N/A:N/A,ObjectCreationExpr,java.text.SimpleDateFormat,SimpleDateFormat,C:\Users\tyin363\Documents\repos\lyrric__seckill\src\main\java\com\github\lyrric\service\SecKillService.java,112
CLIENT:client-code:N/A:N/A,NameExpr,com.github.lyrric.ui.MainFrame,vaccinesTable,C:\Users\tyin363\Documents\repos\lyrric__seckill\src\main\java\com\github\lyrric\ui\MainFrame.java,112
CLIENT:client-code:N/A:N/A,NameExpr,com.github.lyrric.ui.ConsoleMode,log,C:\Users\tyin363\Documents\repos\lyrric__seckill\src\main\java\com\github\lyrric\ui\ConsoleMode.java,49
CLIENT:client-code:N/A:N/A,NameExpr,com.github.lyrric.ui.MainFrame,startBtn,C:\Users\tyin363\Documents\repos\lyrric__seckill\src\main\java\com\github\lyrric\ui\MainFrame.java,206
CLIENT:client-code:N/A:N/A,NameExpr,com.github.lyrric.ui.MainFrame,refreshBtn,C:\Users\tyin363\Documents\repos\lyrric__seckill\src\main\java\com\github\lyrric\ui\MainFrame.java,96
org.apache.httpcomponents:httpclient:jar:4.5.13,ObjectCreationExpr,org.apache.http.client.methods.HttpGet,HttpGet,C:\Users\tyin363\Documents\repos\lyrric__seckill\src\main\java\com\github\lyrric\service\HttpService.java,133
JDK:java.base:N/A:N/A,ClassOrInterfaceType,java.lang.String,String,C:\Users\tyin363\Documents\repos\lyrric__seckill\src\main\java\com\github\lyrric\service\HttpService.java,187
,MethodCallExpr,org.apache.http.client.config.RequestConfig.Builder,setSocketTimeout,C:\Users\tyin363\Documents\repos\lyrric__seckill\src\main\java\com\github\lyrric\service\HttpService.java,138
JDK:java.base:N/A:N/A,ClassOrInterfaceType,java.lang.String,String,C:\Users\tyin363\Documents\repos\lyrric__seckill\src\main\java\com\github\lyrric\service\HttpService.java,121
JDK:java.base:N/A:N/A,MethodCallExpr,java.lang.System,currentTimeMillis,C:\Users\tyin363\Documents\repos\lyrric__seckill\src\main\java\com\github\lyrric\service\SecKillRunnable.java,70
JDK:java.base:N/A:N/A,MethodCallExpr,javax.swing.JTable,getSelectedRow,C:\Users\tyin363\Documents\repos\lyrric__seckill\src\main\java\com\github\lyrric\ui\MainFrame.java,200
CLIENT:client-code:N/A:N/A,MethodCallExpr,com.github.lyrric.service.HttpService,getMembers,C:\Users\tyin363\Documents\repos\lyrric__seckill\src\main\java\com\github\lyrric\ui\ConsoleMode.java,47
com.alibaba:fastjson:jar:1.2.72,ClassOrInterfaceType,com.alibaba.fastjson.JSONObject,JSONObject,C:\Users\tyin363\Documents\repos\lyrric__seckill\src\main\java\com\github\lyrric\service\HttpService.java,100
CLIENT:client-code:N/A:N/A,ClassOrInterfaceType,com.github.lyrric.model.TableModel,TableModel,C:\Users\tyin363\Documents\repos\lyrric__seckill\src\main\java\com\github\lyrric\ui\MemberDialog.java,38
JDK:java.base:N/A:N/A,MethodCallExpr,javax.swing.AbstractButton,setEnabled,C:\Users\tyin363\Documents\repos\lyrric__seckill\src\main\java\com\github\lyrric\ui\MainFrame.java,77
JDK:java.base:N/A:N/A,ClassOrInterfaceType,java.lang.String,String,C:\Users\tyin363\Documents\repos\lyrric__seckill\src\main\java\com\github\lyrric\model\VaccineList.java,56
JDK:java.base:N/A:N/A,MethodCallExpr,java.util.Map,forEach,C:\Users\tyin363\Documents\repos\lyrric__seckill\src\main\java\com\github\lyrric\service\HttpService.java,124
JDK:java.base:N/A:N/A,ClassOrInterfaceType,java.util.List,List,C:\Users\tyin363\Documents\repos\lyrric__seckill\src\main\java\com\github\lyrric\util\ParseUtil.java,19
JDK:java.base:N/A:N/A,MethodCallExpr,java.lang.Integer,toString,C:\Users\tyin363\Documents\repos\lyrric__seckill\src\main\java\com\github\lyrric\service\SecKillRunnable.java,49
JDK:java.base:N/A:N/A,MethodCallExpr,javax.swing.JDialog,setLayout,C:\Users\tyin363\Documents\repos\lyrric__seckill\src\main\java\com\github\lyrric\ui\ConfigDialog.java,34
CLIENT:client-code:N/A:N/A,NameExpr,com.github.lyrric.ui.MainFrame,refreshBtn,C:\Users\tyin363\Documents\repos\lyrric__seckill\src\main\java\com\github\lyrric\ui\MainFrame.java,97
JDK:java.base:N/A:N/A,MethodCallExpr,java.awt.Dialog,setModal,C:\Users\tyin363\Documents\repos\lyrric__seckill\src\main\java\com\github\lyrric\ui\MainFrame.java,72
CLIENT:client-code:N/A:N/A,ClassOrInterfaceType,com.github.lyrric.service.SecKillService,SecKillService,C:\Users\tyin363\Documents\repos\lyrric__seckill\src\main\java\com\github\lyrric\service\SecKillService.java,31
CLIENT:client-code:N/A:N/A,FieldAccessExpr,com.github.lyrric.conf.Config,st,C:\Users\tyin363\Documents\repos\lyrric__seckill\src\main\java\com\github\lyrric\service\SecKillRunnable.java,49
JDK:java.base:N/A:N/A,FieldAccessExpr,java.awt.event.ItemEvent,SELECTED,C:\Users\tyin363\Documents\repos\lyrric__seckill\src\main\java\com\github\lyrric\ui\MainFrame.java,120
JDK:java.base:N/A:N/A,ObjectCreationExpr,javax.swing.JButton,JButton,C:\Users\tyin363\Documents\repos\lyrric__seckill\src\main\java\com\github\lyrric\ui\MemberDialog.java,45
JDK:java.base:N/A:N/A,MethodCallExpr,java.lang.Integer,parseInt,C:\Users\tyin363\Documents\repos\lyrric__seckill\src\main\java\com\github\lyrric\ui\MemberDialog.java,89
JDK:java.base:N/A:N/A,ClassOrInterfaceType,java.lang.String,String,C:\Users\tyin363\Documents\repos\lyrric__seckill\src\main\java\com\github\lyrric\ui\ConsoleMode.java,72
CLIENT:client-code:N/A:N/A,MethodCallExpr,com.github.lyrric.service.HttpService,dealHeader,C:\Users\tyin363\Documents\repos\lyrric__seckill\src\main\java\com\github\lyrric\service\HttpService.java,147
JDK:java.base:N/A:N/A,MethodCallExpr,java.lang.Thread,getId,C:\Users\tyin363\Documents\repos\lyrric__seckill\src\main\java\com\github\lyrric\service\SecKillRunnable.java,44
JDK:java.base:N/A:N/A,ClassOrInterfaceType,java.lang.String,String,C:\Users\tyin363\Documents\repos\lyrric__seckill\src\main\java\com\github\lyrric\model\VaccineDetail.java,75
JDK:java.base:N/A:N/A,ObjectCreationExpr,java.util.Scanner,Scanner,C:\Users\tyin363\Documents\repos\lyrric__seckill\src\main\java\com\github\lyrric\ui\ConsoleMode.java,41
org.apache.logging.log4j:log4j-api:jar:2.13.3,MethodCallExpr,org.apache.logging.log4j.Logger,info,C:\Users\tyin363\Documents\repos\lyrric__seckill\src\main\java\com\github\lyrric\service\SecKillService.java,92
org.apache.logging.log4j:log4j-api:jar:2.13.3,MethodCallExpr,org.apache.logging.log4j.Logger,error,C:\Users\tyin363\Documents\repos\lyrric__seckill\src\main\java\com\github\lyrric\service\SecKillRunnable.java,65
CLIENT:client-code:N/A:N/A,NameExpr,com.github.lyrric.ui.ConsoleMode,log,C:\Users\tyin363\Documents\repos\lyrric__seckill\src\main\java\com\github\lyrric\ui\ConsoleMode.java,51
JDK:java.base:N/A:N/A,MethodCallExpr,javax.swing.AbstractButton,setEnabled,C:\Users\tyin363\Documents\repos\lyrric__seckill\src\main\java\com\github\lyrric\ui\MainFrame.java,78
CLIENT:client-code:N/A:N/A,NameExpr,com.github.lyrric.ui.ConfigDialog,cookie,C:\Users\tyin363\Documents\repos\lyrric__seckill\src\main\java\com\github\lyrric\ui\ConfigDialog.java,63
JDK:java.base:N/A:N/A,ClassOrInterfaceType,java.lang.String,String,C:\Users\tyin363\Documents\repos\lyrric__seckill\src\main\java\com\github\lyrric\model\Area.java,16
JDK:java.base:N/A:N/A,ClassOrInterfaceType,javax.swing.JScrollPane,JScrollPane,C:\Users\tyin363\Documents\repos\lyrric__seckill\src\main\java\com\github\lyrric\ui\MainFrame.java,106
CLIENT:client-code:N/A:N/A,FieldAccessExpr,com.github.lyrric.model.Member,name,C:\Users\tyin363\Documents\repos\lyrric__seckill\src\main\java\com\github\lyrric\model\Member.java,36
CLIENT:client-code:N/A:N/A,NameExpr,com.github.lyrric.ui.MainFrame,refreshBtn,C:\Users\tyin363\Documents\repos\lyrric__seckill\src\main\java\com\github\lyrric\ui\MainFrame.java,160
CLIENT:client-code:N/A:N/A,NameExpr,com.github.lyrric.ui.ConfigDialog,tk,C:\Users\tyin363\Documents\repos\lyrric__seckill\src\main\java\com\github\lyrric\ui\ConfigDialog.java,62
org.apache.logging.log4j:log4j-api:jar:2.13.3,ClassOrInterfaceType,org.apache.logging.log4j.Logger,Logger,C:\Users\tyin363\Documents\repos\lyrric__seckill\src\main\java\com\github\lyrric\Main.java,18
CLIENT:client-code:N/A:N/A,MethodCallExpr,com.github.lyrric.service.HttpService,get,C:\Users\tyin363\Documents\repos\lyrric__seckill\src\main\java\com\github\lyrric\service\HttpService.java,60
CLIENT:client-code:N/A:N/A,NameExpr,com.github.lyrric.ui.MemberDialog,submitBtn,C:\Users\tyin363\Documents\repos\lyrric__seckill\src\main\java\com\github\lyrric\ui\MemberDialog.java,50
CLIENT:client-code:N/A:N/A,NameExpr,com.github.lyrric.model.VaccineList,vaccineCode,C:\Users\tyin363\Documents\repos\lyrric__seckill\src\main\java\com\github\lyrric\model\VaccineList.java,41
CLIENT:client-code:N/A:N/A,ClassOrInterfaceType,com.github.lyrric.service.SecKillService,SecKillService,C:\Users\tyin363\Documents\repos\lyrric__seckill\src\main\java\com\github\lyrric\ui\MainFrame.java,28
JDK:java.base:N/A:N/A,ClassOrInterfaceType,java.lang.String,String,C:\Users\tyin363\Documents\repos\lyrric__seckill\src\main\java\com\github\lyrric\conf\Config.java,35
JDK:java.base:N/A:N/A,ClassOrInterfaceType,java.util.List,List,C:\Users\tyin363\Documents\repos\lyrric__seckill\src\main\java\com\github\lyrric\service\HttpService.java,170
CLIENT:client-code:N/A:N/A,MethodCallExpr,com.github.lyrric.service.HttpService,hasAvailableConfig,C:\Users\tyin363\Documents\repos\lyrric__seckill\src\main\java\com\github\lyrric\service\HttpService.java,69
CLIENT:client-code:N/A:N/A,NameExpr,com.github.lyrric.model.VaccineList,vaccineName,C:\Users\tyin363\Documents\repos\lyrric__seckill\src\main\java\com\github\lyrric\model\VaccineList.java,65
CLIENT:client-code:N/A:N/A,MethodCallExpr,com.github.lyrric.util.ParseUtil,getChildren,C:\Users\tyin363\Documents\repos\lyrric__seckill\src\main\java\com\github\lyrric\ui\MainFrame.java,123
CLIENT:client-code:N/A:N/A,FieldAccessExpr,com.github.lyrric.model.SubDateTime,endTime,C:\Users\tyin363\Documents\repos\lyrric__seckill\src\main\java\com\github\lyrric\model\SubDateTime.java,33
JDK:java.base:N/A:N/A,MethodCallExpr,java.lang.Thread,sleep,C:\Users\tyin363\Documents\repos\lyrric__seckill\src\main\java\com\github\lyrric\service\SecKillService.java,49
JDK:java.base:N/A:N/A,MethodCallExpr,javax.swing.table.DefaultTableModel,addRow,C:\Users\tyin363\Documents\repos\lyrric__seckill\src\main\java\com\github\lyrric\ui\MainFrame.java,179
CLIENT:client-code:N/A:N/A,MethodCallExpr,com.github.lyrric.util.ParseUtil,getAreas,C:\Users\tyin363\Documents\repos\lyrric__seckill\src\main\java\com\github\lyrric\ui\MainFrame.java,114
CLIENT:client-code:N/A:N/A,NameExpr,com.github.lyrric.ui.MainFrame,refreshBtn,C:\Users\tyin363\Documents\repos\lyrric__seckill\src\main\java\com\github\lyrric\ui\MainFrame.java,95
CLIENT:client-code:N/A:N/A,NameExpr,com.github.lyrric.ui.MainFrame,vaccinesTable,C:\Users\tyin363\Documents\repos\lyrric__seckill\src\main\java\com\github\lyrric\ui\MainFrame.java,111
JDK:java.base:N/A:N/A,MethodCallExpr,java.lang.String,replaceAll,C:\Users\tyin363\Documents\repos\lyrric__seckill\src\main\java\com\github\lyrric\ui\ConfigDialog.java,95
CLIENT:client-code:N/A:N/A,FieldAccessExpr,com.github.lyrric.conf.Config,memberId,C:\Users\tyin363\Documents\repos\lyrric__seckill\src\main\java\com\github\lyrric\service\SecKillRunnable.java,53
JDK:java.base:N/A:N/A,ClassOrInterfaceType,javax.swing.JButton,JButton,C:\Users\tyin363\Documents\repos\lyrric__seckill\src\main\java\com\github\lyrric\ui\ConfigDialog.java,18
org.apache.httpcomponents:httpclient:jar:4.5.13,ClassOrInterfaceType,org.apache.http.client.config.RequestConfig,RequestConfig,C:\Users\tyin363\Documents\repos\lyrric__seckill\src\main\java\com\github\lyrric\service\HttpService.java,138
JDK:java.base:N/A:N/A,ClassOrInterfaceType,java.util.List,List,C:\Users\tyin363\Documents\repos\lyrric__seckill\src\main\java\com\github\lyrric\service\HttpService.java,169
CLIENT:client-code:N/A:N/A,ClassOrInterfaceType,com.github.lyrric.model.Area,Area,C:\Users\tyin363\Documents\repos\lyrric__seckill\src\main\java\com\github\lyrric\ui\MainFrame.java,114
CLIENT:client-code:N/A:N/A,ClassOrInterfaceType,com.github.lyrric.model.Area,Area,C:\Users\tyin363\Documents\repos\lyrric__seckill\src\main\java\com\github\lyrric\ui\MainFrame.java,48
