Library_Name,Symbol_Type,Class_Name,Symbol_Name,Usage_Location,Line_Number
CLIENT:client-code:N/A:N/A,ClassOrInterfaceType,org.apache.ratis.server.impl.MessageStreamRequests.StreamMap,StreamMap,C:\Users\tyin363\Documents\repos\apache__ratis\ratis-server\src\main\java\org\apache\ratis\server\impl\MessageStreamRequests.java,81
CLIENT:client-code:N/A:N/A,MethodCallExpr,org.apache.ratis.server.raftlog.segmented.SegmentedRaftLogReader.LimitedInputStream,checkLimit,C:\Users\tyin363\Documents\repos\apache__ratis\ratis-server\src\main\java\org\apache\ratis\server\raftlog\segmented\SegmentedRaftLogReader.java,96
CLIENT:client-code:N/A:N/A,NameExpr,org.apache.ratis.server.raftlog.segmented.SegmentedRaftLogReader.LimitedInputStream,limitPos,C:\Users\tyin363\Documents\repos\apache__ratis\ratis-server\src\main\java\org\apache\ratis\server\raftlog\segmented\SegmentedRaftLogReader.java,109
,MethodCallExpr,org.apache.ratis.proto.RaftProtos.InstallSnapshotReplyProto,getSnapshotIndex,C:\Users\tyin363\Documents\repos\apache__ratis\ratis-server\src\main\java\org\apache\ratis\server\util\ServerStringUtils.java,107
,ClassOrInterfaceType,org.apache.ratis.proto.RaftProtos.LogEntryProto,LogEntryProto,C:\Users\tyin363\Documents\repos\apache__ratis\ratis-server\src\main\java\org\apache\ratis\server\raftlog\segmented\SegmentedRaftLogInputStream.java,212
org.apache.ratis:ratis-common:jar:3.1.3,MethodCallExpr,org.apache.ratis.util.IOUtils,readFully,C:\Users\tyin363\Documents\repos\apache__ratis\ratis-server\src\main\java\org\apache\ratis\server\raftlog\segmented\SegmentedRaftLogReader.java,317
JDK:java.base:N/A:N/A,ClassOrInterfaceType,java.lang.InterruptedException,InterruptedException,C:\Users\tyin363\Documents\repos\apache__ratis\ratis-server\src\main\java\org\apache\ratis\server\impl\FollowerState.java,169
,MethodCallExpr,org.apache.ratis.proto.RaftProtos.AppendEntriesReplyProto,getResult,C:\Users\tyin363\Documents\repos\apache__ratis\ratis-server\src\main\java\org\apache\ratis\server\leader\LogAppenderDefault.java,179
org.apache.ratis:ratis-common:jar:3.1.3,MethodCallExpr,org.apache.ratis.util.JavaUtils,getClassSimpleName,C:\Users\tyin363\Documents\repos\apache__ratis\ratis-server\src\main\java\org\apache\ratis\server\impl\ConfigurationManager.java,112
CLIENT:client-code:N/A:N/A,ClassOrInterfaceType,org.apache.ratis.server.impl.RaftConfigurationImpl,RaftConfigurationImpl,C:\Users\tyin363\Documents\repos\apache__ratis\ratis-server\src\main\java\org\apache\ratis\server\impl\ConfigurationManager.java,98
org.apache.ratis:ratis-server-api:jar:3.1.3,ClassOrInterfaceType,org.apache.ratis.statemachine.TransactionContext,TransactionContext,C:\Users\tyin363\Documents\repos\apache__ratis\ratis-server\src\main\java\org\apache\ratis\statemachine\impl\TransactionContextImpl.java,193
org.apache.ratis:ratis-common:jar:3.1.3,MethodCallExpr,org.apache.ratis.protocol.RaftClientRequest,getType,C:\Users\tyin363\Documents\repos\apache__ratis\ratis-server\src\main\java\org\apache\ratis\server\impl\WriteIndexCache.java,60
JDK:java.base:N/A:N/A,ObjectCreationExpr,java.io.DataInputStream,DataInputStream,C:\Users\tyin363\Documents\repos\apache__ratis\ratis-server\src\main\java\org\apache\ratis\server\raftlog\segmented\SegmentedRaftLogReader.java,156
org.apache.ratis:ratis-thirdparty-misc:jar:1.0.9,MethodCallExpr,org.apache.ratis.thirdparty.com.google.common.cache.CacheBuilder,build,C:\Users\tyin363\Documents\repos\apache__ratis\ratis-server\src\main\java\org\apache\ratis\server\impl\WriteIndexCache.java,44
JDK:java.base:N/A:N/A,ClassOrInterfaceType,java.util.concurrent.ConcurrentMap,ConcurrentMap,C:\Users\tyin363\Documents\repos\apache__ratis\ratis-server\src\main\java\org\apache\ratis\server\impl\DataStreamMapImpl.java,36
JDK:java.base:N/A:N/A,ClassOrInterfaceType,java.util.List,List,C:\Users\tyin363\Documents\repos\apache__ratis\ratis-server\src\main\java\org\apache\ratis\statemachine\impl\FileListSnapshotInfo.java,38
CLIENT:client-code:N/A:N/A,NameExpr,org.apache.ratis.server.impl.PendingRequests,ONE_MB,C:\Users\tyin363\Documents\repos\apache__ratis\ratis-server\src\main\java\org\apache\ratis\server\impl\PendingRequests.java,60
CLIENT:client-code:N/A:N/A,FieldAccessExpr,org.apache.ratis.server.storage.RaftStorageImpl,storageDir,C:\Users\tyin363\Documents\repos\apache__ratis\ratis-server\src\main\java\org\apache\ratis\server\storage\RaftStorageImpl.java,49
CLIENT:client-code:N/A:N/A,MethodCallExpr,org.apache.ratis.server.leader.LogAppenderBase,newAppendEntriesRequest,C:\Users\tyin363\Documents\repos\apache__ratis\ratis-server\src\main\java\org\apache\ratis\server\leader\LogAppenderDefault.java,67
org.apache.ratis:ratis-common:jar:3.1.3,ClassOrInterfaceType,org.apache.ratis.protocol.RaftClientRequest,RaftClientRequest,C:\Users\tyin363\Documents\repos\apache__ratis\ratis-server\src\main\java\org\apache\ratis\statemachine\impl\TransactionContextImpl.java,125
CLIENT:client-code:N/A:N/A,ClassOrInterfaceType,org.apache.ratis.server.RaftServer.Division,Division,C:\Users\tyin363\Documents\repos\apache__ratis\ratis-server\src\main\java\org\apache\ratis\server\leader\LogAppenderDefault.java,44
CLIENT:client-code:N/A:N/A,NameExpr,org.apache.ratis.server.raftlog.segmented.SegmentedRaftLogReader,maxOpSize,C:\Users\tyin363\Documents\repos\apache__ratis\ratis-server\src\main\java\org\apache\ratis\server\raftlog\segmented\SegmentedRaftLogReader.java,284
CLIENT:client-code:N/A:N/A,MethodCallExpr,org.apache.ratis.server.RaftServer.Division,getId,C:\Users\tyin363\Documents\repos\apache__ratis\ratis-server\src\main\java\org\apache\ratis\server\impl\VoteContext.java,155
JDK:java.base:N/A:N/A,ClassOrInterfaceType,java.io.File,File,C:\Users\tyin363\Documents\repos\apache__ratis\ratis-server\src\main\java\org\apache\ratis\server\raftlog\segmented\SegmentedRaftLogInputStream.java,66
CLIENT:client-code:N/A:N/A,NameExpr,org.apache.ratis.server.raftlog.segmented.SegmentedRaftLogInputStream,state,C:\Users\tyin363\Documents\repos\apache__ratis\ratis-server\src\main\java\org\apache\ratis\server\raftlog\segmented\SegmentedRaftLogInputStream.java,104
JDK:java.base:N/A:N/A,MethodCallExpr,java.util.Map,remove,C:\Users\tyin363\Documents\repos\apache__ratis\ratis-server\src\main\java\org\apache\ratis\server\impl\PendingRequests.java,202
org.apache.ratis:ratis-common:jar:3.1.3,ClassOrInterfaceType,org.apache.ratis.protocol.RaftClientReply,RaftClientReply,C:\Users\tyin363\Documents\repos\apache__ratis\ratis-server\src\main\java\org\apache\ratis\server\impl\PendingRequests.java,273
org.apache.ratis:ratis-common:jar:3.1.3,MethodCallExpr,org.apache.ratis.util.Preconditions,assertTrue,C:\Users\tyin363\Documents\repos\apache__ratis\ratis-server\src\main\java\org\apache\ratis\server\raftlog\segmented\SegmentedRaftLogReader.java,183
CLIENT:client-code:N/A:N/A,MethodCallExpr,org.apache.ratis.server.impl.RaftServerImpl,getInfo,C:\Users\tyin363\Documents\repos\apache__ratis\ratis-server\src\main\java\org\apache\ratis\server\impl\FollowerState.java,119
CLIENT:client-code:N/A:N/A,MethodCallExpr,org.apache.ratis.server.impl.RoleInfo,getLeaderState,C:\Users\tyin363\Documents\repos\apache__ratis\ratis-server\src\main\java\org\apache\ratis\server\impl\VoteContext.java,96
CLIENT:client-code:N/A:N/A,NameExpr,org.apache.ratis.server.raftlog.segmented.SegmentedRaftLogReader,in,C:\Users\tyin363\Documents\repos\apache__ratis\ratis-server\src\main\java\org\apache\ratis\server\raftlog\segmented\SegmentedRaftLogReader.java,316
JDK:java.base:N/A:N/A,ClassOrInterfaceType,java.lang.Object,Object,C:\Users\tyin363\Documents\repos\apache__ratis\ratis-server\src\main\java\org\apache\ratis\statemachine\impl\TransactionContextImpl.java,140
CLIENT:client-code:N/A:N/A,MethodCallExpr,org.apache.ratis.server.RaftServer.Division,getRaftServerMetrics,C:\Users\tyin363\Documents\repos\apache__ratis\ratis-server\src\main\java\org\apache\ratis\server\leader\LogAppenderDefault.java,130
JDK:java.base:N/A:N/A,ClassOrInterfaceType,java.lang.String,String,C:\Users\tyin363\Documents\repos\apache__ratis\ratis-server\src\main\java\org\apache\ratis\server\raftlog\segmented\SegmentedRaftLogReader.java,325
org.apache.ratis:ratis-common:jar:3.1.3,MethodCallExpr,org.apache.ratis.util.Preconditions,assertTrue,C:\Users\tyin363\Documents\repos\apache__ratis\ratis-server\src\main\java\org\apache\ratis\server\impl\PendingRequests.java,261
org.apache.ratis:ratis-common:jar:3.1.3,ClassOrInterfaceType,org.apache.ratis.util.TimeDuration,TimeDuration,C:\Users\tyin363\Documents\repos\apache__ratis\ratis-server\src\main\java\org\apache\ratis\server\impl\DivisionPropertiesImpl.java,48
CLIENT:client-code:N/A:N/A,MethodCallExpr,org.apache.ratis.server.raftlog.RaftLogBase,checkLogState,C:\Users\tyin363\Documents\repos\apache__ratis\ratis-server\src\main\java\org\apache\ratis\server\raftlog\memory\MemoryRaftLog.java,162
CLIENT:client-code:N/A:N/A,NameExpr,org.apache.ratis.server.storage.RaftStorageImpl,storageDir,C:\Users\tyin363\Documents\repos\apache__ratis\ratis-server\src\main\java\org\apache\ratis\server\storage\RaftStorageImpl.java,145
org.apache.ratis:ratis-common:jar:3.1.3,MethodCallExpr,org.apache.ratis.util.Daemon,newBuilder,C:\Users\tyin363\Documents\repos\apache__ratis\ratis-server\src\main\java\org\apache\ratis\server\impl\FollowerState.java,70
CLIENT:client-code:N/A:N/A,NameExpr,org.apache.ratis.server.raftlog.segmented.SegmentedRaftLogReader,in,C:\Users\tyin363\Documents\repos\apache__ratis\ratis-server\src\main\java\org\apache\ratis\server\raftlog\segmented\SegmentedRaftLogReader.java,315
JDK:java.base:N/A:N/A,ClassOrInterfaceType,java.lang.IllegalStateException,IllegalStateException,C:\Users\tyin363\Documents\repos\apache__ratis\ratis-server\src\main\java\org\apache\ratis\server\impl\WriteIndexCache.java,54
org.apache.ratis:ratis-common:jar:3.1.3,MethodCallExpr,org.apache.ratis.protocol.RaftClientRequest,getMessage,C:\Users\tyin363\Documents\repos\apache__ratis\ratis-server\src\main\java\org\apache\ratis\server\impl\MessageStreamRequests.java,92
org.apache.ratis:ratis-metrics-api:jar:3.1.3,ClassOrInterfaceType,org.apache.ratis.metrics.RatisMetrics,RatisMetrics,C:\Users\tyin363\Documents\repos\apache__ratis\ratis-server\src\main\java\org\apache\ratis\server\metrics\RaftLogMetricsBase.java,28
org.slf4j:slf4j-api:jar:2.0.7,MethodReferenceExpr,org.slf4j.Logger,info,C:\Users\tyin363\Documents\repos\apache__ratis\ratis-server\src\main\java\org\apache\ratis\server\impl\DataStreamServerImpl.java,38
CLIENT:client-code:N/A:N/A,ClassOrInterfaceType,org.apache.ratis.server.storage.RaftStorageImpl.MetaFile,MetaFile,C:\Users\tyin363\Documents\repos\apache__ratis\ratis-server\src\main\java\org\apache\ratis\server\storage\RaftStorageImpl.java,44
CLIENT:client-code:N/A:N/A,MethodCallExpr,org.apache.ratis.server.raftlog.segmented.SegmentedRaftLogCache.LogSegmentList,get,C:\Users\tyin363\Documents\repos\apache__ratis\ratis-server\src\main\java\org\apache\ratis\server\raftlog\segmented\CacheInvalidationPolicy.java,77
CLIENT:client-code:N/A:N/A,MethodCallExpr,org.apache.ratis.server.RaftServer.Division,getId,C:\Users\tyin363\Documents\repos\apache__ratis\ratis-server\src\main\java\org\apache\ratis\server\impl\VoteContext.java,153
CLIENT:client-code:N/A:N/A,NameExpr,org.apache.ratis.server.raftlog.segmented.SegmentedRaftLogInputStream,logFile,C:\Users\tyin363\Documents\repos\apache__ratis\ratis-server\src\main\java\org\apache\ratis\server\raftlog\segmented\SegmentedRaftLogInputStream.java,128
JDK:java.base:N/A:N/A,MethodCallExpr,java.lang.Math,toIntExact,C:\Users\tyin363\Documents\repos\apache__ratis\ratis-server\src\main\java\org\apache\ratis\server\raftlog\memory\MemoryRaftLog.java,106
JDK:java.base:N/A:N/A,ClassOrInterfaceType,java.util.concurrent.ConcurrentHashMap,ConcurrentHashMap,C:\Users\tyin363\Documents\repos\apache__ratis\ratis-server\src\main\java\org\apache\ratis\server\impl\PendingRequests.java,100
org.apache.ratis:ratis-common:jar:3.1.3,MethodCallExpr,org.apache.ratis.util.SizeInBytes,getSize,C:\Users\tyin363\Documents\repos\apache__ratis\ratis-server\src\main\java\org\apache\ratis\server\impl\PendingRequests.java,227
,ClassOrInterfaceType,org.apache.ratis.statemachine.impl.FileListSnapshotInfo,FileListSnapshotInfo,C:\Users\tyin363\Documents\repos\apache__ratis\ratis-server\src\main\java\org\apache\ratis\statemachine\impl\SingleFileSnapshotInfo.java,30
org.apache.ratis:ratis-server-api:jar:3.1.3,ClassOrInterfaceType,org.apache.ratis.server.RaftConfiguration,RaftConfiguration,C:\Users\tyin363\Documents\repos\apache__ratis\ratis-server\src\main\java\org\apache\ratis\server\impl\ConfigurationManager.java,65
CLIENT:client-code:N/A:N/A,FieldAccessExpr,org.apache.ratis.server.impl.PendingRequests.RequestMap,resource,C:\Users\tyin363\Documents\repos\apache__ratis\ratis-server\src\main\java\org\apache\ratis\server\impl\PendingRequests.java,113
,ClassOrInterfaceType,org.apache.ratis.proto.RaftProtos.CommitInfoProto,CommitInfoProto,C:\Users\tyin363\Documents\repos\apache__ratis\ratis-server\src\main\java\org\apache\ratis\server\impl\PendingRequests.java,286
org.apache.ratis:ratis-server-api:jar:3.1.3,MethodCallExpr,org.apache.ratis.server.RaftConfiguration,getLogEntryIndex,C:\Users\tyin363\Documents\repos\apache__ratis\ratis-server\src\main\java\org\apache\ratis\server\impl\ConfigurationManager.java,66
JDK:java.base:N/A:N/A,ClassOrInterfaceType,java.util.concurrent.CompletableFuture,CompletableFuture,C:\Users\tyin363\Documents\repos\apache__ratis\ratis-server\src\main\java\org\apache\ratis\server\raftlog\memory\MemoryRaftLog.java,208
org.apache.ratis:ratis-common:jar:3.1.3,ClassOrInterfaceType,org.apache.ratis.protocol.RaftPeer,RaftPeer,C:\Users\tyin363\Documents\repos\apache__ratis\ratis-server\src\main\java\org\apache\ratis\server\impl\VoteContext.java,153
org.apache.ratis:ratis-common:jar:3.1.3,MethodCallExpr,org.apache.ratis.util.Preconditions,assertTrue,C:\Users\tyin363\Documents\repos\apache__ratis\ratis-server\src\main\java\org\apache\ratis\server\raftlog\segmented\SegmentedRaftLogReader.java,181
CLIENT:client-code:N/A:N/A,NameExpr,org.apache.ratis.server.storage.RaftStorageImpl,state,C:\Users\tyin363\Documents\repos\apache__ratis\ratis-server\src\main\java\org\apache\ratis\server\storage\RaftStorageImpl.java,73
,MethodCallExpr,org.apache.ratis.util.ResourceSemaphore.Group,release,C:\Users\tyin363\Documents\repos\apache__ratis\ratis-server\src\main\java\org\apache\ratis\server\impl\PendingRequests.java,90
,ClassOrInterfaceType,org.apache.ratis.proto.RaftProtos.LogEntryProto,LogEntryProto,C:\Users\tyin363\Documents\repos\apache__ratis\ratis-server\src\main\java\org\apache\ratis\server\raftlog\memory\MemoryRaftLog.java,216
org.slf4j:slf4j-api:jar:2.0.7,MethodCallExpr,org.slf4j.LoggerFactory,getLogger,C:\Users\tyin363\Documents\repos\apache__ratis\ratis-server\src\main\java\org\apache\ratis\server\impl\DataStreamServerImpl.java,33
CLIENT:client-code:N/A:N/A,NameExpr,org.apache.ratis.server.raftlog.segmented.SegmentedRaftLogReader,limiter,C:\Users\tyin363\Documents\repos\apache__ratis\ratis-server\src\main\java\org\apache\ratis\server\raftlog\segmented\SegmentedRaftLogReader.java,156
org.apache.ratis:ratis-common:jar:3.1.3,ClassOrInterfaceType,org.apache.ratis.util.TimeDuration,TimeDuration,C:\Users\tyin363\Documents\repos\apache__ratis\ratis-server\src\main\java\org\apache\ratis\server\impl\DivisionPropertiesImpl.java,53
CLIENT:client-code:N/A:N/A,ClassOrInterfaceType,org.apache.ratis.server.impl.PendingRequest,PendingRequest,C:\Users\tyin363\Documents\repos\apache__ratis\ratis-server\src\main\java\org\apache\ratis\server\impl\PendingRequests.java,217
org.slf4j:slf4j-api:jar:2.0.7,MethodCallExpr,org.slf4j.Logger,info,C:\Users\tyin363\Documents\repos\apache__ratis\ratis-server\src\main\java\org\apache\ratis\server\leader\LogAppenderDefault.java,74
JDK:java.base:N/A:N/A,ClassOrInterfaceType,java.io.IOException,IOException,C:\Users\tyin363\Documents\repos\apache__ratis\ratis-server\src\main\java\org\apache\ratis\server\raftlog\segmented\SegmentedRaftLogReader.java,153
,MethodCallExpr,org.apache.ratis.proto.RaftProtos.AppendEntriesReplyProto,getServerReply,C:\Users\tyin363\Documents\repos\apache__ratis\ratis-server\src\main\java\org\apache\ratis\server\util\ServerStringUtils.java,67
org.slf4j:slf4j-api:jar:2.0.7,MethodCallExpr,org.slf4j.Logger,trace,C:\Users\tyin363\Documents\repos\apache__ratis\ratis-server\src\main\java\org\apache\ratis\server\impl\PendingRequests.java,124
JDK:java.base:N/A:N/A,ClassOrInterfaceType,java.util.TreeMap,TreeMap,C:\Users\tyin363\Documents\repos\apache__ratis\ratis-server\src\main\java\org\apache\ratis\server\impl\ConfigurationManager.java,42
CLIENT:client-code:N/A:N/A,NameExpr,org.apache.ratis.server.impl.ConfigurationManager,configurations,C:\Users\tyin363\Documents\repos\apache__ratis\ratis-server\src\main\java\org\apache\ratis\server\impl\ConfigurationManager.java,103
,MethodCallExpr,org.apache.ratis.proto.RaftProtos.AppendEntriesReplyProto,getNextIndex,C:\Users\tyin363\Documents\repos\apache__ratis\ratis-server\src\main\java\org\apache\ratis\server\leader\LogAppenderDefault.java,200
org.apache.ratis:ratis-common:jar:3.1.3,MethodCallExpr,org.apache.ratis.util.SizeInBytes,getSize,C:\Users\tyin363\Documents\repos\apache__ratis\ratis-server\src\main\java\org\apache\ratis\server\impl\PendingRequests.java,226
,ClassOrInterfaceType,org.apache.ratis.proto.RaftProtos.StateMachineLogEntryProto,StateMachineLogEntryProto,C:\Users\tyin363\Documents\repos\apache__ratis\ratis-server\src\main\java\org\apache\ratis\statemachine\impl\TransactionContextImpl.java,130
org.apache.ratis:ratis-common:jar:3.1.3,ClassOrInterfaceType,org.apache.ratis.util.PureJavaCrc32C,PureJavaCrc32C,C:\Users\tyin363\Documents\repos\apache__ratis\ratis-server\src\main\java\org\apache\ratis\server\raftlog\segmented\SegmentedRaftLogReader.java,157
CLIENT:client-code:N/A:N/A,NameExpr,org.apache.ratis.server.raftlog.segmented.SegmentedRaftLogReader.LimitedInputStream,limitPos,C:\Users\tyin363\Documents\repos\apache__ratis\ratis-server\src\main\java\org\apache\ratis\server\raftlog\segmented\SegmentedRaftLogReader.java,105
JDK:java.base:N/A:N/A,ClassOrInterfaceType,java.lang.Class,Class,C:\Users\tyin363\Documents\repos\apache__ratis\ratis-server\src\main\java\org\apache\ratis\server\util\ServerStringUtils.java,130
org.apache.ratis:ratis-thirdparty-misc:jar:1.0.9,FieldAccessExpr,org.apache.ratis.thirdparty.com.google.protobuf.ByteString,EMPTY,C:\Users\tyin363\Documents\repos\apache__ratis\ratis-server\src\main\java\org\apache\ratis\server\impl\MessageStreamRequests.java,41
org.apache.ratis:ratis-server-api:jar:3.1.3,MethodCallExpr,org.apache.ratis.server.protocol.TermIndex,getIndex,C:\Users\tyin363\Documents\repos\apache__ratis\ratis-server\src\main\java\org\apache\ratis\server\raftlog\memory\MemoryRaftLog.java,180
CLIENT:client-code:N/A:N/A,NameExpr,org.apache.ratis.server.raftlog.segmented.SegmentedRaftLogReader.LimitedInputStream,markPos,C:\Users\tyin363\Documents\repos\apache__ratis\ratis-server\src\main\java\org\apache\ratis\server\raftlog\segmented\SegmentedRaftLogReader.java,125
org.apache.ratis:ratis-server-api:jar:3.1.3,ClassOrInterfaceType,org.apache.ratis.server.RaftConfiguration,RaftConfiguration,C:\Users\tyin363\Documents\repos\apache__ratis\ratis-server\src\main\java\org\apache\ratis\server\impl\ConfigurationManager.java,67
org.apache.ratis:ratis-common:jar:3.1.3,MethodCallExpr,org.apache.ratis.util.TimeDuration,compareTo,C:\Users\tyin363\Documents\repos\apache__ratis\ratis-server\src\main\java\org\apache\ratis\server\impl\FollowerState.java,150
CLIENT:client-code:N/A:N/A,ClassOrInterfaceType,org.apache.ratis.server.raftlog.segmented.LogSegmentStartEnd,LogSegmentStartEnd,C:\Users\tyin363\Documents\repos\apache__ratis\ratis-server\src\main\java\org\apache\ratis\server\raftlog\segmented\SegmentedRaftLogInputStream.java,178
CLIENT:client-code:N/A:N/A,NameExpr,org.apache.ratis.server.storage.RaftStorageImpl,state,C:\Users\tyin363\Documents\repos\apache__ratis\ratis-server\src\main\java\org\apache\ratis\server\storage\RaftStorageImpl.java,75
CLIENT:client-code:N/A:N/A,ClassOrInterfaceType,org.apache.ratis.server.raftlog.segmented.LogSegment,LogSegment,C:\Users\tyin363\Documents\repos\apache__ratis\ratis-server\src\main\java\org\apache\ratis\server\raftlog\segmented\CacheInvalidationPolicy.java,44
CLIENT:client-code:N/A:N/A,MethodCallExpr,org.apache.ratis.server.storage.RaftStorageDirectoryImpl,isCurrentEmpty,C:\Users\tyin363\Documents\repos\apache__ratis\ratis-server\src\main\java\org\apache\ratis\server\storage\RaftStorageImpl.java,121
CLIENT:client-code:N/A:N/A,MethodCallExpr,org.apache.ratis.server.storage.RaftStorageImpl.MetaFile,set,C:\Users\tyin363\Documents\repos\apache__ratis\ratis-server\src\main\java\org\apache\ratis\server\storage\RaftStorageImpl.java,117
org.apache.ratis:ratis-common:jar:3.1.3,MethodCallExpr,org.apache.ratis.util.TimeDuration,to,C:\Users\tyin363\Documents\repos\apache__ratis\ratis-server\src\main\java\org\apache\ratis\server\impl\FollowerState.java,114
JDK:java.base:N/A:N/A,MethodCallExpr,java.util.List,add,C:\Users\tyin363\Documents\repos\apache__ratis\ratis-server\src\main\java\org\apache\ratis\server\raftlog\memory\MemoryRaftLog.java,218
JDK:java.base:N/A:N/A,MethodCallExpr,java.util.Collections,singletonList,C:\Users\tyin363\Documents\repos\apache__ratis\ratis-server\src\main\java\org\apache\ratis\statemachine\impl\SingleFileSnapshotInfo.java,32
JDK:java.base:N/A:N/A,ClassOrInterfaceType,java.util.List,List,C:\Users\tyin363\Documents\repos\apache__ratis\ratis-server\src\main\java\org\apache\ratis\statemachine\impl\FileListSnapshotInfo.java,36
CLIENT:client-code:N/A:N/A,NameExpr,org.apache.ratis.server.raftlog.segmented.SegmentedRaftLogReader.LimitedInputStream,markPos,C:\Users\tyin363\Documents\repos\apache__ratis\ratis-server\src\main\java\org\apache\ratis\server\raftlog\segmented\SegmentedRaftLogReader.java,124
JDK:java.base:N/A:N/A,ClassOrInterfaceType,java.util.function.Function,Function,C:\Users\tyin363\Documents\repos\apache__ratis\ratis-server\src\main\java\org\apache\ratis\server\util\ServerStringUtils.java,49
JDK:java.base:N/A:N/A,ClassOrInterfaceType,java.io.IOException,IOException,C:\Users\tyin363\Documents\repos\apache__ratis\ratis-server\src\main\java\org\apache\ratis\server\raftlog\segmented\SegmentedRaftLogInputStream.java,140
CLIENT:client-code:N/A:N/A,ClassOrInterfaceType,org.apache.ratis.server.raftlog.RaftLogBase,RaftLogBase,C:\Users\tyin363\Documents\repos\apache__ratis\ratis-server\src\main\java\org\apache\ratis\server\raftlog\memory\MemoryRaftLog.java,43
CLIENT:client-code:N/A:N/A,NameExpr,org.apache.ratis.server.raftlog.memory.MemoryRaftLog,entries,C:\Users\tyin363\Documents\repos\apache__ratis\ratis-server\src\main\java\org\apache\ratis\server\raftlog\memory\MemoryRaftLog.java,164
CLIENT:client-code:N/A:N/A,NameExpr,org.apache.ratis.server.raftlog.segmented.SegmentedRaftLogReader,in,C:\Users\tyin363\Documents\repos\apache__ratis\ratis-server\src\main\java\org\apache\ratis\server\raftlog\segmented\SegmentedRaftLogReader.java,322
JDK:java.base:N/A:N/A,ClassOrInterfaceType,java.nio.channels.ClosedByInterruptException,ClosedByInterruptException,C:\Users\tyin363\Documents\repos\apache__ratis\ratis-server\src\main\java\org\apache\ratis\server\raftlog\segmented\SegmentedRaftLogReader.java,176
CLIENT:client-code:N/A:N/A,NameExpr,org.apache.ratis.server.storage.RaftStorageImpl,storageDir,C:\Users\tyin363\Documents\repos\apache__ratis\ratis-server\src\main\java\org\apache\ratis\server\storage\RaftStorageImpl.java,136
CLIENT:client-code:N/A:N/A,ClassOrInterfaceType,org.apache.ratis.server.impl.RaftConfigurationImpl,RaftConfigurationImpl,C:\Users\tyin363\Documents\repos\apache__ratis\ratis-server\src\main\java\org\apache\ratis\server\impl\VoteContext.java,33
CLIENT:client-code:N/A:N/A,NameExpr,org.apache.ratis.server.impl.DataStreamMapImpl,name,C:\Users\tyin363\Documents\repos\apache__ratis\ratis-server\src\main\java\org\apache\ratis\server\impl\DataStreamMapImpl.java,55
org.apache.ratis:ratis-metrics-api:jar:3.1.3,ObjectCreationExpr,org.apache.ratis.metrics.MetricRegistryInfo,MetricRegistryInfo,C:\Users\tyin363\Documents\repos\apache__ratis\ratis-server\src\main\java\org\apache\ratis\server\metrics\RaftLogMetricsBase.java,46
CLIENT:client-code:N/A:N/A,MethodCallExpr,org.apache.ratis.server.raftlog.segmented.LogSegment,containsIndex,C:\Users\tyin363\Documents\repos\apache__ratis\ratis-server\src\main\java\org\apache\ratis\server\raftlog\segmented\CacheInvalidationPolicy.java,119
JDK:java.base:N/A:N/A,MethodCallExpr,java.lang.Throwable,getCause,C:\Users\tyin363\Documents\repos\apache__ratis\ratis-server\src\main\java\org\apache\ratis\server\raftlog\segmented\SegmentedRaftLogInputStream.java,108
JDK:java.base:N/A:N/A,ClassOrInterfaceType,java.lang.Object,Object,C:\Users\tyin363\Documents\repos\apache__ratis\ratis-server\src\main\java\org\apache\ratis\statemachine\impl\TransactionContextImpl.java,146
CLIENT:client-code:N/A:N/A,MethodCallExpr,org.apache.ratis.server.impl.VoteContext,log,C:\Users\tyin363\Documents\repos\apache__ratis\ratis-server\src\main\java\org\apache\ratis\server\impl\VoteContext.java,147
JDK:java.base:N/A:N/A,MethodCallExpr,java.util.Optional,ofNullable,C:\Users\tyin363\Documents\repos\apache__ratis\ratis-server\src\main\java\org\apache\ratis\server\storage\RaftStorageImpl.java,50
CLIENT:client-code:N/A:N/A,ClassOrInterfaceType,org.apache.ratis.server.raftlog.segmented.SegmentedRaftLogInputStream,SegmentedRaftLogInputStream,C:\Users\tyin363\Documents\repos\apache__ratis\ratis-server\src\main\java\org\apache\ratis\server\raftlog\segmented\SegmentedRaftLogInputStream.java,202
org.apache.ratis:ratis-server-api:jar:3.1.3,MethodCallExpr,org.apache.ratis.server.DivisionInfo,getCurrentRole,C:\Users\tyin363\Documents\repos\apache__ratis\ratis-server\src\main\java\org\apache\ratis\server\impl\VoteContext.java,50
CLIENT:client-code:N/A:N/A,MethodCallExpr,org.apache.ratis.server.leader.LogAppenderBase,getFollower,C:\Users\tyin363\Documents\repos\apache__ratis\ratis-server\src\main\java\org\apache\ratis\server\leader\LogAppenderDefault.java,142
,ClassOrInterfaceType,org.apache.ratis.proto.RaftProtos.LogEntryProto,LogEntryProto,C:\Users\tyin363\Documents\repos\apache__ratis\ratis-server\src\main\java\org\apache\ratis\statemachine\impl\TransactionContextImpl.java,73
CLIENT:client-code:N/A:N/A,NameExpr,org.apache.ratis.server.impl.FollowerState.UpdateType,updateFunction,C:\Users\tyin363\Documents\repos\apache__ratis\ratis-server\src\main\java\org\apache\ratis\server\impl\FollowerState.java,53
CLIENT:client-code:N/A:N/A,MethodCallExpr,org.apache.ratis.server.raftlog.LogProtoUtils,toStateMachineLogEntryProto,C:\Users\tyin363\Documents\repos\apache__ratis\ratis-server\src\main\java\org\apache\ratis\statemachine\impl\TransactionContextImpl.java,104
CLIENT:client-code:N/A:N/A,ClassOrInterfaceType,org.apache.ratis.server.metrics.RaftLogMetricsBase,RaftLogMetricsBase,C:\Users\tyin363\Documents\repos\apache__ratis\ratis-server\src\main\java\org\apache\ratis\server\raftlog\memory\MemoryRaftLog.java,82
org.apache.ratis:ratis-server-api:jar:3.1.3,ClassOrInterfaceType,org.apache.ratis.server.raftlog.LogEntryHeader,LogEntryHeader,C:\Users\tyin363\Documents\repos\apache__ratis\ratis-server\src\main\java\org\apache\ratis\server\raftlog\memory\MemoryRaftLog.java,55
JDK:java.base:N/A:N/A,ClassOrInterfaceType,java.lang.String,String,C:\Users\tyin363\Documents\repos\apache__ratis\ratis-server\src\main\java\org\apache\ratis\server\raftlog\segmented\SegmentedRaftLogInputStream.java,164
CLIENT:client-code:N/A:N/A,MethodCallExpr,org.apache.ratis.server.raftlog.segmented.SegmentedRaftLogFormat,getHeaderLength,C:\Users\tyin363\Documents\repos\apache__ratis\ratis-server\src\main\java\org\apache\ratis\server\raftlog\segmented\SegmentedRaftLogReader.java,194
org.apache.ratis:ratis-common:jar:3.1.3,ClassOrInterfaceType,org.apache.ratis.protocol.ClientId,ClientId,C:\Users\tyin363\Documents\repos\apache__ratis\ratis-server\src\main\java\org\apache\ratis\server\impl\WriteIndexCache.java,49
JDK:java.base:N/A:N/A,ClassOrInterfaceType,java.io.IOException,IOException,C:\Users\tyin363\Documents\repos\apache__ratis\ratis-server\src\main\java\org\apache\ratis\server\storage\RaftStorageImpl.java,59
org.apache.ratis:ratis-common:jar:3.1.3,ClassOrInterfaceType,org.apache.ratis.util.TimeDuration,TimeDuration,C:\Users\tyin363\Documents\repos\apache__ratis\ratis-server\src\main\java\org\apache\ratis\server\impl\DivisionPropertiesImpl.java,58
org.slf4j:slf4j-api:jar:2.0.7,MethodCallExpr,org.slf4j.Logger,info,C:\Users\tyin363\Documents\repos\apache__ratis\ratis-server\src\main\java\org\apache\ratis\server\storage\RaftStorageImpl.java,98
org.apache.ratis:ratis-server-api:jar:3.1.3,ClassOrInterfaceType,org.apache.ratis.server.RaftConfiguration,RaftConfiguration,C:\Users\tyin363\Documents\repos\apache__ratis\ratis-server\src\main\java\org\apache\ratis\server\leader\LeaderProtoUtils.java,66
JDK:java.base:N/A:N/A,ClassOrInterfaceType,java.io.File,File,C:\Users\tyin363\Documents\repos\apache__ratis\ratis-server\src\main\java\org\apache\ratis\server\raftlog\segmented\SegmentedRaftLogInputStream.java,73
JDK:java.base:N/A:N/A,MethodCallExpr,java.util.Optional,map,C:\Users\tyin363\Documents\repos\apache__ratis\ratis-server\src\main\java\org\apache\ratis\server\impl\VoteContext.java,106
,MethodCallExpr,org.apache.ratis.proto.RaftProtos.FileChunkProto.Builder,setData,C:\Users\tyin363\Documents\repos\apache__ratis\ratis-server\src\main\java\org\apache\ratis\server\storage\FileChunkReader.java,94
CLIENT:client-code:N/A:N/A,NameExpr,org.apache.ratis.server.impl.FollowerState,creationTime,C:\Users\tyin363\Documents\repos\apache__ratis\ratis-server\src\main\java\org\apache\ratis\server\impl\FollowerState.java,108
JDK:java.base:N/A:N/A,ClassOrInterfaceType,java.io.IOException,IOException,C:\Users\tyin363\Documents\repos\apache__ratis\ratis-server\src\main\java\org\apache\ratis\server\raftlog\segmented\SegmentedRaftLogInputStream.java,143
CLIENT:client-code:N/A:N/A,NameExpr,org.apache.ratis.server.impl.MessageStreamRequests.StreamMap,map,C:\Users\tyin363\Documents\repos\apache__ratis\ratis-server\src\main\java\org\apache\ratis\server\impl\MessageStreamRequests.java,72
,MethodCallExpr,org.apache.ratis.thirdparty.com.google.protobuf.AbstractMessage.Builder,mergeFrom,C:\Users\tyin363\Documents\repos\apache__ratis\ratis-server\src\main\java\org\apache\ratis\server\storage\RaftStorageImpl.java,159
JDK:java.base:N/A:N/A,ClassOrInterfaceType,java.io.IOException,IOException,C:\Users\tyin363\Documents\repos\apache__ratis\ratis-server\src\main\java\org\apache\ratis\server\raftlog\segmented\SegmentedRaftLogReader.java,283
CLIENT:client-code:N/A:N/A,ClassOrInterfaceType,org.apache.ratis.server.impl.PendingRequests.Permit,Permit,C:\Users\tyin363\Documents\repos\apache__ratis\ratis-server\src\main\java\org\apache\ratis\server\impl\PendingRequests.java,231
JDK:java.base:N/A:N/A,ClassOrInterfaceType,java.lang.Long,Long,C:\Users\tyin363\Documents\repos\apache__ratis\ratis-server\src\main\java\org\apache\ratis\server\raftlog\memory\MemoryRaftLog.java,141
CLIENT:client-code:N/A:N/A,NameExpr,org.apache.ratis.server.raftlog.segmented.SegmentedRaftLogReader.LimitedInputStream,markPos,C:\Users\tyin363\Documents\repos\apache__ratis\ratis-server\src\main\java\org\apache\ratis\server\raftlog\segmented\SegmentedRaftLogReader.java,120
CLIENT:client-code:N/A:N/A,MethodCallExpr,org.apache.ratis.server.raftlog.segmented.SegmentedRaftLogReader,decodeEntry,C:\Users\tyin363\Documents\repos\apache__ratis\ratis-server\src\main\java\org\apache\ratis\server\raftlog\segmented\SegmentedRaftLogReader.java,240
org.apache.ratis:ratis-thirdparty-misc:jar:1.0.9,MethodCallExpr,org.apache.ratis.thirdparty.com.google.protobuf.UnsafeByteOperations,unsafeWrap,C:\Users\tyin363\Documents\repos\apache__ratis\ratis-server\src\main\java\org\apache\ratis\server\storage\FileChunkReader.java,70
JDK:java.base:N/A:N/A,ClassOrInterfaceType,java.io.BufferedInputStream,BufferedInputStream,C:\Users\tyin363\Documents\repos\apache__ratis\ratis-server\src\main\java\org\apache\ratis\server\raftlog\segmented\SegmentedRaftLogReader.java,155
CLIENT:client-code:N/A:N/A,MethodCallExpr,org.apache.ratis.server.raftlog.RaftLogBase,checkLogState,C:\Users\tyin363\Documents\repos\apache__ratis\ratis-server\src\main\java\org\apache\ratis\server\raftlog\memory\MemoryRaftLog.java,170
JDK:java.base:N/A:N/A,ClassOrInterfaceType,java.lang.Long,Long,C:\Users\tyin363\Documents\repos\apache__ratis\ratis-server\src\main\java\org\apache\ratis\server\raftlog\segmented\LogSegmentStartEnd.java,76
CLIENT:client-code:N/A:N/A,MethodCallExpr,org.apache.ratis.server.metrics.RaftLogMetricsBase,createRegistry,C:\Users\tyin363\Documents\repos\apache__ratis\ratis-server\src\main\java\org\apache\ratis\server\metrics\RaftLogMetricsBase.java,42
org.apache.ratis:ratis-thirdparty-misc:jar:1.0.9,MethodCallExpr,org.apache.ratis.thirdparty.com.google.protobuf.ByteString,concat,C:\Users\tyin363\Documents\repos\apache__ratis\ratis-server\src\main\java\org\apache\ratis\server\impl\MessageStreamRequests.java,55
JDK:java.base:N/A:N/A,ClassOrInterfaceType,java.lang.Exception,Exception,C:\Users\tyin363\Documents\repos\apache__ratis\ratis-server\src\main\java\org\apache\ratis\statemachine\impl\TransactionContextImpl.java,135
CLIENT:client-code:N/A:N/A,NameExpr,org.apache.ratis.server.impl.ConfigurationManager,initialConf,C:\Users\tyin363\Documents\repos\apache__ratis\ratis-server\src\main\java\org\apache\ratis\server\impl\ConfigurationManager.java,113
,ClassOrInterfaceType,org.apache.ratis.proto.RaftProtos.LogEntryProto,LogEntryProto,C:\Users\tyin363\Documents\repos\apache__ratis\ratis-server\src\main\java\org\apache\ratis\server\raftlog\segmented\SegmentedRaftLogReader.java,240
org.apache.ratis:ratis-common:jar:3.1.3,MethodCallExpr,org.apache.ratis.util.Timestamp,elapsedTime,C:\Users\tyin363\Documents\repos\apache__ratis\ratis-server\src\main\java\org\apache\ratis\server\impl\FollowerState.java,162
org.apache.ratis:ratis-common:jar:3.1.3,ClassOrInterfaceType,org.apache.ratis.protocol.RaftClientRequest,RaftClientRequest,C:\Users\tyin363\Documents\repos\apache__ratis\ratis-server\src\main\java\org\apache\ratis\server\impl\MessageStreamRequests.java,95
CLIENT:client-code:N/A:N/A,FieldAccessExpr,org.apache.ratis.server.raftlog.segmented.SegmentedRaftLogReader,raftLogMetrics,C:\Users\tyin363\Documents\repos\apache__ratis\ratis-server\src\main\java\org\apache\ratis\server\raftlog\segmented\SegmentedRaftLogReader.java,159
org.slf4j:slf4j-api:jar:2.0.7,MethodCallExpr,org.slf4j.Logger,isTraceEnabled,C:\Users\tyin363\Documents\repos\apache__ratis\ratis-server\src\main\java\org\apache\ratis\server\impl\FollowerState.java,81
org.apache.ratis:ratis-common:jar:3.1.3,ClassOrInterfaceType,org.apache.ratis.protocol.RaftClientRequest,RaftClientRequest,C:\Users\tyin363\Documents\repos\apache__ratis\ratis-server\src\main\java\org\apache\ratis\server\impl\PendingRequests.java,246
org.slf4j:slf4j-api:jar:2.0.7,ClassOrInterfaceType,org.slf4j.Logger,Logger,C:\Users\tyin363\Documents\repos\apache__ratis\ratis-server\src\main\java\org\apache\ratis\server\impl\FollowerState.java,57
CLIENT:client-code:N/A:N/A,NameExpr,org.apache.ratis.server.impl.VoteContext,phase,C:\Users\tyin363\Documents\repos\apache__ratis\ratis-server\src\main\java\org\apache\ratis\server\impl\VoteContext.java,69
JDK:java.base:N/A:N/A,ClassOrInterfaceType,java.util.List,List,C:\Users\tyin363\Documents\repos\apache__ratis\ratis-server\src\main\java\org\apache\ratis\server\raftlog\memory\MemoryRaftLog.java,208
,ClassOrInterfaceType,org.apache.ratis.proto.RaftProtos.LogEntryProto,LogEntryProto,C:\Users\tyin363\Documents\repos\apache__ratis\ratis-server\src\main\java\org\apache\ratis\server\raftlog\memory\MemoryRaftLog.java,75
org.apache.ratis:ratis-common:jar:3.1.3,MethodCallExpr,org.apache.ratis.protocol.RaftClientRequest,getMessage,C:\Users\tyin363\Documents\repos\apache__ratis\ratis-server\src\main\java\org\apache\ratis\server\impl\MessageStreamRequests.java,104
,MethodCallExpr,org.apache.ratis.proto.RaftProtos.InstallSnapshotRequestProto.NotificationProto.Builder,setFirstAvailableTermIndex,C:\Users\tyin363\Documents\repos\apache__ratis\ratis-server\src\main\java\org\apache\ratis\server\leader\LeaderProtoUtils.java,59
CLIENT:client-code:N/A:N/A,FieldAccessExpr,org.apache.ratis.server.raftlog.memory.MemoryRaftLog,entries,C:\Users\tyin363\Documents\repos\apache__ratis\ratis-server\src\main\java\org\apache\ratis\server\raftlog\memory\MemoryRaftLog.java,202
CLIENT:client-code:N/A:N/A,MethodCallExpr,org.apache.ratis.server.raftlog.RaftLogBase,readLock,C:\Users\tyin363\Documents\repos\apache__ratis\ratis-server\src\main\java\org\apache\ratis\server\raftlog\memory\MemoryRaftLog.java,105
CLIENT:client-code:N/A:N/A,MethodCallExpr,org.apache.ratis.server.storage.RaftStorageImpl,format,C:\Users\tyin363\Documents\repos\apache__ratis\ratis-server\src\main\java\org\apache\ratis\server\storage\RaftStorageImpl.java,62
JDK:java.base:N/A:N/A,ClassOrInterfaceType,java.util.List,List,C:\Users\tyin363\Documents\repos\apache__ratis\ratis-server\src\main\java\org\apache\ratis\statemachine\impl\FileListSnapshotInfo.java,43
,MethodReferenceExpr,org.apache.ratis.proto.RaftProtos.LogEntryProto,getIndex,C:\Users\tyin363\Documents\repos\apache__ratis\ratis-server\src\main\java\org\apache\ratis\server\raftlog\segmented\SegmentedRaftLogReader.java,240
CLIENT:client-code:N/A:N/A,ClassOrInterfaceType,org.apache.ratis.server.impl.VoteContext.CheckTermResult,CheckTermResult,C:\Users\tyin363\Documents\repos\apache__ratis\ratis-server\src\main\java\org\apache\ratis\server\impl\VoteContext.java,68
org.apache.ratis:ratis-common:jar:3.1.3,ClassOrInterfaceType,org.apache.ratis.protocol.Message,Message,C:\Users\tyin363\Documents\repos\apache__ratis\ratis-server\src\main\java\org\apache\ratis\server\impl\MessageStreamRequests.java,47
org.apache.ratis:ratis-common:jar:3.1.3,MethodCallExpr,org.apache.ratis.protocol.RaftPeer,getPriority,C:\Users\tyin363\Documents\repos\apache__ratis\ratis-server\src\main\java\org\apache\ratis\server\impl\VoteContext.java,161
CLIENT:client-code:N/A:N/A,NameExpr,org.apache.ratis.server.storage.RaftStorageImpl,storageDir,C:\Users\tyin363\Documents\repos\apache__ratis\ratis-server\src\main\java\org\apache\ratis\server\storage\RaftStorageImpl.java,131
CLIENT:client-code:N/A:N/A,MethodCallExpr,org.apache.ratis.server.impl.PendingRequests.RequestMap,close,C:\Users\tyin363\Documents\repos\apache__ratis\ratis-server\src\main\java\org\apache\ratis\server\impl\PendingRequests.java,298
CLIENT:client-code:N/A:N/A,NameExpr,org.apache.ratis.server.raftlog.segmented.SegmentedRaftLogReader,in,C:\Users\tyin363\Documents\repos\apache__ratis\ratis-server\src\main\java\org\apache\ratis\server\raftlog\segmented\SegmentedRaftLogReader.java,317
org.apache.ratis:ratis-server-api:jar:3.1.3,ClassOrInterfaceType,org.apache.ratis.statemachine.TransactionContext,TransactionContext,C:\Users\tyin363\Documents\repos\apache__ratis\ratis-server\src\main\java\org\apache\ratis\statemachine\impl\TransactionContextImpl.java,188
org.apache.ratis:ratis-server-api:jar:3.1.3,NameExpr,org.apache.ratis.server.leader.LogAppender,LOG,C:\Users\tyin363\Documents\repos\apache__ratis\ratis-server\src\main\java\org\apache\ratis\server\leader\LogAppenderDefault.java,95
,MethodCallExpr,org.apache.ratis.proto.RaftProtos.InstallSnapshotRequestProto,getNotification,C:\Users\tyin363\Documents\repos\apache__ratis\ratis-server\src\main\java\org\apache\ratis\server\util\ServerStringUtils.java,86
CLIENT:client-code:N/A:N/A,NameExpr,org.apache.ratis.server.impl.MessageStreamRequests.StreamMap,map,C:\Users\tyin363\Documents\repos\apache__ratis\ratis-server\src\main\java\org\apache\ratis\server\impl\MessageStreamRequests.java,68
JDK:java.base:N/A:N/A,ObjectCreationExpr,java.io.File,File,C:\Users\tyin363\Documents\repos\apache__ratis\ratis-server\src\main\java\org\apache\ratis\server\raftlog\segmented\LogSegmentStartEnd.java,103
JDK:java.base:N/A:N/A,MethodCallExpr,java.lang.Object,getClass,C:\Users\tyin363\Documents\repos\apache__ratis\ratis-server\src\main\java\org\apache\ratis\statemachine\impl\FileListSnapshotInfo.java,59
CLIENT:client-code:N/A:N/A,NameExpr,org.apache.ratis.server.raftlog.memory.MemoryRaftLog,metrics,C:\Users\tyin363\Documents\repos\apache__ratis\ratis-server\src\main\java\org\apache\ratis\server\raftlog\memory\MemoryRaftLog.java,99
CLIENT:client-code:N/A:N/A,NameExpr,org.apache.ratis.server.impl.ConfigurationManager,id,C:\Users\tyin363\Documents\repos\apache__ratis\ratis-server\src\main\java\org\apache\ratis\server\impl\ConfigurationManager.java,59
CLIENT:client-code:N/A:N/A,MethodCallExpr,org.apache.ratis.server.impl.RaftServerImpl,getLeaderElectionMetrics,C:\Users\tyin363\Documents\repos\apache__ratis\ratis-server\src\main\java\org\apache\ratis\server\impl\FollowerState.java,163
CLIENT:client-code:N/A:N/A,MethodCallExpr,org.apache.ratis.server.impl.RaftServerImpl,getThreadGroup,C:\Users\tyin363\Documents\repos\apache__ratis\ratis-server\src\main\java\org\apache\ratis\server\impl\FollowerState.java,72
JDK:java.base:N/A:N/A,ClassOrInterfaceType,java.lang.Object,Object,C:\Users\tyin363\Documents\repos\apache__ratis\ratis-server\src\main\java\org\apache\ratis\server\impl\PendingRequests.java,111
org.apache.ratis:ratis-server-api:jar:3.1.3,ClassOrInterfaceType,org.apache.ratis.server.protocol.TermIndex,TermIndex,C:\Users\tyin363\Documents\repos\apache__ratis\ratis-server\src\main\java\org\apache\ratis\server\raftlog\memory\MemoryRaftLog.java,51
CLIENT:client-code:N/A:N/A,ClassOrInterfaceType,org.apache.ratis.server.raftlog.segmented.LogSegmentStartEnd,LogSegmentStartEnd,C:\Users\tyin363\Documents\repos\apache__ratis\ratis-server\src\main\java\org\apache\ratis\server\raftlog\segmented\LogSegmentStartEnd.java,136
CLIENT:client-code:N/A:N/A,MethodCallExpr,org.apache.ratis.server.leader.LogAppenderBase,getEventAwaitForSignal,C:\Users\tyin363\Documents\repos\apache__ratis\ratis-server\src\main\java\org\apache\ratis\server\leader\LogAppenderDefault.java,170
CLIENT:client-code:N/A:N/A,FieldAccessExpr,org.apache.ratis.server.storage.FileChunkReader,relativePath,C:\Users\tyin363\Documents\repos\apache__ratis\ratis-server\src\main\java\org\apache\ratis\server\storage\FileChunkReader.java,56
org.apache.ratis:ratis-thirdparty-misc:jar:1.0.9,FieldAccessExpr,org.apache.ratis.thirdparty.com.google.protobuf.ByteString,EMPTY,C:\Users\tyin363\Documents\repos\apache__ratis\ratis-server\src\main\java\org\apache\ratis\server\storage\FileChunkReader.java,89
org.apache.ratis:ratis-common:jar:3.1.3,ClassOrInterfaceType,org.apache.ratis.protocol.exceptions.ChecksumException,ChecksumException,C:\Users\tyin363\Documents\repos\apache__ratis\ratis-server\src\main\java\org\apache\ratis\server\raftlog\segmented\SegmentedRaftLogReader.java,327
CLIENT:client-code:N/A:N/A,MethodCallExpr,org.apache.ratis.server.RaftServer.Division,getInfo,C:\Users\tyin363\Documents\repos\apache__ratis\ratis-server\src\main\java\org\apache\ratis\server\leader\LeaderProtoUtils.java,70
CLIENT:client-code:N/A:N/A,NameExpr,org.apache.ratis.server.impl.ConfigurationManager,configurations,C:\Users\tyin363\Documents\repos\apache__ratis\ratis-server\src\main\java\org\apache\ratis\server\impl\ConfigurationManager.java,98
org.apache.ratis:ratis-thirdparty-misc:jar:1.0.9,MethodCallExpr,org.apache.ratis.thirdparty.com.google.protobuf.AbstractMessageLite,writeTo,C:\Users\tyin363\Documents\repos\apache__ratis\ratis-server\src\main\java\org\apache\ratis\server\storage\RaftStorageImpl.java,147
CLIENT:client-code:N/A:N/A,NameExpr,org.apache.ratis.server.impl.FollowerState,LOG,C:\Users\tyin363\Documents\repos\apache__ratis\ratis-server\src\main\java\org\apache\ratis\server\impl\FollowerState.java,82
org.apache.ratis:ratis-common:jar:3.1.3,MethodCallExpr,org.apache.ratis.protocol.RaftClientMessage,getClientId,C:\Users\tyin363\Documents\repos\apache__ratis\ratis-server\src\main\java\org\apache\ratis\server\impl\MessageStreamRequests.java,90
CLIENT:client-code:N/A:N/A,MethodCallExpr,org.apache.ratis.server.raftlog.RaftLogBase,truncate,C:\Users\tyin363\Documents\repos\apache__ratis\ratis-server\src\main\java\org\apache\ratis\server\raftlog\memory\MemoryRaftLog.java,211
org.apache.ratis:ratis-common:jar:3.1.3,ClassOrInterfaceType,org.apache.ratis.protocol.exceptions.StreamException,StreamException,C:\Users\tyin363\Documents\repos\apache__ratis\ratis-server\src\main\java\org\apache\ratis\server\impl\MessageStreamRequests.java,51
CLIENT:client-code:N/A:N/A,NameExpr,org.apache.ratis.server.impl.DivisionPropertiesImpl,rpcSlownessTimeout,C:\Users\tyin363\Documents\repos\apache__ratis\ratis-server\src\main\java\org\apache\ratis\server\impl\DivisionPropertiesImpl.java,59
CLIENT:client-code:N/A:N/A,MethodCallExpr,org.apache.ratis.server.raftlog.segmented.SegmentedRaftLogReader.LimitedInputStream,getPos,C:\Users\tyin363\Documents\repos\apache__ratis\ratis-server\src\main\java\org\apache\ratis\server\raftlog\segmented\SegmentedRaftLogReader.java,347
CLIENT:client-code:N/A:N/A,ClassOrInterfaceType,org.apache.ratis.server.raftlog.segmented.SegmentedRaftLogCache.LogSegmentList,LogSegmentList,C:\Users\tyin363\Documents\repos\apache__ratis\ratis-server\src\main\java\org\apache\ratis\server\raftlog\segmented\CacheInvalidationPolicy.java,59
CLIENT:client-code:N/A:N/A,NameExpr,org.apache.ratis.server.raftlog.segmented.SegmentedRaftLogInputStream,state,C:\Users\tyin363\Documents\repos\apache__ratis\ratis-server\src\main\java\org\apache\ratis\server\raftlog\segmented\SegmentedRaftLogInputStream.java,117
org.apache.ratis:ratis-server-api:jar:3.1.3,MethodCallExpr,org.apache.ratis.server.protocol.TermIndex,toProto,C:\Users\tyin363\Documents\repos\apache__ratis\ratis-server\src\main\java\org\apache\ratis\server\leader\LeaderProtoUtils.java,43
CLIENT:client-code:N/A:N/A,MethodCallExpr,org.apache.ratis.server.impl.RaftConfigurationImpl,getPeer,C:\Users\tyin363\Documents\repos\apache__ratis\ratis-server\src\main\java\org\apache\ratis\server\impl\VoteContext.java,153
org.apache.ratis:ratis-common:jar:3.1.3,ClassOrInterfaceType,org.apache.ratis.conf.Parameters,Parameters,C:\Users\tyin363\Documents\repos\apache__ratis\ratis-server\src\main\java\org\apache\ratis\server\DisabledDataStreamServerFactory.java,29
CLIENT:client-code:N/A:N/A,NameExpr,org.apache.ratis.server.raftlog.memory.MemoryRaftLog,entries,C:\Users\tyin363\Documents\repos\apache__ratis\ratis-server\src\main\java\org\apache\ratis\server\raftlog\memory\MemoryRaftLog.java,155
,FieldAccessExpr,org.apache.ratis.statemachine.impl.TransactionContextImpl,logIndexFuture,C:\Users\tyin363\Documents\repos\apache__ratis\ratis-server\src\main\java\org\apache\ratis\statemachine\impl\TransactionContextImpl.java,116
CLIENT:client-code:N/A:N/A,MethodCallExpr,org.apache.ratis.server.storage.RaftStorageImpl.MetaFile,get,C:\Users\tyin363\Documents\repos\apache__ratis\ratis-server\src\main\java\org\apache\ratis\server\storage\RaftStorageImpl.java,141
org.apache.ratis:ratis-common:jar:3.1.3,ObjectCreationExpr,org.apache.ratis.util.AtomicFileOutputStream,AtomicFileOutputStream,C:\Users\tyin363\Documents\repos\apache__ratis\ratis-server\src\main\java\org\apache\ratis\server\storage\RaftStorageImpl.java,146
CLIENT:client-code:N/A:N/A,MethodCallExpr,org.apache.ratis.server.raftlog.segmented.SegmentedRaftLogCache.LogSegmentList,get,C:\Users\tyin363\Documents\repos\apache__ratis\ratis-server\src\main\java\org\apache\ratis\server\raftlog\segmented\CacheInvalidationPolicy.java,89
CLIENT:client-code:N/A:N/A,ClassOrInterfaceType,org.apache.ratis.server.metrics.RaftLogMetricsBase,RaftLogMetricsBase,C:\Users\tyin363\Documents\repos\apache__ratis\ratis-server\src\main\java\org\apache\ratis\server\raftlog\memory\MemoryRaftLog.java,88
org.apache.ratis:ratis-server-api:jar:3.1.3,NameExpr,org.apache.ratis.server.raftlog.RaftLog,INVALID_LOG_INDEX,C:\Users\tyin363\Documents\repos\apache__ratis\ratis-server\src\main\java\org\apache\ratis\server\raftlog\segmented\SegmentedRaftLogInputStream.java,184
org.apache.ratis:ratis-common:jar:3.1.3,ClassOrInterfaceType,org.apache.ratis.protocol.RaftClientRequest,RaftClientRequest,C:\Users\tyin363\Documents\repos\apache__ratis\ratis-server\src\main\java\org\apache\ratis\server\impl\PendingRequests.java,251
CLIENT:client-code:N/A:N/A,NameExpr,org.apache.ratis.server.storage.RaftStorageImpl,startupOption,C:\Users\tyin363\Documents\repos\apache__ratis\ratis-server\src\main\java\org\apache\ratis\server\storage\RaftStorageImpl.java,57
JDK:java.base:N/A:N/A,ClassOrInterfaceType,java.io.EOFException,EOFException,C:\Users\tyin363\Documents\repos\apache__ratis\ratis-server\src\main\java\org\apache\ratis\server\raftlog\segmented\SegmentedRaftLogInputStream.java,182
,ClassOrInterfaceType,org.apache.ratis.proto.RaftProtos.AppendEntriesRequestProto,AppendEntriesRequestProto,C:\Users\tyin363\Documents\repos\apache__ratis\ratis-server\src\main\java\org\apache\ratis\server\util\ServerStringUtils.java,48
CLIENT:client-code:N/A:N/A,FieldAccessExpr,org.apache.ratis.server.raftlog.segmented.SegmentedRaftLogInputStream.LogValidation,hasCorruptHeader,C:\Users\tyin363\Documents\repos\apache__ratis\ratis-server\src\main\java\org\apache\ratis\server\raftlog\segmented\SegmentedRaftLogInputStream.java,50
CLIENT:client-code:N/A:N/A,FieldAccessExpr,org.apache.ratis.server.storage.FileChunkReader,info,C:\Users\tyin363\Documents\repos\apache__ratis\ratis-server\src\main\java\org\apache\ratis\server\storage\FileChunkReader.java,55
CLIENT:client-code:N/A:N/A,NameExpr,org.apache.ratis.server.impl.FollowerState,LOG,C:\Users\tyin363\Documents\repos\apache__ratis\ratis-server\src\main\java\org\apache\ratis\server\impl\FollowerState.java,81
CLIENT:client-code:N/A:N/A,NameExpr,org.apache.ratis.server.raftlog.segmented.SegmentedRaftLogInputStream,state,C:\Users\tyin363\Documents\repos\apache__ratis\ratis-server\src\main\java\org\apache\ratis\server\raftlog\segmented\SegmentedRaftLogInputStream.java,118
CLIENT:client-code:N/A:N/A,MethodCallExpr,org.apache.ratis.server.raftlog.segmented.SegmentedRaftLogCache.LogSegmentList,size,C:\Users\tyin363\Documents\repos\apache__ratis\ratis-server\src\main\java\org\apache\ratis\server\raftlog\segmented\CacheInvalidationPolicy.java,61
CLIENT:client-code:N/A:N/A,NameExpr,org.apache.ratis.server.raftlog.segmented.SegmentedRaftLogReader,file,C:\Users\tyin363\Documents\repos\apache__ratis\ratis-server\src\main\java\org\apache\ratis\server\raftlog\segmented\SegmentedRaftLogReader.java,193
JDK:java.base:N/A:N/A,ClassOrInterfaceType,java.io.File,File,C:\Users\tyin363\Documents\repos\apache__ratis\ratis-server\src\main\java\org\apache\ratis\server\storage\RaftStorageImpl.java,145
CLIENT:client-code:N/A:N/A,MethodCallExpr,org.apache.ratis.server.impl.RaftServerImpl,getInfo,C:\Users\tyin363\Documents\repos\apache__ratis\ratis-server\src\main\java\org\apache\ratis\server\impl\FollowerState.java,138
CLIENT:client-code:N/A:N/A,NameExpr,org.apache.ratis.server.impl.PendingRequests.RequestMap,permits,C:\Users\tyin363\Documents\repos\apache__ratis\ratis-server\src\main\java\org\apache\ratis\server\impl\PendingRequests.java,150
org.apache.ratis:ratis-server-api:jar:3.1.3,FieldAccessExpr,org.apache.ratis.server.raftlog.RaftLog,LEAST_VALID_LOG_INDEX,C:\Users\tyin363\Documents\repos\apache__ratis\ratis-server\src\main\java\org\apache\ratis\server\raftlog\segmented\LogSegmentStartEnd.java,80
org.apache.ratis:ratis-common:jar:3.1.3,MethodCallExpr,org.apache.ratis.util.TimeDuration,sleep,C:\Users\tyin363\Documents\repos\apache__ratis\ratis-server\src\main\java\org\apache\ratis\server\leader\LogAppenderDefault.java,100
CLIENT:client-code:N/A:N/A,MethodCallExpr,org.apache.ratis.server.leader.LogAppenderBase,newInstallSnapshotRequests,C:\Users\tyin363\Documents\repos\apache__ratis\ratis-server\src\main\java\org\apache\ratis\server\leader\LogAppenderDefault.java,110
CLIENT:client-code:N/A:N/A,MethodCallExpr,org.apache.ratis.server.raftlog.segmented.LogSegment,hasCache,C:\Users\tyin363\Documents\repos\apache__ratis\ratis-server\src\main\java\org\apache\ratis\server\raftlog\segmented\CacheInvalidationPolicy.java,90
CLIENT:client-code:N/A:N/A,NameExpr,org.apache.ratis.server.impl.PendingRequests,pendingSetConf,C:\Users\tyin363\Documents\repos\apache__ratis\ratis-server\src\main\java\org\apache\ratis\server\impl\PendingRequests.java,250
CLIENT:client-code:N/A:N/A,MethodCallExpr,org.apache.ratis.server.raftlog.RaftLogBase,checkLogState,C:\Users\tyin363\Documents\repos\apache__ratis\ratis-server\src\main\java\org\apache\ratis\server\raftlog\memory\MemoryRaftLog.java,142
JDK:java.base:N/A:N/A,MethodCallExpr,java.util.Optional,map,C:\Users\tyin363\Documents\repos\apache__ratis\ratis-server\src\main\java\org\apache\ratis\server\impl\VoteContext.java,96
,ClassOrInterfaceType,org.apache.ratis.proto.RaftProtos.FileChunkProto,FileChunkProto,C:\Users\tyin363\Documents\repos\apache__ratis\ratis-server\src\main\java\org\apache\ratis\server\storage\FileChunkReader.java,94
org.apache.ratis:ratis-server-api:jar:3.1.3,ClassOrInterfaceType,org.apache.ratis.server.protocol.TermIndex,TermIndex,C:\Users\tyin363\Documents\repos\apache__ratis\ratis-server\src\main\java\org\apache\ratis\server\impl\PendingRequests.java,266
org.apache.ratis:ratis-server-api:jar:3.1.3,ClassOrInterfaceType,org.apache.ratis.statemachine.TransactionContext,TransactionContext,C:\Users\tyin363\Documents\repos\apache__ratis\ratis-server\src\main\java\org\apache\ratis\statemachine\impl\TransactionContextImpl.java,176
CLIENT:client-code:N/A:N/A,FieldAccessExpr,org.apache.ratis.server.impl.PendingRequests,pendingRequests,C:\Users\tyin363\Documents\repos\apache__ratis\ratis-server\src\main\java\org\apache\ratis\server\impl\PendingRequests.java,223
CLIENT:client-code:N/A:N/A,NameExpr,org.apache.ratis.server.impl.FollowerState,isRunning,C:\Users\tyin363\Documents\repos\apache__ratis\ratis-server\src\main\java\org\apache\ratis\server\impl\FollowerState.java,138
CLIENT:client-code:N/A:N/A,NameExpr,org.apache.ratis.server.raftlog.segmented.SegmentedRaftLogReader,temp,C:\Users\tyin363\Documents\repos\apache__ratis\ratis-server\src\main\java\org\apache\ratis\server\raftlog\segmented\SegmentedRaftLogReader.java,182
JDK:java.base:N/A:N/A,MethodCallExpr,java.util.Map,keySet,C:\Users\tyin363\Documents\repos\apache__ratis\ratis-server\src\main\java\org\apache\ratis\server\impl\PendingRequests.java,197
,MethodCallExpr,org.apache.ratis.proto.RaftProtos.FileChunkProto.Builder,setOffset,C:\Users\tyin363\Documents\repos\apache__ratis\ratis-server\src\main\java\org\apache\ratis\server\storage\FileChunkReader.java,94
CLIENT:client-code:N/A:N/A,NameExpr,org.apache.ratis.server.impl.VoteContext,conf,C:\Users\tyin363\Documents\repos\apache__ratis\ratis-server\src\main\java\org\apache\ratis\server\impl\VoteContext.java,56
org.apache.ratis:ratis-common:jar:3.1.3,MethodCallExpr,org.apache.ratis.protocol.RaftPeer,getPriority,C:\Users\tyin363\Documents\repos\apache__ratis\ratis-server\src\main\java\org\apache\ratis\server\impl\VoteContext.java,157
org.apache.ratis:ratis-server-api:jar:3.1.3,MethodCallExpr,org.apache.ratis.server.protocol.TermIndex,valueOf,C:\Users\tyin363\Documents\repos\apache__ratis\ratis-server\src\main\java\org\apache\ratis\server\util\ServerStringUtils.java,87
CLIENT:client-code:N/A:N/A,ClassOrInterfaceType,org.apache.ratis.server.raftlog.segmented.SegmentedRaftLogCache.LogSegmentList,LogSegmentList,C:\Users\tyin363\Documents\repos\apache__ratis\ratis-server\src\main\java\org\apache\ratis\server\raftlog\segmented\CacheInvalidationPolicy.java,45
CLIENT:client-code:N/A:N/A,ClassOrInterfaceType,org.apache.ratis.server.raftlog.RaftLog.EntryWithData,EntryWithData,C:\Users\tyin363\Documents\repos\apache__ratis\ratis-server\src\main\java\org\apache\ratis\server\raftlog\memory\MemoryRaftLog.java,111
CLIENT:client-code:N/A:N/A,ClassOrInterfaceType,org.apache.ratis.server.RaftServer.Division,Division,C:\Users\tyin363\Documents\repos\apache__ratis\ratis-server\src\main\java\org\apache\ratis\server\leader\LeaderProtoUtils.java,57
JDK:java.base:N/A:N/A,MethodCallExpr,java.lang.Thread,interrupt,C:\Users\tyin363\Documents\repos\apache__ratis\ratis-server\src\main\java\org\apache\ratis\server\impl\FollowerState.java,100
org.apache.ratis:ratis-common:jar:3.1.3,MethodCallExpr,org.apache.ratis.util.ResourceSemaphore,used,C:\Users\tyin363\Documents\repos\apache__ratis\ratis-server\src\main\java\org\apache\ratis\server\impl\PendingRequests.java,81
org.apache.ratis:ratis-server-api:jar:3.1.3,ClassOrInterfaceType,org.apache.ratis.statemachine.TransactionContext,TransactionContext,C:\Users\tyin363\Documents\repos\apache__ratis\ratis-server\src\main\java\org\apache\ratis\server\impl\PendingRequests.java,187
CLIENT:client-code:N/A:N/A,NameExpr,org.apache.ratis.server.impl.PendingRequests,pendingSetConf,C:\Users\tyin363\Documents\repos\apache__ratis\ratis-server\src\main\java\org\apache\ratis\server\impl\PendingRequests.java,251
JDK:java.base:N/A:N/A,ClassOrInterfaceType,java.lang.Long,Long,C:\Users\tyin363\Documents\repos\apache__ratis\ratis-server\src\main\java\org\apache\ratis\server\impl\WriteIndexCache.java,61
,ClassOrInterfaceType,org.apache.ratis.proto.RaftProtos.LogEntryProto,LogEntryProto,C:\Users\tyin363\Documents\repos\apache__ratis\ratis-server\src\main\java\org\apache\ratis\server\storage\RaftStorageImpl.java,159
CLIENT:client-code:N/A:N/A,ClassOrInterfaceType,org.apache.ratis.server.impl.RaftConfigurationImpl,RaftConfigurationImpl,C:\Users\tyin363\Documents\repos\apache__ratis\ratis-server\src\main\java\org\apache\ratis\server\impl\ConfigurationManager.java,82
org.apache.ratis:ratis-server-api:jar:3.1.3,MethodCallExpr,org.apache.ratis.server.DivisionInfo,getCurrentTerm,C:\Users\tyin363\Documents\repos\apache__ratis\ratis-server\src\main\java\org\apache\ratis\server\leader\LeaderProtoUtils.java,70
CLIENT:client-code:N/A:N/A,MethodCallExpr,org.apache.ratis.server.leader.LogAppenderBase,isRunning,C:\Users\tyin363\Documents\repos\apache__ratis\ratis-server\src\main\java\org\apache\ratis\server\leader\LogAppenderDefault.java,73
CLIENT:client-code:N/A:N/A,ClassOrInterfaceType,org.apache.ratis.server.storage.RaftStorage.StartupOption,StartupOption,C:\Users\tyin363\Documents\repos\apache__ratis\ratis-server\src\main\java\org\apache\ratis\server\storage\RaftStorageImpl.java,41
CLIENT:client-code:N/A:N/A,FieldAccessExpr,org.apache.ratis.server.impl.DivisionPropertiesImpl,rpcTimeoutMin,C:\Users\tyin363\Documents\repos\apache__ratis\ratis-server\src\main\java\org\apache\ratis\server\impl\DivisionPropertiesImpl.java,33
org.apache.ratis:ratis-common:jar:3.1.3,ClassOrInterfaceType,org.apache.ratis.datastream.SupportedDataStreamType,SupportedDataStreamType,C:\Users\tyin363\Documents\repos\apache__ratis\ratis-server\src\main\java\org\apache\ratis\server\impl\DataStreamServerImpl.java,38
,ClassOrInterfaceType,org.apache.ratis.proto.RaftProtos.AppendEntriesReplyProto,AppendEntriesReplyProto,C:\Users\tyin363\Documents\repos\apache__ratis\ratis-server\src\main\java\org\apache\ratis\server\leader\LogAppenderDefault.java,163
,MethodCallExpr,org.apache.ratis.proto.RaftProtos.MessageStreamRequestTypeProto,getEndOfRequest,C:\Users\tyin363\Documents\repos\apache__ratis\ratis-server\src\main\java\org\apache\ratis\server\impl\MessageStreamRequests.java,89
CLIENT:client-code:N/A:N/A,NameExpr,org.apache.ratis.server.impl.VoteContext,conf,C:\Users\tyin363\Documents\repos\apache__ratis\ratis-server\src\main\java\org\apache\ratis\server\impl\VoteContext.java,57
org.apache.ratis:ratis-common:jar:3.1.3,MethodCallExpr,org.apache.ratis.protocol.RaftClientRequest,getType,C:\Users\tyin363\Documents\repos\apache__ratis\ratis-server\src\main\java\org\apache\ratis\server\impl\MessageStreamRequests.java,88
,ClassOrInterfaceType,org.apache.ratis.proto.RaftProtos.InstallSnapshotRequestProto.SnapshotChunkProto,SnapshotChunkProto,C:\Users\tyin363\Documents\repos\apache__ratis\ratis-server\src\main\java\org\apache\ratis\server\leader\LeaderProtoUtils.java,38
JDK:java.base:N/A:N/A,ClassOrInterfaceType,java.lang.Long,Long,C:\Users\tyin363\Documents\repos\apache__ratis\ratis-server\src\main\java\org\apache\ratis\server\raftlog\memory\MemoryRaftLog.java,152
,MethodCallExpr,org.apache.ratis.proto.RaftProtos.LogEntryProto,getIndex,C:\Users\tyin363\Documents\repos\apache__ratis\ratis-server\src\main\java\org\apache\ratis\server\leader\LogAppenderDefault.java,83
JDK:java.base:N/A:N/A,ClassOrInterfaceType,java.io.InterruptedIOException,InterruptedIOException,C:\Users\tyin363\Documents\repos\apache__ratis\ratis-server\src\main\java\org\apache\ratis\server\leader\LogAppenderDefault.java,119
org.slf4j:slf4j-api:jar:2.0.7,MethodCallExpr,org.slf4j.LoggerFactory,getLogger,C:\Users\tyin363\Documents\repos\apache__ratis\ratis-server\src\main\java\org\apache\ratis\server\impl\VoteContext.java,30
CLIENT:client-code:N/A:N/A,NameExpr,org.apache.ratis.server.impl.FollowerState,outstandingOp,C:\Users\tyin363\Documents\repos\apache__ratis\ratis-server\src\main\java\org\apache\ratis\server\impl\FollowerState.java,91
org.apache.ratis:ratis-common:jar:3.1.3,ClassOrInterfaceType,org.apache.ratis.util.TimeDuration,TimeDuration,C:\Users\tyin363\Documents\repos\apache__ratis\ratis-server\src\main\java\org\apache\ratis\server\impl\DivisionPropertiesImpl.java,30
CLIENT:client-code:N/A:N/A,MethodCallExpr,org.apache.ratis.server.impl.PendingRequests.RequestMap,tryAcquire,C:\Users\tyin363\Documents\repos\apache__ratis\ratis-server\src\main\java\org\apache\ratis\server\impl\PendingRequests.java,232
JDK:java.base:N/A:N/A,MethodCallExpr,java.util.Optional,orElse,C:\Users\tyin363\Documents\repos\apache__ratis\ratis-server\src\main\java\org\apache\ratis\server\raftlog\segmented\SegmentedRaftLogReader.java,208
CLIENT:client-code:N/A:N/A,NameExpr,org.apache.ratis.server.raftlog.segmented.SegmentedRaftLogReader.LimitedInputStream,curPos,C:\Users\tyin363\Documents\repos\apache__ratis\ratis-server\src\main\java\org\apache\ratis\server\raftlog\segmented\SegmentedRaftLogReader.java,67
JDK:java.base:N/A:N/A,MethodCallExpr,java.io.FilterInputStream,reset,C:\Users\tyin363\Documents\repos\apache__ratis\ratis-server\src\main\java\org\apache\ratis\server\raftlog\segmented\SegmentedRaftLogReader.java,265
org.apache.ratis:ratis-common:jar:3.1.3,MethodCallExpr,org.apache.ratis.protocol.RaftPeer,getPriority,C:\Users\tyin363\Documents\repos\apache__ratis\ratis-server\src\main\java\org\apache\ratis\server\impl\VoteContext.java,159
CLIENT:client-code:N/A:N/A,MethodCallExpr,org.apache.ratis.server.impl.PendingRequest,setNotLeaderException,C:\Users\tyin363\Documents\repos\apache__ratis\ratis-server\src\main\java\org\apache\ratis\server\impl\PendingRequests.java,204
JDK:java.base:N/A:N/A,MethodCallExpr,java.util.Optional,ifPresent,C:\Users\tyin363\Documents\repos\apache__ratis\ratis-server\src\main\java\org\apache\ratis\server\raftlog\segmented\SegmentedRaftLogInputStream.java,159
,MethodCallExpr,org.apache.ratis.util.ResourceSemaphore.Group,get,C:\Users\tyin363\Documents\repos\apache__ratis\ratis-server\src\main\java\org\apache\ratis\server\impl\PendingRequests.java,81
JDK:java.base:N/A:N/A,MethodCallExpr,java.util.UUID,toString,C:\Users\tyin363\Documents\repos\apache__ratis\ratis-server\src\main\java\org\apache\ratis\server\leader\LogAppenderDefault.java,107
JDK:java.base:N/A:N/A,MethodCallExpr,java.util.zip.Checksum,update,C:\Users\tyin363\Documents\repos\apache__ratis\ratis-server\src\main\java\org\apache\ratis\server\raftlog\segmented\SegmentedRaftLogReader.java,321
CLIENT:client-code:N/A:N/A,MethodCallExpr,org.apache.ratis.server.impl.VoteContext,reject,C:\Users\tyin363\Documents\repos\apache__ratis\ratis-server\src\main\java\org\apache\ratis\server\impl\VoteContext.java,149
CLIENT:client-code:N/A:N/A,ClassOrInterfaceType,org.apache.ratis.server.storage.RaftStorageMetadataFileImpl,RaftStorageMetadataFileImpl,C:\Users\tyin363\Documents\repos\apache__ratis\ratis-server\src\main\java\org\apache\ratis\server\storage\RaftStorageImpl.java,181
CLIENT:client-code:N/A:N/A,NameExpr,org.apache.ratis.server.impl.PendingRequests,LOG,C:\Users\tyin363\Documents\repos\apache__ratis\ratis-server\src\main\java\org\apache\ratis\server\impl\PendingRequests.java,168
JDK:java.base:N/A:N/A,MethodCallExpr,java.util.Map,clear,C:\Users\tyin363\Documents\repos\apache__ratis\ratis-server\src\main\java\org\apache\ratis\server\impl\PendingRequests.java,191
JDK:java.base:N/A:N/A,MethodCallExpr,java.lang.Thread,interrupt,C:\Users\tyin363\Documents\repos\apache__ratis\ratis-server\src\main\java\org\apache\ratis\server\raftlog\segmented\SegmentedRaftLogReader.java,177
JDK:java.base:N/A:N/A,MethodCallExpr,java.io.File,getName,C:\Users\tyin363\Documents\repos\apache__ratis\ratis-server\src\main\java\org\apache\ratis\server\raftlog\segmented\SegmentedRaftLogInputStream.java,100
JDK:java.base:N/A:N/A,ClassOrInterfaceType,java.lang.Throwable,Throwable,C:\Users\tyin363\Documents\repos\apache__ratis\ratis-server\src\main\java\org\apache\ratis\server\storage\RaftStorageImpl.java,82
CLIENT:client-code:N/A:N/A,FieldAccessExpr,org.apache.ratis.server.impl.DivisionPropertiesImpl,rpcTimeoutMax,C:\Users\tyin363\Documents\repos\apache__ratis\ratis-server\src\main\java\org\apache\ratis\server\impl\DivisionPropertiesImpl.java,34
JDK:java.base:N/A:N/A,ObjectCreationExpr,java.util.concurrent.ConcurrentHashMap,ConcurrentHashMap,C:\Users\tyin363\Documents\repos\apache__ratis\ratis-server\src\main\java\org\apache\ratis\server\impl\MessageStreamRequests.java,65
org.apache.ratis:ratis-common:jar:3.1.3,ClassOrInterfaceType,org.apache.ratis.protocol.RaftClientRequest,RaftClientRequest,C:\Users\tyin363\Documents\repos\apache__ratis\ratis-server\src\main\java\org\apache\ratis\server\impl\MessageStreamRequests.java,87
org.apache.ratis:ratis-server-api:jar:3.1.3,MethodCallExpr,org.apache.ratis.server.storage.RaftStorageDirectory,getCurrentDir,C:\Users\tyin363\Documents\repos\apache__ratis\ratis-server\src\main\java\org\apache\ratis\server\raftlog\segmented\LogSegmentStartEnd.java,107
CLIENT:client-code:N/A:N/A,NameExpr,org.apache.ratis.server.raftlog.segmented.SegmentedRaftLogReader,temp,C:\Users\tyin363\Documents\repos\apache__ratis\ratis-server\src\main\java\org\apache\ratis\server\raftlog\segmented\SegmentedRaftLogReader.java,317
CLIENT:client-code:N/A:N/A,MethodReferenceExpr,org.apache.ratis.server.impl.LeaderStateImpl,checkLeadership,C:\Users\tyin363\Documents\repos\apache__ratis\ratis-server\src\main\java\org\apache\ratis\server\impl\VoteContext.java,96
org.apache.ratis:ratis-common:jar:3.1.3,MethodCallExpr,org.apache.ratis.protocol.RaftPeer,getPriority,C:\Users\tyin363\Documents\repos\apache__ratis\ratis-server\src\main\java\org\apache\ratis\server\impl\VoteContext.java,158
,MethodCallExpr,org.apache.ratis.proto.RaftProtos.InstallSnapshotReplyProto,getServerReply,C:\Users\tyin363\Documents\repos\apache__ratis\ratis-server\src\main\java\org\apache\ratis\server\util\ServerStringUtils.java,112
CLIENT:client-code:N/A:N/A,NameExpr,org.apache.ratis.server.impl.VoteContext,impl,C:\Users\tyin363\Documents\repos\apache__ratis\ratis-server\src\main\java\org\apache\ratis\server\impl\VoteContext.java,73
org.apache.ratis:ratis-server-api:jar:3.1.3,ClassOrInterfaceType,org.apache.ratis.server.storage.RaftStorage,RaftStorage,C:\Users\tyin363\Documents\repos\apache__ratis\ratis-server\src\main\java\org\apache\ratis\server\raftlog\segmented\LogSegmentStartEnd.java,106
CLIENT:client-code:N/A:N/A,FieldAccessExpr,org.apache.ratis.server.impl.DataStreamServerImpl,serverRpc,C:\Users\tyin363\Documents\repos\apache__ratis\ratis-server\src\main\java\org\apache\ratis\server\impl\DataStreamServerImpl.java,39
org.apache.ratis:ratis-common:jar:3.1.3,MethodCallExpr,org.apache.ratis.util.Preconditions,assertTrue,C:\Users\tyin363\Documents\repos\apache__ratis\ratis-server\src\main\java\org\apache\ratis\server\raftlog\memory\MemoryRaftLog.java,144
org.apache.ratis:ratis-common:jar:3.1.3,MethodCallExpr,org.apache.ratis.util.Timestamp,currentTime,C:\Users\tyin363\Documents\repos\apache__ratis\ratis-server\src\main\java\org\apache\ratis\server\impl\FollowerState.java,78
JDK:java.base:N/A:N/A,ClassOrInterfaceType,java.io.IOException,IOException,C:\Users\tyin363\Documents\repos\apache__ratis\ratis-server\src\main\java\org\apache\ratis\server\raftlog\segmented\SegmentedRaftLogReader.java,136
CLIENT:client-code:N/A:N/A,ClassOrInterfaceType,org.apache.ratis.server.RaftServerConfigKeys.Log.CorruptionPolicy,CorruptionPolicy,C:\Users\tyin363\Documents\repos\apache__ratis\ratis-server\src\main\java\org\apache\ratis\server\storage\RaftStorageImpl.java,42
JDK:java.base:N/A:N/A,ClassOrInterfaceType,java.util.Collection,Collection,C:\Users\tyin363\Documents\repos\apache__ratis\ratis-server\src\main\java\org\apache\ratis\server\DisabledDataStreamServerFactory.java,46
org.apache.ratis:ratis-common:jar:3.1.3,ClassOrInterfaceType,org.apache.ratis.util.Daemon,Daemon,C:\Users\tyin363\Documents\repos\apache__ratis\ratis-server\src\main\java\org\apache\ratis\server\impl\FollowerState.java,37
CLIENT:client-code:N/A:N/A,MethodCallExpr,org.apache.ratis.server.impl.RaftServerImpl,getLeaderStepDownWaitTime,C:\Users\tyin363\Documents\repos\apache__ratis\ratis-server\src\main\java\org\apache\ratis\server\impl\FollowerState.java,109
JDK:java.base:N/A:N/A,ClassOrInterfaceType,java.util.List,List,C:\Users\tyin363\Documents\repos\apache__ratis\ratis-server\src\main\java\org\apache\ratis\server\raftlog\segmented\CacheInvalidationPolicy.java,44
JDK:java.base:N/A:N/A,ClassOrInterfaceType,java.io.File,File,C:\Users\tyin363\Documents\repos\apache__ratis\ratis-server\src\main\java\org\apache\ratis\server\storage\FileChunkReader.java,57
JDK:java.base:N/A:N/A,ClassOrInterfaceType,java.util.Comparator,Comparator,C:\Users\tyin363\Documents\repos\apache__ratis\ratis-server\src\main\java\org\apache\ratis\server\leader\LogAppenderDefault.java,54
org.apache.ratis:ratis-server-api:jar:3.1.3,ClassOrInterfaceType,org.apache.ratis.statemachine.StateMachine,StateMachine,C:\Users\tyin363\Documents\repos\apache__ratis\ratis-server\src\main\java\org\apache\ratis\statemachine\impl\TransactionContextImpl.java,43
CLIENT:client-code:N/A:N/A,MethodCallExpr,org.apache.ratis.server.impl.PendingRequests,roundUpMb,C:\Users\tyin363\Documents\repos\apache__ratis\ratis-server\src\main\java\org\apache\ratis\server\impl\PendingRequests.java,181
CLIENT:client-code:N/A:N/A,ObjectCreationExpr,org.apache.ratis.server.raftlog.segmented.SegmentedRaftLogReader,SegmentedRaftLogReader,C:\Users\tyin363\Documents\repos\apache__ratis\ratis-server\src\main\java\org\apache\ratis\server\raftlog\segmented\SegmentedRaftLogInputStream.java,86
CLIENT:client-code:N/A:N/A,MethodCallExpr,org.apache.ratis.server.raftlog.segmented.SegmentedRaftLogReader.LimitedInputStream,setLimit,C:\Users\tyin363\Documents\repos\apache__ratis\ratis-server\src\main\java\org\apache\ratis\server\raftlog\segmented\SegmentedRaftLogReader.java,285
CLIENT:client-code:N/A:N/A,NameExpr,org.apache.ratis.server.raftlog.segmented.SegmentedRaftLogInputStream,state,C:\Users\tyin363\Documents\repos\apache__ratis\ratis-server\src\main\java\org\apache\ratis\server\raftlog\segmented\SegmentedRaftLogInputStream.java,94
org.slf4j:slf4j-api:jar:2.0.7,MethodCallExpr,org.slf4j.Logger,trace,C:\Users\tyin363\Documents\repos\apache__ratis\ratis-server\src\main\java\org\apache\ratis\server\leader\LogAppenderDefault.java,212
org.apache.ratis:ratis-common:jar:3.1.3,MethodCallExpr,org.apache.ratis.util.ResourceSemaphore,used,C:\Users\tyin363\Documents\repos\apache__ratis\ratis-server\src\main\java\org\apache\ratis\server\impl\PendingRequests.java,77
,MethodCallExpr,org.apache.ratis.proto.RaftProtos.AppendEntriesRequestProto,getEntriesCount,C:\Users\tyin363\Documents\repos\apache__ratis\ratis-server\src\main\java\org\apache\ratis\server\leader\LogAppenderDefault.java,66
JDK:java.base:N/A:N/A,MethodCallExpr,java.lang.Object,getClass,C:\Users\tyin363\Documents\repos\apache__ratis\ratis-server\src\main\java\org\apache\ratis\server\storage\RaftStorageImpl.java,170
org.apache.ratis:ratis-common:jar:3.1.3,MethodCallExpr,org.apache.ratis.util.OpenCloseState,isUnopened,C:\Users\tyin363\Documents\repos\apache__ratis\ratis-server\src\main\java\org\apache\ratis\server\raftlog\segmented\SegmentedRaftLogInputStream.java,104
,MethodCallExpr,org.apache.ratis.proto.RaftProtos.InstallSnapshotRequestProto,getSnapshotChunk,C:\Users\tyin363\Documents\repos\apache__ratis\ratis-server\src\main\java\org\apache\ratis\server\util\ServerStringUtils.java,82
CLIENT:client-code:N/A:N/A,NameExpr,org.apache.ratis.server.impl.PendingRequests,pendingSetConf,C:\Users\tyin363\Documents\repos\apache__ratis\ratis-server\src\main\java\org\apache\ratis\server\impl\PendingRequests.java,255
CLIENT:client-code:N/A:N/A,ClassOrInterfaceType,org.apache.ratis.server.impl.DataStreamMapImpl,DataStreamMapImpl,C:\Users\tyin363\Documents\repos\apache__ratis\ratis-server\src\main\java\org\apache\ratis\server\impl\DataStreamMapImpl.java,33
,MethodCallExpr,org.apache.ratis.proto.RaftProtos.InstallSnapshotRequestProto.Builder,build,C:\Users\tyin363\Documents\repos\apache__ratis\ratis-server\src\main\java\org\apache\ratis\server\leader\LeaderProtoUtils.java,51
CLIENT:client-code:N/A:N/A,NameExpr,org.apache.ratis.server.impl.PendingRequests.RequestMap,resource,C:\Users\tyin363\Documents\repos\apache__ratis\ratis-server\src\main\java\org\apache\ratis\server\impl\PendingRequests.java,190
org.apache.ratis:ratis-thirdparty-misc:jar:1.0.9,MethodCallExpr,org.apache.ratis.thirdparty.com.google.common.cache.Cache,getIfPresent,C:\Users\tyin363\Documents\repos\apache__ratis\ratis-server\src\main\java\org\apache\ratis\server\impl\WriteIndexCache.java,61
org.apache.ratis:ratis-server-api:jar:3.1.3,MethodCallExpr,org.apache.ratis.server.storage.RaftStorageMetadata,getDefault,C:\Users\tyin363\Documents\repos\apache__ratis\ratis-server\src\main\java\org\apache\ratis\server\storage\RaftStorageImpl.java,97
org.apache.ratis:ratis-server-api:jar:3.1.3,ClassOrInterfaceType,org.apache.ratis.server.storage.RaftStorage,RaftStorage,C:\Users\tyin363\Documents\repos\apache__ratis\ratis-server\src\main\java\org\apache\ratis\server\storage\RaftStorageImpl.java,39
org.apache.ratis:ratis-server-api:jar:3.1.3,MethodCallExpr,org.apache.ratis.server.leader.FollowerInfo,setSnapshotIndex,C:\Users\tyin363\Documents\repos\apache__ratis\ratis-server\src\main\java\org\apache\ratis\server\leader\LogAppenderDefault.java,128
JDK:java.base:N/A:N/A,MethodCallExpr,java.util.List,get,C:\Users\tyin363\Documents\repos\apache__ratis\ratis-server\src\main\java\org\apache\ratis\statemachine\impl\SingleFileSnapshotInfo.java,41
org.apache.ratis:ratis-server-api:jar:3.1.3,MethodCallExpr,org.apache.ratis.server.storage.FileInfo,getFileDigest,C:\Users\tyin363\Documents\repos\apache__ratis\ratis-server\src\main\java\org\apache\ratis\server\storage\FileChunkReader.java,91
CLIENT:client-code:N/A:N/A,NameExpr,org.apache.ratis.server.storage.RaftStorageImpl,state,C:\Users\tyin363\Documents\repos\apache__ratis\ratis-server\src\main\java\org\apache\ratis\server\storage\RaftStorageImpl.java,88
JDK:java.base:N/A:N/A,ObjectCreationExpr,java.lang.IllegalArgumentException,IllegalArgumentException,C:\Users\tyin363\Documents\repos\apache__ratis\ratis-server\src\main\java\org\apache\ratis\server\leader\LogAppenderDefault.java,205
CLIENT:client-code:N/A:N/A,NameExpr,org.apache.ratis.server.impl.PendingRequests,pendingSetConf,C:\Users\tyin363\Documents\repos\apache__ratis\ratis-server\src\main\java\org\apache\ratis\server\impl\PendingRequests.java,256
CLIENT:client-code:N/A:N/A,MethodCallExpr,org.apache.ratis.server.raftlog.segmented.LogSegment,getEndIndex,C:\Users\tyin363\Documents\repos\apache__ratis\ratis-server\src\main\java\org\apache\ratis\server\raftlog\segmented\CacheInvalidationPolicy.java,106
,ClassOrInterfaceType,org.apache.ratis.proto.RaftProtos.AppendEntriesReplyProto,AppendEntriesReplyProto,C:\Users\tyin363\Documents\repos\apache__ratis\ratis-server\src\main\java\org\apache\ratis\server\util\ServerStringUtils.java,63
CLIENT:client-code:N/A:N/A,ClassOrInterfaceType,org.apache.ratis.server.impl.PendingRequests.Permit,Permit,C:\Users\tyin363\Documents\repos\apache__ratis\ratis-server\src\main\java\org\apache\ratis\server\impl\PendingRequests.java,104
org.apache.ratis:ratis-common:jar:3.1.3,MethodCallExpr,org.apache.ratis.protocol.RaftClientMessage,getClientId,C:\Users\tyin363\Documents\repos\apache__ratis\ratis-server\src\main\java\org\apache\ratis\server\impl\MessageStreamRequests.java,98
CLIENT:client-code:N/A:N/A,ClassOrInterfaceType,org.apache.ratis.server.storage.RaftStorage.StartupOption,StartupOption,C:\Users\tyin363\Documents\repos\apache__ratis\ratis-server\src\main\java\org\apache\ratis\server\storage\RaftStorageImpl.java,46
CLIENT:client-code:N/A:N/A,NameExpr,org.apache.ratis.server.impl.PendingRequests.RequestMap,permits,C:\Users\tyin363\Documents\repos\apache__ratis\ratis-server\src\main\java\org\apache\ratis\server\impl\PendingRequests.java,156
,MethodCallExpr,org.apache.ratis.proto.RaftProtos.InstallSnapshotRequestProto.Builder,setLeaderTerm,C:\Users\tyin363\Documents\repos\apache__ratis\ratis-server\src\main\java\org\apache\ratis\server\leader\LeaderProtoUtils.java,68
JDK:java.base:N/A:N/A,ClassOrInterfaceType,java.io.File,File,C:\Users\tyin363\Documents\repos\apache__ratis\ratis-server\src\main\java\org\apache\ratis\server\raftlog\segmented\SegmentedRaftLogInputStream.java,176
JDK:java.base:N/A:N/A,ClassOrInterfaceType,java.util.concurrent.atomic.AtomicInteger,AtomicInteger,C:\Users\tyin363\Documents\repos\apache__ratis\ratis-server\src\main\java\org\apache\ratis\server\impl\FollowerState.java,67
JDK:java.base:N/A:N/A,MethodCallExpr,java.util.concurrent.atomic.AtomicInteger,get,C:\Users\tyin363\Documents\repos\apache__ratis\ratis-server\src\main\java\org\apache\ratis\server\impl\FollowerState.java,91
CLIENT:client-code:N/A:N/A,NameExpr,org.apache.ratis.server.impl.MessageStreamRequests.StreamMap,map,C:\Users\tyin363\Documents\repos\apache__ratis\ratis-server\src\main\java\org\apache\ratis\server\impl\MessageStreamRequests.java,76
,ClassOrInterfaceType,org.apache.ratis.proto.RaftProtos.MessageStreamRequestTypeProto,MessageStreamRequestTypeProto,C:\Users\tyin363\Documents\repos\apache__ratis\ratis-server\src\main\java\org\apache\ratis\server\impl\MessageStreamRequests.java,88
CLIENT:client-code:N/A:N/A,ClassOrInterfaceType,org.apache.ratis.server.raftlog.segmented.SegmentedRaftLogCache.LogSegmentList,LogSegmentList,C:\Users\tyin363\Documents\repos\apache__ratis\ratis-server\src\main\java\org\apache\ratis\server\raftlog\segmented\CacheInvalidationPolicy.java,51
CLIENT:client-code:N/A:N/A,NameExpr,org.apache.ratis.server.storage.RaftStorageImpl.MetaFile,ref,C:\Users\tyin363\Documents\repos\apache__ratis\ratis-server\src\main\java\org\apache\ratis\server\storage\RaftStorageImpl.java,182
,NameExpr,org.apache.ratis.statemachine.impl.TransactionContextImpl,stateMachineLogEntry,C:\Users\tyin363\Documents\repos\apache__ratis\ratis-server\src\main\java\org\apache\ratis\statemachine\impl\TransactionContextImpl.java,131
org.apache.ratis:ratis-server-api:jar:3.1.3,ClassOrInterfaceType,org.apache.ratis.server.storage.RaftStorageMetadataFile,RaftStorageMetadataFile,C:\Users\tyin363\Documents\repos\apache__ratis\ratis-server\src\main\java\org\apache\ratis\server\storage\RaftStorageImpl.java,140
org.apache.ratis:ratis-common:jar:3.1.3,ClassOrInterfaceType,org.apache.ratis.protocol.ClientInvocationId,ClientInvocationId,C:\Users\tyin363\Documents\repos\apache__ratis\ratis-server\src\main\java\org\apache\ratis\server\impl\MessageStreamRequests.java,39
CLIENT:client-code:N/A:N/A,ClassOrInterfaceType,org.apache.ratis.server.impl.PendingRequests.Permit,Permit,C:\Users\tyin363\Documents\repos\apache__ratis\ratis-server\src\main\java\org\apache\ratis\server\impl\PendingRequests.java,235
JDK:java.base:N/A:N/A,ClassOrInterfaceType,java.util.concurrent.CompletableFuture,CompletableFuture,C:\Users\tyin363\Documents\repos\apache__ratis\ratis-server\src\main\java\org\apache\ratis\server\impl\WriteIndexCache.java,34
,ClassOrInterfaceType,org.apache.ratis.proto.RaftProtos.InstallSnapshotRequestProto,InstallSnapshotRequestProto,C:\Users\tyin363\Documents\repos\apache__ratis\ratis-server\src\main\java\org\apache\ratis\server\leader\LogAppenderDefault.java,110
CLIENT:client-code:N/A:N/A,NameExpr,org.apache.ratis.server.raftlog.memory.MemoryRaftLog,entries,C:\Users\tyin363\Documents\repos\apache__ratis\ratis-server\src\main\java\org\apache\ratis\server\raftlog\memory\MemoryRaftLog.java,180
org.apache.ratis:ratis-server-api:jar:3.1.3,ClassOrInterfaceType,org.apache.ratis.server.protocol.TermIndex,TermIndex,C:\Users\tyin363\Documents\repos\apache__ratis\ratis-server\src\main\java\org\apache\ratis\server\impl\PendingRequests.java,273
CLIENT:client-code:N/A:N/A,MethodCallExpr,org.apache.ratis.server.leader.LogAppenderBase,getFollower,C:\Users\tyin363\Documents\repos\apache__ratis\ratis-server\src\main\java\org\apache\ratis\server\leader\LogAppenderDefault.java,154
org.apache.ratis:ratis-common:jar:3.1.3,ClassOrInterfaceType,org.apache.ratis.protocol.RaftGroupMemberId,RaftGroupMemberId,C:\Users\tyin363\Documents\repos\apache__ratis\ratis-server\src\main\java\org\apache\ratis\server\impl\PendingRequests.java,221
org.apache.ratis:ratis-common:jar:3.1.3,MethodCallExpr,org.apache.ratis.util.Preconditions,assertTrue,C:\Users\tyin363\Documents\repos\apache__ratis\ratis-server\src\main\java\org\apache\ratis\server\impl\PendingRequests.java,241
JDK:java.base:N/A:N/A,ClassOrInterfaceType,java.lang.String,String,C:\Users\tyin363\Documents\repos\apache__ratis\ratis-server\src\main\java\org\apache\ratis\server\util\ServerStringUtils.java,130
JDK:java.base:N/A:N/A,ClassOrInterfaceType,java.util.List,List,C:\Users\tyin363\Documents\repos\apache__ratis\ratis-server\src\main\java\org\apache\ratis\statemachine\impl\FileListSnapshotInfo.java,53
CLIENT:client-code:N/A:N/A,MethodCallExpr,org.apache.ratis.server.raftlog.segmented.SegmentedRaftLogReader,decodeEntry,C:\Users\tyin363\Documents\repos\apache__ratis\ratis-server\src\main\java\org\apache\ratis\server\raftlog\segmented\SegmentedRaftLogReader.java,212
JDK:java.base:N/A:N/A,ClassOrInterfaceType,java.lang.String,String,C:\Users\tyin363\Documents\repos\apache__ratis\ratis-server\src\main\java\org\apache\ratis\server\leader\LogAppenderDefault.java,107
org.slf4j:slf4j-api:jar:2.0.7,MethodCallExpr,org.slf4j.Logger,trace,C:\Users\tyin363\Documents\repos\apache__ratis\ratis-server\src\main\java\org\apache\ratis\server\impl\FollowerState.java,82
CLIENT:client-code:N/A:N/A,NameExpr,org.apache.ratis.server.raftlog.memory.MemoryRaftLog,metadata,C:\Users\tyin363\Documents\repos\apache__ratis\ratis-server\src\main\java\org\apache\ratis\server\raftlog\memory\MemoryRaftLog.java,240
CLIENT:client-code:N/A:N/A,ClassOrInterfaceType,org.apache.ratis.server.RaftServer.Division,Division,C:\Users\tyin363\Documents\repos\apache__ratis\ratis-server\src\main\java\org\apache\ratis\server\leader\LeaderProtoUtils.java,64
CLIENT:client-code:N/A:N/A,NameExpr,org.apache.ratis.server.impl.FollowerState,outstandingOp,C:\Users\tyin363\Documents\repos\apache__ratis\ratis-server\src\main\java\org\apache\ratis\server\impl\FollowerState.java,80
CLIENT:client-code:N/A:N/A,MethodCallExpr,org.apache.ratis.server.raftlog.segmented.LogSegmentStartEnd,getFile,C:\Users\tyin363\Documents\repos\apache__ratis\ratis-server\src\main\java\org\apache\ratis\server\raftlog\segmented\LogSegmentStartEnd.java,107
,FieldAccessExpr,org.apache.ratis.statemachine.impl.TransactionContextImpl,shouldCommit,C:\Users\tyin363\Documents\repos\apache__ratis\ratis-server\src\main\java\org\apache\ratis\statemachine\impl\TransactionContextImpl.java,177
,MethodCallExpr,org.apache.ratis.util.ResourceSemaphore.Group,release,C:\Users\tyin363\Documents\repos\apache__ratis\ratis-server\src\main\java\org\apache\ratis\server\impl\PendingRequests.java,94
CLIENT:client-code:N/A:N/A,ClassOrInterfaceType,org.apache.ratis.server.impl.LeaderStateImpl,LeaderStateImpl,C:\Users\tyin363\Documents\repos\apache__ratis\ratis-server\src\main\java\org\apache\ratis\server\impl\VoteContext.java,96
CLIENT:client-code:N/A:N/A,MethodCallExpr,org.apache.ratis.server.storage.RaftStorageDirectoryImpl,getMetaFile,C:\Users\tyin363\Documents\repos\apache__ratis\ratis-server\src\main\java\org\apache\ratis\server\storage\RaftStorageImpl.java,113
CLIENT:client-code:N/A:N/A,MethodCallExpr,org.apache.ratis.server.raftlog.segmented.LogSegment,hasCache,C:\Users\tyin363\Documents\repos\apache__ratis\ratis-server\src\main\java\org\apache\ratis\server\raftlog\segmented\CacheInvalidationPolicy.java,81
,MethodCallExpr,org.apache.ratis.proto.RaftProtos.InstallSnapshotRequestProto.NotificationProto,newBuilder,C:\Users\tyin363\Documents\repos\apache__ratis\ratis-server\src\main\java\org\apache\ratis\server\leader\LeaderProtoUtils.java,59
CLIENT:client-code:N/A:N/A,MethodCallExpr,org.apache.ratis.server.raftlog.RaftLogBase,readLock,C:\Users\tyin363\Documents\repos\apache__ratis\ratis-server\src\main\java\org\apache\ratis\server\raftlog\memory\MemoryRaftLog.java,118
CLIENT:client-code:N/A:N/A,NameExpr,org.apache.ratis.server.raftlog.segmented.LogSegmentStartEnd,IN_PROGRESS,C:\Users\tyin363\Documents\repos\apache__ratis\ratis-server\src\main\java\org\apache\ratis\server\raftlog\segmented\LogSegmentStartEnd.java,42
CLIENT:client-code:N/A:N/A,MethodCallExpr,org.apache.ratis.server.RaftServer.Division,properties,C:\Users\tyin363\Documents\repos\apache__ratis\ratis-server\src\main\java\org\apache\ratis\server\leader\LogAppenderDefault.java,100
CLIENT:client-code:N/A:N/A,MethodCallExpr,org.apache.ratis.server.leader.LogAppenderBase,isRunning,C:\Users\tyin363\Documents\repos\apache__ratis\ratis-server\src\main\java\org\apache\ratis\server\leader\LogAppenderDefault.java,64
org.apache.ratis:ratis-metrics-api:jar:3.1.3,MethodCallExpr,org.apache.ratis.metrics.RatisMetrics,getRegistry,C:\Users\tyin363\Documents\repos\apache__ratis\ratis-server\src\main\java\org\apache\ratis\server\metrics\RaftLogMetricsBase.java,39
org.apache.ratis:ratis-server-api:jar:3.1.3,MethodCallExpr,org.apache.ratis.server.leader.LeaderState,onAppendEntriesReply,C:\Users\tyin363\Documents\repos\apache__ratis\ratis-server\src\main\java\org\apache\ratis\server\leader\LogAppenderDefault.java,207
JDK:java.base:N/A:N/A,ClassOrInterfaceType,java.util.ArrayList,ArrayList,C:\Users\tyin363\Documents\repos\apache__ratis\ratis-server\src\main\java\org\apache\ratis\server\raftlog\memory\MemoryRaftLog.java,210
CLIENT:client-code:N/A:N/A,NameExpr,org.apache.ratis.server.impl.ConfigurationManager,configurations,C:\Users\tyin363\Documents\repos\apache__ratis\ratis-server\src\main\java\org\apache\ratis\server\impl\ConfigurationManager.java,107
JDK:java.base:N/A:N/A,ClassOrInterfaceType,java.io.IOException,IOException,C:\Users\tyin363\Documents\repos\apache__ratis\ratis-server\src\main\java\org\apache\ratis\server\storage\RaftStorageImpl.java,75
JDK:java.base:N/A:N/A,MethodCallExpr,java.util.concurrent.CompletableFuture,completedFuture,C:\Users\tyin363\Documents\repos\apache__ratis\ratis-server\src\main\java\org\apache\ratis\server\raftlog\memory\MemoryRaftLog.java,175
org.apache.ratis:ratis-server-api:jar:3.1.3,MethodCallExpr,org.apache.ratis.server.DivisionInfo,isLeader,C:\Users\tyin363\Documents\repos\apache__ratis\ratis-server\src\main\java\org\apache\ratis\server\impl\VoteContext.java,95
,MethodCallExpr,org.apache.ratis.proto.RaftProtos.InstallSnapshotRequestProto.SnapshotChunkProto.Builder,setRequestIndex,C:\Users\tyin363\Documents\repos\apache__ratis\ratis-server\src\main\java\org\apache\ratis\server\leader\LeaderProtoUtils.java,40
JDK:java.base:N/A:N/A,ClassOrInterfaceType,java.io.IOException,IOException,C:\Users\tyin363\Documents\repos\apache__ratis\ratis-server\src\main\java\org\apache\ratis\server\raftlog\segmented\SegmentedRaftLogReader.java,133
,MethodCallExpr,org.apache.ratis.proto.RaftProtos.LogEntryProto,getIndex,C:\Users\tyin363\Documents\repos\apache__ratis\ratis-server\src\main\java\org\apache\ratis\server\raftlog\memory\MemoryRaftLog.java,198
org.apache.ratis:ratis-server-api:jar:3.1.3,FieldAccessExpr,org.apache.ratis.server.raftlog.RaftLog,INVALID_LOG_INDEX,C:\Users\tyin363\Documents\repos\apache__ratis\ratis-server\src\main\java\org\apache\ratis\server\raftlog\segmented\SegmentedRaftLogReader.java,240
org.apache.ratis:ratis-server-api:jar:3.1.3,ClassOrInterfaceType,org.apache.ratis.statemachine.TransactionContext,TransactionContext,C:\Users\tyin363\Documents\repos\apache__ratis\ratis-server\src\main\java\org\apache\ratis\server\impl\PendingRequests.java,195
CLIENT:client-code:N/A:N/A,ObjectCreationExpr,org.apache.ratis.server.storage.RaftStorageDirectoryImpl,RaftStorageDirectoryImpl,C:\Users\tyin363\Documents\repos\apache__ratis\ratis-server\src\main\java\org\apache\ratis\server\storage\RaftStorageImpl.java,49
org.apache.ratis:ratis-server-api:jar:3.1.3,MethodCallExpr,org.apache.ratis.server.DataStreamServerFactory,newDataStreamServerRpc,C:\Users\tyin363\Documents\repos\apache__ratis\ratis-server\src\main\java\org\apache\ratis\server\impl\DataStreamServerImpl.java,39
JDK:java.base:N/A:N/A,MethodCallExpr,java.util.Map,remove,C:\Users\tyin363\Documents\repos\apache__ratis\ratis-server\src\main\java\org\apache\ratis\server\impl\MessageStreamRequests.java,72
,ClassOrInterfaceType,org.apache.ratis.proto.RaftProtos.InstallSnapshotRequestProto.SnapshotChunkProto,SnapshotChunkProto,C:\Users\tyin363\Documents\repos\apache__ratis\ratis-server\src\main\java\org\apache\ratis\server\util\ServerStringUtils.java,82
org.apache.ratis:ratis-server-api:jar:3.1.3,MethodCallExpr,org.apache.ratis.server.raftlog.LogEntryHeader,getLogEntryBodyCase,C:\Users\tyin363\Documents\repos\apache__ratis\ratis-server\src\main\java\org\apache\ratis\server\metrics\RaftLogMetricsBase.java,53
,ClassOrInterfaceType,org.apache.ratis.proto.RaftProtos.RaftPeerRole,RaftPeerRole,C:\Users\tyin363\Documents\repos\apache__ratis\ratis-server\src\main\java\org\apache\ratis\statemachine\impl\TransactionContextImpl.java,77
org.apache.ratis:ratis-server-api:jar:3.1.3,MethodCallExpr,org.apache.ratis.server.protocol.RaftServerProtocol,appendEntries,C:\Users\tyin363\Documents\repos\apache__ratis\ratis-server\src\main\java\org\apache\ratis\server\leader\LogAppenderDefault.java,82
JDK:java.base:N/A:N/A,MethodCallExpr,java.util.List,get,C:\Users\tyin363\Documents\repos\apache__ratis\ratis-server\src\main\java\org\apache\ratis\server\raftlog\memory\MemoryRaftLog.java,48
,MethodCallExpr,org.apache.ratis.proto.RaftProtos.MessageStreamRequestTypeProto,getEndOfRequest,C:\Users\tyin363\Documents\repos\apache__ratis\ratis-server\src\main\java\org\apache\ratis\server\impl\MessageStreamRequests.java,97
,ClassOrInterfaceType,org.apache.ratis.proto.RaftProtos.InstallSnapshotRequestProto.SnapshotChunkProto,SnapshotChunkProto,C:\Users\tyin363\Documents\repos\apache__ratis\ratis-server\src\main\java\org\apache\ratis\server\leader\LeaderProtoUtils.java,50
JDK:java.base:N/A:N/A,ClassOrInterfaceType,java.util.ArrayList,ArrayList,C:\Users\tyin363\Documents\repos\apache__ratis\ratis-server\src\main\java\org\apache\ratis\statemachine\impl\FileListSnapshotInfo.java,40
,NameExpr,org.apache.ratis.statemachine.impl.TransactionContextImpl,serverRole,C:\Users\tyin363\Documents\repos\apache__ratis\ratis-server\src\main\java\org\apache\ratis\statemachine\impl\TransactionContextImpl.java,152
CLIENT:client-code:N/A:N/A,ClassOrInterfaceType,org.apache.ratis.server.impl.PendingRequest,PendingRequest,C:\Users\tyin363\Documents\repos\apache__ratis\ratis-server\src\main\java\org\apache\ratis\server\impl\PendingRequests.java,202
CLIENT:client-code:N/A:N/A,ClassOrInterfaceType,org.apache.ratis.server.impl.RaftConfigurationImpl,RaftConfigurationImpl,C:\Users\tyin363\Documents\repos\apache__ratis\ratis-server\src\main\java\org\apache\ratis\server\impl\ConfigurationManager.java,75
,ClassOrInterfaceType,org.apache.ratis.proto.RaftProtos.FileChunkProto,FileChunkProto,C:\Users\tyin363\Documents\repos\apache__ratis\ratis-server\src\main\java\org\apache\ratis\server\leader\LeaderProtoUtils.java,39
org.apache.ratis:ratis-common:jar:3.1.3,MethodCallExpr,org.apache.ratis.util.Preconditions,assertTrue,C:\Users\tyin363\Documents\repos\apache__ratis\ratis-server\src\main\java\org\apache\ratis\server\raftlog\memory\MemoryRaftLog.java,154
CLIENT:client-code:N/A:N/A,NameExpr,org.apache.ratis.server.raftlog.segmented.SegmentedRaftLogReader,temp,C:\Users\tyin363\Documents\repos\apache__ratis\ratis-server\src\main\java\org\apache\ratis\server\raftlog\segmented\SegmentedRaftLogReader.java,175
CLIENT:client-code:N/A:N/A,MethodCallExpr,org.apache.ratis.server.impl.RaftServerImpl,getSleepDeviationThreshold,C:\Users\tyin363\Documents\repos\apache__ratis\ratis-server\src\main\java\org\apache\ratis\server\impl\FollowerState.java,145
org.apache.ratis:ratis-server-api:jar:3.1.3,ClassOrInterfaceType,org.apache.ratis.server.raftlog.LogEntryHeader,LogEntryHeader,C:\Users\tyin363\Documents\repos\apache__ratis\ratis-server\src\main\java\org\apache\ratis\server\metrics\RaftLogMetricsBase.java,52
CLIENT:client-code:N/A:N/A,ClassOrInterfaceType,org.apache.ratis.server.storage.RaftStorageMetadataFileImpl,RaftStorageMetadataFileImpl,C:\Users\tyin363\Documents\repos\apache__ratis\ratis-server\src\main\java\org\apache\ratis\server\storage\RaftStorageImpl.java,174
CLIENT:client-code:N/A:N/A,NameExpr,org.apache.ratis.server.raftlog.memory.MemoryRaftLog,metadata,C:\Users\tyin363\Documents\repos\apache__ratis\ratis-server\src\main\java\org\apache\ratis\server\raftlog\memory\MemoryRaftLog.java,235
CLIENT:client-code:N/A:N/A,NameExpr,org.apache.ratis.server.storage.RaftStorageImpl,storageDir,C:\Users\tyin363\Documents\repos\apache__ratis\ratis-server\src\main\java\org\apache\ratis\server\storage\RaftStorageImpl.java,154
CLIENT:client-code:N/A:N/A,MethodCallExpr,org.apache.ratis.server.raftlog.segmented.SegmentedRaftLogInputStream,getName,C:\Users\tyin363\Documents\repos\apache__ratis\ratis-server\src\main\java\org\apache\ratis\server\raftlog\segmented\SegmentedRaftLogInputStream.java,165
JDK:java.base:N/A:N/A,ObjectCreationExpr,java.io.FileNotFoundException,FileNotFoundException,C:\Users\tyin363\Documents\repos\apache__ratis\ratis-server\src\main\java\org\apache\ratis\server\storage\RaftStorageImpl.java,115
CLIENT:client-code:N/A:N/A,NameExpr,org.apache.ratis.server.impl.PendingRequests,pendingSetConf,C:\Users\tyin363\Documents\repos\apache__ratis\ratis-server\src\main\java\org\apache\ratis\server\impl\PendingRequests.java,261
org.apache.ratis:ratis-common:jar:3.1.3,ClassOrInterfaceType,org.apache.ratis.protocol.ClientInvocationId,ClientInvocationId,C:\Users\tyin363\Documents\repos\apache__ratis\ratis-server\src\main\java\org\apache\ratis\server\impl\MessageStreamRequests.java,43
CLIENT:client-code:N/A:N/A,MethodCallExpr,org.apache.ratis.server.raftlog.LogProtoUtils,toLogEntryProto,C:\Users\tyin363\Documents\repos\apache__ratis\ratis-server\src\main\java\org\apache\ratis\server\leader\LeaderProtoUtils.java,67
org.apache.ratis:ratis-common:jar:3.1.3,ClassOrInterfaceType,org.apache.ratis.protocol.ClientId,ClientId,C:\Users\tyin363\Documents\repos\apache__ratis\ratis-server\src\main\java\org\apache\ratis\server\impl\WriteIndexCache.java,34
org.apache.ratis:ratis-server-api:jar:3.1.3,ClassOrInterfaceType,org.apache.ratis.server.protocol.TermIndex,TermIndex,C:\Users\tyin363\Documents\repos\apache__ratis\ratis-server\src\main\java\org\apache\ratis\server\raftlog\memory\MemoryRaftLog.java,161
,MethodCallExpr,org.apache.ratis.proto.RaftProtos.AppendEntriesRequestProto,getEntriesCount,C:\Users\tyin363\Documents\repos\apache__ratis\ratis-server\src\main\java\org\apache\ratis\server\leader\LogAppenderDefault.java,80
CLIENT:client-code:N/A:N/A,MethodCallExpr,org.apache.ratis.server.storage.RaftStorageDirectoryImpl,getRoot,C:\Users\tyin363\Documents\repos\apache__ratis\ratis-server\src\main\java\org\apache\ratis\server\storage\RaftStorageImpl.java,98
JDK:java.base:N/A:N/A,MethodCallExpr,java.util.Collections,unmodifiableList,C:\Users\tyin363\Documents\repos\apache__ratis\ratis-server\src\main\java\org\apache\ratis\statemachine\impl\FileListSnapshotInfo.java,40
CLIENT:client-code:N/A:N/A,FieldAccessExpr,org.apache.ratis.server.raftlog.segmented.LogSegmentStartEnd,startIndex,C:\Users\tyin363\Documents\repos\apache__ratis\ratis-server\src\main\java\org\apache\ratis\server\raftlog\segmented\LogSegmentStartEnd.java,77
CLIENT:client-code:N/A:N/A,MethodCallExpr,org.apache.ratis.server.impl.FollowerState,runImpl,C:\Users\tyin363\Documents\repos\apache__ratis\ratis-server\src\main\java\org\apache\ratis\server\impl\FollowerState.java,130
CLIENT:client-code:N/A:N/A,NameExpr,org.apache.ratis.server.raftlog.segmented.SegmentedRaftLogReader,limiter,C:\Users\tyin363\Documents\repos\apache__ratis\ratis-server\src\main\java\org\apache\ratis\server\raftlog\segmented\SegmentedRaftLogReader.java,285
CLIENT:client-code:N/A:N/A,MethodCallExpr,org.apache.ratis.server.raftlog.segmented.SegmentedRaftLogFormat,matchHeader,C:\Users\tyin363\Documents\repos\apache__ratis\ratis-server\src\main\java\org\apache\ratis\server\raftlog\segmented\SegmentedRaftLogReader.java,182
CLIENT:client-code:N/A:N/A,MethodCallExpr,org.apache.ratis.server.raftlog.memory.MemoryRaftLog.EntryList,getTermIndex,C:\Users\tyin363\Documents\repos\apache__ratis\ratis-server\src\main\java\org\apache\ratis\server\raftlog\memory\MemoryRaftLog.java,119
org.apache.ratis:ratis-server-api:jar:3.1.3,ClassOrInterfaceType,org.apache.ratis.server.DataStreamServerFactory,DataStreamServerFactory,C:\Users\tyin363\Documents\repos\apache__ratis\ratis-server\src\main\java\org\apache\ratis\server\DisabledDataStreamServerFactory.java,28
CLIENT:client-code:N/A:N/A,NameExpr,org.apache.ratis.server.impl.PendingRequests,pendingSetConf,C:\Users\tyin363\Documents\repos\apache__ratis\ratis-server\src\main\java\org\apache\ratis\server\impl\PendingRequests.java,262
org.apache.ratis:ratis-server-api:jar:3.1.3,MethodCallExpr,org.apache.ratis.server.RaftServer,getProperties,C:\Users\tyin363\Documents\repos\apache__ratis\ratis-server\src\main\java\org\apache\ratis\server\impl\DataStreamServerImpl.java,38
org.apache.ratis:ratis-common:jar:3.1.3,MethodCallExpr,org.apache.ratis.protocol.RaftClientMessage,getClientId,C:\Users\tyin363\Documents\repos\apache__ratis\ratis-server\src\main\java\org\apache\ratis\server\impl\WriteIndexCache.java,61
CLIENT:client-code:N/A:N/A,NameExpr,org.apache.ratis.server.storage.RaftStorageImpl.MetaFile,ref,C:\Users\tyin363\Documents\repos\apache__ratis\ratis-server\src\main\java\org\apache\ratis\server\storage\RaftStorageImpl.java,177
CLIENT:client-code:N/A:N/A,NameExpr,org.apache.ratis.server.raftlog.RaftLogBase,INVALID_LOG_INDEX,C:\Users\tyin363\Documents\repos\apache__ratis\ratis-server\src\main\java\org\apache\ratis\server\raftlog\memory\MemoryRaftLog.java,180
JDK:java.base:N/A:N/A,MethodCallExpr,java.io.FilterInputStream,reset,C:\Users\tyin363\Documents\repos\apache__ratis\ratis-server\src\main\java\org\apache\ratis\server\raftlog\segmented\SegmentedRaftLogReader.java,123
CLIENT:client-code:N/A:N/A,MethodCallExpr,org.apache.ratis.server.raftlog.LogProtoUtils,toLogEntriesShortString,C:\Users\tyin363\Documents\repos\apache__ratis\ratis-server\src\main\java\org\apache\ratis\server\util\ServerStringUtils.java,60
CLIENT:client-code:N/A:N/A,NameExpr,org.apache.ratis.server.impl.PendingRequests,name,C:\Users\tyin363\Documents\repos\apache__ratis\ratis-server\src\main\java\org\apache\ratis\server\impl\PendingRequests.java,287
CLIENT:client-code:N/A:N/A,NameExpr,org.apache.ratis.server.raftlog.memory.MemoryRaftLog,entries,C:\Users\tyin363\Documents\repos\apache__ratis\ratis-server\src\main\java\org\apache\ratis\server\raftlog\memory\MemoryRaftLog.java,173
JDK:java.base:N/A:N/A,MethodCallExpr,java.util.List,add,C:\Users\tyin363\Documents\repos\apache__ratis\ratis-server\src\main\java\org\apache\ratis\server\raftlog\memory\MemoryRaftLog.java,76
CLIENT:client-code:N/A:N/A,MethodCallExpr,org.apache.ratis.server.raftlog.memory.MemoryRaftLog.EntryList,get,C:\Users\tyin363\Documents\repos\apache__ratis\ratis-server\src\main\java\org\apache\ratis\server\raftlog\memory\MemoryRaftLog.java,106
CLIENT:client-code:N/A:N/A,FieldAccessExpr,org.apache.ratis.server.impl.WriteIndexCache,cache,C:\Users\tyin363\Documents\repos\apache__ratis\ratis-server\src\main\java\org\apache\ratis\server\impl\WriteIndexCache.java,44
org.apache.ratis:ratis-common:jar:3.1.3,ClassOrInterfaceType,org.apache.ratis.protocol.RaftGroupMemberId,RaftGroupMemberId,C:\Users\tyin363\Documents\repos\apache__ratis\ratis-server\src\main\java\org\apache\ratis\server\metrics\RaftLogMetricsBase.java,41
CLIENT:client-code:N/A:N/A,NameExpr,org.apache.ratis.server.raftlog.segmented.LogSegmentStartEnd,IN_PROGRESS,C:\Users\tyin363\Documents\repos\apache__ratis\ratis-server\src\main\java\org\apache\ratis\server\raftlog\segmented\LogSegmentStartEnd.java,46
org.apache.ratis:ratis-common:jar:3.1.3,MethodCallExpr,org.apache.ratis.protocol.Message,getContent,C:\Users\tyin363\Documents\repos\apache__ratis\ratis-server\src\main\java\org\apache\ratis\server\impl\MessageStreamRequests.java,55
CLIENT:client-code:N/A:N/A,MethodCallExpr,org.apache.ratis.server.impl.VoteContext,reject,C:\Users\tyin363\Documents\repos\apache__ratis\ratis-server\src\main\java\org\apache\ratis\server\impl\VoteContext.java,138
org.apache.ratis:ratis-common:jar:3.1.3,ClassOrInterfaceType,org.apache.ratis.protocol.RaftPeerId,RaftPeerId,C:\Users\tyin363\Documents\repos\apache__ratis\ratis-server\src\main\java\org\apache\ratis\server\impl\VoteContext.java,37
CLIENT:client-code:N/A:N/A,NameExpr,org.apache.ratis.server.impl.PendingRequests,pendingSetConf,C:\Users\tyin363\Documents\repos\apache__ratis\ratis-server\src\main\java\org\apache\ratis\server\impl\PendingRequests.java,263
CLIENT:client-code:N/A:N/A,NameExpr,org.apache.ratis.server.impl.VoteContext,conf,C:\Users\tyin363\Documents\repos\apache__ratis\ratis-server\src\main\java\org\apache\ratis\server\impl\VoteContext.java,60
CLIENT:client-code:N/A:N/A,NameExpr,org.apache.ratis.server.impl.PendingRequests.RequestMap,resource,C:\Users\tyin363\Documents\repos\apache__ratis\ratis-server\src\main\java\org\apache\ratis\server\impl\PendingRequests.java,182
JDK:java.base:N/A:N/A,MethodCallExpr,java.util.concurrent.ConcurrentMap,computeIfAbsent,C:\Users\tyin363\Documents\repos\apache__ratis\ratis-server\src\main\java\org\apache\ratis\server\impl\DataStreamMapImpl.java,50
JDK:java.base:N/A:N/A,ClassOrInterfaceType,java.util.concurrent.CompletableFuture,CompletableFuture,C:\Users\tyin363\Documents\repos\apache__ratis\ratis-server\src\main\java\org\apache\ratis\server\raftlog\memory\MemoryRaftLog.java,184
CLIENT:client-code:N/A:N/A,MethodCallExpr,org.apache.ratis.server.impl.VoteContext,log,C:\Users\tyin363\Documents\repos\apache__ratis\ratis-server\src\main\java\org\apache\ratis\server\impl\VoteContext.java,159
org.apache.ratis:ratis-server-api:jar:3.1.3,NameExpr,org.apache.ratis.server.storage.RaftStorage,LOG,C:\Users\tyin363\Documents\repos\apache__ratis\ratis-server\src\main\java\org\apache\ratis\server\storage\RaftStorageImpl.java,83
JDK:java.base:N/A:N/A,ClassOrInterfaceType,java.util.regex.Pattern,Pattern,C:\Users\tyin363\Documents\repos\apache__ratis\ratis-server\src\main\java\org\apache\ratis\server\raftlog\segmented\LogSegmentStartEnd.java,37
org.apache.ratis:ratis-common:jar:3.1.3,MethodCallExpr,org.apache.ratis.util.Preconditions,assertTrue,C:\Users\tyin363\Documents\repos\apache__ratis\ratis-server\src\main\java\org\apache\ratis\statemachine\impl\TransactionContextImpl.java,152
CLIENT:client-code:N/A:N/A,ObjectCreationExpr,org.apache.ratis.server.raftlog.segmented.SegmentedRaftLogInputStream.LogValidation,LogValidation,C:\Users\tyin363\Documents\repos\apache__ratis\ratis-server\src\main\java\org\apache\ratis\server\raftlog\segmented\SegmentedRaftLogInputStream.java,235
org.slf4j:slf4j-api:jar:2.0.7,MethodCallExpr,org.slf4j.Logger,info,C:\Users\tyin363\Documents\repos\apache__ratis\ratis-server\src\main\java\org\apache\ratis\server\storage\RaftStorageImpl.java,118
org.apache.ratis:ratis-server-api:jar:3.1.3,MethodCallExpr,org.apache.ratis.server.DivisionInfo,isFollower,C:\Users\tyin363\Documents\repos\apache__ratis\ratis-server\src\main\java\org\apache\ratis\server\impl\FollowerState.java,120
org.apache.ratis:ratis-metrics-api:jar:3.1.3,ClassOrInterfaceType,org.apache.ratis.metrics.RatisMetricRegistry,RatisMetricRegistry,C:\Users\tyin363\Documents\repos\apache__ratis\ratis-server\src\main\java\org\apache\ratis\server\metrics\RaftLogMetricsBase.java,45
org.slf4j:slf4j-api:jar:2.0.7,MethodCallExpr,org.slf4j.Logger,trace,C:\Users\tyin363\Documents\repos\apache__ratis\ratis-server\src\main\java\org\apache\ratis\server\leader\LogAppenderDefault.java,71
JDK:java.base:N/A:N/A,ObjectCreationExpr,java.io.IOException,IOException,C:\Users\tyin363\Documents\repos\apache__ratis\ratis-server\src\main\java\org\apache\ratis\server\raftlog\segmented\SegmentedRaftLogReader.java,231
JDK:java.base:N/A:N/A,MethodCallExpr,java.lang.Math,toIntExact,C:\Users\tyin363\Documents\repos\apache__ratis\ratis-server\src\main\java\org\apache\ratis\server\impl\PendingRequests.java,60
CLIENT:client-code:N/A:N/A,NameExpr,org.apache.ratis.server.impl.FollowerState,lastRpcTime,C:\Users\tyin363\Documents\repos\apache__ratis\ratis-server\src\main\java\org\apache\ratis\server\impl\FollowerState.java,139
org.apache.ratis:ratis-common:jar:3.1.3,MethodCallExpr,org.apache.ratis.util.FileUtils,newInputStream,C:\Users\tyin363\Documents\repos\apache__ratis\ratis-server\src\main\java\org\apache\ratis\server\raftlog\segmented\SegmentedRaftLogReader.java,155
org.apache.ratis:ratis-server-api:jar:3.1.3,ClassOrInterfaceType,org.apache.ratis.server.DivisionInfo,DivisionInfo,C:\Users\tyin363\Documents\repos\apache__ratis\ratis-server\src\main\java\org\apache\ratis\server\impl\FollowerState.java,119
CLIENT:client-code:N/A:N/A,FieldAccessExpr,org.apache.ratis.server.storage.RaftStorageImpl,logCorruptionPolicy,C:\Users\tyin363\Documents\repos\apache__ratis\ratis-server\src\main\java\org\apache\ratis\server\storage\RaftStorageImpl.java,50
org.apache.ratis:ratis-server-api:jar:3.1.3,ClassOrInterfaceType,org.apache.ratis.statemachine.TransactionContext,TransactionContext,C:\Users\tyin363\Documents\repos\apache__ratis\ratis-server\src\main\java\org\apache\ratis\statemachine\impl\TransactionContextImpl.java,39
org.apache.ratis:ratis-server-api:jar:3.1.3,MethodCallExpr,org.apache.ratis.server.RaftConfiguration,getLogEntryIndex,C:\Users\tyin363\Documents\repos\apache__ratis\ratis-server\src\main\java\org\apache\ratis\server\leader\LeaderProtoUtils.java,67
,MethodCallExpr,org.apache.ratis.proto.RaftProtos.FileChunkProto.Builder,setFileDigest,C:\Users\tyin363\Documents\repos\apache__ratis\ratis-server\src\main\java\org\apache\ratis\server\storage\FileChunkReader.java,94
org.apache.ratis:ratis-metrics-api:jar:3.1.3,MethodCallExpr,org.apache.ratis.metrics.RatisMetrics,getRegistry,C:\Users\tyin363\Documents\repos\apache__ratis\ratis-server\src\main\java\org\apache\ratis\server\metrics\RaftLogMetricsBase.java,38
CLIENT:client-code:N/A:N/A,FieldAccessExpr,org.apache.ratis.server.impl.PendingRequests.RequestMap,name,C:\Users\tyin363\Documents\repos\apache__ratis\ratis-server\src\main\java\org\apache\ratis\server\impl\PendingRequests.java,112
JDK:java.base:N/A:N/A,MethodCallExpr,java.util.List,isEmpty,C:\Users\tyin363\Documents\repos\apache__ratis\ratis-server\src\main\java\org\apache\ratis\server\raftlog\segmented\CacheInvalidationPolicy.java,87
CLIENT:client-code:N/A:N/A,MethodCallExpr,org.apache.ratis.server.impl.RaftServerImpl,getState,C:\Users\tyin363\Documents\repos\apache__ratis\ratis-server\src\main\java\org\apache\ratis\server\impl\VoteContext.java,103
JDK:java.base:N/A:N/A,ClassOrInterfaceType,java.util.regex.Pattern,Pattern,C:\Users\tyin363\Documents\repos\apache__ratis\ratis-server\src\main\java\org\apache\ratis\server\raftlog\segmented\LogSegmentStartEnd.java,36
org.apache.ratis:ratis-common:jar:3.1.3,ClassOrInterfaceType,org.apache.ratis.util.TimeDuration,TimeDuration,C:\Users\tyin363\Documents\repos\apache__ratis\ratis-server\src\main\java\org\apache\ratis\server\impl\DivisionPropertiesImpl.java,43
,ClassOrInterfaceType,org.apache.ratis.proto.RaftProtos.MessageStreamRequestTypeProto,MessageStreamRequestTypeProto,C:\Users\tyin363\Documents\repos\apache__ratis\ratis-server\src\main\java\org\apache\ratis\server\impl\MessageStreamRequests.java,96
org.apache.ratis:ratis-server-api:jar:3.1.3,MethodCallExpr,org.apache.ratis.server.leader.LeaderState,onFollowerSuccessAppendEntries,C:\Users\tyin363\Documents\repos\apache__ratis\ratis-server\src\main\java\org\apache\ratis\server\leader\LogAppenderDefault.java,192
JDK:java.base:N/A:N/A,MethodCallExpr,java.util.Map,put,C:\Users\tyin363\Documents\repos\apache__ratis\ratis-server\src\main\java\org\apache\ratis\server\impl\ConfigurationManager.java,76
,MethodCallExpr,org.apache.ratis.proto.RaftProtos.InstallSnapshotRequestProto.Builder,build,C:\Users\tyin363\Documents\repos\apache__ratis\ratis-server\src\main\java\org\apache\ratis\server\leader\LeaderProtoUtils.java,58
CLIENT:client-code:N/A:N/A,NameExpr,org.apache.ratis.server.raftlog.segmented.SegmentedRaftLogReader,file,C:\Users\tyin363\Documents\repos\apache__ratis\ratis-server\src\main\java\org\apache\ratis\server\raftlog\segmented\SegmentedRaftLogReader.java,178
CLIENT:client-code:N/A:N/A,MethodCallExpr,org.apache.ratis.server.raftlog.segmented.SegmentedRaftLogCache.LogSegmentList,get,C:\Users\tyin363\Documents\repos\apache__ratis\ratis-server\src\main\java\org\apache\ratis\server\raftlog\segmented\CacheInvalidationPolicy.java,105
org.apache.ratis:ratis-common:jar:3.1.3,MethodCallExpr,org.apache.ratis.util.Preconditions,assertTrue,C:\Users\tyin363\Documents\repos\apache__ratis\ratis-server\src\main\java\org\apache\ratis\server\impl\MessageStreamRequests.java,97
org.apache.ratis:ratis-common:jar:3.1.3,ClassOrInterfaceType,org.apache.ratis.protocol.RaftClientRequest,RaftClientRequest,C:\Users\tyin363\Documents\repos\apache__ratis\ratis-server\src\main\java\org\apache\ratis\server\impl\PendingRequests.java,235
org.apache.ratis:ratis-common:jar:3.1.3,ClassOrInterfaceType,org.apache.ratis.protocol.exceptions.NotLeaderException,NotLeaderException,C:\Users\tyin363\Documents\repos\apache__ratis\ratis-server\src\main\java\org\apache\ratis\server\impl\PendingRequests.java,187
org.apache.ratis:ratis-server-api:jar:3.1.3,ClassOrInterfaceType,org.apache.ratis.statemachine.TransactionContext,TransactionContext,C:\Users\tyin363\Documents\repos\apache__ratis\ratis-server\src\main\java\org\apache\ratis\statemachine\impl\TransactionContextImpl.java,170
CLIENT:client-code:N/A:N/A,NameExpr,org.apache.ratis.server.impl.PendingRequests,LOG,C:\Users\tyin363\Documents\repos\apache__ratis\ratis-server\src\main\java\org\apache\ratis\server\impl\PendingRequests.java,155
org.apache.ratis:ratis-common:jar:3.1.3,ClassOrInterfaceType,org.apache.ratis.protocol.RaftPeerId,RaftPeerId,C:\Users\tyin363\Documents\repos\apache__ratis\ratis-server\src\main\java\org\apache\ratis\server\impl\VoteContext.java,35
org.apache.ratis:ratis-server-api:jar:3.1.3,MethodCallExpr,org.apache.ratis.server.RaftConfiguration,getCurrentPeers,C:\Users\tyin363\Documents\repos\apache__ratis\ratis-server\src\main\java\org\apache\ratis\server\impl\VoteContext.java,57
CLIENT:client-code:N/A:N/A,MethodCallExpr,org.apache.ratis.server.leader.LogAppenderBase,getServer,C:\Users\tyin363\Documents\repos\apache__ratis\ratis-server\src\main\java\org\apache\ratis\server\leader\LogAppenderDefault.java,100
,MethodCallExpr,org.apache.ratis.util.ResourceSemaphore.Group,get,C:\Users\tyin363\Documents\repos\apache__ratis\ratis-server\src\main\java\org\apache\ratis\server\impl\PendingRequests.java,77
,ClassOrInterfaceType,org.apache.ratis.proto.RaftProtos.LogEntryProto,LogEntryProto,C:\Users\tyin363\Documents\repos\apache__ratis\ratis-server\src\main\java\org\apache\ratis\server\storage\RaftStorageImpl.java,144
CLIENT:client-code:N/A:N/A,NameExpr,org.apache.ratis.server.impl.PendingRequests,LOG,C:\Users\tyin363\Documents\repos\apache__ratis\ratis-server\src\main\java\org\apache\ratis\server\impl\PendingRequests.java,287
CLIENT:client-code:N/A:N/A,NameExpr,org.apache.ratis.server.impl.MessageStreamRequests,streams,C:\Users\tyin363\Documents\repos\apache__ratis\ratis-server\src\main\java\org\apache\ratis\server\impl\MessageStreamRequests.java,108
CLIENT:client-code:N/A:N/A,NameExpr,org.apache.ratis.server.impl.ConfigurationManager,configurations,C:\Users\tyin363\Documents\repos\apache__ratis\ratis-server\src\main\java\org\apache\ratis\server\impl\ConfigurationManager.java,114
org.apache.ratis:ratis-metrics-api:jar:3.1.3,MethodCallExpr,org.apache.ratis.metrics.RatisMetrics,getRegistry,C:\Users\tyin363\Documents\repos\apache__ratis\ratis-server\src\main\java\org\apache\ratis\server\metrics\RaftLogMetricsBase.java,37
,ClassOrInterfaceType,org.apache.ratis.proto.RaftProtos.LogEntryProto,LogEntryProto,C:\Users\tyin363\Documents\repos\apache__ratis\ratis-server\src\main\java\org\apache\ratis\server\util\ServerStringUtils.java,53
org.apache.ratis:ratis-thirdparty-misc:jar:1.0.9,ClassOrInterfaceType,org.apache.ratis.thirdparty.com.google.protobuf.ByteString,ByteString,C:\Users\tyin363\Documents\repos\apache__ratis\ratis-server\src\main\java\org\apache\ratis\server\impl\MessageStreamRequests.java,95
org.apache.ratis:ratis-server-api:jar:3.1.3,MethodCallExpr,org.apache.ratis.server.DivisionInfo,getCurrentRole,C:\Users\tyin363\Documents\repos\apache__ratis\ratis-server\src\main\java\org\apache\ratis\server\impl\FollowerState.java,122
JDK:java.base:N/A:N/A,ClassOrInterfaceType,java.lang.Long,Long,C:\Users\tyin363\Documents\repos\apache__ratis\ratis-server\src\main\java\org\apache\ratis\server\impl\WriteIndexCache.java,59
org.slf4j:slf4j-api:jar:2.0.7,MethodCallExpr,org.slf4j.Logger,debug,C:\Users\tyin363\Documents\repos\apache__ratis\ratis-server\src\main\java\org\apache\ratis\server\impl\PendingRequests.java,252
JDK:java.base:N/A:N/A,ClassOrInterfaceType,java.lang.String,String,C:\Users\tyin363\Documents\repos\apache__ratis\ratis-server\src\main\java\org\apache\ratis\server\impl\ConfigurationManager.java,111
JDK:java.base:N/A:N/A,MethodCallExpr,java.util.List,add,C:\Users\tyin363\Documents\repos\apache__ratis\ratis-server\src\main\java\org\apache\ratis\server\raftlog\memory\MemoryRaftLog.java,211
JDK:java.base:N/A:N/A,ClassOrInterfaceType,java.util.List,List,C:\Users\tyin363\Documents\repos\apache__ratis\ratis-server\src\main\java\org\apache\ratis\server\util\ServerStringUtils.java,53
JDK:java.base:N/A:N/A,ClassOrInterfaceType,java.io.IOException,IOException,C:\Users\tyin363\Documents\repos\apache__ratis\ratis-server\src\main\java\org\apache\ratis\server\raftlog\segmented\SegmentedRaftLogReader.java,256
org.slf4j:slf4j-api:jar:2.0.7,MethodCallExpr,org.slf4j.Logger,warn,C:\Users\tyin363\Documents\repos\apache__ratis\ratis-server\src\main\java\org\apache\ratis\server\raftlog\segmented\SegmentedRaftLogInputStream.java,224
CLIENT:client-code:N/A:N/A,NameExpr,org.apache.ratis.server.impl.VoteContext,candidateId,C:\Users\tyin363\Documents\repos\apache__ratis\ratis-server\src\main\java\org\apache\ratis\server\impl\VoteContext.java,60
CLIENT:client-code:N/A:N/A,FieldAccessExpr,org.apache.ratis.server.raftlog.segmented.SegmentedRaftLogReader,maxOpSize,C:\Users\tyin363\Documents\repos\apache__ratis\ratis-server\src\main\java\org\apache\ratis\server\raftlog\segmented\SegmentedRaftLogReader.java,158
JDK:java.base:N/A:N/A,ClassOrInterfaceType,java.lang.String,String,C:\Users\tyin363\Documents\repos\apache__ratis\ratis-server\src\main\java\org\apache\ratis\server\util\ServerStringUtils.java,117
CLIENT:client-code:N/A:N/A,FieldAccessExpr,org.apache.ratis.server.raftlog.segmented.LogSegmentStartEnd,endIndex,C:\Users\tyin363\Documents\repos\apache__ratis\ratis-server\src\main\java\org\apache\ratis\server\raftlog\segmented\LogSegmentStartEnd.java,78
org.apache.ratis:ratis-server-api:jar:3.1.3,NameExpr,org.apache.ratis.server.storage.RaftStorage,LOG,C:\Users\tyin363\Documents\repos\apache__ratis\ratis-server\src\main\java\org\apache\ratis\server\storage\RaftStorageImpl.java,47
CLIENT:client-code:N/A:N/A,NameExpr,org.apache.ratis.server.impl.FollowerState,LOG,C:\Users\tyin363\Documents\repos\apache__ratis\ratis-server\src\main\java\org\apache\ratis\server\impl\FollowerState.java,170
,ClassOrInterfaceType,org.apache.ratis.proto.RaftProtos.InstallSnapshotRequestProto.SnapshotChunkProto.Builder,Builder,C:\Users\tyin363\Documents\repos\apache__ratis\ratis-server\src\main\java\org\apache\ratis\server\leader\LeaderProtoUtils.java,38
JDK:java.base:N/A:N/A,ObjectCreationExpr,java.util.concurrent.CompletableFuture,CompletableFuture,C:\Users\tyin363\Documents\repos\apache__ratis\ratis-server\src\main\java\org\apache\ratis\server\impl\FollowerState.java,66
JDK:java.base:N/A:N/A,MethodCallExpr,java.util.List,subList,C:\Users\tyin363\Documents\repos\apache__ratis\ratis-server\src\main\java\org\apache\ratis\server\raftlog\memory\MemoryRaftLog.java,71
JDK:java.base:N/A:N/A,ClassOrInterfaceType,java.util.concurrent.CompletableFuture,CompletableFuture,C:\Users\tyin363\Documents\repos\apache__ratis\ratis-server\src\main\java\org\apache\ratis\server\impl\WriteIndexCache.java,49
JDK:java.base:N/A:N/A,MethodCallExpr,java.security.MessageDigest,digest,C:\Users\tyin363\Documents\repos\apache__ratis\ratis-server\src\main\java\org\apache\ratis\server\storage\FileChunkReader.java,89
,MethodCallExpr,org.apache.ratis.proto.RaftProtos.InstallSnapshotRequestProto,getServerRequest,C:\Users\tyin363\Documents\repos\apache__ratis\ratis-server\src\main\java\org\apache\ratis\server\util\ServerStringUtils.java,92
org.apache.ratis:ratis-common:jar:3.1.3,MethodCallExpr,org.apache.ratis.util.JavaUtils,getClassSimpleName,C:\Users\tyin363\Documents\repos\apache__ratis\ratis-server\src\main\java\org\apache\ratis\server\util\ServerStringUtils.java,131
JDK:java.base:N/A:N/A,MethodCallExpr,java.lang.Object,getClass,C:\Users\tyin363\Documents\repos\apache__ratis\ratis-server\src\main\java\org\apache\ratis\server\impl\ConfigurationManager.java,112
CLIENT:client-code:N/A:N/A,MethodCallExpr,org.apache.ratis.server.raftlog.memory.MemoryRaftLog.EntryList,getTermIndex,C:\Users\tyin363\Documents\repos\apache__ratis\ratis-server\src\main\java\org\apache\ratis\server\raftlog\memory\MemoryRaftLog.java,180
JDK:java.base:N/A:N/A,ClassOrInterfaceType,java.io.OutputStream,OutputStream,C:\Users\tyin363\Documents\repos\apache__ratis\ratis-server\src\main\java\org\apache\ratis\server\storage\RaftStorageImpl.java,146
org.apache.ratis:ratis-common:jar:3.1.3,MethodCallExpr,org.apache.ratis.util.Preconditions,assertTrue,C:\Users\tyin363\Documents\repos\apache__ratis\ratis-server\src\main\java\org\apache\ratis\server\impl\PendingRequests.java,160
org.slf4j:slf4j-api:jar:2.0.7,MethodCallExpr,org.slf4j.Logger,warn,C:\Users\tyin363\Documents\repos\apache__ratis\ratis-server\src\main\java\org\apache\ratis\server\leader\LogAppenderDefault.java,203
,ClassOrInterfaceType,org.apache.ratis.proto.RaftProtos.LogEntryProto,LogEntryProto,C:\Users\tyin363\Documents\repos\apache__ratis\ratis-server\src\main\java\org\apache\ratis\server\raftlog\memory\MemoryRaftLog.java,45
org.apache.ratis:ratis-common:jar:3.1.3,ClassOrInterfaceType,org.apache.ratis.util.TimeDuration,TimeDuration,C:\Users\tyin363\Documents\repos\apache__ratis\ratis-server\src\main\java\org\apache\ratis\server\impl\WriteIndexCache.java,43
,NameExpr,org.apache.ratis.statemachine.impl.FileListSnapshotInfo,files,C:\Users\tyin363\Documents\repos\apache__ratis\ratis-server\src\main\java\org\apache\ratis\statemachine\impl\FileListSnapshotInfo.java,59
CLIENT:client-code:N/A:N/A,NameExpr,org.apache.ratis.server.impl.ConfigurationManager,currentConf,C:\Users\tyin363\Documents\repos\apache__ratis\ratis-server\src\main\java\org\apache\ratis\server\impl\ConfigurationManager.java,83
CLIENT:client-code:N/A:N/A,NameExpr,org.apache.ratis.server.raftlog.segmented.SegmentedRaftLogInputStream,state,C:\Users\tyin363\Documents\repos\apache__ratis\ratis-server\src\main\java\org\apache\ratis\server\raftlog\segmented\SegmentedRaftLogInputStream.java,140
CLIENT:client-code:N/A:N/A,NameExpr,org.apache.ratis.server.impl.PendingRequests.RequestMap,requestSize,C:\Users\tyin363\Documents\repos\apache__ratis\ratis-server\src\main\java\org\apache\ratis\server\impl\PendingRequests.java,136
CLIENT:client-code:N/A:N/A,FieldAccessExpr,org.apache.ratis.server.impl.FollowerState.UpdateType,updateFunction,C:\Users\tyin363\Documents\repos\apache__ratis\ratis-server\src\main\java\org\apache\ratis\server\impl\FollowerState.java,49
org.apache.ratis:ratis-common:jar:3.1.3,ClassOrInterfaceType,org.apache.ratis.util.TimeDuration,TimeDuration,C:\Users\tyin363\Documents\repos\apache__ratis\ratis-server\src\main\java\org\apache\ratis\server\impl\FollowerState.java,108
org.apache.ratis:ratis-thirdparty-misc:jar:1.0.9,ClassOrInterfaceType,org.apache.ratis.thirdparty.com.google.protobuf.ByteString,ByteString,C:\Users\tyin363\Documents\repos\apache__ratis\ratis-server\src\main\java\org\apache\ratis\statemachine\impl\TransactionContextImpl.java,100
CLIENT:client-code:N/A:N/A,MethodCallExpr,org.apache.ratis.server.impl.RoleInfo,getFollowerState,C:\Users\tyin363\Documents\repos\apache__ratis\ratis-server\src\main\java\org\apache\ratis\server\impl\VoteContext.java,106
org.apache.ratis:ratis-server-api:jar:3.1.3,ClassOrInterfaceType,org.apache.ratis.server.DataStreamServerRpc,DataStreamServerRpc,C:\Users\tyin363\Documents\repos\apache__ratis\ratis-server\src\main\java\org\apache\ratis\server\impl\DataStreamServerImpl.java,35
JDK:java.base:N/A:N/A,ClassOrInterfaceType,java.lang.IllegalArgumentException,IllegalArgumentException,C:\Users\tyin363\Documents\repos\apache__ratis\ratis-server\src\main\java\org\apache\ratis\server\leader\LogAppenderDefault.java,177
CLIENT:client-code:N/A:N/A,NameExpr,org.apache.ratis.server.raftlog.segmented.SegmentedRaftLogInputStream,state,C:\Users\tyin363\Documents\repos\apache__ratis\ratis-server\src\main\java\org\apache\ratis\server\raftlog\segmented\SegmentedRaftLogInputStream.java,137
CLIENT:client-code:N/A:N/A,NameExpr,org.apache.ratis.server.raftlog.segmented.SegmentedRaftLogReader,temp,C:\Users\tyin363\Documents\repos\apache__ratis\ratis-server\src\main\java\org\apache\ratis\server\raftlog\segmented\SegmentedRaftLogReader.java,332
,ClassOrInterfaceType,org.apache.ratis.proto.RaftProtos.AppendEntriesReplyProto,AppendEntriesReplyProto,C:\Users\tyin363\Documents\repos\apache__ratis\ratis-server\src\main\java\org\apache\ratis\server\leader\LogAppenderDefault.java,176
CLIENT:client-code:N/A:N/A,MethodCallExpr,org.apache.ratis.server.impl.VoteContext,checkTerm,C:\Users\tyin363\Documents\repos\apache__ratis\ratis-server\src\main\java\org\apache\ratis\server\impl\VoteContext.java,119
CLIENT:client-code:N/A:N/A,NameExpr,org.apache.ratis.server.raftlog.memory.MemoryRaftLog,entries,C:\Users\tyin363\Documents\repos\apache__ratis\ratis-server\src\main\java\org\apache\ratis\server\raftlog\memory\MemoryRaftLog.java,134
JDK:java.base:N/A:N/A,MethodCallExpr,java.io.FilterInputStream,reset,C:\Users\tyin363\Documents\repos\apache__ratis\ratis-server\src\main\java\org\apache\ratis\server\raftlog\segmented\SegmentedRaftLogReader.java,315
JDK:java.base:N/A:N/A,MethodCallExpr,java.util.concurrent.atomic.AtomicReference,get,C:\Users\tyin363\Documents\repos\apache__ratis\ratis-server\src\main\java\org\apache\ratis\server\storage\RaftStorageImpl.java,177
CLIENT:client-code:N/A:N/A,FieldAccessExpr,org.apache.ratis.server.impl.ConfigurationManager,currentPeer,C:\Users\tyin363\Documents\repos\apache__ratis\ratis-server\src\main\java\org\apache\ratis\server\impl\ConfigurationManager.java,61
CLIENT:client-code:N/A:N/A,MethodCallExpr,org.apache.ratis.server.leader.LogAppenderBase,getLeaderState,C:\Users\tyin363\Documents\repos\apache__ratis\ratis-server\src\main\java\org\apache\ratis\server\leader\LogAppenderDefault.java,207
JDK:java.base:N/A:N/A,MethodCallExpr,java.util.zip.Checksum,reset,C:\Users\tyin363\Documents\repos\apache__ratis\ratis-server\src\main\java\org\apache\ratis\server\raftlog\segmented\SegmentedRaftLogReader.java,320
JDK:java.base:N/A:N/A,MethodCallExpr,java.io.File,exists,C:\Users\tyin363\Documents\repos\apache__ratis\ratis-server\src\main\java\org\apache\ratis\server\storage\RaftStorageImpl.java,114
org.apache.ratis:ratis-common:jar:3.1.3,ClassOrInterfaceType,org.apache.ratis.protocol.RaftClientRequest,RaftClientRequest,C:\Users\tyin363\Documents\repos\apache__ratis\ratis-server\src\main\java\org\apache\ratis\statemachine\impl\TransactionContextImpl.java,91
JDK:java.base:N/A:N/A,ClassOrInterfaceType,java.util.regex.Pattern,Pattern,C:\Users\tyin363\Documents\repos\apache__ratis\ratis-server\src\main\java\org\apache\ratis\server\raftlog\segmented\LogSegmentStartEnd.java,57
JDK:java.base:N/A:N/A,ClassOrInterfaceType,java.util.List,List,C:\Users\tyin363\Documents\repos\apache__ratis\ratis-server\src\main\java\org\apache\ratis\server\impl\PendingRequests.java,195
CLIENT:client-code:N/A:N/A,MethodReferenceExpr,org.apache.ratis.server.impl.FollowerState,isCurrentLeaderValid,C:\Users\tyin363\Documents\repos\apache__ratis\ratis-server\src\main\java\org\apache\ratis\server\impl\VoteContext.java,106
CLIENT:client-code:N/A:N/A,MethodCallExpr,org.apache.ratis.server.storage.RaftStorageDirectoryImpl,analyzeStorage,C:\Users\tyin363\Documents\repos\apache__ratis\ratis-server\src\main\java\org\apache\ratis\server\storage\RaftStorageImpl.java,63
org.apache.ratis:ratis-common:jar:3.1.3,MethodCallExpr,org.apache.ratis.util.Preconditions,assertTrue,C:\Users\tyin363\Documents\repos\apache__ratis\ratis-server\src\main\java\org\apache\ratis\server\impl\PendingRequests.java,162
org.apache.ratis:ratis-common:jar:3.1.3,ClassOrInterfaceType,org.apache.ratis.util.SizeInBytes,SizeInBytes,C:\Users\tyin363\Documents\repos\apache__ratis\ratis-server\src\main\java\org\apache\ratis\server\raftlog\segmented\SegmentedRaftLogInputStream.java,176
CLIENT:client-code:N/A:N/A,NameExpr,org.apache.ratis.server.impl.VoteContext,candidateId,C:\Users\tyin363\Documents\repos\apache__ratis\ratis-server\src\main\java\org\apache\ratis\server\impl\VoteContext.java,57
JDK:java.base:N/A:N/A,ClassOrInterfaceType,java.nio.file.Path,Path,C:\Users\tyin363\Documents\repos\apache__ratis\ratis-server\src\main\java\org\apache\ratis\server\storage\FileChunkReader.java,54
CLIENT:client-code:N/A:N/A,NameExpr,org.apache.ratis.server.raftlog.segmented.SegmentedRaftLogInputStream,raftLogMetrics,C:\Users\tyin363\Documents\repos\apache__ratis\ratis-server\src\main\java\org\apache\ratis\server\raftlog\segmented\SegmentedRaftLogInputStream.java,86
org.apache.ratis:ratis-server-api:jar:3.1.3,MethodCallExpr,org.apache.ratis.server.storage.RaftStorageMetadataFile,persist,C:\Users\tyin363\Documents\repos\apache__ratis\ratis-server\src\main\java\org\apache\ratis\server\storage\RaftStorageImpl.java,97
org.apache.ratis:ratis-metrics-api:jar:3.1.3,MethodCallExpr,org.apache.ratis.metrics.Timekeeper,start,C:\Users\tyin363\Documents\repos\apache__ratis\ratis-server\src\main\java\org\apache\ratis\server\raftlog\segmented\SegmentedRaftLogReader.java,211
,MethodCallExpr,org.apache.ratis.proto.RaftProtos.RaftRpcReplyProto,getSuccess,C:\Users\tyin363\Documents\repos\apache__ratis\ratis-server\src\main\java\org\apache\ratis\server\leader\LogAppenderDefault.java,115
,FieldAccessExpr,org.apache.ratis.statemachine.impl.TransactionContextImpl,shouldCommit,C:\Users\tyin363\Documents\repos\apache__ratis\ratis-server\src\main\java\org\apache\ratis\statemachine\impl\TransactionContextImpl.java,184
,MethodCallExpr,org.apache.ratis.proto.RaftProtos.InstallSnapshotRequestProto.SnapshotChunkProto.Builder,setRequestId,C:\Users\tyin363\Documents\repos\apache__ratis\ratis-server\src\main\java\org\apache\ratis\server\leader\LeaderProtoUtils.java,40
CLIENT:client-code:N/A:N/A,ClassOrInterfaceType,org.apache.ratis.server.metrics.SegmentedRaftLogMetrics,SegmentedRaftLogMetrics,C:\Users\tyin363\Documents\repos\apache__ratis\ratis-server\src\main\java\org\apache\ratis\server\raftlog\segmented\SegmentedRaftLogReader.java,150
JDK:java.base:N/A:N/A,FieldAccessExpr,java.lang.Long,MAX_VALUE,C:\Users\tyin363\Documents\repos\apache__ratis\ratis-server\src\main\java\org\apache\ratis\server\raftlog\segmented\SegmentedRaftLogReader.java,109
,MethodCallExpr,org.apache.ratis.proto.RaftProtos.AppendEntriesRequestProto,getEntriesList,C:\Users\tyin363\Documents\repos\apache__ratis\ratis-server\src\main\java\org\apache\ratis\server\util\ServerStringUtils.java,53
,MethodCallExpr,org.apache.ratis.proto.RaftProtos.LogEntryProto,getIndex,C:\Users\tyin363\Documents\repos\apache__ratis\ratis-server\src\main\java\org\apache\ratis\server\raftlog\memory\MemoryRaftLog.java,218
CLIENT:client-code:N/A:N/A,NameExpr,org.apache.ratis.server.storage.RaftStorageImpl,metaFile,C:\Users\tyin363\Documents\repos\apache__ratis\ratis-server\src\main\java\org\apache\ratis\server\storage\RaftStorageImpl.java,97
CLIENT:client-code:N/A:N/A,MethodCallExpr,org.apache.ratis.server.raftlog.LogProtoUtils,toRaftConfiguration,C:\Users\tyin363\Documents\repos\apache__ratis\ratis-server\src\main\java\org\apache\ratis\server\storage\RaftStorageImpl.java,160
CLIENT:client-code:N/A:N/A,NameExpr,org.apache.ratis.server.impl.VoteContext,candidateId,C:\Users\tyin363\Documents\repos\apache__ratis\ratis-server\src\main\java\org\apache\ratis\server\impl\VoteContext.java,56
org.apache.ratis:ratis-server-api:jar:3.1.3,ClassOrInterfaceType,org.apache.ratis.server.leader.FollowerInfo,FollowerInfo,C:\Users\tyin363\Documents\repos\apache__ratis\ratis-server\src\main\java\org\apache\ratis\server\leader\LogAppenderDefault.java,44
JDK:java.base:N/A:N/A,ClassOrInterfaceType,java.lang.Long,Long,C:\Users\tyin363\Documents\repos\apache__ratis\ratis-server\src\main\java\org\apache\ratis\server\impl\WriteIndexCache.java,50
org.slf4j:slf4j-api:jar:2.0.7,MethodCallExpr,org.slf4j.Logger,info,C:\Users\tyin363\Documents\repos\apache__ratis\ratis-server\src\main\java\org\apache\ratis\server\raftlog\segmented\SegmentedRaftLogInputStream.java,130
org.apache.ratis:ratis-server-api:jar:3.1.3,MethodCallExpr,org.apache.ratis.server.DivisionProperties,minRpcTimeout,C:\Users\tyin363\Documents\repos\apache__ratis\ratis-server\src\main\java\org\apache\ratis\server\impl\FollowerState.java,95
org.apache.ratis:ratis-server-api:jar:3.1.3,MethodCallExpr,org.apache.ratis.server.leader.LogAppender,getServerRpc,C:\Users\tyin363\Documents\repos\apache__ratis\ratis-server\src\main\java\org\apache\ratis\server\leader\LogAppenderDefault.java,82
org.apache.ratis:ratis-common:jar:3.1.3,MethodCallExpr,org.apache.ratis.util.JavaUtils,getClassSimpleName,C:\Users\tyin363\Documents\repos\apache__ratis\ratis-server\src\main\java\org\apache\ratis\statemachine\impl\FileListSnapshotInfo.java,59
CLIENT:client-code:N/A:N/A,MethodCallExpr,org.apache.ratis.server.raftlog.segmented.SegmentedRaftLogFormat,isTerminator,C:\Users\tyin363\Documents\repos\apache__ratis\ratis-server\src\main\java\org\apache\ratis\server\raftlog\segmented\SegmentedRaftLogReader.java,188
,MethodCallExpr,org.apache.ratis.proto.RaftProtos.AppendEntriesRequestProto,getLeaderCommit,C:\Users\tyin363\Documents\repos\apache__ratis\ratis-server\src\main\java\org\apache\ratis\server\util\ServerStringUtils.java,57
org.apache.ratis:ratis-common:jar:3.1.3,ClassOrInterfaceType,org.apache.ratis.util.OpenCloseState,OpenCloseState,C:\Users\tyin363\Documents\repos\apache__ratis\ratis-server\src\main\java\org\apache\ratis\server\raftlog\segmented\SegmentedRaftLogInputStream.java,78
org.apache.ratis:ratis-common:jar:3.1.3,ClassOrInterfaceType,org.apache.ratis.util.Timestamp,Timestamp,C:\Users\tyin363\Documents\repos\apache__ratis\ratis-server\src\main\java\org\apache\ratis\server\leader\LogAppenderDefault.java,79
,MethodCallExpr,org.apache.ratis.proto.RaftProtos.AppendEntriesRequestProto,getEntriesCount,C:\Users\tyin363\Documents\repos\apache__ratis\ratis-server\src\main\java\org\apache\ratis\server\leader\LogAppenderDefault.java,83
JDK:java.base:N/A:N/A,ClassOrInterfaceType,java.util.concurrent.atomic.AtomicInteger,AtomicInteger,C:\Users\tyin363\Documents\repos\apache__ratis\ratis-server\src\main\java\org\apache\ratis\server\impl\FollowerState.java,52
CLIENT:client-code:N/A:N/A,NameExpr,org.apache.ratis.server.raftlog.segmented.SegmentedRaftLogReader.LimitedInputStream,limitPos,C:\Users\tyin363\Documents\repos\apache__ratis\ratis-server\src\main\java\org\apache\ratis\server\raftlog\segmented\SegmentedRaftLogReader.java,137
org.apache.ratis:ratis-common:jar:3.1.3,MethodCallExpr,org.apache.ratis.util.ProtoUtils,toString,C:\Users\tyin363\Documents\repos\apache__ratis\ratis-server\src\main\java\org\apache\ratis\server\util\ServerStringUtils.java,121
CLIENT:client-code:N/A:N/A,ClassOrInterfaceType,org.apache.ratis.server.impl.RaftServerImpl,RaftServerImpl,C:\Users\tyin363\Documents\repos\apache__ratis\ratis-server\src\main\java\org\apache\ratis\server\impl\VoteContext.java,37
JDK:java.base:N/A:N/A,ClassOrInterfaceType,java.lang.Object,Object,C:\Users\tyin363\Documents\repos\apache__ratis\ratis-server\src\main\java\org\apache\ratis\server\impl\FollowerState.java,59
CLIENT:client-code:N/A:N/A,MethodCallExpr,org.apache.ratis.server.impl.RaftConfigurationImpl,getPeer,C:\Users\tyin363\Documents\repos\apache__ratis\ratis-server\src\main\java\org\apache\ratis\server\impl\VoteContext.java,60
JDK:java.base:N/A:N/A,ClassOrInterfaceType,java.lang.Long,Long,C:\Users\tyin363\Documents\repos\apache__ratis\ratis-server\src\main\java\org\apache\ratis\server\impl\WriteIndexCache.java,49
CLIENT:client-code:N/A:N/A,MethodCallExpr,org.apache.ratis.server.impl.FollowerState,shouldRun,C:\Users\tyin363\Documents\repos\apache__ratis\ratis-server\src\main\java\org\apache\ratis\server\impl\FollowerState.java,146
CLIENT:client-code:N/A:N/A,NameExpr,org.apache.ratis.server.raftlog.segmented.SegmentedRaftLogInputStream,state,C:\Users\tyin363\Documents\repos\apache__ratis\ratis-server\src\main\java\org\apache\ratis\server\raftlog\segmented\SegmentedRaftLogInputStream.java,144
org.apache.ratis:ratis-common:jar:3.1.3,MethodCallExpr,org.apache.ratis.util.Preconditions,assertEquals,C:\Users\tyin363\Documents\repos\apache__ratis\ratis-server\src\main\java\org\apache\ratis\server\impl\PendingRequests.java,276
CLIENT:client-code:N/A:N/A,NameExpr,org.apache.ratis.server.impl.FollowerState,server,C:\Users\tyin363\Documents\repos\apache__ratis\ratis-server\src\main\java\org\apache\ratis\server\impl\FollowerState.java,95
org.apache.ratis:ratis-server-api:jar:3.1.3,ClassOrInterfaceType,org.apache.ratis.server.protocol.TermIndex,TermIndex,C:\Users\tyin363\Documents\repos\apache__ratis\ratis-server\src\main\java\org\apache\ratis\server\impl\VoteContext.java,144
CLIENT:client-code:N/A:N/A,NameExpr,org.apache.ratis.server.impl.VoteContext,impl,C:\Users\tyin363\Documents\repos\apache__ratis\ratis-server\src\main\java\org\apache\ratis\server\impl\VoteContext.java,155
,MethodCallExpr,org.apache.ratis.proto.RaftProtos.AppendEntriesReplyProto,getTerm,C:\Users\tyin363\Documents\repos\apache__ratis\ratis-server\src\main\java\org\apache\ratis\server\util\ServerStringUtils.java,68
CLIENT:client-code:N/A:N/A,FieldAccessExpr,org.apache.ratis.server.raftlog.segmented.LogSegmentStartEnd,startIndex,C:\Users\tyin363\Documents\repos\apache__ratis\ratis-server\src\main\java\org\apache\ratis\server\raftlog\segmented\LogSegmentStartEnd.java,137
JDK:java.base:N/A:N/A,MethodCallExpr,java.util.Map,get,C:\Users\tyin363\Documents\repos\apache__ratis\ratis-server\src\main\java\org\apache\ratis\server\impl\ConfigurationManager.java,67
JDK:java.base:N/A:N/A,ClassOrInterfaceType,java.io.InputStream,InputStream,C:\Users\tyin363\Documents\repos\apache__ratis\ratis-server\src\main\java\org\apache\ratis\server\storage\FileChunkReader.java,67
CLIENT:client-code:N/A:N/A,MethodCallExpr,org.apache.ratis.server.impl.MessageStreamRequests.PendingStream,getBytes,C:\Users\tyin363\Documents\repos\apache__ratis\ratis-server\src\main\java\org\apache\ratis\server\impl\MessageStreamRequests.java,104
JDK:java.base:N/A:N/A,ClassOrInterfaceType,java.io.InterruptedIOException,InterruptedIOException,C:\Users\tyin363\Documents\repos\apache__ratis\ratis-server\src\main\java\org\apache\ratis\server\leader\LogAppenderDefault.java,106
CLIENT:client-code:N/A:N/A,MethodCallExpr,org.apache.ratis.server.leader.LogAppenderBase,getFollower,C:\Users\tyin363\Documents\repos\apache__ratis\ratis-server\src\main\java\org\apache\ratis\server\leader\LogAppenderDefault.java,172
CLIENT:client-code:N/A:N/A,NameExpr,org.apache.ratis.server.raftlog.segmented.SegmentedRaftLogReader,temp,C:\Users\tyin363\Documents\repos\apache__ratis\ratis-server\src\main\java\org\apache\ratis\server\raftlog\segmented\SegmentedRaftLogReader.java,195
org.apache.ratis:ratis-metrics-api:jar:3.1.3,ClassOrInterfaceType,org.apache.ratis.metrics.MetricRegistryInfo,MetricRegistryInfo,C:\Users\tyin363\Documents\repos\apache__ratis\ratis-server\src\main\java\org\apache\ratis\server\metrics\RaftLogMetricsBase.java,46
JDK:java.base:N/A:N/A,ClassOrInterfaceType,java.util.concurrent.CompletableFuture,CompletableFuture,C:\Users\tyin363\Documents\repos\apache__ratis\ratis-server\src\main\java\org\apache\ratis\server\impl\MessageStreamRequests.java,59
org.apache.ratis:ratis-common:jar:3.1.3,MethodCallExpr,org.apache.ratis.util.Timestamp,elapsedTime,C:\Users\tyin363\Documents\repos\apache__ratis\ratis-server\src\main\java\org\apache\ratis\server\impl\FollowerState.java,139
JDK:java.base:N/A:N/A,ClassOrInterfaceType,java.io.IOException,IOException,C:\Users\tyin363\Documents\repos\apache__ratis\ratis-server\src\main\java\org\apache\ratis\server\raftlog\segmented\SegmentedRaftLogReader.java,121
org.slf4j:slf4j-api:jar:2.0.7,ClassOrInterfaceType,org.slf4j.Logger,Logger,C:\Users\tyin363\Documents\repos\apache__ratis\ratis-server\src\main\java\org\apache\ratis\server\impl\PendingRequests.java,52
org.apache.ratis:ratis-common:jar:3.1.3,ClassOrInterfaceType,org.apache.ratis.datastream.SupportedDataStreamType,SupportedDataStreamType,C:\Users\tyin363\Documents\repos\apache__ratis\ratis-server\src\main\java\org\apache\ratis\server\DisabledDataStreamServerFactory.java,51
CLIENT:client-code:N/A:N/A,MethodCallExpr,org.apache.ratis.server.impl.VoteContext,reject,C:\Users\tyin363\Documents\repos\apache__ratis\ratis-server\src\main\java\org\apache\ratis\server\impl\VoteContext.java,161
,MethodCallExpr,org.apache.ratis.proto.RaftProtos.RequestVoteReplyProto,getServerReply,C:\Users\tyin363\Documents\repos\apache__ratis\ratis-server\src\main\java\org\apache\ratis\server\util\ServerStringUtils.java,121
CLIENT:client-code:N/A:N/A,ClassOrInterfaceType,org.apache.ratis.server.raftlog.segmented.LogSegment,LogSegment,C:\Users\tyin363\Documents\repos\apache__ratis\ratis-server\src\main\java\org\apache\ratis\server\raftlog\segmented\CacheInvalidationPolicy.java,77
JDK:java.base:N/A:N/A,ClassOrInterfaceType,java.lang.Long,Long,C:\Users\tyin363\Documents\repos\apache__ratis\ratis-server\src\main\java\org\apache\ratis\server\impl\ConfigurationManager.java,98
CLIENT:client-code:N/A:N/A,MethodCallExpr,org.apache.ratis.server.raftlog.segmented.SegmentedRaftLogInputStream,nextEntry,C:\Users\tyin363\Documents\repos\apache__ratis\ratis-server\src\main\java\org\apache\ratis\server\raftlog\segmented\SegmentedRaftLogInputStream.java,212
JDK:java.base:N/A:N/A,ClassOrInterfaceType,java.io.IOException,IOException,C:\Users\tyin363\Documents\repos\apache__ratis\ratis-server\src\main\java\org\apache\ratis\server\storage\FileChunkReader.java,108
CLIENT:client-code:N/A:N/A,NameExpr,org.apache.ratis.server.impl.PendingRequests,pendingRequests,C:\Users\tyin363\Documents\repos\apache__ratis\ratis-server\src\main\java\org\apache\ratis\server\impl\PendingRequests.java,237
CLIENT:client-code:N/A:N/A,ObjectCreationExpr,org.apache.ratis.server.impl.PendingRequests.Permit,Permit,C:\Users\tyin363\Documents\repos\apache__ratis\ratis-server\src\main\java\org\apache\ratis\server\impl\PendingRequests.java,149
org.apache.ratis:ratis-common:jar:3.1.3,ClassOrInterfaceType,org.apache.ratis.util.ResourceSemaphore,ResourceSemaphore,C:\Users\tyin363\Documents\repos\apache__ratis\ratis-server\src\main\java\org\apache\ratis\server\impl\PendingRequests.java,71
CLIENT:client-code:N/A:N/A,NameExpr,org.apache.ratis.server.raftlog.segmented.SegmentedRaftLogReader,limiter,C:\Users\tyin363\Documents\repos\apache__ratis\ratis-server\src\main\java\org\apache\ratis\server\raftlog\segmented\SegmentedRaftLogReader.java,257
org.apache.ratis:ratis-server-api:jar:3.1.3,MethodCallExpr,org.apache.ratis.server.DataStreamServerFactory,newInstance,C:\Users\tyin363\Documents\repos\apache__ratis\ratis-server\src\main\java\org\apache\ratis\server\impl\DataStreamServerImpl.java,39
,ClassOrInterfaceType,org.apache.ratis.proto.RaftProtos.CommitInfoProto,CommitInfoProto,C:\Users\tyin363\Documents\repos\apache__ratis\ratis-server\src\main\java\org\apache\ratis\server\impl\PendingRequests.java,188
,NameExpr,org.apache.ratis.statemachine.impl.TransactionContextImpl,stateMachineContext,C:\Users\tyin363\Documents\repos\apache__ratis\ratis-server\src\main\java\org\apache\ratis\statemachine\impl\TransactionContextImpl.java,147
,ClassOrInterfaceType,org.apache.ratis.proto.RaftProtos.LogEntryProto,LogEntryProto,C:\Users\tyin363\Documents\repos\apache__ratis\ratis-server\src\main\java\org\apache\ratis\server\raftlog\memory\MemoryRaftLog.java,47
CLIENT:client-code:N/A:N/A,NameExpr,org.apache.ratis.server.impl.FollowerState,LOG,C:\Users\tyin363\Documents\repos\apache__ratis\ratis-server\src\main\java\org\apache\ratis\server\impl\FollowerState.java,171
JDK:java.base:N/A:N/A,MethodCallExpr,java.util.concurrent.atomic.AtomicReference,get,C:\Users\tyin363\Documents\repos\apache__ratis\ratis-server\src\main\java\org\apache\ratis\server\raftlog\memory\MemoryRaftLog.java,240
org.apache.ratis:ratis-common:jar:3.1.3,MethodCallExpr,org.apache.ratis.util.Preconditions,assertTrue,C:\Users\tyin363\Documents\repos\apache__ratis\ratis-server\src\main\java\org\apache\ratis\server\impl\MessageStreamRequests.java,89
JDK:java.base:N/A:N/A,MethodCallExpr,java.io.FilterInputStream,skip,C:\Users\tyin363\Documents\repos\apache__ratis\ratis-server\src\main\java\org\apache\ratis\server\raftlog\segmented\SegmentedRaftLogReader.java,139
org.apache.ratis:ratis-common:jar:3.1.3,ClassOrInterfaceType,org.apache.ratis.protocol.RaftPeerId,RaftPeerId,C:\Users\tyin363\Documents\repos\apache__ratis\ratis-server\src\main\java\org\apache\ratis\server\leader\LeaderProtoUtils.java,64
org.apache.ratis:ratis-server-api:jar:3.1.3,ClassOrInterfaceType,org.apache.ratis.server.storage.FileInfo,FileInfo,C:\Users\tyin363\Documents\repos\apache__ratis\ratis-server\src\main\java\org\apache\ratis\statemachine\impl\SingleFileSnapshotInfo.java,40
CLIENT:client-code:N/A:N/A,MethodCallExpr,org.apache.ratis.server.impl.PendingRequests.RequestMap,put,C:\Users\tyin363\Documents\repos\apache__ratis\ratis-server\src\main\java\org\apache\ratis\server\impl\PendingRequests.java,237
org.apache.ratis:ratis-server-api:jar:3.1.3,MethodCallExpr,org.apache.ratis.server.leader.LogAppender,getServerRpc,C:\Users\tyin363\Documents\repos\apache__ratis\ratis-server\src\main\java\org\apache\ratis\server\leader\LogAppenderDefault.java,213
CLIENT:client-code:N/A:N/A,NameExpr,org.apache.ratis.server.raftlog.segmented.SegmentedRaftLogReader.LimitedInputStream,curPos,C:\Users\tyin363\Documents\repos\apache__ratis\ratis-server\src\main\java\org\apache\ratis\server\raftlog\segmented\SegmentedRaftLogReader.java,89
org.apache.ratis:ratis-common:jar:3.1.3,ClassOrInterfaceType,org.apache.ratis.protocol.RaftPeerId,RaftPeerId,C:\Users\tyin363\Documents\repos\apache__ratis\ratis-server\src\main\java\org\apache\ratis\server\impl\ConfigurationManager.java,40
JDK:java.base:N/A:N/A,ClassOrInterfaceType,java.util.concurrent.CompletableFuture,CompletableFuture,C:\Users\tyin363\Documents\repos\apache__ratis\ratis-server\src\main\java\org\apache\ratis\server\impl\WriteIndexCache.java,50
CLIENT:client-code:N/A:N/A,NameExpr,org.apache.ratis.server.raftlog.memory.MemoryRaftLog,entries,C:\Users\tyin363\Documents\repos\apache__ratis\ratis-server\src\main\java\org\apache\ratis\server\raftlog\memory\MemoryRaftLog.java,131
CLIENT:client-code:N/A:N/A,ObjectCreationExpr,org.apache.ratis.server.raftlog.segmented.LogSegmentStartEnd,LogSegmentStartEnd,C:\Users\tyin363\Documents\repos\apache__ratis\ratis-server\src\main\java\org\apache\ratis\server\raftlog\segmented\LogSegmentStartEnd.java,62
CLIENT:client-code:N/A:N/A,MethodCallExpr,org.apache.ratis.server.raftlog.segmented.LogSegmentStartEnd,isOpen,C:\Users\tyin363\Documents\repos\apache__ratis\ratis-server\src\main\java\org\apache\ratis\server\raftlog\segmented\SegmentedRaftLogInputStream.java,122
org.slf4j:slf4j-api:jar:2.0.7,MethodCallExpr,org.slf4j.Logger,debug,C:\Users\tyin363\Documents\repos\apache__ratis\ratis-server\src\main\java\org\apache\ratis\server\impl\PendingRequests.java,194
JDK:java.base:N/A:N/A,MethodCallExpr,java.util.List,add,C:\Users\tyin363\Documents\repos\apache__ratis\ratis-server\src\main\java\org\apache\ratis\server\impl\PendingRequests.java,204
CLIENT:client-code:N/A:N/A,FieldAccessExpr,org.apache.ratis.server.impl.ConfigurationManager,initialConf,C:\Users\tyin363\Documents\repos\apache__ratis\ratis-server\src\main\java\org\apache\ratis\server\impl\ConfigurationManager.java,53
CLIENT:client-code:N/A:N/A,ClassOrInterfaceType,org.apache.ratis.server.raftlog.segmented.LogSegmentStartEnd,LogSegmentStartEnd,C:\Users\tyin363\Documents\repos\apache__ratis\ratis-server\src\main\java\org\apache\ratis\server\raftlog\segmented\SegmentedRaftLogInputStream.java,73
CLIENT:client-code:N/A:N/A,NameExpr,org.apache.ratis.server.impl.PendingRequests.RequestMap,permits,C:\Users\tyin363\Documents\repos\apache__ratis\ratis-server\src\main\java\org\apache\ratis\server\impl\PendingRequests.java,191
JDK:java.base:N/A:N/A,ClassOrInterfaceType,java.lang.Void,Void,C:\Users\tyin363\Documents\repos\apache__ratis\ratis-server\src\main\java\org\apache\ratis\server\impl\FollowerState.java,66
org.apache.ratis:ratis-server-api:jar:3.1.3,ClassOrInterfaceType,org.apache.ratis.server.storage.FileInfo,FileInfo,C:\Users\tyin363\Documents\repos\apache__ratis\ratis-server\src\main\java\org\apache\ratis\statemachine\impl\SingleFileSnapshotInfo.java,35
CLIENT:client-code:N/A:N/A,NameExpr,org.apache.ratis.server.impl.DataStreamMapImpl,map,C:\Users\tyin363\Documents\repos\apache__ratis\ratis-server\src\main\java\org\apache\ratis\server\impl\DataStreamMapImpl.java,50
JDK:java.base:N/A:N/A,MethodCallExpr,java.util.List,clear,C:\Users\tyin363\Documents\repos\apache__ratis\ratis-server\src\main\java\org\apache\ratis\server\raftlog\memory\MemoryRaftLog.java,65
JDK:java.base:N/A:N/A,MethodCallExpr,java.util.concurrent.CompletableFuture,completedFuture,C:\Users\tyin363\Documents\repos\apache__ratis\ratis-server\src\main\java\org\apache\ratis\server\raftlog\memory\MemoryRaftLog.java,157
,MethodCallExpr,org.apache.ratis.proto.RaftProtos.AppendEntriesRequestProto,getServerRequest,C:\Users\tyin363\Documents\repos\apache__ratis\ratis-server\src\main\java\org\apache\ratis\server\util\ServerStringUtils.java,54
org.apache.ratis:ratis-common:jar:3.1.3,MethodCallExpr,org.apache.ratis.protocol.Message,getSize,C:\Users\tyin363\Documents\repos\apache__ratis\ratis-server\src\main\java\org\apache\ratis\server\impl\PendingRequests.java,121
,ClassOrInterfaceType,org.apache.ratis.proto.RaftProtos.LogEntryProto,LogEntryProto,C:\Users\tyin363\Documents\repos\apache__ratis\ratis-server\src\main\java\org\apache\ratis\server\raftlog\memory\MemoryRaftLog.java,169
JDK:java.base:N/A:N/A,ClassOrInterfaceType,java.util.regex.Pattern,Pattern,C:\Users\tyin363\Documents\repos\apache__ratis\ratis-server\src\main\java\org\apache\ratis\server\raftlog\segmented\LogSegmentStartEnd.java,49
org.apache.ratis:ratis-thirdparty-misc:jar:1.0.9,ClassOrInterfaceType,org.apache.ratis.thirdparty.com.google.protobuf.ByteString,ByteString,C:\Users\tyin363\Documents\repos\apache__ratis\ratis-server\src\main\java\org\apache\ratis\statemachine\impl\TransactionContextImpl.java,92
CLIENT:client-code:N/A:N/A,MethodCallExpr,org.apache.ratis.server.impl.ServerState,getVotedFor,C:\Users\tyin363\Documents\repos\apache__ratis\ratis-server\src\main\java\org\apache\ratis\server\impl\VoteContext.java,80
org.apache.ratis:ratis-common:jar:3.1.3,ClassOrInterfaceType,org.apache.ratis.protocol.RaftPeer,RaftPeer,C:\Users\tyin363\Documents\repos\apache__ratis\ratis-server\src\main\java\org\apache\ratis\server\impl\VoteContext.java,115
CLIENT:client-code:N/A:N/A,ClassOrInterfaceType,org.apache.ratis.server.storage.RaftStorageDirectoryImpl,RaftStorageDirectoryImpl,C:\Users\tyin363\Documents\repos\apache__ratis\ratis-server\src\main\java\org\apache\ratis\server\storage\RaftStorageImpl.java,79
,MethodCallExpr,org.apache.ratis.proto.RaftProtos.AppendEntriesReplyProto,getResult,C:\Users\tyin363\Documents\repos\apache__ratis\ratis-server\src\main\java\org\apache\ratis\server\leader\LogAppenderDefault.java,205
CLIENT:client-code:N/A:N/A,NameExpr,org.apache.ratis.server.raftlog.segmented.SegmentedRaftLogReader,in,C:\Users\tyin363\Documents\repos\apache__ratis\ratis-server\src\main\java\org\apache\ratis\server\raftlog\segmented\SegmentedRaftLogReader.java,156
JDK:java.base:N/A:N/A,MethodCallExpr,java.lang.Object,getClass,C:\Users\tyin363\Documents\repos\apache__ratis\ratis-server\src\main\java\org\apache\ratis\server\impl\PendingRequests.java,222
JDK:java.base:N/A:N/A,MethodCallExpr,java.util.List,isEmpty,C:\Users\tyin363\Documents\repos\apache__ratis\ratis-server\src\main\java\org\apache\ratis\server\raftlog\memory\MemoryRaftLog.java,186
org.slf4j:slf4j-api:jar:2.0.7,MethodCallExpr,org.slf4j.Logger,trace,C:\Users\tyin363\Documents\repos\apache__ratis\ratis-server\src\main\java\org\apache\ratis\server\raftlog\segmented\SegmentedRaftLogReader.java,220
CLIENT:client-code:N/A:N/A,NameExpr,org.apache.ratis.server.raftlog.segmented.SegmentedRaftLogInputStream,state,C:\Users\tyin363\Documents\repos\apache__ratis\ratis-server\src\main\java\org\apache\ratis\server\raftlog\segmented\SegmentedRaftLogInputStream.java,149
org.apache.ratis:ratis-common:jar:3.1.3,MethodCallExpr,org.apache.ratis.protocol.RaftClientRequest,getType,C:\Users\tyin363\Documents\repos\apache__ratis\ratis-server\src\main\java\org\apache\ratis\server\impl\MessageStreamRequests.java,96
org.apache.ratis:ratis-common:jar:3.1.3,ClassOrInterfaceType,org.apache.ratis.protocol.RaftPeer,RaftPeer,C:\Users\tyin363\Documents\repos\apache__ratis\ratis-server\src\main\java\org\apache\ratis\server\impl\VoteContext.java,114
CLIENT:client-code:N/A:N/A,NameExpr,org.apache.ratis.server.raftlog.segmented.SegmentedRaftLogReader.LimitedInputStream,limitPos,C:\Users\tyin363\Documents\repos\apache__ratis\ratis-server\src\main\java\org\apache\ratis\server\raftlog\segmented\SegmentedRaftLogReader.java,134
CLIENT:client-code:N/A:N/A,NameExpr,org.apache.ratis.server.impl.VoteContext,candidateId,C:\Users\tyin363\Documents\repos\apache__ratis\ratis-server\src\main\java\org\apache\ratis\server\impl\VoteContext.java,50
CLIENT:client-code:N/A:N/A,FieldAccessExpr,org.apache.ratis.server.impl.FollowerState,isRunning,C:\Users\tyin363\Documents\repos\apache__ratis\ratis-server\src\main\java\org\apache\ratis\server\impl\FollowerState.java,99
JDK:java.base:N/A:N/A,MethodCallExpr,java.util.concurrent.CompletableFuture,complete,C:\Users\tyin363\Documents\repos\apache__ratis\ratis-server\src\main\java\org\apache\ratis\server\impl\FollowerState.java,132
CLIENT:client-code:N/A:N/A,ClassOrInterfaceType,org.apache.ratis.server.raftlog.segmented.LogSegmentStartEnd,LogSegmentStartEnd,C:\Users\tyin363\Documents\repos\apache__ratis\ratis-server\src\main\java\org\apache\ratis\server\raftlog\segmented\LogSegmentStartEnd.java,111
org.apache.ratis:ratis-server-api:jar:3.1.3,MethodCallExpr,org.apache.ratis.server.leader.FollowerInfo,updateLastRespondedAppendEntriesSendTime,C:\Users\tyin363\Documents\repos\apache__ratis\ratis-server\src\main\java\org\apache\ratis\server\leader\LogAppenderDefault.java,86
CLIENT:client-code:N/A:N/A,MethodCallExpr,org.apache.ratis.server.raftlog.segmented.CacheInvalidationPolicy.CacheInvalidationPolicyDefault,evictImpl,C:\Users\tyin363\Documents\repos\apache__ratis\ratis-server\src\main\java\org\apache\ratis\server\raftlog\segmented\CacheInvalidationPolicy.java,53
JDK:java.base:N/A:N/A,MethodCallExpr,java.io.DataInputStream,read,C:\Users\tyin363\Documents\repos\apache__ratis\ratis-server\src\main\java\org\apache\ratis\server\raftlog\segmented\SegmentedRaftLogReader.java,175
org.apache.ratis:ratis-server-api:jar:3.1.3,ClassOrInterfaceType,org.apache.ratis.server.DataStreamServerRpc,DataStreamServerRpc,C:\Users\tyin363\Documents\repos\apache__ratis\ratis-server\src\main\java\org\apache\ratis\server\impl\DataStreamServerImpl.java,43
org.apache.ratis:ratis-server-api:jar:3.1.3,ClassOrInterfaceType,org.apache.ratis.statemachine.SnapshotInfo,SnapshotInfo,C:\Users\tyin363\Documents\repos\apache__ratis\ratis-server\src\main\java\org\apache\ratis\server\leader\LogAppenderDefault.java,139
org.apache.ratis:ratis-common:jar:3.1.3,MethodCallExpr,org.apache.ratis.util.JavaUtils,getClassSimpleName,C:\Users\tyin363\Documents\repos\apache__ratis\ratis-server\src\main\java\org\apache\ratis\server\impl\DataStreamMapImpl.java,39
,ClassOrInterfaceType,org.apache.ratis.proto.RaftProtos.LogEntryProto,LogEntryProto,C:\Users\tyin363\Documents\repos\apache__ratis\ratis-server\src\main\java\org\apache\ratis\server\raftlog\segmented\SegmentedRaftLogInputStream.java,119
CLIENT:client-code:N/A:N/A,NameExpr,org.apache.ratis.server.storage.FileChunkReader,digester,C:\Users\tyin363\Documents\repos\apache__ratis\ratis-server\src\main\java\org\apache\ratis\server\storage\FileChunkReader.java,87
CLIENT:client-code:N/A:N/A,ClassOrInterfaceType,org.apache.ratis.server.impl.FollowerState,FollowerState,C:\Users\tyin363\Documents\repos\apache__ratis\ratis-server\src\main\java\org\apache\ratis\server\impl\FollowerState.java,57
org.slf4j:slf4j-api:jar:2.0.7,MethodCallExpr,org.slf4j.LoggerFactory,getLogger,C:\Users\tyin363\Documents\repos\apache__ratis\ratis-server\src\main\java\org\apache\ratis\server\raftlog\segmented\SegmentedRaftLogInputStream.java,40
CLIENT:client-code:N/A:N/A,MethodCallExpr,org.apache.ratis.server.raftlog.segmented.SegmentedRaftLogCache.LogSegmentList,get,C:\Users\tyin363\Documents\repos\apache__ratis\ratis-server\src\main\java\org\apache\ratis\server\raftlog\segmented\CacheInvalidationPolicy.java,117
CLIENT:client-code:N/A:N/A,FieldAccessExpr,org.apache.ratis.server.impl.DivisionPropertiesImpl,rpcSlownessTimeout,C:\Users\tyin363\Documents\repos\apache__ratis\ratis-server\src\main\java\org\apache\ratis\server\impl\DivisionPropertiesImpl.java,39
CLIENT:client-code:N/A:N/A,FieldAccessExpr,org.apache.ratis.server.raftlog.segmented.SegmentedRaftLogInputStream,maxOpSize,C:\Users\tyin363\Documents\repos\apache__ratis\ratis-server\src\main\java\org\apache\ratis\server\raftlog\segmented\SegmentedRaftLogInputStream.java,75
CLIENT:client-code:N/A:N/A,NameExpr,org.apache.ratis.server.raftlog.segmented.SegmentedRaftLogReader,in,C:\Users\tyin363\Documents\repos\apache__ratis\ratis-server\src\main\java\org\apache\ratis\server\raftlog\segmented\SegmentedRaftLogReader.java,290
org.apache.ratis:ratis-common:jar:3.1.3,ClassOrInterfaceType,org.apache.ratis.protocol.RaftClientRequest,RaftClientRequest,C:\Users\tyin363\Documents\repos\apache__ratis\ratis-server\src\main\java\org\apache\ratis\server\impl\WriteIndexCache.java,59
CLIENT:client-code:N/A:N/A,ObjectCreationExpr,org.apache.ratis.server.raftlog.segmented.LogSegmentStartEnd,LogSegmentStartEnd,C:\Users\tyin363\Documents\repos\apache__ratis\ratis-server\src\main\java\org\apache\ratis\server\raftlog\segmented\LogSegmentStartEnd.java,66
JDK:java.base:N/A:N/A,ClassOrInterfaceType,java.io.IOException,IOException,C:\Users\tyin363\Documents\repos\apache__ratis\ratis-server\src\main\java\org\apache\ratis\server\raftlog\segmented\SegmentedRaftLogInputStream.java,177
CLIENT:client-code:N/A:N/A,ClassOrInterfaceType,org.apache.ratis.server.leader.LogAppenderBase,LogAppenderBase,C:\Users\tyin363\Documents\repos\apache__ratis\ratis-server\src\main\java\org\apache\ratis\server\leader\LogAppenderDefault.java,43
CLIENT:client-code:N/A:N/A,MethodCallExpr,org.apache.ratis.server.leader.LogAppenderDefault,installSnapshot,C:\Users\tyin363\Documents\repos\apache__ratis\ratis-server\src\main\java\org\apache\ratis\server\leader\LogAppenderDefault.java,144
org.apache.ratis:ratis-server-api:jar:3.1.3,FieldAccessExpr,org.apache.ratis.server.raftlog.RaftLog,INVALID_LOG_INDEX,C:\Users\tyin363\Documents\repos\apache__ratis\ratis-server\src\main\java\org\apache\ratis\server\leader\LogAppenderDefault.java,162
CLIENT:client-code:N/A:N/A,NameExpr,org.apache.ratis.server.impl.FollowerState,LOG,C:\Users\tyin363\Documents\repos\apache__ratis\ratis-server\src\main\java\org\apache\ratis\server\impl\FollowerState.java,175
CLIENT:client-code:N/A:N/A,FieldAccessExpr,org.apache.ratis.server.impl.PendingRequests,name,C:\Users\tyin363\Documents\repos\apache__ratis\ratis-server\src\main\java\org\apache\ratis\server\impl\PendingRequests.java,222
JDK:java.base:N/A:N/A,MethodCallExpr,java.util.Map,get,C:\Users\tyin363\Documents\repos\apache__ratis\ratis-server\src\main\java\org\apache\ratis\server\impl\PendingRequests.java,167
CLIENT:client-code:N/A:N/A,NameExpr,org.apache.ratis.server.raftlog.memory.MemoryRaftLog,entries,C:\Users\tyin363\Documents\repos\apache__ratis\ratis-server\src\main\java\org\apache\ratis\server\raftlog\memory\MemoryRaftLog.java,127
JDK:java.base:N/A:N/A,MethodCallExpr,java.io.FilterInputStream,mark,C:\Users\tyin363\Documents\repos\apache__ratis\ratis-server\src\main\java\org\apache\ratis\server\raftlog\segmented\SegmentedRaftLogReader.java,267
org.apache.ratis:ratis-common:jar:3.1.3,ClassOrInterfaceType,org.apache.ratis.util.AutoCloseableLock,AutoCloseableLock,C:\Users\tyin363\Documents\repos\apache__ratis\ratis-server\src\main\java\org\apache\ratis\server\raftlog\memory\MemoryRaftLog.java,118
CLIENT:client-code:N/A:N/A,MethodCallExpr,org.apache.ratis.server.impl.FollowerState,shouldRun,C:\Users\tyin363\Documents\repos\apache__ratis\ratis-server\src\main\java\org\apache\ratis\server\impl\FollowerState.java,156
JDK:java.base:N/A:N/A,ClassOrInterfaceType,java.io.IOException,IOException,C:\Users\tyin363\Documents\repos\apache__ratis\ratis-server\src\main\java\org\apache\ratis\server\raftlog\segmented\SegmentedRaftLogReader.java,119
CLIENT:client-code:N/A:N/A,MethodCallExpr,org.apache.ratis.server.raftlog.segmented.LogSegmentStartEnd,getStartIndex,C:\Users\tyin363\Documents\repos\apache__ratis\ratis-server\src\main\java\org\apache\ratis\server\raftlog\segmented\LogSegmentStartEnd.java,116
org.apache.ratis:ratis-server-api:jar:3.1.3,MethodCallExpr,org.apache.ratis.server.protocol.TermIndex,valueOf,C:\Users\tyin363\Documents\repos\apache__ratis\ratis-server\src\main\java\org\apache\ratis\server\raftlog\memory\MemoryRaftLog.java,52
CLIENT:client-code:N/A:N/A,MethodCallExpr,org.apache.ratis.server.storage.RaftStorageDirectoryImpl,getMetaFile,C:\Users\tyin363\Documents\repos\apache__ratis\ratis-server\src\main\java\org\apache\ratis\server\storage\RaftStorageImpl.java,97
org.apache.ratis:ratis-common:jar:3.1.3,MethodCallExpr,org.apache.ratis.util.IOUtils,cleanup,C:\Users\tyin363\Documents\repos\apache__ratis\ratis-server\src\main\java\org\apache\ratis\server\raftlog\segmented\SegmentedRaftLogReader.java,357
org.slf4j:slf4j-api:jar:2.0.7,MethodCallExpr,org.slf4j.Logger,info,C:\Users\tyin363\Documents\repos\apache__ratis\ratis-server\src\main\java\org\apache\ratis\server\impl\VoteContext.java,49
org.apache.ratis:ratis-common:jar:3.1.3,MethodCallExpr,org.apache.ratis.util.FileUtils,deleteIfExists,C:\Users\tyin363\Documents\repos\apache__ratis\ratis-server\src\main\java\org\apache\ratis\server\storage\RaftStorageImpl.java,102
CLIENT:client-code:N/A:N/A,ObjectCreationExpr,org.apache.ratis.server.storage.RaftStorageImpl.MetaFile,MetaFile,C:\Users\tyin363\Documents\repos\apache__ratis\ratis-server\src\main\java\org\apache\ratis\server\storage\RaftStorageImpl.java,44
CLIENT:client-code:N/A:N/A,ObjectCreationExpr,org.apache.ratis.server.metrics.RaftLogMetricsBase,RaftLogMetricsBase,C:\Users\tyin363\Documents\repos\apache__ratis\ratis-server\src\main\java\org\apache\ratis\server\raftlog\memory\MemoryRaftLog.java,88
CLIENT:client-code:N/A:N/A,MethodCallExpr,org.apache.ratis.server.raftlog.segmented.SegmentedRaftLogInputStream,scanEditLog,C:\Users\tyin363\Documents\repos\apache__ratis\ratis-server\src\main\java\org\apache\ratis\server\raftlog\segmented\SegmentedRaftLogInputStream.java,186
org.apache.ratis:ratis-common:jar:3.1.3,MethodCallExpr,org.apache.ratis.util.Preconditions,assertTrue,C:\Users\tyin363\Documents\repos\apache__ratis\ratis-server\src\main\java\org\apache\ratis\server\impl\ConfigurationManager.java,69
JDK:java.base:N/A:N/A,ClassOrInterfaceType,java.lang.String,String,C:\Users\tyin363\Documents\repos\apache__ratis\ratis-server\src\main\java\org\apache\ratis\server\raftlog\segmented\LogSegmentStartEnd.java,98
org.apache.ratis:ratis-common:jar:3.1.3,ClassOrInterfaceType,org.apache.ratis.util.SizeInBytes,SizeInBytes,C:\Users\tyin363\Documents\repos\apache__ratis\ratis-server\src\main\java\org\apache\ratis\server\storage\RaftStorageImpl.java,46
CLIENT:client-code:N/A:N/A,NameExpr,org.apache.ratis.server.storage.FileChunkReader,digester,C:\Users\tyin363\Documents\repos\apache__ratis\ratis-server\src\main\java\org\apache\ratis\server\storage\FileChunkReader.java,89
org.apache.ratis:ratis-server-api:jar:3.1.3,ClassOrInterfaceType,org.apache.ratis.server.storage.FileInfo,FileInfo,C:\Users\tyin363\Documents\repos\apache__ratis\ratis-server\src\main\java\org\apache\ratis\statemachine\impl\SingleFileSnapshotInfo.java,31
org.apache.ratis:ratis-server-api:jar:3.1.3,ClassOrInterfaceType,org.apache.ratis.server.DivisionProperties,DivisionProperties,C:\Users\tyin363\Documents\repos\apache__ratis\ratis-server\src\main\java\org\apache\ratis\server\impl\DivisionPropertiesImpl.java,26
CLIENT:client-code:N/A:N/A,MethodCallExpr,org.apache.ratis.server.raftlog.segmented.SegmentedRaftLogReader,close,C:\Users\tyin363\Documents\repos\apache__ratis\ratis-server\src\main\java\org\apache\ratis\server\raftlog\segmented\SegmentedRaftLogInputStream.java,91
org.apache.ratis:ratis-common:jar:3.1.3,ClassOrInterfaceType,org.apache.ratis.protocol.RaftPeerId,RaftPeerId,C:\Users\tyin363\Documents\repos\apache__ratis\ratis-server\src\main\java\org\apache\ratis\server\impl\ConfigurationManager.java,51
org.apache.ratis:ratis-thirdparty-misc:jar:1.0.9,MethodCallExpr,org.apache.ratis.thirdparty.com.google.common.cache.CacheBuilder,newBuilder,C:\Users\tyin363\Documents\repos\apache__ratis\ratis-server\src\main\java\org\apache\ratis\server\impl\WriteIndexCache.java,44
CLIENT:client-code:N/A:N/A,MethodCallExpr,org.apache.ratis.server.metrics.RaftServerMetricsImpl,onRequestQueueLimitHit,C:\Users\tyin363\Documents\repos\apache__ratis\ratis-server\src\main\java\org\apache\ratis\server\impl\PendingRequests.java,126
CLIENT:client-code:N/A:N/A,MethodCallExpr,org.apache.ratis.server.leader.LogAppenderBase,getLeaderState,C:\Users\tyin363\Documents\repos\apache__ratis\ratis-server\src\main\java\org\apache\ratis\server\leader\LogAppenderDefault.java,88
org.apache.ratis:ratis-common:jar:3.1.3,ClassOrInterfaceType,org.apache.ratis.util.OpenCloseState,OpenCloseState,C:\Users\tyin363\Documents\repos\apache__ratis\ratis-server\src\main\java\org\apache\ratis\server\raftlog\segmented\SegmentedRaftLogInputStream.java,68
,MethodCallExpr,org.apache.ratis.proto.RaftProtos.InstallSnapshotRequestProto.NotificationProto,getFirstAvailableTermIndex,C:\Users\tyin363\Documents\repos\apache__ratis\ratis-server\src\main\java\org\apache\ratis\server\util\ServerStringUtils.java,87
CLIENT:client-code:N/A:N/A,MethodCallExpr,org.apache.ratis.server.impl.VoteContext,reject,C:\Users\tyin363\Documents\repos\apache__ratis\ratis-server\src\main\java\org\apache\ratis\server\impl\VoteContext.java,155
JDK:java.base:N/A:N/A,MethodCallExpr,java.util.Collections,singleton,C:\Users\tyin363\Documents\repos\apache__ratis\ratis-server\src\main\java\org\apache\ratis\server\leader\LeaderProtoUtils.java,44
JDK:java.base:N/A:N/A,MethodCallExpr,java.util.List,subList,C:\Users\tyin363\Documents\repos\apache__ratis\ratis-server\src\main\java\org\apache\ratis\server\raftlog\memory\MemoryRaftLog.java,65
JDK:java.base:N/A:N/A,ClassOrInterfaceType,java.lang.Exception,Exception,C:\Users\tyin363\Documents\repos\apache__ratis\ratis-server\src\main\java\org\apache\ratis\statemachine\impl\TransactionContextImpl.java,170
CLIENT:client-code:N/A:N/A,NameExpr,org.apache.ratis.server.impl.PendingRequests,pendingRequests,C:\Users\tyin363\Documents\repos\apache__ratis\ratis-server\src\main\java\org\apache\ratis\server\impl\PendingRequests.java,232
CLIENT:client-code:N/A:N/A,ClassOrInterfaceType,org.apache.ratis.server.metrics.SegmentedRaftLogMetrics,SegmentedRaftLogMetrics,C:\Users\tyin363\Documents\repos\apache__ratis\ratis-server\src\main\java\org\apache\ratis\server\raftlog\segmented\SegmentedRaftLogInputStream.java,74
JDK:java.base:N/A:N/A,MethodCallExpr,java.lang.Math,toIntExact,C:\Users\tyin363\Documents\repos\apache__ratis\ratis-server\src\main\java\org\apache\ratis\server\raftlog\memory\MemoryRaftLog.java,145
CLIENT:client-code:N/A:N/A,MethodCallExpr,org.apache.ratis.server.impl.RaftServerImpl,getRaftConf,C:\Users\tyin363\Documents\repos\apache__ratis\ratis-server\src\main\java\org\apache\ratis\server\impl\VoteContext.java,39
org.apache.ratis:ratis-server-api:jar:3.1.3,MethodCallExpr,org.apache.ratis.statemachine.StateMachine,cancelTransaction,C:\Users\tyin363\Documents\repos\apache__ratis\ratis-server\src\main\java\org\apache\ratis\statemachine\impl\TransactionContextImpl.java,196
CLIENT:client-code:N/A:N/A,MethodCallExpr,org.apache.ratis.server.impl.RaftServerImpl,getRole,C:\Users\tyin363\Documents\repos\apache__ratis\ratis-server\src\main\java\org\apache\ratis\server\impl\VoteContext.java,137
JDK:java.base:N/A:N/A,MethodCallExpr,java.util.stream.LongStream,noneMatch,C:\Users\tyin363\Documents\repos\apache__ratis\ratis-server\src\main\java\org\apache\ratis\server\raftlog\segmented\CacheInvalidationPolicy.java,118
JDK:java.base:N/A:N/A,ClassOrInterfaceType,java.lang.Throwable,Throwable,C:\Users\tyin363\Documents\repos\apache__ratis\ratis-server\src\main\java\org\apache\ratis\server\storage\RaftStorageImpl.java,68
JDK:java.base:N/A:N/A,ClassOrInterfaceType,java.util.concurrent.CompletableFuture,CompletableFuture,C:\Users\tyin363\Documents\repos\apache__ratis\ratis-server\src\main\java\org\apache\ratis\server\impl\FollowerState.java,98
CLIENT:client-code:N/A:N/A,NameExpr,org.apache.ratis.server.impl.DataStreamMapImpl,map,C:\Users\tyin363\Documents\repos\apache__ratis\ratis-server\src\main\java\org\apache\ratis\server\impl\DataStreamMapImpl.java,44
org.slf4j:slf4j-api:jar:2.0.7,MethodCallExpr,org.slf4j.Logger,warn,C:\Users\tyin363\Documents\repos\apache__ratis\ratis-server\src\main\java\org\apache\ratis\server\impl\FollowerState.java,151
CLIENT:client-code:N/A:N/A,NameExpr,org.apache.ratis.server.raftlog.segmented.SegmentedRaftLogInputStream.LogValidation,endIndex,C:\Users\tyin363\Documents\repos\apache__ratis\ratis-server\src\main\java\org\apache\ratis\server\raftlog\segmented\SegmentedRaftLogInputStream.java,58
org.apache.ratis:ratis-thirdparty-misc:jar:1.0.9,ClassOrInterfaceType,org.apache.ratis.thirdparty.com.google.common.cache.Cache,Cache,C:\Users\tyin363\Documents\repos\apache__ratis\ratis-server\src\main\java\org\apache\ratis\server\impl\WriteIndexCache.java,34
CLIENT:client-code:N/A:N/A,NameExpr,org.apache.ratis.server.raftlog.segmented.SegmentedRaftLogInputStream,LOG,C:\Users\tyin363\Documents\repos\apache__ratis\ratis-server\src\main\java\org\apache\ratis\server\raftlog\segmented\SegmentedRaftLogInputStream.java,183
org.apache.ratis:ratis-common:jar:3.1.3,ClassOrInterfaceType,org.apache.ratis.conf.RaftProperties,RaftProperties,C:\Users\tyin363\Documents\repos\apache__ratis\ratis-server\src\main\java\org\apache\ratis\server\impl\WriteIndexCache.java,36
CLIENT:client-code:N/A:N/A,ClassOrInterfaceType,org.apache.ratis.server.metrics.SegmentedRaftLogMetrics,SegmentedRaftLogMetrics,C:\Users\tyin363\Documents\repos\apache__ratis\ratis-server\src\main\java\org\apache\ratis\server\raftlog\segmented\SegmentedRaftLogInputStream.java,71
JDK:java.base:N/A:N/A,MethodCallExpr,java.util.List,clear,C:\Users\tyin363\Documents\repos\apache__ratis\ratis-server\src\main\java\org\apache\ratis\server\raftlog\memory\MemoryRaftLog.java,71
JDK:java.base:N/A:N/A,ClassOrInterfaceType,java.util.concurrent.CompletableFuture,CompletableFuture,C:\Users\tyin363\Documents\repos\apache__ratis\ratis-server\src\main\java\org\apache\ratis\server\raftlog\memory\MemoryRaftLog.java,169
JDK:java.base:N/A:N/A,ClassOrInterfaceType,java.lang.Long,Long,C:\Users\tyin363\Documents\repos\apache__ratis\ratis-server\src\main\java\org\apache\ratis\statemachine\impl\TransactionContextImpl.java,75
CLIENT:client-code:N/A:N/A,MethodCallExpr,org.apache.ratis.server.impl.PendingRequests.RequestMap,putPermit,C:\Users\tyin363\Documents\repos\apache__ratis\ratis-server\src\main\java\org\apache\ratis\server\impl\PendingRequests.java,142
CLIENT:client-code:N/A:N/A,MethodCallExpr,org.apache.ratis.server.impl.PendingRequest,setReply,C:\Users\tyin363\Documents\repos\apache__ratis\ratis-server\src\main\java\org\apache\ratis\server\impl\PendingRequests.java,277
CLIENT:client-code:N/A:N/A,ClassOrInterfaceType,org.apache.ratis.server.raftlog.memory.MemoryRaftLog.EntryList,EntryList,C:\Users\tyin363\Documents\repos\apache__ratis\ratis-server\src\main\java\org\apache\ratis\server\raftlog\memory\MemoryRaftLog.java,80
CLIENT:client-code:N/A:N/A,NameExpr,org.apache.ratis.server.raftlog.segmented.SegmentedRaftLogReader,temp,C:\Users\tyin363\Documents\repos\apache__ratis\ratis-server\src\main\java\org\apache\ratis\server\raftlog\segmented\SegmentedRaftLogReader.java,188
JDK:java.base:N/A:N/A,ClassOrInterfaceType,java.lang.Object,Object,C:\Users\tyin363\Documents\repos\apache__ratis\ratis-server\src\main\java\org\apache\ratis\server\impl\FollowerState.java,69
CLIENT:client-code:N/A:N/A,NameExpr,org.apache.ratis.server.raftlog.segmented.SegmentedRaftLogReader.LimitedInputStream,curPos,C:\Users\tyin363\Documents\repos\apache__ratis\ratis-server\src\main\java\org\apache\ratis\server\raftlog\segmented\SegmentedRaftLogReader.java,79
org.apache.ratis:ratis-common:jar:3.1.3,ObjectCreationExpr,org.apache.ratis.protocol.exceptions.StreamException,StreamException,C:\Users\tyin363\Documents\repos\apache__ratis\ratis-server\src\main\java\org\apache\ratis\server\impl\MessageStreamRequests.java,51
CLIENT:client-code:N/A:N/A,NameExpr,org.apache.ratis.server.raftlog.segmented.SegmentedRaftLogReader,in,C:\Users\tyin363\Documents\repos\apache__ratis\ratis-server\src\main\java\org\apache\ratis\server\raftlog\segmented\SegmentedRaftLogReader.java,286
org.apache.ratis:ratis-server-api:jar:3.1.3,ClassOrInterfaceType,org.apache.ratis.server.DataStreamServer,DataStreamServer,C:\Users\tyin363\Documents\repos\apache__ratis\ratis-server\src\main\java\org\apache\ratis\server\impl\DataStreamServerImpl.java,32
CLIENT:client-code:N/A:N/A,ObjectCreationExpr,org.apache.ratis.server.raftlog.segmented.LogSegmentStartEnd,LogSegmentStartEnd,C:\Users\tyin363\Documents\repos\apache__ratis\ratis-server\src\main\java\org\apache\ratis\server\raftlog\segmented\LogSegmentStartEnd.java,70
CLIENT:client-code:N/A:N/A,MethodCallExpr,org.apache.ratis.server.raftlog.RaftLogBase,newEntryWithData,C:\Users\tyin363\Documents\repos\apache__ratis\ratis-server\src\main\java\org\apache\ratis\server\raftlog\memory\MemoryRaftLog.java,112
CLIENT:client-code:N/A:N/A,MethodCallExpr,org.apache.ratis.server.impl.PendingRequest,getRequest,C:\Users\tyin363\Documents\repos\apache__ratis\ratis-server\src\main\java\org\apache\ratis\server\impl\PendingRequests.java,251
org.apache.ratis:ratis-thirdparty-misc:jar:1.0.9,MethodCallExpr,org.apache.ratis.thirdparty.com.google.common.cache.Cache,get,C:\Users\tyin363\Documents\repos\apache__ratis\ratis-server\src\main\java\org\apache\ratis\server\impl\WriteIndexCache.java,52
CLIENT:client-code:N/A:N/A,MethodReferenceExpr,org.apache.ratis.server.impl.PendingRequests.RequestLimits,getElementCount,C:\Users\tyin363\Documents\repos\apache__ratis\ratis-server\src\main\java\org\apache\ratis\server\impl\PendingRequests.java,116
,MethodCallExpr,org.apache.ratis.proto.RaftProtos.AppendEntriesReplyProto,getResult,C:\Users\tyin363\Documents\repos\apache__ratis\ratis-server\src\main\java\org\apache\ratis\server\leader\LogAppenderDefault.java,203
CLIENT:client-code:N/A:N/A,FieldAccessExpr,org.apache.ratis.server.impl.ConfigurationManager,currentConf,C:\Users\tyin363\Documents\repos\apache__ratis\ratis-server\src\main\java\org\apache\ratis\server\impl\ConfigurationManager.java,58
,MethodCallExpr,org.apache.ratis.proto.RaftProtos.FileChunkProto.Builder,setDone,C:\Users\tyin363\Documents\repos\apache__ratis\ratis-server\src\main\java\org\apache\ratis\server\storage\FileChunkReader.java,94
JDK:java.base:N/A:N/A,ClassOrInterfaceType,java.lang.Exception,Exception,C:\Users\tyin363\Documents\repos\apache__ratis\ratis-server\src\main\java\org\apache\ratis\server\storage\RaftStorageImpl.java,161
org.apache.ratis:ratis-server-api:jar:3.1.3,MethodCallExpr,org.apache.ratis.server.DivisionInfo,isFollower,C:\Users\tyin363\Documents\repos\apache__ratis\ratis-server\src\main\java\org\apache\ratis\server\impl\FollowerState.java,138
CLIENT:client-code:N/A:N/A,ClassOrInterfaceType,org.apache.ratis.server.impl.FollowerState,FollowerState,C:\Users\tyin363\Documents\repos\apache__ratis\ratis-server\src\main\java\org\apache\ratis\server\impl\VoteContext.java,106
CLIENT:client-code:N/A:N/A,NameExpr,org.apache.ratis.server.raftlog.segmented.SegmentedRaftLogReader,temp,C:\Users\tyin363\Documents\repos\apache__ratis\ratis-server\src\main\java\org\apache\ratis\server\raftlog\segmented\SegmentedRaftLogReader.java,321
JDK:java.base:N/A:N/A,MethodCallExpr,java.io.InputStream,close,C:\Users\tyin363\Documents\repos\apache__ratis\ratis-server\src\main\java\org\apache\ratis\server\storage\FileChunkReader.java,109
CLIENT:client-code:N/A:N/A,ClassOrInterfaceType,org.apache.ratis.server.raftlog.segmented.SegmentedRaftLogInputStream.LogValidation,LogValidation,C:\Users\tyin363\Documents\repos\apache__ratis\ratis-server\src\main\java\org\apache\ratis\server\raftlog\segmented\SegmentedRaftLogInputStream.java,235
JDK:java.base:N/A:N/A,ClassOrInterfaceType,java.util.concurrent.atomic.AtomicInteger,AtomicInteger,C:\Users\tyin363\Documents\repos\apache__ratis\ratis-server\src\main\java\org\apache\ratis\server\impl\FollowerState.java,40
JDK:java.base:N/A:N/A,ClassOrInterfaceType,java.util.SortedMap,SortedMap,C:\Users\tyin363\Documents\repos\apache__ratis\ratis-server\src\main\java\org\apache\ratis\server\impl\ConfigurationManager.java,98
CLIENT:client-code:N/A:N/A,MethodCallExpr,org.apache.ratis.server.raftlog.RaftLogBase,writeLock,C:\Users\tyin363\Documents\repos\apache__ratis\ratis-server\src\main\java\org\apache\ratis\server\raftlog\memory\MemoryRaftLog.java,143
CLIENT:client-code:N/A:N/A,NameExpr,org.apache.ratis.server.raftlog.segmented.SegmentedRaftLogInputStream,LOG,C:\Users\tyin363\Documents\repos\apache__ratis\ratis-server\src\main\java\org\apache\ratis\server\raftlog\segmented\SegmentedRaftLogInputStream.java,214
org.apache.ratis:ratis-thirdparty-misc:jar:1.0.9,ClassOrInterfaceType,org.apache.ratis.thirdparty.com.google.protobuf.ByteString,ByteString,C:\Users\tyin363\Documents\repos\apache__ratis\ratis-server\src\main\java\org\apache\ratis\server\impl\MessageStreamRequests.java,59
JDK:java.base:N/A:N/A,ClassOrInterfaceType,java.nio.file.Path,Path,C:\Users\tyin363\Documents\repos\apache__ratis\ratis-server\src\main\java\org\apache\ratis\server\storage\FileChunkReader.java,39
org.apache.ratis:ratis-common:jar:3.1.3,ClassOrInterfaceType,org.apache.ratis.protocol.Message,Message,C:\Users\tyin363\Documents\repos\apache__ratis\ratis-server\src\main\java\org\apache\ratis\server\impl\MessageStreamRequests.java,59
JDK:java.base:N/A:N/A,ClassOrInterfaceType,java.util.concurrent.CompletableFuture,CompletableFuture,C:\Users\tyin363\Documents\repos\apache__ratis\ratis-server\src\main\java\org\apache\ratis\server\impl\MessageStreamRequests.java,47
CLIENT:client-code:N/A:N/A,MethodCallExpr,org.apache.ratis.server.raftlog.memory.MemoryRaftLog.EntryList,getTermIndex,C:\Users\tyin363\Documents\repos\apache__ratis\ratis-server\src\main\java\org\apache\ratis\server\raftlog\memory\MemoryRaftLog.java,164
CLIENT:client-code:N/A:N/A,NameExpr,org.apache.ratis.server.impl.WriteIndexCache,cache,C:\Users\tyin363\Documents\repos\apache__ratis\ratis-server\src\main\java\org\apache\ratis\server\impl\WriteIndexCache.java,52
CLIENT:client-code:N/A:N/A,ClassOrInterfaceType,org.apache.ratis.server.impl.LeaderElection.Phase,Phase,C:\Users\tyin363\Documents\repos\apache__ratis\ratis-server\src\main\java\org\apache\ratis\server\impl\VoteContext.java,37
CLIENT:client-code:N/A:N/A,NameExpr,org.apache.ratis.server.raftlog.segmented.LogSegmentStartEnd,endIndex,C:\Users\tyin363\Documents\repos\apache__ratis\ratis-server\src\main\java\org\apache\ratis\server\raftlog\segmented\LogSegmentStartEnd.java,91
org.slf4j:slf4j-api:jar:2.0.7,MethodCallExpr,org.slf4j.Logger,warn,C:\Users\tyin363\Documents\repos\apache__ratis\ratis-server\src\main\java\org\apache\ratis\server\raftlog\segmented\SegmentedRaftLogInputStream.java,109
CLIENT:client-code:N/A:N/A,NameExpr,org.apache.ratis.server.storage.RaftStorageImpl,storageDir,C:\Users\tyin363\Documents\repos\apache__ratis\ratis-server\src\main\java\org\apache\ratis\server\storage\RaftStorageImpl.java,61
JDK:java.base:N/A:N/A,ObjectCreationExpr,java.io.IOException,IOException,C:\Users\tyin363\Documents\repos\apache__ratis\ratis-server\src\main\java\org\apache\ratis\server\raftlog\segmented\SegmentedRaftLogInputStream.java,140
org.apache.ratis:ratis-common:jar:3.1.3,ClassOrInterfaceType,org.apache.ratis.protocol.RaftPeer,RaftPeer,C:\Users\tyin363\Documents\repos\apache__ratis\ratis-server\src\main\java\org\apache\ratis\server\DisabledDataStreamServerFactory.java,46
JDK:java.base:N/A:N/A,ClassOrInterfaceType,java.util.Collection,Collection,C:\Users\tyin363\Documents\repos\apache__ratis\ratis-server\src\main\java\org\apache\ratis\server\impl\PendingRequests.java,289
JDK:java.base:N/A:N/A,ClassOrInterfaceType,java.io.File,File,C:\Users\tyin363\Documents\repos\apache__ratis\ratis-server\src\main\java\org\apache\ratis\server\raftlog\segmented\LogSegmentStartEnd.java,103
CLIENT:client-code:N/A:N/A,MethodCallExpr,org.apache.ratis.server.raftlog.RaftLogBase,validateLogEntry,C:\Users\tyin363\Documents\repos\apache__ratis\ratis-server\src\main\java\org\apache\ratis\server\raftlog\memory\MemoryRaftLog.java,172
JDK:java.base:N/A:N/A,ClassOrInterfaceType,java.util.concurrent.atomic.AtomicInteger,AtomicInteger,C:\Users\tyin363\Documents\repos\apache__ratis\ratis-server\src\main\java\org\apache\ratis\server\impl\FollowerState.java,41
CLIENT:client-code:N/A:N/A,NameExpr,org.apache.ratis.server.raftlog.segmented.SegmentedRaftLogReader,file,C:\Users\tyin363\Documents\repos\apache__ratis\ratis-server\src\main\java\org\apache\ratis\server\raftlog\segmented\SegmentedRaftLogReader.java,220
,ClassOrInterfaceType,org.apache.ratis.proto.RaftProtos.LogEntryProto,LogEntryProto,C:\Users\tyin363\Documents\repos\apache__ratis\ratis-server\src\main\java\org\apache\ratis\server\raftlog\segmented\SegmentedRaftLogReader.java,283
JDK:java.base:N/A:N/A,ClassOrInterfaceType,java.security.DigestInputStream,DigestInputStream,C:\Users\tyin363\Documents\repos\apache__ratis\ratis-server\src\main\java\org\apache\ratis\server\storage\FileChunkReader.java,60
JDK:java.base:N/A:N/A,ClassOrInterfaceType,java.lang.Object,Object,C:\Users\tyin363\Documents\repos\apache__ratis\ratis-server\src\main\java\org\apache\ratis\server\impl\PendingRequests.java,99
CLIENT:client-code:N/A:N/A,MethodCallExpr,org.apache.ratis.server.raftlog.segmented.SegmentedRaftLogCache.LogSegmentList,readLock,C:\Users\tyin363\Documents\repos\apache__ratis\ratis-server\src\main\java\org\apache\ratis\server\raftlog\segmented\CacheInvalidationPolicy.java,52
CLIENT:client-code:N/A:N/A,FieldAccessExpr,org.apache.ratis.server.impl.MessageStreamRequests.PendingStream,key,C:\Users\tyin363\Documents\repos\apache__ratis\ratis-server\src\main\java\org\apache\ratis\server\impl\MessageStreamRequests.java,44
JDK:java.base:N/A:N/A,MethodCallExpr,java.util.Map,put,C:\Users\tyin363\Documents\repos\apache__ratis\ratis-server\src\main\java\org\apache\ratis\server\impl\PendingRequests.java,150
CLIENT:client-code:N/A:N/A,MethodCallExpr,org.apache.ratis.server.impl.PendingRequests.RequestLimits,tryAcquire,C:\Users\tyin363\Documents\repos\apache__ratis\ratis-server\src\main\java\org\apache\ratis\server\impl\PendingRequests.java,123
,ClassOrInterfaceType,org.apache.ratis.proto.RaftProtos.LogEntryProto,LogEntryProto,C:\Users\tyin363\Documents\repos\apache__ratis\ratis-server\src\main\java\org\apache\ratis\statemachine\impl\TransactionContextImpl.java,113
CLIENT:client-code:N/A:N/A,NameExpr,org.apache.ratis.server.raftlog.segmented.SegmentedRaftLogReader.LimitedInputStream,curPos,C:\Users\tyin363\Documents\repos\apache__ratis\ratis-server\src\main\java\org\apache\ratis\server\raftlog\segmented\SegmentedRaftLogReader.java,99
JDK:java.base:N/A:N/A,MethodCallExpr,java.util.concurrent.atomic.AtomicLong,getAndAdd,C:\Users\tyin363\Documents\repos\apache__ratis\ratis-server\src\main\java\org\apache\ratis\server\impl\PendingRequests.java,179
org.apache.ratis:ratis-server-api:jar:3.1.3,NameExpr,org.apache.ratis.server.leader.LogAppender,LOG,C:\Users\tyin363\Documents\repos\apache__ratis\ratis-server\src\main\java\org\apache\ratis\server\leader\LogAppenderDefault.java,74
CLIENT:client-code:N/A:N/A,MethodCallExpr,org.apache.ratis.server.leader.LogAppenderBase,getLeaderState,C:\Users\tyin363\Documents\repos\apache__ratis\ratis-server\src\main\java\org\apache\ratis\server\leader\LogAppenderDefault.java,192
JDK:java.base:N/A:N/A,ClassOrInterfaceType,java.util.Collection,Collection,C:\Users\tyin363\Documents\repos\apache__ratis\ratis-server\src\main\java\org\apache\ratis\server\impl\PendingRequests.java,286
org.apache.ratis:ratis-server-api:jar:3.1.3,MethodCallExpr,org.apache.ratis.server.leader.LogAppender,onFollowerTerm,C:\Users\tyin363\Documents\repos\apache__ratis\ratis-server\src\main\java\org\apache\ratis\server\leader\LogAppenderDefault.java,197
JDK:java.base:N/A:N/A,ObjectCreationExpr,java.util.TreeMap,TreeMap,C:\Users\tyin363\Documents\repos\apache__ratis\ratis-server\src\main\java\org\apache\ratis\server\impl\ConfigurationManager.java,42
CLIENT:client-code:N/A:N/A,ClassOrInterfaceType,org.apache.ratis.server.raftlog.segmented.SegmentedRaftLogReader,SegmentedRaftLogReader,C:\Users\tyin363\Documents\repos\apache__ratis\ratis-server\src\main\java\org\apache\ratis\server\raftlog\segmented\SegmentedRaftLogInputStream.java,159
CLIENT:client-code:N/A:N/A,ClassOrInterfaceType,org.apache.ratis.server.storage.RaftStorageDirectoryImpl.StorageState,StorageState,C:\Users\tyin363\Documents\repos\apache__ratis\ratis-server\src\main\java\org\apache\ratis\server\storage\RaftStorageImpl.java,106
org.apache.ratis:ratis-server-api:jar:3.1.3,MethodCallExpr,org.apache.ratis.server.leader.FollowerInfo,setAttemptedToInstallSnapshot,C:\Users\tyin363\Documents\repos\apache__ratis\ratis-server\src\main\java\org\apache\ratis\server\leader\LogAppenderDefault.java,154
org.apache.ratis:ratis-common:jar:3.1.3,ClassOrInterfaceType,org.apache.ratis.util.AtomicFileOutputStream,AtomicFileOutputStream,C:\Users\tyin363\Documents\repos\apache__ratis\ratis-server\src\main\java\org\apache\ratis\server\storage\RaftStorageImpl.java,146
org.apache.ratis:ratis-server-api:jar:3.1.3,ClassOrInterfaceType,org.apache.ratis.server.protocol.TermIndex,TermIndex,C:\Users\tyin363\Documents\repos\apache__ratis\ratis-server\src\main\java\org\apache\ratis\statemachine\impl\FileListSnapshotInfo.java,48
CLIENT:client-code:N/A:N/A,MethodCallExpr,org.apache.ratis.server.raftlog.segmented.LogSegmentStartEnd,getFileName,C:\Users\tyin363\Documents\repos\apache__ratis\ratis-server\src\main\java\org\apache\ratis\server\raftlog\segmented\LogSegmentStartEnd.java,103
JDK:java.base:N/A:N/A,ClassOrInterfaceType,java.util.concurrent.CompletableFuture,CompletableFuture,C:\Users\tyin363\Documents\repos\apache__ratis\ratis-server\src\main\java\org\apache\ratis\statemachine\impl\TransactionContextImpl.java,75
CLIENT:client-code:N/A:N/A,MethodCallExpr,org.apache.ratis.server.leader.LogAppenderBase,getFollower,C:\Users\tyin363\Documents\repos\apache__ratis\ratis-server\src\main\java\org\apache\ratis\server\leader\LogAppenderDefault.java,181
org.apache.ratis:ratis-server-api:jar:3.1.3,NameExpr,org.apache.ratis.server.leader.LogAppender,LOG,C:\Users\tyin363\Documents\repos\apache__ratis\ratis-server\src\main\java\org\apache\ratis\server\leader\LogAppenderDefault.java,203
org.apache.ratis:ratis-common:jar:3.1.3,MethodCallExpr,org.apache.ratis.util.OpenCloseState,close,C:\Users\tyin363\Documents\repos\apache__ratis\ratis-server\src\main\java\org\apache\ratis\server\raftlog\segmented\SegmentedRaftLogInputStream.java,158
CLIENT:client-code:N/A:N/A,NameExpr,org.apache.ratis.server.storage.RaftStorageImpl,storageDir,C:\Users\tyin363\Documents\repos\apache__ratis\ratis-server\src\main\java\org\apache\ratis\server\storage\RaftStorageImpl.java,63
org.apache.ratis:ratis-server-api:jar:3.1.3,NameExpr,org.apache.ratis.server.leader.LogAppender,LOG,C:\Users\tyin363\Documents\repos\apache__ratis\ratis-server\src\main\java\org\apache\ratis\server\leader\LogAppenderDefault.java,71
JDK:java.base:N/A:N/A,ClassOrInterfaceType,java.io.File,File,C:\Users\tyin363\Documents\repos\apache__ratis\ratis-server\src\main\java\org\apache\ratis\server\storage\RaftStorageImpl.java,113
JDK:java.base:N/A:N/A,ClassOrInterfaceType,java.util.concurrent.atomic.AtomicInteger,AtomicInteger,C:\Users\tyin363\Documents\repos\apache__ratis\ratis-server\src\main\java\org\apache\ratis\server\impl\FollowerState.java,39
CLIENT:client-code:N/A:N/A,MethodCallExpr,org.apache.ratis.server.impl.ServerState,compareLog,C:\Users\tyin363\Documents\repos\apache__ratis\ratis-server\src\main\java\org\apache\ratis\server\impl\VoteContext.java,145
CLIENT:client-code:N/A:N/A,ClassOrInterfaceType,org.apache.ratis.server.storage.RaftStorageDirectoryImpl.StorageState,StorageState,C:\Users\tyin363\Documents\repos\apache__ratis\ratis-server\src\main\java\org\apache\ratis\server\storage\RaftStorageImpl.java,105
CLIENT:client-code:N/A:N/A,MethodCallExpr,org.apache.ratis.server.raftlog.segmented.SegmentedRaftLogReader.LimitedInputStream,checkLimit,C:\Users\tyin363\Documents\repos\apache__ratis\ratis-server\src\main\java\org\apache\ratis\server\raftlog\segmented\SegmentedRaftLogReader.java,76
CLIENT:client-code:N/A:N/A,NameExpr,org.apache.ratis.server.raftlog.segmented.SegmentedRaftLogReader,raftLogMetrics,C:\Users\tyin363\Documents\repos\apache__ratis\ratis-server\src\main\java\org\apache\ratis\server\raftlog\segmented\SegmentedRaftLogReader.java,208
CLIENT:client-code:N/A:N/A,ObjectCreationExpr,org.apache.ratis.server.raftlog.segmented.SegmentedRaftLogInputStream,SegmentedRaftLogInputStream,C:\Users\tyin363\Documents\repos\apache__ratis\ratis-server\src\main\java\org\apache\ratis\server\raftlog\segmented\SegmentedRaftLogInputStream.java,179
JDK:java.base:N/A:N/A,ClassOrInterfaceType,java.io.IOException,IOException,C:\Users\tyin363\Documents\repos\apache__ratis\ratis-server\src\main\java\org\apache\ratis\server\raftlog\segmented\SegmentedRaftLogReader.java,243
JDK:java.base:N/A:N/A,ClassOrInterfaceType,java.lang.String,String,C:\Users\tyin363\Documents\repos\apache__ratis\ratis-server\src\main\java\org\apache\ratis\server\util\ServerStringUtils.java,101
CLIENT:client-code:N/A:N/A,ClassOrInterfaceType,org.apache.ratis.server.impl.LeaderElection.Phase,Phase,C:\Users\tyin363\Documents\repos\apache__ratis\ratis-server\src\main\java\org\apache\ratis\server\impl\VoteContext.java,34
JDK:java.base:N/A:N/A,ClassOrInterfaceType,java.io.File,File,C:\Users\tyin363\Documents\repos\apache__ratis\ratis-server\src\main\java\org\apache\ratis\server\raftlog\segmented\LogSegmentStartEnd.java,106
CLIENT:client-code:N/A:N/A,MethodCallExpr,org.apache.ratis.server.raftlog.segmented.LogSegment,isOpen,C:\Users\tyin363\Documents\repos\apache__ratis\ratis-server\src\main\java\org\apache\ratis\server\raftlog\segmented\CacheInvalidationPolicy.java,67
,ClassOrInterfaceType,org.apache.ratis.proto.RaftProtos.RaftPeerRole,RaftPeerRole,C:\Users\tyin363\Documents\repos\apache__ratis\ratis-server\src\main\java\org\apache\ratis\statemachine\impl\TransactionContextImpl.java,120
CLIENT:client-code:N/A:N/A,ClassOrInterfaceType,org.apache.ratis.server.raftlog.segmented.LogSegment,LogSegment,C:\Users\tyin363\Documents\repos\apache__ratis\ratis-server\src\main\java\org\apache\ratis\server\raftlog\segmented\CacheInvalidationPolicy.java,57
CLIENT:client-code:N/A:N/A,ClassOrInterfaceType,org.apache.ratis.server.raftlog.segmented.LogSegmentStartEnd,LogSegmentStartEnd,C:\Users\tyin363\Documents\repos\apache__ratis\ratis-server\src\main\java\org\apache\ratis\server\raftlog\segmented\SegmentedRaftLogInputStream.java,67
CLIENT:client-code:N/A:N/A,MethodCallExpr,org.apache.ratis.server.impl.RaftConfigurationImpl,getPeer,C:\Users\tyin363\Documents\repos\apache__ratis\ratis-server\src\main\java\org\apache\ratis\server\impl\ConfigurationManager.java,59
,ClassOrInterfaceType,org.apache.ratis.util.ResourceSemaphore.Group,Group,C:\Users\tyin363\Documents\repos\apache__ratis\ratis-server\src\main\java\org\apache\ratis\server\impl\PendingRequests.java,71
org.apache.ratis:ratis-common:jar:3.1.3,MethodCallExpr,org.apache.ratis.util.OpenCloseState,assertOpen,C:\Users\tyin363\Documents\repos\apache__ratis\ratis-server\src\main\java\org\apache\ratis\server\raftlog\segmented\SegmentedRaftLogInputStream.java,144
org.apache.ratis:ratis-metrics-api:jar:3.1.3,MethodCallExpr,org.apache.ratis.metrics.LongCounter,inc,C:\Users\tyin363\Documents\repos\apache__ratis\ratis-server\src\main\java\org\apache\ratis\server\metrics\RaftLogMetricsBase.java,55
CLIENT:client-code:N/A:N/A,NameExpr,org.apache.ratis.server.raftlog.segmented.SegmentedRaftLogInputStream,reader,C:\Users\tyin363\Documents\repos\apache__ratis\ratis-server\src\main\java\org\apache\ratis\server\raftlog\segmented\SegmentedRaftLogInputStream.java,92
CLIENT:client-code:N/A:N/A,NameExpr,org.apache.ratis.server.raftlog.segmented.LogSegmentStartEnd,endIndex,C:\Users\tyin363\Documents\repos\apache__ratis\ratis-server\src\main\java\org\apache\ratis\server\raftlog\segmented\LogSegmentStartEnd.java,95
org.apache.ratis:ratis-metrics-api:jar:3.1.3,MethodCallExpr,org.apache.ratis.metrics.RatisMetrics,create,C:\Users\tyin363\Documents\repos\apache__ratis\ratis-server\src\main\java\org\apache\ratis\server\metrics\RaftLogMetricsBase.java,46
JDK:java.base:N/A:N/A,ClassOrInterfaceType,java.lang.Long,Long,C:\Users\tyin363\Documents\repos\apache__ratis\ratis-server\src\main\java\org\apache\ratis\server\impl\WriteIndexCache.java,34
,MethodCallExpr,org.apache.ratis.proto.RaftProtos.InstallSnapshotRequestProto,getLeaderTerm,C:\Users\tyin363\Documents\repos\apache__ratis\ratis-server\src\main\java\org\apache\ratis\server\util\ServerStringUtils.java,93
org.apache.ratis:ratis-common:jar:3.1.3,ClassOrInterfaceType,org.apache.ratis.protocol.RaftPeer,RaftPeer,C:\Users\tyin363\Documents\repos\apache__ratis\ratis-server\src\main\java\org\apache\ratis\server\impl\VoteContext.java,136
JDK:java.base:N/A:N/A,ClassOrInterfaceType,java.util.Collection,Collection,C:\Users\tyin363\Documents\repos\apache__ratis\ratis-server\src\main\java\org\apache\ratis\server\impl\PendingRequests.java,285
JDK:java.base:N/A:N/A,ClassOrInterfaceType,java.util.ArrayList,ArrayList,C:\Users\tyin363\Documents\repos\apache__ratis\ratis-server\src\main\java\org\apache\ratis\server\raftlog\segmented\CacheInvalidationPolicy.java,60
JDK:java.base:N/A:N/A,ClassOrInterfaceType,java.io.IOException,IOException,C:\Users\tyin363\Documents\repos\apache__ratis\ratis-server\src\main\java\org\apache\ratis\server\leader\LogAppenderDefault.java,136
CLIENT:client-code:N/A:N/A,ClassOrInterfaceType,org.apache.ratis.server.raftlog.segmented.LogSegment,LogSegment,C:\Users\tyin363\Documents\repos\apache__ratis\ratis-server\src\main\java\org\apache\ratis\server\raftlog\segmented\CacheInvalidationPolicy.java,63
CLIENT:client-code:N/A:N/A,MethodCallExpr,org.apache.ratis.server.impl.PendingRequests.RequestMap,get,C:\Users\tyin363\Documents\repos\apache__ratis\ratis-server\src\main\java\org\apache\ratis\server\impl\PendingRequests.java,267
org.apache.ratis:ratis-server-api:jar:3.1.3,MethodCallExpr,org.apache.ratis.server.DivisionProperties,rpcSleepTime,C:\Users\tyin363\Documents\repos\apache__ratis\ratis-server\src\main\java\org\apache\ratis\server\leader\LogAppenderDefault.java,100
JDK:java.base:N/A:N/A,ClassOrInterfaceType,java.lang.Long,Long,C:\Users\tyin363\Documents\repos\apache__ratis\ratis-server\src\main\java\org\apache\ratis\server\raftlog\segmented\LogSegmentStartEnd.java,74
CLIENT:client-code:N/A:N/A,NameExpr,org.apache.ratis.server.raftlog.segmented.SegmentedRaftLogInputStream,reader,C:\Users\tyin363\Documents\repos\apache__ratis\ratis-server\src\main\java\org\apache\ratis\server\raftlog\segmented\SegmentedRaftLogInputStream.java,91
,ClassOrInterfaceType,org.apache.ratis.proto.RaftProtos.AppendEntriesReplyProto,AppendEntriesReplyProto,C:\Users\tyin363\Documents\repos\apache__ratis\ratis-server\src\main\java\org\apache\ratis\server\leader\LogAppenderDefault.java,59
org.apache.ratis:ratis-server-api:jar:3.1.3,ClassOrInterfaceType,org.apache.ratis.server.protocol.TermIndex,TermIndex,C:\Users\tyin363\Documents\repos\apache__ratis\ratis-server\src\main\java\org\apache\ratis\server\impl\PendingRequests.java,172
JDK:java.base:N/A:N/A,ClassOrInterfaceType,java.io.IOException,IOException,C:\Users\tyin363\Documents\repos\apache__ratis\ratis-server\src\main\java\org\apache\ratis\server\storage\RaftStorageImpl.java,55
org.apache.ratis:ratis-server-api:jar:3.1.3,MethodCallExpr,org.apache.ratis.server.storage.FileInfo,getFileDigest,C:\Users\tyin363\Documents\repos\apache__ratis\ratis-server\src\main\java\org\apache\ratis\server\storage\FileChunkReader.java,58
CLIENT:client-code:N/A:N/A,NameExpr,org.apache.ratis.server.impl.ConfigurationManager,initialConf,C:\Users\tyin363\Documents\repos\apache__ratis\ratis-server\src\main\java\org\apache\ratis\server\impl\ConfigurationManager.java,103
CLIENT:client-code:N/A:N/A,ClassOrInterfaceType,org.apache.ratis.server.raftlog.segmented.LogSegment,LogSegment,C:\Users\tyin363\Documents\repos\apache__ratis\ratis-server\src\main\java\org\apache\ratis\server\raftlog\segmented\CacheInvalidationPolicy.java,60
JDK:java.base:N/A:N/A,ClassOrInterfaceType,java.io.InterruptedIOException,InterruptedIOException,C:\Users\tyin363\Documents\repos\apache__ratis\ratis-server\src\main\java\org\apache\ratis\server\leader\LogAppenderDefault.java,90
,NameExpr,org.apache.ratis.statemachine.impl.TransactionContextImpl,stateMachine,C:\Users\tyin363\Documents\repos\apache__ratis\ratis-server\src\main\java\org\apache\ratis\statemachine\impl\TransactionContextImpl.java,189
JDK:java.base:N/A:N/A,ClassOrInterfaceType,java.lang.InterruptedException,InterruptedException,C:\Users\tyin363\Documents\repos\apache__ratis\ratis-server\src\main\java\org\apache\ratis\server\leader\LogAppenderDefault.java,60
CLIENT:client-code:N/A:N/A,NameExpr,org.apache.ratis.server.storage.RaftStorageImpl,storageDir,C:\Users\tyin363\Documents\repos\apache__ratis\ratis-server\src\main\java\org\apache\ratis\server\storage\RaftStorageImpl.java,59
JDK:java.base:N/A:N/A,ClassOrInterfaceType,java.io.Closeable,Closeable,C:\Users\tyin363\Documents\repos\apache__ratis\ratis-server\src\main\java\org\apache\ratis\server\storage\FileChunkReader.java,37
JDK:java.base:N/A:N/A,ClassOrInterfaceType,java.lang.Long,Long,C:\Users\tyin363\Documents\repos\apache__ratis\ratis-server\src\main\java\org\apache\ratis\server\raftlog\memory\MemoryRaftLog.java,244
JDK:java.base:N/A:N/A,ClassOrInterfaceType,java.lang.Comparable,Comparable,C:\Users\tyin363\Documents\repos\apache__ratis\ratis-server\src\main\java\org\apache\ratis\server\raftlog\segmented\LogSegmentStartEnd.java,33
org.apache.ratis:ratis-common:jar:3.1.3,ClassOrInterfaceType,org.apache.ratis.protocol.exceptions.RaftException,RaftException,C:\Users\tyin363\Documents\repos\apache__ratis\ratis-server\src\main\java\org\apache\ratis\server\impl\PendingRequests.java,260
CLIENT:client-code:N/A:N/A,ClassOrInterfaceType,org.apache.ratis.server.impl.PendingRequest,PendingRequest,C:\Users\tyin363\Documents\repos\apache__ratis\ratis-server\src\main\java\org\apache\ratis\server\impl\PendingRequests.java,100
CLIENT:client-code:N/A:N/A,NameExpr,org.apache.ratis.server.impl.PendingRequests,pendingSetConf,C:\Users\tyin363\Documents\repos\apache__ratis\ratis-server\src\main\java\org\apache\ratis\server\impl\PendingRequests.java,290
CLIENT:client-code:N/A:N/A,NameExpr,org.apache.ratis.server.raftlog.segmented.SegmentedRaftLogReader,file,C:\Users\tyin363\Documents\repos\apache__ratis\ratis-server\src\main\java\org\apache\ratis\server\raftlog\segmented\SegmentedRaftLogReader.java,218
CLIENT:client-code:N/A:N/A,ObjectCreationExpr,org.apache.ratis.server.impl.MessageStreamRequests.StreamMap,StreamMap,C:\Users\tyin363\Documents\repos\apache__ratis\ratis-server\src\main\java\org\apache\ratis\server\impl\MessageStreamRequests.java,81
CLIENT:client-code:N/A:N/A,NameExpr,org.apache.ratis.server.raftlog.segmented.SegmentedRaftLogReader,checksum,C:\Users\tyin363\Documents\repos\apache__ratis\ratis-server\src\main\java\org\apache\ratis\server\raftlog\segmented\SegmentedRaftLogReader.java,157
org.apache.ratis:ratis-metrics-api:jar:3.1.3,MethodCallExpr,org.apache.ratis.metrics.LongCounter,inc,C:\Users\tyin363\Documents\repos\apache__ratis\ratis-server\src\main\java\org\apache\ratis\server\metrics\RaftLogMetricsBase.java,58
JDK:java.base:N/A:N/A,MethodCallExpr,java.lang.Math,toIntExact,C:\Users\tyin363\Documents\repos\apache__ratis\ratis-server\src\main\java\org\apache\ratis\server\raftlog\memory\MemoryRaftLog.java,119
CLIENT:client-code:N/A:N/A,NameExpr,org.apache.ratis.server.storage.RaftStorageImpl,metaFile,C:\Users\tyin363\Documents\repos\apache__ratis\ratis-server\src\main\java\org\apache\ratis\server\storage\RaftStorageImpl.java,117
CLIENT:client-code:N/A:N/A,NameExpr,org.apache.ratis.server.impl.FollowerState,lastRpcTime,C:\Users\tyin363\Documents\repos\apache__ratis\ratis-server\src\main\java\org\apache\ratis\server\impl\FollowerState.java,162
JDK:java.base:N/A:N/A,ClassOrInterfaceType,java.io.IOException,IOException,C:\Users\tyin363\Documents\repos\apache__ratis\ratis-server\src\main\java\org\apache\ratis\server\raftlog\segmented\SegmentedRaftLogReader.java,239
JDK:java.base:N/A:N/A,ClassOrInterfaceType,java.lang.String,String,C:\Users\tyin363\Documents\repos\apache__ratis\ratis-server\src\main\java\org\apache\ratis\server\util\ServerStringUtils.java,97
,MethodCallExpr,org.apache.ratis.proto.RaftProtos.InstallSnapshotRequestProto.SnapshotChunkProto,getRequestId,C:\Users\tyin363\Documents\repos\apache__ratis\ratis-server\src\main\java\org\apache\ratis\server\util\ServerStringUtils.java,83
JDK:java.base:N/A:N/A,MethodCallExpr,java.lang.Long,compare,C:\Users\tyin363\Documents\repos\apache__ratis\ratis-server\src\main\java\org\apache\ratis\server\raftlog\segmented\LogSegmentStartEnd.java,125
CLIENT:client-code:N/A:N/A,NameExpr,org.apache.ratis.server.storage.RaftStorageImpl,storageDir,C:\Users\tyin363\Documents\repos\apache__ratis\ratis-server\src\main\java\org\apache\ratis\server\storage\RaftStorageImpl.java,58
JDK:java.base:N/A:N/A,ClassOrInterfaceType,java.io.IOException,IOException,C:\Users\tyin363\Documents\repos\apache__ratis\ratis-server\src\main\java\org\apache\ratis\server\raftlog\segmented\SegmentedRaftLogInputStream.java,157
CLIENT:client-code:N/A:N/A,NameExpr,org.apache.ratis.server.raftlog.segmented.SegmentedRaftLogReader.LimitedInputStream,curPos,C:\Users\tyin363\Documents\repos\apache__ratis\ratis-server\src\main\java\org\apache\ratis\server\raftlog\segmented\SegmentedRaftLogReader.java,105
CLIENT:client-code:N/A:N/A,NameExpr,org.apache.ratis.server.impl.PendingRequests,pendingSetConf,C:\Users\tyin363\Documents\repos\apache__ratis\ratis-server\src\main\java\org\apache\ratis\server\impl\PendingRequests.java,291
org.apache.ratis:ratis-server-api:jar:3.1.3,ClassOrInterfaceType,org.apache.ratis.server.protocol.TermIndex,TermIndex,C:\Users\tyin363\Documents\repos\apache__ratis\ratis-server\src\main\java\org\apache\ratis\statemachine\impl\FileListSnapshotInfo.java,38
CLIENT:client-code:N/A:N/A,ClassOrInterfaceType,org.apache.ratis.server.impl.RaftServerImpl,RaftServerImpl,C:\Users\tyin363\Documents\repos\apache__ratis\ratis-server\src\main\java\org\apache\ratis\server\impl\VoteContext.java,32
,NameExpr,org.apache.ratis.statemachine.impl.TransactionContextImpl,serverRole,C:\Users\tyin363\Documents\repos\apache__ratis\ratis-server\src\main\java\org\apache\ratis\statemachine\impl\TransactionContextImpl.java,121
JDK:java.base:N/A:N/A,ClassOrInterfaceType,java.io.File,File,C:\Users\tyin363\Documents\repos\apache__ratis\ratis-server\src\main\java\org\apache\ratis\server\raftlog\segmented\SegmentedRaftLogReader.java,145
JDK:java.base:N/A:N/A,ClassOrInterfaceType,java.io.IOException,IOException,C:\Users\tyin363\Documents\repos\apache__ratis\ratis-server\src\main\java\org\apache\ratis\server\raftlog\segmented\SegmentedRaftLogReader.java,231
,FieldAccessExpr,org.apache.ratis.statemachine.impl.TransactionContextImpl,exception,C:\Users\tyin363\Documents\repos\apache__ratis\ratis-server\src\main\java\org\apache\ratis\statemachine\impl\TransactionContextImpl.java,171
CLIENT:client-code:N/A:N/A,MethodCallExpr,org.apache.ratis.server.leader.LogAppenderBase,getFollower,C:\Users\tyin363\Documents\repos\apache__ratis\ratis-server\src\main\java\org\apache\ratis\server\leader\LogAppenderDefault.java,192
JDK:java.base:N/A:N/A,MethodCallExpr,java.lang.Object,getClass,C:\Users\tyin363\Documents\repos\apache__ratis\ratis-server\src\main\java\org\apache\ratis\server\storage\FileChunkReader.java,114
CLIENT:client-code:N/A:N/A,NameExpr,org.apache.ratis.server.raftlog.segmented.LogSegmentStartEnd,endIndex,C:\Users\tyin363\Documents\repos\apache__ratis\ratis-server\src\main\java\org\apache\ratis\server\raftlog\segmented\LogSegmentStartEnd.java,99
CLIENT:client-code:N/A:N/A,ClassOrInterfaceType,org.apache.ratis.server.metrics.RaftLogMetricsBase,RaftLogMetricsBase,C:\Users\tyin363\Documents\repos\apache__ratis\ratis-server\src\main\java\org\apache\ratis\server\raftlog\memory\MemoryRaftLog.java,98
CLIENT:client-code:N/A:N/A,ClassOrInterfaceType,org.apache.ratis.server.impl.FollowerState,FollowerState,C:\Users\tyin363\Documents\repos\apache__ratis\ratis-server\src\main\java\org\apache\ratis\server\impl\FollowerState.java,71
JDK:java.base:N/A:N/A,ObjectCreationExpr,java.io.IOException,IOException,C:\Users\tyin363\Documents\repos\apache__ratis\ratis-server\src\main\java\org\apache\ratis\server\raftlog\segmented\SegmentedRaftLogReader.java,69
JDK:java.base:N/A:N/A,ClassOrInterfaceType,java.util.NavigableMap,NavigableMap,C:\Users\tyin363\Documents\repos\apache__ratis\ratis-server\src\main\java\org\apache\ratis\server\impl\ConfigurationManager.java,42
JDK:java.base:N/A:N/A,ClassOrInterfaceType,java.util.concurrent.atomic.AtomicInteger,AtomicInteger,C:\Users\tyin363\Documents\repos\apache__ratis\ratis-server\src\main\java\org\apache\ratis\server\impl\FollowerState.java,48
org.apache.ratis:ratis-server-api:jar:3.1.3,MethodCallExpr,org.apache.ratis.server.storage.FileInfo,getPath,C:\Users\tyin363\Documents\repos\apache__ratis\ratis-server\src\main\java\org\apache\ratis\server\storage\FileChunkReader.java,57
CLIENT:client-code:N/A:N/A,NameExpr,org.apache.ratis.server.impl.PendingRequests,LOG,C:\Users\tyin363\Documents\repos\apache__ratis\ratis-server\src\main\java\org\apache\ratis\server\impl\PendingRequests.java,124
CLIENT:client-code:N/A:N/A,NameExpr,org.apache.ratis.server.raftlog.memory.MemoryRaftLog,entries,C:\Users\tyin363\Documents\repos\apache__ratis\ratis-server\src\main\java\org\apache\ratis\server\raftlog\memory\MemoryRaftLog.java,145
CLIENT:client-code:N/A:N/A,NameExpr,org.apache.ratis.server.raftlog.segmented.SegmentedRaftLogInputStream,reader,C:\Users\tyin363\Documents\repos\apache__ratis\ratis-server\src\main\java\org\apache\ratis\server\raftlog\segmented\SegmentedRaftLogInputStream.java,87
JDK:java.base:N/A:N/A,ClassOrInterfaceType,java.lang.Exception,Exception,C:\Users\tyin363\Documents\repos\apache__ratis\ratis-server\src\main\java\org\apache\ratis\statemachine\impl\TransactionContextImpl.java,50
org.slf4j:slf4j-api:jar:2.0.7,MethodCallExpr,org.slf4j.Logger,warn,C:\Users\tyin363\Documents\repos\apache__ratis\ratis-server\src\main\java\org\apache\ratis\server\impl\FollowerState.java,175
,MethodCallExpr,org.apache.ratis.proto.RaftProtos.InstallSnapshotRequestProto.Builder,setNotification,C:\Users\tyin363\Documents\repos\apache__ratis\ratis-server\src\main\java\org\apache\ratis\server\leader\LeaderProtoUtils.java,58
CLIENT:client-code:N/A:N/A,MethodCallExpr,org.apache.ratis.server.raftlog.segmented.SegmentedRaftLogReader.LimitedInputStream,checkLimit,C:\Users\tyin363\Documents\repos\apache__ratis\ratis-server\src\main\java\org\apache\ratis\server\raftlog\segmented\SegmentedRaftLogReader.java,86
CLIENT:client-code:N/A:N/A,NameExpr,org.apache.ratis.server.raftlog.segmented.SegmentedRaftLogReader,in,C:\Users\tyin363\Documents\repos\apache__ratis\ratis-server\src\main\java\org\apache\ratis\server\raftlog\segmented\SegmentedRaftLogReader.java,305
JDK:java.base:N/A:N/A,ClassOrInterfaceType,java.lang.Object,Object,C:\Users\tyin363\Documents\repos\apache__ratis\ratis-server\src\main\java\org\apache\ratis\statemachine\impl\TransactionContextImpl.java,62
org.apache.ratis:ratis-common:jar:3.1.3,ClassOrInterfaceType,org.apache.ratis.protocol.RaftClientRequest,RaftClientRequest,C:\Users\tyin363\Documents\repos\apache__ratis\ratis-server\src\main\java\org\apache\ratis\statemachine\impl\TransactionContextImpl.java,100
org.apache.ratis:ratis-server-api:jar:3.1.3,ClassOrInterfaceType,org.apache.ratis.server.RaftServer,RaftServer,C:\Users\tyin363\Documents\repos\apache__ratis\ratis-server\src\main\java\org\apache\ratis\server\leader\LogAppenderDefault.java,44
JDK:java.base:N/A:N/A,ClassOrInterfaceType,java.util.ArrayList,ArrayList,C:\Users\tyin363\Documents\repos\apache__ratis\ratis-server\src\main\java\org\apache\ratis\server\raftlog\memory\MemoryRaftLog.java,45
,ClassOrInterfaceType,org.apache.ratis.proto.RaftProtos.LogEntryProto,LogEntryProto,C:\Users\tyin363\Documents\repos\apache__ratis\ratis-server\src\main\java\org\apache\ratis\server\raftlog\segmented\SegmentedRaftLogInputStream.java,103
CLIENT:client-code:N/A:N/A,ObjectCreationExpr,org.apache.ratis.server.storage.RaftStorageMetadataFileImpl,RaftStorageMetadataFileImpl,C:\Users\tyin363\Documents\repos\apache__ratis\ratis-server\src\main\java\org\apache\ratis\server\storage\RaftStorageImpl.java,181
org.apache.ratis:ratis-common:jar:3.1.3,MethodCallExpr,org.apache.ratis.util.IOUtils,asIOException,C:\Users\tyin363\Documents\repos\apache__ratis\ratis-server\src\main\java\org\apache\ratis\server\raftlog\segmented\SegmentedRaftLogInputStream.java,113
JDK:java.base:N/A:N/A,MethodCallExpr,java.lang.Math,toIntExact,C:\Users\tyin363\Documents\repos\apache__ratis\ratis-server\src\main\java\org\apache\ratis\server\raftlog\memory\MemoryRaftLog.java,130
CLIENT:client-code:N/A:N/A,MethodCallExpr,org.apache.ratis.server.impl.RaftServerImpl,getRandomElectionTimeout,C:\Users\tyin363\Documents\repos\apache__ratis\ratis-server\src\main\java\org\apache\ratis\server\impl\FollowerState.java,147
org.apache.ratis:ratis-server-api:jar:3.1.3,ClassOrInterfaceType,org.apache.ratis.server.DivisionInfo,DivisionInfo,C:\Users\tyin363\Documents\repos\apache__ratis\ratis-server\src\main\java\org\apache\ratis\server\impl\VoteContext.java,94
CLIENT:client-code:N/A:N/A,ClassOrInterfaceType,org.apache.ratis.server.impl.PendingRequest,PendingRequest,C:\Users\tyin363\Documents\repos\apache__ratis\ratis-server\src\main\java\org\apache\ratis\server\impl\PendingRequests.java,235
CLIENT:client-code:N/A:N/A,NameExpr,org.apache.ratis.server.impl.PendingRequests,name,C:\Users\tyin363\Documents\repos\apache__ratis\ratis-server\src\main\java\org\apache\ratis\server\impl\PendingRequests.java,252
JDK:java.base:N/A:N/A,MethodCallExpr,java.lang.Thread,getName,C:\Users\tyin363\Documents\repos\apache__ratis\ratis-server\src\main\java\org\apache\ratis\server\impl\FollowerState.java,182
org.apache.ratis:ratis-metrics-api:jar:3.1.3,MethodCallExpr,org.apache.ratis.metrics.LongCounter,inc,C:\Users\tyin363\Documents\repos\apache__ratis\ratis-server\src\main\java\org\apache\ratis\server\metrics\RaftLogMetricsBase.java,61
,NameExpr,org.apache.ratis.statemachine.impl.TransactionContextImpl,logIndexFuture,C:\Users\tyin363\Documents\repos\apache__ratis\ratis-server\src\main\java\org\apache\ratis\statemachine\impl\TransactionContextImpl.java,161
CLIENT:client-code:N/A:N/A,NameExpr,org.apache.ratis.server.raftlog.segmented.SegmentedRaftLogInputStream,reader,C:\Users\tyin363\Documents\repos\apache__ratis\ratis-server\src\main\java\org\apache\ratis\server\raftlog\segmented\SegmentedRaftLogInputStream.java,90
CLIENT:client-code:N/A:N/A,MethodCallExpr,org.apache.ratis.server.leader.LogAppenderBase,getFollower,C:\Users\tyin363\Documents\repos\apache__ratis\ratis-server\src\main\java\org\apache\ratis\server\leader\LogAppenderDefault.java,190
CLIENT:client-code:N/A:N/A,MethodCallExpr,org.apache.ratis.server.raftlog.RaftLogBase,checkLogState,C:\Users\tyin363\Documents\repos\apache__ratis\ratis-server\src\main\java\org\apache\ratis\server\raftlog\memory\MemoryRaftLog.java,185
,MethodCallExpr,org.apache.ratis.proto.RaftProtos.FileChunkProto.Builder,setFilename,C:\Users\tyin363\Documents\repos\apache__ratis\ratis-server\src\main\java\org\apache\ratis\server\storage\FileChunkReader.java,94
,ClassOrInterfaceType,org.apache.ratis.proto.RaftProtos.RaftPeerRole,RaftPeerRole,C:\Users\tyin363\Documents\repos\apache__ratis\ratis-server\src\main\java\org\apache\ratis\statemachine\impl\TransactionContextImpl.java,113
org.apache.ratis:ratis-common:jar:3.1.3,ClassOrInterfaceType,org.apache.ratis.protocol.RaftGroupMemberId,RaftGroupMemberId,C:\Users\tyin363\Documents\repos\apache__ratis\ratis-server\src\main\java\org\apache\ratis\server\util\ServerStringUtils.java,130
CLIENT:client-code:N/A:N/A,FieldAccessExpr,org.apache.ratis.server.raftlog.memory.MemoryRaftLog,metrics,C:\Users\tyin363\Documents\repos\apache__ratis\ratis-server\src\main\java\org\apache\ratis\server\raftlog\memory\MemoryRaftLog.java,88
CLIENT:client-code:N/A:N/A,MethodCallExpr,org.apache.ratis.server.leader.LogAppenderBase,isRunning,C:\Users\tyin363\Documents\repos\apache__ratis\ratis-server\src\main\java\org\apache\ratis\server\leader\LogAppenderDefault.java,99
JDK:java.base:N/A:N/A,ClassOrInterfaceType,java.util.concurrent.atomic.AtomicInteger,AtomicInteger,C:\Users\tyin363\Documents\repos\apache__ratis\ratis-server\src\main\java\org\apache\ratis\server\impl\FollowerState.java,46
JDK:java.base:N/A:N/A,ClassOrInterfaceType,java.io.EOFException,EOFException,C:\Users\tyin363\Documents\repos\apache__ratis\ratis-server\src\main\java\org\apache\ratis\server\raftlog\segmented\SegmentedRaftLogReader.java,291
org.apache.ratis:ratis-common:jar:3.1.3,MethodCallExpr,org.apache.ratis.util.FileUtils,newInputStream,C:\Users\tyin363\Documents\repos\apache__ratis\ratis-server\src\main\java\org\apache\ratis\server\storage\FileChunkReader.java,63
CLIENT:client-code:N/A:N/A,MethodCallExpr,org.apache.ratis.server.impl.PendingRequest,setReply,C:\Users\tyin363\Documents\repos\apache__ratis\ratis-server\src\main\java\org\apache\ratis\server\impl\PendingRequests.java,255
JDK:java.base:N/A:N/A,MethodCallExpr,java.lang.Math,toIntExact,C:\Users\tyin363\Documents\repos\apache__ratis\ratis-server\src\main\java\org\apache\ratis\server\raftlog\memory\MemoryRaftLog.java,131
CLIENT:client-code:N/A:N/A,MethodCallExpr,org.apache.ratis.server.impl.FollowerState,lostMajorityHeartbeatsRecently,C:\Users\tyin363\Documents\repos\apache__ratis\ratis-server\src\main\java\org\apache\ratis\server\impl\FollowerState.java,140
CLIENT:client-code:N/A:N/A,ClassOrInterfaceType,org.apache.ratis.server.impl.PendingRequest,PendingRequest,C:\Users\tyin363\Documents\repos\apache__ratis\ratis-server\src\main\java\org\apache\ratis\server\impl\PendingRequests.java,236
CLIENT:client-code:N/A:N/A,MethodCallExpr,org.apache.ratis.server.leader.LogAppenderBase,getFollower,C:\Users\tyin363\Documents\repos\apache__ratis\ratis-server\src\main\java\org\apache\ratis\server\leader\LogAppenderDefault.java,191
org.apache.ratis:ratis-server-api:jar:3.1.3,NameExpr,org.apache.ratis.server.leader.LogAppender,LOG,C:\Users\tyin363\Documents\repos\apache__ratis\ratis-server\src\main\java\org\apache\ratis\server\leader\LogAppenderDefault.java,212
,ClassOrInterfaceType,org.apache.ratis.proto.RaftProtos.LogEntryProto,LogEntryProto,C:\Users\tyin363\Documents\repos\apache__ratis\ratis-server\src\main\java\org\apache\ratis\server\raftlog\memory\MemoryRaftLog.java,184
CLIENT:client-code:N/A:N/A,NameExpr,org.apache.ratis.server.raftlog.segmented.SegmentedRaftLogReader,in,C:\Users\tyin363\Documents\repos\apache__ratis\ratis-server\src\main\java\org\apache\ratis\server\raftlog\segmented\SegmentedRaftLogReader.java,175
CLIENT:client-code:N/A:N/A,MethodCallExpr,org.apache.ratis.server.storage.RaftStorageImpl,cleanMetaTmpFile,C:\Users\tyin363\Documents\repos\apache__ratis\ratis-server\src\main\java\org\apache\ratis\server\storage\RaftStorageImpl.java,110
JDK:java.base:N/A:N/A,MethodCallExpr,java.util.function.ToIntFunction,applyAsInt,C:\Users\tyin363\Documents\repos\apache__ratis\ratis-server\src\main\java\org\apache\ratis\server\impl\FollowerState.java,53
org.apache.ratis:ratis-common:jar:3.1.3,MethodCallExpr,org.apache.ratis.util.OpenCloseState,isClosed,C:\Users\tyin363\Documents\repos\apache__ratis\ratis-server\src\main\java\org\apache\ratis\server\raftlog\segmented\SegmentedRaftLogInputStream.java,137
CLIENT:client-code:N/A:N/A,NameExpr,org.apache.ratis.server.raftlog.segmented.SegmentedRaftLogReader,temp,C:\Users\tyin363\Documents\repos\apache__ratis\ratis-server\src\main\java\org\apache\ratis\server\raftlog\segmented\SegmentedRaftLogReader.java,342
CLIENT:client-code:N/A:N/A,ClassOrInterfaceType,org.apache.ratis.server.raftlog.segmented.LogSegment,LogSegment,C:\Users\tyin363\Documents\repos\apache__ratis\ratis-server\src\main\java\org\apache\ratis\server\raftlog\segmented\CacheInvalidationPolicy.java,49
org.apache.ratis:ratis-server-api:jar:3.1.3,ClassOrInterfaceType,org.apache.ratis.statemachine.StateMachine,StateMachine,C:\Users\tyin363\Documents\repos\apache__ratis\ratis-server\src\main\java\org\apache\ratis\statemachine\impl\TransactionContextImpl.java,77
org.apache.ratis:ratis-common:jar:3.1.3,ObjectCreationExpr,org.apache.ratis.util.PureJavaCrc32C,PureJavaCrc32C,C:\Users\tyin363\Documents\repos\apache__ratis\ratis-server\src\main\java\org\apache\ratis\server\raftlog\segmented\SegmentedRaftLogReader.java,157
,MethodCallExpr,org.apache.ratis.proto.RaftProtos.AppendEntriesReplyProto,getFollowerCommit,C:\Users\tyin363\Documents\repos\apache__ratis\ratis-server\src\main\java\org\apache\ratis\server\leader\LogAppenderDefault.java,88
CLIENT:client-code:N/A:N/A,NameExpr,org.apache.ratis.server.impl.WriteIndexCache,cache,C:\Users\tyin363\Documents\repos\apache__ratis\ratis-server\src\main\java\org\apache\ratis\server\impl\WriteIndexCache.java,61
CLIENT:client-code:N/A:N/A,MethodCallExpr,org.apache.ratis.server.raftlog.segmented.SegmentedRaftLogInputStream,getName,C:\Users\tyin363\Documents\repos\apache__ratis\ratis-server\src\main\java\org\apache\ratis\server\raftlog\segmented\SegmentedRaftLogInputStream.java,131
org.slf4j:slf4j-api:jar:2.0.7,MethodCallExpr,org.slf4j.Logger,debug,C:\Users\tyin363\Documents\repos\apache__ratis\ratis-server\src\main\java\org\apache\ratis\server\storage\RaftStorageImpl.java,47
JDK:java.base:N/A:N/A,ClassOrInterfaceType,java.io.IOException,IOException,C:\Users\tyin363\Documents\repos\apache__ratis\ratis-server\src\main\java\org\apache\ratis\server\raftlog\segmented\SegmentedRaftLogReader.java,95
JDK:java.base:N/A:N/A,ClassOrInterfaceType,java.util.concurrent.atomic.AtomicInteger,AtomicInteger,C:\Users\tyin363\Documents\repos\apache__ratis\ratis-server\src\main\java\org\apache\ratis\server\impl\FollowerState.java,44
CLIENT:client-code:N/A:N/A,MethodCallExpr,org.apache.ratis.server.metrics.LeaderElectionMetrics,onLeaderElectionTimeout,C:\Users\tyin363\Documents\repos\apache__ratis\ratis-server\src\main\java\org\apache\ratis\server\impl\FollowerState.java,163
,NameExpr,org.apache.ratis.statemachine.impl.FileListSnapshotInfo,files,C:\Users\tyin363\Documents\repos\apache__ratis\ratis-server\src\main\java\org\apache\ratis\statemachine\impl\FileListSnapshotInfo.java,54
org.apache.ratis:ratis-metrics-api:jar:3.1.3,MethodCallExpr,org.apache.ratis.metrics.RatisMetricRegistry,counter,C:\Users\tyin363\Documents\repos\apache__ratis\ratis-server\src\main\java\org\apache\ratis\server\metrics\RaftLogMetricsBase.java,38
org.apache.ratis:ratis-common:jar:3.1.3,MethodCallExpr,org.apache.ratis.util.IOUtils,skipFully,C:\Users\tyin363\Documents\repos\apache__ratis\ratis-server\src\main\java\org\apache\ratis\server\raftlog\segmented\SegmentedRaftLogReader.java,268
CLIENT:client-code:N/A:N/A,ClassOrInterfaceType,org.apache.ratis.server.impl.PendingRequest,PendingRequest,C:\Users\tyin363\Documents\repos\apache__ratis\ratis-server\src\main\java\org\apache\ratis\server\impl\PendingRequests.java,242
JDK:java.base:N/A:N/A,ClassOrInterfaceType,java.util.concurrent.atomic.AtomicReference,AtomicReference,C:\Users\tyin363\Documents\repos\apache__ratis\ratis-server\src\main\java\org\apache\ratis\server\raftlog\memory\MemoryRaftLog.java,81
org.apache.ratis:ratis-server-api:jar:3.1.3,ClassOrInterfaceType,org.apache.ratis.server.RaftServer,RaftServer,C:\Users\tyin363\Documents\repos\apache__ratis\ratis-server\src\main\java\org\apache\ratis\server\impl\DataStreamServerImpl.java,37
,ClassOrInterfaceType,org.apache.ratis.proto.RaftProtos.InstallSnapshotRequestProto.SnapshotChunkProto.Builder,Builder,C:\Users\tyin363\Documents\repos\apache__ratis\ratis-server\src\main\java\org\apache\ratis\server\leader\LeaderProtoUtils.java,50
CLIENT:client-code:N/A:N/A,NameExpr,org.apache.ratis.server.impl.PendingRequests,LOG,C:\Users\tyin363\Documents\repos\apache__ratis\ratis-server\src\main\java\org\apache\ratis\server\impl\PendingRequests.java,252
org.apache.ratis:ratis-server-api:jar:3.1.3,ClassOrInterfaceType,org.apache.ratis.server.protocol.TermIndex,TermIndex,C:\Users\tyin363\Documents\repos\apache__ratis\ratis-server\src\main\java\org\apache\ratis\statemachine\impl\FileListSnapshotInfo.java,35
JDK:java.base:N/A:N/A,MethodCallExpr,java.util.Set,iterator,C:\Users\tyin363\Documents\repos\apache__ratis\ratis-server\src\main\java\org\apache\ratis\server\impl\PendingRequests.java,197
org.apache.ratis:ratis-thirdparty-misc:jar:1.0.9,MethodCallExpr,org.apache.ratis.thirdparty.com.google.protobuf.CodedOutputStream,computeUInt32SizeNoTag,C:\Users\tyin363\Documents\repos\apache__ratis\ratis-server\src\main\java\org\apache\ratis\server\raftlog\segmented\SegmentedRaftLogReader.java,311
org.apache.ratis:ratis-metrics-api:jar:3.1.3,MethodCallExpr,org.apache.ratis.metrics.RatisMetricRegistry,counter,C:\Users\tyin363\Documents\repos\apache__ratis\ratis-server\src\main\java\org\apache\ratis\server\metrics\RaftLogMetricsBase.java,39
CLIENT:client-code:N/A:N/A,FieldAccessExpr,org.apache.ratis.server.raftlog.segmented.SegmentedRaftLogReader,file,C:\Users\tyin363\Documents\repos\apache__ratis\ratis-server\src\main\java\org\apache\ratis\server\raftlog\segmented\SegmentedRaftLogReader.java,154
,NameExpr,org.apache.ratis.statemachine.impl.TransactionContextImpl,logIndexFuture,C:\Users\tyin363\Documents\repos\apache__ratis\ratis-server\src\main\java\org\apache\ratis\statemachine\impl\TransactionContextImpl.java,156
JDK:java.base:N/A:N/A,ClassOrInterfaceType,java.util.concurrent.CompletableFuture,CompletableFuture,C:\Users\tyin363\Documents\repos\apache__ratis\ratis-server\src\main\java\org\apache\ratis\server\impl\WriteIndexCache.java,61
CLIENT:client-code:N/A:N/A,MethodCallExpr,org.apache.ratis.server.leader.LogAppenderBase,newAppendEntriesRequest,C:\Users\tyin363\Documents\repos\apache__ratis\ratis-server\src\main\java\org\apache\ratis\server\leader\LogAppenderDefault.java,63
JDK:java.base:N/A:N/A,MethodCallExpr,java.util.concurrent.CompletableFuture,complete,C:\Users\tyin363\Documents\repos\apache__ratis\ratis-server\src\main\java\org\apache\ratis\statemachine\impl\TransactionContextImpl.java,116
CLIENT:client-code:N/A:N/A,NameExpr,org.apache.ratis.server.storage.RaftStorageImpl,state,C:\Users\tyin363\Documents\repos\apache__ratis\ratis-server\src\main\java\org\apache\ratis\server\storage\RaftStorageImpl.java,63
CLIENT:client-code:N/A:N/A,FieldAccessExpr,org.apache.ratis.server.raftlog.memory.MemoryRaftLog,entries,C:\Users\tyin363\Documents\repos\apache__ratis\ratis-server\src\main\java\org\apache\ratis\server\raftlog\memory\MemoryRaftLog.java,217
JDK:java.base:N/A:N/A,ClassOrInterfaceType,java.lang.IllegalStateException,IllegalStateException,C:\Users\tyin363\Documents\repos\apache__ratis\ratis-server\src\main\java\org\apache\ratis\server\util\ServerStringUtils.java,90
CLIENT:client-code:N/A:N/A,NameExpr,org.apache.ratis.server.impl.VoteContext,LOG,C:\Users\tyin363\Documents\repos\apache__ratis\ratis-server\src\main\java\org\apache\ratis\server\impl\VoteContext.java,49
CLIENT:client-code:N/A:N/A,NameExpr,org.apache.ratis.server.raftlog.segmented.SegmentedRaftLogReader,limiter,C:\Users\tyin363\Documents\repos\apache__ratis\ratis-server\src\main\java\org\apache\ratis\server\raftlog\segmented\SegmentedRaftLogReader.java,246
CLIENT:client-code:N/A:N/A,MethodCallExpr,org.apache.ratis.server.leader.LogAppenderBase,getServer,C:\Users\tyin363\Documents\repos\apache__ratis\ratis-server\src\main\java\org\apache\ratis\server\leader\LogAppenderDefault.java,130
CLIENT:client-code:N/A:N/A,MethodCallExpr,org.apache.ratis.server.impl.RaftServerImpl,changeToCandidate,C:\Users\tyin363\Documents\repos\apache__ratis\ratis-server\src\main\java\org\apache\ratis\server\impl\FollowerState.java,165
CLIENT:client-code:N/A:N/A,MethodCallExpr,org.apache.ratis.server.impl.PendingRequest,getEntry,C:\Users\tyin363\Documents\repos\apache__ratis\ratis-server\src\main\java\org\apache\ratis\server\impl\PendingRequests.java,270
JDK:java.base:N/A:N/A,MethodCallExpr,java.lang.Math,toIntExact,C:\Users\tyin363\Documents\repos\apache__ratis\ratis-server\src\main\java\org\apache\ratis\server\impl\PendingRequests.java,225
JDK:java.base:N/A:N/A,ClassOrInterfaceType,java.util.concurrent.CompletableFuture,CompletableFuture,C:\Users\tyin363\Documents\repos\apache__ratis\ratis-server\src\main\java\org\apache\ratis\server\raftlog\memory\MemoryRaftLog.java,152
CLIENT:client-code:N/A:N/A,NameExpr,org.apache.ratis.server.raftlog.segmented.SegmentedRaftLogInputStream,reader,C:\Users\tyin363\Documents\repos\apache__ratis\ratis-server\src\main\java\org\apache\ratis\server\raftlog\segmented\SegmentedRaftLogInputStream.java,86
JDK:java.base:N/A:N/A,ClassOrInterfaceType,java.io.InputStream,InputStream,C:\Users\tyin363\Documents\repos\apache__ratis\ratis-server\src\main\java\org\apache\ratis\server\storage\RaftStorageImpl.java,158
JDK:java.base:N/A:N/A,MethodCallExpr,java.util.concurrent.CompletableFuture,completedFuture,C:\Users\tyin363\Documents\repos\apache__ratis\ratis-server\src\main\java\org\apache\ratis\server\raftlog\memory\MemoryRaftLog.java,147
JDK:java.base:N/A:N/A,ClassOrInterfaceType,java.lang.Long,Long,C:\Users\tyin363\Documents\repos\apache__ratis\ratis-server\src\main\java\org\apache\ratis\server\raftlog\segmented\LogSegmentStartEnd.java,65
JDK:java.base:N/A:N/A,ClassOrInterfaceType,java.util.concurrent.atomic.AtomicInteger,AtomicInteger,C:\Users\tyin363\Documents\repos\apache__ratis\ratis-server\src\main\java\org\apache\ratis\server\impl\FollowerState.java,42
org.apache.ratis:ratis-common:jar:3.1.3,ClassOrInterfaceType,org.apache.ratis.util.AutoCloseableLock,AutoCloseableLock,C:\Users\tyin363\Documents\repos\apache__ratis\ratis-server\src\main\java\org\apache\ratis\server\raftlog\memory\MemoryRaftLog.java,105
org.apache.ratis:ratis-server-api:jar:3.1.3,MethodCallExpr,org.apache.ratis.server.protocol.TermIndex,toProto,C:\Users\tyin363\Documents\repos\apache__ratis\ratis-server\src\main\java\org\apache\ratis\server\leader\LeaderProtoUtils.java,59
CLIENT:client-code:N/A:N/A,NameExpr,org.apache.ratis.server.impl.VoteContext,impl,C:\Users\tyin363\Documents\repos\apache__ratis\ratis-server\src\main\java\org\apache\ratis\server\impl\VoteContext.java,50
CLIENT:client-code:N/A:N/A,MethodCallExpr,org.apache.ratis.server.storage.RaftStorageDirectoryImpl,analyzeStorage,C:\Users\tyin363\Documents\repos\apache__ratis\ratis-server\src\main\java\org\apache\ratis\server\storage\RaftStorageImpl.java,58
JDK:java.base:N/A:N/A,MethodCallExpr,java.util.List,add,C:\Users\tyin363\Documents\repos\apache__ratis\ratis-server\src\main\java\org\apache\ratis\server\raftlog\segmented\CacheInvalidationPolicy.java,120
JDK:java.base:N/A:N/A,MethodCallExpr,java.lang.Long,compare,C:\Users\tyin363\Documents\repos\apache__ratis\ratis-server\src\main\java\org\apache\ratis\server\raftlog\segmented\LogSegmentStartEnd.java,116
org.apache.ratis:ratis-common:jar:3.1.3,MethodCallExpr,org.apache.ratis.util.IOUtils,skipFully,C:\Users\tyin363\Documents\repos\apache__ratis\ratis-server\src\main\java\org\apache\ratis\server\raftlog\segmented\SegmentedRaftLogReader.java,266
CLIENT:client-code:N/A:N/A,NameExpr,org.apache.ratis.server.impl.VoteContext,phase,C:\Users\tyin363\Documents\repos\apache__ratis\ratis-server\src\main\java\org\apache\ratis\server\impl\VoteContext.java,50
CLIENT:client-code:N/A:N/A,NameExpr,org.apache.ratis.server.storage.RaftStorageImpl,state,C:\Users\tyin363\Documents\repos\apache__ratis\ratis-server\src\main\java\org\apache\ratis\server\storage\RaftStorageImpl.java,66
org.apache.ratis:ratis-common:jar:3.1.3,MethodCallExpr,org.apache.ratis.protocol.RaftPeerId,equals,C:\Users\tyin363\Documents\repos\apache__ratis\ratis-server\src\main\java\org\apache\ratis\server\impl\VoteContext.java,105
JDK:java.base:N/A:N/A,MethodCallExpr,java.util.concurrent.atomic.AtomicReference,set,C:\Users\tyin363\Documents\repos\apache__ratis\ratis-server\src\main\java\org\apache\ratis\server\impl\WriteIndexCache.java,56
org.apache.ratis:ratis-common:jar:3.1.3,MethodCallExpr,org.apache.ratis.util.FileUtils,newInputStream,C:\Users\tyin363\Documents\repos\apache__ratis\ratis-server\src\main\java\org\apache\ratis\server\storage\FileChunkReader.java,60
JDK:java.base:N/A:N/A,ClassOrInterfaceType,java.io.IOException,IOException,C:\Users\tyin363\Documents\repos\apache__ratis\ratis-server\src\main\java\org\apache\ratis\statemachine\impl\TransactionContextImpl.java,193
org.apache.ratis:ratis-common:jar:3.1.3,ClassOrInterfaceType,org.apache.ratis.protocol.exceptions.StreamException,StreamException,C:\Users\tyin363\Documents\repos\apache__ratis\ratis-server\src\main\java\org\apache\ratis\server\impl\MessageStreamRequests.java,102
JDK:java.base:N/A:N/A,ClassOrInterfaceType,java.util.concurrent.atomic.AtomicInteger,AtomicInteger,C:\Users\tyin363\Documents\repos\apache__ratis\ratis-server\src\main\java\org\apache\ratis\server\impl\FollowerState.java,43
,MethodCallExpr,org.apache.ratis.proto.RaftProtos.InstallSnapshotReplyProto,getServerReply,C:\Users\tyin363\Documents\repos\apache__ratis\ratis-server\src\main\java\org\apache\ratis\server\leader\LogAppenderDefault.java,115
org.apache.ratis:ratis-metrics-api:jar:3.1.3,MethodCallExpr,org.apache.ratis.metrics.RatisMetricRegistry,counter,C:\Users\tyin363\Documents\repos\apache__ratis\ratis-server\src\main\java\org\apache\ratis\server\metrics\RaftLogMetricsBase.java,37
CLIENT:client-code:N/A:N/A,MethodCallExpr,org.apache.ratis.server.storage.RaftStorageDirectoryImpl,getMetaTmpFile,C:\Users\tyin363\Documents\repos\apache__ratis\ratis-server\src\main\java\org\apache\ratis\server\storage\RaftStorageImpl.java,102
CLIENT:client-code:N/A:N/A,ClassOrInterfaceType,org.apache.ratis.server.impl.PendingRequest,PendingRequest,C:\Users\tyin363\Documents\repos\apache__ratis\ratis-server\src\main\java\org\apache\ratis\server\impl\PendingRequests.java,240
JDK:java.base:N/A:N/A,ClassOrInterfaceType,java.util.concurrent.CompletableFuture,CompletableFuture,C:\Users\tyin363\Documents\repos\apache__ratis\ratis-server\src\main\java\org\apache\ratis\server\impl\WriteIndexCache.java,59
JDK:java.base:N/A:N/A,ClassOrInterfaceType,java.util.concurrent.ConcurrentMap,ConcurrentMap,C:\Users\tyin363\Documents\repos\apache__ratis\ratis-server\src\main\java\org\apache\ratis\server\impl\PendingRequests.java,100
CLIENT:client-code:N/A:N/A,FieldAccessExpr,org.apache.ratis.server.raftlog.segmented.SegmentedRaftLogInputStream,state,C:\Users\tyin363\Documents\repos\apache__ratis\ratis-server\src\main\java\org\apache\ratis\server\raftlog\segmented\SegmentedRaftLogInputStream.java,78
CLIENT:client-code:N/A:N/A,NameExpr,org.apache.ratis.server.raftlog.segmented.SegmentedRaftLogReader,temp,C:\Users\tyin363\Documents\repos\apache__ratis\ratis-server\src\main\java\org\apache\ratis\server\raftlog\segmented\SegmentedRaftLogReader.java,337
CLIENT:client-code:N/A:N/A,FieldAccessExpr,org.apache.ratis.server.impl.VoteContext,conf,C:\Users\tyin363\Documents\repos\apache__ratis\ratis-server\src\main\java\org\apache\ratis\server\impl\VoteContext.java,39
org.apache.ratis:ratis-common:jar:3.1.3,MethodCallExpr,org.apache.ratis.rpc.CallId,get,C:\Users\tyin363\Documents\repos\apache__ratis\ratis-server\src\main\java\org\apache\ratis\server\leader\LogAppenderDefault.java,50
JDK:java.base:N/A:N/A,ClassOrInterfaceType,java.lang.Exception,Exception,C:\Users\tyin363\Documents\repos\apache__ratis\ratis-server\src\main\java\org\apache\ratis\server\raftlog\segmented\SegmentedRaftLogReader.java,227
CLIENT:client-code:N/A:N/A,NameExpr,org.apache.ratis.server.raftlog.segmented.SegmentedRaftLogInputStream.LogValidation,validLength,C:\Users\tyin363\Documents\repos\apache__ratis\ratis-server\src\main\java\org\apache\ratis\server\raftlog\segmented\SegmentedRaftLogInputStream.java,54
,NameExpr,org.apache.ratis.statemachine.impl.TransactionContextImpl,stateMachine,C:\Users\tyin363\Documents\repos\apache__ratis\ratis-server\src\main\java\org\apache\ratis\statemachine\impl\TransactionContextImpl.java,196
org.apache.ratis:ratis-server-api:jar:3.1.3,ClassOrInterfaceType,org.apache.ratis.statemachine.TransactionContext,TransactionContext,C:\Users\tyin363\Documents\repos\apache__ratis\ratis-server\src\main\java\org\apache\ratis\server\impl\PendingRequests.java,235
org.slf4j:slf4j-api:jar:2.0.7,MethodCallExpr,org.slf4j.LoggerFactory,getLogger,C:\Users\tyin363\Documents\repos\apache__ratis\ratis-server\src\main\java\org\apache\ratis\server\impl\MessageStreamRequests.java,36
JDK:java.base:N/A:N/A,MethodCallExpr,java.io.FilterInputStream,mark,C:\Users\tyin363\Documents\repos\apache__ratis\ratis-server\src\main\java\org\apache\ratis\server\raftlog\segmented\SegmentedRaftLogReader.java,114
org.apache.ratis:ratis-server-api:jar:3.1.3,ClassOrInterfaceType,org.apache.ratis.server.protocol.TermIndex,TermIndex,C:\Users\tyin363\Documents\repos\apache__ratis\ratis-server\src\main\java\org\apache\ratis\server\impl\PendingRequests.java,166
JDK:java.base:N/A:N/A,ClassOrInterfaceType,java.io.IOException,IOException,C:\Users\tyin363\Documents\repos\apache__ratis\ratis-server\src\main\java\org\apache\ratis\server\raftlog\segmented\SegmentedRaftLogReader.java,223
CLIENT:client-code:N/A:N/A,MethodCallExpr,org.apache.ratis.server.leader.LogAppenderBase,getFollower,C:\Users\tyin363\Documents\repos\apache__ratis\ratis-server\src\main\java\org\apache\ratis\server\leader\LogAppenderDefault.java,200
org.apache.ratis:ratis-common:jar:3.1.3,MethodCallExpr,org.apache.ratis.protocol.ClientInvocationId,valueOf,C:\Users\tyin363\Documents\repos\apache__ratis\ratis-server\src\main\java\org\apache\ratis\server\impl\MessageStreamRequests.java,90
CLIENT:client-code:N/A:N/A,NameExpr,org.apache.ratis.server.raftlog.segmented.SegmentedRaftLogReader.LimitedInputStream,curPos,C:\Users\tyin363\Documents\repos\apache__ratis\ratis-server\src\main\java\org\apache\ratis\server\raftlog\segmented\SegmentedRaftLogReader.java,115
JDK:java.base:N/A:N/A,ClassOrInterfaceType,java.lang.String,String,C:\Users\tyin363\Documents\repos\apache__ratis\ratis-server\src\main\java\org\apache\ratis\server\impl\FollowerState.java,181
org.apache.ratis:ratis-thirdparty-misc:jar:1.0.9,ClassOrInterfaceType,org.apache.ratis.thirdparty.com.google.protobuf.ByteString,ByteString,C:\Users\tyin363\Documents\repos\apache__ratis\ratis-server\src\main\java\org\apache\ratis\server\storage\FileChunkReader.java,86
JDK:java.base:N/A:N/A,ClassOrInterfaceType,java.io.File,File,C:\Users\tyin363\Documents\repos\apache__ratis\ratis-server\src\main\java\org\apache\ratis\server\raftlog\segmented\SegmentedRaftLogReader.java,153
JDK:java.base:N/A:N/A,MethodCallExpr,java.util.List,size,C:\Users\tyin363\Documents\repos\apache__ratis\ratis-server\src\main\java\org\apache\ratis\server\raftlog\memory\MemoryRaftLog.java,60
CLIENT:client-code:N/A:N/A,MethodCallExpr,org.apache.ratis.server.impl.RaftServerImpl,properties,C:\Users\tyin363\Documents\repos\apache__ratis\ratis-server\src\main\java\org\apache\ratis\server\impl\FollowerState.java,95
JDK:java.base:N/A:N/A,ObjectCreationExpr,java.io.IOException,IOException,C:\Users\tyin363\Documents\repos\apache__ratis\ratis-server\src\main\java\org\apache\ratis\server\raftlog\segmented\SegmentedRaftLogReader.java,178
,MethodCallExpr,org.apache.ratis.util.Daemon.Builder,setThreadGroup,C:\Users\tyin363\Documents\repos\apache__ratis\ratis-server\src\main\java\org\apache\ratis\server\impl\FollowerState.java,70
CLIENT:client-code:N/A:N/A,MethodCallExpr,org.apache.ratis.server.storage.RaftStorageImpl,getStorageDir,C:\Users\tyin363\Documents\repos\apache__ratis\ratis-server\src\main\java\org\apache\ratis\server\storage\RaftStorageImpl.java,170
CLIENT:client-code:N/A:N/A,MethodCallExpr,org.apache.ratis.server.raftlog.memory.MemoryRaftLog.EntryList,add,C:\Users\tyin363\Documents\repos\apache__ratis\ratis-server\src\main\java\org\apache\ratis\server\raftlog\memory\MemoryRaftLog.java,217
CLIENT:client-code:N/A:N/A,MethodCallExpr,org.apache.ratis.server.raftlog.memory.MemoryRaftLog.EntryList,size,C:\Users\tyin363\Documents\repos\apache__ratis\ratis-server\src\main\java\org\apache\ratis\server\raftlog\memory\MemoryRaftLog.java,131
CLIENT:client-code:N/A:N/A,ClassOrInterfaceType,org.apache.ratis.server.raftlog.segmented.LogSegmentStartEnd,LogSegmentStartEnd,C:\Users\tyin363\Documents\repos\apache__ratis\ratis-server\src\main\java\org\apache\ratis\server\raftlog\segmented\LogSegmentStartEnd.java,66
org.apache.ratis:ratis-common:jar:3.1.3,ClassOrInterfaceType,org.apache.ratis.protocol.SetConfigurationRequest,SetConfigurationRequest,C:\Users\tyin363\Documents\repos\apache__ratis\ratis-server\src\main\java\org\apache\ratis\server\impl\PendingRequests.java,240
CLIENT:client-code:N/A:N/A,MethodCallExpr,org.apache.ratis.server.impl.PendingRequests.RequestMap,setNotLeaderException,C:\Users\tyin363\Documents\repos\apache__ratis\ratis-server\src\main\java\org\apache\ratis\server\impl\PendingRequests.java,289
org.apache.ratis:ratis-server-api:jar:3.1.3,ClassOrInterfaceType,org.apache.ratis.server.metrics.RaftLogMetrics,RaftLogMetrics,C:\Users\tyin363\Documents\repos\apache__ratis\ratis-server\src\main\java\org\apache\ratis\server\metrics\RaftLogMetricsBase.java,28
CLIENT:client-code:N/A:N/A,NameExpr,org.apache.ratis.server.impl.DataStreamServerImpl,serverRpc,C:\Users\tyin363\Documents\repos\apache__ratis\ratis-server\src\main\java\org\apache\ratis\server\impl\DataStreamServerImpl.java,49
JDK:java.base:N/A:N/A,MethodCallExpr,java.util.concurrent.atomic.AtomicInteger,get,C:\Users\tyin363\Documents\repos\apache__ratis\ratis-server\src\main\java\org\apache\ratis\server\impl\FollowerState.java,137
JDK:java.base:N/A:N/A,ObjectCreationExpr,java.io.IOException,IOException,C:\Users\tyin363\Documents\repos\apache__ratis\ratis-server\src\main\java\org\apache\ratis\server\raftlog\segmented\SegmentedRaftLogReader.java,307
,ClassOrInterfaceType,org.apache.ratis.proto.RaftProtos.StateMachineLogEntryProto,StateMachineLogEntryProto,C:\Users\tyin363\Documents\repos\apache__ratis\ratis-server\src\main\java\org\apache\ratis\server\util\ServerStringUtils.java,49
CLIENT:client-code:N/A:N/A,NameExpr,org.apache.ratis.server.raftlog.segmented.SegmentedRaftLogReader,in,C:\Users\tyin363\Documents\repos\apache__ratis\ratis-server\src\main\java\org\apache\ratis\server\raftlog\segmented\SegmentedRaftLogReader.java,250
CLIENT:client-code:N/A:N/A,ClassOrInterfaceType,org.apache.ratis.server.raftlog.segmented.LogSegment,LogSegment,C:\Users\tyin363\Documents\repos\apache__ratis\ratis-server\src\main\java\org\apache\ratis\server\raftlog\segmented\CacheInvalidationPolicy.java,105
CLIENT:client-code:N/A:N/A,ClassOrInterfaceType,org.apache.ratis.server.impl.DataStreamServerImpl,DataStreamServerImpl,C:\Users\tyin363\Documents\repos\apache__ratis\ratis-server\src\main\java\org\apache\ratis\server\impl\DataStreamServerImpl.java,33
CLIENT:client-code:N/A:N/A,ClassOrInterfaceType,org.apache.ratis.server.raftlog.segmented.LogSegmentStartEnd,LogSegmentStartEnd,C:\Users\tyin363\Documents\repos\apache__ratis\ratis-server\src\main\java\org\apache\ratis\server\raftlog\segmented\LogSegmentStartEnd.java,69
CLIENT:client-code:N/A:N/A,ObjectCreationExpr,org.apache.ratis.server.raftlog.memory.MemoryRaftLog.EntryList,EntryList,C:\Users\tyin363\Documents\repos\apache__ratis\ratis-server\src\main\java\org\apache\ratis\server\raftlog\memory\MemoryRaftLog.java,80
CLIENT:client-code:N/A:N/A,NameExpr,org.apache.ratis.server.impl.DivisionPropertiesImpl,rpcTimeoutMin,C:\Users\tyin363\Documents\repos\apache__ratis\ratis-server\src\main\java\org\apache\ratis\server\impl\DivisionPropertiesImpl.java,44
CLIENT:client-code:N/A:N/A,NameExpr,org.apache.ratis.server.metrics.RaftLogMetricsBase,metadataLogEntryCount,C:\Users\tyin363\Documents\repos\apache__ratis\ratis-server\src\main\java\org\apache\ratis\server\metrics\RaftLogMetricsBase.java,58
org.apache.ratis:ratis-common:jar:3.1.3,MethodCallExpr,org.apache.ratis.util.OpenCloseState,open,C:\Users\tyin363\Documents\repos\apache__ratis\ratis-server\src\main\java\org\apache\ratis\server\raftlog\segmented\SegmentedRaftLogInputStream.java,83
JDK:java.base:N/A:N/A,ObjectCreationExpr,java.util.concurrent.CompletableFuture,CompletableFuture,C:\Users\tyin363\Documents\repos\apache__ratis\ratis-server\src\main\java\org\apache\ratis\statemachine\impl\TransactionContextImpl.java,75
CLIENT:client-code:N/A:N/A,MethodCallExpr,org.apache.ratis.server.impl.ConfigurationManager,setCurrentConf,C:\Users\tyin363\Documents\repos\apache__ratis\ratis-server\src\main\java\org\apache\ratis\server\impl\ConfigurationManager.java,78
JDK:java.base:N/A:N/A,ClassOrInterfaceType,java.io.IOException,IOException,C:\Users\tyin363\Documents\repos\apache__ratis\ratis-server\src\main\java\org\apache\ratis\server\storage\RaftStorageImpl.java,135
org.apache.ratis:ratis-server-api:jar:3.1.3,MethodCallExpr,org.apache.ratis.server.leader.FollowerInfo,getNextIndex,C:\Users\tyin363\Documents\repos\apache__ratis\ratis-server\src\main\java\org\apache\ratis\server\leader\LogAppenderDefault.java,142
JDK:java.base:N/A:N/A,ClassOrInterfaceType,java.lang.String,String,C:\Users\tyin363\Documents\repos\apache__ratis\ratis-server\src\main\java\org\apache\ratis\server\storage\FileChunkReader.java,113
org.apache.ratis:ratis-common:jar:3.1.3,ClassOrInterfaceType,org.apache.ratis.util.AutoCloseableLock,AutoCloseableLock,C:\Users\tyin363\Documents\repos\apache__ratis\ratis-server\src\main\java\org\apache\ratis\server\raftlog\memory\MemoryRaftLog.java,143
JDK:java.base:N/A:N/A,ClassOrInterfaceType,java.util.concurrent.CompletableFuture,CompletableFuture,C:\Users\tyin363\Documents\repos\apache__ratis\ratis-server\src\main\java\org\apache\ratis\server\raftlog\memory\MemoryRaftLog.java,141
org.apache.ratis:ratis-thirdparty-misc:jar:1.0.9,ClassOrInterfaceType,org.apache.ratis.thirdparty.com.google.protobuf.ByteString,ByteString,C:\Users\tyin363\Documents\repos\apache__ratis\ratis-server\src\main\java\org\apache\ratis\server\storage\FileChunkReader.java,83
org.apache.ratis:ratis-server-api:jar:3.1.3,MethodCallExpr,org.apache.ratis.server.leader.LogAppender,onFollowerTerm,C:\Users\tyin363\Documents\repos\apache__ratis\ratis-server\src\main\java\org\apache\ratis\server\leader\LogAppenderDefault.java,148
org.slf4j:slf4j-api:jar:2.0.7,MethodCallExpr,org.slf4j.Logger,trace,C:\Users\tyin363\Documents\repos\apache__ratis\ratis-server\src\main\java\org\apache\ratis\server\impl\PendingRequests.java,183
CLIENT:client-code:N/A:N/A,NameExpr,org.apache.ratis.server.impl.PendingRequests,pendingRequests,C:\Users\tyin363\Documents\repos\apache__ratis\ratis-server\src\main\java\org\apache\ratis\server\impl\PendingRequests.java,267
CLIENT:client-code:N/A:N/A,ClassOrInterfaceType,org.apache.ratis.server.impl.PendingRequests.RequestLimits,RequestLimits,C:\Users\tyin363\Documents\repos\apache__ratis\ratis-server\src\main\java\org\apache\ratis\server\impl\PendingRequests.java,113
JDK:java.base:N/A:N/A,ClassOrInterfaceType,java.lang.String,String,C:\Users\tyin363\Documents\repos\apache__ratis\ratis-server\src\main\java\org\apache\ratis\server\storage\RaftStorageImpl.java,169
JDK:java.base:N/A:N/A,ObjectCreationExpr,java.util.concurrent.atomic.AtomicReference,AtomicReference,C:\Users\tyin363\Documents\repos\apache__ratis\ratis-server\src\main\java\org\apache\ratis\server\raftlog\memory\MemoryRaftLog.java,81
org.apache.ratis:ratis-thirdparty-misc:jar:1.0.9,ClassOrInterfaceType,org.apache.ratis.thirdparty.com.google.protobuf.ByteString,ByteString,C:\Users\tyin363\Documents\repos\apache__ratis\ratis-server\src\main\java\org\apache\ratis\server\impl\MessageStreamRequests.java,41
CLIENT:client-code:N/A:N/A,ClassOrInterfaceType,org.apache.ratis.server.impl.PendingRequests.Permit,Permit,C:\Users\tyin363\Documents\repos\apache__ratis\ratis-server\src\main\java\org\apache\ratis\server\impl\PendingRequests.java,156
JDK:java.base:N/A:N/A,ClassOrInterfaceType,java.io.IOException,IOException,C:\Users\tyin363\Documents\repos\apache__ratis\ratis-server\src\main\java\org\apache\ratis\statemachine\impl\TransactionContextImpl.java,188
org.apache.ratis:ratis-metrics-api:jar:3.1.3,ClassOrInterfaceType,org.apache.ratis.metrics.LongCounter,LongCounter,C:\Users\tyin363\Documents\repos\apache__ratis\ratis-server\src\main\java\org\apache\ratis\server\metrics\RaftLogMetricsBase.java,37
CLIENT:client-code:N/A:N/A,MethodCallExpr,org.apache.ratis.server.impl.ServerState,getCurrentTerm,C:\Users\tyin363\Documents\repos\apache__ratis\ratis-server\src\main\java\org\apache\ratis\server\impl\VoteContext.java,74
org.apache.ratis:ratis-common:jar:3.1.3,ClassOrInterfaceType,org.apache.ratis.util.TimeDuration,TimeDuration,C:\Users\tyin363\Documents\repos\apache__ratis\ratis-server\src\main\java\org\apache\ratis\server\impl\FollowerState.java,136
org.apache.ratis:ratis-common:jar:3.1.3,MethodCallExpr,org.apache.ratis.util.JavaUtils,getClassSimpleName,C:\Users\tyin363\Documents\repos\apache__ratis\ratis-server\src\main\java\org\apache\ratis\server\impl\MessageStreamRequests.java,84
JDK:java.base:N/A:N/A,MethodCallExpr,java.util.List,add,C:\Users\tyin363\Documents\repos\apache__ratis\ratis-server\src\main\java\org\apache\ratis\server\raftlog\segmented\CacheInvalidationPolicy.java,110
org.apache.ratis:ratis-common:jar:3.1.3,MethodCallExpr,org.apache.ratis.util.JavaUtils,completeExceptionally,C:\Users\tyin363\Documents\repos\apache__ratis\ratis-server\src\main\java\org\apache\ratis\server\impl\MessageStreamRequests.java,102
CLIENT:client-code:N/A:N/A,NameExpr,org.apache.ratis.server.storage.RaftStorageImpl,storageDir,C:\Users\tyin363\Documents\repos\apache__ratis\ratis-server\src\main\java\org\apache\ratis\server\storage\RaftStorageImpl.java,74
CLIENT:client-code:N/A:N/A,ClassOrInterfaceType,org.apache.ratis.server.storage.RaftStorageDirectoryImpl,RaftStorageDirectoryImpl,C:\Users\tyin363\Documents\repos\apache__ratis\ratis-server\src\main\java\org\apache\ratis\server\storage\RaftStorageImpl.java,49
JDK:java.base:N/A:N/A,ObjectCreationExpr,java.util.ArrayList,ArrayList,C:\Users\tyin363\Documents\repos\apache__ratis\ratis-server\src\main\java\org\apache\ratis\server\raftlog\memory\MemoryRaftLog.java,210
org.apache.ratis:ratis-server-api:jar:3.1.3,ClassOrInterfaceType,org.apache.ratis.server.DataStreamServerRpc,DataStreamServerRpc,C:\Users\tyin363\Documents\repos\apache__ratis\ratis-server\src\main\java\org\apache\ratis\server\DisabledDataStreamServerFactory.java,32
CLIENT:client-code:N/A:N/A,FieldAccessExpr,org.apache.ratis.server.impl.MessageStreamRequests,name,C:\Users\tyin363\Documents\repos\apache__ratis\ratis-server\src\main\java\org\apache\ratis\server\impl\MessageStreamRequests.java,84
,MethodCallExpr,org.apache.ratis.proto.RaftProtos.AppendEntriesRequestProto,getLeaderTerm,C:\Users\tyin363\Documents\repos\apache__ratis\ratis-server\src\main\java\org\apache\ratis\server\util\ServerStringUtils.java,55
JDK:java.base:N/A:N/A,ClassOrInterfaceType,java.lang.Exception,Exception,C:\Users\tyin363\Documents\repos\apache__ratis\ratis-server\src\main\java\org\apache\ratis\server\leader\LogAppenderDefault.java,121
JDK:java.base:N/A:N/A,MethodCallExpr,java.io.FilterInputStream,reset,C:\Users\tyin363\Documents\repos\apache__ratis\ratis-server\src\main\java\org\apache\ratis\server\raftlog\segmented\SegmentedRaftLogReader.java,214
CLIENT:client-code:N/A:N/A,MethodCallExpr,org.apache.ratis.server.raftlog.memory.MemoryRaftLog.EntryList,purge,C:\Users\tyin363\Documents\repos\apache__ratis\ratis-server\src\main\java\org\apache\ratis\server\raftlog\memory\MemoryRaftLog.java,155
,MethodCallExpr,org.apache.ratis.util.ResourceSemaphore.Group,tryAcquire,C:\Users\tyin363\Documents\repos\apache__ratis\ratis-server\src\main\java\org\apache\ratis\server\impl\PendingRequests.java,85
CLIENT:client-code:N/A:N/A,ClassOrInterfaceType,org.apache.ratis.server.raftlog.segmented.CacheInvalidationPolicy,CacheInvalidationPolicy,C:\Users\tyin363\Documents\repos\apache__ratis\ratis-server\src\main\java\org\apache\ratis\server\raftlog\segmented\CacheInvalidationPolicy.java,47
,MethodCallExpr,org.apache.ratis.proto.RaftProtos.RequestVoteReplyProto,getTerm,C:\Users\tyin363\Documents\repos\apache__ratis\ratis-server\src\main\java\org\apache\ratis\server\util\ServerStringUtils.java,121
org.apache.ratis:ratis-common:jar:3.1.3,ClassOrInterfaceType,org.apache.ratis.protocol.ClientInvocationId,ClientInvocationId,C:\Users\tyin363\Documents\repos\apache__ratis\ratis-server\src\main\java\org\apache\ratis\server\impl\MessageStreamRequests.java,90
CLIENT:client-code:N/A:N/A,NameExpr,org.apache.ratis.server.impl.MessageStreamRequests.PendingStream,nextId,C:\Users\tyin363\Documents\repos\apache__ratis\ratis-server\src\main\java\org\apache\ratis\server\impl\MessageStreamRequests.java,48
JDK:java.base:N/A:N/A,MethodCallExpr,java.util.concurrent.CompletableFuture,complete,C:\Users\tyin363\Documents\repos\apache__ratis\ratis-server\src\main\java\org\apache\ratis\statemachine\impl\TransactionContextImpl.java,156
CLIENT:client-code:N/A:N/A,MethodCallExpr,org.apache.ratis.server.raftlog.RaftLogBase,readLock,C:\Users\tyin363\Documents\repos\apache__ratis\ratis-server\src\main\java\org\apache\ratis\server\raftlog\memory\MemoryRaftLog.java,163
JDK:java.base:N/A:N/A,MethodCallExpr,java.util.Map,put,C:\Users\tyin363\Documents\repos\apache__ratis\ratis-server\src\main\java\org\apache\ratis\server\impl\PendingRequests.java,161
org.slf4j:slf4j-api:jar:2.0.7,MethodCallExpr,org.slf4j.Logger,isWarnEnabled,C:\Users\tyin363\Documents\repos\apache__ratis\ratis-server\src\main\java\org\apache\ratis\server\raftlog\segmented\SegmentedRaftLogReader.java,217
JDK:java.base:N/A:N/A,ClassOrInterfaceType,java.lang.String,String,C:\Users\tyin363\Documents\repos\apache__ratis\ratis-server\src\main\java\org\apache\ratis\server\util\ServerStringUtils.java,79
JDK:java.base:N/A:N/A,MethodCallExpr,java.util.Map,clear,C:\Users\tyin363\Documents\repos\apache__ratis\ratis-server\src\main\java\org\apache\ratis\server\impl\ConfigurationManager.java,102
org.slf4j:slf4j-api:jar:2.0.7,MethodCallExpr,org.slf4j.Logger,info,C:\Users\tyin363\Documents\repos\apache__ratis\ratis-server\src\main\java\org\apache\ratis\server\impl\FollowerState.java,161
CLIENT:client-code:N/A:N/A,MethodCallExpr,org.apache.ratis.server.leader.LogAppenderDefault,handleReply,C:\Users\tyin363\Documents\repos\apache__ratis\ratis-server\src\main\java\org\apache\ratis\server\leader\LogAppenderDefault.java,165
JDK:java.base:N/A:N/A,MethodCallExpr,java.util.List,size,C:\Users\tyin363\Documents\repos\apache__ratis\ratis-server\src\main\java\org\apache\ratis\server\raftlog\memory\MemoryRaftLog.java,64
CLIENT:client-code:N/A:N/A,MethodCallExpr,org.apache.ratis.server.impl.ConfigurationManager,addRaftConfigurationImpl,C:\Users\tyin363\Documents\repos\apache__ratis\ratis-server\src\main\java\org\apache\ratis\server\impl\ConfigurationManager.java,72
org.apache.ratis:ratis-common:jar:3.1.3,MethodCallExpr,org.apache.ratis.util.JavaUtils,getClassSimpleName,C:\Users\tyin363\Documents\repos\apache__ratis\ratis-server\src\main\java\org\apache\ratis\server\impl\PendingRequests.java,222
org.slf4j:slf4j-api:jar:2.0.7,MethodCallExpr,org.slf4j.Logger,error,C:\Users\tyin363\Documents\repos\apache__ratis\ratis-server\src\main\java\org\apache\ratis\server\raftlog\segmented\SegmentedRaftLogInputStream.java,111
JDK:java.base:N/A:N/A,ClassOrInterfaceType,java.util.concurrent.CompletableFuture,CompletableFuture,C:\Users\tyin363\Documents\repos\apache__ratis\ratis-server\src\main\java\org\apache\ratis\server\impl\DataStreamMapImpl.java,36
JDK:java.base:N/A:N/A,ClassOrInterfaceType,java.util.function.ToIntFunction,ToIntFunction,C:\Users\tyin363\Documents\repos\apache__ratis\ratis-server\src\main\java\org\apache\ratis\server\impl\FollowerState.java,46
CLIENT:client-code:N/A:N/A,MethodCallExpr,org.apache.ratis.server.impl.RaftServerImpl,getInfo,C:\Users\tyin363\Documents\repos\apache__ratis\ratis-server\src\main\java\org\apache\ratis\server\impl\VoteContext.java,94
CLIENT:client-code:N/A:N/A,NameExpr,org.apache.ratis.server.impl.DataStreamServerImpl,serverRpc,C:\Users\tyin363\Documents\repos\apache__ratis\ratis-server\src\main\java\org\apache\ratis\server\impl\DataStreamServerImpl.java,44
CLIENT:client-code:N/A:N/A,MethodCallExpr,org.apache.ratis.server.impl.RaftServerImpl,getState,C:\Users\tyin363\Documents\repos\apache__ratis\ratis-server\src\main\java\org\apache\ratis\server\impl\VoteContext.java,144
JDK:java.base:N/A:N/A,MethodCallExpr,java.util.Optional,map,C:\Users\tyin363\Documents\repos\apache__ratis\ratis-server\src\main\java\org\apache\ratis\server\raftlog\segmented\SegmentedRaftLogReader.java,208
CLIENT:client-code:N/A:N/A,NameExpr,org.apache.ratis.server.impl.PendingRequests.RequestMap,resource,C:\Users\tyin363\Documents\repos\apache__ratis\ratis-server\src\main\java\org\apache\ratis\server\impl\PendingRequests.java,140
CLIENT:client-code:N/A:N/A,ClassOrInterfaceType,org.apache.ratis.server.impl.PendingRequests.Permit,Permit,C:\Users\tyin363\Documents\repos\apache__ratis\ratis-server\src\main\java\org\apache\ratis\server\impl\PendingRequests.java,154
CLIENT:client-code:N/A:N/A,ClassOrInterfaceType,org.apache.ratis.server.raftlog.segmented.LogSegmentStartEnd,LogSegmentStartEnd,C:\Users\tyin363\Documents\repos\apache__ratis\ratis-server\src\main\java\org\apache\ratis\server\raftlog\segmented\LogSegmentStartEnd.java,62
JDK:java.base:N/A:N/A,MethodCallExpr,java.util.List,size,C:\Users\tyin363\Documents\repos\apache__ratis\ratis-server\src\main\java\org\apache\ratis\server\raftlog\memory\MemoryRaftLog.java,65
CLIENT:client-code:N/A:N/A,ClassOrInterfaceType,org.apache.ratis.server.RaftServerConfigKeys.Log.CorruptionPolicy,CorruptionPolicy,C:\Users\tyin363\Documents\repos\apache__ratis\ratis-server\src\main\java\org\apache\ratis\server\storage\RaftStorageImpl.java,91
org.apache.ratis:ratis-thirdparty-misc:jar:1.0.9,MethodCallExpr,org.apache.ratis.thirdparty.com.google.protobuf.CodedInputStream,readRawVarint32,C:\Users\tyin363\Documents\repos\apache__ratis\ratis-server\src\main\java\org\apache\ratis\server\raftlog\segmented\SegmentedRaftLogReader.java,305
CLIENT:client-code:N/A:N/A,MethodCallExpr,org.apache.ratis.server.impl.RaftServerImpl,getRole,C:\Users\tyin363\Documents\repos\apache__ratis\ratis-server\src\main\java\org\apache\ratis\server\impl\VoteContext.java,96
CLIENT:client-code:N/A:N/A,FieldAccessExpr,org.apache.ratis.server.impl.PendingRequests.RequestMap,raftServerMetrics,C:\Users\tyin363\Documents\repos\apache__ratis\ratis-server\src\main\java\org\apache\ratis\server\impl\PendingRequests.java,114
org.apache.ratis:ratis-server-api:jar:3.1.3,ClassOrInterfaceType,org.apache.ratis.statemachine.StateMachine,StateMachine,C:\Users\tyin363\Documents\repos\apache__ratis\ratis-server\src\main\java\org\apache\ratis\statemachine\impl\TransactionContextImpl.java,91
CLIENT:client-code:N/A:N/A,NameExpr,org.apache.ratis.server.raftlog.segmented.LogSegmentStartEnd,endIndex,C:\Users\tyin363\Documents\repos\apache__ratis\ratis-server\src\main\java\org\apache\ratis\server\raftlog\segmented\LogSegmentStartEnd.java,142
CLIENT:client-code:N/A:N/A,NameExpr,org.apache.ratis.server.metrics.RaftLogMetricsBase,configLogEntryCount,C:\Users\tyin363\Documents\repos\apache__ratis\ratis-server\src\main\java\org\apache\ratis\server\metrics\RaftLogMetricsBase.java,55
CLIENT:client-code:N/A:N/A,MethodCallExpr,org.apache.ratis.server.impl.FollowerState.UpdateType,update,C:\Users\tyin363\Documents\repos\apache__ratis\ratis-server\src\main\java\org\apache\ratis\server\impl\FollowerState.java,80
CLIENT:client-code:N/A:N/A,MethodCallExpr,org.apache.ratis.server.raftlog.segmented.SegmentedRaftLogInputStream,getName,C:\Users\tyin363\Documents\repos\apache__ratis\ratis-server\src\main\java\org\apache\ratis\server\raftlog\segmented\SegmentedRaftLogInputStream.java,78
CLIENT:client-code:N/A:N/A,NameExpr,org.apache.ratis.server.impl.FollowerState,lastRpcTime,C:\Users\tyin363\Documents\repos\apache__ratis\ratis-server\src\main\java\org\apache\ratis\server\impl\FollowerState.java,78
CLIENT:client-code:N/A:N/A,MethodCallExpr,org.apache.ratis.server.raftlog.segmented.SegmentedRaftLogFormat,getHeaderBytebuffer,C:\Users\tyin363\Documents\repos\apache__ratis\ratis-server\src\main\java\org\apache\ratis\server\raftlog\segmented\SegmentedRaftLogReader.java,196
CLIENT:client-code:N/A:N/A,ClassOrInterfaceType,org.apache.ratis.server.raftlog.segmented.LogSegmentStartEnd,LogSegmentStartEnd,C:\Users\tyin363\Documents\repos\apache__ratis\ratis-server\src\main\java\org\apache\ratis\server\raftlog\segmented\LogSegmentStartEnd.java,65
JDK:java.base:N/A:N/A,MethodCallExpr,java.util.concurrent.atomic.AtomicReference,set,C:\Users\tyin363\Documents\repos\apache__ratis\ratis-server\src\main\java\org\apache\ratis\server\storage\RaftStorageImpl.java,182
CLIENT:client-code:N/A:N/A,NameExpr,org.apache.ratis.server.impl.MessageStreamRequests.PendingStream,nextId,C:\Users\tyin363\Documents\repos\apache__ratis\ratis-server\src\main\java\org\apache\ratis\server\impl\MessageStreamRequests.java,50
CLIENT:client-code:N/A:N/A,ClassOrInterfaceType,org.apache.ratis.server.impl.MessageStreamRequests.PendingStream,PendingStream,C:\Users\tyin363\Documents\repos\apache__ratis\ratis-server\src\main\java\org\apache\ratis\server\impl\MessageStreamRequests.java,71
CLIENT:client-code:N/A:N/A,MethodCallExpr,org.apache.ratis.server.raftlog.segmented.SegmentedRaftLogReader,getPos,C:\Users\tyin363\Documents\repos\apache__ratis\ratis-server\src\main\java\org\apache\ratis\server\raftlog\segmented\SegmentedRaftLogInputStream.java,128
org.apache.ratis:ratis-common:jar:3.1.3,ClassOrInterfaceType,org.apache.ratis.util.SizeInBytes,SizeInBytes,C:\Users\tyin363\Documents\repos\apache__ratis\ratis-server\src\main\java\org\apache\ratis\server\raftlog\segmented\SegmentedRaftLogInputStream.java,74
,MethodCallExpr,org.apache.ratis.proto.RaftProtos.InstallSnapshotReplyProto,getResult,C:\Users\tyin363\Documents\repos\apache__ratis\ratis-server\src\main\java\org\apache\ratis\server\util\ServerStringUtils.java,114
JDK:java.base:N/A:N/A,ClassOrInterfaceType,java.util.concurrent.CompletableFuture,CompletableFuture,C:\Users\tyin363\Documents\repos\apache__ratis\ratis-server\src\main\java\org\apache\ratis\server\impl\MessageStreamRequests.java,95
org.apache.ratis:ratis-common:jar:3.1.3,MethodCallExpr,org.apache.ratis.util.StringUtils,bytes2HexString,C:\Users\tyin363\Documents\repos\apache__ratis\ratis-server\src\main\java\org\apache\ratis\server\raftlog\segmented\SegmentedRaftLogReader.java,195
CLIENT:client-code:N/A:N/A,NameExpr,org.apache.ratis.server.storage.RaftStorageImpl,storageDir,C:\Users\tyin363\Documents\repos\apache__ratis\ratis-server\src\main\java\org\apache\ratis\server\storage\RaftStorageImpl.java,75
CLIENT:client-code:N/A:N/A,MethodCallExpr,org.apache.ratis.server.leader.LogAppenderBase,resetHeartbeatTrigger,C:\Users\tyin363\Documents\repos\apache__ratis\ratis-server\src\main\java\org\apache\ratis\server\leader\LogAppenderDefault.java,78
JDK:java.base:N/A:N/A,ClassOrInterfaceType,java.lang.IllegalArgumentException,IllegalArgumentException,C:\Users\tyin363\Documents\repos\apache__ratis\ratis-server\src\main\java\org\apache\ratis\server\leader\LogAppenderDefault.java,205
org.apache.ratis:ratis-server-api:jar:3.1.3,ClassOrInterfaceType,org.apache.ratis.statemachine.SnapshotInfo,SnapshotInfo,C:\Users\tyin363\Documents\repos\apache__ratis\ratis-server\src\main\java\org\apache\ratis\statemachine\impl\FileListSnapshotInfo.java,34
CLIENT:client-code:N/A:N/A,NameExpr,org.apache.ratis.server.impl.MessageStreamRequests.PendingStream,nextId,C:\Users\tyin363\Documents\repos\apache__ratis\ratis-server\src\main\java\org\apache\ratis\server\impl\MessageStreamRequests.java,49
CLIENT:client-code:N/A:N/A,MethodCallExpr,org.apache.ratis.server.impl.VoteContext,checkConf,C:\Users\tyin363\Documents\repos\apache__ratis\ratis-server\src\main\java\org\apache\ratis\server\impl\VoteContext.java,115
org.slf4j:slf4j-api:jar:2.0.7,MethodCallExpr,org.slf4j.Logger,info,C:\Users\tyin363\Documents\repos\apache__ratis\ratis-server\src\main\java\org\apache\ratis\server\leader\LogAppenderDefault.java,141
org.apache.ratis:ratis-common:jar:3.1.3,MethodCallExpr,org.apache.ratis.util.Timestamp,elapsedTime,C:\Users\tyin363\Documents\repos\apache__ratis\ratis-server\src\main\java\org\apache\ratis\server\impl\FollowerState.java,108
JDK:java.base:N/A:N/A,ObjectCreationExpr,java.util.concurrent.atomic.AtomicLong,AtomicLong,C:\Users\tyin363\Documents\repos\apache__ratis\ratis-server\src\main\java\org\apache\ratis\server\leader\LogAppenderDefault.java,162
CLIENT:client-code:N/A:N/A,NameExpr,org.apache.ratis.server.raftlog.segmented.SegmentedRaftLogInputStream,LOG,C:\Users\tyin363\Documents\repos\apache__ratis\ratis-server\src\main\java\org\apache\ratis\server\raftlog\segmented\SegmentedRaftLogInputStream.java,224
CLIENT:client-code:N/A:N/A,MethodReferenceExpr,org.apache.ratis.server.metrics.SegmentedRaftLogMetrics,getReadEntryTimer,C:\Users\tyin363\Documents\repos\apache__ratis\ratis-server\src\main\java\org\apache\ratis\server\raftlog\segmented\SegmentedRaftLogReader.java,209
,MethodCallExpr,org.apache.ratis.proto.RaftProtos.LogEntryProto,getIndex,C:\Users\tyin363\Documents\repos\apache__ratis\ratis-server\src\main\java\org\apache\ratis\statemachine\impl\TransactionContextImpl.java,116
JDK:java.base:N/A:N/A,MethodCallExpr,java.lang.Object,getClass,C:\Users\tyin363\Documents\repos\apache__ratis\ratis-server\src\main\java\org\apache\ratis\server\impl\DataStreamMapImpl.java,39
JDK:java.base:N/A:N/A,ClassOrInterfaceType,java.lang.Long,Long,C:\Users\tyin363\Documents\repos\apache__ratis\ratis-server\src\main\java\org\apache\ratis\server\raftlog\memory\MemoryRaftLog.java,208
org.apache.ratis:ratis-common:jar:3.1.3,MethodCallExpr,org.apache.ratis.util.StringUtils,bytes2HexString,C:\Users\tyin363\Documents\repos\apache__ratis\ratis-server\src\main\java\org\apache\ratis\server\raftlog\segmented\SegmentedRaftLogReader.java,196
CLIENT:client-code:N/A:N/A,NameExpr,org.apache.ratis.server.metrics.RaftLogMetricsBase,RATIS_LOG_WORKER_METRICS_DESC,C:\Users\tyin363\Documents\repos\apache__ratis\ratis-server\src\main\java\org\apache\ratis\server\metrics\RaftLogMetricsBase.java,48
CLIENT:client-code:N/A:N/A,NameExpr,org.apache.ratis.server.impl.DivisionPropertiesImpl,rpcTimeoutMax,C:\Users\tyin363\Documents\repos\apache__ratis\ratis-server\src\main\java\org\apache\ratis\server\impl\DivisionPropertiesImpl.java,36
org.apache.ratis:ratis-common:jar:3.1.3,MethodCallExpr,org.apache.ratis.util.Timestamp,elapsedTime,C:\Users\tyin363\Documents\repos\apache__ratis\ratis-server\src\main\java\org\apache\ratis\server\impl\FollowerState.java,95
org.apache.ratis:ratis-common:jar:3.1.3,MethodCallExpr,org.apache.ratis.util.FileUtils,newInputStream,C:\Users\tyin363\Documents\repos\apache__ratis\ratis-server\src\main\java\org\apache\ratis\server\storage\RaftStorageImpl.java,158
org.slf4j:slf4j-api:jar:2.0.7,MethodCallExpr,org.slf4j.LoggerFactory,getLogger,C:\Users\tyin363\Documents\repos\apache__ratis\ratis-server\src\main\java\org\apache\ratis\server\impl\DataStreamMapImpl.java,33
,MethodCallExpr,org.apache.ratis.proto.RaftProtos.InstallSnapshotRequestProto.SnapshotChunkProto.Builder,addAllFileChunks,C:\Users\tyin363\Documents\repos\apache__ratis\ratis-server\src\main\java\org\apache\ratis\server\leader\LeaderProtoUtils.java,40
org.slf4j:slf4j-api:jar:2.0.7,MethodCallExpr,org.slf4j.Logger,warn,C:\Users\tyin363\Documents\repos\apache__ratis\ratis-server\src\main\java\org\apache\ratis\server\leader\LogAppenderDefault.java,95
org.apache.ratis:ratis-server-api:jar:3.1.3,MethodCallExpr,org.apache.ratis.server.leader.FollowerInfo,updateLastRpcSendTime,C:\Users\tyin363\Documents\repos\apache__ratis\ratis-server\src\main\java\org\apache\ratis\server\leader\LogAppenderDefault.java,111
CLIENT:client-code:N/A:N/A,ClassOrInterfaceType,org.apache.ratis.server.impl.MessageStreamRequests.PendingStream,PendingStream,C:\Users\tyin363\Documents\repos\apache__ratis\ratis-server\src\main\java\org\apache\ratis\server\impl\MessageStreamRequests.java,65
JDK:java.base:N/A:N/A,ClassOrInterfaceType,java.lang.String,String,C:\Users\tyin363\Documents\repos\apache__ratis\ratis-server\src\main\java\org\apache\ratis\server\raftlog\segmented\SegmentedRaftLogInputStream.java,99
org.apache.ratis:ratis-server-api:jar:3.1.3,MethodCallExpr,org.apache.ratis.server.leader.LogAppender,getRaftLog,C:\Users\tyin363\Documents\repos\apache__ratis\ratis-server\src\main\java\org\apache\ratis\server\leader\LogAppenderDefault.java,142
JDK:java.base:N/A:N/A,MethodCallExpr,java.util.List,size,C:\Users\tyin363\Documents\repos\apache__ratis\ratis-server\src\main\java\org\apache\ratis\server\raftlog\memory\MemoryRaftLog.java,70
CLIENT:client-code:N/A:N/A,NameExpr,org.apache.ratis.server.storage.RaftStorageImpl,storageDir,C:\Users\tyin363\Documents\repos\apache__ratis\ratis-server\src\main\java\org\apache\ratis\server\storage\RaftStorageImpl.java,69
org.apache.ratis:ratis-common:jar:3.1.3,MethodCallExpr,org.apache.ratis.util.ProtoUtils,toString,C:\Users\tyin363\Documents\repos\apache__ratis\ratis-server\src\main\java\org\apache\ratis\server\util\ServerStringUtils.java,92
org.slf4j:slf4j-api:jar:2.0.7,MethodCallExpr,org.slf4j.Logger,debug,C:\Users\tyin363\Documents\repos\apache__ratis\ratis-server\src\main\java\org\apache\ratis\server\impl\PendingRequests.java,168
org.apache.ratis:ratis-server-api:jar:3.1.3,MethodCallExpr,org.apache.ratis.server.leader.LogAppender,getServerRpc,C:\Users\tyin363\Documents\repos\apache__ratis\ratis-server\src\main\java\org\apache\ratis\server\leader\LogAppenderDefault.java,112
CLIENT:client-code:N/A:N/A,MethodCallExpr,org.apache.ratis.server.RaftServerConfigKeys.Rpc,slownessTimeout,C:\Users\tyin363\Documents\repos\apache__ratis\ratis-server\src\main\java\org\apache\ratis\server\impl\DivisionPropertiesImpl.java,39
JDK:java.base:N/A:N/A,ClassOrInterfaceType,java.util.concurrent.CompletableFuture,CompletableFuture,C:\Users\tyin363\Documents\repos\apache__ratis\ratis-server\src\main\java\org\apache\ratis\server\impl\MessageStreamRequests.java,87
CLIENT:client-code:N/A:N/A,MethodCallExpr,org.apache.ratis.server.raftlog.segmented.SegmentedRaftLogFormat,isTerminator,C:\Users\tyin363\Documents\repos\apache__ratis\ratis-server\src\main\java\org\apache\ratis\server\raftlog\segmented\SegmentedRaftLogReader.java,298
JDK:java.base:N/A:N/A,ClassOrInterfaceType,java.io.IOException,IOException,C:\Users\tyin363\Documents\repos\apache__ratis\ratis-server\src\main\java\org\apache\ratis\server\storage\FileChunkReader.java,80
org.apache.ratis:ratis-server-api:jar:3.1.3,MethodCallExpr,org.apache.ratis.server.storage.FileInfo,getFileSize,C:\Users\tyin363\Documents\repos\apache__ratis\ratis-server\src\main\java\org\apache\ratis\server\storage\FileChunkReader.java,85
JDK:java.base:N/A:N/A,MethodCallExpr,java.util.Map,isEmpty,C:\Users\tyin363\Documents\repos\apache__ratis\ratis-server\src\main\java\org\apache\ratis\server\impl\ConfigurationManager.java,103
CLIENT:client-code:N/A:N/A,MethodCallExpr,org.apache.ratis.server.raftlog.segmented.SegmentedRaftLogReader.LimitedInputStream,clearLimit,C:\Users\tyin363\Documents\repos\apache__ratis\ratis-server\src\main\java\org\apache\ratis\server\raftlog\segmented\SegmentedRaftLogReader.java,351
CLIENT:client-code:N/A:N/A,MethodCallExpr,org.apache.ratis.server.impl.RaftConfigurationImpl,containsInConf,C:\Users\tyin363\Documents\repos\apache__ratis\ratis-server\src\main\java\org\apache\ratis\server\impl\VoteContext.java,56
org.apache.ratis:ratis-common:jar:3.1.3,ClassOrInterfaceType,org.apache.ratis.util.Timestamp,Timestamp,C:\Users\tyin363\Documents\repos\apache__ratis\ratis-server\src\main\java\org\apache\ratis\server\impl\FollowerState.java,86
org.apache.ratis:ratis-common:jar:3.1.3,MethodCallExpr,org.apache.ratis.protocol.ClientInvocationId,valueOf,C:\Users\tyin363\Documents\repos\apache__ratis\ratis-server\src\main\java\org\apache\ratis\server\impl\MessageStreamRequests.java,98
CLIENT:client-code:N/A:N/A,NameExpr,org.apache.ratis.server.impl.DivisionPropertiesImpl,rpcTimeoutMax,C:\Users\tyin363\Documents\repos\apache__ratis\ratis-server\src\main\java\org\apache\ratis\server\impl\DivisionPropertiesImpl.java,35
JDK:java.base:N/A:N/A,MethodCallExpr,java.util.NavigableMap,lastEntry,C:\Users\tyin363\Documents\repos\apache__ratis\ratis-server\src\main\java\org\apache\ratis\server\impl\ConfigurationManager.java,77
org.apache.ratis:ratis-common:jar:3.1.3,MethodCallExpr,org.apache.ratis.util.AwaitForSignal,await,C:\Users\tyin363\Documents\repos\apache__ratis\ratis-server\src\main\java\org\apache\ratis\server\leader\LogAppenderDefault.java,170
org.apache.ratis:ratis-common:jar:3.1.3,ClassOrInterfaceType,org.apache.ratis.util.AutoCloseableLock,AutoCloseableLock,C:\Users\tyin363\Documents\repos\apache__ratis\ratis-server\src\main\java\org\apache\ratis\server\raftlog\memory\MemoryRaftLog.java,153
JDK:java.base:N/A:N/A,ObjectCreationExpr,java.util.ArrayList,ArrayList,C:\Users\tyin363\Documents\repos\apache__ratis\ratis-server\src\main\java\org\apache\ratis\server\raftlog\memory\MemoryRaftLog.java,213
CLIENT:client-code:N/A:N/A,NameExpr,org.apache.ratis.server.metrics.RaftLogMetricsBase,RATIS_LOG_WORKER_METRICS,C:\Users\tyin363\Documents\repos\apache__ratis\ratis-server\src\main\java\org\apache\ratis\server\metrics\RaftLogMetricsBase.java,48
org.apache.ratis:ratis-common:jar:3.1.3,FieldAccessExpr,org.apache.ratis.util.SizeInBytes,ONE_MB,C:\Users\tyin363\Documents\repos\apache__ratis\ratis-server\src\main\java\org\apache\ratis\server\impl\PendingRequests.java,54
org.slf4j:slf4j-api:jar:2.0.7,MethodCallExpr,org.slf4j.Logger,trace,C:\Users\tyin363\Documents\repos\apache__ratis\ratis-server\src\main\java\org\apache\ratis\server\impl\FollowerState.java,171
org.apache.ratis:ratis-server-api:jar:3.1.3,MethodCallExpr,org.apache.ratis.server.leader.LeaderState,checkHealth,C:\Users\tyin363\Documents\repos\apache__ratis\ratis-server\src\main\java\org\apache\ratis\server\leader\LogAppenderDefault.java,172
CLIENT:client-code:N/A:N/A,MethodCallExpr,org.apache.ratis.server.storage.RaftStorageDirectoryImpl,analyzeStorage,C:\Users\tyin363\Documents\repos\apache__ratis\ratis-server\src\main\java\org\apache\ratis\server\storage\RaftStorageImpl.java,106
CLIENT:client-code:N/A:N/A,MethodCallExpr,org.apache.ratis.server.impl.MessageStreamRequests.StreamMap,remove,C:\Users\tyin363\Documents\repos\apache__ratis\ratis-server\src\main\java\org\apache\ratis\server\impl\MessageStreamRequests.java,100
CLIENT:client-code:N/A:N/A,ClassOrInterfaceType,org.apache.ratis.server.impl.PendingRequests.RequestMap,RequestMap,C:\Users\tyin363\Documents\repos\apache__ratis\ratis-server\src\main\java\org\apache\ratis\server\impl\PendingRequests.java,223
CLIENT:client-code:N/A:N/A,NameExpr,org.apache.ratis.server.impl.VoteContext,impl,C:\Users\tyin363\Documents\repos\apache__ratis\ratis-server\src\main\java\org\apache\ratis\server\impl\VoteContext.java,137
CLIENT:client-code:N/A:N/A,FieldAccessExpr,org.apache.ratis.server.impl.VoteContext,impl,C:\Users\tyin363\Documents\repos\apache__ratis\ratis-server\src\main\java\org\apache\ratis\server\impl\VoteContext.java,38
CLIENT:client-code:N/A:N/A,MethodCallExpr,org.apache.ratis.server.impl.VoteContext,reject,C:\Users\tyin363\Documents\repos\apache__ratis\ratis-server\src\main\java\org\apache\ratis\server\impl\VoteContext.java,57
CLIENT:client-code:N/A:N/A,NameExpr,org.apache.ratis.server.impl.DivisionPropertiesImpl,rpcTimeoutMin,C:\Users\tyin363\Documents\repos\apache__ratis\ratis-server\src\main\java\org\apache\ratis\server\impl\DivisionPropertiesImpl.java,35
org.apache.ratis:ratis-server-api:jar:3.1.3,ClassOrInterfaceType,org.apache.ratis.statemachine.SnapshotInfo,SnapshotInfo,C:\Users\tyin363\Documents\repos\apache__ratis\ratis-server\src\main\java\org\apache\ratis\server\leader\LogAppenderDefault.java,106
CLIENT:client-code:N/A:N/A,MethodCallExpr,org.apache.ratis.server.raftlog.RaftLogBase,writeLock,C:\Users\tyin363\Documents\repos\apache__ratis\ratis-server\src\main\java\org\apache\ratis\server\raftlog\memory\MemoryRaftLog.java,153
JDK:java.base:N/A:N/A,ClassOrInterfaceType,java.nio.channels.ClosedByInterruptException,ClosedByInterruptException,C:\Users\tyin363\Documents\repos\apache__ratis\ratis-server\src\main\java\org\apache\ratis\server\raftlog\segmented\SegmentedRaftLogInputStream.java,108
org.apache.ratis:ratis-server-api:jar:3.1.3,ClassOrInterfaceType,org.apache.ratis.server.storage.FileInfo,FileInfo,C:\Users\tyin363\Documents\repos\apache__ratis\ratis-server\src\main\java\org\apache\ratis\server\storage\FileChunkReader.java,54
CLIENT:client-code:N/A:N/A,ClassOrInterfaceType,org.apache.ratis.server.metrics.RaftServerMetricsImpl,RaftServerMetricsImpl,C:\Users\tyin363\Documents\repos\apache__ratis\ratis-server\src\main\java\org\apache\ratis\server\impl\PendingRequests.java,111
CLIENT:client-code:N/A:N/A,NameExpr,org.apache.ratis.server.raftlog.memory.MemoryRaftLog,entries,C:\Users\tyin363\Documents\repos\apache__ratis\ratis-server\src\main\java\org\apache\ratis\server\raftlog\memory\MemoryRaftLog.java,225
JDK:java.base:N/A:N/A,ClassOrInterfaceType,java.util.concurrent.atomic.AtomicReference,AtomicReference,C:\Users\tyin363\Documents\repos\apache__ratis\ratis-server\src\main\java\org\apache\ratis\server\impl\WriteIndexCache.java,61
org.apache.ratis:ratis-server-api:jar:3.1.3,ClassOrInterfaceType,org.apache.ratis.server.raftlog.LogEntryHeader,LogEntryHeader,C:\Users\tyin363\Documents\repos\apache__ratis\ratis-server\src\main\java\org\apache\ratis\server\raftlog\memory\MemoryRaftLog.java,124
,NameExpr,org.apache.ratis.statemachine.impl.TransactionContextImpl,logEntry,C:\Users\tyin363\Documents\repos\apache__ratis\ratis-server\src\main\java\org\apache\ratis\statemachine\impl\TransactionContextImpl.java,157
org.apache.ratis:ratis-common:jar:3.1.3,ClassOrInterfaceType,org.apache.ratis.protocol.RaftPeerId,RaftPeerId,C:\Users\tyin363\Documents\repos\apache__ratis\ratis-server\src\main\java\org\apache\ratis\server\impl\VoteContext.java,80
CLIENT:client-code:N/A:N/A,NameExpr,org.apache.ratis.server.impl.DivisionPropertiesImpl,rpcTimeoutMin,C:\Users\tyin363\Documents\repos\apache__ratis\ratis-server\src\main\java\org\apache\ratis\server\impl\DivisionPropertiesImpl.java,36
CLIENT:client-code:N/A:N/A,NameExpr,org.apache.ratis.server.metrics.RaftLogMetricsBase,METADATA_LOG_ENTRY_COUNT,C:\Users\tyin363\Documents\repos\apache__ratis\ratis-server\src\main\java\org\apache\ratis\server\metrics\RaftLogMetricsBase.java,38
CLIENT:client-code:N/A:N/A,MethodCallExpr,org.apache.ratis.server.storage.RaftStorageImpl,format,C:\Users\tyin363\Documents\repos\apache__ratis\ratis-server\src\main\java\org\apache\ratis\server\storage\RaftStorageImpl.java,122
JDK:java.base:N/A:N/A,ClassOrInterfaceType,java.io.IOException,IOException,C:\Users\tyin363\Documents\repos\apache__ratis\ratis-server\src\main\java\org\apache\ratis\server\raftlog\segmented\SegmentedRaftLogReader.java,85
CLIENT:client-code:N/A:N/A,ClassOrInterfaceType,org.apache.ratis.server.impl.MessageStreamRequests.PendingStream,PendingStream,C:\Users\tyin363\Documents\repos\apache__ratis\ratis-server\src\main\java\org\apache\ratis\server\impl\MessageStreamRequests.java,67
CLIENT:client-code:N/A:N/A,NameExpr,org.apache.ratis.server.impl.FollowerState,lastRpcTime,C:\Users\tyin363\Documents\repos\apache__ratis\ratis-server\src\main\java\org\apache\ratis\server\impl\FollowerState.java,82
JDK:java.base:N/A:N/A,MethodCallExpr,java.util.List,size,C:\Users\tyin363\Documents\repos\apache__ratis\ratis-server\src\main\java\org\apache\ratis\server\raftlog\memory\MemoryRaftLog.java,200
CLIENT:client-code:N/A:N/A,NameExpr,org.apache.ratis.server.raftlog.segmented.LogSegmentStartEnd,endIndex,C:\Users\tyin363\Documents\repos\apache__ratis\ratis-server\src\main\java\org\apache\ratis\server\raftlog\segmented\LogSegmentStartEnd.java,147
,ClassOrInterfaceType,org.apache.ratis.proto.RaftProtos.StateMachineLogEntryProto,StateMachineLogEntryProto,C:\Users\tyin363\Documents\repos\apache__ratis\ratis-server\src\main\java\org\apache\ratis\statemachine\impl\TransactionContextImpl.java,53
org.apache.ratis:ratis-common:jar:3.1.3,ClassOrInterfaceType,org.apache.ratis.util.SizeInBytes,SizeInBytes,C:\Users\tyin363\Documents\repos\apache__ratis\ratis-server\src\main\java\org\apache\ratis\server\raftlog\segmented\SegmentedRaftLogInputStream.java,70
JDK:java.base:N/A:N/A,ClassOrInterfaceType,java.io.IOException,IOException,C:\Users\tyin363\Documents\repos\apache__ratis\ratis-server\src\main\java\org\apache\ratis\server\raftlog\segmented\SegmentedRaftLogReader.java,350
CLIENT:client-code:N/A:N/A,MethodCallExpr,org.apache.ratis.server.raftlog.RaftLogBase,checkLogState,C:\Users\tyin363\Documents\repos\apache__ratis\ratis-server\src\main\java\org\apache\ratis\server\raftlog\memory\MemoryRaftLog.java,104
CLIENT:client-code:N/A:N/A,ClassOrInterfaceType,org.apache.ratis.server.impl.ServerState,ServerState,C:\Users\tyin363\Documents\repos\apache__ratis\ratis-server\src\main\java\org\apache\ratis\server\impl\VoteContext.java,73
JDK:java.base:N/A:N/A,MethodCallExpr,java.util.concurrent.CompletableFuture,completedFuture,C:\Users\tyin363\Documents\repos\apache__ratis\ratis-server\src\main\java\org\apache\ratis\server\impl\WriteIndexCache.java,66
JDK:java.base:N/A:N/A,ClassOrInterfaceType,java.lang.Void,Void,C:\Users\tyin363\Documents\repos\apache__ratis\ratis-server\src\main\java\org\apache\ratis\server\impl\FollowerState.java,98
CLIENT:client-code:N/A:N/A,MethodCallExpr,org.apache.ratis.server.impl.PendingRequests.Acquired,values,C:\Users\tyin363\Documents\repos\apache__ratis\ratis-server\src\main\java\org\apache\ratis\server\impl\PendingRequests.java,86
JDK:java.base:N/A:N/A,ClassOrInterfaceType,java.security.MessageDigest,MessageDigest,C:\Users\tyin363\Documents\repos\apache__ratis\ratis-server\src\main\java\org\apache\ratis\server\storage\FileChunkReader.java,41
org.apache.ratis:ratis-common:jar:3.1.3,MethodCallExpr,org.apache.ratis.util.JavaUtils,getClassSimpleName,C:\Users\tyin363\Documents\repos\apache__ratis\ratis-server\src\main\java\org\apache\ratis\server\storage\FileChunkReader.java,114
,MethodCallExpr,org.apache.ratis.proto.RaftProtos.InstallSnapshotRequestProto.Builder,setSnapshotChunk,C:\Users\tyin363\Documents\repos\apache__ratis\ratis-server\src\main\java\org\apache\ratis\server\leader\LeaderProtoUtils.java,51
org.apache.ratis:ratis-server-api:jar:3.1.3,ClassOrInterfaceType,org.apache.ratis.server.DataStreamServerRpc,DataStreamServerRpc,C:\Users\tyin363\Documents\repos\apache__ratis\ratis-server\src\main\java\org\apache\ratis\server\DisabledDataStreamServerFactory.java,33
org.apache.ratis:ratis-common:jar:3.1.3,MethodCallExpr,org.apache.ratis.util.TimeDuration,compareTo,C:\Users\tyin363\Documents\repos\apache__ratis\ratis-server\src\main\java\org\apache\ratis\server\impl\FollowerState.java,95
org.slf4j:slf4j-api:jar:2.0.7,ClassOrInterfaceType,org.slf4j.Logger,Logger,C:\Users\tyin363\Documents\repos\apache__ratis\ratis-server\src\main\java\org\apache\ratis\server\impl\VoteContext.java,30
JDK:java.base:N/A:N/A,ClassOrInterfaceType,java.io.DataInputStream,DataInputStream,C:\Users\tyin363\Documents\repos\apache__ratis\ratis-server\src\main\java\org\apache\ratis\server\raftlog\segmented\SegmentedRaftLogReader.java,147
CLIENT:client-code:N/A:N/A,MethodCallExpr,org.apache.ratis.server.impl.MessageStreamRequests.StreamMap,clear,C:\Users\tyin363\Documents\repos\apache__ratis\ratis-server\src\main\java\org\apache\ratis\server\impl\MessageStreamRequests.java,108
,MethodCallExpr,org.apache.ratis.proto.RaftProtos.FileChunkProto,newBuilder,C:\Users\tyin363\Documents\repos\apache__ratis\ratis-server\src\main\java\org\apache\ratis\server\storage\FileChunkReader.java,94
CLIENT:client-code:N/A:N/A,ClassOrInterfaceType,org.apache.ratis.server.impl.MessageStreamRequests.PendingStream,PendingStream,C:\Users\tyin363\Documents\repos\apache__ratis\ratis-server\src\main\java\org\apache\ratis\server\impl\MessageStreamRequests.java,68
CLIENT:client-code:N/A:N/A,ClassOrInterfaceType,org.apache.ratis.server.impl.PendingRequest,PendingRequest,C:\Users\tyin363\Documents\repos\apache__ratis\ratis-server\src\main\java\org\apache\ratis\server\impl\PendingRequests.java,154
CLIENT:client-code:N/A:N/A,NameExpr,org.apache.ratis.server.impl.VoteContext,candidateId,C:\Users\tyin363\Documents\repos\apache__ratis\ratis-server\src\main\java\org\apache\ratis\server\impl\VoteContext.java,81
CLIENT:client-code:N/A:N/A,NameExpr,org.apache.ratis.server.impl.PendingRequests.RequestMap,raftServerMetrics,C:\Users\tyin363\Documents\repos\apache__ratis\ratis-server\src\main\java\org\apache\ratis\server\impl\PendingRequests.java,210
org.apache.ratis:ratis-server-api:jar:3.1.3,ClassOrInterfaceType,org.apache.ratis.server.storage.RaftStorageMetadata,RaftStorageMetadata,C:\Users\tyin363\Documents\repos\apache__ratis\ratis-server\src\main\java\org\apache\ratis\server\raftlog\memory\MemoryRaftLog.java,81
org.apache.ratis:ratis-common:jar:3.1.3,MethodCallExpr,org.apache.ratis.util.OpenCloseState,getThrowable,C:\Users\tyin363\Documents\repos\apache__ratis\ratis-server\src\main\java\org\apache\ratis\server\raftlog\segmented\SegmentedRaftLogInputStream.java,140
org.apache.ratis:ratis-common:jar:3.1.3,ClassOrInterfaceType,org.apache.ratis.protocol.ClientInvocationId,ClientInvocationId,C:\Users\tyin363\Documents\repos\apache__ratis\ratis-server\src\main\java\org\apache\ratis\server\impl\MessageStreamRequests.java,98
org.apache.ratis:ratis-server-api:jar:3.1.3,MethodCallExpr,org.apache.ratis.server.leader.LogAppender,getFollowerId,C:\Users\tyin363\Documents\repos\apache__ratis\ratis-server\src\main\java\org\apache\ratis\server\leader\LogAppenderDefault.java,213
CLIENT:client-code:N/A:N/A,MethodCallExpr,org.apache.ratis.server.raftlog.segmented.SegmentedRaftLogReader,scanEntry,C:\Users\tyin363\Documents\repos\apache__ratis\ratis-server\src\main\java\org\apache\ratis\server\raftlog\segmented\SegmentedRaftLogInputStream.java,145
CLIENT:client-code:N/A:N/A,ObjectCreationExpr,org.apache.ratis.server.raftlog.segmented.SegmentedRaftLogInputStream.LogValidation,LogValidation,C:\Users\tyin363\Documents\repos\apache__ratis\ratis-server\src\main\java\org\apache\ratis\server\raftlog\segmented\SegmentedRaftLogInputStream.java,184
org.apache.ratis:ratis-server-api:jar:3.1.3,ClassOrInterfaceType,org.apache.ratis.server.protocol.TermIndex,TermIndex,C:\Users\tyin363\Documents\repos\apache__ratis\ratis-server\src\main\java\org\apache\ratis\statemachine\impl\SingleFileSnapshotInfo.java,31
org.slf4j:slf4j-api:jar:2.0.7,MethodCallExpr,org.slf4j.Logger,info,C:\Users\tyin363\Documents\repos\apache__ratis\ratis-server\src\main\java\org\apache\ratis\server\impl\FollowerState.java,170
org.apache.ratis:ratis-server-api:jar:3.1.3,ClassOrInterfaceType,org.apache.ratis.server.protocol.TermIndex,TermIndex,C:\Users\tyin363\Documents\repos\apache__ratis\ratis-server\src\main\java\org\apache\ratis\server\raftlog\memory\MemoryRaftLog.java,116
CLIENT:client-code:N/A:N/A,ClassOrInterfaceType,org.apache.ratis.server.storage.RaftStorageDirectoryImpl.StorageState,StorageState,C:\Users\tyin363\Documents\repos\apache__ratis\ratis-server\src\main\java\org\apache\ratis\server\storage\RaftStorageImpl.java,87
CLIENT:client-code:N/A:N/A,MethodCallExpr,org.apache.ratis.server.impl.PendingRequests.RequestLimits,releaseExtraMb,C:\Users\tyin363\Documents\repos\apache__ratis\ratis-server\src\main\java\org\apache\ratis\server\impl\PendingRequests.java,140
CLIENT:client-code:N/A:N/A,MethodCallExpr,org.apache.ratis.server.impl.FollowerState,roleChangeChecking,C:\Users\tyin363\Documents\repos\apache__ratis\ratis-server\src\main\java\org\apache\ratis\server\impl\FollowerState.java,160
CLIENT:client-code:N/A:N/A,MethodCallExpr,org.apache.ratis.server.leader.LogAppenderBase,getFollower,C:\Users\tyin363\Documents\repos\apache__ratis\ratis-server\src\main\java\org\apache\ratis\server\leader\LogAppenderDefault.java,80
org.apache.ratis:ratis-metrics-api:jar:3.1.3,ClassOrInterfaceType,org.apache.ratis.metrics.LongCounter,LongCounter,C:\Users\tyin363\Documents\repos\apache__ratis\ratis-server\src\main\java\org\apache\ratis\server\metrics\RaftLogMetricsBase.java,38
CLIENT:client-code:N/A:N/A,MethodCallExpr,org.apache.ratis.server.metrics.RaftServerMetricsImpl,addNumPendingRequestsGauge,C:\Users\tyin363\Documents\repos\apache__ratis\ratis-server\src\main\java\org\apache\ratis\server\impl\PendingRequests.java,116
,MethodCallExpr,org.apache.ratis.proto.RaftProtos.LogEntryProto,newBuilder,C:\Users\tyin363\Documents\repos\apache__ratis\ratis-server\src\main\java\org\apache\ratis\server\storage\RaftStorageImpl.java,159
CLIENT:client-code:N/A:N/A,NameExpr,org.apache.ratis.server.impl.PendingRequests.RequestMap,raftServerMetrics,C:\Users\tyin363\Documents\repos\apache__ratis\ratis-server\src\main\java\org\apache\ratis\server\impl\PendingRequests.java,211
CLIENT:client-code:N/A:N/A,MethodCallExpr,org.apache.ratis.server.impl.ServerState,getLastEntry,C:\Users\tyin363\Documents\repos\apache__ratis\ratis-server\src\main\java\org\apache\ratis\server\impl\VoteContext.java,144
JDK:java.base:N/A:N/A,MethodCallExpr,java.util.Objects,equals,C:\Users\tyin363\Documents\repos\apache__ratis\ratis-server\src\main\java\org\apache\ratis\server\raftlog\segmented\LogSegmentStartEnd.java,137
org.apache.ratis:ratis-common:jar:3.1.3,MethodCallExpr,org.apache.ratis.util.JavaUtils,getClassSimpleName,C:\Users\tyin363\Documents\repos\apache__ratis\ratis-server\src\main\java\org\apache\ratis\server\storage\RaftStorageImpl.java,170
CLIENT:client-code:N/A:N/A,NameExpr,org.apache.ratis.server.raftlog.segmented.LogSegmentStartEnd,CLOSED_SEGMENT_PATTERN,C:\Users\tyin363\Documents\repos\apache__ratis\ratis-server\src\main\java\org\apache\ratis\server\raftlog\segmented\LogSegmentStartEnd.java,58
JDK:java.base:N/A:N/A,MethodCallExpr,java.util.NavigableMap,tailMap,C:\Users\tyin363\Documents\repos\apache__ratis\ratis-server\src\main\java\org\apache\ratis\server\impl\ConfigurationManager.java,98
CLIENT:client-code:N/A:N/A,MethodCallExpr,org.apache.ratis.server.raftlog.memory.MemoryRaftLog.EntryList,size,C:\Users\tyin363\Documents\repos\apache__ratis\ratis-server\src\main\java\org\apache\ratis\server\raftlog\memory\MemoryRaftLog.java,127
org.apache.ratis:ratis-server-api:jar:3.1.3,MethodCallExpr,org.apache.ratis.server.storage.FileInfo,getFileSize,C:\Users\tyin363\Documents\repos\apache__ratis\ratis-server\src\main\java\org\apache\ratis\server\storage\FileChunkReader.java,81
JDK:java.base:N/A:N/A,MethodCallExpr,java.util.Map,isEmpty,C:\Users\tyin363\Documents\repos\apache__ratis\ratis-server\src\main\java\org\apache\ratis\server\impl\ConfigurationManager.java,99
CLIENT:client-code:N/A:N/A,MethodReferenceExpr,org.apache.ratis.server.RaftServerConfigKeys.Log.CorruptionPolicy,getDefault,C:\Users\tyin363\Documents\repos\apache__ratis\ratis-server\src\main\java\org\apache\ratis\server\storage\RaftStorageImpl.java,50
org.slf4j:slf4j-api:jar:2.0.7,MethodCallExpr,org.slf4j.Logger,isTraceEnabled,C:\Users\tyin363\Documents\repos\apache__ratis\ratis-server\src\main\java\org\apache\ratis\server\raftlog\segmented\SegmentedRaftLogReader.java,219
CLIENT:client-code:N/A:N/A,FieldAccessExpr,org.apache.ratis.server.impl.VoteContext,phase,C:\Users\tyin363\Documents\repos\apache__ratis\ratis-server\src\main\java\org\apache\ratis\server\impl\VoteContext.java,40
CLIENT:client-code:N/A:N/A,MethodCallExpr,org.apache.ratis.server.raftlog.segmented.SegmentedRaftLogReader,verifyHeader,C:\Users\tyin363\Documents\repos\apache__ratis\ratis-server\src\main\java\org\apache\ratis\server\raftlog\segmented\SegmentedRaftLogInputStream.java,87
org.apache.ratis:ratis-thirdparty-misc:jar:1.0.9,ClassOrInterfaceType,org.apache.ratis.thirdparty.com.google.protobuf.ByteString,ByteString,C:\Users\tyin363\Documents\repos\apache__ratis\ratis-server\src\main\java\org\apache\ratis\server\impl\MessageStreamRequests.java,47
CLIENT:client-code:N/A:N/A,NameExpr,org.apache.ratis.server.raftlog.segmented.SegmentedRaftLogReader,file,C:\Users\tyin363\Documents\repos\apache__ratis\ratis-server\src\main\java\org\apache\ratis\server\raftlog\segmented\SegmentedRaftLogReader.java,257
JDK:java.base:N/A:N/A,ClassOrInterfaceType,java.io.InputStream,InputStream,C:\Users\tyin363\Documents\repos\apache__ratis\ratis-server\src\main\java\org\apache\ratis\server\raftlog\segmented\SegmentedRaftLogReader.java,62
JDK:java.base:N/A:N/A,ClassOrInterfaceType,java.io.FilterInputStream,FilterInputStream,C:\Users\tyin363\Documents\repos\apache__ratis\ratis-server\src\main\java\org\apache\ratis\server\raftlog\segmented\SegmentedRaftLogReader.java,57
CLIENT:client-code:N/A:N/A,NameExpr,org.apache.ratis.server.impl.PendingRequests.RequestMap,raftServerMetrics,C:\Users\tyin363\Documents\repos\apache__ratis\ratis-server\src\main\java\org\apache\ratis\server\impl\PendingRequests.java,212
org.apache.ratis:ratis-metrics-api:jar:3.1.3,ClassOrInterfaceType,org.apache.ratis.metrics.LongCounter,LongCounter,C:\Users\tyin363\Documents\repos\apache__ratis\ratis-server\src\main\java\org\apache\ratis\server\metrics\RaftLogMetricsBase.java,39
CLIENT:client-code:N/A:N/A,ClassOrInterfaceType,org.apache.ratis.server.raftlog.segmented.LogSegmentStartEnd,LogSegmentStartEnd,C:\Users\tyin363\Documents\repos\apache__ratis\ratis-server\src\main\java\org\apache\ratis\server\raftlog\segmented\LogSegmentStartEnd.java,70
JDK:java.base:N/A:N/A,ClassOrInterfaceType,java.util.function.Function,Function,C:\Users\tyin363\Documents\repos\apache__ratis\ratis-server\src\main\java\org\apache\ratis\server\impl\DataStreamMapImpl.java,49
CLIENT:client-code:N/A:N/A,MethodCallExpr,org.apache.ratis.server.metrics.RaftServerMetricsImpl,onResourceLimitHit,C:\Users\tyin363\Documents\repos\apache__ratis\ratis-server\src\main\java\org\apache\ratis\server\impl\PendingRequests.java,127
org.apache.ratis:ratis-server-api:jar:3.1.3,MethodCallExpr,org.apache.ratis.server.leader.FollowerInfo,updateLastRpcResponseTime,C:\Users\tyin363\Documents\repos\apache__ratis\ratis-server\src\main\java\org\apache\ratis\server\leader\LogAppenderDefault.java,85
CLIENT:client-code:N/A:N/A,MethodCallExpr,org.apache.ratis.server.impl.PendingRequests,roundUpMb,C:\Users\tyin363\Documents\repos\apache__ratis\ratis-server\src\main\java\org\apache\ratis\server\impl\PendingRequests.java,138
CLIENT:client-code:N/A:N/A,ClassOrInterfaceType,org.apache.ratis.server.impl.PendingRequests.RequestMap,RequestMap,C:\Users\tyin363\Documents\repos\apache__ratis\ratis-server\src\main\java\org\apache\ratis\server\impl\PendingRequests.java,219
,NameExpr,org.apache.ratis.statemachine.impl.TransactionContextImpl,logEntry,C:\Users\tyin363\Documents\repos\apache__ratis\ratis-server\src\main\java\org\apache\ratis\statemachine\impl\TransactionContextImpl.java,153
org.apache.ratis:ratis-common:jar:3.1.3,ClassOrInterfaceType,org.apache.ratis.protocol.Message,Message,C:\Users\tyin363\Documents\repos\apache__ratis\ratis-server\src\main\java\org\apache\ratis\server\impl\PendingRequests.java,231
JDK:java.base:N/A:N/A,MethodCallExpr,java.io.DataInputStream,readByte,C:\Users\tyin363\Documents\repos\apache__ratis\ratis-server\src\main\java\org\apache\ratis\server\raftlog\segmented\SegmentedRaftLogReader.java,290
,MethodCallExpr,org.apache.ratis.proto.RaftProtos.AppendEntriesReplyProto,getNextIndex,C:\Users\tyin363\Documents\repos\apache__ratis\ratis-server\src\main\java\org\apache\ratis\server\util\ServerStringUtils.java,70
org.apache.ratis:ratis-common:jar:3.1.3,ObjectCreationExpr,org.apache.ratis.protocol.exceptions.ChecksumException,ChecksumException,C:\Users\tyin363\Documents\repos\apache__ratis\ratis-server\src\main\java\org\apache\ratis\server\raftlog\segmented\SegmentedRaftLogReader.java,327
JDK:java.base:N/A:N/A,ObjectCreationExpr,java.lang.IllegalStateException,IllegalStateException,C:\Users\tyin363\Documents\repos\apache__ratis\ratis-server\src\main\java\org\apache\ratis\server\leader\LogAppenderDefault.java,184
JDK:java.base:N/A:N/A,ClassOrInterfaceType,java.util.concurrent.CompletableFuture,CompletableFuture,C:\Users\tyin363\Documents\repos\apache__ratis\ratis-server\src\main\java\org\apache\ratis\server\impl\FollowerState.java,66
CLIENT:client-code:N/A:N/A,MethodCallExpr,org.apache.ratis.server.raftlog.segmented.LogSegmentStartEnd,isOpen,C:\Users\tyin363\Documents\repos\apache__ratis\ratis-server\src\main\java\org\apache\ratis\server\raftlog\segmented\LogSegmentStartEnd.java,99
CLIENT:client-code:N/A:N/A,ClassOrInterfaceType,org.apache.ratis.server.storage.RaftStorageDirectoryImpl,RaftStorageDirectoryImpl,C:\Users\tyin363\Documents\repos\apache__ratis\ratis-server\src\main\java\org\apache\ratis\server\storage\RaftStorageImpl.java,40
,ClassOrInterfaceType,org.apache.ratis.proto.RaftProtos.InstallSnapshotRequestProto.Builder,Builder,C:\Users\tyin363\Documents\repos\apache__ratis\ratis-server\src\main\java\org\apache\ratis\server\leader\LeaderProtoUtils.java,63
,ClassOrInterfaceType,org.apache.ratis.proto.RaftProtos.AppendEntriesReplyProto,AppendEntriesReplyProto,C:\Users\tyin363\Documents\repos\apache__ratis\ratis-server\src\main\java\org\apache\ratis\server\leader\LogAppenderDefault.java,82
JDK:java.base:N/A:N/A,ClassOrInterfaceType,java.io.IOException,IOException,C:\Users\tyin363\Documents\repos\apache__ratis\ratis-server\src\main\java\org\apache\ratis\server\raftlog\segmented\SegmentedRaftLogInputStream.java,82
,FieldAccessExpr,org.apache.ratis.statemachine.impl.TransactionContextImpl,stateMachineLogEntry,C:\Users\tyin363\Documents\repos\apache__ratis\ratis-server\src\main\java\org\apache\ratis\statemachine\impl\TransactionContextImpl.java,82
org.apache.ratis:ratis-server-api:jar:3.1.3,MethodCallExpr,org.apache.ratis.server.metrics.RaftServerMetrics,onSnapshotInstalled,C:\Users\tyin363\Documents\repos\apache__ratis\ratis-server\src\main\java\org\apache\ratis\server\leader\LogAppenderDefault.java,130
CLIENT:client-code:N/A:N/A,NameExpr,org.apache.ratis.server.storage.RaftStorageImpl,metaFile,C:\Users\tyin363\Documents\repos\apache__ratis\ratis-server\src\main\java\org\apache\ratis\server\storage\RaftStorageImpl.java,141
CLIENT:client-code:N/A:N/A,MethodCallExpr,org.apache.ratis.server.impl.RaftServerImpl,getRole,C:\Users\tyin363\Documents\repos\apache__ratis\ratis-server\src\main\java\org\apache\ratis\server\impl\VoteContext.java,106
,MethodCallExpr,org.apache.ratis.proto.RaftProtos.LogEntryProto,getStateMachineLogEntry,C:\Users\tyin363\Documents\repos\apache__ratis\ratis-server\src\main\java\org\apache\ratis\statemachine\impl\TransactionContextImpl.java,114
CLIENT:client-code:N/A:N/A,NameExpr,org.apache.ratis.server.storage.FileChunkReader,digester,C:\Users\tyin363\Documents\repos\apache__ratis\ratis-server\src\main\java\org\apache\ratis\server\storage\FileChunkReader.java,59
CLIENT:client-code:N/A:N/A,NameExpr,org.apache.ratis.server.impl.FollowerState,lastRpcTime,C:\Users\tyin363\Documents\repos\apache__ratis\ratis-server\src\main\java\org\apache\ratis\server\impl\FollowerState.java,87
org.apache.ratis:ratis-server-api:jar:3.1.3,MethodCallExpr,org.apache.ratis.server.leader.LeaderState,onFollowerCommitIndex,C:\Users\tyin363\Documents\repos\apache__ratis\ratis-server\src\main\java\org\apache\ratis\server\leader\LogAppenderDefault.java,88
org.apache.ratis:ratis-common:jar:3.1.3,MethodCallExpr,org.apache.ratis.util.StringUtils,map2String,C:\Users\tyin363\Documents\repos\apache__ratis\ratis-server\src\main\java\org\apache\ratis\server\impl\ConfigurationManager.java,114
JDK:java.base:N/A:N/A,ClassOrInterfaceType,java.lang.String,String,C:\Users\tyin363\Documents\repos\apache__ratis\ratis-server\src\main\java\org\apache\ratis\server\raftlog\memory\MemoryRaftLog.java,224
JDK:java.base:N/A:N/A,ClassOrInterfaceType,java.io.File,File,C:\Users\tyin363\Documents\repos\apache__ratis\ratis-server\src\main\java\org\apache\ratis\server\raftlog\segmented\LogSegmentStartEnd.java,102
,MethodCallExpr,org.apache.ratis.proto.RaftProtos.LogEntryProto,getIndex,C:\Users\tyin363\Documents\repos\apache__ratis\ratis-server\src\main\java\org\apache\ratis\server\raftlog\segmented\SegmentedRaftLogInputStream.java,121
CLIENT:client-code:N/A:N/A,NameExpr,org.apache.ratis.server.impl.MessageStreamRequests.PendingStream,bytes,C:\Users\tyin363\Documents\repos\apache__ratis\ratis-server\src\main\java\org\apache\ratis\server\impl\MessageStreamRequests.java,56
org.apache.ratis:ratis-common:jar:3.1.3,ClassOrInterfaceType,org.apache.ratis.protocol.RaftClientRequest,RaftClientRequest,C:\Users\tyin363\Documents\repos\apache__ratis\ratis-server\src\main\java\org\apache\ratis\statemachine\impl\TransactionContextImpl.java,77
JDK:java.base:N/A:N/A,ClassOrInterfaceType,java.util.concurrent.CompletableFuture,CompletableFuture,C:\Users\tyin363\Documents\repos\apache__ratis\ratis-server\src\main\java\org\apache\ratis\server\impl\DataStreamMapImpl.java,49
CLIENT:client-code:N/A:N/A,ClassOrInterfaceType,org.apache.ratis.server.raftlog.segmented.SegmentedRaftLogInputStream.LogValidation,LogValidation,C:\Users\tyin363\Documents\repos\apache__ratis\ratis-server\src\main\java\org\apache\ratis\server\raftlog\segmented\SegmentedRaftLogInputStream.java,202
JDK:java.base:N/A:N/A,ClassOrInterfaceType,java.lang.String,String,C:\Users\tyin363\Documents\repos\apache__ratis\ratis-server\src\main\java\org\apache\ratis\server\raftlog\segmented\LogSegmentStartEnd.java,45
JDK:java.base:N/A:N/A,MethodCallExpr,java.util.Objects,hash,C:\Users\tyin363\Documents\repos\apache__ratis\ratis-server\src\main\java\org\apache\ratis\server\raftlog\segmented\LogSegmentStartEnd.java,142
JDK:java.base:N/A:N/A,MethodCallExpr,java.util.List,size,C:\Users\tyin363\Documents\repos\apache__ratis\ratis-server\src\main\java\org\apache\ratis\server\raftlog\memory\MemoryRaftLog.java,210
org.apache.ratis:ratis-server-api:jar:3.1.3,ClassOrInterfaceType,org.apache.ratis.server.storage.RaftStorageMetadata,RaftStorageMetadata,C:\Users\tyin363\Documents\repos\apache__ratis\ratis-server\src\main\java\org\apache\ratis\server\raftlog\memory\MemoryRaftLog.java,234
JDK:java.base:N/A:N/A,ClassOrInterfaceType,java.io.Closeable,Closeable,C:\Users\tyin363\Documents\repos\apache__ratis\ratis-server\src\main\java\org\apache\ratis\server\raftlog\segmented\SegmentedRaftLogReader.java,49
JDK:java.base:N/A:N/A,ClassOrInterfaceType,java.io.IOException,IOException,C:\Users\tyin363\Documents\repos\apache__ratis\ratis-server\src\main\java\org\apache\ratis\server\raftlog\segmented\SegmentedRaftLogReader.java,207
CLIENT:client-code:N/A:N/A,NameExpr,org.apache.ratis.server.storage.FileChunkReader,digester,C:\Users\tyin363\Documents\repos\apache__ratis\ratis-server\src\main\java\org\apache\ratis\server\storage\FileChunkReader.java,60
org.slf4j:slf4j-api:jar:2.0.7,MethodCallExpr,org.slf4j.Logger,error,C:\Users\tyin363\Documents\repos\apache__ratis\ratis-server\src\main\java\org\apache\ratis\server\storage\RaftStorageImpl.java,162
CLIENT:client-code:N/A:N/A,MethodCallExpr,org.apache.ratis.server.RaftServerConfigKeys.Write,byteLimit,C:\Users\tyin363\Documents\repos\apache__ratis\ratis-server\src\main\java\org\apache\ratis\server\impl\PendingRequests.java,226
CLIENT:client-code:N/A:N/A,MethodReferenceExpr,org.apache.ratis.server.impl.PendingRequests.RequestLimits,getMegaByteSize,C:\Users\tyin363\Documents\repos\apache__ratis\ratis-server\src\main\java\org\apache\ratis\server\impl\PendingRequests.java,117
,MethodCallExpr,org.apache.ratis.proto.RaftProtos.MessageStreamRequestTypeProto,getMessageId,C:\Users\tyin363\Documents\repos\apache__ratis\ratis-server\src\main\java\org\apache\ratis\server\impl\MessageStreamRequests.java,104
CLIENT:client-code:N/A:N/A,NameExpr,org.apache.ratis.server.raftlog.segmented.SegmentedRaftLogReader,in,C:\Users\tyin363\Documents\repos\apache__ratis\ratis-server\src\main\java\org\apache\ratis\server\raftlog\segmented\SegmentedRaftLogReader.java,265
JDK:java.base:N/A:N/A,ClassOrInterfaceType,java.util.concurrent.CompletableFuture,CompletableFuture,C:\Users\tyin363\Documents\repos\apache__ratis\ratis-server\src\main\java\org\apache\ratis\server\impl\DataStreamMapImpl.java,48
org.apache.ratis:ratis-server-api:jar:3.1.3,ClassOrInterfaceType,org.apache.ratis.server.storage.FileInfo,FileInfo,C:\Users\tyin363\Documents\repos\apache__ratis\ratis-server\src\main\java\org\apache\ratis\statemachine\impl\FileListSnapshotInfo.java,38
org.apache.ratis:ratis-client:jar:3.1.3,MethodCallExpr,org.apache.ratis.client.impl.ClientProtoUtils,toRaftRpcRequestProtoBuilder,C:\Users\tyin363\Documents\repos\apache__ratis\ratis-server\src\main\java\org\apache\ratis\server\leader\LeaderProtoUtils.java,69
org.apache.ratis:ratis-common:jar:3.1.3,MethodCallExpr,org.apache.ratis.io.MD5Hash,getDigest,C:\Users\tyin363\Documents\repos\apache__ratis\ratis-server\src\main\java\org\apache\ratis\server\storage\FileChunkReader.java,91
CLIENT:client-code:N/A:N/A,ClassOrInterfaceType,org.apache.ratis.server.raftlog.segmented.SegmentedRaftLogReader,SegmentedRaftLogReader,C:\Users\tyin363\Documents\repos\apache__ratis\ratis-server\src\main\java\org\apache\ratis\server\raftlog\segmented\SegmentedRaftLogReader.java,50
CLIENT:client-code:N/A:N/A,NameExpr,org.apache.ratis.server.storage.FileChunkReader,info,C:\Users\tyin363\Documents\repos\apache__ratis\ratis-server\src\main\java\org\apache\ratis\server\storage\FileChunkReader.java,81
CLIENT:client-code:N/A:N/A,NameExpr,org.apache.ratis.server.raftlog.segmented.SegmentedRaftLogInputStream,reader,C:\Users\tyin363\Documents\repos\apache__ratis\ratis-server\src\main\java\org\apache\ratis\server\raftlog\segmented\SegmentedRaftLogInputStream.java,128
JDK:java.base:N/A:N/A,ClassOrInterfaceType,java.io.IOException,IOException,C:\Users\tyin363\Documents\repos\apache__ratis\ratis-server\src\main\java\org\apache\ratis\server\raftlog\segmented\SegmentedRaftLogReader.java,75
JDK:java.base:N/A:N/A,MethodCallExpr,java.io.DataInputStream,read,C:\Users\tyin363\Documents\repos\apache__ratis\ratis-server\src\main\java\org\apache\ratis\server\raftlog\segmented\SegmentedRaftLogReader.java,250
org.apache.ratis:ratis-server-api:jar:3.1.3,ClassOrInterfaceType,org.apache.ratis.server.RaftServer,RaftServer,C:\Users\tyin363\Documents\repos\apache__ratis\ratis-server\src\main\java\org\apache\ratis\server\DisabledDataStreamServerFactory.java,32
JDK:java.base:N/A:N/A,MethodCallExpr,java.util.concurrent.ConcurrentMap,computeIfAbsent,C:\Users\tyin363\Documents\repos\apache__ratis\ratis-server\src\main\java\org\apache\ratis\server\impl\MessageStreamRequests.java,68
JDK:java.base:N/A:N/A,MethodCallExpr,java.lang.Math,min,C:\Users\tyin363\Documents\repos\apache__ratis\ratis-server\src\main\java\org\apache\ratis\server\raftlog\segmented\SegmentedRaftLogReader.java,340
CLIENT:client-code:N/A:N/A,MethodCallExpr,org.apache.ratis.server.impl.RaftServerImpl,isRunning,C:\Users\tyin363\Documents\repos\apache__ratis\ratis-server\src\main\java\org\apache\ratis\server\impl\FollowerState.java,141
org.apache.ratis:ratis-common:jar:3.1.3,MethodCallExpr,org.apache.ratis.protocol.RaftPeerId,equals,C:\Users\tyin363\Documents\repos\apache__ratis\ratis-server\src\main\java\org\apache\ratis\server\impl\VoteContext.java,81
org.apache.ratis:ratis-common:jar:3.1.3,MethodCallExpr,org.apache.ratis.util.Preconditions,assertTrue,C:\Users\tyin363\Documents\repos\apache__ratis\ratis-server\src\main\java\org\apache\ratis\server\raftlog\segmented\SegmentedRaftLogInputStream.java,117
CLIENT:client-code:N/A:N/A,MethodCallExpr,org.apache.ratis.server.leader.LogAppenderBase,getFollower,C:\Users\tyin363\Documents\repos\apache__ratis\ratis-server\src\main\java\org\apache\ratis\server\leader\LogAppenderDefault.java,85
JDK:java.base:N/A:N/A,ClassOrInterfaceType,java.util.concurrent.atomic.AtomicReference,AtomicReference,C:\Users\tyin363\Documents\repos\apache__ratis\ratis-server\src\main\java\org\apache\ratis\server\storage\RaftStorageImpl.java,174
org.apache.ratis:ratis-common:jar:3.1.3,MethodCallExpr,org.apache.ratis.util.OpenCloseState,isOpened,C:\Users\tyin363\Documents\repos\apache__ratis\ratis-server\src\main\java\org\apache\ratis\server\raftlog\segmented\SegmentedRaftLogInputStream.java,118
org.apache.ratis:ratis-server-api:jar:3.1.3,NameExpr,org.apache.ratis.server.storage.RaftStorage,LOG,C:\Users\tyin363\Documents\repos\apache__ratis\ratis-server\src\main\java\org\apache\ratis\server\storage\RaftStorageImpl.java,162
CLIENT:client-code:N/A:N/A,MethodCallExpr,org.apache.ratis.server.raftlog.segmented.LogSegmentStartEnd,isOpen,C:\Users\tyin363\Documents\repos\apache__ratis\ratis-server\src\main\java\org\apache\ratis\server\raftlog\segmented\LogSegmentStartEnd.java,125
org.apache.ratis:ratis-common:jar:3.1.3,ClassOrInterfaceType,org.apache.ratis.protocol.ClientInvocationId,ClientInvocationId,C:\Users\tyin363\Documents\repos\apache__ratis\ratis-server\src\main\java\org\apache\ratis\server\impl\DataStreamMapImpl.java,36
CLIENT:client-code:N/A:N/A,MethodCallExpr,org.apache.ratis.server.impl.PendingRequest,getRequest,C:\Users\tyin363\Documents\repos\apache__ratis\ratis-server\src\main\java\org\apache\ratis\server\impl\PendingRequests.java,178
CLIENT:client-code:N/A:N/A,MethodCallExpr,org.apache.ratis.server.impl.VoteContext,reject,C:\Users\tyin363\Documents\repos\apache__ratis\ratis-server\src\main\java\org\apache\ratis\server\impl\VoteContext.java,82
CLIENT:client-code:N/A:N/A,MethodReferenceExpr,org.apache.ratis.server.raftlog.segmented.LogSegment,containsIndex,C:\Users\tyin363\Documents\repos\apache__ratis\ratis-server\src\main\java\org\apache\ratis\server\raftlog\segmented\CacheInvalidationPolicy.java,118
JDK:java.base:N/A:N/A,ClassOrInterfaceType,java.lang.AutoCloseable,AutoCloseable,C:\Users\tyin363\Documents\repos\apache__ratis\ratis-server\src\main\java\org\apache\ratis\server\raftlog\segmented\SegmentedRaftLogReader.java,211
CLIENT:client-code:N/A:N/A,NameExpr,org.apache.ratis.server.metrics.RaftLogMetricsBase,STATE_MACHINE_LOG_ENTRY_COUNT,C:\Users\tyin363\Documents\repos\apache__ratis\ratis-server\src\main\java\org\apache\ratis\server\metrics\RaftLogMetricsBase.java,39
JDK:java.base:N/A:N/A,ClassOrInterfaceType,java.util.Collection,Collection,C:\Users\tyin363\Documents\repos\apache__ratis\ratis-server\src\main\java\org\apache\ratis\server\impl\PendingRequests.java,187
CLIENT:client-code:N/A:N/A,MethodCallExpr,org.apache.ratis.server.metrics.RaftServerMetricsImpl,onResourceLimitHit,C:\Users\tyin363\Documents\repos\apache__ratis\ratis-server\src\main\java\org\apache\ratis\server\impl\PendingRequests.java,131
CLIENT:client-code:N/A:N/A,FieldAccessExpr,org.apache.ratis.server.raftlog.segmented.SegmentedRaftLogInputStream,raftLogMetrics,C:\Users\tyin363\Documents\repos\apache__ratis\ratis-server\src\main\java\org\apache\ratis\server\raftlog\segmented\SegmentedRaftLogInputStream.java,79
JDK:java.base:N/A:N/A,MethodCallExpr,java.util.List,add,C:\Users\tyin363\Documents\repos\apache__ratis\ratis-server\src\main\java\org\apache\ratis\server\raftlog\segmented\CacheInvalidationPolicy.java,91
org.apache.ratis:ratis-common:jar:3.1.3,ObjectCreationExpr,org.apache.ratis.util.OpenCloseState,OpenCloseState,C:\Users\tyin363\Documents\repos\apache__ratis\ratis-server\src\main\java\org\apache\ratis\server\raftlog\segmented\SegmentedRaftLogInputStream.java,78
JDK:java.base:N/A:N/A,MethodCallExpr,java.lang.Math,toIntExact,C:\Users\tyin363\Documents\repos\apache__ratis\ratis-server\src\main\java\org\apache\ratis\server\raftlog\memory\MemoryRaftLog.java,155
JDK:java.base:N/A:N/A,ClassOrInterfaceType,java.io.IOException,IOException,C:\Users\tyin363\Documents\repos\apache__ratis\ratis-server\src\main\java\org\apache\ratis\server\storage\FileChunkReader.java,54
,MethodCallExpr,org.apache.ratis.statemachine.impl.TransactionContextImpl,get,C:\Users\tyin363\Documents\repos\apache__ratis\ratis-server\src\main\java\org\apache\ratis\statemachine\impl\TransactionContextImpl.java,95
CLIENT:client-code:N/A:N/A,NameExpr,org.apache.ratis.server.raftlog.segmented.SegmentedRaftLogReader,temp,C:\Users\tyin363\Documents\repos\apache__ratis\ratis-server\src\main\java\org\apache\ratis\server\raftlog\segmented\SegmentedRaftLogReader.java,250
JDK:java.base:N/A:N/A,ClassOrInterfaceType,java.util.Map,Map,C:\Users\tyin363\Documents\repos\apache__ratis\ratis-server\src\main\java\org\apache\ratis\server\impl\PendingRequests.java,104
CLIENT:client-code:N/A:N/A,NameExpr,org.apache.ratis.server.raftlog.segmented.SegmentedRaftLogInputStream,reader,C:\Users\tyin363\Documents\repos\apache__ratis\ratis-server\src\main\java\org\apache\ratis\server\raftlog\segmented\SegmentedRaftLogInputStream.java,132
JDK:java.base:N/A:N/A,MethodCallExpr,java.util.concurrent.atomic.AtomicReference,set,C:\Users\tyin363\Documents\repos\apache__ratis\ratis-server\src\main\java\org\apache\ratis\server\raftlog\memory\MemoryRaftLog.java,235
org.apache.ratis:ratis-common:jar:3.1.3,ClassOrInterfaceType,org.apache.ratis.protocol.RaftPeer,RaftPeer,C:\Users\tyin363\Documents\repos\apache__ratis\ratis-server\src\main\java\org\apache\ratis\server\impl\ConfigurationManager.java,49
CLIENT:client-code:N/A:N/A,NameExpr,org.apache.ratis.server.storage.FileChunkReader,digester,C:\Users\tyin363\Documents\repos\apache__ratis\ratis-server\src\main\java\org\apache\ratis\server\storage\FileChunkReader.java,62
CLIENT:client-code:N/A:N/A,ClassOrInterfaceType,org.apache.ratis.server.raftlog.segmented.LogSegment,LogSegment,C:\Users\tyin363\Documents\repos\apache__ratis\ratis-server\src\main\java\org\apache\ratis\server\raftlog\segmented\CacheInvalidationPolicy.java,89
CLIENT:client-code:N/A:N/A,NameExpr,org.apache.ratis.server.storage.RaftStorageImpl,storageDir,C:\Users\tyin363\Documents\repos\apache__ratis\ratis-server\src\main\java\org\apache\ratis\server\storage\RaftStorageImpl.java,96
JDK:java.base:N/A:N/A,MethodCallExpr,java.util.NavigableMap,lastEntry,C:\Users\tyin363\Documents\repos\apache__ratis\ratis-server\src\main\java\org\apache\ratis\server\impl\ConfigurationManager.java,103
CLIENT:client-code:N/A:N/A,NameExpr,org.apache.ratis.server.metrics.RaftLogMetricsBase,stateMachineLogEntryCount,C:\Users\tyin363\Documents\repos\apache__ratis\ratis-server\src\main\java\org\apache\ratis\server\metrics\RaftLogMetricsBase.java,61
CLIENT:client-code:N/A:N/A,NameExpr,org.apache.ratis.server.raftlog.segmented.SegmentedRaftLogReader,in,C:\Users\tyin363\Documents\repos\apache__ratis\ratis-server\src\main\java\org\apache\ratis\server\raftlog\segmented\SegmentedRaftLogReader.java,267
CLIENT:client-code:N/A:N/A,MethodCallExpr,org.apache.ratis.server.raftlog.segmented.SegmentedRaftLogReader.LimitedInputStream,clearLimit,C:\Users\tyin363\Documents\repos\apache__ratis\ratis-server\src\main\java\org\apache\ratis\server\raftlog\segmented\SegmentedRaftLogReader.java,246
org.apache.ratis:ratis-server-api:jar:3.1.3,ClassOrInterfaceType,org.apache.ratis.server.storage.FileInfo,FileInfo,C:\Users\tyin363\Documents\repos\apache__ratis\ratis-server\src\main\java\org\apache\ratis\statemachine\impl\FileListSnapshotInfo.java,36
CLIENT:client-code:N/A:N/A,NameExpr,org.apache.ratis.server.raftlog.memory.MemoryRaftLog.EntryList,entries,C:\Users\tyin363\Documents\repos\apache__ratis\ratis-server\src\main\java\org\apache\ratis\server\raftlog\memory\MemoryRaftLog.java,71
JDK:java.base:N/A:N/A,ClassOrInterfaceType,java.util.Collection,Collection,C:\Users\tyin363\Documents\repos\apache__ratis\ratis-server\src\main\java\org\apache\ratis\server\impl\PendingRequests.java,188
CLIENT:client-code:N/A:N/A,NameExpr,org.apache.ratis.server.impl.VoteContext,impl,C:\Users\tyin363\Documents\repos\apache__ratis\ratis-server\src\main\java\org\apache\ratis\server\impl\VoteContext.java,144
JDK:java.base:N/A:N/A,ClassOrInterfaceType,java.lang.Exception,Exception,C:\Users\tyin363\Documents\repos\apache__ratis\ratis-server\src\main\java\org\apache\ratis\server\storage\RaftStorageImpl.java,148
org.apache.ratis:ratis-server-api:jar:3.1.3,ClassOrInterfaceType,org.apache.ratis.server.raftlog.LogEntryHeader,LogEntryHeader,C:\Users\tyin363\Documents\repos\apache__ratis\ratis-server\src\main\java\org\apache\ratis\server\raftlog\memory\MemoryRaftLog.java,132
org.apache.ratis:ratis-common:jar:3.1.3,MethodCallExpr,org.apache.ratis.util.SizeInBytes,getSizeInt,C:\Users\tyin363\Documents\repos\apache__ratis\ratis-server\src\main\java\org\apache\ratis\server\raftlog\segmented\SegmentedRaftLogReader.java,284
org.slf4j:slf4j-api:jar:2.0.7,MethodCallExpr,org.slf4j.Logger,debug,C:\Users\tyin363\Documents\repos\apache__ratis\ratis-server\src\main\java\org\apache\ratis\server\impl\PendingRequests.java,174
org.slf4j:slf4j-api:jar:2.0.7,ClassOrInterfaceType,org.slf4j.Logger,Logger,C:\Users\tyin363\Documents\repos\apache__ratis\ratis-server\src\main\java\org\apache\ratis\server\raftlog\segmented\SegmentedRaftLogInputStream.java,40
JDK:java.base:N/A:N/A,MethodCallExpr,java.util.zip.Checksum,getValue,C:\Users\tyin363\Documents\repos\apache__ratis\ratis-server\src\main\java\org\apache\ratis\server\raftlog\segmented\SegmentedRaftLogReader.java,323
CLIENT:client-code:N/A:N/A,NameExpr,org.apache.ratis.server.impl.FollowerState,LOG,C:\Users\tyin363\Documents\repos\apache__ratis\ratis-server\src\main\java\org\apache\ratis\server\impl\FollowerState.java,151
CLIENT:client-code:N/A:N/A,NameExpr,org.apache.ratis.server.impl.PendingRequests.RequestMap,map,C:\Users\tyin363\Documents\repos\apache__ratis\ratis-server\src\main\java\org\apache\ratis\server\impl\PendingRequests.java,167
org.apache.ratis:ratis-common:jar:3.1.3,MethodCallExpr,org.apache.ratis.util.TimeDuration,getDuration,C:\Users\tyin363\Documents\repos\apache__ratis\ratis-server\src\main\java\org\apache\ratis\server\impl\WriteIndexCache.java,45
,ClassOrInterfaceType,org.apache.ratis.proto.RaftProtos.AppendEntriesRequestProto,AppendEntriesRequestProto,C:\Users\tyin363\Documents\repos\apache__ratis\ratis-server\src\main\java\org\apache\ratis\server\leader\LogAppenderDefault.java,63
CLIENT:client-code:N/A:N/A,NameExpr,org.apache.ratis.server.raftlog.memory.MemoryRaftLog,entries,C:\Users\tyin363\Documents\repos\apache__ratis\ratis-server\src\main\java\org\apache\ratis\server\raftlog\memory\MemoryRaftLog.java,119
org.apache.ratis:ratis-common:jar:3.1.3,ClassOrInterfaceType,org.apache.ratis.util.AutoCloseableLock,AutoCloseableLock,C:\Users\tyin363\Documents\repos\apache__ratis\ratis-server\src\main\java\org\apache\ratis\server\raftlog\memory\MemoryRaftLog.java,126
CLIENT:client-code:N/A:N/A,MethodCallExpr,org.apache.ratis.server.RaftServer.Division,getRaftConf,C:\Users\tyin363\Documents\repos\apache__ratis\ratis-server\src\main\java\org\apache\ratis\server\leader\LeaderProtoUtils.java,66
JDK:java.base:N/A:N/A,ObjectCreationExpr,java.util.concurrent.ConcurrentHashMap,ConcurrentHashMap,C:\Users\tyin363\Documents\repos\apache__ratis\ratis-server\src\main\java\org\apache\ratis\server\impl\PendingRequests.java,100
CLIENT:client-code:N/A:N/A,NameExpr,org.apache.ratis.server.raftlog.segmented.SegmentedRaftLogInputStream.LogValidation,hasCorruptHeader,C:\Users\tyin363\Documents\repos\apache__ratis\ratis-server\src\main\java\org\apache\ratis\server\raftlog\segmented\SegmentedRaftLogInputStream.java,62
CLIENT:client-code:N/A:N/A,NameExpr,org.apache.ratis.server.raftlog.segmented.LogSegmentStartEnd,startIndex,C:\Users\tyin363\Documents\repos\apache__ratis\ratis-server\src\main\java\org\apache\ratis\server\raftlog\segmented\LogSegmentStartEnd.java,142
CLIENT:client-code:N/A:N/A,NameExpr,org.apache.ratis.server.raftlog.segmented.SegmentedRaftLogReader,in,C:\Users\tyin363\Documents\repos\apache__ratis\ratis-server\src\main\java\org\apache\ratis\server\raftlog\segmented\SegmentedRaftLogReader.java,266
org.apache.ratis:ratis-thirdparty-misc:jar:1.0.9,ClassOrInterfaceType,org.apache.ratis.thirdparty.com.google.protobuf.ByteString,ByteString,C:\Users\tyin363\Documents\repos\apache__ratis\ratis-server\src\main\java\org\apache\ratis\server\storage\FileChunkReader.java,67
org.apache.ratis:ratis-server-api:jar:3.1.3,ClassOrInterfaceType,org.apache.ratis.server.RaftServer,RaftServer,C:\Users\tyin363\Documents\repos\apache__ratis\ratis-server\src\main\java\org\apache\ratis\server\leader\LeaderProtoUtils.java,50
JDK:java.base:N/A:N/A,MethodCallExpr,java.util.Objects,requireNonNull,C:\Users\tyin363\Documents\repos\apache__ratis\ratis-server\src\main\java\org\apache\ratis\server\raftlog\segmented\LogSegmentStartEnd.java,91
CLIENT:client-code:N/A:N/A,NameExpr,org.apache.ratis.server.raftlog.segmented.SegmentedRaftLogReader.LimitedInputStream,curPos,C:\Users\tyin363\Documents\repos\apache__ratis\ratis-server\src\main\java\org\apache\ratis\server\raftlog\segmented\SegmentedRaftLogReader.java,134
CLIENT:client-code:N/A:N/A,NameExpr,org.apache.ratis.server.raftlog.segmented.SegmentedRaftLogReader,checksum,C:\Users\tyin363\Documents\repos\apache__ratis\ratis-server\src\main\java\org\apache\ratis\server\raftlog\segmented\SegmentedRaftLogReader.java,321
,MethodCallExpr,org.apache.ratis.proto.RaftProtos.InstallSnapshotReplyProto,getTerm,C:\Users\tyin363\Documents\repos\apache__ratis\ratis-server\src\main\java\org\apache\ratis\server\util\ServerStringUtils.java,113
CLIENT:client-code:N/A:N/A,NameExpr,org.apache.ratis.server.impl.PendingRequests,pendingRequests,C:\Users\tyin363\Documents\repos\apache__ratis\ratis-server\src\main\java\org\apache\ratis\server\impl\PendingRequests.java,289
CLIENT:client-code:N/A:N/A,NameExpr,org.apache.ratis.server.impl.PendingRequests.RequestMap,name,C:\Users\tyin363\Documents\repos\apache__ratis\ratis-server\src\main\java\org\apache\ratis\server\impl\PendingRequests.java,155
JDK:java.base:N/A:N/A,ClassOrInterfaceType,java.lang.String,String,C:\Users\tyin363\Documents\repos\apache__ratis\ratis-server\src\main\java\org\apache\ratis\server\util\ServerStringUtils.java,63
,ClassOrInterfaceType,org.apache.ratis.proto.RaftProtos.LogEntryProto,LogEntryProto,C:\Users\tyin363\Documents\repos\apache__ratis\ratis-server\src\main\java\org\apache\ratis\statemachine\impl\TransactionContextImpl.java,151
CLIENT:client-code:N/A:N/A,MethodCallExpr,org.apache.ratis.server.raftlog.segmented.LogSegmentStartEnd,getOpenLogFileName,C:\Users\tyin363\Documents\repos\apache__ratis\ratis-server\src\main\java\org\apache\ratis\server\raftlog\segmented\LogSegmentStartEnd.java,99
CLIENT:client-code:N/A:N/A,NameExpr,org.apache.ratis.server.raftlog.segmented.SegmentedRaftLogInputStream,LOG,C:\Users\tyin363\Documents\repos\apache__ratis\ratis-server\src\main\java\org\apache\ratis\server\raftlog\segmented\SegmentedRaftLogInputStream.java,111
CLIENT:client-code:N/A:N/A,NameExpr,org.apache.ratis.server.impl.FollowerState,creationTime,C:\Users\tyin363\Documents\repos\apache__ratis\ratis-server\src\main\java\org\apache\ratis\server\impl\FollowerState.java,64
CLIENT:client-code:N/A:N/A,MethodCallExpr,org.apache.ratis.server.leader.LogAppenderBase,getFollower,C:\Users\tyin363\Documents\repos\apache__ratis\ratis-server\src\main\java\org\apache\ratis\server\leader\LogAppenderDefault.java,88
CLIENT:client-code:N/A:N/A,MethodCallExpr,org.apache.ratis.server.raftlog.RaftLogBase,writeLock,C:\Users\tyin363\Documents\repos\apache__ratis\ratis-server\src\main\java\org\apache\ratis\server\raftlog\memory\MemoryRaftLog.java,171
JDK:java.base:N/A:N/A,ClassOrInterfaceType,java.io.DataInputStream,DataInputStream,C:\Users\tyin363\Documents\repos\apache__ratis\ratis-server\src\main\java\org\apache\ratis\server\raftlog\segmented\SegmentedRaftLogReader.java,156
CLIENT:client-code:N/A:N/A,MethodCallExpr,org.apache.ratis.server.storage.RaftStorageDirectoryImpl,unlock,C:\Users\tyin363\Documents\repos\apache__ratis\ratis-server\src\main\java\org\apache\ratis\server\storage\RaftStorageImpl.java,136
JDK:java.base:N/A:N/A,MethodCallExpr,java.lang.Thread,interrupt,C:\Users\tyin363\Documents\repos\apache__ratis\ratis-server\src\main\java\org\apache\ratis\server\impl\FollowerState.java,172
CLIENT:client-code:N/A:N/A,MethodCallExpr,org.apache.ratis.server.metrics.RaftServerMetricsImpl,addNumPendingRequestsMegaByteSize,C:\Users\tyin363\Documents\repos\apache__ratis\ratis-server\src\main\java\org\apache\ratis\server\impl\PendingRequests.java,117
CLIENT:client-code:N/A:N/A,MethodCallExpr,org.apache.ratis.server.impl.VoteContext,checkLeader,C:\Users\tyin363\Documents\repos\apache__ratis\ratis-server\src\main\java\org\apache\ratis\server\impl\VoteContext.java,123
JDK:java.base:N/A:N/A,ClassOrInterfaceType,java.lang.String,String,C:\Users\tyin363\Documents\repos\apache__ratis\ratis-server\src\main\java\org\apache\ratis\server\raftlog\segmented\LogSegmentStartEnd.java,40
org.apache.ratis:ratis-metrics-api:jar:3.1.3,ClassOrInterfaceType,org.apache.ratis.metrics.Timekeeper,Timekeeper,C:\Users\tyin363\Documents\repos\apache__ratis\ratis-server\src\main\java\org\apache\ratis\server\raftlog\segmented\SegmentedRaftLogReader.java,208
org.apache.ratis:ratis-server-api:jar:3.1.3,ClassOrInterfaceType,org.apache.ratis.server.RaftConfiguration,RaftConfiguration,C:\Users\tyin363\Documents\repos\apache__ratis\ratis-server\src\main\java\org\apache\ratis\server\storage\RaftStorageImpl.java,153
CLIENT:client-code:N/A:N/A,NameExpr,org.apache.ratis.server.raftlog.segmented.SegmentedRaftLogReader,checksum,C:\Users\tyin363\Documents\repos\apache__ratis\ratis-server\src\main\java\org\apache\ratis\server\raftlog\segmented\SegmentedRaftLogReader.java,320
org.apache.ratis:ratis-common:jar:3.1.3,MethodCallExpr,org.apache.ratis.util.Preconditions,assertTrue,C:\Users\tyin363\Documents\repos\apache__ratis\ratis-server\src\main\java\org\apache\ratis\server\impl\DivisionPropertiesImpl.java,35
,FieldAccessExpr,org.apache.ratis.statemachine.impl.TransactionContextImpl,serverRole,C:\Users\tyin363\Documents\repos\apache__ratis\ratis-server\src\main\java\org\apache\ratis\statemachine\impl\TransactionContextImpl.java,79
CLIENT:client-code:N/A:N/A,ClassOrInterfaceType,org.apache.ratis.server.impl.PendingRequest,PendingRequest,C:\Users\tyin363\Documents\repos\apache__ratis\ratis-server\src\main\java\org\apache\ratis\server\impl\PendingRequests.java,267
org.apache.ratis:ratis-server-api:jar:3.1.3,MethodCallExpr,org.apache.ratis.server.leader.FollowerInfo,updateLastRpcResponseTime,C:\Users\tyin363\Documents\repos\apache__ratis\ratis-server\src\main\java\org\apache\ratis\server\leader\LogAppenderDefault.java,113
JDK:java.base:N/A:N/A,MethodCallExpr,java.util.List,size,C:\Users\tyin363\Documents\repos\apache__ratis\ratis-server\src\main\java\org\apache\ratis\server\raftlog\memory\MemoryRaftLog.java,213
CLIENT:client-code:N/A:N/A,NameExpr,org.apache.ratis.server.storage.FileChunkReader,info,C:\Users\tyin363\Documents\repos\apache__ratis\ratis-server\src\main\java\org\apache\ratis\server\storage\FileChunkReader.java,85
,MethodCallExpr,org.apache.ratis.statemachine.impl.FileListSnapshotInfo,getFiles,C:\Users\tyin363\Documents\repos\apache__ratis\ratis-server\src\main\java\org\apache\ratis\statemachine\impl\SingleFileSnapshotInfo.java,41
org.apache.ratis:ratis-common:jar:3.1.3,ClassOrInterfaceType,org.apache.ratis.io.CorruptedFileException,CorruptedFileException,C:\Users\tyin363\Documents\repos\apache__ratis\ratis-server\src\main\java\org\apache\ratis\server\raftlog\segmented\SegmentedRaftLogReader.java,193
org.apache.ratis:ratis-server-api:jar:3.1.3,MethodCallExpr,org.apache.ratis.server.raftlog.RaftLog,getNextIndex,C:\Users\tyin363\Documents\repos\apache__ratis\ratis-server\src\main\java\org\apache\ratis\server\raftlog\memory\MemoryRaftLog.java,230
,MethodCallExpr,org.apache.ratis.proto.RaftProtos.MessageStreamRequestTypeProto,getStreamId,C:\Users\tyin363\Documents\repos\apache__ratis\ratis-server\src\main\java\org\apache\ratis\server\impl\MessageStreamRequests.java,90
org.apache.ratis:ratis-common:jar:3.1.3,ClassOrInterfaceType,org.apache.ratis.protocol.RaftPeerId,RaftPeerId,C:\Users\tyin363\Documents\repos\apache__ratis\ratis-server\src\main\java\org\apache\ratis\server\leader\LeaderProtoUtils.java,50
,MethodCallExpr,org.apache.ratis.proto.RaftProtos.FileChunkProto.Builder,setChunkIndex,C:\Users\tyin363\Documents\repos\apache__ratis\ratis-server\src\main\java\org\apache\ratis\server\storage\FileChunkReader.java,94
CLIENT:client-code:N/A:N/A,ObjectCreationExpr,org.apache.ratis.server.DisabledDataStreamServerFactory.Anonymous-30c4a04d-720b-4b14-9b86-ab6677d8b6e8,Anonymous-30c4a04d-720b-4b14-9b86-ab6677d8b6e8,C:\Users\tyin363\Documents\repos\apache__ratis\ratis-server\src\main\java\org\apache\ratis\server\DisabledDataStreamServerFactory.java,33
JDK:java.base:N/A:N/A,ObjectCreationExpr,java.util.concurrent.ConcurrentHashMap,ConcurrentHashMap,C:\Users\tyin363\Documents\repos\apache__ratis\ratis-server\src\main\java\org\apache\ratis\server\impl\DataStreamMapImpl.java,36
CLIENT:client-code:N/A:N/A,NameExpr,org.apache.ratis.server.raftlog.segmented.SegmentedRaftLogReader,checksum,C:\Users\tyin363\Documents\repos\apache__ratis\ratis-server\src\main\java\org\apache\ratis\server\raftlog\segmented\SegmentedRaftLogReader.java,323
CLIENT:client-code:N/A:N/A,FieldAccessExpr,org.apache.ratis.server.impl.FollowerState,reason,C:\Users\tyin363\Documents\repos\apache__ratis\ratis-server\src\main\java\org\apache\ratis\server\impl\FollowerState.java,74
JDK:java.base:N/A:N/A,MethodCallExpr,java.util.concurrent.CompletableFuture,completedFuture,C:\Users\tyin363\Documents\repos\apache__ratis\ratis-server\src\main\java\org\apache\ratis\server\impl\MessageStreamRequests.java,56
CLIENT:client-code:N/A:N/A,NameExpr,org.apache.ratis.server.impl.PendingRequests.RequestMap,resource,C:\Users\tyin363\Documents\repos\apache__ratis\ratis-server\src\main\java\org\apache\ratis\server\impl\PendingRequests.java,123
org.apache.ratis:ratis-common:jar:3.1.3,MethodCallExpr,org.apache.ratis.rpc.CallId,getAndIncrement,C:\Users\tyin363\Documents\repos\apache__ratis\ratis-server\src\main\java\org\apache\ratis\server\leader\LogAppenderDefault.java,63
CLIENT:client-code:N/A:N/A,MethodCallExpr,org.apache.ratis.server.RaftServerConfigKeys.Rpc,sleepTime,C:\Users\tyin363\Documents\repos\apache__ratis\ratis-server\src\main\java\org\apache\ratis\server\impl\DivisionPropertiesImpl.java,38
,MethodCallExpr,org.apache.ratis.proto.RaftProtos.InstallSnapshotRequestProto.SnapshotChunkProto.Builder,setDone,C:\Users\tyin363\Documents\repos\apache__ratis\ratis-server\src\main\java\org\apache\ratis\server\leader\LeaderProtoUtils.java,40
CLIENT:client-code:N/A:N/A,NameExpr,org.apache.ratis.server.impl.PendingRequests.RequestMap,map,C:\Users\tyin363\Documents\repos\apache__ratis\ratis-server\src\main\java\org\apache\ratis\server\impl\PendingRequests.java,173
CLIENT:client-code:N/A:N/A,MethodCallExpr,org.apache.ratis.server.storage.RaftStorageImpl,analyzeAndRecoverStorage,C:\Users\tyin363\Documents\repos\apache__ratis\ratis-server\src\main\java\org\apache\ratis\server\storage\RaftStorageImpl.java,66
CLIENT:client-code:N/A:N/A,NameExpr,org.apache.ratis.server.raftlog.segmented.LogSegmentStartEnd,startIndex,C:\Users\tyin363\Documents\repos\apache__ratis\ratis-server\src\main\java\org\apache\ratis\server\raftlog\segmented\LogSegmentStartEnd.java,147
JDK:java.base:N/A:N/A,ObjectCreationExpr,java.util.concurrent.atomic.AtomicLong,AtomicLong,C:\Users\tyin363\Documents\repos\apache__ratis\ratis-server\src\main\java\org\apache\ratis\server\impl\PendingRequests.java,108
CLIENT:client-code:N/A:N/A,NameExpr,org.apache.ratis.server.raftlog.segmented.SegmentedRaftLogInputStream,LOG,C:\Users\tyin363\Documents\repos\apache__ratis\ratis-server\src\main\java\org\apache\ratis\server\raftlog\segmented\SegmentedRaftLogInputStream.java,109
JDK:java.base:N/A:N/A,MethodCallExpr,java.util.Map,remove,C:\Users\tyin363\Documents\repos\apache__ratis\ratis-server\src\main\java\org\apache\ratis\server\impl\PendingRequests.java,156
org.slf4j:slf4j-api:jar:2.0.7,MethodCallExpr,org.slf4j.Logger,warn,C:\Users\tyin363\Documents\repos\apache__ratis\ratis-server\src\main\java\org\apache\ratis\server\leader\LogAppenderDefault.java,122
CLIENT:client-code:N/A:N/A,MethodCallExpr,org.apache.ratis.server.leader.LogAppenderBase,getFollower,C:\Users\tyin363\Documents\repos\apache__ratis\ratis-server\src\main\java\org\apache\ratis\server\leader\LogAppenderDefault.java,86
JDK:java.base:N/A:N/A,ClassOrInterfaceType,java.lang.String,String,C:\Users\tyin363\Documents\repos\apache__ratis\ratis-server\src\main\java\org\apache\ratis\server\impl\PendingRequests.java,218
org.apache.ratis:ratis-server-api:jar:3.1.3,FieldAccessExpr,org.apache.ratis.server.raftlog.RaftLog,INVALID_LOG_INDEX,C:\Users\tyin363\Documents\repos\apache__ratis\ratis-server\src\main\java\org\apache\ratis\server\leader\LogAppenderDefault.java,83
JDK:java.base:N/A:N/A,ClassOrInterfaceType,java.lang.String,String,C:\Users\tyin363\Documents\repos\apache__ratis\ratis-server\src\main\java\org\apache\ratis\server\metrics\RaftLogMetricsBase.java,29
CLIENT:client-code:N/A:N/A,MethodCallExpr,org.apache.ratis.server.raftlog.segmented.LogSegmentStartEnd,isOpen,C:\Users\tyin363\Documents\repos\apache__ratis\ratis-server\src\main\java\org\apache\ratis\server\raftlog\segmented\LogSegmentStartEnd.java,122
org.apache.ratis:ratis-server-api:jar:3.1.3,ClassOrInterfaceType,org.apache.ratis.server.raftlog.RaftLogIOException,RaftLogIOException,C:\Users\tyin363\Documents\repos\apache__ratis\ratis-server\src\main\java\org\apache\ratis\server\leader\LogAppenderDefault.java,60
org.apache.ratis:ratis-server-api:jar:3.1.3,MethodCallExpr,org.apache.ratis.server.protocol.TermIndex,valueOf,C:\Users\tyin363\Documents\repos\apache__ratis\ratis-server\src\main\java\org\apache\ratis\statemachine\impl\SingleFileSnapshotInfo.java,36
CLIENT:client-code:N/A:N/A,NameExpr,org.apache.ratis.server.raftlog.segmented.SegmentedRaftLogInputStream,state,C:\Users\tyin363\Documents\repos\apache__ratis\ratis-server\src\main\java\org\apache\ratis\server\raftlog\segmented\SegmentedRaftLogInputStream.java,158
CLIENT:client-code:N/A:N/A,NameExpr,org.apache.ratis.server.raftlog.memory.MemoryRaftLog.EntryList,entries,C:\Users\tyin363\Documents\repos\apache__ratis\ratis-server\src\main\java\org\apache\ratis\server\raftlog\memory\MemoryRaftLog.java,76
JDK:java.base:N/A:N/A,MethodCallExpr,java.util.regex.Pattern,compile,C:\Users\tyin363\Documents\repos\apache__ratis\ratis-server\src\main\java\org\apache\ratis\server\raftlog\segmented\LogSegmentStartEnd.java,41
org.apache.ratis:ratis-common:jar:3.1.3,MethodCallExpr,org.apache.ratis.util.Preconditions,assertNull,C:\Users\tyin363\Documents\repos\apache__ratis\ratis-server\src\main\java\org\apache\ratis\statemachine\impl\TransactionContextImpl.java,153
CLIENT:client-code:N/A:N/A,NameExpr,org.apache.ratis.server.impl.MessageStreamRequests.PendingStream,bytes,C:\Users\tyin363\Documents\repos\apache__ratis\ratis-server\src\main\java\org\apache\ratis\server\impl\MessageStreamRequests.java,55
CLIENT:client-code:N/A:N/A,MethodCallExpr,org.apache.ratis.server.impl.PendingRequests.RequestLimits,release,C:\Users\tyin363\Documents\repos\apache__ratis\ratis-server\src\main\java\org\apache\ratis\server\impl\PendingRequests.java,182
CLIENT:client-code:N/A:N/A,NameExpr,org.apache.ratis.server.impl.PendingRequests.RequestMap,requestSize,C:\Users\tyin363\Documents\repos\apache__ratis\ratis-server\src\main\java\org\apache\ratis\server\impl\PendingRequests.java,179
org.apache.ratis:ratis-server-api:jar:3.1.3,ClassOrInterfaceType,org.apache.ratis.server.storage.RaftStorageMetadata,RaftStorageMetadata,C:\Users\tyin363\Documents\repos\apache__ratis\ratis-server\src\main\java\org\apache\ratis\server\raftlog\memory\MemoryRaftLog.java,239
JDK:java.base:N/A:N/A,ClassOrInterfaceType,java.lang.String,String,C:\Users\tyin363\Documents\repos\apache__ratis\ratis-server\src\main\java\org\apache\ratis\server\metrics\RaftLogMetricsBase.java,30
JDK:java.base:N/A:N/A,ClassOrInterfaceType,java.util.concurrent.ExecutionException,ExecutionException,C:\Users\tyin363\Documents\repos\apache__ratis\ratis-server\src\main\java\org\apache\ratis\server\impl\WriteIndexCache.java,53
,MethodCallExpr,org.apache.ratis.proto.RaftProtos.AppendEntriesReplyProto,getResult,C:\Users\tyin363\Documents\repos\apache__ratis\ratis-server\src\main\java\org\apache\ratis\server\util\ServerStringUtils.java,69
JDK:java.base:N/A:N/A,MethodCallExpr,java.util.Map,remove,C:\Users\tyin363\Documents\repos\apache__ratis\ratis-server\src\main\java\org\apache\ratis\server\impl\DataStreamMapImpl.java,44
CLIENT:client-code:N/A:N/A,MethodCallExpr,org.apache.ratis.server.leader.LogAppenderBase,isRunning,C:\Users\tyin363\Documents\repos\apache__ratis\ratis-server\src\main\java\org\apache\ratis\server\leader\LogAppenderDefault.java,137
JDK:java.base:N/A:N/A,MethodCallExpr,java.util.Arrays,stream,C:\Users\tyin363\Documents\repos\apache__ratis\ratis-server\src\main\java\org\apache\ratis\server\raftlog\segmented\CacheInvalidationPolicy.java,118
CLIENT:client-code:N/A:N/A,MethodCallExpr,org.apache.ratis.server.leader.LogAppenderDefault,handleException,C:\Users\tyin363\Documents\repos\apache__ratis\ratis-server\src\main\java\org\apache\ratis\server\leader\LogAppenderDefault.java,97
CLIENT:client-code:N/A:N/A,NameExpr,org.apache.ratis.server.impl.DivisionPropertiesImpl,rpcSleepTime,C:\Users\tyin363\Documents\repos\apache__ratis\ratis-server\src\main\java\org\apache\ratis\server\impl\DivisionPropertiesImpl.java,54
CLIENT:client-code:N/A:N/A,NameExpr,org.apache.ratis.server.impl.FollowerState,stopped,C:\Users\tyin363\Documents\repos\apache__ratis\ratis-server\src\main\java\org\apache\ratis\server\impl\FollowerState.java,132
CLIENT:client-code:N/A:N/A,MethodCallExpr,org.apache.ratis.server.raftlog.segmented.LogSegmentStartEnd,isOpen,C:\Users\tyin363\Documents\repos\apache__ratis\ratis-server\src\main\java\org\apache\ratis\server\raftlog\segmented\LogSegmentStartEnd.java,123
JDK:java.base:N/A:N/A,MethodCallExpr,java.util.regex.Pattern,compile,C:\Users\tyin363\Documents\repos\apache__ratis\ratis-server\src\main\java\org\apache\ratis\server\raftlog\segmented\LogSegmentStartEnd.java,42
CLIENT:client-code:N/A:N/A,NameExpr,org.apache.ratis.server.impl.FollowerState,server,C:\Users\tyin363\Documents\repos\apache__ratis\ratis-server\src\main\java\org\apache\ratis\server\impl\FollowerState.java,109
,MethodCallExpr,org.apache.ratis.proto.RaftProtos.InstallSnapshotRequestProto.SnapshotChunkProto,newBuilder,C:\Users\tyin363\Documents\repos\apache__ratis\ratis-server\src\main\java\org\apache\ratis\server\leader\LeaderProtoUtils.java,40
,MethodCallExpr,org.apache.ratis.util.Daemon.Builder,setName,C:\Users\tyin363\Documents\repos\apache__ratis\ratis-server\src\main\java\org\apache\ratis\server\impl\FollowerState.java,70
CLIENT:client-code:N/A:N/A,NameExpr,org.apache.ratis.server.raftlog.segmented.LogSegmentStartEnd,startIndex,C:\Users\tyin363\Documents\repos\apache__ratis\ratis-server\src\main\java\org\apache\ratis\server\raftlog\segmented\LogSegmentStartEnd.java,137
JDK:java.base:N/A:N/A,ClassOrInterfaceType,java.io.IOException,IOException,C:\Users\tyin363\Documents\repos\apache__ratis\ratis-server\src\main\java\org\apache\ratis\server\raftlog\segmented\SegmentedRaftLogReader.java,66
CLIENT:client-code:N/A:N/A,ClassOrInterfaceType,org.apache.ratis.server.impl.FollowerState.UpdateType,UpdateType,C:\Users\tyin363\Documents\repos\apache__ratis\ratis-server\src\main\java\org\apache\ratis\server\impl\FollowerState.java,77
CLIENT:client-code:N/A:N/A,MethodCallExpr,org.apache.ratis.server.impl.ConfigurationManager,setCurrentConf,C:\Users\tyin363\Documents\repos\apache__ratis\ratis-server\src\main\java\org\apache\ratis\server\impl\ConfigurationManager.java,54
org.apache.ratis:ratis-common:jar:3.1.3,ClassOrInterfaceType,org.apache.ratis.conf.RaftProperties,RaftProperties,C:\Users\tyin363\Documents\repos\apache__ratis\ratis-server\src\main\java\org\apache\ratis\server\impl\PendingRequests.java,221
JDK:java.base:N/A:N/A,ClassOrInterfaceType,java.lang.String,String,C:\Users\tyin363\Documents\repos\apache__ratis\ratis-server\src\main\java\org\apache\ratis\server\raftlog\segmented\LogSegmentStartEnd.java,53
org.slf4j:slf4j-api:jar:2.0.7,ClassOrInterfaceType,org.slf4j.Logger,Logger,C:\Users\tyin363\Documents\repos\apache__ratis\ratis-server\src\main\java\org\apache\ratis\server\raftlog\segmented\SegmentedRaftLogReader.java,50
CLIENT:client-code:N/A:N/A,NameExpr,org.apache.ratis.server.impl.MessageStreamRequests.PendingStream,nextId,C:\Users\tyin363\Documents\repos\apache__ratis\ratis-server\src\main\java\org\apache\ratis\server\impl\MessageStreamRequests.java,52
,MethodCallExpr,org.apache.ratis.proto.RaftProtos.AppendEntriesReplyProto,getFollowerCommit,C:\Users\tyin363\Documents\repos\apache__ratis\ratis-server\src\main\java\org\apache\ratis\server\util\ServerStringUtils.java,71
org.apache.ratis:ratis-server-api:jar:3.1.3,ClassOrInterfaceType,org.apache.ratis.server.RaftServer,RaftServer,C:\Users\tyin363\Documents\repos\apache__ratis\ratis-server\src\main\java\org\apache\ratis\server\leader\LeaderProtoUtils.java,57
CLIENT:client-code:N/A:N/A,NameExpr,org.apache.ratis.server.raftlog.segmented.SegmentedRaftLogInputStream,logFile,C:\Users\tyin363\Documents\repos\apache__ratis\ratis-server\src\main\java\org\apache\ratis\server\raftlog\segmented\SegmentedRaftLogInputStream.java,86
org.apache.ratis:ratis-server-api:jar:3.1.3,NameExpr,org.apache.ratis.server.raftlog.RaftLog,INVALID_LOG_INDEX,C:\Users\tyin363\Documents\repos\apache__ratis\ratis-server\src\main\java\org\apache\ratis\server\raftlog\segmented\SegmentedRaftLogInputStream.java,230
JDK:java.base:N/A:N/A,ClassOrInterfaceType,java.lang.String,String,C:\Users\tyin363\Documents\repos\apache__ratis\ratis-server\src\main\java\org\apache\ratis\server\util\ServerStringUtils.java,75
CLIENT:client-code:N/A:N/A,MethodCallExpr,org.apache.ratis.server.impl.VoteContext,reject,C:\Users\tyin363\Documents\repos\apache__ratis\ratis-server\src\main\java\org\apache\ratis\server\impl\VoteContext.java,76
CLIENT:client-code:N/A:N/A,NameExpr,org.apache.ratis.server.impl.PendingRequests.RequestMap,name,C:\Users\tyin363\Documents\repos\apache__ratis\ratis-server\src\main\java\org\apache\ratis\server\impl\PendingRequests.java,168
CLIENT:client-code:N/A:N/A,NameExpr,org.apache.ratis.server.impl.FollowerState,LOG,C:\Users\tyin363\Documents\repos\apache__ratis\ratis-server\src\main\java\org\apache\ratis\server\impl\FollowerState.java,161
org.apache.ratis:ratis-common:jar:3.1.3,ClassOrInterfaceType,org.apache.ratis.protocol.Message,Message,C:\Users\tyin363\Documents\repos\apache__ratis\ratis-server\src\main\java\org\apache\ratis\server\impl\PendingRequests.java,120
CLIENT:client-code:N/A:N/A,NameExpr,org.apache.ratis.server.raftlog.memory.MemoryRaftLog.EntryList,entries,C:\Users\tyin363\Documents\repos\apache__ratis\ratis-server\src\main\java\org\apache\ratis\server\raftlog\memory\MemoryRaftLog.java,65
CLIENT:client-code:N/A:N/A,NameExpr,org.apache.ratis.server.raftlog.segmented.SegmentedRaftLogReader.LimitedInputStream,curPos,C:\Users\tyin363\Documents\repos\apache__ratis\ratis-server\src\main\java\org\apache\ratis\server\raftlog\segmented\SegmentedRaftLogReader.java,124
JDK:java.base:N/A:N/A,MethodCallExpr,java.util.List,add,C:\Users\tyin363\Documents\repos\apache__ratis\ratis-server\src\main\java\org\apache\ratis\server\raftlog\segmented\CacheInvalidationPolicy.java,82
CLIENT:client-code:N/A:N/A,ClassOrInterfaceType,org.apache.ratis.server.impl.PendingRequests.RequestLimits,RequestLimits,C:\Users\tyin363\Documents\repos\apache__ratis\ratis-server\src\main\java\org\apache\ratis\server\impl\PendingRequests.java,106
,ClassOrInterfaceType,org.apache.ratis.proto.RaftProtos.InstallSnapshotReplyProto,InstallSnapshotReplyProto,C:\Users\tyin363\Documents\repos\apache__ratis\ratis-server\src\main\java\org\apache\ratis\server\util\ServerStringUtils.java,97
org.apache.ratis:ratis-server-api:jar:3.1.3,ClassOrInterfaceType,org.apache.ratis.statemachine.StateMachine,StateMachine,C:\Users\tyin363\Documents\repos\apache__ratis\ratis-server\src\main\java\org\apache\ratis\statemachine\impl\TransactionContextImpl.java,113
JDK:java.base:N/A:N/A,ClassOrInterfaceType,java.io.InterruptedIOException,InterruptedIOException,C:\Users\tyin363\Documents\repos\apache__ratis\ratis-server\src\main\java\org\apache\ratis\server\leader\LogAppenderDefault.java,60
,MethodCallExpr,org.apache.ratis.proto.RaftProtos.LogEntryProto.Builder,build,C:\Users\tyin363\Documents\repos\apache__ratis\ratis-server\src\main\java\org\apache\ratis\server\storage\RaftStorageImpl.java,159
JDK:java.base:N/A:N/A,MethodCallExpr,java.io.FilterInputStream,mark,C:\Users\tyin363\Documents\repos\apache__ratis\ratis-server\src\main\java\org\apache\ratis\server\raftlog\segmented\SegmentedRaftLogReader.java,286
JDK:java.base:N/A:N/A,ClassOrInterfaceType,java.util.function.Function,Function,C:\Users\tyin363\Documents\repos\apache__ratis\ratis-server\src\main\java\org\apache\ratis\server\impl\PendingRequests.java,246
CLIENT:client-code:N/A:N/A,MethodCallExpr,org.apache.ratis.server.raftlog.segmented.SegmentedRaftLogReader,readEntry,C:\Users\tyin363\Documents\repos\apache__ratis\ratis-server\src\main\java\org\apache\ratis\server\raftlog\segmented\SegmentedRaftLogInputStream.java,119
org.apache.ratis:ratis-common:jar:3.1.3,MethodCallExpr,org.apache.ratis.util.TimeDuration,compareTo,C:\Users\tyin363\Documents\repos\apache__ratis\ratis-server\src\main\java\org\apache\ratis\server\impl\DivisionPropertiesImpl.java,35
CLIENT:client-code:N/A:N/A,NameExpr,org.apache.ratis.server.impl.PendingRequests.RequestMap,map,C:\Users\tyin363\Documents\repos\apache__ratis\ratis-server\src\main\java\org\apache\ratis\server\impl\PendingRequests.java,161
org.apache.ratis:ratis-common:jar:3.1.3,MethodCallExpr,org.apache.ratis.util.TimeDuration,compareTo,C:\Users\tyin363\Documents\repos\apache__ratis\ratis-server\src\main\java\org\apache\ratis\server\impl\FollowerState.java,110
CLIENT:client-code:N/A:N/A,MethodCallExpr,org.apache.ratis.server.raftlog.segmented.SegmentedRaftLogReader.LimitedInputStream,getPos,C:\Users\tyin363\Documents\repos\apache__ratis\ratis-server\src\main\java\org\apache\ratis\server\raftlog\segmented\SegmentedRaftLogReader.java,257
CLIENT:client-code:N/A:N/A,FieldAccessExpr,org.apache.ratis.server.raftlog.segmented.SegmentedRaftLogReader,limiter,C:\Users\tyin363\Documents\repos\apache__ratis\ratis-server\src\main\java\org\apache\ratis\server\raftlog\segmented\SegmentedRaftLogReader.java,155
org.apache.ratis:ratis-server-api:jar:3.1.3,MethodCallExpr,org.apache.ratis.server.RaftServerRpc,handleException,C:\Users\tyin363\Documents\repos\apache__ratis\ratis-server\src\main\java\org\apache\ratis\server\leader\LogAppenderDefault.java,213
CLIENT:client-code:N/A:N/A,NameExpr,org.apache.ratis.server.raftlog.memory.MemoryRaftLog.EntryList,entries,C:\Users\tyin363\Documents\repos\apache__ratis\ratis-server\src\main\java\org\apache\ratis\server\raftlog\memory\MemoryRaftLog.java,64
org.apache.ratis:ratis-server-api:jar:3.1.3,ClassOrInterfaceType,org.apache.ratis.server.storage.FileInfo,FileInfo,C:\Users\tyin363\Documents\repos\apache__ratis\ratis-server\src\main\java\org\apache\ratis\statemachine\impl\FileListSnapshotInfo.java,43
org.slf4j:slf4j-api:jar:2.0.7,MethodCallExpr,org.slf4j.Logger,warn,C:\Users\tyin363\Documents\repos\apache__ratis\ratis-server\src\main\java\org\apache\ratis\server\raftlog\segmented\SegmentedRaftLogReader.java,218
org.apache.ratis:ratis-common:jar:3.1.3,MethodCallExpr,org.apache.ratis.rpc.CallId,getAndIncrement,C:\Users\tyin363\Documents\repos\apache__ratis\ratis-server\src\main\java\org\apache\ratis\server\leader\LogAppenderDefault.java,67
,MethodCallExpr,org.apache.ratis.proto.RaftProtos.MessageStreamRequestTypeProto,getStreamId,C:\Users\tyin363\Documents\repos\apache__ratis\ratis-server\src\main\java\org\apache\ratis\server\impl\MessageStreamRequests.java,98
JDK:java.base:N/A:N/A,ClassOrInterfaceType,java.io.IOException,IOException,C:\Users\tyin363\Documents\repos\apache__ratis\ratis-server\src\main\java\org\apache\ratis\server\leader\LogAppenderDefault.java,92
CLIENT:client-code:N/A:N/A,ClassOrInterfaceType,org.apache.ratis.server.raftlog.segmented.LogSegmentStartEnd,LogSegmentStartEnd,C:\Users\tyin363\Documents\repos\apache__ratis\ratis-server\src\main\java\org\apache\ratis\server\raftlog\segmented\LogSegmentStartEnd.java,61
CLIENT:client-code:N/A:N/A,NameExpr,org.apache.ratis.server.impl.MessageStreamRequests.PendingStream,nextId,C:\Users\tyin363\Documents\repos\apache__ratis\ratis-server\src\main\java\org\apache\ratis\server\impl\MessageStreamRequests.java,54
JDK:java.base:N/A:N/A,ClassOrInterfaceType,java.util.concurrent.atomic.AtomicLong,AtomicLong,C:\Users\tyin363\Documents\repos\apache__ratis\ratis-server\src\main\java\org\apache\ratis\server\leader\LogAppenderDefault.java,59
CLIENT:client-code:N/A:N/A,NameExpr,org.apache.ratis.server.impl.PendingRequests,pendingRequests,C:\Users\tyin363\Documents\repos\apache__ratis\ratis-server\src\main\java\org\apache\ratis\server\impl\PendingRequests.java,274
org.apache.ratis:ratis-server-api:jar:3.1.3,ClassOrInterfaceType,org.apache.ratis.server.storage.FileInfo,FileInfo,C:\Users\tyin363\Documents\repos\apache__ratis\ratis-server\src\main\java\org\apache\ratis\server\storage\FileChunkReader.java,38
CLIENT:client-code:N/A:N/A,ObjectCreationExpr,org.apache.ratis.server.impl.PendingRequest,PendingRequest,C:\Users\tyin363\Documents\repos\apache__ratis\ratis-server\src\main\java\org\apache\ratis\server\impl\PendingRequests.java,242
CLIENT:client-code:N/A:N/A,NameExpr,org.apache.ratis.server.raftlog.segmented.SegmentedRaftLogReader,limiter,C:\Users\tyin363\Documents\repos\apache__ratis\ratis-server\src\main\java\org\apache\ratis\server\raftlog\segmented\SegmentedRaftLogReader.java,352
CLIENT:client-code:N/A:N/A,ClassOrInterfaceType,org.apache.ratis.server.raftlog.segmented.SegmentedRaftLogReader,SegmentedRaftLogReader,C:\Users\tyin363\Documents\repos\apache__ratis\ratis-server\src\main\java\org\apache\ratis\server\raftlog\segmented\SegmentedRaftLogInputStream.java,69
org.apache.ratis:ratis-common:jar:3.1.3,ClassOrInterfaceType,org.apache.ratis.protocol.RaftPeer,RaftPeer,C:\Users\tyin363\Documents\repos\apache__ratis\ratis-server\src\main\java\org\apache\ratis\server\impl\ConfigurationManager.java,59
JDK:java.base:N/A:N/A,ClassOrInterfaceType,java.util.function.ToIntFunction,ToIntFunction,C:\Users\tyin363\Documents\repos\apache__ratis\ratis-server\src\main\java\org\apache\ratis\server\impl\FollowerState.java,48
JDK:java.base:N/A:N/A,ClassOrInterfaceType,java.io.IOException,IOException,C:\Users\tyin363\Documents\repos\apache__ratis\ratis-server\src\main\java\org\apache\ratis\server\raftlog\segmented\SegmentedRaftLogReader.java,69
JDK:java.base:N/A:N/A,MethodCallExpr,java.util.List,size,C:\Users\tyin363\Documents\repos\apache__ratis\ratis-server\src\main\java\org\apache\ratis\server\raftlog\memory\MemoryRaftLog.java,215
CLIENT:client-code:N/A:N/A,NameExpr,org.apache.ratis.server.storage.FileChunkReader,info,C:\Users\tyin363\Documents\repos\apache__ratis\ratis-server\src\main\java\org\apache\ratis\server\storage\FileChunkReader.java,91
org.slf4j:slf4j-api:jar:2.0.7,MethodCallExpr,org.slf4j.Logger,info,C:\Users\tyin363\Documents\repos\apache__ratis\ratis-server\src\main\java\org\apache\ratis\server\leader\LogAppenderDefault.java,129
CLIENT:client-code:N/A:N/A,NameExpr,org.apache.ratis.server.impl.VoteContext,impl,C:\Users\tyin363\Documents\repos\apache__ratis\ratis-server\src\main\java\org\apache\ratis\server\impl\VoteContext.java,153
JDK:java.base:N/A:N/A,ClassOrInterfaceType,java.io.InputStream,InputStream,C:\Users\tyin363\Documents\repos\apache__ratis\ratis-server\src\main\java\org\apache\ratis\server\storage\FileChunkReader.java,40
JDK:java.base:N/A:N/A,ClassOrInterfaceType,java.lang.Long,Long,C:\Users\tyin363\Documents\repos\apache__ratis\ratis-server\src\main\java\org\apache\ratis\statemachine\impl\TransactionContextImpl.java,160
,FieldAccessExpr,org.apache.ratis.statemachine.impl.FileListSnapshotInfo,termIndex,C:\Users\tyin363\Documents\repos\apache__ratis\ratis-server\src\main\java\org\apache\ratis\statemachine\impl\FileListSnapshotInfo.java,39
CLIENT:client-code:N/A:N/A,NameExpr,org.apache.ratis.server.storage.FileChunkReader,offset,C:\Users\tyin363\Documents\repos\apache__ratis\ratis-server\src\main\java\org\apache\ratis\server\storage\FileChunkReader.java,81
CLIENT:client-code:N/A:N/A,ClassOrInterfaceType,org.apache.ratis.server.impl.PendingRequests.Acquired,Acquired,C:\Users\tyin363\Documents\repos\apache__ratis\ratis-server\src\main\java\org\apache\ratis\server\impl\PendingRequests.java,84
CLIENT:client-code:N/A:N/A,NameExpr,org.apache.ratis.server.raftlog.segmented.SegmentedRaftLogReader,limiter,C:\Users\tyin363\Documents\repos\apache__ratis\ratis-server\src\main\java\org\apache\ratis\server\raftlog\segmented\SegmentedRaftLogReader.java,351
org.slf4j:slf4j-api:jar:2.0.7,MethodCallExpr,org.slf4j.Logger,error,C:\Users\tyin363\Documents\repos\apache__ratis\ratis-server\src\main\java\org\apache\ratis\server\storage\RaftStorageImpl.java,149
CLIENT:client-code:N/A:N/A,NameExpr,org.apache.ratis.server.raftlog.memory.MemoryRaftLog.EntryList,entries,C:\Users\tyin363\Documents\repos\apache__ratis\ratis-server\src\main\java\org\apache\ratis\server\raftlog\memory\MemoryRaftLog.java,70
CLIENT:client-code:N/A:N/A,ObjectCreationExpr,org.apache.ratis.server.raftlog.segmented.SegmentedRaftLogReader.LimitedInputStream,LimitedInputStream,C:\Users\tyin363\Documents\repos\apache__ratis\ratis-server\src\main\java\org\apache\ratis\server\raftlog\segmented\SegmentedRaftLogReader.java,155
,MethodCallExpr,org.apache.ratis.proto.RaftProtos.InstallSnapshotReplyProto,getTerm,C:\Users\tyin363\Documents\repos\apache__ratis\ratis-server\src\main\java\org\apache\ratis\server\leader\LogAppenderDefault.java,148
CLIENT:client-code:N/A:N/A,NameExpr,org.apache.ratis.server.storage.FileChunkReader,relativePath,C:\Users\tyin363\Documents\repos\apache__ratis\ratis-server\src\main\java\org\apache\ratis\server\storage\FileChunkReader.java,95
CLIENT:client-code:N/A:N/A,MethodCallExpr,org.apache.ratis.server.impl.RaftServerImpl,getMemberId,C:\Users\tyin363\Documents\repos\apache__ratis\ratis-server\src\main\java\org\apache\ratis\server\impl\FollowerState.java,71
,MethodCallExpr,org.apache.ratis.util.ResourceSemaphore.Group,close,C:\Users\tyin363\Documents\repos\apache__ratis\ratis-server\src\main\java\org\apache\ratis\server\impl\PendingRequests.java,190
org.apache.ratis:ratis-common:jar:3.1.3,MethodCallExpr,org.apache.ratis.util.ProtoUtils,toString,C:\Users\tyin363\Documents\repos\apache__ratis\ratis-server\src\main\java\org\apache\ratis\server\util\ServerStringUtils.java,112
JDK:java.base:N/A:N/A,MethodCallExpr,java.lang.Math,min,C:\Users\tyin363\Documents\repos\apache__ratis\ratis-server\src\main\java\org\apache\ratis\server\raftlog\segmented\CacheInvalidationPolicy.java,102
CLIENT:client-code:N/A:N/A,MethodCallExpr,org.apache.ratis.server.leader.LogAppenderBase,getLeaderState,C:\Users\tyin363\Documents\repos\apache__ratis\ratis-server\src\main\java\org\apache\ratis\server\leader\LogAppenderDefault.java,172
CLIENT:client-code:N/A:N/A,ObjectCreationExpr,org.apache.ratis.server.impl.PendingRequest,PendingRequest,C:\Users\tyin363\Documents\repos\apache__ratis\ratis-server\src\main\java\org\apache\ratis\server\impl\PendingRequests.java,236
CLIENT:client-code:N/A:N/A,NameExpr,org.apache.ratis.server.impl.MessageStreamRequests.PendingStream,key,C:\Users\tyin363\Documents\repos\apache__ratis\ratis-server\src\main\java\org\apache\ratis\server\impl\MessageStreamRequests.java,52
org.apache.ratis:ratis-server-api:jar:3.1.3,MethodCallExpr,org.apache.ratis.server.protocol.TermIndex,getIndex,C:\Users\tyin363\Documents\repos\apache__ratis\ratis-server\src\main\java\org\apache\ratis\server\leader\LogAppenderDefault.java,128
CLIENT:client-code:N/A:N/A,FieldAccessExpr,org.apache.ratis.server.impl.DataStreamMapImpl,name,C:\Users\tyin363\Documents\repos\apache__ratis\ratis-server\src\main\java\org\apache\ratis\server\impl\DataStreamMapImpl.java,39
org.apache.ratis:ratis-common:jar:3.1.3,ClassOrInterfaceType,org.apache.ratis.protocol.RaftPeerId,RaftPeerId,C:\Users\tyin363\Documents\repos\apache__ratis\ratis-server\src\main\java\org\apache\ratis\server\impl\VoteContext.java,103
CLIENT:client-code:N/A:N/A,MethodCallExpr,org.apache.ratis.server.raftlog.segmented.SegmentedRaftLogReader,getPos,C:\Users\tyin363\Documents\repos\apache__ratis\ratis-server\src\main\java\org\apache\ratis\server\raftlog\segmented\SegmentedRaftLogInputStream.java,150
JDK:java.base:N/A:N/A,MethodCallExpr,java.util.concurrent.CompletableFuture,completedFuture,C:\Users\tyin363\Documents\repos\apache__ratis\ratis-server\src\main\java\org\apache\ratis\server\raftlog\memory\MemoryRaftLog.java,245
org.apache.ratis:ratis-server-api:jar:3.1.3,NameExpr,org.apache.ratis.server.storage.RaftStorage,LOG,C:\Users\tyin363\Documents\repos\apache__ratis\ratis-server\src\main\java\org\apache\ratis\server\storage\RaftStorageImpl.java,149
org.apache.ratis:ratis-server-api:jar:3.1.3,ClassOrInterfaceType,org.apache.ratis.server.protocol.TermIndex,TermIndex,C:\Users\tyin363\Documents\repos\apache__ratis\ratis-server\src\main\java\org\apache\ratis\server\impl\VoteContext.java,136
,FieldAccessExpr,org.apache.ratis.statemachine.impl.TransactionContextImpl,stateMachineContext,C:\Users\tyin363\Documents\repos\apache__ratis\ratis-server\src\main\java\org\apache\ratis\statemachine\impl\TransactionContextImpl.java,96
CLIENT:client-code:N/A:N/A,NameExpr,org.apache.ratis.server.raftlog.segmented.LogSegmentStartEnd,endIndex,C:\Users\tyin363\Documents\repos\apache__ratis\ratis-server\src\main\java\org\apache\ratis\server\raftlog\segmented\LogSegmentStartEnd.java,137
JDK:java.base:N/A:N/A,MethodCallExpr,java.lang.Throwable,getMessage,C:\Users\tyin363\Documents\repos\apache__ratis\ratis-server\src\main\java\org\apache\ratis\server\raftlog\segmented\SegmentedRaftLogReader.java,231
CLIENT:client-code:N/A:N/A,MethodCallExpr,org.apache.ratis.server.raftlog.segmented.SegmentedRaftLogInputStream,init,C:\Users\tyin363\Documents\repos\apache__ratis\ratis-server\src\main\java\org\apache\ratis\server\raftlog\segmented\SegmentedRaftLogInputStream.java,106
org.apache.ratis:ratis-server-api:jar:3.1.3,ClassOrInterfaceType,org.apache.ratis.statemachine.TransactionContext,TransactionContext,C:\Users\tyin363\Documents\repos\apache__ratis\ratis-server\src\main\java\org\apache\ratis\server\impl\PendingRequests.java,266
CLIENT:client-code:N/A:N/A,ClassOrInterfaceType,org.apache.ratis.server.impl.VoteContext,VoteContext,C:\Users\tyin363\Documents\repos\apache__ratis\ratis-server\src\main\java\org\apache\ratis\server\impl\VoteContext.java,30
JDK:java.base:N/A:N/A,MethodCallExpr,java.util.Map,size,C:\Users\tyin363\Documents\repos\apache__ratis\ratis-server\src\main\java\org\apache\ratis\server\impl\PendingRequests.java,195
,ClassOrInterfaceType,org.apache.ratis.proto.RaftProtos.InstallSnapshotReplyProto,InstallSnapshotReplyProto,C:\Users\tyin363\Documents\repos\apache__ratis\ratis-server\src\main\java\org\apache\ratis\server\leader\LogAppenderDefault.java,144
org.apache.ratis:ratis-server-api:jar:3.1.3,ClassOrInterfaceType,org.apache.ratis.server.protocol.TermIndex,TermIndex,C:\Users\tyin363\Documents\repos\apache__ratis\ratis-server\src\main\java\org\apache\ratis\server\impl\PendingRequests.java,197
CLIENT:client-code:N/A:N/A,NameExpr,org.apache.ratis.server.raftlog.segmented.SegmentedRaftLogReader,in,C:\Users\tyin363\Documents\repos\apache__ratis\ratis-server\src\main\java\org\apache\ratis\server\raftlog\segmented\SegmentedRaftLogReader.java,268
CLIENT:client-code:N/A:N/A,MethodCallExpr,org.apache.ratis.server.raftlog.segmented.SegmentedRaftLogReader,verifyTerminator,C:\Users\tyin363\Documents\repos\apache__ratis\ratis-server\src\main\java\org\apache\ratis\server\raftlog\segmented\SegmentedRaftLogReader.java,299
CLIENT:client-code:N/A:N/A,NameExpr,org.apache.ratis.server.raftlog.segmented.SegmentedRaftLogInputStream,reader,C:\Users\tyin363\Documents\repos\apache__ratis\ratis-server\src\main\java\org\apache\ratis\server\raftlog\segmented\SegmentedRaftLogInputStream.java,119
JDK:java.base:N/A:N/A,ClassOrInterfaceType,java.lang.String,String,C:\Users\tyin363\Documents\repos\apache__ratis\ratis-server\src\main\java\org\apache\ratis\server\leader\LeaderProtoUtils.java,38
org.apache.ratis:ratis-common:jar:3.1.3,ClassOrInterfaceType,org.apache.ratis.protocol.RaftPeerId,RaftPeerId,C:\Users\tyin363\Documents\repos\apache__ratis\ratis-server\src\main\java\org\apache\ratis\server\leader\LeaderProtoUtils.java,57
JDK:java.base:N/A:N/A,ClassOrInterfaceType,java.util.concurrent.CompletableFuture,CompletableFuture,C:\Users\tyin363\Documents\repos\apache__ratis\ratis-server\src\main\java\org\apache\ratis\server\impl\DataStreamMapImpl.java,43
CLIENT:client-code:N/A:N/A,NameExpr,org.apache.ratis.server.impl.FollowerState,server,C:\Users\tyin363\Documents\repos\apache__ratis\ratis-server\src\main\java\org\apache\ratis\server\impl\FollowerState.java,119
org.apache.ratis:ratis-server-api:jar:3.1.3,ClassOrInterfaceType,org.apache.ratis.statemachine.TransactionContext,TransactionContext,C:\Users\tyin363\Documents\repos\apache__ratis\ratis-server\src\main\java\org\apache\ratis\server\raftlog\memory\MemoryRaftLog.java,169
CLIENT:client-code:N/A:N/A,NameExpr,org.apache.ratis.server.raftlog.segmented.SegmentedRaftLogReader.LimitedInputStream,curPos,C:\Users\tyin363\Documents\repos\apache__ratis\ratis-server\src\main\java\org\apache\ratis\server\raftlog\segmented\SegmentedRaftLogReader.java,129
org.apache.ratis:ratis-server-api:jar:3.1.3,ClassOrInterfaceType,org.apache.ratis.server.RaftServer,RaftServer,C:\Users\tyin363\Documents\repos\apache__ratis\ratis-server\src\main\java\org\apache\ratis\server\leader\LeaderProtoUtils.java,64
CLIENT:client-code:N/A:N/A,ClassOrInterfaceType,org.apache.ratis.server.metrics.SegmentedRaftLogMetrics,SegmentedRaftLogMetrics,C:\Users\tyin363\Documents\repos\apache__ratis\ratis-server\src\main\java\org\apache\ratis\server\raftlog\segmented\SegmentedRaftLogReader.java,153
JDK:java.base:N/A:N/A,ObjectCreationExpr,java.util.HashMap,HashMap,C:\Users\tyin363\Documents\repos\apache__ratis\ratis-server\src\main\java\org\apache\ratis\server\impl\PendingRequests.java,104
CLIENT:client-code:N/A:N/A,MethodCallExpr,org.apache.ratis.server.metrics.RaftServerMetricsImpl,removeNumPendingRequestsByteSize,C:\Users\tyin363\Documents\repos\apache__ratis\ratis-server\src\main\java\org\apache\ratis\server\impl\PendingRequests.java,212
org.apache.ratis:ratis-metrics-api:jar:3.1.3,NameExpr,org.apache.ratis.metrics.RatisMetrics,RATIS_APPLICATION_NAME_METRICS,C:\Users\tyin363\Documents\repos\apache__ratis\ratis-server\src\main\java\org\apache\ratis\server\metrics\RaftLogMetricsBase.java,47
JDK:java.base:N/A:N/A,ClassOrInterfaceType,java.io.IOException,IOException,C:\Users\tyin363\Documents\repos\apache__ratis\ratis-server\src\main\java\org\apache\ratis\server\raftlog\memory\MemoryRaftLog.java,92
JDK:java.base:N/A:N/A,ClassOrInterfaceType,java.io.IOException,IOException,C:\Users\tyin363\Documents\repos\apache__ratis\ratis-server\src\main\java\org\apache\ratis\server\storage\FileChunkReader.java,67
org.slf4j:slf4j-api:jar:2.0.7,MethodCallExpr,org.slf4j.Logger,warn,C:\Users\tyin363\Documents\repos\apache__ratis\ratis-server\src\main\java\org\apache\ratis\server\raftlog\segmented\SegmentedRaftLogInputStream.java,214
org.apache.ratis:ratis-common:jar:3.1.3,ClassOrInterfaceType,org.apache.ratis.util.TimeDuration,TimeDuration,C:\Users\tyin363\Documents\repos\apache__ratis\ratis-server\src\main\java\org\apache\ratis\server\impl\FollowerState.java,109
JDK:java.base:N/A:N/A,MethodCallExpr,java.util.function.Function,apply,C:\Users\tyin363\Documents\repos\apache__ratis\ratis-server\src\main\java\org\apache\ratis\server\impl\PendingRequests.java,255
CLIENT:client-code:N/A:N/A,NameExpr,org.apache.ratis.server.storage.FileChunkReader,offset,C:\Users\tyin363\Documents\repos\apache__ratis\ratis-server\src\main\java\org\apache\ratis\server\storage\FileChunkReader.java,85
JDK:java.base:N/A:N/A,MethodCallExpr,java.nio.file.Path,toFile,C:\Users\tyin363\Documents\repos\apache__ratis\ratis-server\src\main\java\org\apache\ratis\server\storage\FileChunkReader.java,57
CLIENT:client-code:N/A:N/A,NameExpr,org.apache.ratis.server.raftlog.memory.MemoryRaftLog,entries,C:\Users\tyin363\Documents\repos\apache__ratis\ratis-server\src\main\java\org\apache\ratis\server\raftlog\memory\MemoryRaftLog.java,106
,MethodCallExpr,org.apache.ratis.proto.RaftProtos.MessageStreamRequestTypeProto,getMessageId,C:\Users\tyin363\Documents\repos\apache__ratis\ratis-server\src\main\java\org\apache\ratis\server\impl\MessageStreamRequests.java,92
JDK:java.base:N/A:N/A,MethodCallExpr,java.io.Closeable,close,C:\Users\tyin363\Documents\repos\apache__ratis\ratis-server\src\main\java\org\apache\ratis\server\impl\DataStreamServerImpl.java,49
JDK:java.base:N/A:N/A,MethodCallExpr,java.util.concurrent.atomic.AtomicLong,getAndAdd,C:\Users\tyin363\Documents\repos\apache__ratis\ratis-server\src\main\java\org\apache\ratis\server\impl\PendingRequests.java,136
CLIENT:client-code:N/A:N/A,ClassOrInterfaceType,org.apache.ratis.server.impl.PendingRequest,PendingRequest,C:\Users\tyin363\Documents\repos\apache__ratis\ratis-server\src\main\java\org\apache\ratis\server\impl\PendingRequests.java,274
JDK:java.base:N/A:N/A,ObjectCreationExpr,java.lang.IllegalStateException,IllegalStateException,C:\Users\tyin363\Documents\repos\apache__ratis\ratis-server\src\main\java\org\apache\ratis\server\util\ServerStringUtils.java,90
CLIENT:client-code:N/A:N/A,NameExpr,org.apache.ratis.server.metrics.RaftLogMetricsBase,CONFIG_LOG_ENTRY_COUNT,C:\Users\tyin363\Documents\repos\apache__ratis\ratis-server\src\main\java\org\apache\ratis\server\metrics\RaftLogMetricsBase.java,37
JDK:java.base:N/A:N/A,MethodCallExpr,java.util.Optional,ofNullable,C:\Users\tyin363\Documents\repos\apache__ratis\ratis-server\src\main\java\org\apache\ratis\server\raftlog\segmented\SegmentedRaftLogReader.java,208
CLIENT:client-code:N/A:N/A,MethodCallExpr,org.apache.ratis.server.impl.MessageStreamRequests.PendingStream,append,C:\Users\tyin363\Documents\repos\apache__ratis\ratis-server\src\main\java\org\apache\ratis\server\impl\MessageStreamRequests.java,92
CLIENT:client-code:N/A:N/A,NameExpr,org.apache.ratis.server.raftlog.segmented.SegmentedRaftLogReader,limiter,C:\Users\tyin363\Documents\repos\apache__ratis\ratis-server\src\main\java\org\apache\ratis\server\raftlog\segmented\SegmentedRaftLogReader.java,347
CLIENT:client-code:N/A:N/A,MethodCallExpr,org.apache.ratis.server.impl.PendingRequests,roundUpMb,C:\Users\tyin363\Documents\repos\apache__ratis\ratis-server\src\main\java\org\apache\ratis\server\impl\PendingRequests.java,122
JDK:java.base:N/A:N/A,ClassOrInterfaceType,java.lang.Object,Object,C:\Users\tyin363\Documents\repos\apache__ratis\ratis-server\src\main\java\org\apache\ratis\statemachine\impl\TransactionContextImpl.java,93
JDK:java.base:N/A:N/A,MethodCallExpr,java.util.Objects,requireNonNull,C:\Users\tyin363\Documents\repos\apache__ratis\ratis-server\src\main\java\org\apache\ratis\statemachine\impl\TransactionContextImpl.java,154
CLIENT:client-code:N/A:N/A,NameExpr,org.apache.ratis.server.raftlog.segmented.LogSegmentStartEnd,LOG_FILE_NAME_PREFIX,C:\Users\tyin363\Documents\repos\apache__ratis\ratis-server\src\main\java\org\apache\ratis\server\raftlog\segmented\LogSegmentStartEnd.java,41
CLIENT:client-code:N/A:N/A,MethodCallExpr,org.apache.ratis.server.leader.LeaderProtoUtils,toInstallSnapshotRequestProtoBuilder,C:\Users\tyin363\Documents\repos\apache__ratis\ratis-server\src\main\java\org\apache\ratis\server\leader\LeaderProtoUtils.java,58
,ClassOrInterfaceType,org.apache.ratis.proto.RaftProtos.StateMachineLogEntryProto,StateMachineLogEntryProto,C:\Users\tyin363\Documents\repos\apache__ratis\ratis-server\src\main\java\org\apache\ratis\statemachine\impl\TransactionContextImpl.java,92
,ClassOrInterfaceType,org.apache.ratis.proto.RaftProtos.InstallSnapshotReplyProto,InstallSnapshotReplyProto,C:\Users\tyin363\Documents\repos\apache__ratis\ratis-server\src\main\java\org\apache\ratis\server\leader\LogAppenderDefault.java,108
JDK:java.base:N/A:N/A,ClassOrInterfaceType,java.net.InetSocketAddress,InetSocketAddress,C:\Users\tyin363\Documents\repos\apache__ratis\ratis-server\src\main\java\org\apache\ratis\server\DisabledDataStreamServerFactory.java,38
JDK:java.base:N/A:N/A,MethodCallExpr,java.io.FilterInputStream,read,C:\Users\tyin363\Documents\repos\apache__ratis\ratis-server\src\main\java\org\apache\ratis\server\raftlog\segmented\SegmentedRaftLogReader.java,77
org.apache.ratis:ratis-server-api:jar:3.1.3,MethodCallExpr,org.apache.ratis.server.storage.RaftStorage,getStorageDir,C:\Users\tyin363\Documents\repos\apache__ratis\ratis-server\src\main\java\org\apache\ratis\server\raftlog\segmented\LogSegmentStartEnd.java,107
org.apache.ratis:ratis-common:jar:3.1.3,ObjectCreationExpr,org.apache.ratis.protocol.exceptions.StreamException,StreamException,C:\Users\tyin363\Documents\repos\apache__ratis\ratis-server\src\main\java\org\apache\ratis\server\impl\MessageStreamRequests.java,102
org.apache.ratis:ratis-common:jar:3.1.3,FieldAccessExpr,org.apache.ratis.util.SizeInBytes,ONE_MB,C:\Users\tyin363\Documents\repos\apache__ratis\ratis-server\src\main\java\org\apache\ratis\server\impl\PendingRequests.java,227
CLIENT:client-code:N/A:N/A,NameExpr,org.apache.ratis.server.impl.ConfigurationManager,configurations,C:\Users\tyin363\Documents\repos\apache__ratis\ratis-server\src\main\java\org\apache\ratis\server\impl\ConfigurationManager.java,67
org.slf4j:slf4j-api:jar:2.0.7,MethodCallExpr,org.slf4j.Logger,info,C:\Users\tyin363\Documents\repos\apache__ratis\ratis-server\src\main\java\org\apache\ratis\server\impl\PendingRequests.java,287
org.apache.ratis:ratis-common:jar:3.1.3,MethodCallExpr,org.apache.ratis.util.OpenCloseState,isUnopened,C:\Users\tyin363\Documents\repos\apache__ratis\ratis-server\src\main\java\org\apache\ratis\server\raftlog\segmented\SegmentedRaftLogInputStream.java,117
org.apache.ratis:ratis-server-api:jar:3.1.3,ClassOrInterfaceType,org.apache.ratis.server.storage.FileInfo,FileInfo,C:\Users\tyin363\Documents\repos\apache__ratis\ratis-server\src\main\java\org\apache\ratis\statemachine\impl\FileListSnapshotInfo.java,53
org.apache.ratis:ratis-common:jar:3.1.3,ClassOrInterfaceType,org.apache.ratis.protocol.RaftGroupMemberId,RaftGroupMemberId,C:\Users\tyin363\Documents\repos\apache__ratis\ratis-server\src\main\java\org\apache\ratis\server\metrics\RaftLogMetricsBase.java,45
CLIENT:client-code:N/A:N/A,ClassOrInterfaceType,org.apache.ratis.server.metrics.RaftServerMetricsImpl,RaftServerMetricsImpl,C:\Users\tyin363\Documents\repos\apache__ratis\ratis-server\src\main\java\org\apache\ratis\server\impl\PendingRequests.java,221
CLIENT:client-code:N/A:N/A,MethodCallExpr,org.apache.ratis.server.raftlog.RaftLogBase,checkLogState,C:\Users\tyin363\Documents\repos\apache__ratis\ratis-server\src\main\java\org\apache\ratis\server\raftlog\memory\MemoryRaftLog.java,125
CLIENT:client-code:N/A:N/A,MethodCallExpr,org.apache.ratis.server.raftlog.RaftLogBase,readLock,C:\Users\tyin363\Documents\repos\apache__ratis\ratis-server\src\main\java\org\apache\ratis\server\raftlog\memory\MemoryRaftLog.java,126
CLIENT:client-code:N/A:N/A,NameExpr,org.apache.ratis.server.impl.VoteContext,impl,C:\Users\tyin363\Documents\repos\apache__ratis\ratis-server\src\main\java\org\apache\ratis\server\impl\VoteContext.java,94
,MethodCallExpr,org.apache.ratis.proto.RaftProtos.AppendEntriesReplyProto,getTerm,C:\Users\tyin363\Documents\repos\apache__ratis\ratis-server\src\main\java\org\apache\ratis\server\leader\LogAppenderDefault.java,197
CLIENT:client-code:N/A:N/A,NameExpr,org.apache.ratis.server.impl.FollowerState,outstandingOp,C:\Users\tyin363\Documents\repos\apache__ratis\ratis-server\src\main\java\org\apache\ratis\server\impl\FollowerState.java,137
,ClassOrInterfaceType,org.apache.ratis.proto.RaftProtos.AppendEntriesRequestProto,AppendEntriesRequestProto,C:\Users\tyin363\Documents\repos\apache__ratis\ratis-server\src\main\java\org\apache\ratis\server\leader\LogAppenderDefault.java,81
CLIENT:client-code:N/A:N/A,NameExpr,org.apache.ratis.server.impl.FollowerState,isRunning,C:\Users\tyin363\Documents\repos\apache__ratis\ratis-server\src\main\java\org\apache\ratis\server\impl\FollowerState.java,122
CLIENT:client-code:N/A:N/A,NameExpr,org.apache.ratis.server.raftlog.segmented.SegmentedRaftLogInputStream,reader,C:\Users\tyin363\Documents\repos\apache__ratis\ratis-server\src\main\java\org\apache\ratis\server\raftlog\segmented\SegmentedRaftLogInputStream.java,145
org.slf4j:slf4j-api:jar:2.0.7,MethodCallExpr,org.slf4j.LoggerFactory,getLogger,C:\Users\tyin363\Documents\repos\apache__ratis\ratis-server\src\main\java\org\apache\ratis\server\raftlog\segmented\SegmentedRaftLogReader.java,50
CLIENT:client-code:N/A:N/A,NameExpr,org.apache.ratis.server.raftlog.segmented.SegmentedRaftLogReader,in,C:\Users\tyin363\Documents\repos\apache__ratis\ratis-server\src\main\java\org\apache\ratis\server\raftlog\segmented\SegmentedRaftLogReader.java,214
org.apache.ratis:ratis-server-api:jar:3.1.3,MethodCallExpr,org.apache.ratis.server.leader.FollowerInfo,updateMatchIndex,C:\Users\tyin363\Documents\repos\apache__ratis\ratis-server\src\main\java\org\apache\ratis\server\leader\LogAppenderDefault.java,190
JDK:java.base:N/A:N/A,ClassOrInterfaceType,java.lang.Exception,Exception,C:\Users\tyin363\Documents\repos\apache__ratis\ratis-server\src\main\java\org\apache\ratis\server\raftlog\segmented\SegmentedRaftLogInputStream.java,107
CLIENT:client-code:N/A:N/A,MethodCallExpr,org.apache.ratis.server.raftlog.memory.MemoryRaftLog.EntryList,size,C:\Users\tyin363\Documents\repos\apache__ratis\ratis-server\src\main\java\org\apache\ratis\server\raftlog\memory\MemoryRaftLog.java,164
CLIENT:client-code:N/A:N/A,NameExpr,org.apache.ratis.server.impl.PendingRequests,LOG,C:\Users\tyin363\Documents\repos\apache__ratis\ratis-server\src\main\java\org\apache\ratis\server\impl\PendingRequests.java,183
CLIENT:client-code:N/A:N/A,ClassOrInterfaceType,org.apache.ratis.server.raftlog.segmented.LogSegmentStartEnd,LogSegmentStartEnd,C:\Users\tyin363\Documents\repos\apache__ratis\ratis-server\src\main\java\org\apache\ratis\server\raftlog\segmented\LogSegmentStartEnd.java,33
CLIENT:client-code:N/A:N/A,MethodCallExpr,org.apache.ratis.server.storage.FileChunkReader,readFileChunk,C:\Users\tyin363\Documents\repos\apache__ratis\ratis-server\src\main\java\org\apache\ratis\server\storage\FileChunkReader.java,83
CLIENT:client-code:N/A:N/A,ClassOrInterfaceType,org.apache.ratis.server.raftlog.segmented.SegmentedRaftLogReader.LimitedInputStream,LimitedInputStream,C:\Users\tyin363\Documents\repos\apache__ratis\ratis-server\src\main\java\org\apache\ratis\server\raftlog\segmented\SegmentedRaftLogReader.java,146
JDK:java.base:N/A:N/A,ClassOrInterfaceType,java.io.IOException,IOException,C:\Users\tyin363\Documents\repos\apache__ratis\ratis-server\src\main\java\org\apache\ratis\server\storage\RaftStorageImpl.java,101
CLIENT:client-code:N/A:N/A,MethodCallExpr,org.apache.ratis.server.RaftServerConfigKeys.Write,elementLimit,C:\Users\tyin363\Documents\repos\apache__ratis\ratis-server\src\main\java\org\apache\ratis\server\impl\PendingRequests.java,224
org.apache.ratis:ratis-server-api:jar:3.1.3,MethodCallExpr,org.apache.ratis.server.raftlog.RaftLog,getStartIndex,C:\Users\tyin363\Documents\repos\apache__ratis\ratis-server\src\main\java\org\apache\ratis\server\leader\LogAppenderDefault.java,142
,ClassOrInterfaceType,org.apache.ratis.proto.RaftProtos.InstallSnapshotReplyProto,InstallSnapshotReplyProto,C:\Users\tyin363\Documents\repos\apache__ratis\ratis-server\src\main\java\org\apache\ratis\server\leader\LogAppenderDefault.java,106
org.apache.ratis:ratis-common:jar:3.1.3,MethodCallExpr,org.apache.ratis.util.IOUtils,readFully,C:\Users\tyin363\Documents\repos\apache__ratis\ratis-server\src\main\java\org\apache\ratis\server\storage\FileChunkReader.java,69
org.apache.ratis:ratis-server-api:jar:3.1.3,MethodCallExpr,org.apache.ratis.statemachine.StateMachine,preAppendTransaction,C:\Users\tyin363\Documents\repos\apache__ratis\ratis-server\src\main\java\org\apache\ratis\statemachine\impl\TransactionContextImpl.java,189
CLIENT:client-code:N/A:N/A,NameExpr,org.apache.ratis.server.storage.RaftStorageImpl,storageDir,C:\Users\tyin363\Documents\repos\apache__ratis\ratis-server\src\main\java\org\apache\ratis\server\storage\RaftStorageImpl.java,113
CLIENT:client-code:N/A:N/A,MethodCallExpr,org.apache.ratis.server.impl.PendingRequest,getTermIndex,C:\Users\tyin363\Documents\repos\apache__ratis\ratis-server\src\main\java\org\apache\ratis\server\impl\PendingRequests.java,276
CLIENT:client-code:N/A:N/A,ClassOrInterfaceType,org.apache.ratis.server.raftlog.segmented.SegmentedRaftLogInputStream,SegmentedRaftLogInputStream,C:\Users\tyin363\Documents\repos\apache__ratis\ratis-server\src\main\java\org\apache\ratis\server\raftlog\segmented\SegmentedRaftLogInputStream.java,179
org.apache.ratis:ratis-server-api:jar:3.1.3,MethodCallExpr,org.apache.ratis.server.storage.RaftStorageMetadata,getDefault,C:\Users\tyin363\Documents\repos\apache__ratis\ratis-server\src\main\java\org\apache\ratis\server\raftlog\memory\MemoryRaftLog.java,81
CLIENT:client-code:N/A:N/A,NameExpr,org.apache.ratis.server.impl.VoteContext,impl,C:\Users\tyin363\Documents\repos\apache__ratis\ratis-server\src\main\java\org\apache\ratis\server\impl\VoteContext.java,96
CLIENT:client-code:N/A:N/A,NameExpr,org.apache.ratis.server.raftlog.segmented.SegmentedRaftLogInputStream,LOG,C:\Users\tyin363\Documents\repos\apache__ratis\ratis-server\src\main\java\org\apache\ratis\server\raftlog\segmented\SegmentedRaftLogInputStream.java,130
,ClassOrInterfaceType,org.apache.ratis.proto.RaftProtos.FileChunkProto,FileChunkProto,C:\Users\tyin363\Documents\repos\apache__ratis\ratis-server\src\main\java\org\apache\ratis\server\storage\FileChunkReader.java,80
CLIENT:client-code:N/A:N/A,NameExpr,org.apache.ratis.server.raftlog.segmented.SegmentedRaftLogReader,temp,C:\Users\tyin363\Documents\repos\apache__ratis\ratis-server\src\main\java\org\apache\ratis\server\raftlog\segmented\SegmentedRaftLogReader.java,267
JDK:java.base:N/A:N/A,MethodCallExpr,java.util.Map,size,C:\Users\tyin363\Documents\repos\apache__ratis\ratis-server\src\main\java\org\apache\ratis\server\impl\ConfigurationManager.java,107
CLIENT:client-code:N/A:N/A,MethodCallExpr,org.apache.ratis.server.RaftServerConfigKeys.Rpc,timeoutMin,C:\Users\tyin363\Documents\repos\apache__ratis\ratis-server\src\main\java\org\apache\ratis\server\impl\DivisionPropertiesImpl.java,33
org.apache.ratis:ratis-thirdparty-misc:jar:1.0.9,MethodCallExpr,org.apache.ratis.thirdparty.com.google.common.cache.CacheBuilder,expireAfterAccess,C:\Users\tyin363\Documents\repos\apache__ratis\ratis-server\src\main\java\org\apache\ratis\server\impl\WriteIndexCache.java,44
CLIENT:client-code:N/A:N/A,NameExpr,org.apache.ratis.server.impl.FollowerState,isRunning,C:\Users\tyin363\Documents\repos\apache__ratis\ratis-server\src\main\java\org\apache\ratis\server\impl\FollowerState.java,120
CLIENT:client-code:N/A:N/A,NameExpr,org.apache.ratis.server.raftlog.segmented.SegmentedRaftLogReader,limiter,C:\Users\tyin363\Documents\repos\apache__ratis\ratis-server\src\main\java\org\apache\ratis\server\raftlog\segmented\SegmentedRaftLogReader.java,327
,MethodCallExpr,org.apache.ratis.RaftConfigKeys.DataStream,type,C:\Users\tyin363\Documents\repos\apache__ratis\ratis-server\src\main\java\org\apache\ratis\server\impl\DataStreamServerImpl.java,38
org.apache.ratis:ratis-server-api:jar:3.1.3,NameExpr,org.apache.ratis.server.leader.LogAppender,LOG,C:\Users\tyin363\Documents\repos\apache__ratis\ratis-server\src\main\java\org\apache\ratis\server\leader\LogAppenderDefault.java,122
org.apache.ratis:ratis-common:jar:3.1.3,ClassOrInterfaceType,org.apache.ratis.protocol.RaftPeer,RaftPeer,C:\Users\tyin363\Documents\repos\apache__ratis\ratis-server\src\main\java\org\apache\ratis\server\impl\VoteContext.java,55
CLIENT:client-code:N/A:N/A,ClassOrInterfaceType,org.apache.ratis.server.raftlog.segmented.SegmentedRaftLogInputStream.LogValidation,LogValidation,C:\Users\tyin363\Documents\repos\apache__ratis\ratis-server\src\main\java\org\apache\ratis\server\raftlog\segmented\SegmentedRaftLogInputStream.java,184
JDK:java.base:N/A:N/A,MethodCallExpr,java.nio.file.Path,toString,C:\Users\tyin363\Documents\repos\apache__ratis\ratis-server\src\main\java\org\apache\ratis\server\storage\FileChunkReader.java,95
JDK:java.base:N/A:N/A,ClassOrInterfaceType,java.io.IOException,IOException,C:\Users\tyin363\Documents\repos\apache__ratis\ratis-server\src\main\java\org\apache\ratis\server\raftlog\segmented\SegmentedRaftLogInputStream.java,103
org.apache.ratis:ratis-thirdparty-misc:jar:1.0.9,MethodCallExpr,org.apache.ratis.thirdparty.com.google.protobuf.CodedInputStream,newInstance,C:\Users\tyin363\Documents\repos\apache__ratis\ratis-server\src\main\java\org\apache\ratis\server\raftlog\segmented\SegmentedRaftLogReader.java,332
JDK:java.base:N/A:N/A,ClassOrInterfaceType,java.lang.String,String,C:\Users\tyin363\Documents\repos\apache__ratis\ratis-server\src\main\java\org\apache\ratis\server\impl\DataStreamMapImpl.java,35
JDK:java.base:N/A:N/A,MethodCallExpr,java.util.concurrent.CompletableFuture,completedFuture,C:\Users\tyin363\Documents\repos\apache__ratis\ratis-server\src\main\java\org\apache\ratis\server\raftlog\memory\MemoryRaftLog.java,218
,MethodCallExpr,org.apache.ratis.proto.RaftProtos.InstallSnapshotReplyProto,getResult,C:\Users\tyin363\Documents\repos\apache__ratis\ratis-server\src\main\java\org\apache\ratis\server\leader\LogAppenderDefault.java,146
,ClassOrInterfaceType,org.apache.ratis.proto.RaftProtos.RaftPeerRole,RaftPeerRole,C:\Users\tyin363\Documents\repos\apache__ratis\ratis-server\src\main\java\org\apache\ratis\statemachine\impl\TransactionContextImpl.java,41
JDK:java.base:N/A:N/A,ClassOrInterfaceType,java.lang.Object,Object,C:\Users\tyin363\Documents\repos\apache__ratis\ratis-server\src\main\java\org\apache\ratis\server\impl\MessageStreamRequests.java,83
CLIENT:client-code:N/A:N/A,MethodCallExpr,org.apache.ratis.server.raftlog.segmented.SegmentedRaftLogInputStream,init,C:\Users\tyin363\Documents\repos\apache__ratis\ratis-server\src\main\java\org\apache\ratis\server\raftlog\segmented\SegmentedRaftLogInputStream.java,181
JDK:java.base:N/A:N/A,ObjectCreationExpr,java.util.ArrayList,ArrayList,C:\Users\tyin363\Documents\repos\apache__ratis\ratis-server\src\main\java\org\apache\ratis\server\raftlog\memory\MemoryRaftLog.java,45
org.apache.ratis:ratis-common:jar:3.1.3,MethodCallExpr,org.apache.ratis.util.ProtoUtils,toString,C:\Users\tyin363\Documents\repos\apache__ratis\ratis-server\src\main\java\org\apache\ratis\server\util\ServerStringUtils.java,54
,MethodCallExpr,org.apache.ratis.proto.RaftProtos.InstallSnapshotReplyProto,getRequestIndex,C:\Users\tyin363\Documents\repos\apache__ratis\ratis-server\src\main\java\org\apache\ratis\server\util\ServerStringUtils.java,104
CLIENT:client-code:N/A:N/A,MethodCallExpr,org.apache.ratis.server.impl.VoteContext,reject,C:\Users\tyin363\Documents\repos\apache__ratis\ratis-server\src\main\java\org\apache\ratis\server\impl\VoteContext.java,97
org.apache.ratis:ratis-common:jar:3.1.3,MethodCallExpr,org.apache.ratis.util.Preconditions,assertTrue,C:\Users\tyin363\Documents\repos\apache__ratis\ratis-server\src\main\java\org\apache\ratis\server\raftlog\segmented\LogSegmentStartEnd.java,82
JDK:java.base:N/A:N/A,ClassOrInterfaceType,java.util.concurrent.CompletableFuture,CompletableFuture,C:\Users\tyin363\Documents\repos\apache__ratis\ratis-server\src\main\java\org\apache\ratis\statemachine\impl\TransactionContextImpl.java,160
CLIENT:client-code:N/A:N/A,ClassOrInterfaceType,org.apache.ratis.server.metrics.SegmentedRaftLogMetrics,SegmentedRaftLogMetrics,C:\Users\tyin363\Documents\repos\apache__ratis\ratis-server\src\main\java\org\apache\ratis\server\raftlog\segmented\SegmentedRaftLogReader.java,209
org.apache.ratis:ratis-common:jar:3.1.3,ClassOrInterfaceType,org.apache.ratis.protocol.RaftGroupMemberId,RaftGroupMemberId,C:\Users\tyin363\Documents\repos\apache__ratis\ratis-server\src\main\java\org\apache\ratis\server\raftlog\memory\MemoryRaftLog.java,84
CLIENT:client-code:N/A:N/A,NameExpr,org.apache.ratis.server.raftlog.segmented.LogSegmentStartEnd,LOG_FILE_NAME_PREFIX,C:\Users\tyin363\Documents\repos\apache__ratis\ratis-server\src\main\java\org\apache\ratis\server\raftlog\segmented\LogSegmentStartEnd.java,46
CLIENT:client-code:N/A:N/A,NameExpr,org.apache.ratis.server.raftlog.segmented.LogSegmentStartEnd,startIndex,C:\Users\tyin363\Documents\repos\apache__ratis\ratis-server\src\main\java\org\apache\ratis\server\raftlog\segmented\LogSegmentStartEnd.java,99
CLIENT:client-code:N/A:N/A,MethodCallExpr,org.apache.ratis.server.storage.RaftStorageDirectoryImpl,getMetaConfFile,C:\Users\tyin363\Documents\repos\apache__ratis\ratis-server\src\main\java\org\apache\ratis\server\storage\RaftStorageImpl.java,145
JDK:java.base:N/A:N/A,MethodCallExpr,java.lang.Object,equals,C:\Users\tyin363\Documents\repos\apache__ratis\ratis-server\src\main\java\org\apache\ratis\server\impl\ConfigurationManager.java,69
CLIENT:client-code:N/A:N/A,NameExpr,org.apache.ratis.server.storage.RaftStorageImpl,storageDir,C:\Users\tyin363\Documents\repos\apache__ratis\ratis-server\src\main\java\org\apache\ratis\server\storage\RaftStorageImpl.java,106
org.apache.ratis:ratis-server-api:jar:3.1.3,ClassOrInterfaceType,org.apache.ratis.server.storage.RaftStorageMetadata,RaftStorageMetadata,C:\Users\tyin363\Documents\repos\apache__ratis\ratis-server\src\main\java\org\apache\ratis\server\storage\RaftStorageImpl.java,117
org.apache.ratis:ratis-common:jar:3.1.3,ClassOrInterfaceType,org.apache.ratis.protocol.ClientInvocationId,ClientInvocationId,C:\Users\tyin363\Documents\repos\apache__ratis\ratis-server\src\main\java\org\apache\ratis\server\impl\DataStreamMapImpl.java,49
org.apache.ratis:ratis-server-api:jar:3.1.3,MethodCallExpr,org.apache.ratis.server.leader.FollowerInfo,getNextIndex,C:\Users\tyin363\Documents\repos\apache__ratis\ratis-server\src\main\java\org\apache\ratis\server\leader\LogAppenderDefault.java,181
org.apache.ratis:ratis-server-api:jar:3.1.3,MethodCallExpr,org.apache.ratis.server.leader.FollowerInfo,setNextIndex,C:\Users\tyin363\Documents\repos\apache__ratis\ratis-server\src\main\java\org\apache\ratis\server\leader\LogAppenderDefault.java,200
,ClassOrInterfaceType,org.apache.ratis.proto.RaftProtos.InstallSnapshotRequestProto,InstallSnapshotRequestProto,C:\Users\tyin363\Documents\repos\apache__ratis\ratis-server\src\main\java\org\apache\ratis\server\util\ServerStringUtils.java,86
CLIENT:client-code:N/A:N/A,ClassOrInterfaceType,org.apache.ratis.server.impl.RaftServerImpl,RaftServerImpl,C:\Users\tyin363\Documents\repos\apache__ratis\ratis-server\src\main\java\org\apache\ratis\server\impl\FollowerState.java,60
org.apache.ratis:ratis-common:jar:3.1.3,MethodCallExpr,org.apache.ratis.util.Timestamp,currentTime,C:\Users\tyin363\Documents\repos\apache__ratis\ratis-server\src\main\java\org\apache\ratis\server\impl\FollowerState.java,62
JDK:java.base:N/A:N/A,ClassOrInterfaceType,java.util.List,List,C:\Users\tyin363\Documents\repos\apache__ratis\ratis-server\src\main\java\org\apache\ratis\server\raftlog\segmented\CacheInvalidationPolicy.java,60
CLIENT:client-code:N/A:N/A,NameExpr,org.apache.ratis.server.storage.FileChunkReader,in,C:\Users\tyin363\Documents\repos\apache__ratis\ratis-server\src\main\java\org\apache\ratis\server\storage\FileChunkReader.java,83
JDK:java.base:N/A:N/A,ClassOrInterfaceType,java.lang.String,String,C:\Users\tyin363\Documents\repos\apache__ratis\ratis-server\src\main\java\org\apache\ratis\server\util\ServerStringUtils.java,49
,ClassOrInterfaceType,org.apache.ratis.proto.RaftProtos.LogEntryProto,LogEntryProto,C:\Users\tyin363\Documents\repos\apache__ratis\ratis-server\src\main\java\org\apache\ratis\statemachine\impl\TransactionContextImpl.java,165
JDK:java.base:N/A:N/A,ClassOrInterfaceType,java.io.IOException,IOException,C:\Users\tyin363\Documents\repos\apache__ratis\ratis-server\src\main\java\org\apache\ratis\server\storage\RaftStorageImpl.java,105
CLIENT:client-code:N/A:N/A,NameExpr,org.apache.ratis.server.impl.PendingRequests.RequestMap,name,C:\Users\tyin363\Documents\repos\apache__ratis\ratis-server\src\main\java\org\apache\ratis\server\impl\PendingRequests.java,174
,ClassOrInterfaceType,org.apache.ratis.proto.RaftProtos.InstallSnapshotRequestProto,InstallSnapshotRequestProto,C:\Users\tyin363\Documents\repos\apache__ratis\ratis-server\src\main\java\org\apache\ratis\server\leader\LeaderProtoUtils.java,49
CLIENT:client-code:N/A:N/A,MethodCallExpr,org.apache.ratis.server.raftlog.memory.MemoryRaftLog.EntryList,truncate,C:\Users\tyin363\Documents\repos\apache__ratis\ratis-server\src\main\java\org\apache\ratis\server\raftlog\memory\MemoryRaftLog.java,145
JDK:java.base:N/A:N/A,ClassOrInterfaceType,java.util.ArrayList,ArrayList,C:\Users\tyin363\Documents\repos\apache__ratis\ratis-server\src\main\java\org\apache\ratis\server\raftlog\memory\MemoryRaftLog.java,213
org.apache.ratis:ratis-common:jar:3.1.3,ClassOrInterfaceType,org.apache.ratis.protocol.ClientInvocationId,ClientInvocationId,C:\Users\tyin363\Documents\repos\apache__ratis\ratis-server\src\main\java\org\apache\ratis\server\impl\DataStreamMapImpl.java,48
,NameExpr,org.apache.ratis.statemachine.impl.TransactionContextImpl,exception,C:\Users\tyin363\Documents\repos\apache__ratis\ratis-server\src\main\java\org\apache\ratis\statemachine\impl\TransactionContextImpl.java,136
JDK:java.base:N/A:N/A,ObjectCreationExpr,java.util.concurrent.atomic.AtomicReference,AtomicReference,C:\Users\tyin363\Documents\repos\apache__ratis\ratis-server\src\main\java\org\apache\ratis\server\storage\RaftStorageImpl.java,174
,NameExpr,org.apache.ratis.statemachine.impl.FileListSnapshotInfo,termIndex,C:\Users\tyin363\Documents\repos\apache__ratis\ratis-server\src\main\java\org\apache\ratis\statemachine\impl\FileListSnapshotInfo.java,49
CLIENT:client-code:N/A:N/A,MethodCallExpr,org.apache.ratis.server.RaftServerConfigKeys.Read.ReadAfterWriteConsistent,writeIndexCacheExpiryTime,C:\Users\tyin363\Documents\repos\apache__ratis\ratis-server\src\main\java\org\apache\ratis\server\impl\WriteIndexCache.java,37
,MethodCallExpr,org.apache.ratis.proto.RaftProtos.LogEntryProto,parseFrom,C:\Users\tyin363\Documents\repos\apache__ratis\ratis-server\src\main\java\org\apache\ratis\server\raftlog\segmented\SegmentedRaftLogReader.java,331
CLIENT:client-code:N/A:N/A,NameExpr,org.apache.ratis.server.raftlog.memory.MemoryRaftLog.EntryList,entries,C:\Users\tyin363\Documents\repos\apache__ratis\ratis-server\src\main\java\org\apache\ratis\server\raftlog\memory\MemoryRaftLog.java,60
CLIENT:client-code:N/A:N/A,NameExpr,org.apache.ratis.server.impl.MessageStreamRequests,streams,C:\Users\tyin363\Documents\repos\apache__ratis\ratis-server\src\main\java\org\apache\ratis\server\impl\MessageStreamRequests.java,100
JDK:java.base:N/A:N/A,MethodCallExpr,java.util.concurrent.atomic.AtomicLong,set,C:\Users\tyin363\Documents\repos\apache__ratis\ratis-server\src\main\java\org\apache\ratis\server\leader\LogAppenderDefault.java,84
CLIENT:client-code:N/A:N/A,ClassOrInterfaceType,org.apache.ratis.server.impl.PendingRequests.Permit,Permit,C:\Users\tyin363\Documents\repos\apache__ratis\ratis-server\src\main\java\org\apache\ratis\server\impl\PendingRequests.java,120
JDK:java.base:N/A:N/A,ClassOrInterfaceType,java.util.function.LongSupplier,LongSupplier,C:\Users\tyin363\Documents\repos\apache__ratis\ratis-server\src\main\java\org\apache\ratis\server\raftlog\memory\MemoryRaftLog.java,85
JDK:java.base:N/A:N/A,MethodCallExpr,java.util.Map,remove,C:\Users\tyin363\Documents\repos\apache__ratis\ratis-server\src\main\java\org\apache\ratis\server\impl\PendingRequests.java,173
JDK:java.base:N/A:N/A,ClassOrInterfaceType,java.lang.String,String,C:\Users\tyin363\Documents\repos\apache__ratis\ratis-server\src\main\java\org\apache\ratis\server\util\ServerStringUtils.java,48
CLIENT:client-code:N/A:N/A,NameExpr,org.apache.ratis.server.raftlog.segmented.LogSegmentStartEnd,LOG_FILE_NAME_PREFIX,C:\Users\tyin363\Documents\repos\apache__ratis\ratis-server\src\main\java\org\apache\ratis\server\raftlog\segmented\LogSegmentStartEnd.java,42
JDK:java.base:N/A:N/A,ClassOrInterfaceType,java.util.List,List,C:\Users\tyin363\Documents\repos\apache__ratis\ratis-server\src\main\java\org\apache\ratis\server\raftlog\segmented\CacheInvalidationPolicy.java,57
JDK:java.base:N/A:N/A,ClassOrInterfaceType,java.util.concurrent.CompletableFuture,CompletableFuture,C:\Users\tyin363\Documents\repos\apache__ratis\ratis-server\src\main\java\org\apache\ratis\server\raftlog\memory\MemoryRaftLog.java,244
org.apache.ratis:ratis-server-api:jar:3.1.3,MethodCallExpr,org.apache.ratis.server.protocol.TermIndex,valueOf,C:\Users\tyin363\Documents\repos\apache__ratis\ratis-server\src\main\java\org\apache\ratis\statemachine\impl\FileListSnapshotInfo.java,44
CLIENT:client-code:N/A:N/A,NameExpr,org.apache.ratis.server.raftlog.segmented.SegmentedRaftLogInputStream,logFile,C:\Users\tyin363\Documents\repos\apache__ratis\ratis-server\src\main\java\org\apache\ratis\server\raftlog\segmented\SegmentedRaftLogInputStream.java,100
JDK:java.base:N/A:N/A,ClassOrInterfaceType,java.lang.Exception,Exception,C:\Users\tyin363\Documents\repos\apache__ratis\ratis-server\src\main\java\org\apache\ratis\server\impl\FollowerState.java,174
CLIENT:client-code:N/A:N/A,NameExpr,org.apache.ratis.server.impl.FollowerState,server,C:\Users\tyin363\Documents\repos\apache__ratis\ratis-server\src\main\java\org\apache\ratis\server\impl\FollowerState.java,159
JDK:java.base:N/A:N/A,ObjectCreationExpr,java.util.ArrayList,ArrayList,C:\Users\tyin363\Documents\repos\apache__ratis\ratis-server\src\main\java\org\apache\ratis\server\impl\PendingRequests.java,195
CLIENT:client-code:N/A:N/A,FieldAccessExpr,org.apache.ratis.server.raftlog.segmented.LogSegmentStartEnd,endIndex,C:\Users\tyin363\Documents\repos\apache__ratis\ratis-server\src\main\java\org\apache\ratis\server\raftlog\segmented\LogSegmentStartEnd.java,137
,ClassOrInterfaceType,org.apache.ratis.proto.RaftProtos.StateMachineLogEntryProto,StateMachineLogEntryProto,C:\Users\tyin363\Documents\repos\apache__ratis\ratis-server\src\main\java\org\apache\ratis\statemachine\impl\TransactionContextImpl.java,99
CLIENT:client-code:N/A:N/A,MethodCallExpr,org.apache.ratis.server.raftlog.segmented.SegmentedRaftLogFormat,isTerminator,C:\Users\tyin363\Documents\repos\apache__ratis\ratis-server\src\main\java\org\apache\ratis\server\raftlog\segmented\SegmentedRaftLogReader.java,255
CLIENT:client-code:N/A:N/A,ClassOrInterfaceType,org.apache.ratis.server.impl.RaftConfigurationImpl,RaftConfigurationImpl,C:\Users\tyin363\Documents\repos\apache__ratis\ratis-server\src\main\java\org\apache\ratis\server\impl\ConfigurationManager.java,72
CLIENT:client-code:N/A:N/A,NameExpr,org.apache.ratis.server.impl.PendingRequests,pendingSetConf,C:\Users\tyin363\Documents\repos\apache__ratis\ratis-server\src\main\java\org\apache\ratis\server\impl\PendingRequests.java,241
JDK:java.base:N/A:N/A,MethodCallExpr,java.util.concurrent.atomic.AtomicReference,get,C:\Users\tyin363\Documents\repos\apache__ratis\ratis-server\src\main\java\org\apache\ratis\server\impl\WriteIndexCache.java,63
CLIENT:client-code:N/A:N/A,MethodCallExpr,org.apache.ratis.server.raftlog.RaftLogBase,writeLock,C:\Users\tyin363\Documents\repos\apache__ratis\ratis-server\src\main\java\org\apache\ratis\server\raftlog\memory\MemoryRaftLog.java,189
CLIENT:client-code:N/A:N/A,MethodCallExpr,org.apache.ratis.server.raftlog.segmented.LogSegment,hasCache,C:\Users\tyin363\Documents\repos\apache__ratis\ratis-server\src\main\java\org\apache\ratis\server\raftlog\segmented\CacheInvalidationPolicy.java,109
CLIENT:client-code:N/A:N/A,NameExpr,org.apache.ratis.server.storage.FileChunkReader,chunkIndex,C:\Users\tyin363\Documents\repos\apache__ratis\ratis-server\src\main\java\org\apache\ratis\server\storage\FileChunkReader.java,115
CLIENT:client-code:N/A:N/A,MethodCallExpr,org.apache.ratis.server.raftlog.segmented.LogSegmentStartEnd,valueOf,C:\Users\tyin363\Documents\repos\apache__ratis\ratis-server\src\main\java\org\apache\ratis\server\raftlog\segmented\SegmentedRaftLogInputStream.java,178
CLIENT:client-code:N/A:N/A,ClassOrInterfaceType,org.apache.ratis.server.RaftServerConfigKeys.Log.CorruptionPolicy,CorruptionPolicy,C:\Users\tyin363\Documents\repos\apache__ratis\ratis-server\src\main\java\org\apache\ratis\server\storage\RaftStorageImpl.java,46
org.apache.ratis:ratis-common:jar:3.1.3,ClassOrInterfaceType,org.apache.ratis.protocol.RaftClientReply,RaftClientReply,C:\Users\tyin363\Documents\repos\apache__ratis\ratis-server\src\main\java\org\apache\ratis\server\impl\PendingRequests.java,246
JDK:java.base:N/A:N/A,ClassOrInterfaceType,java.lang.String,String,C:\Users\tyin363\Documents\repos\apache__ratis\ratis-server\src\main\java\org\apache\ratis\statemachine\impl\FileListSnapshotInfo.java,58
org.apache.ratis:ratis-server-api:jar:3.1.3,ClassOrInterfaceType,org.apache.ratis.server.storage.RaftStorageMetadataFile,RaftStorageMetadataFile,C:\Users\tyin363\Documents\repos\apache__ratis\ratis-server\src\main\java\org\apache\ratis\server\storage\RaftStorageImpl.java,180
CLIENT:client-code:N/A:N/A,MethodCallExpr,org.apache.ratis.server.raftlog.memory.MemoryRaftLog.EntryList,get,C:\Users\tyin363\Documents\repos\apache__ratis\ratis-server\src\main\java\org\apache\ratis\server\raftlog\memory\MemoryRaftLog.java,52
,ClassOrInterfaceType,org.apache.ratis.proto.RaftProtos.InstallSnapshotRequestProto,InstallSnapshotRequestProto,C:\Users\tyin363\Documents\repos\apache__ratis\ratis-server\src\main\java\org\apache\ratis\server\util\ServerStringUtils.java,82
CLIENT:client-code:N/A:N/A,NameExpr,org.apache.ratis.server.impl.FollowerState,LOG,C:\Users\tyin363\Documents\repos\apache__ratis\ratis-server\src\main\java\org\apache\ratis\server\impl\FollowerState.java,113
CLIENT:client-code:N/A:N/A,NameExpr,org.apache.ratis.server.impl.PendingRequests,pendingSetConf,C:\Users\tyin363\Documents\repos\apache__ratis\ratis-server\src\main\java\org\apache\ratis\server\impl\PendingRequests.java,242
CLIENT:client-code:N/A:N/A,NameExpr,org.apache.ratis.server.raftlog.segmented.LogSegmentStartEnd,startIndex,C:\Users\tyin363\Documents\repos\apache__ratis\ratis-server\src\main\java\org\apache\ratis\server\raftlog\segmented\LogSegmentStartEnd.java,87
CLIENT:client-code:N/A:N/A,NameExpr,org.apache.ratis.server.raftlog.segmented.SegmentedRaftLogReader.LimitedInputStream,limitPos,C:\Users\tyin363\Documents\repos\apache__ratis\ratis-server\src\main\java\org\apache\ratis\server\raftlog\segmented\SegmentedRaftLogReader.java,67
,MethodCallExpr,org.apache.ratis.proto.RaftProtos.InstallSnapshotReplyProto,getInstallSnapshotReplyBodyCase,C:\Users\tyin363\Documents\repos\apache__ratis\ratis-server\src\main\java\org\apache\ratis\server\util\ServerStringUtils.java,102
CLIENT:client-code:N/A:N/A,MethodCallExpr,org.apache.ratis.server.impl.ConfigurationManager,setCurrentConf,C:\Users\tyin363\Documents\repos\apache__ratis\ratis-server\src\main\java\org\apache\ratis\server\impl\ConfigurationManager.java,103
CLIENT:client-code:N/A:N/A,MethodCallExpr,org.apache.ratis.server.raftlog.segmented.SegmentedRaftLogInputStream,getPosition,C:\Users\tyin363\Documents\repos\apache__ratis\ratis-server\src\main\java\org\apache\ratis\server\raftlog\segmented\SegmentedRaftLogInputStream.java,214
CLIENT:client-code:N/A:N/A,ClassOrInterfaceType,org.apache.ratis.server.impl.RaftConfigurationImpl,RaftConfigurationImpl,C:\Users\tyin363\Documents\repos\apache__ratis\ratis-server\src\main\java\org\apache\ratis\server\impl\ConfigurationManager.java,57
CLIENT:client-code:N/A:N/A,NameExpr,org.apache.ratis.server.storage.RaftStorageImpl,storageDir,C:\Users\tyin363\Documents\repos\apache__ratis\ratis-server\src\main\java\org\apache\ratis\server\storage\RaftStorageImpl.java,102
org.slf4j:slf4j-api:jar:2.0.7,ClassOrInterfaceType,org.slf4j.Logger,Logger,C:\Users\tyin363\Documents\repos\apache__ratis\ratis-server\src\main\java\org\apache\ratis\server\impl\MessageStreamRequests.java,36
CLIENT:client-code:N/A:N/A,MethodCallExpr,org.apache.ratis.server.storage.RaftStorageDirectoryImpl,unlock,C:\Users\tyin363\Documents\repos\apache__ratis\ratis-server\src\main\java\org\apache\ratis\server\storage\RaftStorageImpl.java,81
CLIENT:client-code:N/A:N/A,NameExpr,org.apache.ratis.server.impl.PendingRequests,LOG,C:\Users\tyin363\Documents\repos\apache__ratis\ratis-server\src\main\java\org\apache\ratis\server\impl\PendingRequests.java,174
CLIENT:client-code:N/A:N/A,NameExpr,org.apache.ratis.server.impl.PendingRequests,pendingSetConf,C:\Users\tyin363\Documents\repos\apache__ratis\ratis-server\src\main\java\org\apache\ratis\server\impl\PendingRequests.java,243
CLIENT:client-code:N/A:N/A,NameExpr,org.apache.ratis.server.raftlog.memory.MemoryRaftLog.EntryList,entries,C:\Users\tyin363\Documents\repos\apache__ratis\ratis-server\src\main\java\org\apache\ratis\server\raftlog\memory\MemoryRaftLog.java,48
CLIENT:client-code:N/A:N/A,NameExpr,org.apache.ratis.server.raftlog.segmented.SegmentedRaftLogReader.LimitedInputStream,curPos,C:\Users\tyin363\Documents\repos\apache__ratis\ratis-server\src\main\java\org\apache\ratis\server\raftlog\segmented\SegmentedRaftLogReader.java,140
,ClassOrInterfaceType,org.apache.ratis.statemachine.StateMachine.DataStream,DataStream,C:\Users\tyin363\Documents\repos\apache__ratis\ratis-server\src\main\java\org\apache\ratis\server\impl\DataStreamMapImpl.java,43
CLIENT:client-code:N/A:N/A,NameExpr,org.apache.ratis.server.impl.FollowerState,server,C:\Users\tyin363\Documents\repos\apache__ratis\ratis-server\src\main\java\org\apache\ratis\server\impl\FollowerState.java,165
CLIENT:client-code:N/A:N/A,NameExpr,org.apache.ratis.server.raftlog.segmented.SegmentedRaftLogInputStream,state,C:\Users\tyin363\Documents\repos\apache__ratis\ratis-server\src\main\java\org\apache\ratis\server\raftlog\segmented\SegmentedRaftLogInputStream.java,83
CLIENT:client-code:N/A:N/A,ObjectCreationExpr,org.apache.ratis.server.impl.PendingRequests.RequestMap,RequestMap,C:\Users\tyin363\Documents\repos\apache__ratis\ratis-server\src\main\java\org\apache\ratis\server\impl\PendingRequests.java,223
JDK:java.base:N/A:N/A,MethodCallExpr,java.util.Map.Entry,getKey,C:\Users\tyin363\Documents\repos\apache__ratis\ratis-server\src\main\java\org\apache\ratis\server\impl\ConfigurationManager.java,77
CLIENT:client-code:N/A:N/A,MethodCallExpr,org.apache.ratis.server.leader.LeaderProtoUtils,toInstallSnapshotRequestProtoBuilder,C:\Users\tyin363\Documents\repos\apache__ratis\ratis-server\src\main\java\org\apache\ratis\server\leader\LeaderProtoUtils.java,51
,NameExpr,org.apache.ratis.util.ResourceSemaphore.Group,SUCCESS,C:\Users\tyin363\Documents\repos\apache__ratis\ratis-server\src\main\java\org\apache\ratis\server\impl\PendingRequests.java,86
,ClassOrInterfaceType,org.apache.ratis.proto.RaftProtos.LogEntryProto,LogEntryProto,C:\Users\tyin363\Documents\repos\apache__ratis\ratis-server\src\main\java\org\apache\ratis\server\raftlog\memory\MemoryRaftLog.java,103
org.apache.ratis:ratis-server-api:jar:3.1.3,NameExpr,org.apache.ratis.server.raftlog.RaftLog,LEAST_VALID_LOG_INDEX,C:\Users\tyin363\Documents\repos\apache__ratis\ratis-server\src\main\java\org\apache\ratis\server\raftlog\segmented\SegmentedRaftLogInputStream.java,178
CLIENT:client-code:N/A:N/A,MethodCallExpr,org.apache.ratis.server.raftlog.LogProtoUtils,toLogEntryProto,C:\Users\tyin363\Documents\repos\apache__ratis\ratis-server\src\main\java\org\apache\ratis\statemachine\impl\TransactionContextImpl.java,157
org.apache.ratis:ratis-server-api:jar:3.1.3,NameExpr,org.apache.ratis.server.leader.LogAppender,LOG,C:\Users\tyin363\Documents\repos\apache__ratis\ratis-server\src\main\java\org\apache\ratis\server\leader\LogAppenderDefault.java,129
JDK:java.base:N/A:N/A,ClassOrInterfaceType,java.lang.String,String,C:\Users\tyin363\Documents\repos\apache__ratis\ratis-server\src\main\java\org\apache\ratis\server\metrics\RaftLogMetricsBase.java,33
,MethodCallExpr,org.apache.ratis.proto.RaftProtos.FileChunkProto.Builder,build,C:\Users\tyin363\Documents\repos\apache__ratis\ratis-server\src\main\java\org\apache\ratis\server\storage\FileChunkReader.java,94
JDK:java.base:N/A:N/A,ObjectCreationExpr,java.io.IOException,IOException,C:\Users\tyin363\Documents\repos\apache__ratis\ratis-server\src\main\java\org\apache\ratis\server\storage\RaftStorageImpl.java,59
,FieldAccessExpr,org.apache.ratis.statemachine.impl.TransactionContextImpl,clientRequest,C:\Users\tyin363\Documents\repos\apache__ratis\ratis-server\src\main\java\org\apache\ratis\statemachine\impl\TransactionContextImpl.java,80
,FieldAccessExpr,org.apache.ratis.statemachine.impl.FileListSnapshotInfo,files,C:\Users\tyin363\Documents\repos\apache__ratis\ratis-server\src\main\java\org\apache\ratis\statemachine\impl\FileListSnapshotInfo.java,40
CLIENT:client-code:N/A:N/A,MethodCallExpr,org.apache.ratis.server.storage.RaftStorageDirectoryImpl,lock,C:\Users\tyin363\Documents\repos\apache__ratis\ratis-server\src\main\java\org\apache\ratis\server\storage\RaftStorageImpl.java,61
JDK:java.base:N/A:N/A,ObjectCreationExpr,java.util.ArrayList,ArrayList,C:\Users\tyin363\Documents\repos\apache__ratis\ratis-server\src\main\java\org\apache\ratis\server\raftlog\segmented\CacheInvalidationPolicy.java,60
CLIENT:client-code:N/A:N/A,NameExpr,org.apache.ratis.server.raftlog.segmented.LogSegmentStartEnd,OPEN_SEGMENT_PATTERN,C:\Users\tyin363\Documents\repos\apache__ratis\ratis-server\src\main\java\org\apache\ratis\server\raftlog\segmented\LogSegmentStartEnd.java,42
CLIENT:client-code:N/A:N/A,NameExpr,org.apache.ratis.server.storage.FileChunkReader,offset,C:\Users\tyin363\Documents\repos\apache__ratis\ratis-server\src\main\java\org\apache\ratis\server\storage\FileChunkReader.java,96
JDK:java.base:N/A:N/A,MethodCallExpr,java.util.Optional,map,C:\Users\tyin363\Documents\repos\apache__ratis\ratis-server\src\main\java\org\apache\ratis\server\raftlog\segmented\SegmentedRaftLogReader.java,240
org.apache.ratis:ratis-common:jar:3.1.3,MethodCallExpr,org.apache.ratis.util.Preconditions,assertTrue,C:\Users\tyin363\Documents\repos\apache__ratis\ratis-server\src\main\java\org\apache\ratis\server\raftlog\segmented\LogSegmentStartEnd.java,80
CLIENT:client-code:N/A:N/A,ClassOrInterfaceType,org.apache.ratis.server.impl.MessageStreamRequests.PendingStream,PendingStream,C:\Users\tyin363\Documents\repos\apache__ratis\ratis-server\src\main\java\org\apache\ratis\server\impl\MessageStreamRequests.java,100
CLIENT:client-code:N/A:N/A,ClassOrInterfaceType,org.apache.ratis.server.impl.RaftServerImpl,RaftServerImpl,C:\Users\tyin363\Documents\repos\apache__ratis\ratis-server\src\main\java\org\apache\ratis\server\impl\FollowerState.java,69
org.apache.ratis:ratis-server-api:jar:3.1.3,MethodCallExpr,org.apache.ratis.server.leader.FollowerInfo,updateLastRpcSendTime,C:\Users\tyin363\Documents\repos\apache__ratis\ratis-server\src\main\java\org\apache\ratis\server\leader\LogAppenderDefault.java,80
JDK:java.base:N/A:N/A,ClassOrInterfaceType,java.io.Closeable,Closeable,C:\Users\tyin363\Documents\repos\apache__ratis\ratis-server\src\main\java\org\apache\ratis\server\raftlog\segmented\SegmentedRaftLogInputStream.java,39
CLIENT:client-code:N/A:N/A,FieldAccessExpr,org.apache.ratis.server.raftlog.segmented.SegmentedRaftLogReader.LimitedInputStream,markPos,C:\Users\tyin363\Documents\repos\apache__ratis\ratis-server\src\main\java\org\apache\ratis\server\raftlog\segmented\SegmentedRaftLogReader.java,327
CLIENT:client-code:N/A:N/A,MethodCallExpr,org.apache.ratis.server.raftlog.segmented.LogSegment,getStartIndex,C:\Users\tyin363\Documents\repos\apache__ratis\ratis-server\src\main\java\org\apache\ratis\server\raftlog\segmented\CacheInvalidationPolicy.java,90
CLIENT:client-code:N/A:N/A,NameExpr,org.apache.ratis.server.raftlog.segmented.SegmentedRaftLogReader,in,C:\Users\tyin363\Documents\repos\apache__ratis\ratis-server\src\main\java\org\apache\ratis\server\raftlog\segmented\SegmentedRaftLogReader.java,224
JDK:java.base:N/A:N/A,ClassOrInterfaceType,java.lang.String,String,C:\Users\tyin363\Documents\repos\apache__ratis\ratis-server\src\main\java\org\apache\ratis\server\metrics\RaftLogMetricsBase.java,34
CLIENT:client-code:N/A:N/A,NameExpr,org.apache.ratis.server.impl.VoteContext,impl,C:\Users\tyin363\Documents\repos\apache__ratis\ratis-server\src\main\java\org\apache\ratis\server\impl\VoteContext.java,103
org.apache.ratis:ratis-server-api:jar:3.1.3,NameExpr,org.apache.ratis.server.raftlog.RaftLog,INVALID_LOG_INDEX,C:\Users\tyin363\Documents\repos\apache__ratis\ratis-server\src\main\java\org\apache\ratis\server\raftlog\segmented\SegmentedRaftLogInputStream.java,213
CLIENT:client-code:N/A:N/A,FieldAccessExpr,org.apache.ratis.server.impl.FollowerState,server,C:\Users\tyin363\Documents\repos\apache__ratis\ratis-server\src\main\java\org\apache\ratis\server\impl\FollowerState.java,73
org.apache.ratis:ratis-common:jar:3.1.3,ClassOrInterfaceType,org.apache.ratis.protocol.ClientInvocationId,ClientInvocationId,C:\Users\tyin363\Documents\repos\apache__ratis\ratis-server\src\main\java\org\apache\ratis\server\impl\DataStreamMapImpl.java,43
JDK:java.base:N/A:N/A,ClassOrInterfaceType,java.io.File,File,C:\Users\tyin363\Documents\repos\apache__ratis\ratis-server\src\main\java\org\apache\ratis\server\storage\RaftStorageImpl.java,154
CLIENT:client-code:N/A:N/A,ClassOrInterfaceType,org.apache.ratis.server.raftlog.segmented.SegmentedRaftLogReader,SegmentedRaftLogReader,C:\Users\tyin363\Documents\repos\apache__ratis\ratis-server\src\main\java\org\apache\ratis\server\raftlog\segmented\SegmentedRaftLogInputStream.java,86
CLIENT:client-code:N/A:N/A,NameExpr,org.apache.ratis.server.impl.FollowerState,server,C:\Users\tyin363\Documents\repos\apache__ratis\ratis-server\src\main\java\org\apache\ratis\server\impl\FollowerState.java,163
CLIENT:client-code:N/A:N/A,MethodCallExpr,org.apache.ratis.server.raftlog.segmented.LogSegmentStartEnd,getEndIndex,C:\Users\tyin363\Documents\repos\apache__ratis\ratis-server\src\main\java\org\apache\ratis\server\raftlog\segmented\SegmentedRaftLogInputStream.java,122
,ClassOrInterfaceType,org.apache.ratis.proto.RaftProtos.LogEntryProto,LogEntryProto,C:\Users\tyin363\Documents\repos\apache__ratis\ratis-server\src\main\java\org\apache\ratis\server\raftlog\segmented\SegmentedRaftLogReader.java,207
CLIENT:client-code:N/A:N/A,MethodCallExpr,org.apache.ratis.server.leader.LogAppenderBase,getHeartbeatWaitTimeMs,C:\Users\tyin363\Documents\repos\apache__ratis\ratis-server\src\main\java\org\apache\ratis\server\leader\LogAppenderDefault.java,170
CLIENT:client-code:N/A:N/A,NameExpr,org.apache.ratis.server.raftlog.segmented.SegmentedRaftLogReader,in,C:\Users\tyin363\Documents\repos\apache__ratis\ratis-server\src\main\java\org\apache\ratis\server\raftlog\segmented\SegmentedRaftLogReader.java,357
CLIENT:client-code:N/A:N/A,NameExpr,org.apache.ratis.server.raftlog.segmented.SegmentedRaftLogReader.LimitedInputStream,limitPos,C:\Users\tyin363\Documents\repos\apache__ratis\ratis-server\src\main\java\org\apache\ratis\server\raftlog\segmented\SegmentedRaftLogReader.java,70
CLIENT:client-code:N/A:N/A,NameExpr,org.apache.ratis.server.storage.RaftStorageImpl,logCorruptionPolicy,C:\Users\tyin363\Documents\repos\apache__ratis\ratis-server\src\main\java\org\apache\ratis\server\storage\RaftStorageImpl.java,92
org.apache.ratis:ratis-server-api:jar:3.1.3,ClassOrInterfaceType,org.apache.ratis.server.protocol.TermIndex,TermIndex,C:\Users\tyin363\Documents\repos\apache__ratis\ratis-server\src\main\java\org\apache\ratis\server\leader\LeaderProtoUtils.java,39
CLIENT:client-code:N/A:N/A,ClassOrInterfaceType,org.apache.ratis.server.RaftServer.Division,Division,C:\Users\tyin363\Documents\repos\apache__ratis\ratis-server\src\main\java\org\apache\ratis\server\leader\LeaderProtoUtils.java,50
CLIENT:client-code:N/A:N/A,ClassOrInterfaceType,org.apache.ratis.server.raftlog.segmented.SegmentedRaftLogInputStream,SegmentedRaftLogInputStream,C:\Users\tyin363\Documents\repos\apache__ratis\ratis-server\src\main\java\org\apache\ratis\server\raftlog\segmented\SegmentedRaftLogInputStream.java,40
CLIENT:client-code:N/A:N/A,MethodCallExpr,org.apache.ratis.server.raftlog.memory.MemoryRaftLog.EntryList,get,C:\Users\tyin363\Documents\repos\apache__ratis\ratis-server\src\main\java\org\apache\ratis\server\raftlog\memory\MemoryRaftLog.java,56
org.apache.ratis:ratis-server-api:jar:3.1.3,NameExpr,org.apache.ratis.server.raftlog.RaftLog,INVALID_LOG_INDEX,C:\Users\tyin363\Documents\repos\apache__ratis\ratis-server\src\main\java\org\apache\ratis\server\raftlog\segmented\SegmentedRaftLogInputStream.java,218
CLIENT:client-code:N/A:N/A,ClassOrInterfaceType,org.apache.ratis.server.RaftServerConfigKeys.Log.CorruptionPolicy,CorruptionPolicy,C:\Users\tyin363\Documents\repos\apache__ratis\ratis-server\src\main\java\org\apache\ratis\server\storage\RaftStorageImpl.java,50
JDK:java.base:N/A:N/A,ClassOrInterfaceType,java.lang.String,String,C:\Users\tyin363\Documents\repos\apache__ratis\ratis-server\src\main\java\org\apache\ratis\server\metrics\RaftLogMetricsBase.java,35
JDK:java.base:N/A:N/A,ObjectCreationExpr,java.security.DigestInputStream,DigestInputStream,C:\Users\tyin363\Documents\repos\apache__ratis\ratis-server\src\main\java\org\apache\ratis\server\storage\FileChunkReader.java,60
org.apache.ratis:ratis-server-api:jar:3.1.3,MethodCallExpr,org.apache.ratis.server.protocol.RaftServerProtocol,installSnapshot,C:\Users\tyin363\Documents\repos\apache__ratis\ratis-server\src\main\java\org\apache\ratis\server\leader\LogAppenderDefault.java,112
JDK:java.base:N/A:N/A,MethodCallExpr,java.util.Arrays,sort,C:\Users\tyin363\Documents\repos\apache__ratis\ratis-server\src\main\java\org\apache\ratis\server\raftlog\segmented\CacheInvalidationPolicy.java,99
CLIENT:client-code:N/A:N/A,NameExpr,org.apache.ratis.server.impl.ConfigurationManager,currentPeer,C:\Users\tyin363\Documents\repos\apache__ratis\ratis-server\src\main\java\org\apache\ratis\server\impl\ConfigurationManager.java,87
org.apache.ratis:ratis-common:jar:3.1.3,ClassOrInterfaceType,org.apache.ratis.protocol.ClientInvocationId,ClientInvocationId,C:\Users\tyin363\Documents\repos\apache__ratis\ratis-server\src\main\java\org\apache\ratis\server\impl\MessageStreamRequests.java,65
CLIENT:client-code:N/A:N/A,MethodCallExpr,org.apache.ratis.server.raftlog.segmented.LogSegment,getEndIndex,C:\Users\tyin363\Documents\repos\apache__ratis\ratis-server\src\main\java\org\apache\ratis\server\raftlog\segmented\CacheInvalidationPolicy.java,67
CLIENT:client-code:N/A:N/A,NameExpr,org.apache.ratis.server.impl.PendingRequests,pendingRequests,C:\Users\tyin363\Documents\repos\apache__ratis\ratis-server\src\main\java\org\apache\ratis\server\impl\PendingRequests.java,297
CLIENT:client-code:N/A:N/A,NameExpr,org.apache.ratis.server.storage.FileChunkReader,offset,C:\Users\tyin363\Documents\repos\apache__ratis\ratis-server\src\main\java\org\apache\ratis\server\storage\FileChunkReader.java,103
org.apache.ratis:ratis-common:jar:3.1.3,ClassOrInterfaceType,org.apache.ratis.util.TimeDuration,TimeDuration,C:\Users\tyin363\Documents\repos\apache__ratis\ratis-server\src\main\java\org\apache\ratis\server\impl\DivisionPropertiesImpl.java,28
JDK:java.base:N/A:N/A,ClassOrInterfaceType,java.io.IOException,IOException,C:\Users\tyin363\Documents\repos\apache__ratis\ratis-server\src\main\java\org\apache\ratis\server\raftlog\segmented\SegmentedRaftLogReader.java,178
org.slf4j:slf4j-api:jar:2.0.7,MethodCallExpr,org.slf4j.Logger,warn,C:\Users\tyin363\Documents\repos\apache__ratis\ratis-server\src\main\java\org\apache\ratis\server\storage\RaftStorageImpl.java,83
org.apache.ratis:ratis-common:jar:3.1.3,ClassOrInterfaceType,org.apache.ratis.util.AutoCloseableLock,AutoCloseableLock,C:\Users\tyin363\Documents\repos\apache__ratis\ratis-server\src\main\java\org\apache\ratis\server\raftlog\memory\MemoryRaftLog.java,189
JDK:java.base:N/A:N/A,ClassOrInterfaceType,java.io.IOException,IOException,C:\Users\tyin363\Documents\repos\apache__ratis\ratis-server\src\main\java\org\apache\ratis\server\storage\RaftStorageImpl.java,95
CLIENT:client-code:N/A:N/A,MethodCallExpr,org.apache.ratis.server.leader.LogAppenderBase,getFollower,C:\Users\tyin363\Documents\repos\apache__ratis\ratis-server\src\main\java\org\apache\ratis\server\leader\LogAppenderDefault.java,113
org.apache.ratis:ratis-thirdparty-misc:jar:1.0.9,MethodCallExpr,org.apache.ratis.thirdparty.com.google.protobuf.ByteString,copyFrom,C:\Users\tyin363\Documents\repos\apache__ratis\ratis-server\src\main\java\org\apache\ratis\server\storage\FileChunkReader.java,91
CLIENT:client-code:N/A:N/A,NameExpr,org.apache.ratis.server.storage.RaftStorageImpl,storageDir,C:\Users\tyin363\Documents\repos\apache__ratis\ratis-server\src\main\java\org\apache\ratis\server\storage\RaftStorageImpl.java,98
org.apache.ratis:ratis-server-api:jar:3.1.3,MethodCallExpr,org.apache.ratis.statemachine.SnapshotInfo,getTermIndex,C:\Users\tyin363\Documents\repos\apache__ratis\ratis-server\src\main\java\org\apache\ratis\server\leader\LogAppenderDefault.java,128
org.apache.ratis:ratis-common:jar:3.1.3,MethodCallExpr,org.apache.ratis.util.IOUtils,skipFully,C:\Users\tyin363\Documents\repos\apache__ratis\ratis-server\src\main\java\org\apache\ratis\server\raftlog\segmented\SegmentedRaftLogReader.java,352
JDK:java.base:N/A:N/A,MethodCallExpr,java.util.Iterator,hasNext,C:\Users\tyin363\Documents\repos\apache__ratis\ratis-server\src\main\java\org\apache\ratis\server\impl\PendingRequests.java,198
CLIENT:client-code:N/A:N/A,MethodCallExpr,org.apache.ratis.server.leader.LogAppenderDefault,handleException,C:\Users\tyin363\Documents\repos\apache__ratis\ratis-server\src\main\java\org\apache\ratis\server\leader\LogAppenderDefault.java,123
CLIENT:client-code:N/A:N/A,NameExpr,org.apache.ratis.server.impl.PendingRequests,pendingRequests,C:\Users\tyin363\Documents\repos\apache__ratis\ratis-server\src\main\java\org\apache\ratis\server\impl\PendingRequests.java,298
org.apache.ratis:ratis-common:jar:3.1.3,MethodCallExpr,org.apache.ratis.util.SizeInBytes,getSizeInt,C:\Users\tyin363\Documents\repos\apache__ratis\ratis-server\src\main\java\org\apache\ratis\server\impl\PendingRequests.java,54
org.apache.ratis:ratis-common:jar:3.1.3,ClassOrInterfaceType,org.apache.ratis.util.TimeDuration,TimeDuration,C:\Users\tyin363\Documents\repos\apache__ratis\ratis-server\src\main\java\org\apache\ratis\server\impl\DivisionPropertiesImpl.java,29
CLIENT:client-code:N/A:N/A,MethodCallExpr,org.apache.ratis.server.raftlog.segmented.SegmentedRaftLogInputStream,getPosition,C:\Users\tyin363\Documents\repos\apache__ratis\ratis-server\src\main\java\org\apache\ratis\server\raftlog\segmented\SegmentedRaftLogInputStream.java,209
,MethodCallExpr,org.apache.ratis.proto.RaftProtos.InstallSnapshotRequestProto.SnapshotChunkProto,getRequestIndex,C:\Users\tyin363\Documents\repos\apache__ratis\ratis-server\src\main\java\org\apache\ratis\server\util\ServerStringUtils.java,83
CLIENT:client-code:N/A:N/A,NameExpr,org.apache.ratis.server.storage.RaftStorageImpl,storageDir,C:\Users\tyin363\Documents\repos\apache__ratis\ratis-server\src\main\java\org\apache\ratis\server\storage\RaftStorageImpl.java,97
org.apache.ratis:ratis-server-api:jar:3.1.3,ClassOrInterfaceType,org.apache.ratis.statemachine.TransactionContext,TransactionContext,C:\Users\tyin363\Documents\repos\apache__ratis\ratis-server\src\main\java\org\apache\ratis\server\impl\PendingRequests.java,285
org.apache.ratis:ratis-common:jar:3.1.3,MethodCallExpr,org.apache.ratis.util.Preconditions,assertTrue,C:\Users\tyin363\Documents\repos\apache__ratis\ratis-server\src\main\java\org\apache\ratis\server\raftlog\segmented\SegmentedRaftLogReader.java,336
CLIENT:client-code:N/A:N/A,NameExpr,org.apache.ratis.server.impl.MessageStreamRequests,streams,C:\Users\tyin363\Documents\repos\apache__ratis\ratis-server\src\main\java\org\apache\ratis\server\impl\MessageStreamRequests.java,91
JDK:java.base:N/A:N/A,ClassOrInterfaceType,java.lang.IllegalStateException,IllegalStateException,C:\Users\tyin363\Documents\repos\apache__ratis\ratis-server\src\main\java\org\apache\ratis\server\leader\LogAppenderDefault.java,184
JDK:java.base:N/A:N/A,ClassOrInterfaceType,java.lang.Long,Long,C:\Users\tyin363\Documents\repos\apache__ratis\ratis-server\src\main\java\org\apache\ratis\server\raftlog\memory\MemoryRaftLog.java,169
JDK:java.base:N/A:N/A,ClassOrInterfaceType,java.lang.String,String,C:\Users\tyin363\Documents\repos\apache__ratis\ratis-server\src\main\java\org\apache\ratis\server\raftlog\segmented\LogSegmentStartEnd.java,34
,ClassOrInterfaceType,org.apache.ratis.statemachine.StateMachine.DataStream,DataStream,C:\Users\tyin363\Documents\repos\apache__ratis\ratis-server\src\main\java\org\apache\ratis\server\impl\DataStreamMapImpl.java,48
org.apache.ratis:ratis-common:jar:3.1.3,ClassOrInterfaceType,org.apache.ratis.conf.Parameters,Parameters,C:\Users\tyin363\Documents\repos\apache__ratis\ratis-server\src\main\java\org\apache\ratis\server\impl\DataStreamServerImpl.java,37
org.apache.ratis:ratis-server-api:jar:3.1.3,MethodCallExpr,org.apache.ratis.server.raftlog.LogEntryHeader,valueOf,C:\Users\tyin363\Documents\repos\apache__ratis\ratis-server\src\main\java\org\apache\ratis\server\raftlog\memory\MemoryRaftLog.java,56
JDK:java.base:N/A:N/A,MethodCallExpr,java.lang.Object,getClass,C:\Users\tyin363\Documents\repos\apache__ratis\ratis-server\src\main\java\org\apache\ratis\server\raftlog\segmented\LogSegmentStartEnd.java,133
org.apache.ratis:ratis-thirdparty-misc:jar:1.0.9,MethodCallExpr,org.apache.ratis.thirdparty.com.google.protobuf.ByteString,copyFrom,C:\Users\tyin363\Documents\repos\apache__ratis\ratis-server\src\main\java\org\apache\ratis\server\storage\FileChunkReader.java,89
CLIENT:client-code:N/A:N/A,MethodCallExpr,org.apache.ratis.server.leader.LogAppenderBase,getFollower,C:\Users\tyin363\Documents\repos\apache__ratis\ratis-server\src\main\java\org\apache\ratis\server\leader\LogAppenderDefault.java,111
,MethodCallExpr,org.apache.ratis.statemachine.impl.FileListSnapshotInfo,getTermIndex,C:\Users\tyin363\Documents\repos\apache__ratis\ratis-server\src\main\java\org\apache\ratis\statemachine\impl\FileListSnapshotInfo.java,59
JDK:java.base:N/A:N/A,MethodCallExpr,java.util.Optional,ofNullable,C:\Users\tyin363\Documents\repos\apache__ratis\ratis-server\src\main\java\org\apache\ratis\server\raftlog\segmented\SegmentedRaftLogInputStream.java,159
CLIENT:client-code:N/A:N/A,MethodCallExpr,org.apache.ratis.server.raftlog.segmented.SegmentedRaftLogInputStream,scanNextEntry,C:\Users\tyin363\Documents\repos\apache__ratis\ratis-server\src\main\java\org\apache\ratis\server\raftlog\segmented\SegmentedRaftLogInputStream.java,216
JDK:java.base:N/A:N/A,ClassOrInterfaceType,java.lang.Exception,Exception,C:\Users\tyin363\Documents\repos\apache__ratis\ratis-server\src\main\java\org\apache\ratis\server\leader\LogAppenderDefault.java,211
CLIENT:client-code:N/A:N/A,MethodCallExpr,org.apache.ratis.server.util.ServerStringUtils,generateUnifiedName,C:\Users\tyin363\Documents\repos\apache__ratis\ratis-server\src\main\java\org\apache\ratis\server\impl\FollowerState.java,71
,ClassOrInterfaceType,org.apache.ratis.proto.RaftProtos.InstallSnapshotRequestProto,InstallSnapshotRequestProto,C:\Users\tyin363\Documents\repos\apache__ratis\ratis-server\src\main\java\org\apache\ratis\server\util\ServerStringUtils.java,75
JDK:java.base:N/A:N/A,MethodCallExpr,java.util.List,get,C:\Users\tyin363\Documents\repos\apache__ratis\ratis-server\src\main\java\org\apache\ratis\server\raftlog\memory\MemoryRaftLog.java,198
CLIENT:client-code:N/A:N/A,ClassOrInterfaceType,org.apache.ratis.server.impl.PendingRequests,PendingRequests,C:\Users\tyin363\Documents\repos\apache__ratis\ratis-server\src\main\java\org\apache\ratis\server\impl\PendingRequests.java,52
JDK:java.base:N/A:N/A,MethodCallExpr,java.util.Optional,orElse,C:\Users\tyin363\Documents\repos\apache__ratis\ratis-server\src\main\java\org\apache\ratis\server\impl\VoteContext.java,96
JDK:java.base:N/A:N/A,ClassOrInterfaceType,java.util.concurrent.atomic.AtomicReference,AtomicReference,C:\Users\tyin363\Documents\repos\apache__ratis\ratis-server\src\main\java\org\apache\ratis\server\impl\WriteIndexCache.java,34
,ClassOrInterfaceType,org.apache.ratis.proto.RaftProtos.LogEntryProto,LogEntryProto,C:\Users\tyin363\Documents\repos\apache__ratis\ratis-server\src\main\java\org\apache\ratis\server\leader\LeaderProtoUtils.java,67
JDK:java.base:N/A:N/A,ClassOrInterfaceType,java.util.List,List,C:\Users\tyin363\Documents\repos\apache__ratis\ratis-server\src\main\java\org\apache\ratis\server\raftlog\segmented\CacheInvalidationPolicy.java,49
CLIENT:client-code:N/A:N/A,FieldAccessExpr,org.apache.ratis.server.impl.DivisionPropertiesImpl,rpcSleepTime,C:\Users\tyin363\Documents\repos\apache__ratis\ratis-server\src\main\java\org\apache\ratis\server\impl\DivisionPropertiesImpl.java,38
JDK:java.base:N/A:N/A,ClassOrInterfaceType,java.io.EOFException,EOFException,C:\Users\tyin363\Documents\repos\apache__ratis\ratis-server\src\main\java\org\apache\ratis\server\raftlog\segmented\SegmentedRaftLogReader.java,213
CLIENT:client-code:N/A:N/A,MethodCallExpr,org.apache.ratis.server.impl.PendingRequest,setException,C:\Users\tyin363\Documents\repos\apache__ratis\ratis-server\src\main\java\org\apache\ratis\server\impl\PendingRequests.java,262
CLIENT:client-code:N/A:N/A,MethodCallExpr,org.apache.ratis.server.impl.VoteContext,log,C:\Users\tyin363\Documents\repos\apache__ratis\ratis-server\src\main\java\org\apache\ratis\server\impl\VoteContext.java,45
,ClassOrInterfaceType,org.apache.ratis.statemachine.StateMachine.DataStream,DataStream,C:\Users\tyin363\Documents\repos\apache__ratis\ratis-server\src\main\java\org\apache\ratis\server\impl\DataStreamMapImpl.java,49
,MethodCallExpr,org.apache.ratis.proto.RaftProtos.InstallSnapshotRequestProto.SnapshotChunkProto.Builder,setTermIndex,C:\Users\tyin363\Documents\repos\apache__ratis\ratis-server\src\main\java\org\apache\ratis\server\leader\LeaderProtoUtils.java,40
JDK:java.base:N/A:N/A,ClassOrInterfaceType,java.lang.String,String,C:\Users\tyin363\Documents\repos\apache__ratis\ratis-server\src\main\java\org\apache\ratis\server\raftlog\segmented\LogSegmentStartEnd.java,35
JDK:java.base:N/A:N/A,ClassOrInterfaceType,java.util.concurrent.ConcurrentMap,ConcurrentMap,C:\Users\tyin363\Documents\repos\apache__ratis\ratis-server\src\main\java\org\apache\ratis\server\impl\MessageStreamRequests.java,65
org.apache.ratis:ratis-server-api:jar:3.1.3,NameExpr,org.apache.ratis.server.storage.RaftStorage,LOG,C:\Users\tyin363\Documents\repos\apache__ratis\ratis-server\src\main\java\org\apache\ratis\server\storage\RaftStorageImpl.java,98
CLIENT:client-code:N/A:N/A,MethodCallExpr,org.apache.ratis.server.RaftServerConfigKeys.Rpc,timeoutMax,C:\Users\tyin363\Documents\repos\apache__ratis\ratis-server\src\main\java\org\apache\ratis\server\impl\DivisionPropertiesImpl.java,34
org.apache.ratis:ratis-common:jar:3.1.3,ClassOrInterfaceType,org.apache.ratis.util.TimeDuration,TimeDuration,C:\Users\tyin363\Documents\repos\apache__ratis\ratis-server\src\main\java\org\apache\ratis\server\impl\DivisionPropertiesImpl.java,27
CLIENT:client-code:N/A:N/A,NameExpr,org.apache.ratis.server.raftlog.segmented.SegmentedRaftLogReader,temp,C:\Users\tyin363\Documents\repos\apache__ratis\ratis-server\src\main\java\org\apache\ratis\server\raftlog\segmented\SegmentedRaftLogReader.java,255
CLIENT:client-code:N/A:N/A,MethodCallExpr,org.apache.ratis.server.raftlog.memory.MemoryRaftLog.EntryList,getLogEntryHeader,C:\Users\tyin363\Documents\repos\apache__ratis\ratis-server\src\main\java\org\apache\ratis\server\raftlog\memory\MemoryRaftLog.java,134
CLIENT:client-code:N/A:N/A,MethodCallExpr,org.apache.ratis.server.raftlog.memory.MemoryRaftLog.EntryList,size,C:\Users\tyin363\Documents\repos\apache__ratis\ratis-server\src\main\java\org\apache\ratis\server\raftlog\memory\MemoryRaftLog.java,180
JDK:java.base:N/A:N/A,ClassOrInterfaceType,java.io.File,File,C:\Users\tyin363\Documents\repos\apache__ratis\ratis-server\src\main\java\org\apache\ratis\server\storage\RaftStorageImpl.java,46
org.apache.ratis:ratis-common:jar:3.1.3,MethodCallExpr,org.apache.ratis.util.TimeDuration,getUnit,C:\Users\tyin363\Documents\repos\apache__ratis\ratis-server\src\main\java\org\apache\ratis\server\impl\WriteIndexCache.java,45
JDK:java.base:N/A:N/A,MethodCallExpr,java.io.File,length,C:\Users\tyin363\Documents\repos\apache__ratis\ratis-server\src\main\java\org\apache\ratis\server\raftlog\segmented\SegmentedRaftLogInputStream.java,128
,ClassOrInterfaceType,org.apache.ratis.proto.RaftProtos.InstallSnapshotRequestProto.NotificationProto,NotificationProto,C:\Users\tyin363\Documents\repos\apache__ratis\ratis-server\src\main\java\org\apache\ratis\server\util\ServerStringUtils.java,86
JDK:java.base:N/A:N/A,FieldAccessExpr,java.lang.Long,MAX_VALUE,C:\Users\tyin363\Documents\repos\apache__ratis\ratis-server\src\main\java\org\apache\ratis\server\raftlog\segmented\SegmentedRaftLogReader.java,60
CLIENT:client-code:N/A:N/A,NameExpr,org.apache.ratis.server.raftlog.segmented.SegmentedRaftLogReader.LimitedInputStream,markPos,C:\Users\tyin363\Documents\repos\apache__ratis\ratis-server\src\main\java\org\apache\ratis\server\raftlog\segmented\SegmentedRaftLogReader.java,115
CLIENT:client-code:N/A:N/A,MethodCallExpr,org.apache.ratis.server.impl.RaftServerImpl,getInfo,C:\Users\tyin363\Documents\repos\apache__ratis\ratis-server\src\main\java\org\apache\ratis\server\impl\VoteContext.java,50
org.apache.ratis:ratis-server-api:jar:3.1.3,MethodCallExpr,org.apache.ratis.server.raftlog.RaftLog,getNextIndex,C:\Users\tyin363\Documents\repos\apache__ratis\ratis-server\src\main\java\org\apache\ratis\server\raftlog\memory\MemoryRaftLog.java,200
JDK:java.base:N/A:N/A,MethodCallExpr,java.util.Map.Entry,getValue,C:\Users\tyin363\Documents\repos\apache__ratis\ratis-server\src\main\java\org\apache\ratis\server\impl\ConfigurationManager.java,103
org.apache.ratis:ratis-common:jar:3.1.3,ClassOrInterfaceType,org.apache.ratis.util.Timestamp,Timestamp,C:\Users\tyin363\Documents\repos\apache__ratis\ratis-server\src\main\java\org\apache\ratis\server\impl\FollowerState.java,62
JDK:java.base:N/A:N/A,ClassOrInterfaceType,java.lang.Long,Long,C:\Users\tyin363\Documents\repos\apache__ratis\ratis-server\src\main\java\org\apache\ratis\server\impl\ConfigurationManager.java,42
org.apache.ratis:ratis-common:jar:3.1.3,MethodCallExpr,org.apache.ratis.protocol.RaftClientRequest,getMessage,C:\Users\tyin363\Documents\repos\apache__ratis\ratis-server\src\main\java\org\apache\ratis\server\impl\PendingRequests.java,178
JDK:java.base:N/A:N/A,ClassOrInterfaceType,java.lang.String,String,C:\Users\tyin363\Documents\repos\apache__ratis\ratis-server\src\main\java\org\apache\ratis\server\impl\VoteContext.java,44
CLIENT:client-code:N/A:N/A,NameExpr,org.apache.ratis.server.impl.VoteContext,conf,C:\Users\tyin363\Documents\repos\apache__ratis\ratis-server\src\main\java\org\apache\ratis\server\impl\VoteContext.java,155
CLIENT:client-code:N/A:N/A,NameExpr,org.apache.ratis.server.raftlog.segmented.SegmentedRaftLogReader,LOG,C:\Users\tyin363\Documents\repos\apache__ratis\ratis-server\src\main\java\org\apache\ratis\server\raftlog\segmented\SegmentedRaftLogReader.java,219
CLIENT:client-code:N/A:N/A,NameExpr,org.apache.ratis.server.impl.FollowerState,server,C:\Users\tyin363\Documents\repos\apache__ratis\ratis-server\src\main\java\org\apache\ratis\server\impl\FollowerState.java,141
JDK:java.base:N/A:N/A,ClassOrInterfaceType,java.lang.Long,Long,C:\Users\tyin363\Documents\repos\apache__ratis\ratis-server\src\main\java\org\apache\ratis\server\raftlog\memory\MemoryRaftLog.java,184
CLIENT:client-code:N/A:N/A,ClassOrInterfaceType,org.apache.ratis.server.impl.MessageStreamRequests.PendingStream,PendingStream,C:\Users\tyin363\Documents\repos\apache__ratis\ratis-server\src\main\java\org\apache\ratis\server\impl\MessageStreamRequests.java,91
CLIENT:client-code:N/A:N/A,MethodCallExpr,org.apache.ratis.server.impl.MessageStreamRequests.StreamMap,computeIfAbsent,C:\Users\tyin363\Documents\repos\apache__ratis\ratis-server\src\main\java\org\apache\ratis\server\impl\MessageStreamRequests.java,91
JDK:java.base:N/A:N/A,ClassOrInterfaceType,java.util.Iterator,Iterator,C:\Users\tyin363\Documents\repos\apache__ratis\ratis-server\src\main\java\org\apache\ratis\server\impl\PendingRequests.java,197
org.apache.ratis:ratis-common:jar:3.1.3,MethodCallExpr,org.apache.ratis.util.StringUtils,format,C:\Users\tyin363\Documents\repos\apache__ratis\ratis-server\src\main\java\org\apache\ratis\server\raftlog\segmented\SegmentedRaftLogReader.java,325
CLIENT:client-code:N/A:N/A,NameExpr,org.apache.ratis.server.raftlog.memory.MemoryRaftLog,metrics,C:\Users\tyin363\Documents\repos\apache__ratis\ratis-server\src\main\java\org\apache\ratis\server\raftlog\memory\MemoryRaftLog.java,94
CLIENT:client-code:N/A:N/A,FieldAccessExpr,org.apache.ratis.server.raftlog.segmented.SegmentedRaftLogInputStream.LogValidation,validLength,C:\Users\tyin363\Documents\repos\apache__ratis\ratis-server\src\main\java\org\apache\ratis\server\raftlog\segmented\SegmentedRaftLogInputStream.java,48
CLIENT:client-code:N/A:N/A,FieldAccessExpr,org.apache.ratis.server.impl.ConfigurationManager,id,C:\Users\tyin363\Documents\repos\apache__ratis\ratis-server\src\main\java\org\apache\ratis\server\impl\ConfigurationManager.java,52
CLIENT:client-code:N/A:N/A,NameExpr,org.apache.ratis.server.impl.PendingRequests.RequestMap,name,C:\Users\tyin363\Documents\repos\apache__ratis\ratis-server\src\main\java\org\apache\ratis\server\impl\PendingRequests.java,194
CLIENT:client-code:N/A:N/A,NameExpr,org.apache.ratis.server.impl.PendingRequests.RequestMap,map,C:\Users\tyin363\Documents\repos\apache__ratis\ratis-server\src\main\java\org\apache\ratis\server\impl\PendingRequests.java,202
org.apache.ratis:ratis-common:jar:3.1.3,MethodCallExpr,org.apache.ratis.protocol.Message,getSize,C:\Users\tyin363\Documents\repos\apache__ratis\ratis-server\src\main\java\org\apache\ratis\server\impl\PendingRequests.java,178
org.apache.ratis:ratis-common:jar:3.1.3,ClassOrInterfaceType,org.apache.ratis.conf.RaftProperties,RaftProperties,C:\Users\tyin363\Documents\repos\apache__ratis\ratis-server\src\main\java\org\apache\ratis\server\raftlog\memory\MemoryRaftLog.java,86
CLIENT:client-code:N/A:N/A,NameExpr,org.apache.ratis.server.impl.VoteContext,candidateId,C:\Users\tyin363\Documents\repos\apache__ratis\ratis-server\src\main\java\org\apache\ratis\server\impl\VoteContext.java,108
org.apache.ratis:ratis-server-api:jar:3.1.3,MethodCallExpr,org.apache.ratis.server.DivisionInfo,isFollower,C:\Users\tyin363\Documents\repos\apache__ratis\ratis-server\src\main\java\org\apache\ratis\server\impl\VoteContext.java,102
JDK:java.base:N/A:N/A,ClassOrInterfaceType,java.io.IOException,IOException,C:\Users\tyin363\Documents\repos\apache__ratis\ratis-server\src\main\java\org\apache\ratis\server\raftlog\segmented\SegmentedRaftLogReader.java,307
org.apache.ratis:ratis-common:jar:3.1.3,MethodCallExpr,org.apache.ratis.util.ProtoUtils,toString,C:\Users\tyin363\Documents\repos\apache__ratis\ratis-server\src\main\java\org\apache\ratis\server\util\ServerStringUtils.java,67
,FieldAccessExpr,org.apache.ratis.statemachine.impl.TransactionContextImpl,stateMachineContext,C:\Users\tyin363\Documents\repos\apache__ratis\ratis-server\src\main\java\org\apache\ratis\statemachine\impl\TransactionContextImpl.java,141
JDK:java.base:N/A:N/A,ObjectCreationExpr,java.io.BufferedInputStream,BufferedInputStream,C:\Users\tyin363\Documents\repos\apache__ratis\ratis-server\src\main\java\org\apache\ratis\server\raftlog\segmented\SegmentedRaftLogReader.java,155
CLIENT:client-code:N/A:N/A,NameExpr,org.apache.ratis.server.raftlog.segmented.SegmentedRaftLogReader,LOG,C:\Users\tyin363\Documents\repos\apache__ratis\ratis-server\src\main\java\org\apache\ratis\server\raftlog\segmented\SegmentedRaftLogReader.java,220
CLIENT:client-code:N/A:N/A,MethodCallExpr,org.apache.ratis.server.impl.PendingRequest,getTermIndex,C:\Users\tyin363\Documents\repos\apache__ratis\ratis-server\src\main\java\org\apache\ratis\server\impl\PendingRequests.java,161
JDK:java.base:N/A:N/A,ClassOrInterfaceType,java.lang.String,String,C:\Users\tyin363\Documents\repos\apache__ratis\ratis-server\src\main\java\org\apache\ratis\server\raftlog\segmented\LogSegmentStartEnd.java,146
JDK:java.base:N/A:N/A,MethodCallExpr,java.util.List,isEmpty,C:\Users\tyin363\Documents\repos\apache__ratis\ratis-server\src\main\java\org\apache\ratis\server\util\ServerStringUtils.java,59
CLIENT:client-code:N/A:N/A,ClassOrInterfaceType,org.apache.ratis.server.impl.PendingRequest,PendingRequest,C:\Users\tyin363\Documents\repos\apache__ratis\ratis-server\src\main\java\org\apache\ratis\server\impl\PendingRequests.java,161
JDK:java.base:N/A:N/A,ClassOrInterfaceType,java.io.File,File,C:\Users\tyin363\Documents\repos\apache__ratis\ratis-server\src\main\java\org\apache\ratis\server\storage\RaftStorageImpl.java,180
org.apache.ratis:ratis-common:jar:3.1.3,ClassOrInterfaceType,org.apache.ratis.util.AutoCloseableLock,AutoCloseableLock,C:\Users\tyin363\Documents\repos\apache__ratis\ratis-server\src\main\java\org\apache\ratis\server\raftlog\segmented\CacheInvalidationPolicy.java,52
,MethodCallExpr,org.apache.ratis.util.ResourceSemaphore.Group,isClosed,C:\Users\tyin363\Documents\repos\apache__ratis\ratis-server\src\main\java\org\apache\ratis\server\impl\PendingRequests.java,146
org.apache.ratis:ratis-common:jar:3.1.3,ClassOrInterfaceType,org.apache.ratis.protocol.ClientInvocationId,ClientInvocationId,C:\Users\tyin363\Documents\repos\apache__ratis\ratis-server\src\main\java\org\apache\ratis\server\impl\MessageStreamRequests.java,67
org.slf4j:slf4j-api:jar:2.0.7,ClassOrInterfaceType,org.slf4j.Logger,Logger,C:\Users\tyin363\Documents\repos\apache__ratis\ratis-server\src\main\java\org\apache\ratis\server\impl\DataStreamServerImpl.java,33
org.apache.ratis:ratis-server-api:jar:3.1.3,ClassOrInterfaceType,org.apache.ratis.statemachine.TransactionContext,TransactionContext,C:\Users\tyin363\Documents\repos\apache__ratis\ratis-server\src\main\java\org\apache\ratis\server\impl\PendingRequests.java,289
JDK:java.base:N/A:N/A,MethodCallExpr,java.util.List,get,C:\Users\tyin363\Documents\repos\apache__ratis\ratis-server\src\main\java\org\apache\ratis\server\raftlog\memory\MemoryRaftLog.java,203
org.apache.ratis:ratis-server-api:jar:3.1.3,NameExpr,org.apache.ratis.server.raftlog.RaftLog,INVALID_LOG_INDEX,C:\Users\tyin363\Documents\repos\apache__ratis\ratis-server\src\main\java\org\apache\ratis\server\raftlog\segmented\SegmentedRaftLogInputStream.java,204
CLIENT:client-code:N/A:N/A,NameExpr,org.apache.ratis.server.raftlog.segmented.LogSegmentStartEnd,OPEN_SEGMENT_PATTERN,C:\Users\tyin363\Documents\repos\apache__ratis\ratis-server\src\main\java\org\apache\ratis\server\raftlog\segmented\LogSegmentStartEnd.java,50
CLIENT:client-code:N/A:N/A,MethodCallExpr,org.apache.ratis.server.RaftServer.Division,getMemberId,C:\Users\tyin363\Documents\repos\apache__ratis\ratis-server\src\main\java\org\apache\ratis\server\leader\LeaderProtoUtils.java,69
JDK:java.base:N/A:N/A,ClassOrInterfaceType,java.lang.Exception,Exception,C:\Users\tyin363\Documents\repos\apache__ratis\ratis-server\src\main\java\org\apache\ratis\server\raftlog\segmented\SegmentedRaftLogInputStream.java,223
org.apache.ratis:ratis-common:jar:3.1.3,ClassOrInterfaceType,org.apache.ratis.util.Timestamp,Timestamp,C:\Users\tyin363\Documents\repos\apache__ratis\ratis-server\src\main\java\org\apache\ratis\server\impl\FollowerState.java,64
CLIENT:client-code:N/A:N/A,NameExpr,org.apache.ratis.server.impl.MessageStreamRequests,name,C:\Users\tyin363\Documents\repos\apache__ratis\ratis-server\src\main\java\org\apache\ratis\server\impl\MessageStreamRequests.java,102
org.apache.ratis:ratis-server-api:jar:3.1.3,MethodCallExpr,org.apache.ratis.server.protocol.TermIndex,valueOf,C:\Users\tyin363\Documents\repos\apache__ratis\ratis-server\src\main\java\org\apache\ratis\server\util\ServerStringUtils.java,56
JDK:java.base:N/A:N/A,ObjectCreationExpr,java.lang.IllegalStateException,IllegalStateException,C:\Users\tyin363\Documents\repos\apache__ratis\ratis-server\src\main\java\org\apache\ratis\server\impl\WriteIndexCache.java,54
CLIENT:client-code:N/A:N/A,NameExpr,org.apache.ratis.server.raftlog.segmented.SegmentedRaftLogReader,LOG,C:\Users\tyin363\Documents\repos\apache__ratis\ratis-server\src\main\java\org\apache\ratis\server\raftlog\segmented\SegmentedRaftLogReader.java,217
,ClassOrInterfaceType,org.apache.ratis.proto.RaftProtos.StateMachineLogEntryProto,StateMachineLogEntryProto,C:\Users\tyin363\Documents\repos\apache__ratis\ratis-server\src\main\java\org\apache\ratis\statemachine\impl\TransactionContextImpl.java,78
CLIENT:client-code:N/A:N/A,FieldAccessExpr,org.apache.ratis.server.raftlog.segmented.LogSegmentStartEnd,endIndex,C:\Users\tyin363\Documents\repos\apache__ratis\ratis-server\src\main\java\org\apache\ratis\server\raftlog\segmented\LogSegmentStartEnd.java,125
JDK:java.base:N/A:N/A,ClassOrInterfaceType,java.util.List,List,C:\Users\tyin363\Documents\repos\apache__ratis\ratis-server\src\main\java\org\apache\ratis\server\raftlog\memory\MemoryRaftLog.java,45
,ClassOrInterfaceType,org.apache.ratis.statemachine.StateMachine.DataStream,DataStream,C:\Users\tyin363\Documents\repos\apache__ratis\ratis-server\src\main\java\org\apache\ratis\server\impl\DataStreamMapImpl.java,36
CLIENT:client-code:N/A:N/A,MethodCallExpr,org.apache.ratis.server.raftlog.segmented.LogSegment,getEndIndex,C:\Users\tyin363\Documents\repos\apache__ratis\ratis-server\src\main\java\org\apache\ratis\server\raftlog\segmented\CacheInvalidationPolicy.java,78
,MethodCallExpr,org.apache.ratis.protocol.RaftClientRequest.Type,getMessageStream,C:\Users\tyin363\Documents\repos\apache__ratis\ratis-server\src\main\java\org\apache\ratis\server\impl\MessageStreamRequests.java,88
,MethodCallExpr,org.apache.ratis.proto.RaftProtos.InstallSnapshotRequestProto,newBuilder,C:\Users\tyin363\Documents\repos\apache__ratis\ratis-server\src\main\java\org\apache\ratis\server\leader\LeaderProtoUtils.java,68
org.apache.ratis:ratis-common:jar:3.1.3,ClassOrInterfaceType,org.apache.ratis.util.SizeInBytes,SizeInBytes,C:\Users\tyin363\Documents\repos\apache__ratis\ratis-server\src\main\java\org\apache\ratis\server\raftlog\segmented\SegmentedRaftLogReader.java,151
CLIENT:client-code:N/A:N/A,ClassOrInterfaceType,org.apache.ratis.server.impl.RaftConfigurationImpl,RaftConfigurationImpl,C:\Users\tyin363\Documents\repos\apache__ratis\ratis-server\src\main\java\org\apache\ratis\server\impl\ConfigurationManager.java,51
org.apache.ratis:ratis-common:jar:3.1.3,MethodCallExpr,org.apache.ratis.util.Timestamp,currentTime,C:\Users\tyin363\Documents\repos\apache__ratis\ratis-server\src\main\java\org\apache\ratis\server\leader\LogAppenderDefault.java,79
CLIENT:client-code:N/A:N/A,MethodCallExpr,org.apache.ratis.server.storage.RaftStorageImpl,unlockOnFailure,C:\Users\tyin363\Documents\repos\apache__ratis\ratis-server\src\main\java\org\apache\ratis\server\storage\RaftStorageImpl.java,74
,MethodCallExpr,org.apache.ratis.proto.RaftProtos.AppendEntriesRequestProto,getPreviousLog,C:\Users\tyin363\Documents\repos\apache__ratis\ratis-server\src\main\java\org\apache\ratis\server\util\ServerStringUtils.java,56
,FieldAccessExpr,org.apache.ratis.statemachine.impl.TransactionContextImpl,logEntry,C:\Users\tyin363\Documents\repos\apache__ratis\ratis-server\src\main\java\org\apache\ratis\statemachine\impl\TransactionContextImpl.java,115
org.apache.ratis:ratis-server-api:jar:3.1.3,ClassOrInterfaceType,org.apache.ratis.statemachine.TransactionContext,TransactionContext,C:\Users\tyin363\Documents\repos\apache__ratis\ratis-server\src\main\java\org\apache\ratis\statemachine\impl\TransactionContextImpl.java,140
,MethodCallExpr,org.apache.ratis.proto.RaftProtos.AppendEntriesReplyProto,getNextIndex,C:\Users\tyin363\Documents\repos\apache__ratis\ratis-server\src\main\java\org\apache\ratis\server\leader\LogAppenderDefault.java,182
,MethodCallExpr,org.apache.ratis.proto.RaftProtos.LogEntryProto,getIndex,C:\Users\tyin363\Documents\repos\apache__ratis\ratis-server\src\main\java\org\apache\ratis\server\raftlog\memory\MemoryRaftLog.java,175
JDK:java.base:N/A:N/A,MethodCallExpr,java.util.Optional,orElse,C:\Users\tyin363\Documents\repos\apache__ratis\ratis-server\src\main\java\org\apache\ratis\server\raftlog\segmented\SegmentedRaftLogReader.java,240
CLIENT:client-code:N/A:N/A,NameExpr,org.apache.ratis.server.impl.FollowerState,server,C:\Users\tyin363\Documents\repos\apache__ratis\ratis-server\src\main\java\org\apache\ratis\server\impl\FollowerState.java,138
CLIENT:client-code:N/A:N/A,MethodCallExpr,org.apache.ratis.server.util.ServerStringUtils,toAppendEntriesReplyString,C:\Users\tyin363\Documents\repos\apache__ratis\ratis-server\src\main\java\org\apache\ratis\server\leader\LogAppenderDefault.java,186
CLIENT:client-code:N/A:N/A,NameExpr,org.apache.ratis.server.raftlog.segmented.SegmentedRaftLogReader,LOG,C:\Users\tyin363\Documents\repos\apache__ratis\ratis-server\src\main\java\org\apache\ratis\server\raftlog\segmented\SegmentedRaftLogReader.java,218
CLIENT:client-code:N/A:N/A,MethodCallExpr,org.apache.ratis.server.metrics.RaftServerMetricsImpl,removeNumPendingRequestsGauge,C:\Users\tyin363\Documents\repos\apache__ratis\ratis-server\src\main\java\org\apache\ratis\server\impl\PendingRequests.java,211
CLIENT:client-code:N/A:N/A,NameExpr,org.apache.ratis.server.impl.PendingRequests,LOG,C:\Users\tyin363\Documents\repos\apache__ratis\ratis-server\src\main\java\org\apache\ratis\server\impl\PendingRequests.java,194
CLIENT:client-code:N/A:N/A,NameExpr,org.apache.ratis.server.impl.VoteContext,impl,C:\Users\tyin363\Documents\repos\apache__ratis\ratis-server\src\main\java\org\apache\ratis\server\impl\VoteContext.java,106
org.apache.ratis:ratis-common:jar:3.1.3,MethodCallExpr,org.apache.ratis.io.MD5Hash,newDigester,C:\Users\tyin363\Documents\repos\apache__ratis\ratis-server\src\main\java\org\apache\ratis\server\storage\FileChunkReader.java,59
CLIENT:client-code:N/A:N/A,ClassOrInterfaceType,org.apache.ratis.server.impl.PendingRequest,PendingRequest,C:\Users\tyin363\Documents\repos\apache__ratis\ratis-server\src\main\java\org\apache\ratis\server\impl\PendingRequests.java,167
CLIENT:client-code:N/A:N/A,FieldAccessExpr,org.apache.ratis.server.storage.FileChunkReader,in,C:\Users\tyin363\Documents\repos\apache__ratis\ratis-server\src\main\java\org\apache\ratis\server\storage\FileChunkReader.java,63
JDK:java.base:N/A:N/A,ClassOrInterfaceType,java.io.IOException,IOException,C:\Users\tyin363\Documents\repos\apache__ratis\ratis-server\src\main\java\org\apache\ratis\server\impl\DataStreamServerImpl.java,48
CLIENT:client-code:N/A:N/A,NameExpr,org.apache.ratis.server.raftlog.segmented.SegmentedRaftLogInputStream,startEnd,C:\Users\tyin363\Documents\repos\apache__ratis\ratis-server\src\main\java\org\apache\ratis\server\raftlog\segmented\SegmentedRaftLogInputStream.java,122
CLIENT:client-code:N/A:N/A,MethodCallExpr,org.apache.ratis.server.raftlog.segmented.SegmentedRaftLogReader,skipFully,C:\Users\tyin363\Documents\repos\apache__ratis\ratis-server\src\main\java\org\apache\ratis\server\raftlog\segmented\SegmentedRaftLogInputStream.java,132
CLIENT:client-code:N/A:N/A,MethodCallExpr,org.apache.ratis.server.leader.LogAppenderDefault,sendAppendEntriesWithRetries,C:\Users\tyin363\Documents\repos\apache__ratis\ratis-server\src\main\java\org\apache\ratis\server\leader\LogAppenderDefault.java,163
CLIENT:client-code:N/A:N/A,NameExpr,org.apache.ratis.server.storage.FileChunkReader,info,C:\Users\tyin363\Documents\repos\apache__ratis\ratis-server\src\main\java\org\apache\ratis\server\storage\FileChunkReader.java,117
org.apache.ratis:ratis-server-api:jar:3.1.3,ClassOrInterfaceType,org.apache.ratis.server.storage.RaftStorageMetadataFile,RaftStorageMetadataFile,C:\Users\tyin363\Documents\repos\apache__ratis\ratis-server\src\main\java\org\apache\ratis\server\storage\RaftStorageImpl.java,176
JDK:java.base:N/A:N/A,MethodCallExpr,java.io.FilterInputStream,read,C:\Users\tyin363\Documents\repos\apache__ratis\ratis-server\src\main\java\org\apache\ratis\server\raftlog\segmented\SegmentedRaftLogReader.java,97
CLIENT:client-code:N/A:N/A,NameExpr,org.apache.ratis.server.impl.VoteContext,candidateId,C:\Users\tyin363\Documents\repos\apache__ratis\ratis-server\src\main\java\org\apache\ratis\server\impl\VoteContext.java,105
org.apache.ratis:ratis-metrics-api:jar:3.1.3,MethodCallExpr,org.apache.ratis.metrics.RatisMetrics,unregister,C:\Users\tyin363\Documents\repos\apache__ratis\ratis-server\src\main\java\org\apache\ratis\server\raftlog\memory\MemoryRaftLog.java,94
org.apache.ratis:ratis-common:jar:3.1.3,MethodCallExpr,org.apache.ratis.util.OpenCloseState,close,C:\Users\tyin363\Documents\repos\apache__ratis\ratis-server\src\main\java\org\apache\ratis\server\raftlog\segmented\SegmentedRaftLogInputStream.java,94
JDK:java.base:N/A:N/A,MethodCallExpr,java.io.FilterInputStream,reset,C:\Users\tyin363\Documents\repos\apache__ratis\ratis-server\src\main\java\org\apache\ratis\server\raftlog\segmented\SegmentedRaftLogReader.java,230
JDK:java.base:N/A:N/A,MethodCallExpr,java.util.UUID,randomUUID,C:\Users\tyin363\Documents\repos\apache__ratis\ratis-server\src\main\java\org\apache\ratis\server\leader\LogAppenderDefault.java,107
CLIENT:client-code:N/A:N/A,NameExpr,org.apache.ratis.server.impl.FollowerState,server,C:\Users\tyin363\Documents\repos\apache__ratis\ratis-server\src\main\java\org\apache\ratis\server\impl\FollowerState.java,145
JDK:java.base:N/A:N/A,MethodCallExpr,java.util.Optional,orElse,C:\Users\tyin363\Documents\repos\apache__ratis\ratis-server\src\main\java\org\apache\ratis\server\impl\VoteContext.java,106
org.apache.ratis:ratis-common:jar:3.1.3,ClassOrInterfaceType,org.apache.ratis.util.SizeInBytes,SizeInBytes,C:\Users\tyin363\Documents\repos\apache__ratis\ratis-server\src\main\java\org\apache\ratis\server\raftlog\segmented\SegmentedRaftLogReader.java,153
JDK:java.base:N/A:N/A,ObjectCreationExpr,java.io.IOException,IOException,C:\Users\tyin363\Documents\repos\apache__ratis\ratis-server\src\main\java\org\apache\ratis\server\raftlog\segmented\SegmentedRaftLogReader.java,256
CLIENT:client-code:N/A:N/A,ObjectCreationExpr,org.apache.ratis.server.impl.PendingRequests.RequestLimits,RequestLimits,C:\Users\tyin363\Documents\repos\apache__ratis\ratis-server\src\main\java\org\apache\ratis\server\impl\PendingRequests.java,113
CLIENT:client-code:N/A:N/A,MethodCallExpr,org.apache.ratis.server.impl.ServerState,getLeaderId,C:\Users\tyin363\Documents\repos\apache__ratis\ratis-server\src\main\java\org\apache\ratis\server\impl\VoteContext.java,103
JDK:java.base:N/A:N/A,MethodCallExpr,java.util.List,size,C:\Users\tyin363\Documents\repos\apache__ratis\ratis-server\src\main\java\org\apache\ratis\server\raftlog\memory\MemoryRaftLog.java,48
org.apache.ratis:ratis-common:jar:3.1.3,MethodCallExpr,org.apache.ratis.util.JavaUtils,completeExceptionally,C:\Users\tyin363\Documents\repos\apache__ratis\ratis-server\src\main\java\org\apache\ratis\server\impl\MessageStreamRequests.java,51
JDK:java.base:N/A:N/A,ClassOrInterfaceType,java.lang.String,String,C:\Users\tyin363\Documents\repos\apache__ratis\ratis-server\src\main\java\org\apache\ratis\server\impl\MessageStreamRequests.java,80
CLIENT:client-code:N/A:N/A,ClassOrInterfaceType,org.apache.ratis.server.impl.PendingRequests.Acquired,Acquired,C:\Users\tyin363\Documents\repos\apache__ratis\ratis-server\src\main\java\org\apache\ratis\server\impl\PendingRequests.java,123
CLIENT:client-code:N/A:N/A,NameExpr,org.apache.ratis.server.impl.FollowerState,stopped,C:\Users\tyin363\Documents\repos\apache__ratis\ratis-server\src\main\java\org\apache\ratis\server\impl\FollowerState.java,101
JDK:java.base:N/A:N/A,ClassOrInterfaceType,java.util.ArrayList,ArrayList,C:\Users\tyin363\Documents\repos\apache__ratis\ratis-server\src\main\java\org\apache\ratis\server\impl\PendingRequests.java,195
,MethodCallExpr,org.apache.ratis.proto.RaftProtos.InstallSnapshotRequestProto.Builder,setLastRaftConfigurationLogEntryProto,C:\Users\tyin363\Documents\repos\apache__ratis\ratis-server\src\main\java\org\apache\ratis\server\leader\LeaderProtoUtils.java,68
CLIENT:client-code:N/A:N/A,NameExpr,org.apache.ratis.server.impl.FollowerState,lastRpcTime,C:\Users\tyin363\Documents\repos\apache__ratis\ratis-server\src\main\java\org\apache\ratis\server\impl\FollowerState.java,95
JDK:java.base:N/A:N/A,ObjectCreationExpr,java.io.IOException,IOException,C:\Users\tyin363\Documents\repos\apache__ratis\ratis-server\src\main\java\org\apache\ratis\server\raftlog\segmented\SegmentedRaftLogReader.java,121
org.apache.ratis:ratis-common:jar:3.1.3,ClassOrInterfaceType,org.apache.ratis.protocol.RaftClientRequest,RaftClientRequest,C:\Users\tyin363\Documents\repos\apache__ratis\ratis-server\src\main\java\org\apache\ratis\statemachine\impl\TransactionContextImpl.java,46
org.apache.ratis:ratis-server-api:jar:3.1.3,ClassOrInterfaceType,org.apache.ratis.server.leader.LeaderState,LeaderState,C:\Users\tyin363\Documents\repos\apache__ratis\ratis-server\src\main\java\org\apache\ratis\server\leader\LogAppenderDefault.java,44
org.apache.ratis:ratis-common:jar:3.1.3,ClassOrInterfaceType,org.apache.ratis.protocol.ClientInvocationId,ClientInvocationId,C:\Users\tyin363\Documents\repos\apache__ratis\ratis-server\src\main\java\org\apache\ratis\server\impl\MessageStreamRequests.java,71
JDK:java.base:N/A:N/A,ClassOrInterfaceType,java.lang.String,String,C:\Users\tyin363\Documents\repos\apache__ratis\ratis-server\src\main\java\org\apache\ratis\server\impl\DataStreamMapImpl.java,54
CLIENT:client-code:N/A:N/A,MethodCallExpr,org.apache.ratis.server.raftlog.segmented.SegmentedRaftLogCache.LogSegmentList,get,C:\Users\tyin363\Documents\repos\apache__ratis\ratis-server\src\main\java\org\apache\ratis\server\raftlog\segmented\CacheInvalidationPolicy.java,63
CLIENT:client-code:N/A:N/A,ClassOrInterfaceType,org.apache.ratis.server.storage.RaftStorageDirectoryImpl,RaftStorageDirectoryImpl,C:\Users\tyin363\Documents\repos\apache__ratis\ratis-server\src\main\java\org\apache\ratis\server\storage\RaftStorageImpl.java,130
CLIENT:client-code:N/A:N/A,ClassOrInterfaceType,org.apache.ratis.server.impl.MessageStreamRequests,MessageStreamRequests,C:\Users\tyin363\Documents\repos\apache__ratis\ratis-server\src\main\java\org\apache\ratis\server\impl\MessageStreamRequests.java,36
org.apache.ratis:ratis-common:jar:3.1.3,ClassOrInterfaceType,org.apache.ratis.conf.RaftProperties,RaftProperties,C:\Users\tyin363\Documents\repos\apache__ratis\ratis-server\src\main\java\org\apache\ratis\server\impl\DivisionPropertiesImpl.java,32
CLIENT:client-code:N/A:N/A,FieldAccessExpr,org.apache.ratis.server.raftlog.segmented.SegmentedRaftLogInputStream,logFile,C:\Users\tyin363\Documents\repos\apache__ratis\ratis-server\src\main\java\org\apache\ratis\server\raftlog\segmented\SegmentedRaftLogInputStream.java,76
JDK:java.base:N/A:N/A,ClassOrInterfaceType,java.io.IOException,IOException,C:\Users\tyin363\Documents\repos\apache__ratis\ratis-server\src\main\java\org\apache\ratis\server\raftlog\segmented\SegmentedRaftLogReader.java,171
JDK:java.base:N/A:N/A,ClassOrInterfaceType,java.util.concurrent.atomic.AtomicLong,AtomicLong,C:\Users\tyin363\Documents\repos\apache__ratis\ratis-server\src\main\java\org\apache\ratis\server\leader\LogAppenderDefault.java,162
CLIENT:client-code:N/A:N/A,MethodCallExpr,org.apache.ratis.server.leader.LogAppenderBase,isRunning,C:\Users\tyin363\Documents\repos\apache__ratis\ratis-server\src\main\java\org\apache\ratis\server\leader\LogAppenderDefault.java,169
JDK:java.base:N/A:N/A,ClassOrInterfaceType,java.lang.Object,Object,C:\Users\tyin363\Documents\repos\apache__ratis\ratis-server\src\main\java\org\apache\ratis\server\impl\DataStreamMapImpl.java,38
CLIENT:client-code:N/A:N/A,MethodCallExpr,org.apache.ratis.server.metrics.RaftServerMetricsImpl,onRequestByteSizeLimitHit,C:\Users\tyin363\Documents\repos\apache__ratis\ratis-server\src\main\java\org\apache\ratis\server\impl\PendingRequests.java,130
CLIENT:client-code:N/A:N/A,NameExpr,org.apache.ratis.server.impl.VoteContext,conf,C:\Users\tyin363\Documents\repos\apache__ratis\ratis-server\src\main\java\org\apache\ratis\server\impl\VoteContext.java,153
CLIENT:client-code:N/A:N/A,NameExpr,org.apache.ratis.server.raftlog.segmented.SegmentedRaftLogReader,in,C:\Users\tyin363\Documents\repos\apache__ratis\ratis-server\src\main\java\org\apache\ratis\server\raftlog\segmented\SegmentedRaftLogReader.java,230
CLIENT:client-code:N/A:N/A,FieldAccessExpr,org.apache.ratis.server.storage.FileChunkReader,in,C:\Users\tyin363\Documents\repos\apache__ratis\ratis-server\src\main\java\org\apache\ratis\server\storage\FileChunkReader.java,60
JDK:java.base:N/A:N/A,MethodCallExpr,java.util.Iterator,next,C:\Users\tyin363\Documents\repos\apache__ratis\ratis-server\src\main\java\org\apache\ratis\server\impl\PendingRequests.java,202
,MethodCallExpr,org.apache.ratis.proto.RaftProtos.LogEntryProto,getIndex,C:\Users\tyin363\Documents\repos\apache__ratis\ratis-server\src\main\java\org\apache\ratis\server\raftlog\segmented\SegmentedRaftLogInputStream.java,213
JDK:java.base:N/A:N/A,ObjectCreationExpr,java.util.concurrent.atomic.AtomicInteger,AtomicInteger,C:\Users\tyin363\Documents\repos\apache__ratis\ratis-server\src\main\java\org\apache\ratis\server\impl\FollowerState.java,67
,ClassOrInterfaceType,org.apache.ratis.proto.RaftProtos.RequestVoteReplyProto,RequestVoteReplyProto,C:\Users\tyin363\Documents\repos\apache__ratis\ratis-server\src\main\java\org\apache\ratis\server\util\ServerStringUtils.java,117
CLIENT:client-code:N/A:N/A,ClassOrInterfaceType,org.apache.ratis.server.impl.PendingRequest,PendingRequest,C:\Users\tyin363\Documents\repos\apache__ratis\ratis-server\src\main\java\org\apache\ratis\server\impl\PendingRequests.java,166
JDK:java.base:N/A:N/A,MethodCallExpr,java.io.DataInputStream,readInt,C:\Users\tyin363\Documents\repos\apache__ratis\ratis-server\src\main\java\org\apache\ratis\server\raftlog\segmented\SegmentedRaftLogReader.java,322
CLIENT:client-code:N/A:N/A,NameExpr,org.apache.ratis.server.raftlog.segmented.SegmentedRaftLogInputStream,reader,C:\Users\tyin363\Documents\repos\apache__ratis\ratis-server\src\main\java\org\apache\ratis\server\raftlog\segmented\SegmentedRaftLogInputStream.java,159
JDK:java.base:N/A:N/A,ClassOrInterfaceType,java.util.concurrent.atomic.AtomicLong,AtomicLong,C:\Users\tyin363\Documents\repos\apache__ratis\ratis-server\src\main\java\org\apache\ratis\server\impl\PendingRequests.java,108
CLIENT:client-code:N/A:N/A,ClassOrInterfaceType,org.apache.ratis.server.storage.RaftStorageDirectoryImpl.StorageState,StorageState,C:\Users\tyin363\Documents\repos\apache__ratis\ratis-server\src\main\java\org\apache\ratis\server\storage\RaftStorageImpl.java,43
org.slf4j:slf4j-api:jar:2.0.7,MethodCallExpr,org.slf4j.LoggerFactory,getLogger,C:\Users\tyin363\Documents\repos\apache__ratis\ratis-server\src\main\java\org\apache\ratis\server\impl\FollowerState.java,57
org.slf4j:slf4j-api:jar:2.0.7,MethodCallExpr,org.slf4j.Logger,info,C:\Users\tyin363\Documents\repos\apache__ratis\ratis-server\src\main\java\org\apache\ratis\server\impl\FollowerState.java,113
JDK:java.base:N/A:N/A,MethodCallExpr,java.util.concurrent.atomic.AtomicLong,get,C:\Users\tyin363\Documents\repos\apache__ratis\ratis-server\src\main\java\org\apache\ratis\server\leader\LogAppenderDefault.java,165
CLIENT:client-code:N/A:N/A,MethodCallExpr,org.apache.ratis.server.raftlog.memory.MemoryRaftLog.EntryList,add,C:\Users\tyin363\Documents\repos\apache__ratis\ratis-server\src\main\java\org\apache\ratis\server\raftlog\memory\MemoryRaftLog.java,173
CLIENT:client-code:N/A:N/A,NameExpr,org.apache.ratis.server.impl.FollowerState,LOG,C:\Users\tyin363\Documents\repos\apache__ratis\ratis-server\src\main\java\org\apache\ratis\server\impl\FollowerState.java,122
JDK:java.base:N/A:N/A,ClassOrInterfaceType,java.util.zip.Checksum,Checksum,C:\Users\tyin363\Documents\repos\apache__ratis\ratis-server\src\main\java\org\apache\ratis\server\raftlog\segmented\SegmentedRaftLogReader.java,149
,FieldAccessExpr,org.apache.ratis.statemachine.impl.TransactionContextImpl,stateMachine,C:\Users\tyin363\Documents\repos\apache__ratis\ratis-server\src\main\java\org\apache\ratis\statemachine\impl\TransactionContextImpl.java,81
org.apache.ratis:ratis-common:jar:3.1.3,MethodCallExpr,org.apache.ratis.util.OpenCloseState,isOpened,C:\Users\tyin363\Documents\repos\apache__ratis\ratis-server\src\main\java\org\apache\ratis\server\raftlog\segmented\SegmentedRaftLogInputStream.java,149
org.apache.ratis:ratis-common:jar:3.1.3,ClassOrInterfaceType,org.apache.ratis.util.AutoCloseableLock,AutoCloseableLock,C:\Users\tyin363\Documents\repos\apache__ratis\ratis-server\src\main\java\org\apache\ratis\server\raftlog\memory\MemoryRaftLog.java,163
,ClassOrInterfaceType,org.apache.ratis.proto.RaftProtos.InstallSnapshotRequestProto,InstallSnapshotRequestProto,C:\Users\tyin363\Documents\repos\apache__ratis\ratis-server\src\main\java\org\apache\ratis\server\leader\LeaderProtoUtils.java,63
CLIENT:client-code:N/A:N/A,MethodCallExpr,org.apache.ratis.server.storage.RaftStorageImpl,unlockOnFailure,C:\Users\tyin363\Documents\repos\apache__ratis\ratis-server\src\main\java\org\apache\ratis\server\storage\RaftStorageImpl.java,69
JDK:java.base:N/A:N/A,ClassOrInterfaceType,java.util.concurrent.ConcurrentHashMap,ConcurrentHashMap,C:\Users\tyin363\Documents\repos\apache__ratis\ratis-server\src\main\java\org\apache\ratis\server\impl\DataStreamMapImpl.java,36
org.apache.ratis:ratis-common:jar:3.1.3,ObjectCreationExpr,org.apache.ratis.io.CorruptedFileException,CorruptedFileException,C:\Users\tyin363\Documents\repos\apache__ratis\ratis-server\src\main\java\org\apache\ratis\server\raftlog\segmented\SegmentedRaftLogReader.java,193
JDK:java.base:N/A:N/A,ClassOrInterfaceType,java.lang.Long,Long,C:\Users\tyin363\Documents\repos\apache__ratis\ratis-server\src\main\java\org\apache\ratis\server\leader\LogAppenderDefault.java,54
,MethodCallExpr,org.apache.ratis.proto.RaftProtos.AppendEntriesRequestProto,getInitializing,C:\Users\tyin363\Documents\repos\apache__ratis\ratis-server\src\main\java\org\apache\ratis\server\util\ServerStringUtils.java,58
JDK:java.base:N/A:N/A,MethodCallExpr,java.util.Optional,orElseGet,C:\Users\tyin363\Documents\repos\apache__ratis\ratis-server\src\main\java\org\apache\ratis\server\storage\RaftStorageImpl.java,50
CLIENT:client-code:N/A:N/A,MethodCallExpr,org.apache.ratis.server.raftlog.RaftLogBase,checkLogState,C:\Users\tyin363\Documents\repos\apache__ratis\ratis-server\src\main\java\org\apache\ratis\server\raftlog\memory\MemoryRaftLog.java,117
CLIENT:client-code:N/A:N/A,ClassOrInterfaceType,org.apache.ratis.server.raftlog.segmented.SegmentedRaftLogReader.LimitedInputStream,LimitedInputStream,C:\Users\tyin363\Documents\repos\apache__ratis\ratis-server\src\main\java\org\apache\ratis\server\raftlog\segmented\SegmentedRaftLogReader.java,155
org.apache.ratis:ratis-common:jar:3.1.3,MethodCallExpr,org.apache.ratis.rpc.CallId,getComparator,C:\Users\tyin363\Documents\repos\apache__ratis\ratis-server\src\main\java\org\apache\ratis\server\leader\LogAppenderDefault.java,55
JDK:java.base:N/A:N/A,MethodCallExpr,java.util.Optional,ofNullable,C:\Users\tyin363\Documents\repos\apache__ratis\ratis-server\src\main\java\org\apache\ratis\server\raftlog\segmented\SegmentedRaftLogReader.java,240
CLIENT:client-code:N/A:N/A,NameExpr,org.apache.ratis.server.impl.PendingRequests.RequestMap,map,C:\Users\tyin363\Documents\repos\apache__ratis\ratis-server\src\main\java\org\apache\ratis\server\impl\PendingRequests.java,195
JDK:java.base:N/A:N/A,MethodCallExpr,java.util.Collections,emptyList,C:\Users\tyin363\Documents\repos\apache__ratis\ratis-server\src\main\java\org\apache\ratis\server\raftlog\memory\MemoryRaftLog.java,187
org.slf4j:slf4j-api:jar:2.0.7,MethodCallExpr,org.slf4j.Logger,warn,C:\Users\tyin363\Documents\repos\apache__ratis\ratis-server\src\main\java\org\apache\ratis\server\raftlog\segmented\SegmentedRaftLogInputStream.java,183
org.slf4j:slf4j-api:jar:2.0.7,MethodCallExpr,org.slf4j.LoggerFactory,getLogger,C:\Users\tyin363\Documents\repos\apache__ratis\ratis-server\src\main\java\org\apache\ratis\server\impl\PendingRequests.java,52
CLIENT:client-code:N/A:N/A,MethodCallExpr,org.apache.ratis.server.storage.RaftStorageDirectoryImpl,clearDirectory,C:\Users\tyin363\Documents\repos\apache__ratis\ratis-server\src\main\java\org\apache\ratis\server\storage\RaftStorageImpl.java,96
org.apache.ratis:ratis-server-api:jar:3.1.3,MethodCallExpr,org.apache.ratis.server.DivisionInfo,isListener,C:\Users\tyin363\Documents\repos\apache__ratis\ratis-server\src\main\java\org\apache\ratis\server\impl\FollowerState.java,120
,MethodCallExpr,org.apache.ratis.proto.RaftProtos.ReadRequestTypeProto,getReadAfterWriteConsistent,C:\Users\tyin363\Documents\repos\apache__ratis\ratis-server\src\main\java\org\apache\ratis\server\impl\WriteIndexCache.java,60
CLIENT:client-code:N/A:N/A,NameExpr,org.apache.ratis.server.storage.FileChunkReader,offset,C:\Users\tyin363\Documents\repos\apache__ratis\ratis-server\src\main\java\org\apache\ratis\server\storage\FileChunkReader.java,116
CLIENT:client-code:N/A:N/A,MethodCallExpr,org.apache.ratis.server.raftlog.segmented.SegmentedRaftLogReader,checkBufferSize,C:\Users\tyin363\Documents\repos\apache__ratis\ratis-server\src\main\java\org\apache\ratis\server\raftlog\segmented\SegmentedRaftLogReader.java,314
CLIENT:client-code:N/A:N/A,ClassOrInterfaceType,org.apache.ratis.server.impl.PendingRequest,PendingRequest,C:\Users\tyin363\Documents\repos\apache__ratis\ratis-server\src\main\java\org\apache\ratis\server\impl\PendingRequests.java,172
CLIENT:client-code:N/A:N/A,MethodCallExpr,org.apache.ratis.server.impl.RaftServerImpl,getState,C:\Users\tyin363\Documents\repos\apache__ratis\ratis-server\src\main\java\org\apache\ratis\server\impl\VoteContext.java,73
CLIENT:client-code:N/A:N/A,FieldAccessExpr,org.apache.ratis.server.raftlog.segmented.SegmentedRaftLogInputStream.LogValidation,endIndex,C:\Users\tyin363\Documents\repos\apache__ratis\ratis-server\src\main\java\org\apache\ratis\server\raftlog\segmented\SegmentedRaftLogInputStream.java,49
JDK:java.base:N/A:N/A,ClassOrInterfaceType,java.io.FileNotFoundException,FileNotFoundException,C:\Users\tyin363\Documents\repos\apache__ratis\ratis-server\src\main\java\org\apache\ratis\server\storage\RaftStorageImpl.java,115
CLIENT:client-code:N/A:N/A,ClassOrInterfaceType,org.apache.ratis.server.impl.RaftConfigurationImpl,RaftConfigurationImpl,C:\Users\tyin363\Documents\repos\apache__ratis\ratis-server\src\main\java\org\apache\ratis\server\impl\ConfigurationManager.java,41
JDK:java.base:N/A:N/A,MethodCallExpr,java.lang.Math,min,C:\Users\tyin363\Documents\repos\apache__ratis\ratis-server\src\main\java\org\apache\ratis\server\raftlog\memory\MemoryRaftLog.java,131
JDK:java.base:N/A:N/A,ObjectCreationExpr,java.io.IOException,IOException,C:\Users\tyin363\Documents\repos\apache__ratis\ratis-server\src\main\java\org\apache\ratis\server\raftlog\segmented\SegmentedRaftLogReader.java,136
CLIENT:client-code:N/A:N/A,NameExpr,org.apache.ratis.server.storage.FileChunkReader,chunkIndex,C:\Users\tyin363\Documents\repos\apache__ratis\ratis-server\src\main\java\org\apache\ratis\server\storage\FileChunkReader.java,97
CLIENT:client-code:N/A:N/A,MethodCallExpr,org.apache.ratis.server.storage.RaftStorageImpl.MetaFile,set,C:\Users\tyin363\Documents\repos\apache__ratis\ratis-server\src\main\java\org\apache\ratis\server\storage\RaftStorageImpl.java,97
org.apache.ratis:ratis-common:jar:3.1.3,ClassOrInterfaceType,org.apache.ratis.util.TimeDuration,TimeDuration,C:\Users\tyin363\Documents\repos\apache__ratis\ratis-server\src\main\java\org\apache\ratis\server\impl\FollowerState.java,149
org.apache.ratis:ratis-server-api:jar:3.1.3,ClassOrInterfaceType,org.apache.ratis.server.raftlog.RaftLogIOException,RaftLogIOException,C:\Users\tyin363\Documents\repos\apache__ratis\ratis-server\src\main\java\org\apache\ratis\server\leader\LogAppenderDefault.java,90
CLIENT:client-code:N/A:N/A,ClassOrInterfaceType,org.apache.ratis.server.raftlog.segmented.LogSegment,LogSegment,C:\Users\tyin363\Documents\repos\apache__ratis\ratis-server\src\main\java\org\apache\ratis\server\raftlog\segmented\CacheInvalidationPolicy.java,117
JDK:java.base:N/A:N/A,ObjectCreationExpr,java.util.ArrayList,ArrayList,C:\Users\tyin363\Documents\repos\apache__ratis\ratis-server\src\main\java\org\apache\ratis\statemachine\impl\FileListSnapshotInfo.java,40
CLIENT:client-code:N/A:N/A,NameExpr,org.apache.ratis.server.impl.FollowerState,reason,C:\Users\tyin363\Documents\repos\apache__ratis\ratis-server\src\main\java\org\apache\ratis\server\impl\FollowerState.java,105
CLIENT:client-code:N/A:N/A,MethodCallExpr,org.apache.ratis.server.raftlog.memory.MemoryRaftLog,get,C:\Users\tyin363\Documents\repos\apache__ratis\ratis-server\src\main\java\org\apache\ratis\server\raftlog\memory\MemoryRaftLog.java,112
,NameExpr,org.apache.ratis.statemachine.impl.TransactionContextImpl,stateMachineLogEntry,C:\Users\tyin363\Documents\repos\apache__ratis\ratis-server\src\main\java\org\apache\ratis\statemachine\impl\TransactionContextImpl.java,157
JDK:java.base:N/A:N/A,MethodCallExpr,java.io.FilterInputStream,reset,C:\Users\tyin363\Documents\repos\apache__ratis\ratis-server\src\main\java\org\apache\ratis\server\raftlog\segmented\SegmentedRaftLogReader.java,224
JDK:java.base:N/A:N/A,MethodCallExpr,java.io.FilterInputStream,mark,C:\Users\tyin363\Documents\repos\apache__ratis\ratis-server\src\main\java\org\apache\ratis\server\raftlog\segmented\SegmentedRaftLogReader.java,316
JDK:java.base:N/A:N/A,MethodCallExpr,java.lang.Object,getClass,C:\Users\tyin363\Documents\repos\apache__ratis\ratis-server\src\main\java\org\apache\ratis\server\impl\MessageStreamRequests.java,84
,MethodCallExpr,org.apache.ratis.proto.RaftProtos.InstallSnapshotRequestProto.SnapshotChunkProto.Builder,setTotalSize,C:\Users\tyin363\Documents\repos\apache__ratis\ratis-server\src\main\java\org\apache\ratis\server\leader\LeaderProtoUtils.java,40
CLIENT:client-code:N/A:N/A,NameExpr,org.apache.ratis.server.impl.PendingRequests.RequestMap,raftServerMetrics,C:\Users\tyin363\Documents\repos\apache__ratis\ratis-server\src\main\java\org\apache\ratis\server\impl\PendingRequests.java,126
JDK:java.base:N/A:N/A,MethodCallExpr,java.io.FilterInputStream,read,C:\Users\tyin363\Documents\repos\apache__ratis\ratis-server\src\main\java\org\apache\ratis\server\raftlog\segmented\SegmentedRaftLogReader.java,87
JDK:java.base:N/A:N/A,ClassOrInterfaceType,java.util.HashMap,HashMap,C:\Users\tyin363\Documents\repos\apache__ratis\ratis-server\src\main\java\org\apache\ratis\server\impl\PendingRequests.java,104
CLIENT:client-code:N/A:N/A,MethodCallExpr,org.apache.ratis.server.leader.LogAppenderBase,getNextIndexForInconsistency,C:\Users\tyin363\Documents\repos\apache__ratis\ratis-server\src\main\java\org\apache\ratis\server\leader\LogAppenderDefault.java,200
,MethodCallExpr,org.apache.ratis.proto.RaftProtos.InstallSnapshotRequestProto,getInstallSnapshotRequestBodyCase,C:\Users\tyin363\Documents\repos\apache__ratis\ratis-server\src\main\java\org\apache\ratis\server\util\ServerStringUtils.java,80
CLIENT:client-code:N/A:N/A,ClassOrInterfaceType,org.apache.ratis.server.impl.PendingRequests.Permit,Permit,C:\Users\tyin363\Documents\repos\apache__ratis\ratis-server\src\main\java\org\apache\ratis\server\impl\PendingRequests.java,149
CLIENT:client-code:N/A:N/A,ClassOrInterfaceType,org.apache.ratis.server.impl.RaftConfigurationImpl,RaftConfigurationImpl,C:\Users\tyin363\Documents\repos\apache__ratis\ratis-server\src\main\java\org\apache\ratis\server\impl\ConfigurationManager.java,42
JDK:java.base:N/A:N/A,ObjectCreationExpr,java.io.IOException,IOException,C:\Users\tyin363\Documents\repos\apache__ratis\ratis-server\src\main\java\org\apache\ratis\server\storage\RaftStorageImpl.java,75
CLIENT:client-code:N/A:N/A,NameExpr,org.apache.ratis.server.storage.RaftStorageImpl,storageDir,C:\Users\tyin363\Documents\repos\apache__ratis\ratis-server\src\main\java\org\apache\ratis\server\storage\RaftStorageImpl.java,121
CLIENT:client-code:N/A:N/A,NameExpr,org.apache.ratis.server.raftlog.segmented.SegmentedRaftLogReader,LOG,C:\Users\tyin363\Documents\repos\apache__ratis\ratis-server\src\main\java\org\apache\ratis\server\raftlog\segmented\SegmentedRaftLogReader.java,357
JDK:java.base:N/A:N/A,ClassOrInterfaceType,java.lang.Object,Object,C:\Users\tyin363\Documents\repos\apache__ratis\ratis-server\src\main\java\org\apache\ratis\server\raftlog\segmented\LogSegmentStartEnd.java,130
CLIENT:client-code:N/A:N/A,MethodCallExpr,org.apache.ratis.server.impl.VoteContext,reject,C:\Users\tyin363\Documents\repos\apache__ratis\ratis-server\src\main\java\org\apache\ratis\server\impl\VoteContext.java,107
JDK:java.base:N/A:N/A,MethodCallExpr,java.io.File,exists,C:\Users\tyin363\Documents\repos\apache__ratis\ratis-server\src\main\java\org\apache\ratis\server\storage\RaftStorageImpl.java,155
CLIENT:client-code:N/A:N/A,NameExpr,org.apache.ratis.server.impl.ConfigurationManager,configurations,C:\Users\tyin363\Documents\repos\apache__ratis\ratis-server\src\main\java\org\apache\ratis\server\impl\ConfigurationManager.java,77
JDK:java.base:N/A:N/A,ClassOrInterfaceType,java.util.concurrent.ConcurrentHashMap,ConcurrentHashMap,C:\Users\tyin363\Documents\repos\apache__ratis\ratis-server\src\main\java\org\apache\ratis\server\impl\MessageStreamRequests.java,65
CLIENT:client-code:N/A:N/A,MethodCallExpr,org.apache.ratis.server.impl.PendingRequests.RequestMap,remove,C:\Users\tyin363\Documents\repos\apache__ratis\ratis-server\src\main\java\org\apache\ratis\server\impl\PendingRequests.java,274
,MethodCallExpr,org.apache.ratis.proto.RaftProtos.AppendEntriesReplyProto,getMatchIndex,C:\Users\tyin363\Documents\repos\apache__ratis\ratis-server\src\main\java\org\apache\ratis\server\util\ServerStringUtils.java,72
CLIENT:client-code:N/A:N/A,NameExpr,org.apache.ratis.server.impl.FollowerState,server,C:\Users\tyin363\Documents\repos\apache__ratis\ratis-server\src\main\java\org\apache\ratis\server\impl\FollowerState.java,147
JDK:java.base:N/A:N/A,MethodCallExpr,java.util.List,isEmpty,C:\Users\tyin363\Documents\repos\apache__ratis\ratis-server\src\main\java\org\apache\ratis\server\raftlog\segmented\CacheInvalidationPolicy.java,115
org.apache.ratis:ratis-server-api:jar:3.1.3,NameExpr,org.apache.ratis.server.storage.RaftStorage,LOG,C:\Users\tyin363\Documents\repos\apache__ratis\ratis-server\src\main\java\org\apache\ratis\server\storage\RaftStorageImpl.java,118
CLIENT:client-code:N/A:N/A,NameExpr,org.apache.ratis.server.impl.ConfigurationManager,configurations,C:\Users\tyin363\Documents\repos\apache__ratis\ratis-server\src\main\java\org\apache\ratis\server\impl\ConfigurationManager.java,76
org.apache.ratis:ratis-server-api:jar:3.1.3,MethodCallExpr,org.apache.ratis.server.leader.LogAppender,shouldInstallSnapshot,C:\Users\tyin363\Documents\repos\apache__ratis\ratis-server\src\main\java\org\apache\ratis\server\leader\LogAppenderDefault.java,139
JDK:java.base:N/A:N/A,ClassOrInterfaceType,java.util.List,List,C:\Users\tyin363\Documents\repos\apache__ratis\ratis-server\src\main\java\org\apache\ratis\server\raftlog\memory\MemoryRaftLog.java,184
CLIENT:client-code:N/A:N/A,ClassOrInterfaceType,org.apache.ratis.server.impl.VoteContext.CheckTermResult,CheckTermResult,C:\Users\tyin363\Documents\repos\apache__ratis\ratis-server\src\main\java\org\apache\ratis\server\impl\VoteContext.java,119
CLIENT:client-code:N/A:N/A,NameExpr,org.apache.ratis.server.impl.PendingRequests.RequestMap,raftServerMetrics,C:\Users\tyin363\Documents\repos\apache__ratis\ratis-server\src\main\java\org\apache\ratis\server\impl\PendingRequests.java,127
,MethodCallExpr,org.apache.ratis.protocol.RaftClientRequest.Type,getRead,C:\Users\tyin363\Documents\repos\apache__ratis\ratis-server\src\main\java\org\apache\ratis\server\impl\WriteIndexCache.java,60
org.apache.ratis:ratis-server-api:jar:3.1.3,MethodCallExpr,org.apache.ratis.server.storage.RaftStorageMetadataFile,getMetadata,C:\Users\tyin363\Documents\repos\apache__ratis\ratis-server\src\main\java\org\apache\ratis\server\storage\RaftStorageImpl.java,117
CLIENT:client-code:N/A:N/A,FieldAccessExpr,org.apache.ratis.server.impl.VoteContext,candidateId,C:\Users\tyin363\Documents\repos\apache__ratis\ratis-server\src\main\java\org\apache\ratis\server\impl\VoteContext.java,41
,MethodCallExpr,org.apache.ratis.proto.RaftProtos.AppendEntriesRequestProto,getEntries,C:\Users\tyin363\Documents\repos\apache__ratis\ratis-server\src\main\java\org\apache\ratis\server\leader\LogAppenderDefault.java,83
org.apache.ratis:ratis-common:jar:3.1.3,ClassOrInterfaceType,org.apache.ratis.util.TimeDuration,TimeDuration,C:\Users\tyin363\Documents\repos\apache__ratis\ratis-server\src\main\java\org\apache\ratis\server\impl\FollowerState.java,147
,MethodCallExpr,org.apache.ratis.protocol.RaftClientRequest.Type,getMessageStream,C:\Users\tyin363\Documents\repos\apache__ratis\ratis-server\src\main\java\org\apache\ratis\server\impl\MessageStreamRequests.java,96
CLIENT:client-code:N/A:N/A,NameExpr,org.apache.ratis.server.impl.DivisionPropertiesImpl,rpcTimeoutMax,C:\Users\tyin363\Documents\repos\apache__ratis\ratis-server\src\main\java\org\apache\ratis\server\impl\DivisionPropertiesImpl.java,49
CLIENT:client-code:N/A:N/A,ClassOrInterfaceType,org.apache.ratis.server.raftlog.segmented.SegmentedRaftLogInputStream.LogValidation,LogValidation,C:\Users\tyin363\Documents\repos\apache__ratis\ratis-server\src\main\java\org\apache\ratis\server\raftlog\segmented\SegmentedRaftLogInputStream.java,176
CLIENT:client-code:N/A:N/A,NameExpr,org.apache.ratis.server.raftlog.segmented.SegmentedRaftLogInputStream,reader,C:\Users\tyin363\Documents\repos\apache__ratis\ratis-server\src\main\java\org\apache\ratis\server\raftlog\segmented\SegmentedRaftLogInputStream.java,150
,MethodCallExpr,org.apache.ratis.proto.RaftProtos.InstallSnapshotRequestProto.Builder,setServerRequest,C:\Users\tyin363\Documents\repos\apache__ratis\ratis-server\src\main\java\org\apache\ratis\server\leader\LeaderProtoUtils.java,68
CLIENT:client-code:N/A:N/A,MethodCallExpr,org.apache.ratis.server.raftlog.segmented.LogSegment,hasCache,C:\Users\tyin363\Documents\repos\apache__ratis\ratis-server\src\main\java\org\apache\ratis\server\raftlog\segmented\CacheInvalidationPolicy.java,119
CLIENT:client-code:N/A:N/A,NameExpr,org.apache.ratis.server.raftlog.segmented.SegmentedRaftLogInputStream,maxOpSize,C:\Users\tyin363\Documents\repos\apache__ratis\ratis-server\src\main\java\org\apache\ratis\server\raftlog\segmented\SegmentedRaftLogInputStream.java,86
JDK:java.base:N/A:N/A,MethodCallExpr,java.lang.Thread,currentThread,C:\Users\tyin363\Documents\repos\apache__ratis\ratis-server\src\main\java\org\apache\ratis\server\raftlog\segmented\SegmentedRaftLogReader.java,177
CLIENT:client-code:N/A:N/A,MethodCallExpr,org.apache.ratis.server.storage.RaftStorageDirectoryImpl,getMetaConfFile,C:\Users\tyin363\Documents\repos\apache__ratis\ratis-server\src\main\java\org\apache\ratis\server\storage\RaftStorageImpl.java,154
CLIENT:client-code:N/A:N/A,ClassOrInterfaceType,org.apache.ratis.server.metrics.RaftServerMetricsImpl,RaftServerMetricsImpl,C:\Users\tyin363\Documents\repos\apache__ratis\ratis-server\src\main\java\org\apache\ratis\server\impl\PendingRequests.java,101
CLIENT:client-code:N/A:N/A,NameExpr,org.apache.ratis.server.raftlog.segmented.LogSegmentStartEnd,LOG_FILE_NAME_PREFIX,C:\Users\tyin363\Documents\repos\apache__ratis\ratis-server\src\main\java\org\apache\ratis\server\raftlog\segmented\LogSegmentStartEnd.java,54
JDK:java.base:N/A:N/A,MethodCallExpr,java.lang.Thread,currentThread,C:\Users\tyin363\Documents\repos\apache__ratis\ratis-server\src\main\java\org\apache\ratis\server\impl\FollowerState.java,172
org.apache.ratis:ratis-server-api:jar:3.1.3,ClassOrInterfaceType,org.apache.ratis.server.protocol.TermIndex,TermIndex,C:\Users\tyin363\Documents\repos\apache__ratis\ratis-server\src\main\java\org\apache\ratis\server\leader\LeaderProtoUtils.java,57
CLIENT:client-code:N/A:N/A,NameExpr,org.apache.ratis.server.storage.FileChunkReader,chunkIndex,C:\Users\tyin363\Documents\repos\apache__ratis\ratis-server\src\main\java\org\apache\ratis\server\storage\FileChunkReader.java,102
CLIENT:client-code:N/A:N/A,MethodCallExpr,org.apache.ratis.server.leader.LogAppenderBase,shouldSendAppendEntries,C:\Users\tyin363\Documents\repos\apache__ratis\ratis-server\src\main\java\org\apache\ratis\server\leader\LogAppenderDefault.java,138
CLIENT:client-code:N/A:N/A,FieldAccessExpr,org.apache.ratis.server.raftlog.segmented.SegmentedRaftLogInputStream,startEnd,C:\Users\tyin363\Documents\repos\apache__ratis\ratis-server\src\main\java\org\apache\ratis\server\raftlog\segmented\SegmentedRaftLogInputStream.java,77
JDK:java.base:N/A:N/A,ClassOrInterfaceType,java.lang.InterruptedException,InterruptedException,C:\Users\tyin363\Documents\repos\apache__ratis\ratis-server\src\main\java\org\apache\ratis\server\leader\LogAppenderDefault.java,136
CLIENT:client-code:N/A:N/A,FieldAccessExpr,org.apache.ratis.server.storage.RaftStorageImpl,startupOption,C:\Users\tyin363\Documents\repos\apache__ratis\ratis-server\src\main\java\org\apache\ratis\server\storage\RaftStorageImpl.java,51
JDK:java.base:N/A:N/A,ClassOrInterfaceType,java.lang.String,String,C:\Users\tyin363\Documents\repos\apache__ratis\ratis-server\src\main\java\org\apache\ratis\server\impl\VoteContext.java,48
,NameExpr,org.apache.ratis.statemachine.impl.TransactionContextImpl,clientRequest,C:\Users\tyin363\Documents\repos\apache__ratis\ratis-server\src\main\java\org\apache\ratis\statemachine\impl\TransactionContextImpl.java,126
org.apache.ratis:ratis-server-api:jar:3.1.3,ClassOrInterfaceType,org.apache.ratis.server.DataStreamMap,DataStreamMap,C:\Users\tyin363\Documents\repos\apache__ratis\ratis-server\src\main\java\org\apache\ratis\server\impl\DataStreamMapImpl.java,32
,MethodCallExpr,org.apache.ratis.proto.RaftProtos.LogEntryProto,getTerm,C:\Users\tyin363\Documents\repos\apache__ratis\ratis-server\src\main\java\org\apache\ratis\server\raftlog\memory\MemoryRaftLog.java,202
org.apache.ratis:ratis-common:jar:3.1.3,MethodCallExpr,org.apache.ratis.util.TimeDuration,sleep,C:\Users\tyin363\Documents\repos\apache__ratis\ratis-server\src\main\java\org\apache\ratis\server\impl\FollowerState.java,149
org.slf4j:slf4j-api:jar:2.0.7,MethodCallExpr,org.slf4j.Logger,debug,C:\Users\tyin363\Documents\repos\apache__ratis\ratis-server\src\main\java\org\apache\ratis\server\impl\PendingRequests.java,155
CLIENT:client-code:N/A:N/A,MethodCallExpr,org.apache.ratis.server.raftlog.RaftLogBase,close,C:\Users\tyin363\Documents\repos\apache__ratis\ratis-server\src\main\java\org\apache\ratis\server\raftlog\memory\MemoryRaftLog.java,93
CLIENT:client-code:N/A:N/A,MethodReferenceExpr,org.apache.ratis.server.raftlog.segmented.SegmentedRaftLogReader,close,C:\Users\tyin363\Documents\repos\apache__ratis\ratis-server\src\main\java\org\apache\ratis\server\raftlog\segmented\SegmentedRaftLogInputStream.java,159
CLIENT:client-code:N/A:N/A,MethodCallExpr,org.apache.ratis.server.impl.RoleInfo,getCurrentRole,C:\Users\tyin363\Documents\repos\apache__ratis\ratis-server\src\main\java\org\apache\ratis\server\impl\VoteContext.java,137
org.apache.ratis:ratis-common:jar:3.1.3,MethodCallExpr,org.apache.ratis.util.TimeDuration,compareTo,C:\Users\tyin363\Documents\repos\apache__ratis\ratis-server\src\main\java\org\apache\ratis\server\impl\FollowerState.java,139
org.apache.ratis:ratis-common:jar:3.1.3,ClassOrInterfaceType,org.apache.ratis.util.TimeDuration,TimeDuration,C:\Users\tyin363\Documents\repos\apache__ratis\ratis-server\src\main\java\org\apache\ratis\server\impl\FollowerState.java,145
org.apache.ratis:ratis-common:jar:3.1.3,ClassOrInterfaceType,org.apache.ratis.protocol.exceptions.NotLeaderException,NotLeaderException,C:\Users\tyin363\Documents\repos\apache__ratis\ratis-server\src\main\java\org\apache\ratis\server\impl\PendingRequests.java,285
JDK:java.base:N/A:N/A,ClassOrInterfaceType,java.util.concurrent.atomic.AtomicReference,AtomicReference,C:\Users\tyin363\Documents\repos\apache__ratis\ratis-server\src\main\java\org\apache\ratis\server\impl\WriteIndexCache.java,52
CLIENT:client-code:N/A:N/A,NameExpr,org.apache.ratis.server.raftlog.segmented.LogSegmentStartEnd,CLOSED_SEGMENT_PATTERN,C:\Users\tyin363\Documents\repos\apache__ratis\ratis-server\src\main\java\org\apache\ratis\server\raftlog\segmented\LogSegmentStartEnd.java,41
,NameExpr,org.apache.ratis.statemachine.impl.TransactionContextImpl,logEntry,C:\Users\tyin363\Documents\repos\apache__ratis\ratis-server\src\main\java\org\apache\ratis\statemachine\impl\TransactionContextImpl.java,166
CLIENT:client-code:N/A:N/A,MethodCallExpr,org.apache.ratis.server.raftlog.segmented.LogSegmentStartEnd,getClosedLogFileName,C:\Users\tyin363\Documents\repos\apache__ratis\ratis-server\src\main\java\org\apache\ratis\server\raftlog\segmented\LogSegmentStartEnd.java,99
org.apache.ratis:ratis-server-api:jar:3.1.3,MethodCallExpr,org.apache.ratis.server.leader.LogAppender,hasAppendEntries,C:\Users\tyin363\Documents\repos\apache__ratis\ratis-server\src\main\java\org\apache\ratis\server\leader\LogAppenderDefault.java,169
CLIENT:client-code:N/A:N/A,MethodCallExpr,org.apache.ratis.server.impl.PendingRequest,setNotLeaderException,C:\Users\tyin363\Documents\repos\apache__ratis\ratis-server\src\main\java\org\apache\ratis\server\impl\PendingRequests.java,291
org.apache.ratis:ratis-common:jar:3.1.3,ClassOrInterfaceType,org.apache.ratis.util.AutoCloseableLock,AutoCloseableLock,C:\Users\tyin363\Documents\repos\apache__ratis\ratis-server\src\main\java\org\apache\ratis\server\raftlog\memory\MemoryRaftLog.java,171
,MethodCallExpr,org.apache.ratis.proto.RaftProtos.LogEntryProto,getTerm,C:\Users\tyin363\Documents\repos\apache__ratis\ratis-server\src\main\java\org\apache\ratis\server\raftlog\memory\MemoryRaftLog.java,203
org.slf4j:slf4j-api:jar:2.0.7,ClassOrInterfaceType,org.slf4j.Logger,Logger,C:\Users\tyin363\Documents\repos\apache__ratis\ratis-server\src\main\java\org\apache\ratis\server\impl\DataStreamMapImpl.java,33
CLIENT:client-code:N/A:N/A,MethodCallExpr,org.apache.ratis.server.leader.LogAppenderBase,getFollower,C:\Users\tyin363\Documents\repos\apache__ratis\ratis-server\src\main\java\org\apache\ratis\server\leader\LogAppenderDefault.java,128
org.apache.ratis:ratis-server-api:jar:3.1.3,MethodCallExpr,org.apache.ratis.server.leader.FollowerInfo,increaseNextIndex,C:\Users\tyin363\Documents\repos\apache__ratis\ratis-server\src\main\java\org\apache\ratis\server\leader\LogAppenderDefault.java,191
CLIENT:client-code:N/A:N/A,NameExpr,org.apache.ratis.server.impl.PendingRequests.RequestMap,raftServerMetrics,C:\Users\tyin363\Documents\repos\apache__ratis\ratis-server\src\main\java\org\apache\ratis\server\impl\PendingRequests.java,130
CLIENT:client-code:N/A:N/A,ClassOrInterfaceType,org.apache.ratis.server.impl.PendingRequests.Permit,Permit,C:\Users\tyin363\Documents\repos\apache__ratis\ratis-server\src\main\java\org\apache\ratis\server\impl\PendingRequests.java,145
CLIENT:client-code:N/A:N/A,ClassOrInterfaceType,org.apache.ratis.server.impl.PendingRequest,PendingRequest,C:\Users\tyin363\Documents\repos\apache__ratis\ratis-server\src\main\java\org\apache\ratis\server\impl\PendingRequests.java,173
CLIENT:client-code:N/A:N/A,NameExpr,org.apache.ratis.server.raftlog.segmented.SegmentedRaftLogReader,maxOpSize,C:\Users\tyin363\Documents\repos\apache__ratis\ratis-server\src\main\java\org\apache\ratis\server\raftlog\segmented\SegmentedRaftLogReader.java,308
CLIENT:client-code:N/A:N/A,NameExpr,org.apache.ratis.server.impl.PendingRequests.RequestMap,map,C:\Users\tyin363\Documents\repos\apache__ratis\ratis-server\src\main\java\org\apache\ratis\server\impl\PendingRequests.java,197
CLIENT:client-code:N/A:N/A,MethodCallExpr,org.apache.ratis.server.impl.RaftServerImpl,getMemberId,C:\Users\tyin363\Documents\repos\apache__ratis\ratis-server\src\main\java\org\apache\ratis\server\impl\VoteContext.java,50
org.apache.ratis:ratis-server-api:jar:3.1.3,NameExpr,org.apache.ratis.server.leader.LogAppender,LOG,C:\Users\tyin363\Documents\repos\apache__ratis\ratis-server\src\main\java\org\apache\ratis\server\leader\LogAppenderDefault.java,141
,NameExpr,org.apache.ratis.statemachine.impl.TransactionContextImpl,stateMachineLogEntry,C:\Users\tyin363\Documents\repos\apache__ratis\ratis-server\src\main\java\org\apache\ratis\statemachine\impl\TransactionContextImpl.java,154
CLIENT:client-code:N/A:N/A,MethodCallExpr,org.apache.ratis.server.impl.MessageStreamRequests.PendingStream,append,C:\Users\tyin363\Documents\repos\apache__ratis\ratis-server\src\main\java\org\apache\ratis\server\impl\MessageStreamRequests.java,60
CLIENT:client-code:N/A:N/A,MethodCallExpr,org.apache.ratis.server.raftlog.segmented.SegmentedRaftLogFormat,getHeaderLength,C:\Users\tyin363\Documents\repos\apache__ratis\ratis-server\src\main\java\org\apache\ratis\server\raftlog\segmented\SegmentedRaftLogReader.java,172
org.apache.ratis:ratis-common:jar:3.1.3,ClassOrInterfaceType,org.apache.ratis.protocol.RaftPeer,RaftPeer,C:\Users\tyin363\Documents\repos\apache__ratis\ratis-server\src\main\java\org\apache\ratis\server\impl\ConfigurationManager.java,86
JDK:java.base:N/A:N/A,MethodCallExpr,java.util.List,get,C:\Users\tyin363\Documents\repos\apache__ratis\ratis-server\src\main\java\org\apache\ratis\server\raftlog\memory\MemoryRaftLog.java,216
,ClassOrInterfaceType,org.apache.ratis.proto.RaftProtos.InstallSnapshotRequestProto,InstallSnapshotRequestProto,C:\Users\tyin363\Documents\repos\apache__ratis\ratis-server\src\main\java\org\apache\ratis\server\leader\LeaderProtoUtils.java,56
CLIENT:client-code:N/A:N/A,NameExpr,org.apache.ratis.server.storage.FileChunkReader,in,C:\Users\tyin363\Documents\repos\apache__ratis\ratis-server\src\main\java\org\apache\ratis\server\storage\FileChunkReader.java,109
org.slf4j:slf4j-api:jar:2.0.7,MethodCallExpr,org.slf4j.Logger,info,C:\Users\tyin363\Documents\repos\apache__ratis\ratis-server\src\main\java\org\apache\ratis\server\impl\FollowerState.java,122
CLIENT:client-code:N/A:N/A,ClassOrInterfaceType,org.apache.ratis.server.impl.RaftConfigurationImpl,RaftConfigurationImpl,C:\Users\tyin363\Documents\repos\apache__ratis\ratis-server\src\main\java\org\apache\ratis\server\impl\ConfigurationManager.java,47
CLIENT:client-code:N/A:N/A,NameExpr,org.apache.ratis.server.impl.PendingRequests.RequestMap,raftServerMetrics,C:\Users\tyin363\Documents\repos\apache__ratis\ratis-server\src\main\java\org\apache\ratis\server\impl\PendingRequests.java,131
CLIENT:client-code:N/A:N/A,NameExpr,org.apache.ratis.server.impl.PendingRequests.RequestMap,resource,C:\Users\tyin363\Documents\repos\apache__ratis\ratis-server\src\main\java\org\apache\ratis\server\impl\PendingRequests.java,146
CLIENT:client-code:N/A:N/A,MethodCallExpr,org.apache.ratis.server.raftlog.memory.MemoryRaftLog.EntryList,get,C:\Users\tyin363\Documents\repos\apache__ratis\ratis-server\src\main\java\org\apache\ratis\server\raftlog\memory\MemoryRaftLog.java,202
JDK:java.base:N/A:N/A,MethodCallExpr,java.util.Map,clear,C:\Users\tyin363\Documents\repos\apache__ratis\ratis-server\src\main\java\org\apache\ratis\server\impl\MessageStreamRequests.java,76
org.apache.ratis:ratis-common:jar:3.1.3,MethodCallExpr,org.apache.ratis.protocol.RaftGroupMemberId,toString,C:\Users\tyin363\Documents\repos\apache__ratis\ratis-server\src\main\java\org\apache\ratis\server\metrics\RaftLogMetricsBase.java,46
JDK:java.base:N/A:N/A,ClassOrInterfaceType,java.util.concurrent.atomic.AtomicReference,AtomicReference,C:\Users\tyin363\Documents\repos\apache__ratis\ratis-server\src\main\java\org\apache\ratis\server\impl\WriteIndexCache.java,50
org.apache.ratis:ratis-server-api:jar:3.1.3,ClassOrInterfaceType,org.apache.ratis.server.protocol.TermIndex,TermIndex,C:\Users\tyin363\Documents\repos\apache__ratis\ratis-server\src\main\java\org\apache\ratis\server\impl\PendingRequests.java,100
CLIENT:client-code:N/A:N/A,NameExpr,org.apache.ratis.server.raftlog.segmented.SegmentedRaftLogInputStream,startEnd,C:\Users\tyin363\Documents\repos\apache__ratis\ratis-server\src\main\java\org\apache\ratis\server\raftlog\segmented\SegmentedRaftLogInputStream.java,131
